[2026-06-18T11:36:08.958+0000] {processor.py:157} INFO - Started process (PID=14913) to work on /opt/airflow/dags/report_hourly_dag.py
[2026-06-18T11:36:08.959+0000] {processor.py:829} INFO - Processing file /opt/airflow/dags/report_hourly_dag.py for tasks to queue
[2026-06-18T11:36:08.960+0000] {logging_mixin.py:154} INFO - [2026-06-18T11:36:08.960+0000] {dagbag.py:536} INFO - Filling up the DagBag from /opt/airflow/dags/report_hourly_dag.py
[2026-06-18T11:36:08.972+0000] {processor.py:839} INFO - DAG(s) dict_keys(['report_hourly_dag']) retrieved from /opt/airflow/dags/report_hourly_dag.py
[2026-06-18T11:36:09.064+0000] {logging_mixin.py:154} INFO - [2026-06-18T11:36:09.063+0000] {dag.py:2941} INFO - Sync 1 DAGs
[2026-06-18T11:36:09.080+0000] {logging_mixin.py:154} INFO - [2026-06-18T11:36:09.080+0000] {dag.py:3722} INFO - Setting next_dagrun for report_hourly_dag to 2026-06-18T01:58:00+00:00, run_after=2026-06-18T01:59:00+00:00
[2026-06-18T11:36:09.105+0000] {processor.py:179} INFO - Processing /opt/airflow/dags/report_hourly_dag.py took 0.151 seconds
[2026-06-18T11:36:39.312+0000] {processor.py:157} INFO - Started process (PID=14928) to work on /opt/airflow/dags/report_hourly_dag.py
[2026-06-18T11:36:39.313+0000] {processor.py:829} INFO - Processing file /opt/airflow/dags/report_hourly_dag.py for tasks to queue
[2026-06-18T11:36:39.313+0000] {logging_mixin.py:154} INFO - [2026-06-18T11:36:39.313+0000] {dagbag.py:536} INFO - Filling up the DagBag from /opt/airflow/dags/report_hourly_dag.py
[2026-06-18T11:36:39.324+0000] {processor.py:839} INFO - DAG(s) dict_keys(['report_hourly_dag']) retrieved from /opt/airflow/dags/report_hourly_dag.py
[2026-06-18T11:36:39.342+0000] {logging_mixin.py:154} INFO - [2026-06-18T11:36:39.342+0000] {dag.py:2941} INFO - Sync 1 DAGs
[2026-06-18T11:36:39.361+0000] {logging_mixin.py:154} INFO - [2026-06-18T11:36:39.361+0000] {dag.py:3722} INFO - Setting next_dagrun for report_hourly_dag to 2026-06-18T01:58:00+00:00, run_after=2026-06-18T01:59:00+00:00
[2026-06-18T11:36:39.374+0000] {processor.py:179} INFO - Processing /opt/airflow/dags/report_hourly_dag.py took 0.066 seconds
[2026-06-18T11:37:09.573+0000] {processor.py:157} INFO - Started process (PID=14943) to work on /opt/airflow/dags/report_hourly_dag.py
[2026-06-18T11:37:09.577+0000] {processor.py:829} INFO - Processing file /opt/airflow/dags/report_hourly_dag.py for tasks to queue
[2026-06-18T11:37:09.578+0000] {logging_mixin.py:154} INFO - [2026-06-18T11:37:09.577+0000] {dagbag.py:536} INFO - Filling up the DagBag from /opt/airflow/dags/report_hourly_dag.py
[2026-06-18T11:37:09.592+0000] {processor.py:839} INFO - DAG(s) dict_keys(['report_hourly_dag']) retrieved from /opt/airflow/dags/report_hourly_dag.py
[2026-06-18T11:37:09.613+0000] {logging_mixin.py:154} INFO - [2026-06-18T11:37:09.613+0000] {dag.py:2941} INFO - Sync 1 DAGs
[2026-06-18T11:37:09.634+0000] {logging_mixin.py:154} INFO - [2026-06-18T11:37:09.634+0000] {dag.py:3722} INFO - Setting next_dagrun for report_hourly_dag to 2026-06-18T01:58:00+00:00, run_after=2026-06-18T01:59:00+00:00
[2026-06-18T11:37:09.649+0000] {processor.py:179} INFO - Processing /opt/airflow/dags/report_hourly_dag.py took 0.079 seconds
[2026-06-18T11:37:39.853+0000] {processor.py:157} INFO - Started process (PID=14958) to work on /opt/airflow/dags/report_hourly_dag.py
[2026-06-18T11:37:39.854+0000] {processor.py:829} INFO - Processing file /opt/airflow/dags/report_hourly_dag.py for tasks to queue
[2026-06-18T11:37:39.855+0000] {logging_mixin.py:154} INFO - [2026-06-18T11:37:39.854+0000] {dagbag.py:536} INFO - Filling up the DagBag from /opt/airflow/dags/report_hourly_dag.py
[2026-06-18T11:37:39.865+0000] {processor.py:839} INFO - DAG(s) dict_keys(['report_hourly_dag']) retrieved from /opt/airflow/dags/report_hourly_dag.py
[2026-06-18T11:37:39.884+0000] {logging_mixin.py:154} INFO - [2026-06-18T11:37:39.884+0000] {dag.py:2941} INFO - Sync 1 DAGs
[2026-06-18T11:37:39.905+0000] {logging_mixin.py:154} INFO - [2026-06-18T11:37:39.905+0000] {dag.py:3722} INFO - Setting next_dagrun for report_hourly_dag to 2026-06-18T01:58:00+00:00, run_after=2026-06-18T01:59:00+00:00
[2026-06-18T11:37:39.919+0000] {processor.py:179} INFO - Processing /opt/airflow/dags/report_hourly_dag.py took 0.070 seconds
[2026-06-18T11:38:10.133+0000] {processor.py:157} INFO - Started process (PID=14973) to work on /opt/airflow/dags/report_hourly_dag.py
[2026-06-18T11:38:10.134+0000] {processor.py:829} INFO - Processing file /opt/airflow/dags/report_hourly_dag.py for tasks to queue
[2026-06-18T11:38:10.135+0000] {logging_mixin.py:154} INFO - [2026-06-18T11:38:10.135+0000] {dagbag.py:536} INFO - Filling up the DagBag from /opt/airflow/dags/report_hourly_dag.py
[2026-06-18T11:38:10.145+0000] {processor.py:839} INFO - DAG(s) dict_keys(['report_hourly_dag']) retrieved from /opt/airflow/dags/report_hourly_dag.py
[2026-06-18T11:38:10.162+0000] {logging_mixin.py:154} INFO - [2026-06-18T11:38:10.162+0000] {dag.py:2941} INFO - Sync 1 DAGs
[2026-06-18T11:38:10.182+0000] {logging_mixin.py:154} INFO - [2026-06-18T11:38:10.182+0000] {dag.py:3722} INFO - Setting next_dagrun for report_hourly_dag to 2026-06-18T01:58:00+00:00, run_after=2026-06-18T01:59:00+00:00
[2026-06-18T11:38:10.195+0000] {processor.py:179} INFO - Processing /opt/airflow/dags/report_hourly_dag.py took 0.067 seconds
[2026-06-18T11:38:40.353+0000] {processor.py:157} INFO - Started process (PID=14988) to work on /opt/airflow/dags/report_hourly_dag.py
[2026-06-18T11:38:40.354+0000] {processor.py:829} INFO - Processing file /opt/airflow/dags/report_hourly_dag.py for tasks to queue
[2026-06-18T11:38:40.354+0000] {logging_mixin.py:154} INFO - [2026-06-18T11:38:40.354+0000] {dagbag.py:536} INFO - Filling up the DagBag from /opt/airflow/dags/report_hourly_dag.py
[2026-06-18T11:38:40.363+0000] {processor.py:839} INFO - DAG(s) dict_keys(['report_hourly_dag']) retrieved from /opt/airflow/dags/report_hourly_dag.py
[2026-06-18T11:38:40.383+0000] {logging_mixin.py:154} INFO - [2026-06-18T11:38:40.383+0000] {dag.py:2941} INFO - Sync 1 DAGs
[2026-06-18T11:38:40.403+0000] {logging_mixin.py:154} INFO - [2026-06-18T11:38:40.402+0000] {dag.py:3722} INFO - Setting next_dagrun for report_hourly_dag to 2026-06-18T01:58:00+00:00, run_after=2026-06-18T01:59:00+00:00
[2026-06-18T11:38:40.428+0000] {processor.py:179} INFO - Processing /opt/airflow/dags/report_hourly_dag.py took 0.077 seconds
[2026-06-18T11:39:10.614+0000] {processor.py:157} INFO - Started process (PID=15003) to work on /opt/airflow/dags/report_hourly_dag.py
[2026-06-18T11:39:10.615+0000] {processor.py:829} INFO - Processing file /opt/airflow/dags/report_hourly_dag.py for tasks to queue
[2026-06-18T11:39:10.616+0000] {logging_mixin.py:154} INFO - [2026-06-18T11:39:10.615+0000] {dagbag.py:536} INFO - Filling up the DagBag from /opt/airflow/dags/report_hourly_dag.py
[2026-06-18T11:39:10.628+0000] {processor.py:839} INFO - DAG(s) dict_keys(['report_hourly_dag']) retrieved from /opt/airflow/dags/report_hourly_dag.py
[2026-06-18T11:39:10.650+0000] {logging_mixin.py:154} INFO - [2026-06-18T11:39:10.650+0000] {dag.py:2941} INFO - Sync 1 DAGs
[2026-06-18T11:39:10.677+0000] {logging_mixin.py:154} INFO - [2026-06-18T11:39:10.677+0000] {dag.py:3722} INFO - Setting next_dagrun for report_hourly_dag to 2026-06-18T01:58:00+00:00, run_after=2026-06-18T01:59:00+00:00
[2026-06-18T11:39:10.691+0000] {processor.py:179} INFO - Processing /opt/airflow/dags/report_hourly_dag.py took 0.081 seconds
[2026-06-18T11:39:40.866+0000] {processor.py:157} INFO - Started process (PID=15018) to work on /opt/airflow/dags/report_hourly_dag.py
[2026-06-18T11:39:40.866+0000] {processor.py:829} INFO - Processing file /opt/airflow/dags/report_hourly_dag.py for tasks to queue
[2026-06-18T11:39:40.867+0000] {logging_mixin.py:154} INFO - [2026-06-18T11:39:40.867+0000] {dagbag.py:536} INFO - Filling up the DagBag from /opt/airflow/dags/report_hourly_dag.py
[2026-06-18T11:39:40.878+0000] {processor.py:839} INFO - DAG(s) dict_keys(['report_hourly_dag']) retrieved from /opt/airflow/dags/report_hourly_dag.py
[2026-06-18T11:39:40.896+0000] {logging_mixin.py:154} INFO - [2026-06-18T11:39:40.896+0000] {dag.py:2941} INFO - Sync 1 DAGs
[2026-06-18T11:39:40.918+0000] {logging_mixin.py:154} INFO - [2026-06-18T11:39:40.918+0000] {dag.py:3722} INFO - Setting next_dagrun for report_hourly_dag to 2026-06-18T01:58:00+00:00, run_after=2026-06-18T01:59:00+00:00
[2026-06-18T11:39:40.932+0000] {processor.py:179} INFO - Processing /opt/airflow/dags/report_hourly_dag.py took 0.070 seconds
[2026-06-18T11:40:11.112+0000] {processor.py:157} INFO - Started process (PID=15033) to work on /opt/airflow/dags/report_hourly_dag.py
[2026-06-18T11:40:11.113+0000] {processor.py:829} INFO - Processing file /opt/airflow/dags/report_hourly_dag.py for tasks to queue
[2026-06-18T11:40:11.114+0000] {logging_mixin.py:154} INFO - [2026-06-18T11:40:11.114+0000] {dagbag.py:536} INFO - Filling up the DagBag from /opt/airflow/dags/report_hourly_dag.py
[2026-06-18T11:40:11.122+0000] {processor.py:839} INFO - DAG(s) dict_keys(['report_hourly_dag']) retrieved from /opt/airflow/dags/report_hourly_dag.py
[2026-06-18T11:40:11.144+0000] {logging_mixin.py:154} INFO - [2026-06-18T11:40:11.144+0000] {dag.py:2941} INFO - Sync 1 DAGs
[2026-06-18T11:40:11.165+0000] {logging_mixin.py:154} INFO - [2026-06-18T11:40:11.165+0000] {dag.py:3722} INFO - Setting next_dagrun for report_hourly_dag to 2026-06-18T01:58:00+00:00, run_after=2026-06-18T01:59:00+00:00
[2026-06-18T11:40:11.182+0000] {processor.py:179} INFO - Processing /opt/airflow/dags/report_hourly_dag.py took 0.075 seconds
[2026-06-18T11:40:41.354+0000] {processor.py:157} INFO - Started process (PID=15048) to work on /opt/airflow/dags/report_hourly_dag.py
[2026-06-18T11:40:41.355+0000] {processor.py:829} INFO - Processing file /opt/airflow/dags/report_hourly_dag.py for tasks to queue
[2026-06-18T11:40:41.355+0000] {logging_mixin.py:154} INFO - [2026-06-18T11:40:41.355+0000] {dagbag.py:536} INFO - Filling up the DagBag from /opt/airflow/dags/report_hourly_dag.py
[2026-06-18T11:40:41.364+0000] {processor.py:839} INFO - DAG(s) dict_keys(['report_hourly_dag']) retrieved from /opt/airflow/dags/report_hourly_dag.py
[2026-06-18T11:40:41.381+0000] {logging_mixin.py:154} INFO - [2026-06-18T11:40:41.381+0000] {dag.py:2941} INFO - Sync 1 DAGs
[2026-06-18T11:40:41.399+0000] {logging_mixin.py:154} INFO - [2026-06-18T11:40:41.399+0000] {dag.py:3722} INFO - Setting next_dagrun for report_hourly_dag to 2026-06-18T01:58:00+00:00, run_after=2026-06-18T01:59:00+00:00
[2026-06-18T11:40:41.412+0000] {processor.py:179} INFO - Processing /opt/airflow/dags/report_hourly_dag.py took 0.060 seconds
[2026-06-18T11:41:11.629+0000] {processor.py:157} INFO - Started process (PID=15063) to work on /opt/airflow/dags/report_hourly_dag.py
[2026-06-18T11:41:11.632+0000] {processor.py:829} INFO - Processing file /opt/airflow/dags/report_hourly_dag.py for tasks to queue
[2026-06-18T11:41:11.633+0000] {logging_mixin.py:154} INFO - [2026-06-18T11:41:11.633+0000] {dagbag.py:536} INFO - Filling up the DagBag from /opt/airflow/dags/report_hourly_dag.py
[2026-06-18T11:41:11.643+0000] {processor.py:839} INFO - DAG(s) dict_keys(['report_hourly_dag']) retrieved from /opt/airflow/dags/report_hourly_dag.py
[2026-06-18T11:41:11.661+0000] {logging_mixin.py:154} INFO - [2026-06-18T11:41:11.660+0000] {dag.py:2941} INFO - Sync 1 DAGs
[2026-06-18T11:41:11.680+0000] {logging_mixin.py:154} INFO - [2026-06-18T11:41:11.680+0000] {dag.py:3722} INFO - Setting next_dagrun for report_hourly_dag to 2026-06-18T01:58:00+00:00, run_after=2026-06-18T01:59:00+00:00
[2026-06-18T11:41:11.694+0000] {processor.py:179} INFO - Processing /opt/airflow/dags/report_hourly_dag.py took 0.069 seconds
[2026-06-18T11:41:41.879+0000] {processor.py:157} INFO - Started process (PID=15078) to work on /opt/airflow/dags/report_hourly_dag.py
[2026-06-18T11:41:41.879+0000] {processor.py:829} INFO - Processing file /opt/airflow/dags/report_hourly_dag.py for tasks to queue
[2026-06-18T11:41:41.880+0000] {logging_mixin.py:154} INFO - [2026-06-18T11:41:41.880+0000] {dagbag.py:536} INFO - Filling up the DagBag from /opt/airflow/dags/report_hourly_dag.py
[2026-06-18T11:41:41.890+0000] {processor.py:839} INFO - DAG(s) dict_keys(['report_hourly_dag']) retrieved from /opt/airflow/dags/report_hourly_dag.py
[2026-06-18T11:41:41.911+0000] {logging_mixin.py:154} INFO - [2026-06-18T11:41:41.910+0000] {dag.py:2941} INFO - Sync 1 DAGs
[2026-06-18T11:41:41.931+0000] {logging_mixin.py:154} INFO - [2026-06-18T11:41:41.931+0000] {dag.py:3722} INFO - Setting next_dagrun for report_hourly_dag to 2026-06-18T01:58:00+00:00, run_after=2026-06-18T01:59:00+00:00
[2026-06-18T11:41:41.947+0000] {processor.py:179} INFO - Processing /opt/airflow/dags/report_hourly_dag.py took 0.071 seconds
[2026-06-18T11:42:12.167+0000] {processor.py:157} INFO - Started process (PID=15093) to work on /opt/airflow/dags/report_hourly_dag.py
[2026-06-18T11:42:12.170+0000] {processor.py:829} INFO - Processing file /opt/airflow/dags/report_hourly_dag.py for tasks to queue
[2026-06-18T11:42:12.171+0000] {logging_mixin.py:154} INFO - [2026-06-18T11:42:12.171+0000] {dagbag.py:536} INFO - Filling up the DagBag from /opt/airflow/dags/report_hourly_dag.py
[2026-06-18T11:42:12.182+0000] {processor.py:839} INFO - DAG(s) dict_keys(['report_hourly_dag']) retrieved from /opt/airflow/dags/report_hourly_dag.py
[2026-06-18T11:42:12.200+0000] {logging_mixin.py:154} INFO - [2026-06-18T11:42:12.200+0000] {dag.py:2941} INFO - Sync 1 DAGs
[2026-06-18T11:42:12.221+0000] {logging_mixin.py:154} INFO - [2026-06-18T11:42:12.220+0000] {dag.py:3722} INFO - Setting next_dagrun for report_hourly_dag to 2026-06-18T01:58:00+00:00, run_after=2026-06-18T01:59:00+00:00
[2026-06-18T11:42:12.234+0000] {processor.py:179} INFO - Processing /opt/airflow/dags/report_hourly_dag.py took 0.070 seconds
[2026-06-18T11:42:42.405+0000] {processor.py:157} INFO - Started process (PID=15108) to work on /opt/airflow/dags/report_hourly_dag.py
[2026-06-18T11:42:42.406+0000] {processor.py:829} INFO - Processing file /opt/airflow/dags/report_hourly_dag.py for tasks to queue
[2026-06-18T11:42:42.407+0000] {logging_mixin.py:154} INFO - [2026-06-18T11:42:42.407+0000] {dagbag.py:536} INFO - Filling up the DagBag from /opt/airflow/dags/report_hourly_dag.py
[2026-06-18T11:42:42.416+0000] {processor.py:839} INFO - DAG(s) dict_keys(['report_hourly_dag']) retrieved from /opt/airflow/dags/report_hourly_dag.py
[2026-06-18T11:42:42.437+0000] {logging_mixin.py:154} INFO - [2026-06-18T11:42:42.436+0000] {dag.py:2941} INFO - Sync 1 DAGs
[2026-06-18T11:42:42.458+0000] {logging_mixin.py:154} INFO - [2026-06-18T11:42:42.457+0000] {dag.py:3722} INFO - Setting next_dagrun for report_hourly_dag to 2026-06-18T01:58:00+00:00, run_after=2026-06-18T01:59:00+00:00
[2026-06-18T11:42:42.471+0000] {processor.py:179} INFO - Processing /opt/airflow/dags/report_hourly_dag.py took 0.069 seconds
[2026-06-18T11:43:12.644+0000] {processor.py:157} INFO - Started process (PID=15123) to work on /opt/airflow/dags/report_hourly_dag.py
[2026-06-18T11:43:12.645+0000] {processor.py:829} INFO - Processing file /opt/airflow/dags/report_hourly_dag.py for tasks to queue
[2026-06-18T11:43:12.646+0000] {logging_mixin.py:154} INFO - [2026-06-18T11:43:12.646+0000] {dagbag.py:536} INFO - Filling up the DagBag from /opt/airflow/dags/report_hourly_dag.py
[2026-06-18T11:43:12.655+0000] {processor.py:839} INFO - DAG(s) dict_keys(['report_hourly_dag']) retrieved from /opt/airflow/dags/report_hourly_dag.py
[2026-06-18T11:43:12.677+0000] {logging_mixin.py:154} INFO - [2026-06-18T11:43:12.676+0000] {dag.py:2941} INFO - Sync 1 DAGs
[2026-06-18T11:43:12.708+0000] {logging_mixin.py:154} INFO - [2026-06-18T11:43:12.708+0000] {dag.py:3722} INFO - Setting next_dagrun for report_hourly_dag to 2026-06-18T01:58:00+00:00, run_after=2026-06-18T01:59:00+00:00
[2026-06-18T11:43:12.730+0000] {processor.py:179} INFO - Processing /opt/airflow/dags/report_hourly_dag.py took 0.089 seconds
[2026-06-18T11:43:42.948+0000] {processor.py:157} INFO - Started process (PID=15138) to work on /opt/airflow/dags/report_hourly_dag.py
[2026-06-18T11:43:42.949+0000] {processor.py:829} INFO - Processing file /opt/airflow/dags/report_hourly_dag.py for tasks to queue
[2026-06-18T11:43:42.950+0000] {logging_mixin.py:154} INFO - [2026-06-18T11:43:42.950+0000] {dagbag.py:536} INFO - Filling up the DagBag from /opt/airflow/dags/report_hourly_dag.py
[2026-06-18T11:43:42.959+0000] {processor.py:839} INFO - DAG(s) dict_keys(['report_hourly_dag']) retrieved from /opt/airflow/dags/report_hourly_dag.py
[2026-06-18T11:43:42.977+0000] {logging_mixin.py:154} INFO - [2026-06-18T11:43:42.977+0000] {dag.py:2941} INFO - Sync 1 DAGs
[2026-06-18T11:43:42.997+0000] {logging_mixin.py:154} INFO - [2026-06-18T11:43:42.997+0000] {dag.py:3722} INFO - Setting next_dagrun for report_hourly_dag to 2026-06-18T01:58:00+00:00, run_after=2026-06-18T01:59:00+00:00
[2026-06-18T11:43:43.012+0000] {processor.py:179} INFO - Processing /opt/airflow/dags/report_hourly_dag.py took 0.067 seconds
[2026-06-18T11:44:13.218+0000] {processor.py:157} INFO - Started process (PID=15153) to work on /opt/airflow/dags/report_hourly_dag.py
[2026-06-18T11:44:13.222+0000] {processor.py:829} INFO - Processing file /opt/airflow/dags/report_hourly_dag.py for tasks to queue
[2026-06-18T11:44:13.223+0000] {logging_mixin.py:154} INFO - [2026-06-18T11:44:13.223+0000] {dagbag.py:536} INFO - Filling up the DagBag from /opt/airflow/dags/report_hourly_dag.py
[2026-06-18T11:44:13.233+0000] {processor.py:839} INFO - DAG(s) dict_keys(['report_hourly_dag']) retrieved from /opt/airflow/dags/report_hourly_dag.py
[2026-06-18T11:44:13.251+0000] {logging_mixin.py:154} INFO - [2026-06-18T11:44:13.251+0000] {dag.py:2941} INFO - Sync 1 DAGs
[2026-06-18T11:44:13.271+0000] {logging_mixin.py:154} INFO - [2026-06-18T11:44:13.271+0000] {dag.py:3722} INFO - Setting next_dagrun for report_hourly_dag to 2026-06-18T01:58:00+00:00, run_after=2026-06-18T01:59:00+00:00
[2026-06-18T11:44:13.286+0000] {processor.py:179} INFO - Processing /opt/airflow/dags/report_hourly_dag.py took 0.072 seconds
[2026-06-18T11:44:43.466+0000] {processor.py:157} INFO - Started process (PID=15168) to work on /opt/airflow/dags/report_hourly_dag.py
[2026-06-18T11:44:43.467+0000] {processor.py:829} INFO - Processing file /opt/airflow/dags/report_hourly_dag.py for tasks to queue
[2026-06-18T11:44:43.468+0000] {logging_mixin.py:154} INFO - [2026-06-18T11:44:43.468+0000] {dagbag.py:536} INFO - Filling up the DagBag from /opt/airflow/dags/report_hourly_dag.py
[2026-06-18T11:44:43.479+0000] {processor.py:839} INFO - DAG(s) dict_keys(['report_hourly_dag']) retrieved from /opt/airflow/dags/report_hourly_dag.py
[2026-06-18T11:44:43.497+0000] {logging_mixin.py:154} INFO - [2026-06-18T11:44:43.497+0000] {dag.py:2941} INFO - Sync 1 DAGs
[2026-06-18T11:44:43.516+0000] {logging_mixin.py:154} INFO - [2026-06-18T11:44:43.516+0000] {dag.py:3722} INFO - Setting next_dagrun for report_hourly_dag to 2026-06-18T01:58:00+00:00, run_after=2026-06-18T01:59:00+00:00
[2026-06-18T11:44:43.531+0000] {processor.py:179} INFO - Processing /opt/airflow/dags/report_hourly_dag.py took 0.069 seconds
[2026-06-18T11:45:13.719+0000] {processor.py:157} INFO - Started process (PID=15183) to work on /opt/airflow/dags/report_hourly_dag.py
[2026-06-18T11:45:13.722+0000] {processor.py:829} INFO - Processing file /opt/airflow/dags/report_hourly_dag.py for tasks to queue
[2026-06-18T11:45:13.723+0000] {logging_mixin.py:154} INFO - [2026-06-18T11:45:13.723+0000] {dagbag.py:536} INFO - Filling up the DagBag from /opt/airflow/dags/report_hourly_dag.py
[2026-06-18T11:45:13.734+0000] {processor.py:839} INFO - DAG(s) dict_keys(['report_hourly_dag']) retrieved from /opt/airflow/dags/report_hourly_dag.py
[2026-06-18T11:45:13.751+0000] {logging_mixin.py:154} INFO - [2026-06-18T11:45:13.751+0000] {dag.py:2941} INFO - Sync 1 DAGs
[2026-06-18T11:45:13.770+0000] {logging_mixin.py:154} INFO - [2026-06-18T11:45:13.770+0000] {dag.py:3722} INFO - Setting next_dagrun for report_hourly_dag to 2026-06-18T01:58:00+00:00, run_after=2026-06-18T01:59:00+00:00
[2026-06-18T11:45:13.788+0000] {processor.py:179} INFO - Processing /opt/airflow/dags/report_hourly_dag.py took 0.073 seconds
[2026-06-18T11:45:43.983+0000] {processor.py:157} INFO - Started process (PID=15198) to work on /opt/airflow/dags/report_hourly_dag.py
[2026-06-18T11:45:43.984+0000] {processor.py:829} INFO - Processing file /opt/airflow/dags/report_hourly_dag.py for tasks to queue
[2026-06-18T11:45:43.985+0000] {logging_mixin.py:154} INFO - [2026-06-18T11:45:43.985+0000] {dagbag.py:536} INFO - Filling up the DagBag from /opt/airflow/dags/report_hourly_dag.py
[2026-06-18T11:45:43.997+0000] {processor.py:839} INFO - DAG(s) dict_keys(['report_hourly_dag']) retrieved from /opt/airflow/dags/report_hourly_dag.py
[2026-06-18T11:45:44.016+0000] {logging_mixin.py:154} INFO - [2026-06-18T11:45:44.016+0000] {dag.py:2941} INFO - Sync 1 DAGs
[2026-06-18T11:45:44.035+0000] {logging_mixin.py:154} INFO - [2026-06-18T11:45:44.035+0000] {dag.py:3722} INFO - Setting next_dagrun for report_hourly_dag to 2026-06-18T01:58:00+00:00, run_after=2026-06-18T01:59:00+00:00
[2026-06-18T11:45:44.053+0000] {processor.py:179} INFO - Processing /opt/airflow/dags/report_hourly_dag.py took 0.074 seconds
[2026-06-18T11:46:14.292+0000] {processor.py:157} INFO - Started process (PID=15213) to work on /opt/airflow/dags/report_hourly_dag.py
[2026-06-18T11:46:14.295+0000] {processor.py:829} INFO - Processing file /opt/airflow/dags/report_hourly_dag.py for tasks to queue
[2026-06-18T11:46:14.296+0000] {logging_mixin.py:154} INFO - [2026-06-18T11:46:14.295+0000] {dagbag.py:536} INFO - Filling up the DagBag from /opt/airflow/dags/report_hourly_dag.py
[2026-06-18T11:46:14.309+0000] {processor.py:839} INFO - DAG(s) dict_keys(['report_hourly_dag']) retrieved from /opt/airflow/dags/report_hourly_dag.py
[2026-06-18T11:46:14.333+0000] {logging_mixin.py:154} INFO - [2026-06-18T11:46:14.333+0000] {dag.py:2941} INFO - Sync 1 DAGs
[2026-06-18T11:46:14.358+0000] {logging_mixin.py:154} INFO - [2026-06-18T11:46:14.358+0000] {dag.py:3722} INFO - Setting next_dagrun for report_hourly_dag to 2026-06-18T01:58:00+00:00, run_after=2026-06-18T01:59:00+00:00
[2026-06-18T11:46:14.375+0000] {processor.py:179} INFO - Processing /opt/airflow/dags/report_hourly_dag.py took 0.086 seconds
[2026-06-18T11:46:44.526+0000] {processor.py:157} INFO - Started process (PID=15228) to work on /opt/airflow/dags/report_hourly_dag.py
[2026-06-18T11:46:44.527+0000] {processor.py:829} INFO - Processing file /opt/airflow/dags/report_hourly_dag.py for tasks to queue
[2026-06-18T11:46:44.527+0000] {logging_mixin.py:154} INFO - [2026-06-18T11:46:44.527+0000] {dagbag.py:536} INFO - Filling up the DagBag from /opt/airflow/dags/report_hourly_dag.py
[2026-06-18T11:46:44.536+0000] {processor.py:839} INFO - DAG(s) dict_keys(['report_hourly_dag']) retrieved from /opt/airflow/dags/report_hourly_dag.py
[2026-06-18T11:46:44.553+0000] {logging_mixin.py:154} INFO - [2026-06-18T11:46:44.553+0000] {dag.py:2941} INFO - Sync 1 DAGs
[2026-06-18T11:46:44.571+0000] {logging_mixin.py:154} INFO - [2026-06-18T11:46:44.571+0000] {dag.py:3722} INFO - Setting next_dagrun for report_hourly_dag to 2026-06-18T01:58:00+00:00, run_after=2026-06-18T01:59:00+00:00
[2026-06-18T11:46:44.586+0000] {processor.py:179} INFO - Processing /opt/airflow/dags/report_hourly_dag.py took 0.064 seconds
[2026-06-18T11:47:14.780+0000] {processor.py:157} INFO - Started process (PID=15243) to work on /opt/airflow/dags/report_hourly_dag.py
[2026-06-18T11:47:14.783+0000] {processor.py:829} INFO - Processing file /opt/airflow/dags/report_hourly_dag.py for tasks to queue
[2026-06-18T11:47:14.783+0000] {logging_mixin.py:154} INFO - [2026-06-18T11:47:14.783+0000] {dagbag.py:536} INFO - Filling up the DagBag from /opt/airflow/dags/report_hourly_dag.py
[2026-06-18T11:47:14.793+0000] {processor.py:839} INFO - DAG(s) dict_keys(['report_hourly_dag']) retrieved from /opt/airflow/dags/report_hourly_dag.py
[2026-06-18T11:47:14.816+0000] {logging_mixin.py:154} INFO - [2026-06-18T11:47:14.816+0000] {dag.py:2941} INFO - Sync 1 DAGs
[2026-06-18T11:47:14.843+0000] {logging_mixin.py:154} INFO - [2026-06-18T11:47:14.843+0000] {dag.py:3722} INFO - Setting next_dagrun for report_hourly_dag to 2026-06-18T01:58:00+00:00, run_after=2026-06-18T01:59:00+00:00
[2026-06-18T11:47:14.862+0000] {processor.py:179} INFO - Processing /opt/airflow/dags/report_hourly_dag.py took 0.086 seconds
[2026-06-18T11:47:45.099+0000] {processor.py:157} INFO - Started process (PID=15258) to work on /opt/airflow/dags/report_hourly_dag.py
[2026-06-18T11:47:45.100+0000] {processor.py:829} INFO - Processing file /opt/airflow/dags/report_hourly_dag.py for tasks to queue
[2026-06-18T11:47:45.101+0000] {logging_mixin.py:154} INFO - [2026-06-18T11:47:45.101+0000] {dagbag.py:536} INFO - Filling up the DagBag from /opt/airflow/dags/report_hourly_dag.py
[2026-06-18T11:47:45.114+0000] {processor.py:839} INFO - DAG(s) dict_keys(['report_hourly_dag']) retrieved from /opt/airflow/dags/report_hourly_dag.py
[2026-06-18T11:47:45.143+0000] {logging_mixin.py:154} INFO - [2026-06-18T11:47:45.143+0000] {dag.py:2941} INFO - Sync 1 DAGs
[2026-06-18T11:47:45.172+0000] {logging_mixin.py:154} INFO - [2026-06-18T11:47:45.172+0000] {dag.py:3722} INFO - Setting next_dagrun for report_hourly_dag to 2026-06-18T01:58:00+00:00, run_after=2026-06-18T01:59:00+00:00
[2026-06-18T11:47:45.191+0000] {processor.py:179} INFO - Processing /opt/airflow/dags/report_hourly_dag.py took 0.102 seconds
[2026-06-18T11:48:15.486+0000] {processor.py:157} INFO - Started process (PID=15273) to work on /opt/airflow/dags/report_hourly_dag.py
[2026-06-18T11:48:15.488+0000] {processor.py:829} INFO - Processing file /opt/airflow/dags/report_hourly_dag.py for tasks to queue
[2026-06-18T11:48:15.490+0000] {logging_mixin.py:154} INFO - [2026-06-18T11:48:15.489+0000] {dagbag.py:536} INFO - Filling up the DagBag from /opt/airflow/dags/report_hourly_dag.py
[2026-06-18T11:48:15.512+0000] {processor.py:839} INFO - DAG(s) dict_keys(['report_hourly_dag']) retrieved from /opt/airflow/dags/report_hourly_dag.py
[2026-06-18T11:48:15.555+0000] {logging_mixin.py:154} INFO - [2026-06-18T11:48:15.554+0000] {dag.py:2941} INFO - Sync 1 DAGs
[2026-06-18T11:48:15.683+0000] {logging_mixin.py:154} INFO - [2026-06-18T11:48:15.683+0000] {dag.py:3722} INFO - Setting next_dagrun for report_hourly_dag to 2026-06-18T01:58:00+00:00, run_after=2026-06-18T01:59:00+00:00
[2026-06-18T11:48:15.699+0000] {processor.py:179} INFO - Processing /opt/airflow/dags/report_hourly_dag.py took 0.222 seconds
[2026-06-18T11:48:45.979+0000] {processor.py:157} INFO - Started process (PID=15288) to work on /opt/airflow/dags/report_hourly_dag.py
[2026-06-18T11:48:45.980+0000] {processor.py:829} INFO - Processing file /opt/airflow/dags/report_hourly_dag.py for tasks to queue
[2026-06-18T11:48:45.981+0000] {logging_mixin.py:154} INFO - [2026-06-18T11:48:45.981+0000] {dagbag.py:536} INFO - Filling up the DagBag from /opt/airflow/dags/report_hourly_dag.py
[2026-06-18T11:48:45.998+0000] {processor.py:839} INFO - DAG(s) dict_keys(['report_hourly_dag']) retrieved from /opt/airflow/dags/report_hourly_dag.py
[2026-06-18T11:48:46.019+0000] {logging_mixin.py:154} INFO - [2026-06-18T11:48:46.019+0000] {dag.py:2941} INFO - Sync 1 DAGs
[2026-06-18T11:48:46.042+0000] {logging_mixin.py:154} INFO - [2026-06-18T11:48:46.042+0000] {dag.py:3722} INFO - Setting next_dagrun for report_hourly_dag to 2026-06-18T01:58:00+00:00, run_after=2026-06-18T01:59:00+00:00
[2026-06-18T11:48:46.061+0000] {processor.py:179} INFO - Processing /opt/airflow/dags/report_hourly_dag.py took 0.088 seconds
[2026-06-18T11:49:16.289+0000] {processor.py:157} INFO - Started process (PID=15303) to work on /opt/airflow/dags/report_hourly_dag.py
[2026-06-18T11:49:16.294+0000] {processor.py:829} INFO - Processing file /opt/airflow/dags/report_hourly_dag.py for tasks to queue
[2026-06-18T11:49:16.296+0000] {logging_mixin.py:154} INFO - [2026-06-18T11:49:16.295+0000] {dagbag.py:536} INFO - Filling up the DagBag from /opt/airflow/dags/report_hourly_dag.py
[2026-06-18T11:49:16.315+0000] {processor.py:839} INFO - DAG(s) dict_keys(['report_hourly_dag']) retrieved from /opt/airflow/dags/report_hourly_dag.py
[2026-06-18T11:49:16.338+0000] {logging_mixin.py:154} INFO - [2026-06-18T11:49:16.338+0000] {dag.py:2941} INFO - Sync 1 DAGs
[2026-06-18T11:49:16.362+0000] {logging_mixin.py:154} INFO - [2026-06-18T11:49:16.362+0000] {dag.py:3722} INFO - Setting next_dagrun for report_hourly_dag to 2026-06-18T01:58:00+00:00, run_after=2026-06-18T01:59:00+00:00
[2026-06-18T11:49:16.377+0000] {processor.py:179} INFO - Processing /opt/airflow/dags/report_hourly_dag.py took 0.091 seconds
[2026-06-18T11:49:46.587+0000] {processor.py:157} INFO - Started process (PID=15318) to work on /opt/airflow/dags/report_hourly_dag.py
[2026-06-18T11:49:46.588+0000] {processor.py:829} INFO - Processing file /opt/airflow/dags/report_hourly_dag.py for tasks to queue
[2026-06-18T11:49:46.588+0000] {logging_mixin.py:154} INFO - [2026-06-18T11:49:46.588+0000] {dagbag.py:536} INFO - Filling up the DagBag from /opt/airflow/dags/report_hourly_dag.py
[2026-06-18T11:49:46.598+0000] {processor.py:839} INFO - DAG(s) dict_keys(['report_hourly_dag']) retrieved from /opt/airflow/dags/report_hourly_dag.py
[2026-06-18T11:49:46.615+0000] {logging_mixin.py:154} INFO - [2026-06-18T11:49:46.614+0000] {dag.py:2941} INFO - Sync 1 DAGs
[2026-06-18T11:49:46.634+0000] {logging_mixin.py:154} INFO - [2026-06-18T11:49:46.634+0000] {dag.py:3722} INFO - Setting next_dagrun for report_hourly_dag to 2026-06-18T01:58:00+00:00, run_after=2026-06-18T01:59:00+00:00
[2026-06-18T11:49:46.648+0000] {processor.py:179} INFO - Processing /opt/airflow/dags/report_hourly_dag.py took 0.065 seconds
[2026-06-18T11:50:16.825+0000] {processor.py:157} INFO - Started process (PID=15333) to work on /opt/airflow/dags/report_hourly_dag.py
[2026-06-18T11:50:16.830+0000] {processor.py:829} INFO - Processing file /opt/airflow/dags/report_hourly_dag.py for tasks to queue
[2026-06-18T11:50:16.831+0000] {logging_mixin.py:154} INFO - [2026-06-18T11:50:16.831+0000] {dagbag.py:536} INFO - Filling up the DagBag from /opt/airflow/dags/report_hourly_dag.py
[2026-06-18T11:50:16.840+0000] {processor.py:839} INFO - DAG(s) dict_keys(['report_hourly_dag']) retrieved from /opt/airflow/dags/report_hourly_dag.py
[2026-06-18T11:50:16.862+0000] {logging_mixin.py:154} INFO - [2026-06-18T11:50:16.861+0000] {dag.py:2941} INFO - Sync 1 DAGs
[2026-06-18T11:50:16.889+0000] {logging_mixin.py:154} INFO - [2026-06-18T11:50:16.888+0000] {dag.py:3722} INFO - Setting next_dagrun for report_hourly_dag to 2026-06-18T01:58:00+00:00, run_after=2026-06-18T01:59:00+00:00
[2026-06-18T11:50:16.906+0000] {processor.py:179} INFO - Processing /opt/airflow/dags/report_hourly_dag.py took 0.083 seconds
[2026-06-18T11:50:47.077+0000] {processor.py:157} INFO - Started process (PID=15348) to work on /opt/airflow/dags/report_hourly_dag.py
[2026-06-18T11:50:47.078+0000] {processor.py:829} INFO - Processing file /opt/airflow/dags/report_hourly_dag.py for tasks to queue
[2026-06-18T11:50:47.079+0000] {logging_mixin.py:154} INFO - [2026-06-18T11:50:47.079+0000] {dagbag.py:536} INFO - Filling up the DagBag from /opt/airflow/dags/report_hourly_dag.py
[2026-06-18T11:50:47.089+0000] {processor.py:839} INFO - DAG(s) dict_keys(['report_hourly_dag']) retrieved from /opt/airflow/dags/report_hourly_dag.py
[2026-06-18T11:50:47.111+0000] {logging_mixin.py:154} INFO - [2026-06-18T11:50:47.110+0000] {dag.py:2941} INFO - Sync 1 DAGs
[2026-06-18T11:50:47.134+0000] {logging_mixin.py:154} INFO - [2026-06-18T11:50:47.134+0000] {dag.py:3722} INFO - Setting next_dagrun for report_hourly_dag to 2026-06-18T01:58:00+00:00, run_after=2026-06-18T01:59:00+00:00
[2026-06-18T11:50:47.149+0000] {processor.py:179} INFO - Processing /opt/airflow/dags/report_hourly_dag.py took 0.076 seconds
[2026-06-18T11:51:17.342+0000] {processor.py:157} INFO - Started process (PID=15363) to work on /opt/airflow/dags/report_hourly_dag.py
[2026-06-18T11:51:17.346+0000] {processor.py:829} INFO - Processing file /opt/airflow/dags/report_hourly_dag.py for tasks to queue
[2026-06-18T11:51:17.346+0000] {logging_mixin.py:154} INFO - [2026-06-18T11:51:17.346+0000] {dagbag.py:536} INFO - Filling up the DagBag from /opt/airflow/dags/report_hourly_dag.py
[2026-06-18T11:51:17.357+0000] {processor.py:839} INFO - DAG(s) dict_keys(['report_hourly_dag']) retrieved from /opt/airflow/dags/report_hourly_dag.py
[2026-06-18T11:51:17.377+0000] {logging_mixin.py:154} INFO - [2026-06-18T11:51:17.377+0000] {dag.py:2941} INFO - Sync 1 DAGs
[2026-06-18T11:51:17.397+0000] {logging_mixin.py:154} INFO - [2026-06-18T11:51:17.397+0000] {dag.py:3722} INFO - Setting next_dagrun for report_hourly_dag to 2026-06-18T01:58:00+00:00, run_after=2026-06-18T01:59:00+00:00
[2026-06-18T11:51:17.410+0000] {processor.py:179} INFO - Processing /opt/airflow/dags/report_hourly_dag.py took 0.071 seconds
[2026-06-18T11:51:47.587+0000] {processor.py:157} INFO - Started process (PID=15378) to work on /opt/airflow/dags/report_hourly_dag.py
[2026-06-18T11:51:47.588+0000] {processor.py:829} INFO - Processing file /opt/airflow/dags/report_hourly_dag.py for tasks to queue
[2026-06-18T11:51:47.588+0000] {logging_mixin.py:154} INFO - [2026-06-18T11:51:47.588+0000] {dagbag.py:536} INFO - Filling up the DagBag from /opt/airflow/dags/report_hourly_dag.py
[2026-06-18T11:51:47.597+0000] {processor.py:839} INFO - DAG(s) dict_keys(['report_hourly_dag']) retrieved from /opt/airflow/dags/report_hourly_dag.py
[2026-06-18T11:51:47.614+0000] {logging_mixin.py:154} INFO - [2026-06-18T11:51:47.614+0000] {dag.py:2941} INFO - Sync 1 DAGs
[2026-06-18T11:51:47.635+0000] {logging_mixin.py:154} INFO - [2026-06-18T11:51:47.634+0000] {dag.py:3722} INFO - Setting next_dagrun for report_hourly_dag to 2026-06-18T01:58:00+00:00, run_after=2026-06-18T01:59:00+00:00
[2026-06-18T11:51:47.652+0000] {processor.py:179} INFO - Processing /opt/airflow/dags/report_hourly_dag.py took 0.067 seconds
[2026-06-18T11:52:17.828+0000] {processor.py:157} INFO - Started process (PID=15393) to work on /opt/airflow/dags/report_hourly_dag.py
[2026-06-18T11:52:17.829+0000] {processor.py:829} INFO - Processing file /opt/airflow/dags/report_hourly_dag.py for tasks to queue
[2026-06-18T11:52:17.830+0000] {logging_mixin.py:154} INFO - [2026-06-18T11:52:17.829+0000] {dagbag.py:536} INFO - Filling up the DagBag from /opt/airflow/dags/report_hourly_dag.py
[2026-06-18T11:52:17.840+0000] {processor.py:839} INFO - DAG(s) dict_keys(['report_hourly_dag']) retrieved from /opt/airflow/dags/report_hourly_dag.py
[2026-06-18T11:52:17.857+0000] {logging_mixin.py:154} INFO - [2026-06-18T11:52:17.857+0000] {dag.py:2941} INFO - Sync 1 DAGs
[2026-06-18T11:52:17.876+0000] {logging_mixin.py:154} INFO - [2026-06-18T11:52:17.876+0000] {dag.py:3722} INFO - Setting next_dagrun for report_hourly_dag to 2026-06-18T01:58:00+00:00, run_after=2026-06-18T01:59:00+00:00
[2026-06-18T11:52:17.889+0000] {processor.py:179} INFO - Processing /opt/airflow/dags/report_hourly_dag.py took 0.065 seconds
[2026-06-18T11:52:48.105+0000] {processor.py:157} INFO - Started process (PID=15408) to work on /opt/airflow/dags/report_hourly_dag.py
[2026-06-18T11:52:48.106+0000] {processor.py:829} INFO - Processing file /opt/airflow/dags/report_hourly_dag.py for tasks to queue
[2026-06-18T11:52:48.108+0000] {logging_mixin.py:154} INFO - [2026-06-18T11:52:48.107+0000] {dagbag.py:536} INFO - Filling up the DagBag from /opt/airflow/dags/report_hourly_dag.py
[2026-06-18T11:52:48.121+0000] {processor.py:839} INFO - DAG(s) dict_keys(['report_hourly_dag']) retrieved from /opt/airflow/dags/report_hourly_dag.py
[2026-06-18T11:52:48.138+0000] {logging_mixin.py:154} INFO - [2026-06-18T11:52:48.138+0000] {dag.py:2941} INFO - Sync 1 DAGs
[2026-06-18T11:52:48.159+0000] {logging_mixin.py:154} INFO - [2026-06-18T11:52:48.158+0000] {dag.py:3722} INFO - Setting next_dagrun for report_hourly_dag to 2026-06-18T01:58:00+00:00, run_after=2026-06-18T01:59:00+00:00
[2026-06-18T11:52:48.172+0000] {processor.py:179} INFO - Processing /opt/airflow/dags/report_hourly_dag.py took 0.072 seconds
[2026-06-18T11:53:18.350+0000] {processor.py:157} INFO - Started process (PID=15423) to work on /opt/airflow/dags/report_hourly_dag.py
[2026-06-18T11:53:18.354+0000] {processor.py:829} INFO - Processing file /opt/airflow/dags/report_hourly_dag.py for tasks to queue
[2026-06-18T11:53:18.355+0000] {logging_mixin.py:154} INFO - [2026-06-18T11:53:18.354+0000] {dagbag.py:536} INFO - Filling up the DagBag from /opt/airflow/dags/report_hourly_dag.py
[2026-06-18T11:53:18.367+0000] {processor.py:839} INFO - DAG(s) dict_keys(['report_hourly_dag']) retrieved from /opt/airflow/dags/report_hourly_dag.py
[2026-06-18T11:53:18.386+0000] {logging_mixin.py:154} INFO - [2026-06-18T11:53:18.386+0000] {dag.py:2941} INFO - Sync 1 DAGs
[2026-06-18T11:53:18.409+0000] {logging_mixin.py:154} INFO - [2026-06-18T11:53:18.408+0000] {dag.py:3722} INFO - Setting next_dagrun for report_hourly_dag to 2026-06-18T01:58:00+00:00, run_after=2026-06-18T01:59:00+00:00
[2026-06-18T11:53:18.423+0000] {processor.py:179} INFO - Processing /opt/airflow/dags/report_hourly_dag.py took 0.076 seconds
[2026-06-18T11:53:48.633+0000] {processor.py:157} INFO - Started process (PID=15438) to work on /opt/airflow/dags/report_hourly_dag.py
[2026-06-18T11:53:48.634+0000] {processor.py:829} INFO - Processing file /opt/airflow/dags/report_hourly_dag.py for tasks to queue
[2026-06-18T11:53:48.635+0000] {logging_mixin.py:154} INFO - [2026-06-18T11:53:48.635+0000] {dagbag.py:536} INFO - Filling up the DagBag from /opt/airflow/dags/report_hourly_dag.py
[2026-06-18T11:53:48.645+0000] {processor.py:839} INFO - DAG(s) dict_keys(['report_hourly_dag']) retrieved from /opt/airflow/dags/report_hourly_dag.py
[2026-06-18T11:53:48.662+0000] {logging_mixin.py:154} INFO - [2026-06-18T11:53:48.662+0000] {dag.py:2941} INFO - Sync 1 DAGs
[2026-06-18T11:53:48.681+0000] {logging_mixin.py:154} INFO - [2026-06-18T11:53:48.681+0000] {dag.py:3722} INFO - Setting next_dagrun for report_hourly_dag to 2026-06-18T01:58:00+00:00, run_after=2026-06-18T01:59:00+00:00
[2026-06-18T11:53:48.695+0000] {processor.py:179} INFO - Processing /opt/airflow/dags/report_hourly_dag.py took 0.066 seconds
[2026-06-18T11:54:18.847+0000] {processor.py:157} INFO - Started process (PID=15453) to work on /opt/airflow/dags/report_hourly_dag.py
[2026-06-18T11:54:18.852+0000] {processor.py:829} INFO - Processing file /opt/airflow/dags/report_hourly_dag.py for tasks to queue
[2026-06-18T11:54:18.853+0000] {logging_mixin.py:154} INFO - [2026-06-18T11:54:18.852+0000] {dagbag.py:536} INFO - Filling up the DagBag from /opt/airflow/dags/report_hourly_dag.py
[2026-06-18T11:54:18.862+0000] {processor.py:839} INFO - DAG(s) dict_keys(['report_hourly_dag']) retrieved from /opt/airflow/dags/report_hourly_dag.py
[2026-06-18T11:54:18.880+0000] {logging_mixin.py:154} INFO - [2026-06-18T11:54:18.880+0000] {dag.py:2941} INFO - Sync 1 DAGs
[2026-06-18T11:54:18.899+0000] {logging_mixin.py:154} INFO - [2026-06-18T11:54:18.899+0000] {dag.py:3722} INFO - Setting next_dagrun for report_hourly_dag to 2026-06-18T01:58:00+00:00, run_after=2026-06-18T01:59:00+00:00
[2026-06-18T11:54:18.913+0000] {processor.py:179} INFO - Processing /opt/airflow/dags/report_hourly_dag.py took 0.068 seconds
[2026-06-18T11:54:49.063+0000] {processor.py:157} INFO - Started process (PID=15468) to work on /opt/airflow/dags/report_hourly_dag.py
[2026-06-18T11:54:49.064+0000] {processor.py:829} INFO - Processing file /opt/airflow/dags/report_hourly_dag.py for tasks to queue
[2026-06-18T11:54:49.064+0000] {logging_mixin.py:154} INFO - [2026-06-18T11:54:49.064+0000] {dagbag.py:536} INFO - Filling up the DagBag from /opt/airflow/dags/report_hourly_dag.py
[2026-06-18T11:54:49.074+0000] {processor.py:839} INFO - DAG(s) dict_keys(['report_hourly_dag']) retrieved from /opt/airflow/dags/report_hourly_dag.py
[2026-06-18T11:54:49.091+0000] {logging_mixin.py:154} INFO - [2026-06-18T11:54:49.091+0000] {dag.py:2941} INFO - Sync 1 DAGs
[2026-06-18T11:54:49.113+0000] {logging_mixin.py:154} INFO - [2026-06-18T11:54:49.112+0000] {dag.py:3722} INFO - Setting next_dagrun for report_hourly_dag to 2026-06-18T01:58:00+00:00, run_after=2026-06-18T01:59:00+00:00
[2026-06-18T11:54:49.126+0000] {processor.py:179} INFO - Processing /opt/airflow/dags/report_hourly_dag.py took 0.066 seconds
[2026-06-18T11:55:19.327+0000] {processor.py:157} INFO - Started process (PID=15483) to work on /opt/airflow/dags/report_hourly_dag.py
[2026-06-18T11:55:19.329+0000] {processor.py:829} INFO - Processing file /opt/airflow/dags/report_hourly_dag.py for tasks to queue
[2026-06-18T11:55:19.331+0000] {logging_mixin.py:154} INFO - [2026-06-18T11:55:19.330+0000] {dagbag.py:536} INFO - Filling up the DagBag from /opt/airflow/dags/report_hourly_dag.py
[2026-06-18T11:55:19.345+0000] {processor.py:839} INFO - DAG(s) dict_keys(['report_hourly_dag']) retrieved from /opt/airflow/dags/report_hourly_dag.py
[2026-06-18T11:55:19.365+0000] {logging_mixin.py:154} INFO - [2026-06-18T11:55:19.365+0000] {dag.py:2941} INFO - Sync 1 DAGs
[2026-06-18T11:55:19.385+0000] {logging_mixin.py:154} INFO - [2026-06-18T11:55:19.385+0000] {dag.py:3722} INFO - Setting next_dagrun for report_hourly_dag to 2026-06-18T01:58:00+00:00, run_after=2026-06-18T01:59:00+00:00
[2026-06-18T11:55:19.400+0000] {processor.py:179} INFO - Processing /opt/airflow/dags/report_hourly_dag.py took 0.078 seconds
[2026-06-18T11:55:49.608+0000] {processor.py:157} INFO - Started process (PID=15498) to work on /opt/airflow/dags/report_hourly_dag.py
[2026-06-18T11:55:49.609+0000] {processor.py:829} INFO - Processing file /opt/airflow/dags/report_hourly_dag.py for tasks to queue
[2026-06-18T11:55:49.610+0000] {logging_mixin.py:154} INFO - [2026-06-18T11:55:49.610+0000] {dagbag.py:536} INFO - Filling up the DagBag from /opt/airflow/dags/report_hourly_dag.py
[2026-06-18T11:55:49.626+0000] {processor.py:839} INFO - DAG(s) dict_keys(['report_hourly_dag']) retrieved from /opt/airflow/dags/report_hourly_dag.py
[2026-06-18T11:55:49.658+0000] {logging_mixin.py:154} INFO - [2026-06-18T11:55:49.657+0000] {dag.py:2941} INFO - Sync 1 DAGs
[2026-06-18T11:55:49.695+0000] {logging_mixin.py:154} INFO - [2026-06-18T11:55:49.694+0000] {dag.py:3722} INFO - Setting next_dagrun for report_hourly_dag to 2026-06-18T01:58:00+00:00, run_after=2026-06-18T01:59:00+00:00
[2026-06-18T11:55:49.723+0000] {processor.py:179} INFO - Processing /opt/airflow/dags/report_hourly_dag.py took 0.120 seconds
[2026-06-18T11:56:20.056+0000] {processor.py:157} INFO - Started process (PID=15513) to work on /opt/airflow/dags/report_hourly_dag.py
[2026-06-18T11:56:20.058+0000] {processor.py:829} INFO - Processing file /opt/airflow/dags/report_hourly_dag.py for tasks to queue
[2026-06-18T11:56:20.060+0000] {logging_mixin.py:154} INFO - [2026-06-18T11:56:20.059+0000] {dagbag.py:536} INFO - Filling up the DagBag from /opt/airflow/dags/report_hourly_dag.py
[2026-06-18T11:56:20.080+0000] {processor.py:839} INFO - DAG(s) dict_keys(['report_hourly_dag']) retrieved from /opt/airflow/dags/report_hourly_dag.py
[2026-06-18T11:56:20.106+0000] {logging_mixin.py:154} INFO - [2026-06-18T11:56:20.105+0000] {dag.py:2941} INFO - Sync 1 DAGs
[2026-06-18T11:56:20.126+0000] {logging_mixin.py:154} INFO - [2026-06-18T11:56:20.125+0000] {dag.py:3722} INFO - Setting next_dagrun for report_hourly_dag to 2026-06-18T01:58:00+00:00, run_after=2026-06-18T01:59:00+00:00
[2026-06-18T11:56:20.143+0000] {processor.py:179} INFO - Processing /opt/airflow/dags/report_hourly_dag.py took 0.101 seconds
[2026-06-18T11:56:50.313+0000] {processor.py:157} INFO - Started process (PID=15528) to work on /opt/airflow/dags/report_hourly_dag.py
[2026-06-18T11:56:50.315+0000] {processor.py:829} INFO - Processing file /opt/airflow/dags/report_hourly_dag.py for tasks to queue
[2026-06-18T11:56:50.316+0000] {logging_mixin.py:154} INFO - [2026-06-18T11:56:50.316+0000] {dagbag.py:536} INFO - Filling up the DagBag from /opt/airflow/dags/report_hourly_dag.py
[2026-06-18T11:56:50.326+0000] {processor.py:839} INFO - DAG(s) dict_keys(['report_hourly_dag']) retrieved from /opt/airflow/dags/report_hourly_dag.py
[2026-06-18T11:56:50.347+0000] {logging_mixin.py:154} INFO - [2026-06-18T11:56:50.347+0000] {dag.py:2941} INFO - Sync 1 DAGs
[2026-06-18T11:56:50.369+0000] {logging_mixin.py:154} INFO - [2026-06-18T11:56:50.369+0000] {dag.py:3722} INFO - Setting next_dagrun for report_hourly_dag to 2026-06-18T01:58:00+00:00, run_after=2026-06-18T01:59:00+00:00
[2026-06-18T11:56:50.384+0000] {processor.py:179} INFO - Processing /opt/airflow/dags/report_hourly_dag.py took 0.074 seconds
[2026-06-18T11:57:20.530+0000] {processor.py:157} INFO - Started process (PID=15543) to work on /opt/airflow/dags/report_hourly_dag.py
[2026-06-18T11:57:20.531+0000] {processor.py:829} INFO - Processing file /opt/airflow/dags/report_hourly_dag.py for tasks to queue
[2026-06-18T11:57:20.532+0000] {logging_mixin.py:154} INFO - [2026-06-18T11:57:20.531+0000] {dagbag.py:536} INFO - Filling up the DagBag from /opt/airflow/dags/report_hourly_dag.py
[2026-06-18T11:57:20.544+0000] {processor.py:839} INFO - DAG(s) dict_keys(['report_hourly_dag']) retrieved from /opt/airflow/dags/report_hourly_dag.py
[2026-06-18T11:57:20.562+0000] {logging_mixin.py:154} INFO - [2026-06-18T11:57:20.562+0000] {dag.py:2941} INFO - Sync 1 DAGs
[2026-06-18T11:57:20.582+0000] {logging_mixin.py:154} INFO - [2026-06-18T11:57:20.582+0000] {dag.py:3722} INFO - Setting next_dagrun for report_hourly_dag to 2026-06-18T01:58:00+00:00, run_after=2026-06-18T01:59:00+00:00
[2026-06-18T11:57:20.597+0000] {processor.py:179} INFO - Processing /opt/airflow/dags/report_hourly_dag.py took 0.071 seconds
[2026-06-18T11:57:50.732+0000] {processor.py:157} INFO - Started process (PID=15558) to work on /opt/airflow/dags/report_hourly_dag.py
[2026-06-18T11:57:50.733+0000] {processor.py:829} INFO - Processing file /opt/airflow/dags/report_hourly_dag.py for tasks to queue
[2026-06-18T11:57:50.733+0000] {logging_mixin.py:154} INFO - [2026-06-18T11:57:50.733+0000] {dagbag.py:536} INFO - Filling up the DagBag from /opt/airflow/dags/report_hourly_dag.py
[2026-06-18T11:57:50.745+0000] {processor.py:839} INFO - DAG(s) dict_keys(['report_hourly_dag']) retrieved from /opt/airflow/dags/report_hourly_dag.py
[2026-06-18T11:57:50.763+0000] {logging_mixin.py:154} INFO - [2026-06-18T11:57:50.763+0000] {dag.py:2941} INFO - Sync 1 DAGs
[2026-06-18T11:57:50.785+0000] {logging_mixin.py:154} INFO - [2026-06-18T11:57:50.785+0000] {dag.py:3722} INFO - Setting next_dagrun for report_hourly_dag to 2026-06-18T01:58:00+00:00, run_after=2026-06-18T01:59:00+00:00
[2026-06-18T11:57:50.800+0000] {processor.py:179} INFO - Processing /opt/airflow/dags/report_hourly_dag.py took 0.071 seconds
[2026-06-18T11:58:20.970+0000] {processor.py:157} INFO - Started process (PID=15573) to work on /opt/airflow/dags/report_hourly_dag.py
[2026-06-18T11:58:20.971+0000] {processor.py:829} INFO - Processing file /opt/airflow/dags/report_hourly_dag.py for tasks to queue
[2026-06-18T11:58:20.972+0000] {logging_mixin.py:154} INFO - [2026-06-18T11:58:20.972+0000] {dagbag.py:536} INFO - Filling up the DagBag from /opt/airflow/dags/report_hourly_dag.py
[2026-06-18T11:58:20.991+0000] {processor.py:839} INFO - DAG(s) dict_keys(['report_hourly_dag']) retrieved from /opt/airflow/dags/report_hourly_dag.py
[2026-06-18T11:58:21.117+0000] {logging_mixin.py:154} INFO - [2026-06-18T11:58:21.117+0000] {dag.py:2941} INFO - Sync 1 DAGs
[2026-06-18T11:58:21.153+0000] {logging_mixin.py:154} INFO - [2026-06-18T11:58:21.153+0000] {dag.py:3722} INFO - Setting next_dagrun for report_hourly_dag to 2026-06-18T01:58:00+00:00, run_after=2026-06-18T01:59:00+00:00
[2026-06-18T11:58:21.179+0000] {processor.py:179} INFO - Processing /opt/airflow/dags/report_hourly_dag.py took 0.237 seconds
[2026-06-18T11:58:51.348+0000] {processor.py:157} INFO - Started process (PID=15588) to work on /opt/airflow/dags/report_hourly_dag.py
[2026-06-18T11:58:51.349+0000] {processor.py:829} INFO - Processing file /opt/airflow/dags/report_hourly_dag.py for tasks to queue
[2026-06-18T11:58:51.350+0000] {logging_mixin.py:154} INFO - [2026-06-18T11:58:51.350+0000] {dagbag.py:536} INFO - Filling up the DagBag from /opt/airflow/dags/report_hourly_dag.py
[2026-06-18T11:58:51.443+0000] {processor.py:839} INFO - DAG(s) dict_keys(['report_hourly_dag']) retrieved from /opt/airflow/dags/report_hourly_dag.py
[2026-06-18T11:58:51.511+0000] {logging_mixin.py:154} INFO - [2026-06-18T11:58:51.510+0000] {dag.py:2941} INFO - Sync 1 DAGs
[2026-06-18T11:58:51.547+0000] {logging_mixin.py:154} INFO - [2026-06-18T11:58:51.547+0000] {dag.py:3722} INFO - Setting next_dagrun for report_hourly_dag to 2026-06-18T01:58:00+00:00, run_after=2026-06-18T01:59:00+00:00
[2026-06-18T11:58:51.569+0000] {processor.py:179} INFO - Processing /opt/airflow/dags/report_hourly_dag.py took 0.227 seconds
[2026-06-18T11:59:21.798+0000] {processor.py:157} INFO - Started process (PID=15603) to work on /opt/airflow/dags/report_hourly_dag.py
[2026-06-18T11:59:21.799+0000] {processor.py:829} INFO - Processing file /opt/airflow/dags/report_hourly_dag.py for tasks to queue
[2026-06-18T11:59:21.800+0000] {logging_mixin.py:154} INFO - [2026-06-18T11:59:21.799+0000] {dagbag.py:536} INFO - Filling up the DagBag from /opt/airflow/dags/report_hourly_dag.py
[2026-06-18T11:59:21.853+0000] {processor.py:839} INFO - DAG(s) dict_keys(['report_hourly_dag']) retrieved from /opt/airflow/dags/report_hourly_dag.py
[2026-06-18T11:59:21.929+0000] {logging_mixin.py:154} INFO - [2026-06-18T11:59:21.929+0000] {dag.py:2941} INFO - Sync 1 DAGs
[2026-06-18T11:59:21.963+0000] {logging_mixin.py:154} INFO - [2026-06-18T11:59:21.963+0000] {dag.py:3722} INFO - Setting next_dagrun for report_hourly_dag to 2026-06-18T01:58:00+00:00, run_after=2026-06-18T01:59:00+00:00
[2026-06-18T11:59:22.001+0000] {processor.py:179} INFO - Processing /opt/airflow/dags/report_hourly_dag.py took 0.208 seconds
[2026-06-18T11:59:52.160+0000] {processor.py:157} INFO - Started process (PID=15618) to work on /opt/airflow/dags/report_hourly_dag.py
[2026-06-18T11:59:52.161+0000] {processor.py:829} INFO - Processing file /opt/airflow/dags/report_hourly_dag.py for tasks to queue
[2026-06-18T11:59:52.162+0000] {logging_mixin.py:154} INFO - [2026-06-18T11:59:52.161+0000] {dagbag.py:536} INFO - Filling up the DagBag from /opt/airflow/dags/report_hourly_dag.py
[2026-06-18T11:59:52.176+0000] {processor.py:839} INFO - DAG(s) dict_keys(['report_hourly_dag']) retrieved from /opt/airflow/dags/report_hourly_dag.py
[2026-06-18T11:59:52.199+0000] {logging_mixin.py:154} INFO - [2026-06-18T11:59:52.199+0000] {dag.py:2941} INFO - Sync 1 DAGs
[2026-06-18T11:59:52.224+0000] {logging_mixin.py:154} INFO - [2026-06-18T11:59:52.224+0000] {dag.py:3722} INFO - Setting next_dagrun for report_hourly_dag to 2026-06-18T01:58:00+00:00, run_after=2026-06-18T01:59:00+00:00
[2026-06-18T11:59:52.244+0000] {processor.py:179} INFO - Processing /opt/airflow/dags/report_hourly_dag.py took 0.087 seconds
[2026-06-18T12:00:22.411+0000] {processor.py:157} INFO - Started process (PID=15633) to work on /opt/airflow/dags/report_hourly_dag.py
[2026-06-18T12:00:22.412+0000] {processor.py:829} INFO - Processing file /opt/airflow/dags/report_hourly_dag.py for tasks to queue
[2026-06-18T12:00:22.413+0000] {logging_mixin.py:154} INFO - [2026-06-18T12:00:22.413+0000] {dagbag.py:536} INFO - Filling up the DagBag from /opt/airflow/dags/report_hourly_dag.py
[2026-06-18T12:00:22.429+0000] {processor.py:839} INFO - DAG(s) dict_keys(['report_hourly_dag']) retrieved from /opt/airflow/dags/report_hourly_dag.py
[2026-06-18T12:00:22.461+0000] {logging_mixin.py:154} INFO - [2026-06-18T12:00:22.461+0000] {dag.py:2941} INFO - Sync 1 DAGs
[2026-06-18T12:00:22.495+0000] {logging_mixin.py:154} INFO - [2026-06-18T12:00:22.495+0000] {dag.py:3722} INFO - Setting next_dagrun for report_hourly_dag to 2026-06-18T01:58:00+00:00, run_after=2026-06-18T01:59:00+00:00
[2026-06-18T12:00:22.519+0000] {processor.py:179} INFO - Processing /opt/airflow/dags/report_hourly_dag.py took 0.113 seconds
[2026-06-18T12:00:52.690+0000] {processor.py:157} INFO - Started process (PID=15648) to work on /opt/airflow/dags/report_hourly_dag.py
[2026-06-18T12:00:52.695+0000] {processor.py:829} INFO - Processing file /opt/airflow/dags/report_hourly_dag.py for tasks to queue
[2026-06-18T12:00:52.696+0000] {logging_mixin.py:154} INFO - [2026-06-18T12:00:52.695+0000] {dagbag.py:536} INFO - Filling up the DagBag from /opt/airflow/dags/report_hourly_dag.py
[2026-06-18T12:00:52.711+0000] {processor.py:839} INFO - DAG(s) dict_keys(['report_hourly_dag']) retrieved from /opt/airflow/dags/report_hourly_dag.py
[2026-06-18T12:00:52.747+0000] {logging_mixin.py:154} INFO - [2026-06-18T12:00:52.747+0000] {dag.py:2941} INFO - Sync 1 DAGs
[2026-06-18T12:00:52.804+0000] {logging_mixin.py:154} INFO - [2026-06-18T12:00:52.803+0000] {dag.py:3722} INFO - Setting next_dagrun for report_hourly_dag to 2026-06-18T01:58:00+00:00, run_after=2026-06-18T01:59:00+00:00
[2026-06-18T12:00:52.835+0000] {processor.py:179} INFO - Processing /opt/airflow/dags/report_hourly_dag.py took 0.151 seconds
[2026-06-18T12:01:23.007+0000] {processor.py:157} INFO - Started process (PID=15663) to work on /opt/airflow/dags/report_hourly_dag.py
[2026-06-18T12:01:23.008+0000] {processor.py:829} INFO - Processing file /opt/airflow/dags/report_hourly_dag.py for tasks to queue
[2026-06-18T12:01:23.008+0000] {logging_mixin.py:154} INFO - [2026-06-18T12:01:23.008+0000] {dagbag.py:536} INFO - Filling up the DagBag from /opt/airflow/dags/report_hourly_dag.py
[2026-06-18T12:01:23.016+0000] {processor.py:839} INFO - DAG(s) dict_keys(['report_hourly_dag']) retrieved from /opt/airflow/dags/report_hourly_dag.py
[2026-06-18T12:01:23.038+0000] {logging_mixin.py:154} INFO - [2026-06-18T12:01:23.038+0000] {dag.py:2941} INFO - Sync 1 DAGs
[2026-06-18T12:01:23.061+0000] {logging_mixin.py:154} INFO - [2026-06-18T12:01:23.061+0000] {dag.py:3722} INFO - Setting next_dagrun for report_hourly_dag to 2026-06-18T01:58:00+00:00, run_after=2026-06-18T01:59:00+00:00
[2026-06-18T12:01:23.076+0000] {processor.py:179} INFO - Processing /opt/airflow/dags/report_hourly_dag.py took 0.072 seconds
[2026-06-18T12:01:53.308+0000] {processor.py:157} INFO - Started process (PID=15678) to work on /opt/airflow/dags/report_hourly_dag.py
[2026-06-18T12:01:53.310+0000] {processor.py:829} INFO - Processing file /opt/airflow/dags/report_hourly_dag.py for tasks to queue
[2026-06-18T12:01:53.312+0000] {logging_mixin.py:154} INFO - [2026-06-18T12:01:53.312+0000] {dagbag.py:536} INFO - Filling up the DagBag from /opt/airflow/dags/report_hourly_dag.py
[2026-06-18T12:01:53.345+0000] {processor.py:839} INFO - DAG(s) dict_keys(['report_hourly_dag']) retrieved from /opt/airflow/dags/report_hourly_dag.py
[2026-06-18T12:01:53.393+0000] {logging_mixin.py:154} INFO - [2026-06-18T12:01:53.393+0000] {dag.py:2941} INFO - Sync 1 DAGs
[2026-06-18T12:01:53.423+0000] {logging_mixin.py:154} INFO - [2026-06-18T12:01:53.423+0000] {dag.py:3722} INFO - Setting next_dagrun for report_hourly_dag to 2026-06-18T01:58:00+00:00, run_after=2026-06-18T01:59:00+00:00
[2026-06-18T12:01:53.438+0000] {processor.py:179} INFO - Processing /opt/airflow/dags/report_hourly_dag.py took 0.140 seconds
[2026-06-18T12:02:23.666+0000] {processor.py:157} INFO - Started process (PID=15693) to work on /opt/airflow/dags/report_hourly_dag.py
[2026-06-18T12:02:23.667+0000] {processor.py:829} INFO - Processing file /opt/airflow/dags/report_hourly_dag.py for tasks to queue
[2026-06-18T12:02:23.668+0000] {logging_mixin.py:154} INFO - [2026-06-18T12:02:23.668+0000] {dagbag.py:536} INFO - Filling up the DagBag from /opt/airflow/dags/report_hourly_dag.py
[2026-06-18T12:02:23.678+0000] {processor.py:839} INFO - DAG(s) dict_keys(['report_hourly_dag']) retrieved from /opt/airflow/dags/report_hourly_dag.py
[2026-06-18T12:02:23.696+0000] {logging_mixin.py:154} INFO - [2026-06-18T12:02:23.695+0000] {dag.py:2941} INFO - Sync 1 DAGs
[2026-06-18T12:02:23.713+0000] {logging_mixin.py:154} INFO - [2026-06-18T12:02:23.713+0000] {dag.py:3722} INFO - Setting next_dagrun for report_hourly_dag to 2026-06-18T01:58:00+00:00, run_after=2026-06-18T01:59:00+00:00
[2026-06-18T12:02:23.725+0000] {processor.py:179} INFO - Processing /opt/airflow/dags/report_hourly_dag.py took 0.063 seconds
[2026-06-18T12:02:53.930+0000] {processor.py:157} INFO - Started process (PID=15708) to work on /opt/airflow/dags/report_hourly_dag.py
[2026-06-18T12:02:53.932+0000] {processor.py:829} INFO - Processing file /opt/airflow/dags/report_hourly_dag.py for tasks to queue
[2026-06-18T12:02:53.933+0000] {logging_mixin.py:154} INFO - [2026-06-18T12:02:53.933+0000] {dagbag.py:536} INFO - Filling up the DagBag from /opt/airflow/dags/report_hourly_dag.py
[2026-06-18T12:02:53.943+0000] {processor.py:839} INFO - DAG(s) dict_keys(['report_hourly_dag']) retrieved from /opt/airflow/dags/report_hourly_dag.py
[2026-06-18T12:02:53.960+0000] {logging_mixin.py:154} INFO - [2026-06-18T12:02:53.960+0000] {dag.py:2941} INFO - Sync 1 DAGs
[2026-06-18T12:02:53.979+0000] {logging_mixin.py:154} INFO - [2026-06-18T12:02:53.979+0000] {dag.py:3722} INFO - Setting next_dagrun for report_hourly_dag to 2026-06-18T01:58:00+00:00, run_after=2026-06-18T01:59:00+00:00
[2026-06-18T12:02:53.992+0000] {processor.py:179} INFO - Processing /opt/airflow/dags/report_hourly_dag.py took 0.066 seconds
[2026-06-18T12:03:24.180+0000] {processor.py:157} INFO - Started process (PID=15723) to work on /opt/airflow/dags/report_hourly_dag.py
[2026-06-18T12:03:24.180+0000] {processor.py:829} INFO - Processing file /opt/airflow/dags/report_hourly_dag.py for tasks to queue
[2026-06-18T12:03:24.181+0000] {logging_mixin.py:154} INFO - [2026-06-18T12:03:24.181+0000] {dagbag.py:536} INFO - Filling up the DagBag from /opt/airflow/dags/report_hourly_dag.py
[2026-06-18T12:03:24.189+0000] {processor.py:839} INFO - DAG(s) dict_keys(['report_hourly_dag']) retrieved from /opt/airflow/dags/report_hourly_dag.py
[2026-06-18T12:03:24.207+0000] {logging_mixin.py:154} INFO - [2026-06-18T12:03:24.207+0000] {dag.py:2941} INFO - Sync 1 DAGs
[2026-06-18T12:03:24.226+0000] {logging_mixin.py:154} INFO - [2026-06-18T12:03:24.226+0000] {dag.py:3722} INFO - Setting next_dagrun for report_hourly_dag to 2026-06-18T01:58:00+00:00, run_after=2026-06-18T01:59:00+00:00
[2026-06-18T12:03:24.240+0000] {processor.py:179} INFO - Processing /opt/airflow/dags/report_hourly_dag.py took 0.064 seconds
[2026-06-18T12:03:54.417+0000] {processor.py:157} INFO - Started process (PID=15738) to work on /opt/airflow/dags/report_hourly_dag.py
[2026-06-18T12:03:54.418+0000] {processor.py:829} INFO - Processing file /opt/airflow/dags/report_hourly_dag.py for tasks to queue
[2026-06-18T12:03:54.419+0000] {logging_mixin.py:154} INFO - [2026-06-18T12:03:54.419+0000] {dagbag.py:536} INFO - Filling up the DagBag from /opt/airflow/dags/report_hourly_dag.py
[2026-06-18T12:03:54.435+0000] {processor.py:839} INFO - DAG(s) dict_keys(['report_hourly_dag']) retrieved from /opt/airflow/dags/report_hourly_dag.py
[2026-06-18T12:03:54.465+0000] {logging_mixin.py:154} INFO - [2026-06-18T12:03:54.465+0000] {dag.py:2941} INFO - Sync 1 DAGs
[2026-06-18T12:03:54.497+0000] {logging_mixin.py:154} INFO - [2026-06-18T12:03:54.497+0000] {dag.py:3722} INFO - Setting next_dagrun for report_hourly_dag to 2026-06-18T01:58:00+00:00, run_after=2026-06-18T01:59:00+00:00
[2026-06-18T12:03:54.512+0000] {processor.py:179} INFO - Processing /opt/airflow/dags/report_hourly_dag.py took 0.100 seconds
[2026-06-18T12:04:24.715+0000] {processor.py:157} INFO - Started process (PID=15753) to work on /opt/airflow/dags/report_hourly_dag.py
[2026-06-18T12:04:24.715+0000] {processor.py:829} INFO - Processing file /opt/airflow/dags/report_hourly_dag.py for tasks to queue
[2026-06-18T12:04:24.716+0000] {logging_mixin.py:154} INFO - [2026-06-18T12:04:24.716+0000] {dagbag.py:536} INFO - Filling up the DagBag from /opt/airflow/dags/report_hourly_dag.py
[2026-06-18T12:04:24.726+0000] {processor.py:839} INFO - DAG(s) dict_keys(['report_hourly_dag']) retrieved from /opt/airflow/dags/report_hourly_dag.py
[2026-06-18T12:04:24.742+0000] {logging_mixin.py:154} INFO - [2026-06-18T12:04:24.742+0000] {dag.py:2941} INFO - Sync 1 DAGs
[2026-06-18T12:04:24.761+0000] {logging_mixin.py:154} INFO - [2026-06-18T12:04:24.761+0000] {dag.py:3722} INFO - Setting next_dagrun for report_hourly_dag to 2026-06-18T01:58:00+00:00, run_after=2026-06-18T01:59:00+00:00
[2026-06-18T12:04:24.775+0000] {processor.py:179} INFO - Processing /opt/airflow/dags/report_hourly_dag.py took 0.064 seconds
[2026-06-18T12:04:54.950+0000] {processor.py:157} INFO - Started process (PID=15768) to work on /opt/airflow/dags/report_hourly_dag.py
[2026-06-18T12:04:54.951+0000] {processor.py:829} INFO - Processing file /opt/airflow/dags/report_hourly_dag.py for tasks to queue
[2026-06-18T12:04:54.952+0000] {logging_mixin.py:154} INFO - [2026-06-18T12:04:54.951+0000] {dagbag.py:536} INFO - Filling up the DagBag from /opt/airflow/dags/report_hourly_dag.py
[2026-06-18T12:04:54.964+0000] {processor.py:839} INFO - DAG(s) dict_keys(['report_hourly_dag']) retrieved from /opt/airflow/dags/report_hourly_dag.py
[2026-06-18T12:04:54.983+0000] {logging_mixin.py:154} INFO - [2026-06-18T12:04:54.983+0000] {dag.py:2941} INFO - Sync 1 DAGs
[2026-06-18T12:04:55.003+0000] {logging_mixin.py:154} INFO - [2026-06-18T12:04:55.003+0000] {dag.py:3722} INFO - Setting next_dagrun for report_hourly_dag to 2026-06-18T01:58:00+00:00, run_after=2026-06-18T01:59:00+00:00
[2026-06-18T12:04:55.017+0000] {processor.py:179} INFO - Processing /opt/airflow/dags/report_hourly_dag.py took 0.072 seconds
[2026-06-18T12:05:25.190+0000] {processor.py:157} INFO - Started process (PID=15783) to work on /opt/airflow/dags/report_hourly_dag.py
[2026-06-18T12:05:25.191+0000] {processor.py:829} INFO - Processing file /opt/airflow/dags/report_hourly_dag.py for tasks to queue
[2026-06-18T12:05:25.192+0000] {logging_mixin.py:154} INFO - [2026-06-18T12:05:25.192+0000] {dagbag.py:536} INFO - Filling up the DagBag from /opt/airflow/dags/report_hourly_dag.py
[2026-06-18T12:05:25.204+0000] {processor.py:839} INFO - DAG(s) dict_keys(['report_hourly_dag']) retrieved from /opt/airflow/dags/report_hourly_dag.py
[2026-06-18T12:05:25.222+0000] {logging_mixin.py:154} INFO - [2026-06-18T12:05:25.221+0000] {dag.py:2941} INFO - Sync 1 DAGs
[2026-06-18T12:05:25.240+0000] {logging_mixin.py:154} INFO - [2026-06-18T12:05:25.240+0000] {dag.py:3722} INFO - Setting next_dagrun for report_hourly_dag to 2026-06-18T01:58:00+00:00, run_after=2026-06-18T01:59:00+00:00
[2026-06-18T12:05:25.253+0000] {processor.py:179} INFO - Processing /opt/airflow/dags/report_hourly_dag.py took 0.067 seconds
[2026-06-18T12:05:55.440+0000] {processor.py:157} INFO - Started process (PID=15798) to work on /opt/airflow/dags/report_hourly_dag.py
[2026-06-18T12:05:55.444+0000] {processor.py:829} INFO - Processing file /opt/airflow/dags/report_hourly_dag.py for tasks to queue
[2026-06-18T12:05:55.444+0000] {logging_mixin.py:154} INFO - [2026-06-18T12:05:55.444+0000] {dagbag.py:536} INFO - Filling up the DagBag from /opt/airflow/dags/report_hourly_dag.py
[2026-06-18T12:05:55.453+0000] {processor.py:839} INFO - DAG(s) dict_keys(['report_hourly_dag']) retrieved from /opt/airflow/dags/report_hourly_dag.py
[2026-06-18T12:05:55.472+0000] {logging_mixin.py:154} INFO - [2026-06-18T12:05:55.472+0000] {dag.py:2941} INFO - Sync 1 DAGs
[2026-06-18T12:05:55.494+0000] {logging_mixin.py:154} INFO - [2026-06-18T12:05:55.494+0000] {dag.py:3722} INFO - Setting next_dagrun for report_hourly_dag to 2026-06-18T01:58:00+00:00, run_after=2026-06-18T01:59:00+00:00
[2026-06-18T12:05:55.507+0000] {processor.py:179} INFO - Processing /opt/airflow/dags/report_hourly_dag.py took 0.071 seconds
[2026-06-18T12:06:25.729+0000] {processor.py:157} INFO - Started process (PID=15813) to work on /opt/airflow/dags/report_hourly_dag.py
[2026-06-18T12:06:25.730+0000] {processor.py:829} INFO - Processing file /opt/airflow/dags/report_hourly_dag.py for tasks to queue
[2026-06-18T12:06:25.731+0000] {logging_mixin.py:154} INFO - [2026-06-18T12:06:25.731+0000] {dagbag.py:536} INFO - Filling up the DagBag from /opt/airflow/dags/report_hourly_dag.py
[2026-06-18T12:06:25.745+0000] {processor.py:839} INFO - DAG(s) dict_keys(['report_hourly_dag']) retrieved from /opt/airflow/dags/report_hourly_dag.py
[2026-06-18T12:06:25.772+0000] {logging_mixin.py:154} INFO - [2026-06-18T12:06:25.772+0000] {dag.py:2941} INFO - Sync 1 DAGs
[2026-06-18T12:06:25.802+0000] {logging_mixin.py:154} INFO - [2026-06-18T12:06:25.802+0000] {dag.py:3722} INFO - Setting next_dagrun for report_hourly_dag to 2026-06-18T01:58:00+00:00, run_after=2026-06-18T01:59:00+00:00
[2026-06-18T12:06:25.828+0000] {processor.py:179} INFO - Processing /opt/airflow/dags/report_hourly_dag.py took 0.102 seconds
[2026-06-18T12:06:56.000+0000] {processor.py:157} INFO - Started process (PID=15828) to work on /opt/airflow/dags/report_hourly_dag.py
[2026-06-18T12:06:56.001+0000] {processor.py:829} INFO - Processing file /opt/airflow/dags/report_hourly_dag.py for tasks to queue
[2026-06-18T12:06:56.002+0000] {logging_mixin.py:154} INFO - [2026-06-18T12:06:56.002+0000] {dagbag.py:536} INFO - Filling up the DagBag from /opt/airflow/dags/report_hourly_dag.py
[2026-06-18T12:06:56.016+0000] {processor.py:839} INFO - DAG(s) dict_keys(['report_hourly_dag']) retrieved from /opt/airflow/dags/report_hourly_dag.py
[2026-06-18T12:06:56.044+0000] {logging_mixin.py:154} INFO - [2026-06-18T12:06:56.044+0000] {dag.py:2941} INFO - Sync 1 DAGs
[2026-06-18T12:06:56.083+0000] {logging_mixin.py:154} INFO - [2026-06-18T12:06:56.083+0000] {dag.py:3722} INFO - Setting next_dagrun for report_hourly_dag to 2026-06-18T01:58:00+00:00, run_after=2026-06-18T01:59:00+00:00
[2026-06-18T12:06:56.104+0000] {processor.py:179} INFO - Processing /opt/airflow/dags/report_hourly_dag.py took 0.108 seconds
[2026-06-18T12:07:26.298+0000] {processor.py:157} INFO - Started process (PID=15843) to work on /opt/airflow/dags/report_hourly_dag.py
[2026-06-18T12:07:26.298+0000] {processor.py:829} INFO - Processing file /opt/airflow/dags/report_hourly_dag.py for tasks to queue
[2026-06-18T12:07:26.299+0000] {logging_mixin.py:154} INFO - [2026-06-18T12:07:26.299+0000] {dagbag.py:536} INFO - Filling up the DagBag from /opt/airflow/dags/report_hourly_dag.py
[2026-06-18T12:07:26.310+0000] {processor.py:839} INFO - DAG(s) dict_keys(['report_hourly_dag']) retrieved from /opt/airflow/dags/report_hourly_dag.py
[2026-06-18T12:07:26.330+0000] {logging_mixin.py:154} INFO - [2026-06-18T12:07:26.330+0000] {dag.py:2941} INFO - Sync 1 DAGs
[2026-06-18T12:07:26.348+0000] {logging_mixin.py:154} INFO - [2026-06-18T12:07:26.348+0000] {dag.py:3722} INFO - Setting next_dagrun for report_hourly_dag to 2026-06-18T01:58:00+00:00, run_after=2026-06-18T01:59:00+00:00
[2026-06-18T12:07:26.360+0000] {processor.py:179} INFO - Processing /opt/airflow/dags/report_hourly_dag.py took 0.067 seconds
[2026-06-18T12:07:56.573+0000] {processor.py:157} INFO - Started process (PID=15858) to work on /opt/airflow/dags/report_hourly_dag.py
[2026-06-18T12:07:56.575+0000] {processor.py:829} INFO - Processing file /opt/airflow/dags/report_hourly_dag.py for tasks to queue
[2026-06-18T12:07:56.576+0000] {logging_mixin.py:154} INFO - [2026-06-18T12:07:56.576+0000] {dagbag.py:536} INFO - Filling up the DagBag from /opt/airflow/dags/report_hourly_dag.py
[2026-06-18T12:07:56.589+0000] {processor.py:839} INFO - DAG(s) dict_keys(['report_hourly_dag']) retrieved from /opt/airflow/dags/report_hourly_dag.py
[2026-06-18T12:07:56.609+0000] {logging_mixin.py:154} INFO - [2026-06-18T12:07:56.608+0000] {dag.py:2941} INFO - Sync 1 DAGs
[2026-06-18T12:07:56.627+0000] {logging_mixin.py:154} INFO - [2026-06-18T12:07:56.627+0000] {dag.py:3722} INFO - Setting next_dagrun for report_hourly_dag to 2026-06-18T01:58:00+00:00, run_after=2026-06-18T01:59:00+00:00
[2026-06-18T12:07:56.640+0000] {processor.py:179} INFO - Processing /opt/airflow/dags/report_hourly_dag.py took 0.071 seconds
[2026-06-18T12:08:26.840+0000] {processor.py:157} INFO - Started process (PID=15873) to work on /opt/airflow/dags/report_hourly_dag.py
[2026-06-18T12:08:26.840+0000] {processor.py:829} INFO - Processing file /opt/airflow/dags/report_hourly_dag.py for tasks to queue
[2026-06-18T12:08:26.841+0000] {logging_mixin.py:154} INFO - [2026-06-18T12:08:26.841+0000] {dagbag.py:536} INFO - Filling up the DagBag from /opt/airflow/dags/report_hourly_dag.py
[2026-06-18T12:08:26.851+0000] {processor.py:839} INFO - DAG(s) dict_keys(['report_hourly_dag']) retrieved from /opt/airflow/dags/report_hourly_dag.py
[2026-06-18T12:08:26.869+0000] {logging_mixin.py:154} INFO - [2026-06-18T12:08:26.869+0000] {dag.py:2941} INFO - Sync 1 DAGs
[2026-06-18T12:08:26.887+0000] {logging_mixin.py:154} INFO - [2026-06-18T12:08:26.887+0000] {dag.py:3722} INFO - Setting next_dagrun for report_hourly_dag to 2026-06-18T01:58:00+00:00, run_after=2026-06-18T01:59:00+00:00
[2026-06-18T12:08:26.900+0000] {processor.py:179} INFO - Processing /opt/airflow/dags/report_hourly_dag.py took 0.064 seconds
[2026-06-18T12:08:57.114+0000] {processor.py:157} INFO - Started process (PID=15888) to work on /opt/airflow/dags/report_hourly_dag.py
[2026-06-18T12:08:57.117+0000] {processor.py:829} INFO - Processing file /opt/airflow/dags/report_hourly_dag.py for tasks to queue
[2026-06-18T12:08:57.118+0000] {logging_mixin.py:154} INFO - [2026-06-18T12:08:57.117+0000] {dagbag.py:536} INFO - Filling up the DagBag from /opt/airflow/dags/report_hourly_dag.py
[2026-06-18T12:08:57.129+0000] {processor.py:839} INFO - DAG(s) dict_keys(['report_hourly_dag']) retrieved from /opt/airflow/dags/report_hourly_dag.py
[2026-06-18T12:08:57.148+0000] {logging_mixin.py:154} INFO - [2026-06-18T12:08:57.148+0000] {dag.py:2941} INFO - Sync 1 DAGs
[2026-06-18T12:08:57.166+0000] {logging_mixin.py:154} INFO - [2026-06-18T12:08:57.166+0000] {dag.py:3722} INFO - Setting next_dagrun for report_hourly_dag to 2026-06-18T01:58:00+00:00, run_after=2026-06-18T01:59:00+00:00
[2026-06-18T12:08:57.178+0000] {processor.py:179} INFO - Processing /opt/airflow/dags/report_hourly_dag.py took 0.068 seconds
[2026-06-18T12:09:48.132+0000] {processor.py:157} INFO - Started process (PID=154) to work on /opt/airflow/dags/report_hourly_dag.py
[2026-06-18T12:09:48.133+0000] {processor.py:829} INFO - Processing file /opt/airflow/dags/report_hourly_dag.py for tasks to queue
[2026-06-18T12:09:48.133+0000] {logging_mixin.py:154} INFO - [2026-06-18T12:09:48.133+0000] {dagbag.py:536} INFO - Filling up the DagBag from /opt/airflow/dags/report_hourly_dag.py
[2026-06-18T12:09:48.143+0000] {processor.py:839} INFO - DAG(s) dict_keys(['report_hourly_dag']) retrieved from /opt/airflow/dags/report_hourly_dag.py
[2026-06-18T12:09:48.154+0000] {logging_mixin.py:154} INFO - [2026-06-18T12:09:48.154+0000] {dag.py:2941} INFO - Sync 1 DAGs
[2026-06-18T12:09:48.177+0000] {logging_mixin.py:154} INFO - [2026-06-18T12:09:48.177+0000] {dag.py:3722} INFO - Setting next_dagrun for report_hourly_dag to 2026-06-18T01:58:00+00:00, run_after=2026-06-18T01:59:00+00:00
[2026-06-18T12:09:48.194+0000] {processor.py:179} INFO - Processing /opt/airflow/dags/report_hourly_dag.py took 0.065 seconds
[2026-06-18T12:10:18.386+0000] {processor.py:157} INFO - Started process (PID=169) to work on /opt/airflow/dags/report_hourly_dag.py
[2026-06-18T12:10:18.389+0000] {processor.py:829} INFO - Processing file /opt/airflow/dags/report_hourly_dag.py for tasks to queue
[2026-06-18T12:10:18.390+0000] {logging_mixin.py:154} INFO - [2026-06-18T12:10:18.389+0000] {dagbag.py:536} INFO - Filling up the DagBag from /opt/airflow/dags/report_hourly_dag.py
[2026-06-18T12:10:18.401+0000] {processor.py:839} INFO - DAG(s) dict_keys(['report_hourly_dag']) retrieved from /opt/airflow/dags/report_hourly_dag.py
[2026-06-18T12:10:18.422+0000] {logging_mixin.py:154} INFO - [2026-06-18T12:10:18.421+0000] {dag.py:2941} INFO - Sync 1 DAGs
[2026-06-18T12:10:18.441+0000] {logging_mixin.py:154} INFO - [2026-06-18T12:10:18.441+0000] {dag.py:3722} INFO - Setting next_dagrun for report_hourly_dag to 2026-06-18T01:58:00+00:00, run_after=2026-06-18T01:59:00+00:00
[2026-06-18T12:10:18.456+0000] {processor.py:179} INFO - Processing /opt/airflow/dags/report_hourly_dag.py took 0.073 seconds
[2026-06-18T12:10:48.624+0000] {processor.py:157} INFO - Started process (PID=184) to work on /opt/airflow/dags/report_hourly_dag.py
[2026-06-18T12:10:48.628+0000] {processor.py:829} INFO - Processing file /opt/airflow/dags/report_hourly_dag.py for tasks to queue
[2026-06-18T12:10:48.628+0000] {logging_mixin.py:154} INFO - [2026-06-18T12:10:48.628+0000] {dagbag.py:536} INFO - Filling up the DagBag from /opt/airflow/dags/report_hourly_dag.py
[2026-06-18T12:10:48.636+0000] {processor.py:839} INFO - DAG(s) dict_keys(['report_hourly_dag']) retrieved from /opt/airflow/dags/report_hourly_dag.py
[2026-06-18T12:10:48.656+0000] {logging_mixin.py:154} INFO - [2026-06-18T12:10:48.656+0000] {dag.py:2941} INFO - Sync 1 DAGs
[2026-06-18T12:10:48.682+0000] {logging_mixin.py:154} INFO - [2026-06-18T12:10:48.682+0000] {dag.py:3722} INFO - Setting next_dagrun for report_hourly_dag to 2026-06-18T01:58:00+00:00, run_after=2026-06-18T01:59:00+00:00
[2026-06-18T12:10:48.700+0000] {processor.py:179} INFO - Processing /opt/airflow/dags/report_hourly_dag.py took 0.079 seconds
[2026-06-18T12:11:18.851+0000] {processor.py:157} INFO - Started process (PID=199) to work on /opt/airflow/dags/report_hourly_dag.py
[2026-06-18T12:11:18.852+0000] {processor.py:829} INFO - Processing file /opt/airflow/dags/report_hourly_dag.py for tasks to queue
[2026-06-18T12:11:18.853+0000] {logging_mixin.py:154} INFO - [2026-06-18T12:11:18.853+0000] {dagbag.py:536} INFO - Filling up the DagBag from /opt/airflow/dags/report_hourly_dag.py
[2026-06-18T12:11:18.862+0000] {processor.py:839} INFO - DAG(s) dict_keys(['report_hourly_dag']) retrieved from /opt/airflow/dags/report_hourly_dag.py
[2026-06-18T12:11:18.881+0000] {logging_mixin.py:154} INFO - [2026-06-18T12:11:18.881+0000] {dag.py:2941} INFO - Sync 1 DAGs
[2026-06-18T12:11:18.901+0000] {logging_mixin.py:154} INFO - [2026-06-18T12:11:18.901+0000] {dag.py:3722} INFO - Setting next_dagrun for report_hourly_dag to 2026-06-18T01:58:00+00:00, run_after=2026-06-18T01:59:00+00:00
[2026-06-18T12:11:18.916+0000] {processor.py:179} INFO - Processing /opt/airflow/dags/report_hourly_dag.py took 0.069 seconds
[2026-06-18T12:11:49.061+0000] {processor.py:157} INFO - Started process (PID=214) to work on /opt/airflow/dags/report_hourly_dag.py
[2026-06-18T12:11:49.062+0000] {processor.py:829} INFO - Processing file /opt/airflow/dags/report_hourly_dag.py for tasks to queue
[2026-06-18T12:11:49.063+0000] {logging_mixin.py:154} INFO - [2026-06-18T12:11:49.063+0000] {dagbag.py:536} INFO - Filling up the DagBag from /opt/airflow/dags/report_hourly_dag.py
[2026-06-18T12:11:49.074+0000] {processor.py:839} INFO - DAG(s) dict_keys(['report_hourly_dag']) retrieved from /opt/airflow/dags/report_hourly_dag.py
[2026-06-18T12:11:49.094+0000] {logging_mixin.py:154} INFO - [2026-06-18T12:11:49.094+0000] {dag.py:2941} INFO - Sync 1 DAGs
[2026-06-18T12:11:49.116+0000] {logging_mixin.py:154} INFO - [2026-06-18T12:11:49.116+0000] {dag.py:3722} INFO - Setting next_dagrun for report_hourly_dag to 2026-06-18T01:58:00+00:00, run_after=2026-06-18T01:59:00+00:00
[2026-06-18T12:11:49.133+0000] {processor.py:179} INFO - Processing /opt/airflow/dags/report_hourly_dag.py took 0.075 seconds
[2026-06-18T12:12:19.296+0000] {processor.py:157} INFO - Started process (PID=229) to work on /opt/airflow/dags/report_hourly_dag.py
[2026-06-18T12:12:19.300+0000] {processor.py:829} INFO - Processing file /opt/airflow/dags/report_hourly_dag.py for tasks to queue
[2026-06-18T12:12:19.301+0000] {logging_mixin.py:154} INFO - [2026-06-18T12:12:19.300+0000] {dagbag.py:536} INFO - Filling up the DagBag from /opt/airflow/dags/report_hourly_dag.py
[2026-06-18T12:12:19.310+0000] {processor.py:839} INFO - DAG(s) dict_keys(['report_hourly_dag']) retrieved from /opt/airflow/dags/report_hourly_dag.py
[2026-06-18T12:12:19.329+0000] {logging_mixin.py:154} INFO - [2026-06-18T12:12:19.328+0000] {dag.py:2941} INFO - Sync 1 DAGs
[2026-06-18T12:12:19.348+0000] {logging_mixin.py:154} INFO - [2026-06-18T12:12:19.348+0000] {dag.py:3722} INFO - Setting next_dagrun for report_hourly_dag to 2026-06-18T01:58:00+00:00, run_after=2026-06-18T01:59:00+00:00
[2026-06-18T12:12:19.360+0000] {processor.py:179} INFO - Processing /opt/airflow/dags/report_hourly_dag.py took 0.067 seconds
[2026-06-18T12:12:49.547+0000] {processor.py:157} INFO - Started process (PID=244) to work on /opt/airflow/dags/report_hourly_dag.py
[2026-06-18T12:12:49.551+0000] {processor.py:829} INFO - Processing file /opt/airflow/dags/report_hourly_dag.py for tasks to queue
[2026-06-18T12:12:49.552+0000] {logging_mixin.py:154} INFO - [2026-06-18T12:12:49.551+0000] {dagbag.py:536} INFO - Filling up the DagBag from /opt/airflow/dags/report_hourly_dag.py
[2026-06-18T12:12:49.566+0000] {processor.py:839} INFO - DAG(s) dict_keys(['report_hourly_dag']) retrieved from /opt/airflow/dags/report_hourly_dag.py
[2026-06-18T12:12:49.585+0000] {logging_mixin.py:154} INFO - [2026-06-18T12:12:49.585+0000] {dag.py:2941} INFO - Sync 1 DAGs
[2026-06-18T12:12:49.605+0000] {logging_mixin.py:154} INFO - [2026-06-18T12:12:49.605+0000] {dag.py:3722} INFO - Setting next_dagrun for report_hourly_dag to 2026-06-18T01:58:00+00:00, run_after=2026-06-18T01:59:00+00:00
[2026-06-18T12:12:49.702+0000] {processor.py:179} INFO - Processing /opt/airflow/dags/report_hourly_dag.py took 0.158 seconds
[2026-06-18T12:13:19.870+0000] {processor.py:157} INFO - Started process (PID=259) to work on /opt/airflow/dags/report_hourly_dag.py
[2026-06-18T12:13:19.871+0000] {processor.py:829} INFO - Processing file /opt/airflow/dags/report_hourly_dag.py for tasks to queue
[2026-06-18T12:13:19.872+0000] {logging_mixin.py:154} INFO - [2026-06-18T12:13:19.871+0000] {dagbag.py:536} INFO - Filling up the DagBag from /opt/airflow/dags/report_hourly_dag.py
[2026-06-18T12:13:19.880+0000] {processor.py:839} INFO - DAG(s) dict_keys(['report_hourly_dag']) retrieved from /opt/airflow/dags/report_hourly_dag.py
[2026-06-18T12:13:19.899+0000] {logging_mixin.py:154} INFO - [2026-06-18T12:13:19.899+0000] {dag.py:2941} INFO - Sync 1 DAGs
[2026-06-18T12:13:19.923+0000] {logging_mixin.py:154} INFO - [2026-06-18T12:13:19.923+0000] {dag.py:3722} INFO - Setting next_dagrun for report_hourly_dag to 2026-06-18T01:58:00+00:00, run_after=2026-06-18T01:59:00+00:00
[2026-06-18T12:13:19.939+0000] {processor.py:179} INFO - Processing /opt/airflow/dags/report_hourly_dag.py took 0.072 seconds
[2026-06-18T12:13:50.179+0000] {processor.py:157} INFO - Started process (PID=274) to work on /opt/airflow/dags/report_hourly_dag.py
[2026-06-18T12:13:50.180+0000] {processor.py:829} INFO - Processing file /opt/airflow/dags/report_hourly_dag.py for tasks to queue
[2026-06-18T12:13:50.181+0000] {logging_mixin.py:154} INFO - [2026-06-18T12:13:50.180+0000] {dagbag.py:536} INFO - Filling up the DagBag from /opt/airflow/dags/report_hourly_dag.py
[2026-06-18T12:13:50.193+0000] {processor.py:839} INFO - DAG(s) dict_keys(['report_hourly_dag']) retrieved from /opt/airflow/dags/report_hourly_dag.py
[2026-06-18T12:13:50.212+0000] {logging_mixin.py:154} INFO - [2026-06-18T12:13:50.211+0000] {dag.py:2941} INFO - Sync 1 DAGs
[2026-06-18T12:13:50.234+0000] {logging_mixin.py:154} INFO - [2026-06-18T12:13:50.234+0000] {dag.py:3722} INFO - Setting next_dagrun for report_hourly_dag to 2026-06-18T01:58:00+00:00, run_after=2026-06-18T01:59:00+00:00
[2026-06-18T12:13:50.249+0000] {processor.py:179} INFO - Processing /opt/airflow/dags/report_hourly_dag.py took 0.073 seconds
[2026-06-18T12:14:20.419+0000] {processor.py:157} INFO - Started process (PID=289) to work on /opt/airflow/dags/report_hourly_dag.py
[2026-06-18T12:14:20.422+0000] {processor.py:829} INFO - Processing file /opt/airflow/dags/report_hourly_dag.py for tasks to queue
[2026-06-18T12:14:20.423+0000] {logging_mixin.py:154} INFO - [2026-06-18T12:14:20.422+0000] {dagbag.py:536} INFO - Filling up the DagBag from /opt/airflow/dags/report_hourly_dag.py
[2026-06-18T12:14:20.431+0000] {processor.py:839} INFO - DAG(s) dict_keys(['report_hourly_dag']) retrieved from /opt/airflow/dags/report_hourly_dag.py
[2026-06-18T12:14:20.442+0000] {logging_mixin.py:154} INFO - [2026-06-18T12:14:20.442+0000] {dag.py:2941} INFO - Sync 1 DAGs
[2026-06-18T12:14:20.473+0000] {logging_mixin.py:154} INFO - [2026-06-18T12:14:20.472+0000] {dag.py:3722} INFO - Setting next_dagrun for report_hourly_dag to 2026-06-18T01:58:00+00:00, run_after=2026-06-18T01:59:00+00:00
[2026-06-18T12:14:20.489+0000] {processor.py:179} INFO - Processing /opt/airflow/dags/report_hourly_dag.py took 0.074 seconds
[2026-06-18T12:14:50.703+0000] {processor.py:157} INFO - Started process (PID=304) to work on /opt/airflow/dags/report_hourly_dag.py
[2026-06-18T12:14:50.704+0000] {processor.py:829} INFO - Processing file /opt/airflow/dags/report_hourly_dag.py for tasks to queue
[2026-06-18T12:14:50.706+0000] {logging_mixin.py:154} INFO - [2026-06-18T12:14:50.705+0000] {dagbag.py:536} INFO - Filling up the DagBag from /opt/airflow/dags/report_hourly_dag.py
[2026-06-18T12:14:50.733+0000] {processor.py:839} INFO - DAG(s) dict_keys(['report_hourly_dag']) retrieved from /opt/airflow/dags/report_hourly_dag.py
[2026-06-18T12:14:50.775+0000] {logging_mixin.py:154} INFO - [2026-06-18T12:14:50.775+0000] {dag.py:2941} INFO - Sync 1 DAGs
[2026-06-18T12:14:50.818+0000] {logging_mixin.py:154} INFO - [2026-06-18T12:14:50.818+0000] {dag.py:3722} INFO - Setting next_dagrun for report_hourly_dag to 2026-06-18T01:58:00+00:00, run_after=2026-06-18T01:59:00+00:00
[2026-06-18T12:14:50.839+0000] {processor.py:179} INFO - Processing /opt/airflow/dags/report_hourly_dag.py took 0.142 seconds
[2026-06-18T12:15:21.001+0000] {processor.py:157} INFO - Started process (PID=319) to work on /opt/airflow/dags/report_hourly_dag.py
[2026-06-18T12:15:21.002+0000] {processor.py:829} INFO - Processing file /opt/airflow/dags/report_hourly_dag.py for tasks to queue
[2026-06-18T12:15:21.002+0000] {logging_mixin.py:154} INFO - [2026-06-18T12:15:21.002+0000] {dagbag.py:536} INFO - Filling up the DagBag from /opt/airflow/dags/report_hourly_dag.py
[2026-06-18T12:15:21.010+0000] {processor.py:839} INFO - DAG(s) dict_keys(['report_hourly_dag']) retrieved from /opt/airflow/dags/report_hourly_dag.py
[2026-06-18T12:15:21.031+0000] {logging_mixin.py:154} INFO - [2026-06-18T12:15:21.031+0000] {dag.py:2941} INFO - Sync 1 DAGs
[2026-06-18T12:15:21.058+0000] {logging_mixin.py:154} INFO - [2026-06-18T12:15:21.058+0000] {dag.py:3722} INFO - Setting next_dagrun for report_hourly_dag to 2026-06-18T01:58:00+00:00, run_after=2026-06-18T01:59:00+00:00
[2026-06-18T12:15:21.075+0000] {processor.py:179} INFO - Processing /opt/airflow/dags/report_hourly_dag.py took 0.076 seconds
[2026-06-18T12:15:51.251+0000] {processor.py:157} INFO - Started process (PID=334) to work on /opt/airflow/dags/report_hourly_dag.py
[2026-06-18T12:15:51.252+0000] {processor.py:829} INFO - Processing file /opt/airflow/dags/report_hourly_dag.py for tasks to queue
[2026-06-18T12:15:51.253+0000] {logging_mixin.py:154} INFO - [2026-06-18T12:15:51.252+0000] {dagbag.py:536} INFO - Filling up the DagBag from /opt/airflow/dags/report_hourly_dag.py
[2026-06-18T12:15:51.266+0000] {processor.py:839} INFO - DAG(s) dict_keys(['report_hourly_dag']) retrieved from /opt/airflow/dags/report_hourly_dag.py
[2026-06-18T12:15:51.284+0000] {logging_mixin.py:154} INFO - [2026-06-18T12:15:51.283+0000] {dag.py:2941} INFO - Sync 1 DAGs
[2026-06-18T12:15:51.304+0000] {logging_mixin.py:154} INFO - [2026-06-18T12:15:51.304+0000] {dag.py:3722} INFO - Setting next_dagrun for report_hourly_dag to 2026-06-18T01:58:00+00:00, run_after=2026-06-18T01:59:00+00:00
[2026-06-18T12:15:51.319+0000] {processor.py:179} INFO - Processing /opt/airflow/dags/report_hourly_dag.py took 0.073 seconds
[2026-06-18T12:16:21.491+0000] {processor.py:157} INFO - Started process (PID=349) to work on /opt/airflow/dags/report_hourly_dag.py
[2026-06-18T12:16:21.492+0000] {processor.py:829} INFO - Processing file /opt/airflow/dags/report_hourly_dag.py for tasks to queue
[2026-06-18T12:16:21.492+0000] {logging_mixin.py:154} INFO - [2026-06-18T12:16:21.492+0000] {dagbag.py:536} INFO - Filling up the DagBag from /opt/airflow/dags/report_hourly_dag.py
[2026-06-18T12:16:21.502+0000] {processor.py:839} INFO - DAG(s) dict_keys(['report_hourly_dag']) retrieved from /opt/airflow/dags/report_hourly_dag.py
[2026-06-18T12:16:21.524+0000] {logging_mixin.py:154} INFO - [2026-06-18T12:16:21.524+0000] {dag.py:2941} INFO - Sync 1 DAGs
[2026-06-18T12:16:21.552+0000] {logging_mixin.py:154} INFO - [2026-06-18T12:16:21.551+0000] {dag.py:3722} INFO - Setting next_dagrun for report_hourly_dag to 2026-06-18T01:58:00+00:00, run_after=2026-06-18T01:59:00+00:00
[2026-06-18T12:16:21.568+0000] {processor.py:179} INFO - Processing /opt/airflow/dags/report_hourly_dag.py took 0.079 seconds
[2026-06-18T12:16:51.796+0000] {processor.py:157} INFO - Started process (PID=364) to work on /opt/airflow/dags/report_hourly_dag.py
[2026-06-18T12:16:51.799+0000] {processor.py:829} INFO - Processing file /opt/airflow/dags/report_hourly_dag.py for tasks to queue
[2026-06-18T12:16:51.802+0000] {logging_mixin.py:154} INFO - [2026-06-18T12:16:51.801+0000] {dagbag.py:536} INFO - Filling up the DagBag from /opt/airflow/dags/report_hourly_dag.py
[2026-06-18T12:16:51.826+0000] {processor.py:839} INFO - DAG(s) dict_keys(['report_hourly_dag']) retrieved from /opt/airflow/dags/report_hourly_dag.py
[2026-06-18T12:16:51.851+0000] {logging_mixin.py:154} INFO - [2026-06-18T12:16:51.851+0000] {dag.py:2941} INFO - Sync 1 DAGs
[2026-06-18T12:16:51.874+0000] {logging_mixin.py:154} INFO - [2026-06-18T12:16:51.874+0000] {dag.py:3722} INFO - Setting next_dagrun for report_hourly_dag to 2026-06-18T01:58:00+00:00, run_after=2026-06-18T01:59:00+00:00
[2026-06-18T12:16:51.889+0000] {processor.py:179} INFO - Processing /opt/airflow/dags/report_hourly_dag.py took 0.105 seconds
[2026-06-18T12:17:22.070+0000] {processor.py:157} INFO - Started process (PID=379) to work on /opt/airflow/dags/report_hourly_dag.py
[2026-06-18T12:17:22.070+0000] {processor.py:829} INFO - Processing file /opt/airflow/dags/report_hourly_dag.py for tasks to queue
[2026-06-18T12:17:22.071+0000] {logging_mixin.py:154} INFO - [2026-06-18T12:17:22.071+0000] {dagbag.py:536} INFO - Filling up the DagBag from /opt/airflow/dags/report_hourly_dag.py
[2026-06-18T12:17:22.081+0000] {processor.py:839} INFO - DAG(s) dict_keys(['report_hourly_dag']) retrieved from /opt/airflow/dags/report_hourly_dag.py
[2026-06-18T12:17:22.104+0000] {logging_mixin.py:154} INFO - [2026-06-18T12:17:22.104+0000] {dag.py:2941} INFO - Sync 1 DAGs
[2026-06-18T12:17:22.128+0000] {logging_mixin.py:154} INFO - [2026-06-18T12:17:22.128+0000] {dag.py:3722} INFO - Setting next_dagrun for report_hourly_dag to 2026-06-18T01:58:00+00:00, run_after=2026-06-18T01:59:00+00:00
[2026-06-18T12:17:22.145+0000] {processor.py:179} INFO - Processing /opt/airflow/dags/report_hourly_dag.py took 0.078 seconds
[2026-06-18T12:17:52.371+0000] {processor.py:157} INFO - Started process (PID=394) to work on /opt/airflow/dags/report_hourly_dag.py
[2026-06-18T12:17:52.373+0000] {processor.py:829} INFO - Processing file /opt/airflow/dags/report_hourly_dag.py for tasks to queue
[2026-06-18T12:17:52.376+0000] {logging_mixin.py:154} INFO - [2026-06-18T12:17:52.375+0000] {dagbag.py:536} INFO - Filling up the DagBag from /opt/airflow/dags/report_hourly_dag.py
[2026-06-18T12:17:52.404+0000] {processor.py:839} INFO - DAG(s) dict_keys(['report_hourly_dag']) retrieved from /opt/airflow/dags/report_hourly_dag.py
[2026-06-18T12:17:52.436+0000] {logging_mixin.py:154} INFO - [2026-06-18T12:17:52.435+0000] {dag.py:2941} INFO - Sync 1 DAGs
[2026-06-18T12:17:52.460+0000] {logging_mixin.py:154} INFO - [2026-06-18T12:17:52.460+0000] {dag.py:3722} INFO - Setting next_dagrun for report_hourly_dag to 2026-06-18T01:58:00+00:00, run_after=2026-06-18T01:59:00+00:00
[2026-06-18T12:17:52.480+0000] {processor.py:179} INFO - Processing /opt/airflow/dags/report_hourly_dag.py took 0.118 seconds
[2026-06-18T12:18:22.609+0000] {processor.py:157} INFO - Started process (PID=409) to work on /opt/airflow/dags/report_hourly_dag.py
[2026-06-18T12:18:22.609+0000] {processor.py:829} INFO - Processing file /opt/airflow/dags/report_hourly_dag.py for tasks to queue
[2026-06-18T12:18:22.610+0000] {logging_mixin.py:154} INFO - [2026-06-18T12:18:22.610+0000] {dagbag.py:536} INFO - Filling up the DagBag from /opt/airflow/dags/report_hourly_dag.py
[2026-06-18T12:18:22.622+0000] {processor.py:839} INFO - DAG(s) dict_keys(['report_hourly_dag']) retrieved from /opt/airflow/dags/report_hourly_dag.py
[2026-06-18T12:18:22.648+0000] {logging_mixin.py:154} INFO - [2026-06-18T12:18:22.648+0000] {dag.py:2941} INFO - Sync 1 DAGs
[2026-06-18T12:18:22.677+0000] {logging_mixin.py:154} INFO - [2026-06-18T12:18:22.676+0000] {dag.py:3722} INFO - Setting next_dagrun for report_hourly_dag to 2026-06-18T01:58:00+00:00, run_after=2026-06-18T01:59:00+00:00
[2026-06-18T12:18:22.695+0000] {processor.py:179} INFO - Processing /opt/airflow/dags/report_hourly_dag.py took 0.090 seconds
[2026-06-18T12:18:52.849+0000] {processor.py:157} INFO - Started process (PID=424) to work on /opt/airflow/dags/report_hourly_dag.py
[2026-06-18T12:18:52.850+0000] {processor.py:829} INFO - Processing file /opt/airflow/dags/report_hourly_dag.py for tasks to queue
[2026-06-18T12:18:52.851+0000] {logging_mixin.py:154} INFO - [2026-06-18T12:18:52.851+0000] {dagbag.py:536} INFO - Filling up the DagBag from /opt/airflow/dags/report_hourly_dag.py
[2026-06-18T12:18:52.868+0000] {processor.py:839} INFO - DAG(s) dict_keys(['report_hourly_dag']) retrieved from /opt/airflow/dags/report_hourly_dag.py
[2026-06-18T12:18:52.899+0000] {logging_mixin.py:154} INFO - [2026-06-18T12:18:52.899+0000] {dag.py:2941} INFO - Sync 1 DAGs
[2026-06-18T12:18:52.934+0000] {logging_mixin.py:154} INFO - [2026-06-18T12:18:52.934+0000] {dag.py:3722} INFO - Setting next_dagrun for report_hourly_dag to 2026-06-18T01:58:00+00:00, run_after=2026-06-18T01:59:00+00:00
[2026-06-18T12:18:52.970+0000] {processor.py:179} INFO - Processing /opt/airflow/dags/report_hourly_dag.py took 0.124 seconds
[2026-06-18T12:19:23.121+0000] {processor.py:157} INFO - Started process (PID=439) to work on /opt/airflow/dags/report_hourly_dag.py
[2026-06-18T12:19:23.122+0000] {processor.py:829} INFO - Processing file /opt/airflow/dags/report_hourly_dag.py for tasks to queue
[2026-06-18T12:19:23.123+0000] {logging_mixin.py:154} INFO - [2026-06-18T12:19:23.122+0000] {dagbag.py:536} INFO - Filling up the DagBag from /opt/airflow/dags/report_hourly_dag.py
[2026-06-18T12:19:23.225+0000] {processor.py:839} INFO - DAG(s) dict_keys(['report_hourly_dag']) retrieved from /opt/airflow/dags/report_hourly_dag.py
[2026-06-18T12:19:23.261+0000] {logging_mixin.py:154} INFO - [2026-06-18T12:19:23.261+0000] {dag.py:2941} INFO - Sync 1 DAGs
[2026-06-18T12:19:23.310+0000] {logging_mixin.py:154} INFO - [2026-06-18T12:19:23.310+0000] {dag.py:3722} INFO - Setting next_dagrun for report_hourly_dag to 2026-06-18T01:58:00+00:00, run_after=2026-06-18T01:59:00+00:00
[2026-06-18T12:19:23.333+0000] {processor.py:179} INFO - Processing /opt/airflow/dags/report_hourly_dag.py took 0.216 seconds
[2026-06-18T12:19:53.496+0000] {processor.py:157} INFO - Started process (PID=454) to work on /opt/airflow/dags/report_hourly_dag.py
[2026-06-18T12:19:53.498+0000] {processor.py:829} INFO - Processing file /opt/airflow/dags/report_hourly_dag.py for tasks to queue
[2026-06-18T12:19:53.499+0000] {logging_mixin.py:154} INFO - [2026-06-18T12:19:53.498+0000] {dagbag.py:536} INFO - Filling up the DagBag from /opt/airflow/dags/report_hourly_dag.py
[2026-06-18T12:19:53.589+0000] {processor.py:839} INFO - DAG(s) dict_keys(['report_hourly_dag']) retrieved from /opt/airflow/dags/report_hourly_dag.py
[2026-06-18T12:19:53.622+0000] {logging_mixin.py:154} INFO - [2026-06-18T12:19:53.621+0000] {dag.py:2941} INFO - Sync 1 DAGs
[2026-06-18T12:19:53.658+0000] {logging_mixin.py:154} INFO - [2026-06-18T12:19:53.658+0000] {dag.py:3722} INFO - Setting next_dagrun for report_hourly_dag to 2026-06-18T01:58:00+00:00, run_after=2026-06-18T01:59:00+00:00
[2026-06-18T12:19:53.681+0000] {processor.py:179} INFO - Processing /opt/airflow/dags/report_hourly_dag.py took 0.190 seconds
[2026-06-18T12:20:23.949+0000] {processor.py:157} INFO - Started process (PID=469) to work on /opt/airflow/dags/report_hourly_dag.py
[2026-06-18T12:20:23.950+0000] {processor.py:829} INFO - Processing file /opt/airflow/dags/report_hourly_dag.py for tasks to queue
[2026-06-18T12:20:23.952+0000] {logging_mixin.py:154} INFO - [2026-06-18T12:20:23.951+0000] {dagbag.py:536} INFO - Filling up the DagBag from /opt/airflow/dags/report_hourly_dag.py
[2026-06-18T12:20:23.968+0000] {processor.py:839} INFO - DAG(s) dict_keys(['report_hourly_dag']) retrieved from /opt/airflow/dags/report_hourly_dag.py
[2026-06-18T12:20:23.996+0000] {logging_mixin.py:154} INFO - [2026-06-18T12:20:23.995+0000] {dag.py:2941} INFO - Sync 1 DAGs
[2026-06-18T12:20:24.028+0000] {logging_mixin.py:154} INFO - [2026-06-18T12:20:24.028+0000] {dag.py:3722} INFO - Setting next_dagrun for report_hourly_dag to 2026-06-18T01:58:00+00:00, run_after=2026-06-18T01:59:00+00:00
[2026-06-18T12:20:24.054+0000] {processor.py:179} INFO - Processing /opt/airflow/dags/report_hourly_dag.py took 0.108 seconds
[2026-06-18T12:20:54.192+0000] {processor.py:157} INFO - Started process (PID=484) to work on /opt/airflow/dags/report_hourly_dag.py
[2026-06-18T12:20:54.195+0000] {processor.py:829} INFO - Processing file /opt/airflow/dags/report_hourly_dag.py for tasks to queue
[2026-06-18T12:20:54.196+0000] {logging_mixin.py:154} INFO - [2026-06-18T12:20:54.195+0000] {dagbag.py:536} INFO - Filling up the DagBag from /opt/airflow/dags/report_hourly_dag.py
[2026-06-18T12:20:54.208+0000] {processor.py:839} INFO - DAG(s) dict_keys(['report_hourly_dag']) retrieved from /opt/airflow/dags/report_hourly_dag.py
[2026-06-18T12:20:54.227+0000] {logging_mixin.py:154} INFO - [2026-06-18T12:20:54.227+0000] {dag.py:2941} INFO - Sync 1 DAGs
[2026-06-18T12:20:54.251+0000] {logging_mixin.py:154} INFO - [2026-06-18T12:20:54.251+0000] {dag.py:3722} INFO - Setting next_dagrun for report_hourly_dag to 2026-06-18T01:58:00+00:00, run_after=2026-06-18T01:59:00+00:00
[2026-06-18T12:20:54.281+0000] {processor.py:179} INFO - Processing /opt/airflow/dags/report_hourly_dag.py took 0.091 seconds
[2026-06-18T12:21:24.427+0000] {processor.py:157} INFO - Started process (PID=499) to work on /opt/airflow/dags/report_hourly_dag.py
[2026-06-18T12:21:24.427+0000] {processor.py:829} INFO - Processing file /opt/airflow/dags/report_hourly_dag.py for tasks to queue
[2026-06-18T12:21:24.428+0000] {logging_mixin.py:154} INFO - [2026-06-18T12:21:24.428+0000] {dagbag.py:536} INFO - Filling up the DagBag from /opt/airflow/dags/report_hourly_dag.py
[2026-06-18T12:21:24.445+0000] {processor.py:839} INFO - DAG(s) dict_keys(['report_hourly_dag']) retrieved from /opt/airflow/dags/report_hourly_dag.py
[2026-06-18T12:21:24.474+0000] {logging_mixin.py:154} INFO - [2026-06-18T12:21:24.474+0000] {dag.py:2941} INFO - Sync 1 DAGs
[2026-06-18T12:21:24.514+0000] {logging_mixin.py:154} INFO - [2026-06-18T12:21:24.513+0000] {dag.py:3722} INFO - Setting next_dagrun for report_hourly_dag to 2026-06-18T01:58:00+00:00, run_after=2026-06-18T01:59:00+00:00
[2026-06-18T12:21:24.535+0000] {processor.py:179} INFO - Processing /opt/airflow/dags/report_hourly_dag.py took 0.114 seconds
[2026-06-18T12:21:54.700+0000] {processor.py:157} INFO - Started process (PID=514) to work on /opt/airflow/dags/report_hourly_dag.py
[2026-06-18T12:21:54.700+0000] {processor.py:829} INFO - Processing file /opt/airflow/dags/report_hourly_dag.py for tasks to queue
[2026-06-18T12:21:54.701+0000] {logging_mixin.py:154} INFO - [2026-06-18T12:21:54.701+0000] {dagbag.py:536} INFO - Filling up the DagBag from /opt/airflow/dags/report_hourly_dag.py
[2026-06-18T12:21:54.713+0000] {processor.py:839} INFO - DAG(s) dict_keys(['report_hourly_dag']) retrieved from /opt/airflow/dags/report_hourly_dag.py
[2026-06-18T12:21:54.732+0000] {logging_mixin.py:154} INFO - [2026-06-18T12:21:54.732+0000] {dag.py:2941} INFO - Sync 1 DAGs
[2026-06-18T12:21:54.752+0000] {logging_mixin.py:154} INFO - [2026-06-18T12:21:54.751+0000] {dag.py:3722} INFO - Setting next_dagrun for report_hourly_dag to 2026-06-18T01:58:00+00:00, run_after=2026-06-18T01:59:00+00:00
[2026-06-18T12:21:54.768+0000] {processor.py:179} INFO - Processing /opt/airflow/dags/report_hourly_dag.py took 0.071 seconds
[2026-06-18T12:22:24.988+0000] {processor.py:157} INFO - Started process (PID=529) to work on /opt/airflow/dags/report_hourly_dag.py
[2026-06-18T12:22:24.989+0000] {processor.py:829} INFO - Processing file /opt/airflow/dags/report_hourly_dag.py for tasks to queue
[2026-06-18T12:22:24.990+0000] {logging_mixin.py:154} INFO - [2026-06-18T12:22:24.990+0000] {dagbag.py:536} INFO - Filling up the DagBag from /opt/airflow/dags/report_hourly_dag.py
[2026-06-18T12:22:25.004+0000] {processor.py:839} INFO - DAG(s) dict_keys(['report_hourly_dag']) retrieved from /opt/airflow/dags/report_hourly_dag.py
[2026-06-18T12:22:25.024+0000] {logging_mixin.py:154} INFO - [2026-06-18T12:22:25.024+0000] {dag.py:2941} INFO - Sync 1 DAGs
[2026-06-18T12:22:25.051+0000] {logging_mixin.py:154} INFO - [2026-06-18T12:22:25.051+0000] {dag.py:3722} INFO - Setting next_dagrun for report_hourly_dag to 2026-06-18T01:58:00+00:00, run_after=2026-06-18T01:59:00+00:00
[2026-06-18T12:22:25.068+0000] {processor.py:179} INFO - Processing /opt/airflow/dags/report_hourly_dag.py took 0.085 seconds
[2026-06-18T12:22:55.252+0000] {processor.py:157} INFO - Started process (PID=544) to work on /opt/airflow/dags/report_hourly_dag.py
[2026-06-18T12:22:55.255+0000] {processor.py:829} INFO - Processing file /opt/airflow/dags/report_hourly_dag.py for tasks to queue
[2026-06-18T12:22:55.256+0000] {logging_mixin.py:154} INFO - [2026-06-18T12:22:55.256+0000] {dagbag.py:536} INFO - Filling up the DagBag from /opt/airflow/dags/report_hourly_dag.py
[2026-06-18T12:22:55.265+0000] {processor.py:839} INFO - DAG(s) dict_keys(['report_hourly_dag']) retrieved from /opt/airflow/dags/report_hourly_dag.py
[2026-06-18T12:22:55.283+0000] {logging_mixin.py:154} INFO - [2026-06-18T12:22:55.283+0000] {dag.py:2941} INFO - Sync 1 DAGs
[2026-06-18T12:22:55.302+0000] {logging_mixin.py:154} INFO - [2026-06-18T12:22:55.301+0000] {dag.py:3722} INFO - Setting next_dagrun for report_hourly_dag to 2026-06-18T01:58:00+00:00, run_after=2026-06-18T01:59:00+00:00
[2026-06-18T12:22:55.321+0000] {processor.py:179} INFO - Processing /opt/airflow/dags/report_hourly_dag.py took 0.071 seconds
[2026-06-18T12:23:25.516+0000] {processor.py:157} INFO - Started process (PID=559) to work on /opt/airflow/dags/report_hourly_dag.py
[2026-06-18T12:23:25.517+0000] {processor.py:829} INFO - Processing file /opt/airflow/dags/report_hourly_dag.py for tasks to queue
[2026-06-18T12:23:25.518+0000] {logging_mixin.py:154} INFO - [2026-06-18T12:23:25.517+0000] {dagbag.py:536} INFO - Filling up the DagBag from /opt/airflow/dags/report_hourly_dag.py
[2026-06-18T12:23:25.528+0000] {processor.py:839} INFO - DAG(s) dict_keys(['report_hourly_dag']) retrieved from /opt/airflow/dags/report_hourly_dag.py
[2026-06-18T12:23:25.545+0000] {logging_mixin.py:154} INFO - [2026-06-18T12:23:25.545+0000] {dag.py:2941} INFO - Sync 1 DAGs
[2026-06-18T12:23:25.564+0000] {logging_mixin.py:154} INFO - [2026-06-18T12:23:25.564+0000] {dag.py:3722} INFO - Setting next_dagrun for report_hourly_dag to 2026-06-18T01:58:00+00:00, run_after=2026-06-18T01:59:00+00:00
[2026-06-18T12:23:25.579+0000] {processor.py:179} INFO - Processing /opt/airflow/dags/report_hourly_dag.py took 0.067 seconds
[2026-06-18T12:23:55.767+0000] {processor.py:157} INFO - Started process (PID=574) to work on /opt/airflow/dags/report_hourly_dag.py
[2026-06-18T12:23:55.771+0000] {processor.py:829} INFO - Processing file /opt/airflow/dags/report_hourly_dag.py for tasks to queue
[2026-06-18T12:23:55.772+0000] {logging_mixin.py:154} INFO - [2026-06-18T12:23:55.771+0000] {dagbag.py:536} INFO - Filling up the DagBag from /opt/airflow/dags/report_hourly_dag.py
[2026-06-18T12:23:55.781+0000] {processor.py:839} INFO - DAG(s) dict_keys(['report_hourly_dag']) retrieved from /opt/airflow/dags/report_hourly_dag.py
[2026-06-18T12:23:55.799+0000] {logging_mixin.py:154} INFO - [2026-06-18T12:23:55.799+0000] {dag.py:2941} INFO - Sync 1 DAGs
[2026-06-18T12:23:55.818+0000] {logging_mixin.py:154} INFO - [2026-06-18T12:23:55.818+0000] {dag.py:3722} INFO - Setting next_dagrun for report_hourly_dag to 2026-06-18T01:58:00+00:00, run_after=2026-06-18T01:59:00+00:00
[2026-06-18T12:23:55.832+0000] {processor.py:179} INFO - Processing /opt/airflow/dags/report_hourly_dag.py took 0.068 seconds
[2026-06-18T12:24:25.995+0000] {processor.py:157} INFO - Started process (PID=589) to work on /opt/airflow/dags/report_hourly_dag.py
[2026-06-18T12:24:25.996+0000] {processor.py:829} INFO - Processing file /opt/airflow/dags/report_hourly_dag.py for tasks to queue
[2026-06-18T12:24:25.997+0000] {logging_mixin.py:154} INFO - [2026-06-18T12:24:25.996+0000] {dagbag.py:536} INFO - Filling up the DagBag from /opt/airflow/dags/report_hourly_dag.py
[2026-06-18T12:24:26.006+0000] {processor.py:839} INFO - DAG(s) dict_keys(['report_hourly_dag']) retrieved from /opt/airflow/dags/report_hourly_dag.py
[2026-06-18T12:24:26.025+0000] {logging_mixin.py:154} INFO - [2026-06-18T12:24:26.024+0000] {dag.py:2941} INFO - Sync 1 DAGs
[2026-06-18T12:24:26.045+0000] {logging_mixin.py:154} INFO - [2026-06-18T12:24:26.045+0000] {dag.py:3722} INFO - Setting next_dagrun for report_hourly_dag to 2026-06-18T01:58:00+00:00, run_after=2026-06-18T01:59:00+00:00
[2026-06-18T12:24:26.060+0000] {processor.py:179} INFO - Processing /opt/airflow/dags/report_hourly_dag.py took 0.068 seconds
[2026-06-18T12:24:56.211+0000] {processor.py:157} INFO - Started process (PID=604) to work on /opt/airflow/dags/report_hourly_dag.py
[2026-06-18T12:24:56.212+0000] {processor.py:829} INFO - Processing file /opt/airflow/dags/report_hourly_dag.py for tasks to queue
[2026-06-18T12:24:56.213+0000] {logging_mixin.py:154} INFO - [2026-06-18T12:24:56.213+0000] {dagbag.py:536} INFO - Filling up the DagBag from /opt/airflow/dags/report_hourly_dag.py
[2026-06-18T12:24:56.232+0000] {processor.py:839} INFO - DAG(s) dict_keys(['report_hourly_dag']) retrieved from /opt/airflow/dags/report_hourly_dag.py
[2026-06-18T12:24:56.274+0000] {logging_mixin.py:154} INFO - [2026-06-18T12:24:56.273+0000] {dag.py:2941} INFO - Sync 1 DAGs
[2026-06-18T12:24:56.306+0000] {logging_mixin.py:154} INFO - [2026-06-18T12:24:56.305+0000] {dag.py:3722} INFO - Setting next_dagrun for report_hourly_dag to 2026-06-18T01:58:00+00:00, run_after=2026-06-18T01:59:00+00:00
[2026-06-18T12:24:56.329+0000] {processor.py:179} INFO - Processing /opt/airflow/dags/report_hourly_dag.py took 0.121 seconds
[2026-06-18T12:25:26.561+0000] {processor.py:157} INFO - Started process (PID=619) to work on /opt/airflow/dags/report_hourly_dag.py
[2026-06-18T12:25:26.561+0000] {processor.py:829} INFO - Processing file /opt/airflow/dags/report_hourly_dag.py for tasks to queue
[2026-06-18T12:25:26.563+0000] {logging_mixin.py:154} INFO - [2026-06-18T12:25:26.562+0000] {dagbag.py:536} INFO - Filling up the DagBag from /opt/airflow/dags/report_hourly_dag.py
[2026-06-18T12:25:26.578+0000] {processor.py:839} INFO - DAG(s) dict_keys(['report_hourly_dag']) retrieved from /opt/airflow/dags/report_hourly_dag.py
[2026-06-18T12:25:26.609+0000] {logging_mixin.py:154} INFO - [2026-06-18T12:25:26.609+0000] {dag.py:2941} INFO - Sync 1 DAGs
[2026-06-18T12:25:26.645+0000] {logging_mixin.py:154} INFO - [2026-06-18T12:25:26.644+0000] {dag.py:3722} INFO - Setting next_dagrun for report_hourly_dag to 2026-06-18T01:58:00+00:00, run_after=2026-06-18T01:59:00+00:00
[2026-06-18T12:25:26.670+0000] {processor.py:179} INFO - Processing /opt/airflow/dags/report_hourly_dag.py took 0.113 seconds
[2026-06-18T12:25:56.848+0000] {processor.py:157} INFO - Started process (PID=634) to work on /opt/airflow/dags/report_hourly_dag.py
[2026-06-18T12:25:56.850+0000] {processor.py:829} INFO - Processing file /opt/airflow/dags/report_hourly_dag.py for tasks to queue
[2026-06-18T12:25:56.851+0000] {logging_mixin.py:154} INFO - [2026-06-18T12:25:56.850+0000] {dagbag.py:536} INFO - Filling up the DagBag from /opt/airflow/dags/report_hourly_dag.py
[2026-06-18T12:25:56.869+0000] {processor.py:839} INFO - DAG(s) dict_keys(['report_hourly_dag']) retrieved from /opt/airflow/dags/report_hourly_dag.py
[2026-06-18T12:25:56.906+0000] {logging_mixin.py:154} INFO - [2026-06-18T12:25:56.906+0000] {dag.py:2941} INFO - Sync 1 DAGs
[2026-06-18T12:25:56.945+0000] {logging_mixin.py:154} INFO - [2026-06-18T12:25:56.945+0000] {dag.py:3722} INFO - Setting next_dagrun for report_hourly_dag to 2026-06-18T01:58:00+00:00, run_after=2026-06-18T01:59:00+00:00
[2026-06-18T12:25:56.973+0000] {processor.py:179} INFO - Processing /opt/airflow/dags/report_hourly_dag.py took 0.129 seconds
[2026-06-18T12:26:27.166+0000] {processor.py:157} INFO - Started process (PID=649) to work on /opt/airflow/dags/report_hourly_dag.py
[2026-06-18T12:26:27.168+0000] {processor.py:829} INFO - Processing file /opt/airflow/dags/report_hourly_dag.py for tasks to queue
[2026-06-18T12:26:27.168+0000] {logging_mixin.py:154} INFO - [2026-06-18T12:26:27.168+0000] {dagbag.py:536} INFO - Filling up the DagBag from /opt/airflow/dags/report_hourly_dag.py
[2026-06-18T12:26:27.188+0000] {processor.py:839} INFO - DAG(s) dict_keys(['report_hourly_dag']) retrieved from /opt/airflow/dags/report_hourly_dag.py
[2026-06-18T12:26:27.221+0000] {logging_mixin.py:154} INFO - [2026-06-18T12:26:27.220+0000] {dag.py:2941} INFO - Sync 1 DAGs
[2026-06-18T12:26:27.257+0000] {logging_mixin.py:154} INFO - [2026-06-18T12:26:27.257+0000] {dag.py:3722} INFO - Setting next_dagrun for report_hourly_dag to 2026-06-18T01:58:00+00:00, run_after=2026-06-18T01:59:00+00:00
[2026-06-18T12:26:27.294+0000] {processor.py:179} INFO - Processing /opt/airflow/dags/report_hourly_dag.py took 0.133 seconds
[2026-06-18T12:26:57.467+0000] {processor.py:157} INFO - Started process (PID=664) to work on /opt/airflow/dags/report_hourly_dag.py
[2026-06-18T12:26:57.468+0000] {processor.py:829} INFO - Processing file /opt/airflow/dags/report_hourly_dag.py for tasks to queue
[2026-06-18T12:26:57.469+0000] {logging_mixin.py:154} INFO - [2026-06-18T12:26:57.469+0000] {dagbag.py:536} INFO - Filling up the DagBag from /opt/airflow/dags/report_hourly_dag.py
[2026-06-18T12:26:57.491+0000] {processor.py:839} INFO - DAG(s) dict_keys(['report_hourly_dag']) retrieved from /opt/airflow/dags/report_hourly_dag.py
[2026-06-18T12:26:57.542+0000] {logging_mixin.py:154} INFO - [2026-06-18T12:26:57.542+0000] {dag.py:2941} INFO - Sync 1 DAGs
[2026-06-18T12:26:57.681+0000] {logging_mixin.py:154} INFO - [2026-06-18T12:26:57.680+0000] {dag.py:3722} INFO - Setting next_dagrun for report_hourly_dag to 2026-06-18T01:58:00+00:00, run_after=2026-06-18T01:59:00+00:00
[2026-06-18T12:26:57.708+0000] {processor.py:179} INFO - Processing /opt/airflow/dags/report_hourly_dag.py took 0.246 seconds
[2026-06-18T12:27:27.973+0000] {processor.py:157} INFO - Started process (PID=679) to work on /opt/airflow/dags/report_hourly_dag.py
[2026-06-18T12:27:27.974+0000] {processor.py:829} INFO - Processing file /opt/airflow/dags/report_hourly_dag.py for tasks to queue
[2026-06-18T12:27:27.975+0000] {logging_mixin.py:154} INFO - [2026-06-18T12:27:27.975+0000] {dagbag.py:536} INFO - Filling up the DagBag from /opt/airflow/dags/report_hourly_dag.py
[2026-06-18T12:27:27.990+0000] {processor.py:839} INFO - DAG(s) dict_keys(['report_hourly_dag']) retrieved from /opt/airflow/dags/report_hourly_dag.py
[2026-06-18T12:27:28.019+0000] {logging_mixin.py:154} INFO - [2026-06-18T12:27:28.019+0000] {dag.py:2941} INFO - Sync 1 DAGs
[2026-06-18T12:27:28.052+0000] {logging_mixin.py:154} INFO - [2026-06-18T12:27:28.052+0000] {dag.py:3722} INFO - Setting next_dagrun for report_hourly_dag to 2026-06-18T01:58:00+00:00, run_after=2026-06-18T01:59:00+00:00
[2026-06-18T12:27:28.074+0000] {processor.py:179} INFO - Processing /opt/airflow/dags/report_hourly_dag.py took 0.105 seconds
[2026-06-18T12:27:58.413+0000] {processor.py:157} INFO - Started process (PID=691) to work on /opt/airflow/dags/report_hourly_dag.py
[2026-06-18T12:27:58.422+0000] {processor.py:829} INFO - Processing file /opt/airflow/dags/report_hourly_dag.py for tasks to queue
[2026-06-18T12:27:58.423+0000] {logging_mixin.py:154} INFO - [2026-06-18T12:27:58.423+0000] {dagbag.py:536} INFO - Filling up the DagBag from /opt/airflow/dags/report_hourly_dag.py
[2026-06-18T12:27:58.437+0000] {processor.py:839} INFO - DAG(s) dict_keys(['report_hourly_dag']) retrieved from /opt/airflow/dags/report_hourly_dag.py
[2026-06-18T12:27:58.465+0000] {logging_mixin.py:154} INFO - [2026-06-18T12:27:58.465+0000] {dag.py:2941} INFO - Sync 1 DAGs
[2026-06-18T12:27:58.498+0000] {logging_mixin.py:154} INFO - [2026-06-18T12:27:58.498+0000] {dag.py:3722} INFO - Setting next_dagrun for report_hourly_dag to 2026-06-18T01:58:00+00:00, run_after=2026-06-18T01:59:00+00:00
[2026-06-18T12:27:58.520+0000] {processor.py:179} INFO - Processing /opt/airflow/dags/report_hourly_dag.py took 0.111 seconds
[2026-06-18T12:28:28.839+0000] {processor.py:157} INFO - Started process (PID=709) to work on /opt/airflow/dags/report_hourly_dag.py
[2026-06-18T12:28:28.840+0000] {processor.py:829} INFO - Processing file /opt/airflow/dags/report_hourly_dag.py for tasks to queue
[2026-06-18T12:28:28.841+0000] {logging_mixin.py:154} INFO - [2026-06-18T12:28:28.840+0000] {dagbag.py:536} INFO - Filling up the DagBag from /opt/airflow/dags/report_hourly_dag.py
[2026-06-18T12:28:28.864+0000] {processor.py:839} INFO - DAG(s) dict_keys(['report_hourly_dag']) retrieved from /opt/airflow/dags/report_hourly_dag.py
[2026-06-18T12:28:28.895+0000] {logging_mixin.py:154} INFO - [2026-06-18T12:28:28.895+0000] {dag.py:2941} INFO - Sync 1 DAGs
[2026-06-18T12:28:28.930+0000] {logging_mixin.py:154} INFO - [2026-06-18T12:28:28.930+0000] {dag.py:3722} INFO - Setting next_dagrun for report_hourly_dag to 2026-06-18T01:58:00+00:00, run_after=2026-06-18T01:59:00+00:00
[2026-06-18T12:28:28.956+0000] {processor.py:179} INFO - Processing /opt/airflow/dags/report_hourly_dag.py took 0.122 seconds
[2026-06-18T12:28:59.130+0000] {processor.py:157} INFO - Started process (PID=724) to work on /opt/airflow/dags/report_hourly_dag.py
[2026-06-18T12:28:59.131+0000] {processor.py:829} INFO - Processing file /opt/airflow/dags/report_hourly_dag.py for tasks to queue
[2026-06-18T12:28:59.132+0000] {logging_mixin.py:154} INFO - [2026-06-18T12:28:59.132+0000] {dagbag.py:536} INFO - Filling up the DagBag from /opt/airflow/dags/report_hourly_dag.py
[2026-06-18T12:28:59.148+0000] {processor.py:839} INFO - DAG(s) dict_keys(['report_hourly_dag']) retrieved from /opt/airflow/dags/report_hourly_dag.py
[2026-06-18T12:28:59.178+0000] {logging_mixin.py:154} INFO - [2026-06-18T12:28:59.177+0000] {dag.py:2941} INFO - Sync 1 DAGs
[2026-06-18T12:28:59.211+0000] {logging_mixin.py:154} INFO - [2026-06-18T12:28:59.210+0000] {dag.py:3722} INFO - Setting next_dagrun for report_hourly_dag to 2026-06-18T01:58:00+00:00, run_after=2026-06-18T01:59:00+00:00
[2026-06-18T12:28:59.232+0000] {processor.py:179} INFO - Processing /opt/airflow/dags/report_hourly_dag.py took 0.106 seconds
[2026-06-18T12:29:29.419+0000] {processor.py:157} INFO - Started process (PID=739) to work on /opt/airflow/dags/report_hourly_dag.py
[2026-06-18T12:29:29.419+0000] {processor.py:829} INFO - Processing file /opt/airflow/dags/report_hourly_dag.py for tasks to queue
[2026-06-18T12:29:29.420+0000] {logging_mixin.py:154} INFO - [2026-06-18T12:29:29.420+0000] {dagbag.py:536} INFO - Filling up the DagBag from /opt/airflow/dags/report_hourly_dag.py
[2026-06-18T12:29:29.428+0000] {processor.py:839} INFO - DAG(s) dict_keys(['report_hourly_dag']) retrieved from /opt/airflow/dags/report_hourly_dag.py
[2026-06-18T12:29:29.447+0000] {logging_mixin.py:154} INFO - [2026-06-18T12:29:29.447+0000] {dag.py:2941} INFO - Sync 1 DAGs
[2026-06-18T12:29:29.468+0000] {logging_mixin.py:154} INFO - [2026-06-18T12:29:29.467+0000] {dag.py:3722} INFO - Setting next_dagrun for report_hourly_dag to 2026-06-18T01:58:00+00:00, run_after=2026-06-18T01:59:00+00:00
[2026-06-18T12:29:29.483+0000] {processor.py:179} INFO - Processing /opt/airflow/dags/report_hourly_dag.py took 0.067 seconds
[2026-06-18T12:29:59.695+0000] {processor.py:157} INFO - Started process (PID=754) to work on /opt/airflow/dags/report_hourly_dag.py
[2026-06-18T12:29:59.696+0000] {processor.py:829} INFO - Processing file /opt/airflow/dags/report_hourly_dag.py for tasks to queue
[2026-06-18T12:29:59.696+0000] {logging_mixin.py:154} INFO - [2026-06-18T12:29:59.696+0000] {dagbag.py:536} INFO - Filling up the DagBag from /opt/airflow/dags/report_hourly_dag.py
[2026-06-18T12:29:59.711+0000] {processor.py:839} INFO - DAG(s) dict_keys(['report_hourly_dag']) retrieved from /opt/airflow/dags/report_hourly_dag.py
[2026-06-18T12:29:59.738+0000] {logging_mixin.py:154} INFO - [2026-06-18T12:29:59.738+0000] {dag.py:2941} INFO - Sync 1 DAGs
[2026-06-18T12:29:59.771+0000] {logging_mixin.py:154} INFO - [2026-06-18T12:29:59.770+0000] {dag.py:3722} INFO - Setting next_dagrun for report_hourly_dag to 2026-06-18T01:58:00+00:00, run_after=2026-06-18T01:59:00+00:00
[2026-06-18T12:29:59.796+0000] {processor.py:179} INFO - Processing /opt/airflow/dags/report_hourly_dag.py took 0.105 seconds
[2026-06-18T12:30:29.978+0000] {processor.py:157} INFO - Started process (PID=769) to work on /opt/airflow/dags/report_hourly_dag.py
[2026-06-18T12:30:29.979+0000] {processor.py:829} INFO - Processing file /opt/airflow/dags/report_hourly_dag.py for tasks to queue
[2026-06-18T12:30:29.980+0000] {logging_mixin.py:154} INFO - [2026-06-18T12:30:29.979+0000] {dagbag.py:536} INFO - Filling up the DagBag from /opt/airflow/dags/report_hourly_dag.py
[2026-06-18T12:30:29.995+0000] {processor.py:839} INFO - DAG(s) dict_keys(['report_hourly_dag']) retrieved from /opt/airflow/dags/report_hourly_dag.py
[2026-06-18T12:30:30.035+0000] {logging_mixin.py:154} INFO - [2026-06-18T12:30:30.035+0000] {dag.py:2941} INFO - Sync 1 DAGs
[2026-06-18T12:30:30.077+0000] {logging_mixin.py:154} INFO - [2026-06-18T12:30:30.077+0000] {dag.py:3722} INFO - Setting next_dagrun for report_hourly_dag to 2026-06-18T01:58:00+00:00, run_after=2026-06-18T01:59:00+00:00
[2026-06-18T12:30:30.108+0000] {processor.py:179} INFO - Processing /opt/airflow/dags/report_hourly_dag.py took 0.135 seconds
[2026-06-18T12:31:00.376+0000] {processor.py:157} INFO - Started process (PID=784) to work on /opt/airflow/dags/report_hourly_dag.py
[2026-06-18T12:31:00.393+0000] {processor.py:829} INFO - Processing file /opt/airflow/dags/report_hourly_dag.py for tasks to queue
[2026-06-18T12:31:00.394+0000] {logging_mixin.py:154} INFO - [2026-06-18T12:31:00.393+0000] {dagbag.py:536} INFO - Filling up the DagBag from /opt/airflow/dags/report_hourly_dag.py
[2026-06-18T12:31:00.410+0000] {processor.py:839} INFO - DAG(s) dict_keys(['report_hourly_dag']) retrieved from /opt/airflow/dags/report_hourly_dag.py
[2026-06-18T12:31:00.441+0000] {logging_mixin.py:154} INFO - [2026-06-18T12:31:00.441+0000] {dag.py:2941} INFO - Sync 1 DAGs
[2026-06-18T12:31:00.475+0000] {logging_mixin.py:154} INFO - [2026-06-18T12:31:00.475+0000] {dag.py:3722} INFO - Setting next_dagrun for report_hourly_dag to 2026-06-18T01:58:00+00:00, run_after=2026-06-18T01:59:00+00:00
[2026-06-18T12:31:00.497+0000] {processor.py:179} INFO - Processing /opt/airflow/dags/report_hourly_dag.py took 0.126 seconds
[2026-06-18T12:31:30.767+0000] {processor.py:157} INFO - Started process (PID=799) to work on /opt/airflow/dags/report_hourly_dag.py
[2026-06-18T12:31:30.767+0000] {processor.py:829} INFO - Processing file /opt/airflow/dags/report_hourly_dag.py for tasks to queue
[2026-06-18T12:31:30.769+0000] {logging_mixin.py:154} INFO - [2026-06-18T12:31:30.768+0000] {dagbag.py:536} INFO - Filling up the DagBag from /opt/airflow/dags/report_hourly_dag.py
[2026-06-18T12:31:30.802+0000] {processor.py:839} INFO - DAG(s) dict_keys(['report_hourly_dag']) retrieved from /opt/airflow/dags/report_hourly_dag.py
[2026-06-18T12:31:30.840+0000] {logging_mixin.py:154} INFO - [2026-06-18T12:31:30.840+0000] {dag.py:2941} INFO - Sync 1 DAGs
[2026-06-18T12:31:30.874+0000] {logging_mixin.py:154} INFO - [2026-06-18T12:31:30.873+0000] {dag.py:3722} INFO - Setting next_dagrun for report_hourly_dag to 2026-06-18T01:58:00+00:00, run_after=2026-06-18T01:59:00+00:00
[2026-06-18T12:31:30.899+0000] {processor.py:179} INFO - Processing /opt/airflow/dags/report_hourly_dag.py took 0.136 seconds
[2026-06-18T12:32:01.063+0000] {processor.py:157} INFO - Started process (PID=814) to work on /opt/airflow/dags/report_hourly_dag.py
[2026-06-18T12:32:01.064+0000] {processor.py:829} INFO - Processing file /opt/airflow/dags/report_hourly_dag.py for tasks to queue
[2026-06-18T12:32:01.065+0000] {logging_mixin.py:154} INFO - [2026-06-18T12:32:01.065+0000] {dagbag.py:536} INFO - Filling up the DagBag from /opt/airflow/dags/report_hourly_dag.py
[2026-06-18T12:32:01.086+0000] {processor.py:839} INFO - DAG(s) dict_keys(['report_hourly_dag']) retrieved from /opt/airflow/dags/report_hourly_dag.py
[2026-06-18T12:32:01.119+0000] {logging_mixin.py:154} INFO - [2026-06-18T12:32:01.118+0000] {dag.py:2941} INFO - Sync 1 DAGs
[2026-06-18T12:32:01.188+0000] {logging_mixin.py:154} INFO - [2026-06-18T12:32:01.188+0000] {dag.py:3722} INFO - Setting next_dagrun for report_hourly_dag to 2026-06-18T01:58:00+00:00, run_after=2026-06-18T01:59:00+00:00
[2026-06-18T12:32:01.220+0000] {processor.py:179} INFO - Processing /opt/airflow/dags/report_hourly_dag.py took 0.161 seconds
[2026-06-18T12:32:31.400+0000] {processor.py:157} INFO - Started process (PID=829) to work on /opt/airflow/dags/report_hourly_dag.py
[2026-06-18T12:32:31.401+0000] {processor.py:829} INFO - Processing file /opt/airflow/dags/report_hourly_dag.py for tasks to queue
[2026-06-18T12:32:31.402+0000] {logging_mixin.py:154} INFO - [2026-06-18T12:32:31.402+0000] {dagbag.py:536} INFO - Filling up the DagBag from /opt/airflow/dags/report_hourly_dag.py
[2026-06-18T12:32:31.422+0000] {processor.py:839} INFO - DAG(s) dict_keys(['report_hourly_dag']) retrieved from /opt/airflow/dags/report_hourly_dag.py
[2026-06-18T12:32:31.472+0000] {logging_mixin.py:154} INFO - [2026-06-18T12:32:31.472+0000] {dag.py:2941} INFO - Sync 1 DAGs
[2026-06-18T12:32:31.507+0000] {logging_mixin.py:154} INFO - [2026-06-18T12:32:31.507+0000] {dag.py:3722} INFO - Setting next_dagrun for report_hourly_dag to 2026-06-18T01:58:00+00:00, run_after=2026-06-18T01:59:00+00:00
[2026-06-18T12:32:31.531+0000] {processor.py:179} INFO - Processing /opt/airflow/dags/report_hourly_dag.py took 0.135 seconds
[2026-06-18T12:33:01.711+0000] {processor.py:157} INFO - Started process (PID=844) to work on /opt/airflow/dags/report_hourly_dag.py
[2026-06-18T12:33:01.713+0000] {processor.py:829} INFO - Processing file /opt/airflow/dags/report_hourly_dag.py for tasks to queue
[2026-06-18T12:33:01.716+0000] {logging_mixin.py:154} INFO - [2026-06-18T12:33:01.715+0000] {dagbag.py:536} INFO - Filling up the DagBag from /opt/airflow/dags/report_hourly_dag.py
[2026-06-18T12:33:01.745+0000] {processor.py:839} INFO - DAG(s) dict_keys(['report_hourly_dag']) retrieved from /opt/airflow/dags/report_hourly_dag.py
[2026-06-18T12:33:01.783+0000] {logging_mixin.py:154} INFO - [2026-06-18T12:33:01.783+0000] {dag.py:2941} INFO - Sync 1 DAGs
[2026-06-18T12:33:01.819+0000] {logging_mixin.py:154} INFO - [2026-06-18T12:33:01.819+0000] {dag.py:3722} INFO - Setting next_dagrun for report_hourly_dag to 2026-06-18T01:58:00+00:00, run_after=2026-06-18T01:59:00+00:00
[2026-06-18T12:33:01.843+0000] {processor.py:179} INFO - Processing /opt/airflow/dags/report_hourly_dag.py took 0.137 seconds
[2026-06-18T12:33:32.175+0000] {processor.py:157} INFO - Started process (PID=859) to work on /opt/airflow/dags/report_hourly_dag.py
[2026-06-18T12:33:32.176+0000] {processor.py:829} INFO - Processing file /opt/airflow/dags/report_hourly_dag.py for tasks to queue
[2026-06-18T12:33:32.177+0000] {logging_mixin.py:154} INFO - [2026-06-18T12:33:32.176+0000] {dagbag.py:536} INFO - Filling up the DagBag from /opt/airflow/dags/report_hourly_dag.py
[2026-06-18T12:33:32.191+0000] {processor.py:839} INFO - DAG(s) dict_keys(['report_hourly_dag']) retrieved from /opt/airflow/dags/report_hourly_dag.py
[2026-06-18T12:33:32.222+0000] {logging_mixin.py:154} INFO - [2026-06-18T12:33:32.221+0000] {dag.py:2941} INFO - Sync 1 DAGs
[2026-06-18T12:33:32.257+0000] {logging_mixin.py:154} INFO - [2026-06-18T12:33:32.257+0000] {dag.py:3722} INFO - Setting next_dagrun for report_hourly_dag to 2026-06-18T01:58:00+00:00, run_after=2026-06-18T01:59:00+00:00
[2026-06-18T12:33:32.281+0000] {processor.py:179} INFO - Processing /opt/airflow/dags/report_hourly_dag.py took 0.110 seconds
[2026-06-18T12:34:02.493+0000] {processor.py:157} INFO - Started process (PID=874) to work on /opt/airflow/dags/report_hourly_dag.py
[2026-06-18T12:34:02.494+0000] {processor.py:829} INFO - Processing file /opt/airflow/dags/report_hourly_dag.py for tasks to queue
[2026-06-18T12:34:02.495+0000] {logging_mixin.py:154} INFO - [2026-06-18T12:34:02.495+0000] {dagbag.py:536} INFO - Filling up the DagBag from /opt/airflow/dags/report_hourly_dag.py
[2026-06-18T12:34:02.520+0000] {processor.py:839} INFO - DAG(s) dict_keys(['report_hourly_dag']) retrieved from /opt/airflow/dags/report_hourly_dag.py
[2026-06-18T12:34:02.553+0000] {logging_mixin.py:154} INFO - [2026-06-18T12:34:02.553+0000] {dag.py:2941} INFO - Sync 1 DAGs
[2026-06-18T12:34:02.616+0000] {logging_mixin.py:154} INFO - [2026-06-18T12:34:02.616+0000] {dag.py:3722} INFO - Setting next_dagrun for report_hourly_dag to 2026-06-18T01:58:00+00:00, run_after=2026-06-18T01:59:00+00:00
[2026-06-18T12:34:02.647+0000] {processor.py:179} INFO - Processing /opt/airflow/dags/report_hourly_dag.py took 0.170 seconds
[2026-06-18T12:34:32.830+0000] {processor.py:157} INFO - Started process (PID=889) to work on /opt/airflow/dags/report_hourly_dag.py
[2026-06-18T12:34:32.831+0000] {processor.py:829} INFO - Processing file /opt/airflow/dags/report_hourly_dag.py for tasks to queue
[2026-06-18T12:34:32.832+0000] {logging_mixin.py:154} INFO - [2026-06-18T12:34:32.832+0000] {dagbag.py:536} INFO - Filling up the DagBag from /opt/airflow/dags/report_hourly_dag.py
[2026-06-18T12:34:32.847+0000] {processor.py:839} INFO - DAG(s) dict_keys(['report_hourly_dag']) retrieved from /opt/airflow/dags/report_hourly_dag.py
[2026-06-18T12:34:32.877+0000] {logging_mixin.py:154} INFO - [2026-06-18T12:34:32.877+0000] {dag.py:2941} INFO - Sync 1 DAGs
[2026-06-18T12:34:32.911+0000] {logging_mixin.py:154} INFO - [2026-06-18T12:34:32.911+0000] {dag.py:3722} INFO - Setting next_dagrun for report_hourly_dag to 2026-06-18T01:58:00+00:00, run_after=2026-06-18T01:59:00+00:00
[2026-06-18T12:34:32.933+0000] {processor.py:179} INFO - Processing /opt/airflow/dags/report_hourly_dag.py took 0.108 seconds
[2026-06-18T12:35:03.103+0000] {processor.py:157} INFO - Started process (PID=904) to work on /opt/airflow/dags/report_hourly_dag.py
[2026-06-18T12:35:03.104+0000] {processor.py:829} INFO - Processing file /opt/airflow/dags/report_hourly_dag.py for tasks to queue
[2026-06-18T12:35:03.105+0000] {logging_mixin.py:154} INFO - [2026-06-18T12:35:03.104+0000] {dagbag.py:536} INFO - Filling up the DagBag from /opt/airflow/dags/report_hourly_dag.py
[2026-06-18T12:35:03.118+0000] {processor.py:839} INFO - DAG(s) dict_keys(['report_hourly_dag']) retrieved from /opt/airflow/dags/report_hourly_dag.py
[2026-06-18T12:35:03.139+0000] {logging_mixin.py:154} INFO - [2026-06-18T12:35:03.139+0000] {dag.py:2941} INFO - Sync 1 DAGs
[2026-06-18T12:35:03.169+0000] {logging_mixin.py:154} INFO - [2026-06-18T12:35:03.169+0000] {dag.py:3722} INFO - Setting next_dagrun for report_hourly_dag to 2026-06-18T01:58:00+00:00, run_after=2026-06-18T01:59:00+00:00
[2026-06-18T12:35:03.190+0000] {processor.py:179} INFO - Processing /opt/airflow/dags/report_hourly_dag.py took 0.089 seconds
[2026-06-18T12:35:33.319+0000] {processor.py:157} INFO - Started process (PID=919) to work on /opt/airflow/dags/report_hourly_dag.py
[2026-06-18T12:35:33.320+0000] {processor.py:829} INFO - Processing file /opt/airflow/dags/report_hourly_dag.py for tasks to queue
[2026-06-18T12:35:33.321+0000] {logging_mixin.py:154} INFO - [2026-06-18T12:35:33.321+0000] {dagbag.py:536} INFO - Filling up the DagBag from /opt/airflow/dags/report_hourly_dag.py
[2026-06-18T12:35:33.330+0000] {processor.py:839} INFO - DAG(s) dict_keys(['report_hourly_dag']) retrieved from /opt/airflow/dags/report_hourly_dag.py
[2026-06-18T12:35:33.350+0000] {logging_mixin.py:154} INFO - [2026-06-18T12:35:33.350+0000] {dag.py:2941} INFO - Sync 1 DAGs
[2026-06-18T12:35:33.373+0000] {logging_mixin.py:154} INFO - [2026-06-18T12:35:33.373+0000] {dag.py:3722} INFO - Setting next_dagrun for report_hourly_dag to 2026-06-18T01:58:00+00:00, run_after=2026-06-18T01:59:00+00:00
[2026-06-18T12:35:33.400+0000] {processor.py:179} INFO - Processing /opt/airflow/dags/report_hourly_dag.py took 0.084 seconds
[2026-06-18T12:36:03.523+0000] {processor.py:157} INFO - Started process (PID=934) to work on /opt/airflow/dags/report_hourly_dag.py
[2026-06-18T12:36:03.524+0000] {processor.py:829} INFO - Processing file /opt/airflow/dags/report_hourly_dag.py for tasks to queue
[2026-06-18T12:36:03.524+0000] {logging_mixin.py:154} INFO - [2026-06-18T12:36:03.524+0000] {dagbag.py:536} INFO - Filling up the DagBag from /opt/airflow/dags/report_hourly_dag.py
[2026-06-18T12:36:03.533+0000] {processor.py:839} INFO - DAG(s) dict_keys(['report_hourly_dag']) retrieved from /opt/airflow/dags/report_hourly_dag.py
[2026-06-18T12:36:03.550+0000] {logging_mixin.py:154} INFO - [2026-06-18T12:36:03.550+0000] {dag.py:2941} INFO - Sync 1 DAGs
[2026-06-18T12:36:03.654+0000] {logging_mixin.py:154} INFO - [2026-06-18T12:36:03.654+0000] {dag.py:3722} INFO - Setting next_dagrun for report_hourly_dag to 2026-06-18T01:58:00+00:00, run_after=2026-06-18T01:59:00+00:00
[2026-06-18T12:36:03.668+0000] {processor.py:179} INFO - Processing /opt/airflow/dags/report_hourly_dag.py took 0.148 seconds
[2026-06-18T12:36:33.842+0000] {processor.py:157} INFO - Started process (PID=949) to work on /opt/airflow/dags/report_hourly_dag.py
[2026-06-18T12:36:33.845+0000] {processor.py:829} INFO - Processing file /opt/airflow/dags/report_hourly_dag.py for tasks to queue
[2026-06-18T12:36:33.846+0000] {logging_mixin.py:154} INFO - [2026-06-18T12:36:33.846+0000] {dagbag.py:536} INFO - Filling up the DagBag from /opt/airflow/dags/report_hourly_dag.py
[2026-06-18T12:36:33.854+0000] {processor.py:839} INFO - DAG(s) dict_keys(['report_hourly_dag']) retrieved from /opt/airflow/dags/report_hourly_dag.py
[2026-06-18T12:36:33.876+0000] {logging_mixin.py:154} INFO - [2026-06-18T12:36:33.875+0000] {dag.py:2941} INFO - Sync 1 DAGs
[2026-06-18T12:36:33.899+0000] {logging_mixin.py:154} INFO - [2026-06-18T12:36:33.899+0000] {dag.py:3722} INFO - Setting next_dagrun for report_hourly_dag to 2026-06-18T01:58:00+00:00, run_after=2026-06-18T01:59:00+00:00
[2026-06-18T12:36:33.915+0000] {processor.py:179} INFO - Processing /opt/airflow/dags/report_hourly_dag.py took 0.076 seconds
[2026-06-18T12:37:04.059+0000] {processor.py:157} INFO - Started process (PID=964) to work on /opt/airflow/dags/report_hourly_dag.py
[2026-06-18T12:37:04.059+0000] {processor.py:829} INFO - Processing file /opt/airflow/dags/report_hourly_dag.py for tasks to queue
[2026-06-18T12:37:04.060+0000] {logging_mixin.py:154} INFO - [2026-06-18T12:37:04.060+0000] {dagbag.py:536} INFO - Filling up the DagBag from /opt/airflow/dags/report_hourly_dag.py
[2026-06-18T12:37:04.072+0000] {processor.py:839} INFO - DAG(s) dict_keys(['report_hourly_dag']) retrieved from /opt/airflow/dags/report_hourly_dag.py
[2026-06-18T12:37:04.091+0000] {logging_mixin.py:154} INFO - [2026-06-18T12:37:04.090+0000] {dag.py:2941} INFO - Sync 1 DAGs
[2026-06-18T12:37:04.112+0000] {logging_mixin.py:154} INFO - [2026-06-18T12:37:04.112+0000] {dag.py:3722} INFO - Setting next_dagrun for report_hourly_dag to 2026-06-18T01:58:00+00:00, run_after=2026-06-18T01:59:00+00:00
[2026-06-18T12:37:04.127+0000] {processor.py:179} INFO - Processing /opt/airflow/dags/report_hourly_dag.py took 0.072 seconds
[2026-06-18T12:37:34.263+0000] {processor.py:157} INFO - Started process (PID=979) to work on /opt/airflow/dags/report_hourly_dag.py
[2026-06-18T12:37:34.266+0000] {processor.py:829} INFO - Processing file /opt/airflow/dags/report_hourly_dag.py for tasks to queue
[2026-06-18T12:37:34.267+0000] {logging_mixin.py:154} INFO - [2026-06-18T12:37:34.266+0000] {dagbag.py:536} INFO - Filling up the DagBag from /opt/airflow/dags/report_hourly_dag.py
[2026-06-18T12:37:34.276+0000] {processor.py:839} INFO - DAG(s) dict_keys(['report_hourly_dag']) retrieved from /opt/airflow/dags/report_hourly_dag.py
[2026-06-18T12:37:34.295+0000] {logging_mixin.py:154} INFO - [2026-06-18T12:37:34.295+0000] {dag.py:2941} INFO - Sync 1 DAGs
[2026-06-18T12:37:34.315+0000] {logging_mixin.py:154} INFO - [2026-06-18T12:37:34.315+0000] {dag.py:3722} INFO - Setting next_dagrun for report_hourly_dag to 2026-06-18T01:58:00+00:00, run_after=2026-06-18T01:59:00+00:00
[2026-06-18T12:37:34.333+0000] {processor.py:179} INFO - Processing /opt/airflow/dags/report_hourly_dag.py took 0.073 seconds
[2026-06-18T12:38:04.490+0000] {processor.py:157} INFO - Started process (PID=994) to work on /opt/airflow/dags/report_hourly_dag.py
[2026-06-18T12:38:04.490+0000] {processor.py:829} INFO - Processing file /opt/airflow/dags/report_hourly_dag.py for tasks to queue
[2026-06-18T12:38:04.491+0000] {logging_mixin.py:154} INFO - [2026-06-18T12:38:04.491+0000] {dagbag.py:536} INFO - Filling up the DagBag from /opt/airflow/dags/report_hourly_dag.py
[2026-06-18T12:38:04.501+0000] {processor.py:839} INFO - DAG(s) dict_keys(['report_hourly_dag']) retrieved from /opt/airflow/dags/report_hourly_dag.py
[2026-06-18T12:38:04.519+0000] {logging_mixin.py:154} INFO - [2026-06-18T12:38:04.518+0000] {dag.py:2941} INFO - Sync 1 DAGs
[2026-06-18T12:38:04.540+0000] {logging_mixin.py:154} INFO - [2026-06-18T12:38:04.540+0000] {dag.py:3722} INFO - Setting next_dagrun for report_hourly_dag to 2026-06-18T01:58:00+00:00, run_after=2026-06-18T01:59:00+00:00
[2026-06-18T12:38:04.557+0000] {processor.py:179} INFO - Processing /opt/airflow/dags/report_hourly_dag.py took 0.071 seconds
[2026-06-18T12:38:34.700+0000] {processor.py:157} INFO - Started process (PID=1009) to work on /opt/airflow/dags/report_hourly_dag.py
[2026-06-18T12:38:34.700+0000] {processor.py:829} INFO - Processing file /opt/airflow/dags/report_hourly_dag.py for tasks to queue
[2026-06-18T12:38:34.701+0000] {logging_mixin.py:154} INFO - [2026-06-18T12:38:34.701+0000] {dagbag.py:536} INFO - Filling up the DagBag from /opt/airflow/dags/report_hourly_dag.py
[2026-06-18T12:38:34.713+0000] {processor.py:839} INFO - DAG(s) dict_keys(['report_hourly_dag']) retrieved from /opt/airflow/dags/report_hourly_dag.py
[2026-06-18T12:38:34.731+0000] {logging_mixin.py:154} INFO - [2026-06-18T12:38:34.731+0000] {dag.py:2941} INFO - Sync 1 DAGs
[2026-06-18T12:38:34.752+0000] {logging_mixin.py:154} INFO - [2026-06-18T12:38:34.752+0000] {dag.py:3722} INFO - Setting next_dagrun for report_hourly_dag to 2026-06-18T01:58:00+00:00, run_after=2026-06-18T01:59:00+00:00
[2026-06-18T12:38:34.768+0000] {processor.py:179} INFO - Processing /opt/airflow/dags/report_hourly_dag.py took 0.072 seconds
[2026-06-18T12:39:04.944+0000] {processor.py:157} INFO - Started process (PID=1024) to work on /opt/airflow/dags/report_hourly_dag.py
[2026-06-18T12:39:04.944+0000] {processor.py:829} INFO - Processing file /opt/airflow/dags/report_hourly_dag.py for tasks to queue
[2026-06-18T12:39:04.945+0000] {logging_mixin.py:154} INFO - [2026-06-18T12:39:04.945+0000] {dagbag.py:536} INFO - Filling up the DagBag from /opt/airflow/dags/report_hourly_dag.py
[2026-06-18T12:39:04.957+0000] {processor.py:839} INFO - DAG(s) dict_keys(['report_hourly_dag']) retrieved from /opt/airflow/dags/report_hourly_dag.py
[2026-06-18T12:39:04.977+0000] {logging_mixin.py:154} INFO - [2026-06-18T12:39:04.977+0000] {dag.py:2941} INFO - Sync 1 DAGs
[2026-06-18T12:39:04.999+0000] {logging_mixin.py:154} INFO - [2026-06-18T12:39:04.999+0000] {dag.py:3722} INFO - Setting next_dagrun for report_hourly_dag to 2026-06-18T01:58:00+00:00, run_after=2026-06-18T01:59:00+00:00
[2026-06-18T12:39:05.013+0000] {processor.py:179} INFO - Processing /opt/airflow/dags/report_hourly_dag.py took 0.073 seconds
[2026-06-18T12:39:35.215+0000] {processor.py:157} INFO - Started process (PID=1039) to work on /opt/airflow/dags/report_hourly_dag.py
[2026-06-18T12:39:35.217+0000] {processor.py:829} INFO - Processing file /opt/airflow/dags/report_hourly_dag.py for tasks to queue
[2026-06-18T12:39:35.218+0000] {logging_mixin.py:154} INFO - [2026-06-18T12:39:35.218+0000] {dagbag.py:536} INFO - Filling up the DagBag from /opt/airflow/dags/report_hourly_dag.py
[2026-06-18T12:39:35.226+0000] {processor.py:839} INFO - DAG(s) dict_keys(['report_hourly_dag']) retrieved from /opt/airflow/dags/report_hourly_dag.py
[2026-06-18T12:39:35.243+0000] {logging_mixin.py:154} INFO - [2026-06-18T12:39:35.243+0000] {dag.py:2941} INFO - Sync 1 DAGs
[2026-06-18T12:39:35.261+0000] {logging_mixin.py:154} INFO - [2026-06-18T12:39:35.261+0000] {dag.py:3722} INFO - Setting next_dagrun for report_hourly_dag to 2026-06-18T01:58:00+00:00, run_after=2026-06-18T01:59:00+00:00
[2026-06-18T12:39:35.277+0000] {processor.py:179} INFO - Processing /opt/airflow/dags/report_hourly_dag.py took 0.065 seconds
[2026-06-18T12:40:05.503+0000] {processor.py:157} INFO - Started process (PID=1054) to work on /opt/airflow/dags/report_hourly_dag.py
[2026-06-18T12:40:05.503+0000] {processor.py:829} INFO - Processing file /opt/airflow/dags/report_hourly_dag.py for tasks to queue
[2026-06-18T12:40:05.504+0000] {logging_mixin.py:154} INFO - [2026-06-18T12:40:05.504+0000] {dagbag.py:536} INFO - Filling up the DagBag from /opt/airflow/dags/report_hourly_dag.py
[2026-06-18T12:40:05.515+0000] {processor.py:839} INFO - DAG(s) dict_keys(['report_hourly_dag']) retrieved from /opt/airflow/dags/report_hourly_dag.py
[2026-06-18T12:40:05.536+0000] {logging_mixin.py:154} INFO - [2026-06-18T12:40:05.536+0000] {dag.py:2941} INFO - Sync 1 DAGs
[2026-06-18T12:40:05.563+0000] {logging_mixin.py:154} INFO - [2026-06-18T12:40:05.563+0000] {dag.py:3722} INFO - Setting next_dagrun for report_hourly_dag to 2026-06-18T01:58:00+00:00, run_after=2026-06-18T01:59:00+00:00
[2026-06-18T12:40:05.582+0000] {processor.py:179} INFO - Processing /opt/airflow/dags/report_hourly_dag.py took 0.082 seconds
[2026-06-18T12:40:35.740+0000] {processor.py:157} INFO - Started process (PID=1069) to work on /opt/airflow/dags/report_hourly_dag.py
[2026-06-18T12:40:35.745+0000] {processor.py:829} INFO - Processing file /opt/airflow/dags/report_hourly_dag.py for tasks to queue
[2026-06-18T12:40:35.746+0000] {logging_mixin.py:154} INFO - [2026-06-18T12:40:35.745+0000] {dagbag.py:536} INFO - Filling up the DagBag from /opt/airflow/dags/report_hourly_dag.py
[2026-06-18T12:40:35.755+0000] {processor.py:839} INFO - DAG(s) dict_keys(['report_hourly_dag']) retrieved from /opt/airflow/dags/report_hourly_dag.py
[2026-06-18T12:40:35.775+0000] {logging_mixin.py:154} INFO - [2026-06-18T12:40:35.774+0000] {dag.py:2941} INFO - Sync 1 DAGs
[2026-06-18T12:40:35.797+0000] {logging_mixin.py:154} INFO - [2026-06-18T12:40:35.796+0000] {dag.py:3722} INFO - Setting next_dagrun for report_hourly_dag to 2026-06-18T01:58:00+00:00, run_after=2026-06-18T01:59:00+00:00
[2026-06-18T12:40:35.813+0000] {processor.py:179} INFO - Processing /opt/airflow/dags/report_hourly_dag.py took 0.076 seconds
[2026-06-18T12:41:05.968+0000] {processor.py:157} INFO - Started process (PID=1084) to work on /opt/airflow/dags/report_hourly_dag.py
[2026-06-18T12:41:05.969+0000] {processor.py:829} INFO - Processing file /opt/airflow/dags/report_hourly_dag.py for tasks to queue
[2026-06-18T12:41:05.970+0000] {logging_mixin.py:154} INFO - [2026-06-18T12:41:05.969+0000] {dagbag.py:536} INFO - Filling up the DagBag from /opt/airflow/dags/report_hourly_dag.py
[2026-06-18T12:41:05.981+0000] {processor.py:839} INFO - DAG(s) dict_keys(['report_hourly_dag']) retrieved from /opt/airflow/dags/report_hourly_dag.py
[2026-06-18T12:41:06.002+0000] {logging_mixin.py:154} INFO - [2026-06-18T12:41:06.002+0000] {dag.py:2941} INFO - Sync 1 DAGs
[2026-06-18T12:41:06.024+0000] {logging_mixin.py:154} INFO - [2026-06-18T12:41:06.024+0000] {dag.py:3722} INFO - Setting next_dagrun for report_hourly_dag to 2026-06-18T01:58:00+00:00, run_after=2026-06-18T01:59:00+00:00
[2026-06-18T12:41:06.037+0000] {processor.py:179} INFO - Processing /opt/airflow/dags/report_hourly_dag.py took 0.071 seconds
[2026-06-18T12:41:36.235+0000] {processor.py:157} INFO - Started process (PID=1099) to work on /opt/airflow/dags/report_hourly_dag.py
[2026-06-18T12:41:36.236+0000] {processor.py:829} INFO - Processing file /opt/airflow/dags/report_hourly_dag.py for tasks to queue
[2026-06-18T12:41:36.236+0000] {logging_mixin.py:154} INFO - [2026-06-18T12:41:36.236+0000] {dagbag.py:536} INFO - Filling up the DagBag from /opt/airflow/dags/report_hourly_dag.py
[2026-06-18T12:41:36.247+0000] {processor.py:839} INFO - DAG(s) dict_keys(['report_hourly_dag']) retrieved from /opt/airflow/dags/report_hourly_dag.py
[2026-06-18T12:41:36.265+0000] {logging_mixin.py:154} INFO - [2026-06-18T12:41:36.265+0000] {dag.py:2941} INFO - Sync 1 DAGs
[2026-06-18T12:41:36.285+0000] {logging_mixin.py:154} INFO - [2026-06-18T12:41:36.285+0000] {dag.py:3722} INFO - Setting next_dagrun for report_hourly_dag to 2026-06-18T01:58:00+00:00, run_after=2026-06-18T01:59:00+00:00
[2026-06-18T12:41:36.300+0000] {processor.py:179} INFO - Processing /opt/airflow/dags/report_hourly_dag.py took 0.068 seconds
[2026-06-18T12:42:06.462+0000] {processor.py:157} INFO - Started process (PID=1114) to work on /opt/airflow/dags/report_hourly_dag.py
[2026-06-18T12:42:06.463+0000] {processor.py:829} INFO - Processing file /opt/airflow/dags/report_hourly_dag.py for tasks to queue
[2026-06-18T12:42:06.464+0000] {logging_mixin.py:154} INFO - [2026-06-18T12:42:06.463+0000] {dagbag.py:536} INFO - Filling up the DagBag from /opt/airflow/dags/report_hourly_dag.py
[2026-06-18T12:42:06.473+0000] {processor.py:839} INFO - DAG(s) dict_keys(['report_hourly_dag']) retrieved from /opt/airflow/dags/report_hourly_dag.py
[2026-06-18T12:42:06.492+0000] {logging_mixin.py:154} INFO - [2026-06-18T12:42:06.492+0000] {dag.py:2941} INFO - Sync 1 DAGs
[2026-06-18T12:42:06.512+0000] {logging_mixin.py:154} INFO - [2026-06-18T12:42:06.512+0000] {dag.py:3722} INFO - Setting next_dagrun for report_hourly_dag to 2026-06-18T01:58:00+00:00, run_after=2026-06-18T01:59:00+00:00
[2026-06-18T12:42:06.527+0000] {processor.py:179} INFO - Processing /opt/airflow/dags/report_hourly_dag.py took 0.067 seconds
[2026-06-18T12:42:36.741+0000] {processor.py:157} INFO - Started process (PID=1129) to work on /opt/airflow/dags/report_hourly_dag.py
[2026-06-18T12:42:36.743+0000] {processor.py:829} INFO - Processing file /opt/airflow/dags/report_hourly_dag.py for tasks to queue
[2026-06-18T12:42:36.744+0000] {logging_mixin.py:154} INFO - [2026-06-18T12:42:36.744+0000] {dagbag.py:536} INFO - Filling up the DagBag from /opt/airflow/dags/report_hourly_dag.py
[2026-06-18T12:42:36.757+0000] {processor.py:839} INFO - DAG(s) dict_keys(['report_hourly_dag']) retrieved from /opt/airflow/dags/report_hourly_dag.py
[2026-06-18T12:42:36.778+0000] {logging_mixin.py:154} INFO - [2026-06-18T12:42:36.778+0000] {dag.py:2941} INFO - Sync 1 DAGs
[2026-06-18T12:42:36.800+0000] {logging_mixin.py:154} INFO - [2026-06-18T12:42:36.800+0000] {dag.py:3722} INFO - Setting next_dagrun for report_hourly_dag to 2026-06-18T01:58:00+00:00, run_after=2026-06-18T01:59:00+00:00
[2026-06-18T12:42:36.820+0000] {processor.py:179} INFO - Processing /opt/airflow/dags/report_hourly_dag.py took 0.083 seconds
[2026-06-18T12:43:07.027+0000] {processor.py:157} INFO - Started process (PID=1144) to work on /opt/airflow/dags/report_hourly_dag.py
[2026-06-18T12:43:07.028+0000] {processor.py:829} INFO - Processing file /opt/airflow/dags/report_hourly_dag.py for tasks to queue
[2026-06-18T12:43:07.029+0000] {logging_mixin.py:154} INFO - [2026-06-18T12:43:07.028+0000] {dagbag.py:536} INFO - Filling up the DagBag from /opt/airflow/dags/report_hourly_dag.py
[2026-06-18T12:43:07.045+0000] {processor.py:839} INFO - DAG(s) dict_keys(['report_hourly_dag']) retrieved from /opt/airflow/dags/report_hourly_dag.py
[2026-06-18T12:43:07.063+0000] {logging_mixin.py:154} INFO - [2026-06-18T12:43:07.063+0000] {dag.py:2941} INFO - Sync 1 DAGs
[2026-06-18T12:43:07.085+0000] {logging_mixin.py:154} INFO - [2026-06-18T12:43:07.085+0000] {dag.py:3722} INFO - Setting next_dagrun for report_hourly_dag to 2026-06-18T01:58:00+00:00, run_after=2026-06-18T01:59:00+00:00
[2026-06-18T12:43:07.101+0000] {processor.py:179} INFO - Processing /opt/airflow/dags/report_hourly_dag.py took 0.079 seconds
[2026-06-18T12:43:37.278+0000] {processor.py:157} INFO - Started process (PID=1159) to work on /opt/airflow/dags/report_hourly_dag.py
[2026-06-18T12:43:37.281+0000] {processor.py:829} INFO - Processing file /opt/airflow/dags/report_hourly_dag.py for tasks to queue
[2026-06-18T12:43:37.281+0000] {logging_mixin.py:154} INFO - [2026-06-18T12:43:37.281+0000] {dagbag.py:536} INFO - Filling up the DagBag from /opt/airflow/dags/report_hourly_dag.py
[2026-06-18T12:43:37.294+0000] {processor.py:839} INFO - DAG(s) dict_keys(['report_hourly_dag']) retrieved from /opt/airflow/dags/report_hourly_dag.py
[2026-06-18T12:43:37.316+0000] {logging_mixin.py:154} INFO - [2026-06-18T12:43:37.316+0000] {dag.py:2941} INFO - Sync 1 DAGs
[2026-06-18T12:43:37.336+0000] {logging_mixin.py:154} INFO - [2026-06-18T12:43:37.336+0000] {dag.py:3722} INFO - Setting next_dagrun for report_hourly_dag to 2026-06-18T01:58:00+00:00, run_after=2026-06-18T01:59:00+00:00
[2026-06-18T12:43:37.351+0000] {processor.py:179} INFO - Processing /opt/airflow/dags/report_hourly_dag.py took 0.076 seconds
[2026-06-18T12:44:07.534+0000] {processor.py:157} INFO - Started process (PID=1174) to work on /opt/airflow/dags/report_hourly_dag.py
[2026-06-18T12:44:07.535+0000] {processor.py:829} INFO - Processing file /opt/airflow/dags/report_hourly_dag.py for tasks to queue
[2026-06-18T12:44:07.536+0000] {logging_mixin.py:154} INFO - [2026-06-18T12:44:07.535+0000] {dagbag.py:536} INFO - Filling up the DagBag from /opt/airflow/dags/report_hourly_dag.py
[2026-06-18T12:44:07.547+0000] {processor.py:839} INFO - DAG(s) dict_keys(['report_hourly_dag']) retrieved from /opt/airflow/dags/report_hourly_dag.py
[2026-06-18T12:44:07.564+0000] {logging_mixin.py:154} INFO - [2026-06-18T12:44:07.564+0000] {dag.py:2941} INFO - Sync 1 DAGs
[2026-06-18T12:44:07.582+0000] {logging_mixin.py:154} INFO - [2026-06-18T12:44:07.582+0000] {dag.py:3722} INFO - Setting next_dagrun for report_hourly_dag to 2026-06-18T01:58:00+00:00, run_after=2026-06-18T01:59:00+00:00
[2026-06-18T12:44:07.597+0000] {processor.py:179} INFO - Processing /opt/airflow/dags/report_hourly_dag.py took 0.067 seconds
[2026-06-18T12:44:37.850+0000] {processor.py:157} INFO - Started process (PID=1189) to work on /opt/airflow/dags/report_hourly_dag.py
[2026-06-18T12:44:37.854+0000] {processor.py:829} INFO - Processing file /opt/airflow/dags/report_hourly_dag.py for tasks to queue
[2026-06-18T12:44:37.857+0000] {logging_mixin.py:154} INFO - [2026-06-18T12:44:37.856+0000] {dagbag.py:536} INFO - Filling up the DagBag from /opt/airflow/dags/report_hourly_dag.py
[2026-06-18T12:44:37.887+0000] {processor.py:839} INFO - DAG(s) dict_keys(['report_hourly_dag']) retrieved from /opt/airflow/dags/report_hourly_dag.py
[2026-06-18T12:44:37.919+0000] {logging_mixin.py:154} INFO - [2026-06-18T12:44:37.918+0000] {dag.py:2941} INFO - Sync 1 DAGs
[2026-06-18T12:44:37.940+0000] {logging_mixin.py:154} INFO - [2026-06-18T12:44:37.939+0000] {dag.py:3722} INFO - Setting next_dagrun for report_hourly_dag to 2026-06-18T01:58:00+00:00, run_after=2026-06-18T01:59:00+00:00
[2026-06-18T12:44:37.953+0000] {processor.py:179} INFO - Processing /opt/airflow/dags/report_hourly_dag.py took 0.117 seconds
[2026-06-18T12:45:08.143+0000] {processor.py:157} INFO - Started process (PID=1204) to work on /opt/airflow/dags/report_hourly_dag.py
[2026-06-18T12:45:08.144+0000] {processor.py:829} INFO - Processing file /opt/airflow/dags/report_hourly_dag.py for tasks to queue
[2026-06-18T12:45:08.145+0000] {logging_mixin.py:154} INFO - [2026-06-18T12:45:08.144+0000] {dagbag.py:536} INFO - Filling up the DagBag from /opt/airflow/dags/report_hourly_dag.py
[2026-06-18T12:45:08.156+0000] {processor.py:839} INFO - DAG(s) dict_keys(['report_hourly_dag']) retrieved from /opt/airflow/dags/report_hourly_dag.py
[2026-06-18T12:45:08.174+0000] {logging_mixin.py:154} INFO - [2026-06-18T12:45:08.173+0000] {dag.py:2941} INFO - Sync 1 DAGs
[2026-06-18T12:45:08.195+0000] {logging_mixin.py:154} INFO - [2026-06-18T12:45:08.195+0000] {dag.py:3722} INFO - Setting next_dagrun for report_hourly_dag to 2026-06-18T01:58:00+00:00, run_after=2026-06-18T01:59:00+00:00
[2026-06-18T12:45:08.215+0000] {processor.py:179} INFO - Processing /opt/airflow/dags/report_hourly_dag.py took 0.075 seconds
[2026-06-18T12:45:38.399+0000] {processor.py:157} INFO - Started process (PID=1219) to work on /opt/airflow/dags/report_hourly_dag.py
[2026-06-18T12:45:38.402+0000] {processor.py:829} INFO - Processing file /opt/airflow/dags/report_hourly_dag.py for tasks to queue
[2026-06-18T12:45:38.403+0000] {logging_mixin.py:154} INFO - [2026-06-18T12:45:38.403+0000] {dagbag.py:536} INFO - Filling up the DagBag from /opt/airflow/dags/report_hourly_dag.py
[2026-06-18T12:45:38.415+0000] {processor.py:839} INFO - DAG(s) dict_keys(['report_hourly_dag']) retrieved from /opt/airflow/dags/report_hourly_dag.py
[2026-06-18T12:45:38.436+0000] {logging_mixin.py:154} INFO - [2026-06-18T12:45:38.436+0000] {dag.py:2941} INFO - Sync 1 DAGs
[2026-06-18T12:45:38.456+0000] {logging_mixin.py:154} INFO - [2026-06-18T12:45:38.456+0000] {dag.py:3722} INFO - Setting next_dagrun for report_hourly_dag to 2026-06-18T01:58:00+00:00, run_after=2026-06-18T01:59:00+00:00
[2026-06-18T12:45:38.471+0000] {processor.py:179} INFO - Processing /opt/airflow/dags/report_hourly_dag.py took 0.075 seconds
[2026-06-18T12:46:08.708+0000] {processor.py:157} INFO - Started process (PID=1234) to work on /opt/airflow/dags/report_hourly_dag.py
[2026-06-18T12:46:08.708+0000] {processor.py:829} INFO - Processing file /opt/airflow/dags/report_hourly_dag.py for tasks to queue
[2026-06-18T12:46:08.709+0000] {logging_mixin.py:154} INFO - [2026-06-18T12:46:08.709+0000] {dagbag.py:536} INFO - Filling up the DagBag from /opt/airflow/dags/report_hourly_dag.py
[2026-06-18T12:46:08.720+0000] {processor.py:839} INFO - DAG(s) dict_keys(['report_hourly_dag']) retrieved from /opt/airflow/dags/report_hourly_dag.py
[2026-06-18T12:46:08.738+0000] {logging_mixin.py:154} INFO - [2026-06-18T12:46:08.738+0000] {dag.py:2941} INFO - Sync 1 DAGs
[2026-06-18T12:46:08.756+0000] {logging_mixin.py:154} INFO - [2026-06-18T12:46:08.756+0000] {dag.py:3722} INFO - Setting next_dagrun for report_hourly_dag to 2026-06-18T01:58:00+00:00, run_after=2026-06-18T01:59:00+00:00
[2026-06-18T12:46:08.770+0000] {processor.py:179} INFO - Processing /opt/airflow/dags/report_hourly_dag.py took 0.065 seconds
[2026-06-18T12:46:38.970+0000] {processor.py:157} INFO - Started process (PID=1249) to work on /opt/airflow/dags/report_hourly_dag.py
[2026-06-18T12:46:38.973+0000] {processor.py:829} INFO - Processing file /opt/airflow/dags/report_hourly_dag.py for tasks to queue
[2026-06-18T12:46:38.974+0000] {logging_mixin.py:154} INFO - [2026-06-18T12:46:38.974+0000] {dagbag.py:536} INFO - Filling up the DagBag from /opt/airflow/dags/report_hourly_dag.py
[2026-06-18T12:46:38.985+0000] {processor.py:839} INFO - DAG(s) dict_keys(['report_hourly_dag']) retrieved from /opt/airflow/dags/report_hourly_dag.py
[2026-06-18T12:46:39.007+0000] {logging_mixin.py:154} INFO - [2026-06-18T12:46:39.006+0000] {dag.py:2941} INFO - Sync 1 DAGs
[2026-06-18T12:46:39.032+0000] {logging_mixin.py:154} INFO - [2026-06-18T12:46:39.032+0000] {dag.py:3722} INFO - Setting next_dagrun for report_hourly_dag to 2026-06-18T01:58:00+00:00, run_after=2026-06-18T01:59:00+00:00
[2026-06-18T12:46:39.053+0000] {processor.py:179} INFO - Processing /opt/airflow/dags/report_hourly_dag.py took 0.087 seconds
[2026-06-18T12:47:09.251+0000] {processor.py:157} INFO - Started process (PID=1264) to work on /opt/airflow/dags/report_hourly_dag.py
[2026-06-18T12:47:09.252+0000] {processor.py:829} INFO - Processing file /opt/airflow/dags/report_hourly_dag.py for tasks to queue
[2026-06-18T12:47:09.252+0000] {logging_mixin.py:154} INFO - [2026-06-18T12:47:09.252+0000] {dagbag.py:536} INFO - Filling up the DagBag from /opt/airflow/dags/report_hourly_dag.py
[2026-06-18T12:47:09.263+0000] {processor.py:839} INFO - DAG(s) dict_keys(['report_hourly_dag']) retrieved from /opt/airflow/dags/report_hourly_dag.py
[2026-06-18T12:47:09.280+0000] {logging_mixin.py:154} INFO - [2026-06-18T12:47:09.280+0000] {dag.py:2941} INFO - Sync 1 DAGs
[2026-06-18T12:47:09.300+0000] {logging_mixin.py:154} INFO - [2026-06-18T12:47:09.300+0000] {dag.py:3722} INFO - Setting next_dagrun for report_hourly_dag to 2026-06-18T01:58:00+00:00, run_after=2026-06-18T01:59:00+00:00
[2026-06-18T12:47:09.313+0000] {processor.py:179} INFO - Processing /opt/airflow/dags/report_hourly_dag.py took 0.065 seconds
[2026-06-18T12:47:39.502+0000] {processor.py:157} INFO - Started process (PID=1279) to work on /opt/airflow/dags/report_hourly_dag.py
[2026-06-18T12:47:39.504+0000] {processor.py:829} INFO - Processing file /opt/airflow/dags/report_hourly_dag.py for tasks to queue
[2026-06-18T12:47:39.505+0000] {logging_mixin.py:154} INFO - [2026-06-18T12:47:39.504+0000] {dagbag.py:536} INFO - Filling up the DagBag from /opt/airflow/dags/report_hourly_dag.py
[2026-06-18T12:47:39.515+0000] {processor.py:839} INFO - DAG(s) dict_keys(['report_hourly_dag']) retrieved from /opt/airflow/dags/report_hourly_dag.py
[2026-06-18T12:47:39.535+0000] {logging_mixin.py:154} INFO - [2026-06-18T12:47:39.535+0000] {dag.py:2941} INFO - Sync 1 DAGs
[2026-06-18T12:47:39.554+0000] {logging_mixin.py:154} INFO - [2026-06-18T12:47:39.554+0000] {dag.py:3722} INFO - Setting next_dagrun for report_hourly_dag to 2026-06-18T01:58:00+00:00, run_after=2026-06-18T01:59:00+00:00
[2026-06-18T12:47:39.568+0000] {processor.py:179} INFO - Processing /opt/airflow/dags/report_hourly_dag.py took 0.069 seconds
[2026-06-18T12:48:09.733+0000] {processor.py:157} INFO - Started process (PID=1294) to work on /opt/airflow/dags/report_hourly_dag.py
[2026-06-18T12:48:09.733+0000] {processor.py:829} INFO - Processing file /opt/airflow/dags/report_hourly_dag.py for tasks to queue
[2026-06-18T12:48:09.734+0000] {logging_mixin.py:154} INFO - [2026-06-18T12:48:09.734+0000] {dagbag.py:536} INFO - Filling up the DagBag from /opt/airflow/dags/report_hourly_dag.py
[2026-06-18T12:48:09.745+0000] {processor.py:839} INFO - DAG(s) dict_keys(['report_hourly_dag']) retrieved from /opt/airflow/dags/report_hourly_dag.py
[2026-06-18T12:48:09.763+0000] {logging_mixin.py:154} INFO - [2026-06-18T12:48:09.763+0000] {dag.py:2941} INFO - Sync 1 DAGs
[2026-06-18T12:48:09.784+0000] {logging_mixin.py:154} INFO - [2026-06-18T12:48:09.783+0000] {dag.py:3722} INFO - Setting next_dagrun for report_hourly_dag to 2026-06-18T01:58:00+00:00, run_after=2026-06-18T01:59:00+00:00
[2026-06-18T12:48:09.798+0000] {processor.py:179} INFO - Processing /opt/airflow/dags/report_hourly_dag.py took 0.068 seconds
[2026-06-18T12:48:39.960+0000] {processor.py:157} INFO - Started process (PID=1309) to work on /opt/airflow/dags/report_hourly_dag.py
[2026-06-18T12:48:39.961+0000] {processor.py:829} INFO - Processing file /opt/airflow/dags/report_hourly_dag.py for tasks to queue
[2026-06-18T12:48:39.962+0000] {logging_mixin.py:154} INFO - [2026-06-18T12:48:39.962+0000] {dagbag.py:536} INFO - Filling up the DagBag from /opt/airflow/dags/report_hourly_dag.py
[2026-06-18T12:48:39.972+0000] {processor.py:839} INFO - DAG(s) dict_keys(['report_hourly_dag']) retrieved from /opt/airflow/dags/report_hourly_dag.py
[2026-06-18T12:48:39.990+0000] {logging_mixin.py:154} INFO - [2026-06-18T12:48:39.990+0000] {dag.py:2941} INFO - Sync 1 DAGs
[2026-06-18T12:48:40.009+0000] {logging_mixin.py:154} INFO - [2026-06-18T12:48:40.009+0000] {dag.py:3722} INFO - Setting next_dagrun for report_hourly_dag to 2026-06-18T01:58:00+00:00, run_after=2026-06-18T01:59:00+00:00
[2026-06-18T12:48:40.022+0000] {processor.py:179} INFO - Processing /opt/airflow/dags/report_hourly_dag.py took 0.066 seconds
[2026-06-18T12:49:10.228+0000] {processor.py:157} INFO - Started process (PID=1324) to work on /opt/airflow/dags/report_hourly_dag.py
[2026-06-18T12:49:10.228+0000] {processor.py:829} INFO - Processing file /opt/airflow/dags/report_hourly_dag.py for tasks to queue
[2026-06-18T12:49:10.229+0000] {logging_mixin.py:154} INFO - [2026-06-18T12:49:10.229+0000] {dagbag.py:536} INFO - Filling up the DagBag from /opt/airflow/dags/report_hourly_dag.py
[2026-06-18T12:49:10.238+0000] {processor.py:839} INFO - DAG(s) dict_keys(['report_hourly_dag']) retrieved from /opt/airflow/dags/report_hourly_dag.py
[2026-06-18T12:49:10.257+0000] {logging_mixin.py:154} INFO - [2026-06-18T12:49:10.257+0000] {dag.py:2941} INFO - Sync 1 DAGs
[2026-06-18T12:49:10.280+0000] {logging_mixin.py:154} INFO - [2026-06-18T12:49:10.280+0000] {dag.py:3722} INFO - Setting next_dagrun for report_hourly_dag to 2026-06-18T01:58:00+00:00, run_after=2026-06-18T01:59:00+00:00
[2026-06-18T12:49:10.293+0000] {processor.py:179} INFO - Processing /opt/airflow/dags/report_hourly_dag.py took 0.069 seconds
[2026-06-18T12:49:40.508+0000] {processor.py:157} INFO - Started process (PID=1339) to work on /opt/airflow/dags/report_hourly_dag.py
[2026-06-18T12:49:40.509+0000] {processor.py:829} INFO - Processing file /opt/airflow/dags/report_hourly_dag.py for tasks to queue
[2026-06-18T12:49:40.510+0000] {logging_mixin.py:154} INFO - [2026-06-18T12:49:40.510+0000] {dagbag.py:536} INFO - Filling up the DagBag from /opt/airflow/dags/report_hourly_dag.py
[2026-06-18T12:49:40.529+0000] {processor.py:839} INFO - DAG(s) dict_keys(['report_hourly_dag']) retrieved from /opt/airflow/dags/report_hourly_dag.py
[2026-06-18T12:49:40.561+0000] {logging_mixin.py:154} INFO - [2026-06-18T12:49:40.560+0000] {dag.py:2941} INFO - Sync 1 DAGs
[2026-06-18T12:49:40.586+0000] {logging_mixin.py:154} INFO - [2026-06-18T12:49:40.586+0000] {dag.py:3722} INFO - Setting next_dagrun for report_hourly_dag to 2026-06-18T01:58:00+00:00, run_after=2026-06-18T01:59:00+00:00
[2026-06-18T12:49:40.600+0000] {processor.py:179} INFO - Processing /opt/airflow/dags/report_hourly_dag.py took 0.098 seconds
[2026-06-18T12:50:10.782+0000] {processor.py:157} INFO - Started process (PID=1354) to work on /opt/airflow/dags/report_hourly_dag.py
[2026-06-18T12:50:10.783+0000] {processor.py:829} INFO - Processing file /opt/airflow/dags/report_hourly_dag.py for tasks to queue
[2026-06-18T12:50:10.784+0000] {logging_mixin.py:154} INFO - [2026-06-18T12:50:10.783+0000] {dagbag.py:536} INFO - Filling up the DagBag from /opt/airflow/dags/report_hourly_dag.py
[2026-06-18T12:50:10.795+0000] {processor.py:839} INFO - DAG(s) dict_keys(['report_hourly_dag']) retrieved from /opt/airflow/dags/report_hourly_dag.py
[2026-06-18T12:50:10.813+0000] {logging_mixin.py:154} INFO - [2026-06-18T12:50:10.813+0000] {dag.py:2941} INFO - Sync 1 DAGs
[2026-06-18T12:50:10.831+0000] {logging_mixin.py:154} INFO - [2026-06-18T12:50:10.831+0000] {dag.py:3722} INFO - Setting next_dagrun for report_hourly_dag to 2026-06-18T01:58:00+00:00, run_after=2026-06-18T01:59:00+00:00
[2026-06-18T12:50:10.860+0000] {processor.py:179} INFO - Processing /opt/airflow/dags/report_hourly_dag.py took 0.083 seconds
[2026-06-18T12:50:41.006+0000] {processor.py:157} INFO - Started process (PID=1369) to work on /opt/airflow/dags/report_hourly_dag.py
[2026-06-18T12:50:41.009+0000] {processor.py:829} INFO - Processing file /opt/airflow/dags/report_hourly_dag.py for tasks to queue
[2026-06-18T12:50:41.010+0000] {logging_mixin.py:154} INFO - [2026-06-18T12:50:41.010+0000] {dagbag.py:536} INFO - Filling up the DagBag from /opt/airflow/dags/report_hourly_dag.py
[2026-06-18T12:50:41.020+0000] {processor.py:839} INFO - DAG(s) dict_keys(['report_hourly_dag']) retrieved from /opt/airflow/dags/report_hourly_dag.py
[2026-06-18T12:50:41.043+0000] {logging_mixin.py:154} INFO - [2026-06-18T12:50:41.043+0000] {dag.py:2941} INFO - Sync 1 DAGs
[2026-06-18T12:50:41.071+0000] {logging_mixin.py:154} INFO - [2026-06-18T12:50:41.071+0000] {dag.py:3722} INFO - Setting next_dagrun for report_hourly_dag to 2026-06-18T01:58:00+00:00, run_after=2026-06-18T01:59:00+00:00
[2026-06-18T12:50:41.090+0000] {processor.py:179} INFO - Processing /opt/airflow/dags/report_hourly_dag.py took 0.086 seconds
[2026-06-18T12:51:11.265+0000] {processor.py:157} INFO - Started process (PID=1384) to work on /opt/airflow/dags/report_hourly_dag.py
[2026-06-18T12:51:11.266+0000] {processor.py:829} INFO - Processing file /opt/airflow/dags/report_hourly_dag.py for tasks to queue
[2026-06-18T12:51:11.268+0000] {logging_mixin.py:154} INFO - [2026-06-18T12:51:11.267+0000] {dagbag.py:536} INFO - Filling up the DagBag from /opt/airflow/dags/report_hourly_dag.py
[2026-06-18T12:51:11.287+0000] {processor.py:839} INFO - DAG(s) dict_keys(['report_hourly_dag']) retrieved from /opt/airflow/dags/report_hourly_dag.py
[2026-06-18T12:51:11.328+0000] {logging_mixin.py:154} INFO - [2026-06-18T12:51:11.328+0000] {dag.py:2941} INFO - Sync 1 DAGs
[2026-06-18T12:51:11.362+0000] {logging_mixin.py:154} INFO - [2026-06-18T12:51:11.361+0000] {dag.py:3722} INFO - Setting next_dagrun for report_hourly_dag to 2026-06-18T01:58:00+00:00, run_after=2026-06-18T01:59:00+00:00
[2026-06-18T12:51:11.378+0000] {processor.py:179} INFO - Processing /opt/airflow/dags/report_hourly_dag.py took 0.119 seconds
[2026-06-18T12:51:41.572+0000] {processor.py:157} INFO - Started process (PID=1399) to work on /opt/airflow/dags/report_hourly_dag.py
[2026-06-18T12:51:41.575+0000] {processor.py:829} INFO - Processing file /opt/airflow/dags/report_hourly_dag.py for tasks to queue
[2026-06-18T12:51:41.576+0000] {logging_mixin.py:154} INFO - [2026-06-18T12:51:41.576+0000] {dagbag.py:536} INFO - Filling up the DagBag from /opt/airflow/dags/report_hourly_dag.py
[2026-06-18T12:51:41.586+0000] {processor.py:839} INFO - DAG(s) dict_keys(['report_hourly_dag']) retrieved from /opt/airflow/dags/report_hourly_dag.py
[2026-06-18T12:51:41.603+0000] {logging_mixin.py:154} INFO - [2026-06-18T12:51:41.603+0000] {dag.py:2941} INFO - Sync 1 DAGs
[2026-06-18T12:51:41.622+0000] {logging_mixin.py:154} INFO - [2026-06-18T12:51:41.622+0000] {dag.py:3722} INFO - Setting next_dagrun for report_hourly_dag to 2026-06-18T01:58:00+00:00, run_after=2026-06-18T01:59:00+00:00
[2026-06-18T12:51:41.640+0000] {processor.py:179} INFO - Processing /opt/airflow/dags/report_hourly_dag.py took 0.071 seconds
[2026-06-18T12:52:11.805+0000] {processor.py:157} INFO - Started process (PID=1414) to work on /opt/airflow/dags/report_hourly_dag.py
[2026-06-18T12:52:11.806+0000] {processor.py:829} INFO - Processing file /opt/airflow/dags/report_hourly_dag.py for tasks to queue
[2026-06-18T12:52:11.806+0000] {logging_mixin.py:154} INFO - [2026-06-18T12:52:11.806+0000] {dagbag.py:536} INFO - Filling up the DagBag from /opt/airflow/dags/report_hourly_dag.py
[2026-06-18T12:52:11.815+0000] {processor.py:839} INFO - DAG(s) dict_keys(['report_hourly_dag']) retrieved from /opt/airflow/dags/report_hourly_dag.py
[2026-06-18T12:52:11.833+0000] {logging_mixin.py:154} INFO - [2026-06-18T12:52:11.833+0000] {dag.py:2941} INFO - Sync 1 DAGs
[2026-06-18T12:52:11.856+0000] {logging_mixin.py:154} INFO - [2026-06-18T12:52:11.856+0000] {dag.py:3722} INFO - Setting next_dagrun for report_hourly_dag to 2026-06-18T01:58:00+00:00, run_after=2026-06-18T01:59:00+00:00
[2026-06-18T12:52:11.874+0000] {processor.py:179} INFO - Processing /opt/airflow/dags/report_hourly_dag.py took 0.072 seconds
[2026-06-18T12:52:42.032+0000] {processor.py:157} INFO - Started process (PID=1429) to work on /opt/airflow/dags/report_hourly_dag.py
[2026-06-18T12:52:42.033+0000] {processor.py:829} INFO - Processing file /opt/airflow/dags/report_hourly_dag.py for tasks to queue
[2026-06-18T12:52:42.033+0000] {logging_mixin.py:154} INFO - [2026-06-18T12:52:42.033+0000] {dagbag.py:536} INFO - Filling up the DagBag from /opt/airflow/dags/report_hourly_dag.py
[2026-06-18T12:52:42.043+0000] {processor.py:839} INFO - DAG(s) dict_keys(['report_hourly_dag']) retrieved from /opt/airflow/dags/report_hourly_dag.py
[2026-06-18T12:52:42.060+0000] {logging_mixin.py:154} INFO - [2026-06-18T12:52:42.060+0000] {dag.py:2941} INFO - Sync 1 DAGs
[2026-06-18T12:52:42.080+0000] {logging_mixin.py:154} INFO - [2026-06-18T12:52:42.079+0000] {dag.py:3722} INFO - Setting next_dagrun for report_hourly_dag to 2026-06-18T01:58:00+00:00, run_after=2026-06-18T01:59:00+00:00
[2026-06-18T12:52:42.092+0000] {processor.py:179} INFO - Processing /opt/airflow/dags/report_hourly_dag.py took 0.063 seconds
[2026-06-18T12:53:12.255+0000] {processor.py:157} INFO - Started process (PID=1444) to work on /opt/airflow/dags/report_hourly_dag.py
[2026-06-18T12:53:12.256+0000] {processor.py:829} INFO - Processing file /opt/airflow/dags/report_hourly_dag.py for tasks to queue
[2026-06-18T12:53:12.257+0000] {logging_mixin.py:154} INFO - [2026-06-18T12:53:12.256+0000] {dagbag.py:536} INFO - Filling up the DagBag from /opt/airflow/dags/report_hourly_dag.py
[2026-06-18T12:53:12.269+0000] {processor.py:839} INFO - DAG(s) dict_keys(['report_hourly_dag']) retrieved from /opt/airflow/dags/report_hourly_dag.py
[2026-06-18T12:53:12.286+0000] {logging_mixin.py:154} INFO - [2026-06-18T12:53:12.286+0000] {dag.py:2941} INFO - Sync 1 DAGs
[2026-06-18T12:53:12.305+0000] {logging_mixin.py:154} INFO - [2026-06-18T12:53:12.305+0000] {dag.py:3722} INFO - Setting next_dagrun for report_hourly_dag to 2026-06-18T01:58:00+00:00, run_after=2026-06-18T01:59:00+00:00
[2026-06-18T12:53:12.321+0000] {processor.py:179} INFO - Processing /opt/airflow/dags/report_hourly_dag.py took 0.069 seconds
[2026-06-18T12:53:42.457+0000] {processor.py:157} INFO - Started process (PID=1459) to work on /opt/airflow/dags/report_hourly_dag.py
[2026-06-18T12:53:42.461+0000] {processor.py:829} INFO - Processing file /opt/airflow/dags/report_hourly_dag.py for tasks to queue
[2026-06-18T12:53:42.462+0000] {logging_mixin.py:154} INFO - [2026-06-18T12:53:42.462+0000] {dagbag.py:536} INFO - Filling up the DagBag from /opt/airflow/dags/report_hourly_dag.py
[2026-06-18T12:53:42.471+0000] {processor.py:839} INFO - DAG(s) dict_keys(['report_hourly_dag']) retrieved from /opt/airflow/dags/report_hourly_dag.py
[2026-06-18T12:53:42.489+0000] {logging_mixin.py:154} INFO - [2026-06-18T12:53:42.489+0000] {dag.py:2941} INFO - Sync 1 DAGs
[2026-06-18T12:53:42.508+0000] {logging_mixin.py:154} INFO - [2026-06-18T12:53:42.508+0000] {dag.py:3722} INFO - Setting next_dagrun for report_hourly_dag to 2026-06-18T01:58:00+00:00, run_after=2026-06-18T01:59:00+00:00
[2026-06-18T12:53:42.522+0000] {processor.py:179} INFO - Processing /opt/airflow/dags/report_hourly_dag.py took 0.068 seconds
[2026-06-18T12:54:27.545+0000] {processor.py:157} INFO - Started process (PID=153) to work on /opt/airflow/dags/report_hourly_dag.py
[2026-06-18T12:54:27.548+0000] {processor.py:829} INFO - Processing file /opt/airflow/dags/report_hourly_dag.py for tasks to queue
[2026-06-18T12:54:27.548+0000] {logging_mixin.py:154} INFO - [2026-06-18T12:54:27.548+0000] {dagbag.py:536} INFO - Filling up the DagBag from /opt/airflow/dags/report_hourly_dag.py
[2026-06-18T12:54:27.558+0000] {processor.py:839} INFO - DAG(s) dict_keys(['report_hourly_dag']) retrieved from /opt/airflow/dags/report_hourly_dag.py
[2026-06-18T12:54:27.569+0000] {logging_mixin.py:154} INFO - [2026-06-18T12:54:27.569+0000] {dag.py:2941} INFO - Sync 1 DAGs
[2026-06-18T12:54:27.596+0000] {logging_mixin.py:154} INFO - [2026-06-18T12:54:27.596+0000] {dag.py:3722} INFO - Setting next_dagrun for report_hourly_dag to 2026-06-18T01:58:00+00:00, run_after=2026-06-18T01:59:00+00:00
[2026-06-18T12:54:27.612+0000] {processor.py:179} INFO - Processing /opt/airflow/dags/report_hourly_dag.py took 0.068 seconds
[2026-06-18T12:54:57.804+0000] {processor.py:157} INFO - Started process (PID=168) to work on /opt/airflow/dags/report_hourly_dag.py
[2026-06-18T12:54:57.809+0000] {processor.py:829} INFO - Processing file /opt/airflow/dags/report_hourly_dag.py for tasks to queue
[2026-06-18T12:54:57.810+0000] {logging_mixin.py:154} INFO - [2026-06-18T12:54:57.809+0000] {dagbag.py:536} INFO - Filling up the DagBag from /opt/airflow/dags/report_hourly_dag.py
[2026-06-18T12:54:57.818+0000] {processor.py:839} INFO - DAG(s) dict_keys(['report_hourly_dag']) retrieved from /opt/airflow/dags/report_hourly_dag.py
[2026-06-18T12:54:57.836+0000] {logging_mixin.py:154} INFO - [2026-06-18T12:54:57.836+0000] {dag.py:2941} INFO - Sync 1 DAGs
[2026-06-18T12:54:57.855+0000] {logging_mixin.py:154} INFO - [2026-06-18T12:54:57.854+0000] {dag.py:3722} INFO - Setting next_dagrun for report_hourly_dag to 2026-06-18T01:58:00+00:00, run_after=2026-06-18T01:59:00+00:00
[2026-06-18T12:54:57.869+0000] {processor.py:179} INFO - Processing /opt/airflow/dags/report_hourly_dag.py took 0.068 seconds
[2026-06-18T12:55:28.055+0000] {processor.py:157} INFO - Started process (PID=183) to work on /opt/airflow/dags/report_hourly_dag.py
[2026-06-18T12:55:28.056+0000] {processor.py:829} INFO - Processing file /opt/airflow/dags/report_hourly_dag.py for tasks to queue
[2026-06-18T12:55:28.056+0000] {logging_mixin.py:154} INFO - [2026-06-18T12:55:28.056+0000] {dagbag.py:536} INFO - Filling up the DagBag from /opt/airflow/dags/report_hourly_dag.py
[2026-06-18T12:55:28.065+0000] {processor.py:839} INFO - DAG(s) dict_keys(['report_hourly_dag']) retrieved from /opt/airflow/dags/report_hourly_dag.py
[2026-06-18T12:55:28.083+0000] {logging_mixin.py:154} INFO - [2026-06-18T12:55:28.083+0000] {dag.py:2941} INFO - Sync 1 DAGs
[2026-06-18T12:55:28.103+0000] {logging_mixin.py:154} INFO - [2026-06-18T12:55:28.103+0000] {dag.py:3722} INFO - Setting next_dagrun for report_hourly_dag to 2026-06-18T01:58:00+00:00, run_after=2026-06-18T01:59:00+00:00
[2026-06-18T12:55:28.120+0000] {processor.py:179} INFO - Processing /opt/airflow/dags/report_hourly_dag.py took 0.067 seconds
[2026-06-18T12:55:58.305+0000] {processor.py:157} INFO - Started process (PID=198) to work on /opt/airflow/dags/report_hourly_dag.py
[2026-06-18T12:55:58.306+0000] {processor.py:829} INFO - Processing file /opt/airflow/dags/report_hourly_dag.py for tasks to queue
[2026-06-18T12:55:58.307+0000] {logging_mixin.py:154} INFO - [2026-06-18T12:55:58.307+0000] {dagbag.py:536} INFO - Filling up the DagBag from /opt/airflow/dags/report_hourly_dag.py
[2026-06-18T12:55:58.322+0000] {processor.py:839} INFO - DAG(s) dict_keys(['report_hourly_dag']) retrieved from /opt/airflow/dags/report_hourly_dag.py
[2026-06-18T12:55:58.340+0000] {logging_mixin.py:154} INFO - [2026-06-18T12:55:58.340+0000] {dag.py:2941} INFO - Sync 1 DAGs
[2026-06-18T12:55:58.360+0000] {logging_mixin.py:154} INFO - [2026-06-18T12:55:58.360+0000] {dag.py:3722} INFO - Setting next_dagrun for report_hourly_dag to 2026-06-18T01:58:00+00:00, run_after=2026-06-18T01:59:00+00:00
[2026-06-18T12:55:58.376+0000] {processor.py:179} INFO - Processing /opt/airflow/dags/report_hourly_dag.py took 0.076 seconds
[2026-06-18T12:56:28.570+0000] {processor.py:157} INFO - Started process (PID=213) to work on /opt/airflow/dags/report_hourly_dag.py
[2026-06-18T12:56:28.571+0000] {processor.py:829} INFO - Processing file /opt/airflow/dags/report_hourly_dag.py for tasks to queue
[2026-06-18T12:56:28.572+0000] {logging_mixin.py:154} INFO - [2026-06-18T12:56:28.571+0000] {dagbag.py:536} INFO - Filling up the DagBag from /opt/airflow/dags/report_hourly_dag.py
[2026-06-18T12:56:28.585+0000] {processor.py:839} INFO - DAG(s) dict_keys(['report_hourly_dag']) retrieved from /opt/airflow/dags/report_hourly_dag.py
[2026-06-18T12:56:28.607+0000] {logging_mixin.py:154} INFO - [2026-06-18T12:56:28.607+0000] {dag.py:2941} INFO - Sync 1 DAGs
[2026-06-18T12:56:28.632+0000] {logging_mixin.py:154} INFO - [2026-06-18T12:56:28.631+0000] {dag.py:3722} INFO - Setting next_dagrun for report_hourly_dag to 2026-06-18T01:58:00+00:00, run_after=2026-06-18T01:59:00+00:00
[2026-06-18T12:56:28.649+0000] {processor.py:179} INFO - Processing /opt/airflow/dags/report_hourly_dag.py took 0.084 seconds
[2026-06-18T12:56:58.857+0000] {processor.py:157} INFO - Started process (PID=228) to work on /opt/airflow/dags/report_hourly_dag.py
[2026-06-18T12:56:58.857+0000] {processor.py:829} INFO - Processing file /opt/airflow/dags/report_hourly_dag.py for tasks to queue
[2026-06-18T12:56:58.858+0000] {logging_mixin.py:154} INFO - [2026-06-18T12:56:58.858+0000] {dagbag.py:536} INFO - Filling up the DagBag from /opt/airflow/dags/report_hourly_dag.py
[2026-06-18T12:56:58.867+0000] {processor.py:839} INFO - DAG(s) dict_keys(['report_hourly_dag']) retrieved from /opt/airflow/dags/report_hourly_dag.py
[2026-06-18T12:56:58.884+0000] {logging_mixin.py:154} INFO - [2026-06-18T12:56:58.884+0000] {dag.py:2941} INFO - Sync 1 DAGs
[2026-06-18T12:56:58.904+0000] {logging_mixin.py:154} INFO - [2026-06-18T12:56:58.904+0000] {dag.py:3722} INFO - Setting next_dagrun for report_hourly_dag to 2026-06-18T01:58:00+00:00, run_after=2026-06-18T01:59:00+00:00
[2026-06-18T12:56:58.918+0000] {processor.py:179} INFO - Processing /opt/airflow/dags/report_hourly_dag.py took 0.065 seconds
[2026-06-18T12:57:29.096+0000] {processor.py:157} INFO - Started process (PID=243) to work on /opt/airflow/dags/report_hourly_dag.py
[2026-06-18T12:57:29.098+0000] {processor.py:829} INFO - Processing file /opt/airflow/dags/report_hourly_dag.py for tasks to queue
[2026-06-18T12:57:29.099+0000] {logging_mixin.py:154} INFO - [2026-06-18T12:57:29.099+0000] {dagbag.py:536} INFO - Filling up the DagBag from /opt/airflow/dags/report_hourly_dag.py
[2026-06-18T12:57:29.114+0000] {processor.py:839} INFO - DAG(s) dict_keys(['report_hourly_dag']) retrieved from /opt/airflow/dags/report_hourly_dag.py
[2026-06-18T12:57:29.135+0000] {logging_mixin.py:154} INFO - [2026-06-18T12:57:29.135+0000] {dag.py:2941} INFO - Sync 1 DAGs
[2026-06-18T12:57:29.154+0000] {logging_mixin.py:154} INFO - [2026-06-18T12:57:29.154+0000] {dag.py:3722} INFO - Setting next_dagrun for report_hourly_dag to 2026-06-18T01:58:00+00:00, run_after=2026-06-18T01:59:00+00:00
[2026-06-18T12:57:29.246+0000] {processor.py:179} INFO - Processing /opt/airflow/dags/report_hourly_dag.py took 0.155 seconds
[2026-06-18T12:57:59.348+0000] {processor.py:157} INFO - Started process (PID=258) to work on /opt/airflow/dags/report_hourly_dag.py
[2026-06-18T12:57:59.348+0000] {processor.py:829} INFO - Processing file /opt/airflow/dags/report_hourly_dag.py for tasks to queue
[2026-06-18T12:57:59.349+0000] {logging_mixin.py:154} INFO - [2026-06-18T12:57:59.349+0000] {dagbag.py:536} INFO - Filling up the DagBag from /opt/airflow/dags/report_hourly_dag.py
[2026-06-18T12:57:59.358+0000] {processor.py:839} INFO - DAG(s) dict_keys(['report_hourly_dag']) retrieved from /opt/airflow/dags/report_hourly_dag.py
[2026-06-18T12:57:59.376+0000] {logging_mixin.py:154} INFO - [2026-06-18T12:57:59.376+0000] {dag.py:2941} INFO - Sync 1 DAGs
[2026-06-18T12:57:59.396+0000] {logging_mixin.py:154} INFO - [2026-06-18T12:57:59.396+0000] {dag.py:3722} INFO - Setting next_dagrun for report_hourly_dag to 2026-06-18T01:58:00+00:00, run_after=2026-06-18T01:59:00+00:00
[2026-06-18T12:57:59.413+0000] {processor.py:179} INFO - Processing /opt/airflow/dags/report_hourly_dag.py took 0.069 seconds
[2026-06-18T12:58:29.677+0000] {processor.py:157} INFO - Started process (PID=273) to work on /opt/airflow/dags/report_hourly_dag.py
[2026-06-18T12:58:29.677+0000] {processor.py:829} INFO - Processing file /opt/airflow/dags/report_hourly_dag.py for tasks to queue
[2026-06-18T12:58:29.678+0000] {logging_mixin.py:154} INFO - [2026-06-18T12:58:29.677+0000] {dagbag.py:536} INFO - Filling up the DagBag from /opt/airflow/dags/report_hourly_dag.py
[2026-06-18T12:58:29.687+0000] {processor.py:839} INFO - DAG(s) dict_keys(['report_hourly_dag']) retrieved from /opt/airflow/dags/report_hourly_dag.py
[2026-06-18T12:58:29.704+0000] {logging_mixin.py:154} INFO - [2026-06-18T12:58:29.704+0000] {dag.py:2941} INFO - Sync 1 DAGs
[2026-06-18T12:58:29.723+0000] {logging_mixin.py:154} INFO - [2026-06-18T12:58:29.723+0000] {dag.py:3722} INFO - Setting next_dagrun for report_hourly_dag to 2026-06-18T01:58:00+00:00, run_after=2026-06-18T01:59:00+00:00
[2026-06-18T12:58:29.737+0000] {processor.py:179} INFO - Processing /opt/airflow/dags/report_hourly_dag.py took 0.063 seconds
[2026-06-18T12:58:59.916+0000] {processor.py:157} INFO - Started process (PID=288) to work on /opt/airflow/dags/report_hourly_dag.py
[2026-06-18T12:58:59.917+0000] {processor.py:829} INFO - Processing file /opt/airflow/dags/report_hourly_dag.py for tasks to queue
[2026-06-18T12:58:59.917+0000] {logging_mixin.py:154} INFO - [2026-06-18T12:58:59.917+0000] {dagbag.py:536} INFO - Filling up the DagBag from /opt/airflow/dags/report_hourly_dag.py
[2026-06-18T12:58:59.926+0000] {processor.py:839} INFO - DAG(s) dict_keys(['report_hourly_dag']) retrieved from /opt/airflow/dags/report_hourly_dag.py
[2026-06-18T12:58:59.945+0000] {logging_mixin.py:154} INFO - [2026-06-18T12:58:59.944+0000] {dag.py:2941} INFO - Sync 1 DAGs
[2026-06-18T12:58:59.966+0000] {logging_mixin.py:154} INFO - [2026-06-18T12:58:59.965+0000] {dag.py:3722} INFO - Setting next_dagrun for report_hourly_dag to 2026-06-18T01:58:00+00:00, run_after=2026-06-18T01:59:00+00:00
[2026-06-18T12:58:59.982+0000] {processor.py:179} INFO - Processing /opt/airflow/dags/report_hourly_dag.py took 0.070 seconds
[2026-06-18T12:59:30.214+0000] {processor.py:157} INFO - Started process (PID=303) to work on /opt/airflow/dags/report_hourly_dag.py
[2026-06-18T12:59:30.214+0000] {processor.py:829} INFO - Processing file /opt/airflow/dags/report_hourly_dag.py for tasks to queue
[2026-06-18T12:59:30.215+0000] {logging_mixin.py:154} INFO - [2026-06-18T12:59:30.215+0000] {dagbag.py:536} INFO - Filling up the DagBag from /opt/airflow/dags/report_hourly_dag.py
[2026-06-18T12:59:30.225+0000] {processor.py:839} INFO - DAG(s) dict_keys(['report_hourly_dag']) retrieved from /opt/airflow/dags/report_hourly_dag.py
[2026-06-18T12:59:30.243+0000] {logging_mixin.py:154} INFO - [2026-06-18T12:59:30.243+0000] {dag.py:2941} INFO - Sync 1 DAGs
[2026-06-18T12:59:30.264+0000] {logging_mixin.py:154} INFO - [2026-06-18T12:59:30.264+0000] {dag.py:3722} INFO - Setting next_dagrun for report_hourly_dag to 2026-06-18T01:58:00+00:00, run_after=2026-06-18T01:59:00+00:00
[2026-06-18T12:59:30.280+0000] {processor.py:179} INFO - Processing /opt/airflow/dags/report_hourly_dag.py took 0.070 seconds
[2026-06-18T13:00:00.467+0000] {processor.py:157} INFO - Started process (PID=318) to work on /opt/airflow/dags/report_hourly_dag.py
[2026-06-18T13:00:00.467+0000] {processor.py:829} INFO - Processing file /opt/airflow/dags/report_hourly_dag.py for tasks to queue
[2026-06-18T13:00:00.468+0000] {logging_mixin.py:154} INFO - [2026-06-18T13:00:00.468+0000] {dagbag.py:536} INFO - Filling up the DagBag from /opt/airflow/dags/report_hourly_dag.py
[2026-06-18T13:00:00.478+0000] {processor.py:839} INFO - DAG(s) dict_keys(['report_hourly_dag']) retrieved from /opt/airflow/dags/report_hourly_dag.py
[2026-06-18T13:00:00.500+0000] {logging_mixin.py:154} INFO - [2026-06-18T13:00:00.500+0000] {dag.py:2941} INFO - Sync 1 DAGs
[2026-06-18T13:00:00.519+0000] {logging_mixin.py:154} INFO - [2026-06-18T13:00:00.519+0000] {dag.py:3722} INFO - Setting next_dagrun for report_hourly_dag to 2026-06-18T01:58:00+00:00, run_after=2026-06-18T01:59:00+00:00
[2026-06-18T13:00:00.532+0000] {processor.py:179} INFO - Processing /opt/airflow/dags/report_hourly_dag.py took 0.069 seconds
[2026-06-18T13:00:30.719+0000] {processor.py:157} INFO - Started process (PID=333) to work on /opt/airflow/dags/report_hourly_dag.py
[2026-06-18T13:00:30.720+0000] {processor.py:829} INFO - Processing file /opt/airflow/dags/report_hourly_dag.py for tasks to queue
[2026-06-18T13:00:30.720+0000] {logging_mixin.py:154} INFO - [2026-06-18T13:00:30.720+0000] {dagbag.py:536} INFO - Filling up the DagBag from /opt/airflow/dags/report_hourly_dag.py
[2026-06-18T13:00:30.731+0000] {processor.py:839} INFO - DAG(s) dict_keys(['report_hourly_dag']) retrieved from /opt/airflow/dags/report_hourly_dag.py
[2026-06-18T13:00:30.749+0000] {logging_mixin.py:154} INFO - [2026-06-18T13:00:30.749+0000] {dag.py:2941} INFO - Sync 1 DAGs
[2026-06-18T13:00:30.768+0000] {logging_mixin.py:154} INFO - [2026-06-18T13:00:30.768+0000] {dag.py:3722} INFO - Setting next_dagrun for report_hourly_dag to 2026-06-18T01:58:00+00:00, run_after=2026-06-18T01:59:00+00:00
[2026-06-18T13:00:30.782+0000] {processor.py:179} INFO - Processing /opt/airflow/dags/report_hourly_dag.py took 0.067 seconds
[2026-06-18T13:01:00.984+0000] {processor.py:157} INFO - Started process (PID=348) to work on /opt/airflow/dags/report_hourly_dag.py
[2026-06-18T13:01:00.984+0000] {processor.py:829} INFO - Processing file /opt/airflow/dags/report_hourly_dag.py for tasks to queue
[2026-06-18T13:01:00.985+0000] {logging_mixin.py:154} INFO - [2026-06-18T13:01:00.985+0000] {dagbag.py:536} INFO - Filling up the DagBag from /opt/airflow/dags/report_hourly_dag.py
[2026-06-18T13:01:00.996+0000] {processor.py:839} INFO - DAG(s) dict_keys(['report_hourly_dag']) retrieved from /opt/airflow/dags/report_hourly_dag.py
[2026-06-18T13:01:01.013+0000] {logging_mixin.py:154} INFO - [2026-06-18T13:01:01.012+0000] {dag.py:2941} INFO - Sync 1 DAGs
[2026-06-18T13:01:01.038+0000] {logging_mixin.py:154} INFO - [2026-06-18T13:01:01.038+0000] {dag.py:3722} INFO - Setting next_dagrun for report_hourly_dag to 2026-06-18T01:58:00+00:00, run_after=2026-06-18T01:59:00+00:00
[2026-06-18T13:01:01.055+0000] {processor.py:179} INFO - Processing /opt/airflow/dags/report_hourly_dag.py took 0.074 seconds
[2026-06-18T13:01:31.261+0000] {processor.py:157} INFO - Started process (PID=363) to work on /opt/airflow/dags/report_hourly_dag.py
[2026-06-18T13:01:31.262+0000] {processor.py:829} INFO - Processing file /opt/airflow/dags/report_hourly_dag.py for tasks to queue
[2026-06-18T13:01:31.263+0000] {logging_mixin.py:154} INFO - [2026-06-18T13:01:31.263+0000] {dagbag.py:536} INFO - Filling up the DagBag from /opt/airflow/dags/report_hourly_dag.py
[2026-06-18T13:01:31.273+0000] {processor.py:839} INFO - DAG(s) dict_keys(['report_hourly_dag']) retrieved from /opt/airflow/dags/report_hourly_dag.py
[2026-06-18T13:01:31.290+0000] {logging_mixin.py:154} INFO - [2026-06-18T13:01:31.290+0000] {dag.py:2941} INFO - Sync 1 DAGs
[2026-06-18T13:01:31.307+0000] {logging_mixin.py:154} INFO - [2026-06-18T13:01:31.307+0000] {dag.py:3722} INFO - Setting next_dagrun for report_hourly_dag to 2026-06-18T01:58:00+00:00, run_after=2026-06-18T01:59:00+00:00
[2026-06-18T13:01:31.320+0000] {processor.py:179} INFO - Processing /opt/airflow/dags/report_hourly_dag.py took 0.062 seconds
[2026-06-18T13:02:01.527+0000] {processor.py:157} INFO - Started process (PID=378) to work on /opt/airflow/dags/report_hourly_dag.py
[2026-06-18T13:02:01.528+0000] {processor.py:829} INFO - Processing file /opt/airflow/dags/report_hourly_dag.py for tasks to queue
[2026-06-18T13:02:01.528+0000] {logging_mixin.py:154} INFO - [2026-06-18T13:02:01.528+0000] {dagbag.py:536} INFO - Filling up the DagBag from /opt/airflow/dags/report_hourly_dag.py
[2026-06-18T13:02:01.539+0000] {processor.py:839} INFO - DAG(s) dict_keys(['report_hourly_dag']) retrieved from /opt/airflow/dags/report_hourly_dag.py
[2026-06-18T13:02:01.556+0000] {logging_mixin.py:154} INFO - [2026-06-18T13:02:01.556+0000] {dag.py:2941} INFO - Sync 1 DAGs
[2026-06-18T13:02:01.577+0000] {logging_mixin.py:154} INFO - [2026-06-18T13:02:01.577+0000] {dag.py:3722} INFO - Setting next_dagrun for report_hourly_dag to 2026-06-18T01:58:00+00:00, run_after=2026-06-18T01:59:00+00:00
[2026-06-18T13:02:01.592+0000] {processor.py:179} INFO - Processing /opt/airflow/dags/report_hourly_dag.py took 0.068 seconds
[2026-06-18T13:02:31.760+0000] {processor.py:157} INFO - Started process (PID=393) to work on /opt/airflow/dags/report_hourly_dag.py
[2026-06-18T13:02:31.764+0000] {processor.py:829} INFO - Processing file /opt/airflow/dags/report_hourly_dag.py for tasks to queue
[2026-06-18T13:02:31.765+0000] {logging_mixin.py:154} INFO - [2026-06-18T13:02:31.765+0000] {dagbag.py:536} INFO - Filling up the DagBag from /opt/airflow/dags/report_hourly_dag.py
[2026-06-18T13:02:31.774+0000] {processor.py:839} INFO - DAG(s) dict_keys(['report_hourly_dag']) retrieved from /opt/airflow/dags/report_hourly_dag.py
[2026-06-18T13:02:31.794+0000] {logging_mixin.py:154} INFO - [2026-06-18T13:02:31.794+0000] {dag.py:2941} INFO - Sync 1 DAGs
[2026-06-18T13:02:31.814+0000] {logging_mixin.py:154} INFO - [2026-06-18T13:02:31.814+0000] {dag.py:3722} INFO - Setting next_dagrun for report_hourly_dag to 2026-06-18T01:58:00+00:00, run_after=2026-06-18T01:59:00+00:00
[2026-06-18T13:02:31.831+0000] {processor.py:179} INFO - Processing /opt/airflow/dags/report_hourly_dag.py took 0.073 seconds
[2026-06-18T13:03:02.017+0000] {processor.py:157} INFO - Started process (PID=408) to work on /opt/airflow/dags/report_hourly_dag.py
[2026-06-18T13:03:02.018+0000] {processor.py:829} INFO - Processing file /opt/airflow/dags/report_hourly_dag.py for tasks to queue
[2026-06-18T13:03:02.020+0000] {logging_mixin.py:154} INFO - [2026-06-18T13:03:02.019+0000] {dagbag.py:536} INFO - Filling up the DagBag from /opt/airflow/dags/report_hourly_dag.py
[2026-06-18T13:03:02.035+0000] {processor.py:839} INFO - DAG(s) dict_keys(['report_hourly_dag']) retrieved from /opt/airflow/dags/report_hourly_dag.py
[2026-06-18T13:03:02.067+0000] {logging_mixin.py:154} INFO - [2026-06-18T13:03:02.067+0000] {dag.py:2941} INFO - Sync 1 DAGs
[2026-06-18T13:03:02.109+0000] {logging_mixin.py:154} INFO - [2026-06-18T13:03:02.109+0000] {dag.py:3722} INFO - Setting next_dagrun for report_hourly_dag to 2026-06-18T01:58:00+00:00, run_after=2026-06-18T01:59:00+00:00
[2026-06-18T13:03:02.128+0000] {processor.py:179} INFO - Processing /opt/airflow/dags/report_hourly_dag.py took 0.116 seconds
[2026-06-18T13:03:32.305+0000] {processor.py:157} INFO - Started process (PID=423) to work on /opt/airflow/dags/report_hourly_dag.py
[2026-06-18T13:03:32.310+0000] {processor.py:829} INFO - Processing file /opt/airflow/dags/report_hourly_dag.py for tasks to queue
[2026-06-18T13:03:32.311+0000] {logging_mixin.py:154} INFO - [2026-06-18T13:03:32.311+0000] {dagbag.py:536} INFO - Filling up the DagBag from /opt/airflow/dags/report_hourly_dag.py
[2026-06-18T13:03:32.323+0000] {processor.py:839} INFO - DAG(s) dict_keys(['report_hourly_dag']) retrieved from /opt/airflow/dags/report_hourly_dag.py
[2026-06-18T13:03:32.344+0000] {logging_mixin.py:154} INFO - [2026-06-18T13:03:32.344+0000] {dag.py:2941} INFO - Sync 1 DAGs
[2026-06-18T13:03:32.368+0000] {logging_mixin.py:154} INFO - [2026-06-18T13:03:32.368+0000] {dag.py:3722} INFO - Setting next_dagrun for report_hourly_dag to 2026-06-18T01:58:00+00:00, run_after=2026-06-18T01:59:00+00:00
[2026-06-18T13:03:32.380+0000] {processor.py:179} INFO - Processing /opt/airflow/dags/report_hourly_dag.py took 0.078 seconds
[2026-06-18T13:04:02.527+0000] {processor.py:157} INFO - Started process (PID=438) to work on /opt/airflow/dags/report_hourly_dag.py
[2026-06-18T13:04:02.528+0000] {processor.py:829} INFO - Processing file /opt/airflow/dags/report_hourly_dag.py for tasks to queue
[2026-06-18T13:04:02.529+0000] {logging_mixin.py:154} INFO - [2026-06-18T13:04:02.528+0000] {dagbag.py:536} INFO - Filling up the DagBag from /opt/airflow/dags/report_hourly_dag.py
[2026-06-18T13:04:02.541+0000] {processor.py:839} INFO - DAG(s) dict_keys(['report_hourly_dag']) retrieved from /opt/airflow/dags/report_hourly_dag.py
[2026-06-18T13:04:02.560+0000] {logging_mixin.py:154} INFO - [2026-06-18T13:04:02.560+0000] {dag.py:2941} INFO - Sync 1 DAGs
[2026-06-18T13:04:02.590+0000] {logging_mixin.py:154} INFO - [2026-06-18T13:04:02.590+0000] {dag.py:3722} INFO - Setting next_dagrun for report_hourly_dag to 2026-06-18T01:58:00+00:00, run_after=2026-06-18T01:59:00+00:00
[2026-06-18T13:04:02.609+0000] {processor.py:179} INFO - Processing /opt/airflow/dags/report_hourly_dag.py took 0.085 seconds
[2026-06-18T13:04:32.769+0000] {processor.py:157} INFO - Started process (PID=453) to work on /opt/airflow/dags/report_hourly_dag.py
[2026-06-18T13:04:32.769+0000] {processor.py:829} INFO - Processing file /opt/airflow/dags/report_hourly_dag.py for tasks to queue
[2026-06-18T13:04:32.770+0000] {logging_mixin.py:154} INFO - [2026-06-18T13:04:32.770+0000] {dagbag.py:536} INFO - Filling up the DagBag from /opt/airflow/dags/report_hourly_dag.py
[2026-06-18T13:04:32.778+0000] {processor.py:839} INFO - DAG(s) dict_keys(['report_hourly_dag']) retrieved from /opt/airflow/dags/report_hourly_dag.py
[2026-06-18T13:04:32.795+0000] {logging_mixin.py:154} INFO - [2026-06-18T13:04:32.795+0000] {dag.py:2941} INFO - Sync 1 DAGs
[2026-06-18T13:04:32.813+0000] {logging_mixin.py:154} INFO - [2026-06-18T13:04:32.813+0000] {dag.py:3722} INFO - Setting next_dagrun for report_hourly_dag to 2026-06-18T01:58:00+00:00, run_after=2026-06-18T01:59:00+00:00
[2026-06-18T13:04:32.826+0000] {processor.py:179} INFO - Processing /opt/airflow/dags/report_hourly_dag.py took 0.060 seconds
[2026-06-18T13:05:02.991+0000] {processor.py:157} INFO - Started process (PID=468) to work on /opt/airflow/dags/report_hourly_dag.py
[2026-06-18T13:05:02.992+0000] {processor.py:829} INFO - Processing file /opt/airflow/dags/report_hourly_dag.py for tasks to queue
[2026-06-18T13:05:02.992+0000] {logging_mixin.py:154} INFO - [2026-06-18T13:05:02.992+0000] {dagbag.py:536} INFO - Filling up the DagBag from /opt/airflow/dags/report_hourly_dag.py
[2026-06-18T13:05:03.004+0000] {processor.py:839} INFO - DAG(s) dict_keys(['report_hourly_dag']) retrieved from /opt/airflow/dags/report_hourly_dag.py
[2026-06-18T13:05:03.020+0000] {logging_mixin.py:154} INFO - [2026-06-18T13:05:03.020+0000] {dag.py:2941} INFO - Sync 1 DAGs
[2026-06-18T13:05:03.038+0000] {logging_mixin.py:154} INFO - [2026-06-18T13:05:03.038+0000] {dag.py:3722} INFO - Setting next_dagrun for report_hourly_dag to 2026-06-18T01:58:00+00:00, run_after=2026-06-18T01:59:00+00:00
[2026-06-18T13:05:03.051+0000] {processor.py:179} INFO - Processing /opt/airflow/dags/report_hourly_dag.py took 0.063 seconds
[2026-06-18T13:05:33.180+0000] {processor.py:157} INFO - Started process (PID=483) to work on /opt/airflow/dags/report_hourly_dag.py
[2026-06-18T13:05:33.180+0000] {processor.py:829} INFO - Processing file /opt/airflow/dags/report_hourly_dag.py for tasks to queue
[2026-06-18T13:05:33.181+0000] {logging_mixin.py:154} INFO - [2026-06-18T13:05:33.181+0000] {dagbag.py:536} INFO - Filling up the DagBag from /opt/airflow/dags/report_hourly_dag.py
[2026-06-18T13:05:33.190+0000] {processor.py:839} INFO - DAG(s) dict_keys(['report_hourly_dag']) retrieved from /opt/airflow/dags/report_hourly_dag.py
[2026-06-18T13:05:33.212+0000] {logging_mixin.py:154} INFO - [2026-06-18T13:05:33.212+0000] {dag.py:2941} INFO - Sync 1 DAGs
[2026-06-18T13:05:33.234+0000] {logging_mixin.py:154} INFO - [2026-06-18T13:05:33.234+0000] {dag.py:3722} INFO - Setting next_dagrun for report_hourly_dag to 2026-06-18T01:58:00+00:00, run_after=2026-06-18T01:59:00+00:00
[2026-06-18T13:05:33.251+0000] {processor.py:179} INFO - Processing /opt/airflow/dags/report_hourly_dag.py took 0.074 seconds
[2026-06-18T13:06:03.407+0000] {processor.py:157} INFO - Started process (PID=498) to work on /opt/airflow/dags/report_hourly_dag.py
[2026-06-18T13:06:03.407+0000] {processor.py:829} INFO - Processing file /opt/airflow/dags/report_hourly_dag.py for tasks to queue
[2026-06-18T13:06:03.408+0000] {logging_mixin.py:154} INFO - [2026-06-18T13:06:03.408+0000] {dagbag.py:536} INFO - Filling up the DagBag from /opt/airflow/dags/report_hourly_dag.py
[2026-06-18T13:06:03.419+0000] {processor.py:839} INFO - DAG(s) dict_keys(['report_hourly_dag']) retrieved from /opt/airflow/dags/report_hourly_dag.py
[2026-06-18T13:06:03.436+0000] {logging_mixin.py:154} INFO - [2026-06-18T13:06:03.436+0000] {dag.py:2941} INFO - Sync 1 DAGs
[2026-06-18T13:06:03.454+0000] {logging_mixin.py:154} INFO - [2026-06-18T13:06:03.454+0000] {dag.py:3722} INFO - Setting next_dagrun for report_hourly_dag to 2026-06-18T01:58:00+00:00, run_after=2026-06-18T01:59:00+00:00
[2026-06-18T13:06:03.469+0000] {processor.py:179} INFO - Processing /opt/airflow/dags/report_hourly_dag.py took 0.065 seconds
[2026-06-18T13:06:33.666+0000] {processor.py:157} INFO - Started process (PID=513) to work on /opt/airflow/dags/report_hourly_dag.py
[2026-06-18T13:06:33.670+0000] {processor.py:829} INFO - Processing file /opt/airflow/dags/report_hourly_dag.py for tasks to queue
[2026-06-18T13:06:33.671+0000] {logging_mixin.py:154} INFO - [2026-06-18T13:06:33.671+0000] {dagbag.py:536} INFO - Filling up the DagBag from /opt/airflow/dags/report_hourly_dag.py
[2026-06-18T13:06:33.683+0000] {processor.py:839} INFO - DAG(s) dict_keys(['report_hourly_dag']) retrieved from /opt/airflow/dags/report_hourly_dag.py
[2026-06-18T13:06:33.700+0000] {logging_mixin.py:154} INFO - [2026-06-18T13:06:33.700+0000] {dag.py:2941} INFO - Sync 1 DAGs
[2026-06-18T13:06:33.720+0000] {logging_mixin.py:154} INFO - [2026-06-18T13:06:33.720+0000] {dag.py:3722} INFO - Setting next_dagrun for report_hourly_dag to 2026-06-18T01:58:00+00:00, run_after=2026-06-18T01:59:00+00:00
[2026-06-18T13:06:33.734+0000] {processor.py:179} INFO - Processing /opt/airflow/dags/report_hourly_dag.py took 0.071 seconds
[2026-06-18T13:07:03.903+0000] {processor.py:157} INFO - Started process (PID=528) to work on /opt/airflow/dags/report_hourly_dag.py
[2026-06-18T13:07:03.904+0000] {processor.py:829} INFO - Processing file /opt/airflow/dags/report_hourly_dag.py for tasks to queue
[2026-06-18T13:07:03.904+0000] {logging_mixin.py:154} INFO - [2026-06-18T13:07:03.904+0000] {dagbag.py:536} INFO - Filling up the DagBag from /opt/airflow/dags/report_hourly_dag.py
[2026-06-18T13:07:03.916+0000] {processor.py:839} INFO - DAG(s) dict_keys(['report_hourly_dag']) retrieved from /opt/airflow/dags/report_hourly_dag.py
[2026-06-18T13:07:03.935+0000] {logging_mixin.py:154} INFO - [2026-06-18T13:07:03.934+0000] {dag.py:2941} INFO - Sync 1 DAGs
[2026-06-18T13:07:03.953+0000] {logging_mixin.py:154} INFO - [2026-06-18T13:07:03.953+0000] {dag.py:3722} INFO - Setting next_dagrun for report_hourly_dag to 2026-06-18T01:58:00+00:00, run_after=2026-06-18T01:59:00+00:00
[2026-06-18T13:07:03.968+0000] {processor.py:179} INFO - Processing /opt/airflow/dags/report_hourly_dag.py took 0.069 seconds
[2026-06-18T13:07:34.162+0000] {processor.py:157} INFO - Started process (PID=543) to work on /opt/airflow/dags/report_hourly_dag.py
[2026-06-18T13:07:34.165+0000] {processor.py:829} INFO - Processing file /opt/airflow/dags/report_hourly_dag.py for tasks to queue
[2026-06-18T13:07:34.166+0000] {logging_mixin.py:154} INFO - [2026-06-18T13:07:34.166+0000] {dagbag.py:536} INFO - Filling up the DagBag from /opt/airflow/dags/report_hourly_dag.py
[2026-06-18T13:07:34.175+0000] {processor.py:839} INFO - DAG(s) dict_keys(['report_hourly_dag']) retrieved from /opt/airflow/dags/report_hourly_dag.py
[2026-06-18T13:07:34.193+0000] {logging_mixin.py:154} INFO - [2026-06-18T13:07:34.193+0000] {dag.py:2941} INFO - Sync 1 DAGs
[2026-06-18T13:07:34.211+0000] {logging_mixin.py:154} INFO - [2026-06-18T13:07:34.211+0000] {dag.py:3722} INFO - Setting next_dagrun for report_hourly_dag to 2026-06-18T01:58:00+00:00, run_after=2026-06-18T01:59:00+00:00
[2026-06-18T13:07:34.226+0000] {processor.py:179} INFO - Processing /opt/airflow/dags/report_hourly_dag.py took 0.067 seconds
[2026-06-18T13:08:04.393+0000] {processor.py:157} INFO - Started process (PID=558) to work on /opt/airflow/dags/report_hourly_dag.py
[2026-06-18T13:08:04.394+0000] {processor.py:829} INFO - Processing file /opt/airflow/dags/report_hourly_dag.py for tasks to queue
[2026-06-18T13:08:04.394+0000] {logging_mixin.py:154} INFO - [2026-06-18T13:08:04.394+0000] {dagbag.py:536} INFO - Filling up the DagBag from /opt/airflow/dags/report_hourly_dag.py
[2026-06-18T13:08:04.403+0000] {processor.py:839} INFO - DAG(s) dict_keys(['report_hourly_dag']) retrieved from /opt/airflow/dags/report_hourly_dag.py
[2026-06-18T13:08:04.420+0000] {logging_mixin.py:154} INFO - [2026-06-18T13:08:04.419+0000] {dag.py:2941} INFO - Sync 1 DAGs
[2026-06-18T13:08:04.443+0000] {logging_mixin.py:154} INFO - [2026-06-18T13:08:04.442+0000] {dag.py:3722} INFO - Setting next_dagrun for report_hourly_dag to 2026-06-18T01:58:00+00:00, run_after=2026-06-18T01:59:00+00:00
[2026-06-18T13:08:04.457+0000] {processor.py:179} INFO - Processing /opt/airflow/dags/report_hourly_dag.py took 0.066 seconds
[2026-06-18T13:08:34.631+0000] {processor.py:157} INFO - Started process (PID=573) to work on /opt/airflow/dags/report_hourly_dag.py
[2026-06-18T13:08:34.634+0000] {processor.py:829} INFO - Processing file /opt/airflow/dags/report_hourly_dag.py for tasks to queue
[2026-06-18T13:08:34.635+0000] {logging_mixin.py:154} INFO - [2026-06-18T13:08:34.635+0000] {dagbag.py:536} INFO - Filling up the DagBag from /opt/airflow/dags/report_hourly_dag.py
[2026-06-18T13:08:34.645+0000] {processor.py:839} INFO - DAG(s) dict_keys(['report_hourly_dag']) retrieved from /opt/airflow/dags/report_hourly_dag.py
[2026-06-18T13:08:34.663+0000] {logging_mixin.py:154} INFO - [2026-06-18T13:08:34.663+0000] {dag.py:2941} INFO - Sync 1 DAGs
[2026-06-18T13:08:34.682+0000] {logging_mixin.py:154} INFO - [2026-06-18T13:08:34.681+0000] {dag.py:3722} INFO - Setting next_dagrun for report_hourly_dag to 2026-06-18T01:58:00+00:00, run_after=2026-06-18T01:59:00+00:00
[2026-06-18T13:08:34.696+0000] {processor.py:179} INFO - Processing /opt/airflow/dags/report_hourly_dag.py took 0.069 seconds
[2026-06-18T13:09:04.851+0000] {processor.py:157} INFO - Started process (PID=588) to work on /opt/airflow/dags/report_hourly_dag.py
[2026-06-18T13:09:04.852+0000] {processor.py:829} INFO - Processing file /opt/airflow/dags/report_hourly_dag.py for tasks to queue
[2026-06-18T13:09:04.853+0000] {logging_mixin.py:154} INFO - [2026-06-18T13:09:04.852+0000] {dagbag.py:536} INFO - Filling up the DagBag from /opt/airflow/dags/report_hourly_dag.py
[2026-06-18T13:09:04.862+0000] {processor.py:839} INFO - DAG(s) dict_keys(['report_hourly_dag']) retrieved from /opt/airflow/dags/report_hourly_dag.py
[2026-06-18T13:09:04.879+0000] {logging_mixin.py:154} INFO - [2026-06-18T13:09:04.879+0000] {dag.py:2941} INFO - Sync 1 DAGs
[2026-06-18T13:09:04.899+0000] {logging_mixin.py:154} INFO - [2026-06-18T13:09:04.899+0000] {dag.py:3722} INFO - Setting next_dagrun for report_hourly_dag to 2026-06-18T01:58:00+00:00, run_after=2026-06-18T01:59:00+00:00
[2026-06-18T13:09:04.914+0000] {processor.py:179} INFO - Processing /opt/airflow/dags/report_hourly_dag.py took 0.066 seconds
[2026-06-18T13:09:35.069+0000] {processor.py:157} INFO - Started process (PID=603) to work on /opt/airflow/dags/report_hourly_dag.py
[2026-06-18T13:09:35.072+0000] {processor.py:829} INFO - Processing file /opt/airflow/dags/report_hourly_dag.py for tasks to queue
[2026-06-18T13:09:35.073+0000] {logging_mixin.py:154} INFO - [2026-06-18T13:09:35.072+0000] {dagbag.py:536} INFO - Filling up the DagBag from /opt/airflow/dags/report_hourly_dag.py
[2026-06-18T13:09:35.080+0000] {processor.py:839} INFO - DAG(s) dict_keys(['report_hourly_dag']) retrieved from /opt/airflow/dags/report_hourly_dag.py
[2026-06-18T13:09:35.099+0000] {logging_mixin.py:154} INFO - [2026-06-18T13:09:35.098+0000] {dag.py:2941} INFO - Sync 1 DAGs
[2026-06-18T13:09:35.125+0000] {logging_mixin.py:154} INFO - [2026-06-18T13:09:35.125+0000] {dag.py:3722} INFO - Setting next_dagrun for report_hourly_dag to 2026-06-18T01:58:00+00:00, run_after=2026-06-18T01:59:00+00:00
[2026-06-18T13:09:35.142+0000] {processor.py:179} INFO - Processing /opt/airflow/dags/report_hourly_dag.py took 0.076 seconds
[2026-06-18T13:10:05.302+0000] {processor.py:157} INFO - Started process (PID=618) to work on /opt/airflow/dags/report_hourly_dag.py
[2026-06-18T13:10:05.303+0000] {processor.py:829} INFO - Processing file /opt/airflow/dags/report_hourly_dag.py for tasks to queue
[2026-06-18T13:10:05.304+0000] {logging_mixin.py:154} INFO - [2026-06-18T13:10:05.303+0000] {dagbag.py:536} INFO - Filling up the DagBag from /opt/airflow/dags/report_hourly_dag.py
[2026-06-18T13:10:05.311+0000] {processor.py:839} INFO - DAG(s) dict_keys(['report_hourly_dag']) retrieved from /opt/airflow/dags/report_hourly_dag.py
[2026-06-18T13:10:05.331+0000] {logging_mixin.py:154} INFO - [2026-06-18T13:10:05.330+0000] {dag.py:2941} INFO - Sync 1 DAGs
[2026-06-18T13:10:05.350+0000] {logging_mixin.py:154} INFO - [2026-06-18T13:10:05.350+0000] {dag.py:3722} INFO - Setting next_dagrun for report_hourly_dag to 2026-06-18T01:58:00+00:00, run_after=2026-06-18T01:59:00+00:00
[2026-06-18T13:10:05.364+0000] {processor.py:179} INFO - Processing /opt/airflow/dags/report_hourly_dag.py took 0.064 seconds
[2026-06-18T13:10:35.549+0000] {processor.py:157} INFO - Started process (PID=633) to work on /opt/airflow/dags/report_hourly_dag.py
[2026-06-18T13:10:35.553+0000] {processor.py:829} INFO - Processing file /opt/airflow/dags/report_hourly_dag.py for tasks to queue
[2026-06-18T13:10:35.553+0000] {logging_mixin.py:154} INFO - [2026-06-18T13:10:35.553+0000] {dagbag.py:536} INFO - Filling up the DagBag from /opt/airflow/dags/report_hourly_dag.py
[2026-06-18T13:10:35.561+0000] {processor.py:839} INFO - DAG(s) dict_keys(['report_hourly_dag']) retrieved from /opt/airflow/dags/report_hourly_dag.py
[2026-06-18T13:10:35.578+0000] {logging_mixin.py:154} INFO - [2026-06-18T13:10:35.578+0000] {dag.py:2941} INFO - Sync 1 DAGs
[2026-06-18T13:10:35.596+0000] {logging_mixin.py:154} INFO - [2026-06-18T13:10:35.596+0000] {dag.py:3722} INFO - Setting next_dagrun for report_hourly_dag to 2026-06-18T01:58:00+00:00, run_after=2026-06-18T01:59:00+00:00
[2026-06-18T13:10:35.608+0000] {processor.py:179} INFO - Processing /opt/airflow/dags/report_hourly_dag.py took 0.062 seconds
[2026-06-18T13:11:05.824+0000] {processor.py:157} INFO - Started process (PID=648) to work on /opt/airflow/dags/report_hourly_dag.py
[2026-06-18T13:11:05.824+0000] {processor.py:829} INFO - Processing file /opt/airflow/dags/report_hourly_dag.py for tasks to queue
[2026-06-18T13:11:05.825+0000] {logging_mixin.py:154} INFO - [2026-06-18T13:11:05.825+0000] {dagbag.py:536} INFO - Filling up the DagBag from /opt/airflow/dags/report_hourly_dag.py
[2026-06-18T13:11:05.835+0000] {processor.py:839} INFO - DAG(s) dict_keys(['report_hourly_dag']) retrieved from /opt/airflow/dags/report_hourly_dag.py
[2026-06-18T13:11:05.852+0000] {logging_mixin.py:154} INFO - [2026-06-18T13:11:05.852+0000] {dag.py:2941} INFO - Sync 1 DAGs
[2026-06-18T13:11:05.870+0000] {logging_mixin.py:154} INFO - [2026-06-18T13:11:05.870+0000] {dag.py:3722} INFO - Setting next_dagrun for report_hourly_dag to 2026-06-18T01:58:00+00:00, run_after=2026-06-18T01:59:00+00:00
[2026-06-18T13:11:05.883+0000] {processor.py:179} INFO - Processing /opt/airflow/dags/report_hourly_dag.py took 0.063 seconds
[2026-06-18T13:11:36.055+0000] {processor.py:157} INFO - Started process (PID=663) to work on /opt/airflow/dags/report_hourly_dag.py
[2026-06-18T13:11:36.057+0000] {processor.py:829} INFO - Processing file /opt/airflow/dags/report_hourly_dag.py for tasks to queue
[2026-06-18T13:11:36.057+0000] {logging_mixin.py:154} INFO - [2026-06-18T13:11:36.057+0000] {dagbag.py:536} INFO - Filling up the DagBag from /opt/airflow/dags/report_hourly_dag.py
[2026-06-18T13:11:36.067+0000] {processor.py:839} INFO - DAG(s) dict_keys(['report_hourly_dag']) retrieved from /opt/airflow/dags/report_hourly_dag.py
[2026-06-18T13:11:36.088+0000] {logging_mixin.py:154} INFO - [2026-06-18T13:11:36.088+0000] {dag.py:2941} INFO - Sync 1 DAGs
[2026-06-18T13:11:36.107+0000] {logging_mixin.py:154} INFO - [2026-06-18T13:11:36.107+0000] {dag.py:3722} INFO - Setting next_dagrun for report_hourly_dag to 2026-06-18T01:58:00+00:00, run_after=2026-06-18T01:59:00+00:00
[2026-06-18T13:11:36.122+0000] {processor.py:179} INFO - Processing /opt/airflow/dags/report_hourly_dag.py took 0.070 seconds
[2026-06-18T13:12:06.314+0000] {processor.py:157} INFO - Started process (PID=678) to work on /opt/airflow/dags/report_hourly_dag.py
[2026-06-18T13:12:06.315+0000] {processor.py:829} INFO - Processing file /opt/airflow/dags/report_hourly_dag.py for tasks to queue
[2026-06-18T13:12:06.315+0000] {logging_mixin.py:154} INFO - [2026-06-18T13:12:06.315+0000] {dagbag.py:536} INFO - Filling up the DagBag from /opt/airflow/dags/report_hourly_dag.py
[2026-06-18T13:12:06.327+0000] {processor.py:839} INFO - DAG(s) dict_keys(['report_hourly_dag']) retrieved from /opt/airflow/dags/report_hourly_dag.py
[2026-06-18T13:12:06.345+0000] {logging_mixin.py:154} INFO - [2026-06-18T13:12:06.345+0000] {dag.py:2941} INFO - Sync 1 DAGs
[2026-06-18T13:12:06.365+0000] {logging_mixin.py:154} INFO - [2026-06-18T13:12:06.365+0000] {dag.py:3722} INFO - Setting next_dagrun for report_hourly_dag to 2026-06-18T01:58:00+00:00, run_after=2026-06-18T01:59:00+00:00
[2026-06-18T13:12:06.380+0000] {processor.py:179} INFO - Processing /opt/airflow/dags/report_hourly_dag.py took 0.071 seconds
[2026-06-18T13:12:36.578+0000] {processor.py:157} INFO - Started process (PID=693) to work on /opt/airflow/dags/report_hourly_dag.py
[2026-06-18T13:12:36.582+0000] {processor.py:829} INFO - Processing file /opt/airflow/dags/report_hourly_dag.py for tasks to queue
[2026-06-18T13:12:36.582+0000] {logging_mixin.py:154} INFO - [2026-06-18T13:12:36.582+0000] {dagbag.py:536} INFO - Filling up the DagBag from /opt/airflow/dags/report_hourly_dag.py
[2026-06-18T13:12:36.593+0000] {processor.py:839} INFO - DAG(s) dict_keys(['report_hourly_dag']) retrieved from /opt/airflow/dags/report_hourly_dag.py
[2026-06-18T13:12:36.617+0000] {logging_mixin.py:154} INFO - [2026-06-18T13:12:36.617+0000] {dag.py:2941} INFO - Sync 1 DAGs
[2026-06-18T13:12:36.647+0000] {logging_mixin.py:154} INFO - [2026-06-18T13:12:36.647+0000] {dag.py:3722} INFO - Setting next_dagrun for report_hourly_dag to 2026-06-18T01:58:00+00:00, run_after=2026-06-18T01:59:00+00:00
[2026-06-18T13:12:36.664+0000] {processor.py:179} INFO - Processing /opt/airflow/dags/report_hourly_dag.py took 0.090 seconds
[2026-06-18T13:13:06.861+0000] {processor.py:157} INFO - Started process (PID=708) to work on /opt/airflow/dags/report_hourly_dag.py
[2026-06-18T13:13:06.862+0000] {processor.py:829} INFO - Processing file /opt/airflow/dags/report_hourly_dag.py for tasks to queue
[2026-06-18T13:13:06.863+0000] {logging_mixin.py:154} INFO - [2026-06-18T13:13:06.862+0000] {dagbag.py:536} INFO - Filling up the DagBag from /opt/airflow/dags/report_hourly_dag.py
[2026-06-18T13:13:06.871+0000] {processor.py:839} INFO - DAG(s) dict_keys(['report_hourly_dag']) retrieved from /opt/airflow/dags/report_hourly_dag.py
[2026-06-18T13:13:06.889+0000] {logging_mixin.py:154} INFO - [2026-06-18T13:13:06.888+0000] {dag.py:2941} INFO - Sync 1 DAGs
[2026-06-18T13:13:06.907+0000] {logging_mixin.py:154} INFO - [2026-06-18T13:13:06.907+0000] {dag.py:3722} INFO - Setting next_dagrun for report_hourly_dag to 2026-06-18T01:58:00+00:00, run_after=2026-06-18T01:59:00+00:00
[2026-06-18T13:13:06.921+0000] {processor.py:179} INFO - Processing /opt/airflow/dags/report_hourly_dag.py took 0.064 seconds
[2026-06-18T13:13:37.104+0000] {processor.py:157} INFO - Started process (PID=723) to work on /opt/airflow/dags/report_hourly_dag.py
[2026-06-18T13:13:37.107+0000] {processor.py:829} INFO - Processing file /opt/airflow/dags/report_hourly_dag.py for tasks to queue
[2026-06-18T13:13:37.108+0000] {logging_mixin.py:154} INFO - [2026-06-18T13:13:37.108+0000] {dagbag.py:536} INFO - Filling up the DagBag from /opt/airflow/dags/report_hourly_dag.py
[2026-06-18T13:13:37.117+0000] {processor.py:839} INFO - DAG(s) dict_keys(['report_hourly_dag']) retrieved from /opt/airflow/dags/report_hourly_dag.py
[2026-06-18T13:13:37.134+0000] {logging_mixin.py:154} INFO - [2026-06-18T13:13:37.134+0000] {dag.py:2941} INFO - Sync 1 DAGs
[2026-06-18T13:13:37.151+0000] {logging_mixin.py:154} INFO - [2026-06-18T13:13:37.151+0000] {dag.py:3722} INFO - Setting next_dagrun for report_hourly_dag to 2026-06-18T01:58:00+00:00, run_after=2026-06-18T01:59:00+00:00
[2026-06-18T13:13:37.165+0000] {processor.py:179} INFO - Processing /opt/airflow/dags/report_hourly_dag.py took 0.064 seconds
[2026-06-18T13:14:07.323+0000] {processor.py:157} INFO - Started process (PID=738) to work on /opt/airflow/dags/report_hourly_dag.py
[2026-06-18T13:14:07.324+0000] {processor.py:829} INFO - Processing file /opt/airflow/dags/report_hourly_dag.py for tasks to queue
[2026-06-18T13:14:07.324+0000] {logging_mixin.py:154} INFO - [2026-06-18T13:14:07.324+0000] {dagbag.py:536} INFO - Filling up the DagBag from /opt/airflow/dags/report_hourly_dag.py
[2026-06-18T13:14:07.332+0000] {processor.py:839} INFO - DAG(s) dict_keys(['report_hourly_dag']) retrieved from /opt/airflow/dags/report_hourly_dag.py
[2026-06-18T13:14:07.353+0000] {logging_mixin.py:154} INFO - [2026-06-18T13:14:07.353+0000] {dag.py:2941} INFO - Sync 1 DAGs
[2026-06-18T13:14:07.375+0000] {logging_mixin.py:154} INFO - [2026-06-18T13:14:07.375+0000] {dag.py:3722} INFO - Setting next_dagrun for report_hourly_dag to 2026-06-18T01:58:00+00:00, run_after=2026-06-18T01:59:00+00:00
[2026-06-18T13:14:07.389+0000] {processor.py:179} INFO - Processing /opt/airflow/dags/report_hourly_dag.py took 0.068 seconds
[2026-06-18T13:14:37.563+0000] {processor.py:157} INFO - Started process (PID=753) to work on /opt/airflow/dags/report_hourly_dag.py
[2026-06-18T13:14:37.567+0000] {processor.py:829} INFO - Processing file /opt/airflow/dags/report_hourly_dag.py for tasks to queue
[2026-06-18T13:14:37.568+0000] {logging_mixin.py:154} INFO - [2026-06-18T13:14:37.567+0000] {dagbag.py:536} INFO - Filling up the DagBag from /opt/airflow/dags/report_hourly_dag.py
[2026-06-18T13:14:37.579+0000] {processor.py:839} INFO - DAG(s) dict_keys(['report_hourly_dag']) retrieved from /opt/airflow/dags/report_hourly_dag.py
[2026-06-18T13:14:37.598+0000] {logging_mixin.py:154} INFO - [2026-06-18T13:14:37.598+0000] {dag.py:2941} INFO - Sync 1 DAGs
[2026-06-18T13:14:37.623+0000] {logging_mixin.py:154} INFO - [2026-06-18T13:14:37.623+0000] {dag.py:3722} INFO - Setting next_dagrun for report_hourly_dag to 2026-06-18T01:58:00+00:00, run_after=2026-06-18T01:59:00+00:00
[2026-06-18T13:14:37.640+0000] {processor.py:179} INFO - Processing /opt/airflow/dags/report_hourly_dag.py took 0.080 seconds
[2026-06-18T13:15:07.784+0000] {processor.py:157} INFO - Started process (PID=768) to work on /opt/airflow/dags/report_hourly_dag.py
[2026-06-18T13:15:07.784+0000] {processor.py:829} INFO - Processing file /opt/airflow/dags/report_hourly_dag.py for tasks to queue
[2026-06-18T13:15:07.785+0000] {logging_mixin.py:154} INFO - [2026-06-18T13:15:07.785+0000] {dagbag.py:536} INFO - Filling up the DagBag from /opt/airflow/dags/report_hourly_dag.py
[2026-06-18T13:15:07.793+0000] {processor.py:839} INFO - DAG(s) dict_keys(['report_hourly_dag']) retrieved from /opt/airflow/dags/report_hourly_dag.py
[2026-06-18T13:15:07.811+0000] {logging_mixin.py:154} INFO - [2026-06-18T13:15:07.811+0000] {dag.py:2941} INFO - Sync 1 DAGs
[2026-06-18T13:15:07.830+0000] {logging_mixin.py:154} INFO - [2026-06-18T13:15:07.830+0000] {dag.py:3722} INFO - Setting next_dagrun for report_hourly_dag to 2026-06-18T01:58:00+00:00, run_after=2026-06-18T01:59:00+00:00
[2026-06-18T13:15:07.856+0000] {processor.py:179} INFO - Processing /opt/airflow/dags/report_hourly_dag.py took 0.075 seconds
[2026-06-18T13:15:37.993+0000] {processor.py:157} INFO - Started process (PID=783) to work on /opt/airflow/dags/report_hourly_dag.py
[2026-06-18T13:15:37.993+0000] {processor.py:829} INFO - Processing file /opt/airflow/dags/report_hourly_dag.py for tasks to queue
[2026-06-18T13:15:37.994+0000] {logging_mixin.py:154} INFO - [2026-06-18T13:15:37.994+0000] {dagbag.py:536} INFO - Filling up the DagBag from /opt/airflow/dags/report_hourly_dag.py
[2026-06-18T13:15:38.003+0000] {processor.py:839} INFO - DAG(s) dict_keys(['report_hourly_dag']) retrieved from /opt/airflow/dags/report_hourly_dag.py
[2026-06-18T13:15:38.020+0000] {logging_mixin.py:154} INFO - [2026-06-18T13:15:38.020+0000] {dag.py:2941} INFO - Sync 1 DAGs
[2026-06-18T13:15:38.038+0000] {logging_mixin.py:154} INFO - [2026-06-18T13:15:38.038+0000] {dag.py:3722} INFO - Setting next_dagrun for report_hourly_dag to 2026-06-18T01:58:00+00:00, run_after=2026-06-18T01:59:00+00:00
[2026-06-18T13:15:38.053+0000] {processor.py:179} INFO - Processing /opt/airflow/dags/report_hourly_dag.py took 0.063 seconds
[2026-06-18T13:16:08.213+0000] {processor.py:157} INFO - Started process (PID=798) to work on /opt/airflow/dags/report_hourly_dag.py
[2026-06-18T13:16:08.214+0000] {processor.py:829} INFO - Processing file /opt/airflow/dags/report_hourly_dag.py for tasks to queue
[2026-06-18T13:16:08.214+0000] {logging_mixin.py:154} INFO - [2026-06-18T13:16:08.214+0000] {dagbag.py:536} INFO - Filling up the DagBag from /opt/airflow/dags/report_hourly_dag.py
[2026-06-18T13:16:08.224+0000] {processor.py:839} INFO - DAG(s) dict_keys(['report_hourly_dag']) retrieved from /opt/airflow/dags/report_hourly_dag.py
[2026-06-18T13:16:08.241+0000] {logging_mixin.py:154} INFO - [2026-06-18T13:16:08.241+0000] {dag.py:2941} INFO - Sync 1 DAGs
[2026-06-18T13:16:08.260+0000] {logging_mixin.py:154} INFO - [2026-06-18T13:16:08.260+0000] {dag.py:3722} INFO - Setting next_dagrun for report_hourly_dag to 2026-06-18T01:58:00+00:00, run_after=2026-06-18T01:59:00+00:00
[2026-06-18T13:16:08.277+0000] {processor.py:179} INFO - Processing /opt/airflow/dags/report_hourly_dag.py took 0.066 seconds
[2026-06-18T13:16:38.455+0000] {processor.py:157} INFO - Started process (PID=813) to work on /opt/airflow/dags/report_hourly_dag.py
[2026-06-18T13:16:38.459+0000] {processor.py:829} INFO - Processing file /opt/airflow/dags/report_hourly_dag.py for tasks to queue
[2026-06-18T13:16:38.460+0000] {logging_mixin.py:154} INFO - [2026-06-18T13:16:38.460+0000] {dagbag.py:536} INFO - Filling up the DagBag from /opt/airflow/dags/report_hourly_dag.py
[2026-06-18T13:16:38.472+0000] {processor.py:839} INFO - DAG(s) dict_keys(['report_hourly_dag']) retrieved from /opt/airflow/dags/report_hourly_dag.py
[2026-06-18T13:16:38.492+0000] {logging_mixin.py:154} INFO - [2026-06-18T13:16:38.492+0000] {dag.py:2941} INFO - Sync 1 DAGs
[2026-06-18T13:16:38.509+0000] {logging_mixin.py:154} INFO - [2026-06-18T13:16:38.509+0000] {dag.py:3722} INFO - Setting next_dagrun for report_hourly_dag to 2026-06-18T01:58:00+00:00, run_after=2026-06-18T01:59:00+00:00
[2026-06-18T13:16:38.522+0000] {processor.py:179} INFO - Processing /opt/airflow/dags/report_hourly_dag.py took 0.070 seconds
[2026-06-18T13:17:08.706+0000] {processor.py:157} INFO - Started process (PID=828) to work on /opt/airflow/dags/report_hourly_dag.py
[2026-06-18T13:17:08.707+0000] {processor.py:829} INFO - Processing file /opt/airflow/dags/report_hourly_dag.py for tasks to queue
[2026-06-18T13:17:08.708+0000] {logging_mixin.py:154} INFO - [2026-06-18T13:17:08.707+0000] {dagbag.py:536} INFO - Filling up the DagBag from /opt/airflow/dags/report_hourly_dag.py
[2026-06-18T13:17:08.718+0000] {processor.py:839} INFO - DAG(s) dict_keys(['report_hourly_dag']) retrieved from /opt/airflow/dags/report_hourly_dag.py
[2026-06-18T13:17:08.736+0000] {logging_mixin.py:154} INFO - [2026-06-18T13:17:08.736+0000] {dag.py:2941} INFO - Sync 1 DAGs
[2026-06-18T13:17:08.756+0000] {logging_mixin.py:154} INFO - [2026-06-18T13:17:08.756+0000] {dag.py:3722} INFO - Setting next_dagrun for report_hourly_dag to 2026-06-18T01:58:00+00:00, run_after=2026-06-18T01:59:00+00:00
[2026-06-18T13:17:08.772+0000] {processor.py:179} INFO - Processing /opt/airflow/dags/report_hourly_dag.py took 0.069 seconds
[2026-06-18T13:17:38.933+0000] {processor.py:157} INFO - Started process (PID=843) to work on /opt/airflow/dags/report_hourly_dag.py
[2026-06-18T13:17:38.937+0000] {processor.py:829} INFO - Processing file /opt/airflow/dags/report_hourly_dag.py for tasks to queue
[2026-06-18T13:17:38.938+0000] {logging_mixin.py:154} INFO - [2026-06-18T13:17:38.937+0000] {dagbag.py:536} INFO - Filling up the DagBag from /opt/airflow/dags/report_hourly_dag.py
[2026-06-18T13:17:38.950+0000] {processor.py:839} INFO - DAG(s) dict_keys(['report_hourly_dag']) retrieved from /opt/airflow/dags/report_hourly_dag.py
[2026-06-18T13:17:38.968+0000] {logging_mixin.py:154} INFO - [2026-06-18T13:17:38.968+0000] {dag.py:2941} INFO - Sync 1 DAGs
[2026-06-18T13:17:38.989+0000] {logging_mixin.py:154} INFO - [2026-06-18T13:17:38.989+0000] {dag.py:3722} INFO - Setting next_dagrun for report_hourly_dag to 2026-06-18T01:58:00+00:00, run_after=2026-06-18T01:59:00+00:00
[2026-06-18T13:17:39.004+0000] {processor.py:179} INFO - Processing /opt/airflow/dags/report_hourly_dag.py took 0.074 seconds
[2026-06-18T13:18:09.205+0000] {processor.py:157} INFO - Started process (PID=858) to work on /opt/airflow/dags/report_hourly_dag.py
[2026-06-18T13:18:09.206+0000] {processor.py:829} INFO - Processing file /opt/airflow/dags/report_hourly_dag.py for tasks to queue
[2026-06-18T13:18:09.206+0000] {logging_mixin.py:154} INFO - [2026-06-18T13:18:09.206+0000] {dagbag.py:536} INFO - Filling up the DagBag from /opt/airflow/dags/report_hourly_dag.py
[2026-06-18T13:18:09.216+0000] {processor.py:839} INFO - DAG(s) dict_keys(['report_hourly_dag']) retrieved from /opt/airflow/dags/report_hourly_dag.py
[2026-06-18T13:18:09.236+0000] {logging_mixin.py:154} INFO - [2026-06-18T13:18:09.236+0000] {dag.py:2941} INFO - Sync 1 DAGs
[2026-06-18T13:18:09.256+0000] {logging_mixin.py:154} INFO - [2026-06-18T13:18:09.256+0000] {dag.py:3722} INFO - Setting next_dagrun for report_hourly_dag to 2026-06-18T01:58:00+00:00, run_after=2026-06-18T01:59:00+00:00
[2026-06-18T13:18:09.270+0000] {processor.py:179} INFO - Processing /opt/airflow/dags/report_hourly_dag.py took 0.070 seconds
[2026-06-18T13:18:39.448+0000] {processor.py:157} INFO - Started process (PID=873) to work on /opt/airflow/dags/report_hourly_dag.py
[2026-06-18T13:18:39.449+0000] {processor.py:829} INFO - Processing file /opt/airflow/dags/report_hourly_dag.py for tasks to queue
[2026-06-18T13:18:39.449+0000] {logging_mixin.py:154} INFO - [2026-06-18T13:18:39.449+0000] {dagbag.py:536} INFO - Filling up the DagBag from /opt/airflow/dags/report_hourly_dag.py
[2026-06-18T13:18:39.457+0000] {processor.py:839} INFO - DAG(s) dict_keys(['report_hourly_dag']) retrieved from /opt/airflow/dags/report_hourly_dag.py
[2026-06-18T13:18:39.482+0000] {logging_mixin.py:154} INFO - [2026-06-18T13:18:39.482+0000] {dag.py:2941} INFO - Sync 1 DAGs
[2026-06-18T13:18:39.515+0000] {logging_mixin.py:154} INFO - [2026-06-18T13:18:39.514+0000] {dag.py:3722} INFO - Setting next_dagrun for report_hourly_dag to 2026-06-18T01:58:00+00:00, run_after=2026-06-18T01:59:00+00:00
[2026-06-18T13:18:39.530+0000] {processor.py:179} INFO - Processing /opt/airflow/dags/report_hourly_dag.py took 0.084 seconds
[2026-06-18T13:19:09.704+0000] {processor.py:157} INFO - Started process (PID=888) to work on /opt/airflow/dags/report_hourly_dag.py
[2026-06-18T13:19:09.708+0000] {processor.py:829} INFO - Processing file /opt/airflow/dags/report_hourly_dag.py for tasks to queue
[2026-06-18T13:19:09.709+0000] {logging_mixin.py:154} INFO - [2026-06-18T13:19:09.708+0000] {dagbag.py:536} INFO - Filling up the DagBag from /opt/airflow/dags/report_hourly_dag.py
[2026-06-18T13:19:09.717+0000] {processor.py:839} INFO - DAG(s) dict_keys(['report_hourly_dag']) retrieved from /opt/airflow/dags/report_hourly_dag.py
[2026-06-18T13:19:09.735+0000] {logging_mixin.py:154} INFO - [2026-06-18T13:19:09.735+0000] {dag.py:2941} INFO - Sync 1 DAGs
[2026-06-18T13:19:09.754+0000] {logging_mixin.py:154} INFO - [2026-06-18T13:19:09.754+0000] {dag.py:3722} INFO - Setting next_dagrun for report_hourly_dag to 2026-06-18T01:58:00+00:00, run_after=2026-06-18T01:59:00+00:00
[2026-06-18T13:19:09.770+0000] {processor.py:179} INFO - Processing /opt/airflow/dags/report_hourly_dag.py took 0.069 seconds
[2026-06-18T13:19:39.958+0000] {processor.py:157} INFO - Started process (PID=903) to work on /opt/airflow/dags/report_hourly_dag.py
[2026-06-18T13:19:39.959+0000] {processor.py:829} INFO - Processing file /opt/airflow/dags/report_hourly_dag.py for tasks to queue
[2026-06-18T13:19:39.960+0000] {logging_mixin.py:154} INFO - [2026-06-18T13:19:39.959+0000] {dagbag.py:536} INFO - Filling up the DagBag from /opt/airflow/dags/report_hourly_dag.py
[2026-06-18T13:19:39.971+0000] {processor.py:839} INFO - DAG(s) dict_keys(['report_hourly_dag']) retrieved from /opt/airflow/dags/report_hourly_dag.py
[2026-06-18T13:19:39.988+0000] {logging_mixin.py:154} INFO - [2026-06-18T13:19:39.988+0000] {dag.py:2941} INFO - Sync 1 DAGs
[2026-06-18T13:19:40.007+0000] {logging_mixin.py:154} INFO - [2026-06-18T13:19:40.007+0000] {dag.py:3722} INFO - Setting next_dagrun for report_hourly_dag to 2026-06-18T01:58:00+00:00, run_after=2026-06-18T01:59:00+00:00
[2026-06-18T13:19:40.020+0000] {processor.py:179} INFO - Processing /opt/airflow/dags/report_hourly_dag.py took 0.067 seconds
[2026-06-18T13:20:10.164+0000] {processor.py:157} INFO - Started process (PID=918) to work on /opt/airflow/dags/report_hourly_dag.py
[2026-06-18T13:20:10.167+0000] {processor.py:829} INFO - Processing file /opt/airflow/dags/report_hourly_dag.py for tasks to queue
[2026-06-18T13:20:10.168+0000] {logging_mixin.py:154} INFO - [2026-06-18T13:20:10.168+0000] {dagbag.py:536} INFO - Filling up the DagBag from /opt/airflow/dags/report_hourly_dag.py
[2026-06-18T13:20:10.176+0000] {processor.py:839} INFO - DAG(s) dict_keys(['report_hourly_dag']) retrieved from /opt/airflow/dags/report_hourly_dag.py
[2026-06-18T13:20:10.194+0000] {logging_mixin.py:154} INFO - [2026-06-18T13:20:10.194+0000] {dag.py:2941} INFO - Sync 1 DAGs
[2026-06-18T13:20:10.214+0000] {logging_mixin.py:154} INFO - [2026-06-18T13:20:10.214+0000] {dag.py:3722} INFO - Setting next_dagrun for report_hourly_dag to 2026-06-18T01:58:00+00:00, run_after=2026-06-18T01:59:00+00:00
[2026-06-18T13:20:10.230+0000] {processor.py:179} INFO - Processing /opt/airflow/dags/report_hourly_dag.py took 0.069 seconds
[2026-06-18T13:20:40.429+0000] {processor.py:157} INFO - Started process (PID=933) to work on /opt/airflow/dags/report_hourly_dag.py
[2026-06-18T13:20:40.430+0000] {processor.py:829} INFO - Processing file /opt/airflow/dags/report_hourly_dag.py for tasks to queue
[2026-06-18T13:20:40.430+0000] {logging_mixin.py:154} INFO - [2026-06-18T13:20:40.430+0000] {dagbag.py:536} INFO - Filling up the DagBag from /opt/airflow/dags/report_hourly_dag.py
[2026-06-18T13:20:40.439+0000] {processor.py:839} INFO - DAG(s) dict_keys(['report_hourly_dag']) retrieved from /opt/airflow/dags/report_hourly_dag.py
[2026-06-18T13:20:40.455+0000] {logging_mixin.py:154} INFO - [2026-06-18T13:20:40.455+0000] {dag.py:2941} INFO - Sync 1 DAGs
[2026-06-18T13:20:40.551+0000] {logging_mixin.py:154} INFO - [2026-06-18T13:20:40.551+0000] {dag.py:3722} INFO - Setting next_dagrun for report_hourly_dag to 2026-06-18T01:58:00+00:00, run_after=2026-06-18T01:59:00+00:00
[2026-06-18T13:20:40.565+0000] {processor.py:179} INFO - Processing /opt/airflow/dags/report_hourly_dag.py took 0.139 seconds
[2026-06-18T13:21:10.841+0000] {processor.py:157} INFO - Started process (PID=948) to work on /opt/airflow/dags/report_hourly_dag.py
[2026-06-18T13:21:10.841+0000] {processor.py:829} INFO - Processing file /opt/airflow/dags/report_hourly_dag.py for tasks to queue
[2026-06-18T13:21:10.842+0000] {logging_mixin.py:154} INFO - [2026-06-18T13:21:10.842+0000] {dagbag.py:536} INFO - Filling up the DagBag from /opt/airflow/dags/report_hourly_dag.py
[2026-06-18T13:21:10.859+0000] {processor.py:839} INFO - DAG(s) dict_keys(['report_hourly_dag']) retrieved from /opt/airflow/dags/report_hourly_dag.py
[2026-06-18T13:21:10.893+0000] {logging_mixin.py:154} INFO - [2026-06-18T13:21:10.893+0000] {dag.py:2941} INFO - Sync 1 DAGs
[2026-06-18T13:21:10.922+0000] {logging_mixin.py:154} INFO - [2026-06-18T13:21:10.922+0000] {dag.py:3722} INFO - Setting next_dagrun for report_hourly_dag to 2026-06-18T01:58:00+00:00, run_after=2026-06-18T01:59:00+00:00
[2026-06-18T13:21:10.939+0000] {processor.py:179} INFO - Processing /opt/airflow/dags/report_hourly_dag.py took 0.104 seconds
[2026-06-18T13:21:41.196+0000] {processor.py:157} INFO - Started process (PID=963) to work on /opt/airflow/dags/report_hourly_dag.py
[2026-06-18T13:21:41.197+0000] {processor.py:829} INFO - Processing file /opt/airflow/dags/report_hourly_dag.py for tasks to queue
[2026-06-18T13:21:41.198+0000] {logging_mixin.py:154} INFO - [2026-06-18T13:21:41.198+0000] {dagbag.py:536} INFO - Filling up the DagBag from /opt/airflow/dags/report_hourly_dag.py
[2026-06-18T13:21:41.215+0000] {processor.py:839} INFO - DAG(s) dict_keys(['report_hourly_dag']) retrieved from /opt/airflow/dags/report_hourly_dag.py
[2026-06-18T13:21:41.239+0000] {logging_mixin.py:154} INFO - [2026-06-18T13:21:41.239+0000] {dag.py:2941} INFO - Sync 1 DAGs
[2026-06-18T13:21:41.264+0000] {logging_mixin.py:154} INFO - [2026-06-18T13:21:41.264+0000] {dag.py:3722} INFO - Setting next_dagrun for report_hourly_dag to 2026-06-18T01:58:00+00:00, run_after=2026-06-18T01:59:00+00:00
[2026-06-18T13:21:41.281+0000] {processor.py:179} INFO - Processing /opt/airflow/dags/report_hourly_dag.py took 0.095 seconds
[2026-06-18T13:22:11.447+0000] {processor.py:157} INFO - Started process (PID=978) to work on /opt/airflow/dags/report_hourly_dag.py
[2026-06-18T13:22:11.452+0000] {processor.py:829} INFO - Processing file /opt/airflow/dags/report_hourly_dag.py for tasks to queue
[2026-06-18T13:22:11.452+0000] {logging_mixin.py:154} INFO - [2026-06-18T13:22:11.452+0000] {dagbag.py:536} INFO - Filling up the DagBag from /opt/airflow/dags/report_hourly_dag.py
[2026-06-18T13:22:11.460+0000] {processor.py:839} INFO - DAG(s) dict_keys(['report_hourly_dag']) retrieved from /opt/airflow/dags/report_hourly_dag.py
[2026-06-18T13:22:11.477+0000] {logging_mixin.py:154} INFO - [2026-06-18T13:22:11.477+0000] {dag.py:2941} INFO - Sync 1 DAGs
[2026-06-18T13:22:11.496+0000] {logging_mixin.py:154} INFO - [2026-06-18T13:22:11.496+0000] {dag.py:3722} INFO - Setting next_dagrun for report_hourly_dag to 2026-06-18T01:58:00+00:00, run_after=2026-06-18T01:59:00+00:00
[2026-06-18T13:22:11.510+0000] {processor.py:179} INFO - Processing /opt/airflow/dags/report_hourly_dag.py took 0.066 seconds
[2026-06-18T13:22:41.701+0000] {processor.py:157} INFO - Started process (PID=993) to work on /opt/airflow/dags/report_hourly_dag.py
[2026-06-18T13:22:41.702+0000] {processor.py:829} INFO - Processing file /opt/airflow/dags/report_hourly_dag.py for tasks to queue
[2026-06-18T13:22:41.702+0000] {logging_mixin.py:154} INFO - [2026-06-18T13:22:41.702+0000] {dagbag.py:536} INFO - Filling up the DagBag from /opt/airflow/dags/report_hourly_dag.py
[2026-06-18T13:22:41.711+0000] {processor.py:839} INFO - DAG(s) dict_keys(['report_hourly_dag']) retrieved from /opt/airflow/dags/report_hourly_dag.py
[2026-06-18T13:22:41.731+0000] {logging_mixin.py:154} INFO - [2026-06-18T13:22:41.731+0000] {dag.py:2941} INFO - Sync 1 DAGs
[2026-06-18T13:22:41.752+0000] {logging_mixin.py:154} INFO - [2026-06-18T13:22:41.752+0000] {dag.py:3722} INFO - Setting next_dagrun for report_hourly_dag to 2026-06-18T01:58:00+00:00, run_after=2026-06-18T01:59:00+00:00
[2026-06-18T13:22:41.768+0000] {processor.py:179} INFO - Processing /opt/airflow/dags/report_hourly_dag.py took 0.069 seconds
[2026-06-18T13:23:11.951+0000] {processor.py:157} INFO - Started process (PID=1008) to work on /opt/airflow/dags/report_hourly_dag.py
[2026-06-18T13:23:11.953+0000] {processor.py:829} INFO - Processing file /opt/airflow/dags/report_hourly_dag.py for tasks to queue
[2026-06-18T13:23:11.954+0000] {logging_mixin.py:154} INFO - [2026-06-18T13:23:11.954+0000] {dagbag.py:536} INFO - Filling up the DagBag from /opt/airflow/dags/report_hourly_dag.py
[2026-06-18T13:23:11.962+0000] {processor.py:839} INFO - DAG(s) dict_keys(['report_hourly_dag']) retrieved from /opt/airflow/dags/report_hourly_dag.py
[2026-06-18T13:23:11.985+0000] {logging_mixin.py:154} INFO - [2026-06-18T13:23:11.985+0000] {dag.py:2941} INFO - Sync 1 DAGs
[2026-06-18T13:23:12.004+0000] {logging_mixin.py:154} INFO - [2026-06-18T13:23:12.004+0000] {dag.py:3722} INFO - Setting next_dagrun for report_hourly_dag to 2026-06-18T01:58:00+00:00, run_after=2026-06-18T01:59:00+00:00
[2026-06-18T13:23:12.024+0000] {processor.py:179} INFO - Processing /opt/airflow/dags/report_hourly_dag.py took 0.076 seconds
[2026-06-18T13:23:42.172+0000] {processor.py:157} INFO - Started process (PID=1023) to work on /opt/airflow/dags/report_hourly_dag.py
[2026-06-18T13:23:42.172+0000] {processor.py:829} INFO - Processing file /opt/airflow/dags/report_hourly_dag.py for tasks to queue
[2026-06-18T13:23:42.173+0000] {logging_mixin.py:154} INFO - [2026-06-18T13:23:42.173+0000] {dagbag.py:536} INFO - Filling up the DagBag from /opt/airflow/dags/report_hourly_dag.py
[2026-06-18T13:23:42.186+0000] {processor.py:839} INFO - DAG(s) dict_keys(['report_hourly_dag']) retrieved from /opt/airflow/dags/report_hourly_dag.py
[2026-06-18T13:23:42.207+0000] {logging_mixin.py:154} INFO - [2026-06-18T13:23:42.207+0000] {dag.py:2941} INFO - Sync 1 DAGs
[2026-06-18T13:23:42.226+0000] {logging_mixin.py:154} INFO - [2026-06-18T13:23:42.226+0000] {dag.py:3722} INFO - Setting next_dagrun for report_hourly_dag to 2026-06-18T01:58:00+00:00, run_after=2026-06-18T01:59:00+00:00
[2026-06-18T13:23:42.240+0000] {processor.py:179} INFO - Processing /opt/airflow/dags/report_hourly_dag.py took 0.072 seconds
[2026-06-18T13:24:12.438+0000] {processor.py:157} INFO - Started process (PID=1038) to work on /opt/airflow/dags/report_hourly_dag.py
[2026-06-18T13:24:12.439+0000] {processor.py:829} INFO - Processing file /opt/airflow/dags/report_hourly_dag.py for tasks to queue
[2026-06-18T13:24:12.439+0000] {logging_mixin.py:154} INFO - [2026-06-18T13:24:12.439+0000] {dagbag.py:536} INFO - Filling up the DagBag from /opt/airflow/dags/report_hourly_dag.py
[2026-06-18T13:24:12.450+0000] {processor.py:839} INFO - DAG(s) dict_keys(['report_hourly_dag']) retrieved from /opt/airflow/dags/report_hourly_dag.py
[2026-06-18T13:24:12.466+0000] {logging_mixin.py:154} INFO - [2026-06-18T13:24:12.466+0000] {dag.py:2941} INFO - Sync 1 DAGs
[2026-06-18T13:24:12.485+0000] {logging_mixin.py:154} INFO - [2026-06-18T13:24:12.484+0000] {dag.py:3722} INFO - Setting next_dagrun for report_hourly_dag to 2026-06-18T01:58:00+00:00, run_after=2026-06-18T01:59:00+00:00
[2026-06-18T13:24:12.499+0000] {processor.py:179} INFO - Processing /opt/airflow/dags/report_hourly_dag.py took 0.065 seconds
[2026-06-18T13:24:42.668+0000] {processor.py:157} INFO - Started process (PID=1053) to work on /opt/airflow/dags/report_hourly_dag.py
[2026-06-18T13:24:42.669+0000] {processor.py:829} INFO - Processing file /opt/airflow/dags/report_hourly_dag.py for tasks to queue
[2026-06-18T13:24:42.669+0000] {logging_mixin.py:154} INFO - [2026-06-18T13:24:42.669+0000] {dagbag.py:536} INFO - Filling up the DagBag from /opt/airflow/dags/report_hourly_dag.py
[2026-06-18T13:24:42.678+0000] {processor.py:839} INFO - DAG(s) dict_keys(['report_hourly_dag']) retrieved from /opt/airflow/dags/report_hourly_dag.py
[2026-06-18T13:24:42.694+0000] {logging_mixin.py:154} INFO - [2026-06-18T13:24:42.694+0000] {dag.py:2941} INFO - Sync 1 DAGs
[2026-06-18T13:24:42.716+0000] {logging_mixin.py:154} INFO - [2026-06-18T13:24:42.716+0000] {dag.py:3722} INFO - Setting next_dagrun for report_hourly_dag to 2026-06-18T01:58:00+00:00, run_after=2026-06-18T01:59:00+00:00
[2026-06-18T13:24:42.734+0000] {processor.py:179} INFO - Processing /opt/airflow/dags/report_hourly_dag.py took 0.068 seconds
[2026-06-18T13:25:12.862+0000] {processor.py:157} INFO - Started process (PID=1068) to work on /opt/airflow/dags/report_hourly_dag.py
[2026-06-18T13:25:12.863+0000] {processor.py:829} INFO - Processing file /opt/airflow/dags/report_hourly_dag.py for tasks to queue
[2026-06-18T13:25:12.864+0000] {logging_mixin.py:154} INFO - [2026-06-18T13:25:12.863+0000] {dagbag.py:536} INFO - Filling up the DagBag from /opt/airflow/dags/report_hourly_dag.py
[2026-06-18T13:25:12.872+0000] {processor.py:839} INFO - DAG(s) dict_keys(['report_hourly_dag']) retrieved from /opt/airflow/dags/report_hourly_dag.py
[2026-06-18T13:25:12.889+0000] {logging_mixin.py:154} INFO - [2026-06-18T13:25:12.889+0000] {dag.py:2941} INFO - Sync 1 DAGs
[2026-06-18T13:25:12.906+0000] {logging_mixin.py:154} INFO - [2026-06-18T13:25:12.906+0000] {dag.py:3722} INFO - Setting next_dagrun for report_hourly_dag to 2026-06-18T01:58:00+00:00, run_after=2026-06-18T01:59:00+00:00
[2026-06-18T13:25:12.920+0000] {processor.py:179} INFO - Processing /opt/airflow/dags/report_hourly_dag.py took 0.060 seconds
[2026-06-18T13:25:43.045+0000] {processor.py:157} INFO - Started process (PID=1083) to work on /opt/airflow/dags/report_hourly_dag.py
[2026-06-18T13:25:43.045+0000] {processor.py:829} INFO - Processing file /opt/airflow/dags/report_hourly_dag.py for tasks to queue
[2026-06-18T13:25:43.046+0000] {logging_mixin.py:154} INFO - [2026-06-18T13:25:43.045+0000] {dagbag.py:536} INFO - Filling up the DagBag from /opt/airflow/dags/report_hourly_dag.py
[2026-06-18T13:25:43.053+0000] {processor.py:839} INFO - DAG(s) dict_keys(['report_hourly_dag']) retrieved from /opt/airflow/dags/report_hourly_dag.py
[2026-06-18T13:25:43.075+0000] {logging_mixin.py:154} INFO - [2026-06-18T13:25:43.075+0000] {dag.py:2941} INFO - Sync 1 DAGs
[2026-06-18T13:25:43.104+0000] {logging_mixin.py:154} INFO - [2026-06-18T13:25:43.104+0000] {dag.py:3722} INFO - Setting next_dagrun for report_hourly_dag to 2026-06-18T01:58:00+00:00, run_after=2026-06-18T01:59:00+00:00
[2026-06-18T13:25:43.127+0000] {processor.py:179} INFO - Processing /opt/airflow/dags/report_hourly_dag.py took 0.085 seconds
[2026-06-18T13:26:13.254+0000] {processor.py:157} INFO - Started process (PID=1098) to work on /opt/airflow/dags/report_hourly_dag.py
[2026-06-18T13:26:13.255+0000] {processor.py:829} INFO - Processing file /opt/airflow/dags/report_hourly_dag.py for tasks to queue
[2026-06-18T13:26:13.256+0000] {logging_mixin.py:154} INFO - [2026-06-18T13:26:13.256+0000] {dagbag.py:536} INFO - Filling up the DagBag from /opt/airflow/dags/report_hourly_dag.py
[2026-06-18T13:26:13.266+0000] {processor.py:839} INFO - DAG(s) dict_keys(['report_hourly_dag']) retrieved from /opt/airflow/dags/report_hourly_dag.py
[2026-06-18T13:26:13.294+0000] {logging_mixin.py:154} INFO - [2026-06-18T13:26:13.293+0000] {dag.py:2941} INFO - Sync 1 DAGs
[2026-06-18T13:26:13.324+0000] {logging_mixin.py:154} INFO - [2026-06-18T13:26:13.323+0000] {dag.py:3722} INFO - Setting next_dagrun for report_hourly_dag to 2026-06-18T01:58:00+00:00, run_after=2026-06-18T01:59:00+00:00
[2026-06-18T13:26:13.342+0000] {processor.py:179} INFO - Processing /opt/airflow/dags/report_hourly_dag.py took 0.092 seconds
[2026-06-18T13:26:43.496+0000] {processor.py:157} INFO - Started process (PID=1113) to work on /opt/airflow/dags/report_hourly_dag.py
[2026-06-18T13:26:43.497+0000] {processor.py:829} INFO - Processing file /opt/airflow/dags/report_hourly_dag.py for tasks to queue
[2026-06-18T13:26:43.497+0000] {logging_mixin.py:154} INFO - [2026-06-18T13:26:43.497+0000] {dagbag.py:536} INFO - Filling up the DagBag from /opt/airflow/dags/report_hourly_dag.py
[2026-06-18T13:26:43.509+0000] {processor.py:839} INFO - DAG(s) dict_keys(['report_hourly_dag']) retrieved from /opt/airflow/dags/report_hourly_dag.py
[2026-06-18T13:26:43.529+0000] {logging_mixin.py:154} INFO - [2026-06-18T13:26:43.529+0000] {dag.py:2941} INFO - Sync 1 DAGs
[2026-06-18T13:26:43.556+0000] {logging_mixin.py:154} INFO - [2026-06-18T13:26:43.556+0000] {dag.py:3722} INFO - Setting next_dagrun for report_hourly_dag to 2026-06-18T01:58:00+00:00, run_after=2026-06-18T01:59:00+00:00
[2026-06-18T13:26:43.570+0000] {processor.py:179} INFO - Processing /opt/airflow/dags/report_hourly_dag.py took 0.078 seconds
[2026-06-18T13:27:13.726+0000] {processor.py:157} INFO - Started process (PID=1128) to work on /opt/airflow/dags/report_hourly_dag.py
[2026-06-18T13:27:13.728+0000] {processor.py:829} INFO - Processing file /opt/airflow/dags/report_hourly_dag.py for tasks to queue
[2026-06-18T13:27:13.729+0000] {logging_mixin.py:154} INFO - [2026-06-18T13:27:13.729+0000] {dagbag.py:536} INFO - Filling up the DagBag from /opt/airflow/dags/report_hourly_dag.py
[2026-06-18T13:27:13.741+0000] {processor.py:839} INFO - DAG(s) dict_keys(['report_hourly_dag']) retrieved from /opt/airflow/dags/report_hourly_dag.py
[2026-06-18T13:27:13.761+0000] {logging_mixin.py:154} INFO - [2026-06-18T13:27:13.761+0000] {dag.py:2941} INFO - Sync 1 DAGs
[2026-06-18T13:27:13.782+0000] {logging_mixin.py:154} INFO - [2026-06-18T13:27:13.782+0000] {dag.py:3722} INFO - Setting next_dagrun for report_hourly_dag to 2026-06-18T01:58:00+00:00, run_after=2026-06-18T01:59:00+00:00
[2026-06-18T13:27:13.798+0000] {processor.py:179} INFO - Processing /opt/airflow/dags/report_hourly_dag.py took 0.076 seconds
[2026-06-18T13:27:43.924+0000] {processor.py:157} INFO - Started process (PID=1143) to work on /opt/airflow/dags/report_hourly_dag.py
[2026-06-18T13:27:43.925+0000] {processor.py:829} INFO - Processing file /opt/airflow/dags/report_hourly_dag.py for tasks to queue
[2026-06-18T13:27:43.926+0000] {logging_mixin.py:154} INFO - [2026-06-18T13:27:43.925+0000] {dagbag.py:536} INFO - Filling up the DagBag from /opt/airflow/dags/report_hourly_dag.py
[2026-06-18T13:27:43.937+0000] {processor.py:839} INFO - DAG(s) dict_keys(['report_hourly_dag']) retrieved from /opt/airflow/dags/report_hourly_dag.py
[2026-06-18T13:27:43.958+0000] {logging_mixin.py:154} INFO - [2026-06-18T13:27:43.958+0000] {dag.py:2941} INFO - Sync 1 DAGs
[2026-06-18T13:27:43.977+0000] {logging_mixin.py:154} INFO - [2026-06-18T13:27:43.977+0000] {dag.py:3722} INFO - Setting next_dagrun for report_hourly_dag to 2026-06-18T01:58:00+00:00, run_after=2026-06-18T01:59:00+00:00
[2026-06-18T13:27:43.991+0000] {processor.py:179} INFO - Processing /opt/airflow/dags/report_hourly_dag.py took 0.070 seconds
[2026-06-18T13:28:14.117+0000] {processor.py:157} INFO - Started process (PID=1158) to work on /opt/airflow/dags/report_hourly_dag.py
[2026-06-18T13:28:14.120+0000] {processor.py:829} INFO - Processing file /opt/airflow/dags/report_hourly_dag.py for tasks to queue
[2026-06-18T13:28:14.121+0000] {logging_mixin.py:154} INFO - [2026-06-18T13:28:14.120+0000] {dagbag.py:536} INFO - Filling up the DagBag from /opt/airflow/dags/report_hourly_dag.py
[2026-06-18T13:28:14.132+0000] {processor.py:839} INFO - DAG(s) dict_keys(['report_hourly_dag']) retrieved from /opt/airflow/dags/report_hourly_dag.py
[2026-06-18T13:28:14.152+0000] {logging_mixin.py:154} INFO - [2026-06-18T13:28:14.152+0000] {dag.py:2941} INFO - Sync 1 DAGs
[2026-06-18T13:28:14.178+0000] {logging_mixin.py:154} INFO - [2026-06-18T13:28:14.178+0000] {dag.py:3722} INFO - Setting next_dagrun for report_hourly_dag to 2026-06-18T01:58:00+00:00, run_after=2026-06-18T01:59:00+00:00
[2026-06-18T13:28:14.194+0000] {processor.py:179} INFO - Processing /opt/airflow/dags/report_hourly_dag.py took 0.081 seconds
[2026-06-18T13:28:44.390+0000] {processor.py:157} INFO - Started process (PID=1173) to work on /opt/airflow/dags/report_hourly_dag.py
[2026-06-18T13:28:44.391+0000] {processor.py:829} INFO - Processing file /opt/airflow/dags/report_hourly_dag.py for tasks to queue
[2026-06-18T13:28:44.392+0000] {logging_mixin.py:154} INFO - [2026-06-18T13:28:44.392+0000] {dagbag.py:536} INFO - Filling up the DagBag from /opt/airflow/dags/report_hourly_dag.py
[2026-06-18T13:28:44.403+0000] {processor.py:839} INFO - DAG(s) dict_keys(['report_hourly_dag']) retrieved from /opt/airflow/dags/report_hourly_dag.py
[2026-06-18T13:28:44.421+0000] {logging_mixin.py:154} INFO - [2026-06-18T13:28:44.421+0000] {dag.py:2941} INFO - Sync 1 DAGs
[2026-06-18T13:28:44.444+0000] {logging_mixin.py:154} INFO - [2026-06-18T13:28:44.444+0000] {dag.py:3722} INFO - Setting next_dagrun for report_hourly_dag to 2026-06-18T01:58:00+00:00, run_after=2026-06-18T01:59:00+00:00
[2026-06-18T13:28:44.457+0000] {processor.py:179} INFO - Processing /opt/airflow/dags/report_hourly_dag.py took 0.071 seconds
[2026-06-18T13:29:14.655+0000] {processor.py:157} INFO - Started process (PID=1188) to work on /opt/airflow/dags/report_hourly_dag.py
[2026-06-18T13:29:14.656+0000] {processor.py:829} INFO - Processing file /opt/airflow/dags/report_hourly_dag.py for tasks to queue
[2026-06-18T13:29:14.657+0000] {logging_mixin.py:154} INFO - [2026-06-18T13:29:14.657+0000] {dagbag.py:536} INFO - Filling up the DagBag from /opt/airflow/dags/report_hourly_dag.py
[2026-06-18T13:29:14.670+0000] {processor.py:839} INFO - DAG(s) dict_keys(['report_hourly_dag']) retrieved from /opt/airflow/dags/report_hourly_dag.py
[2026-06-18T13:29:14.692+0000] {logging_mixin.py:154} INFO - [2026-06-18T13:29:14.691+0000] {dag.py:2941} INFO - Sync 1 DAGs
[2026-06-18T13:29:14.716+0000] {logging_mixin.py:154} INFO - [2026-06-18T13:29:14.716+0000] {dag.py:3722} INFO - Setting next_dagrun for report_hourly_dag to 2026-06-18T01:58:00+00:00, run_after=2026-06-18T01:59:00+00:00
[2026-06-18T13:29:14.731+0000] {processor.py:179} INFO - Processing /opt/airflow/dags/report_hourly_dag.py took 0.079 seconds
[2026-06-18T13:29:44.931+0000] {processor.py:157} INFO - Started process (PID=1203) to work on /opt/airflow/dags/report_hourly_dag.py
[2026-06-18T13:29:44.932+0000] {processor.py:829} INFO - Processing file /opt/airflow/dags/report_hourly_dag.py for tasks to queue
[2026-06-18T13:29:44.932+0000] {logging_mixin.py:154} INFO - [2026-06-18T13:29:44.932+0000] {dagbag.py:536} INFO - Filling up the DagBag from /opt/airflow/dags/report_hourly_dag.py
[2026-06-18T13:29:44.941+0000] {processor.py:839} INFO - DAG(s) dict_keys(['report_hourly_dag']) retrieved from /opt/airflow/dags/report_hourly_dag.py
[2026-06-18T13:29:44.960+0000] {logging_mixin.py:154} INFO - [2026-06-18T13:29:44.960+0000] {dag.py:2941} INFO - Sync 1 DAGs
[2026-06-18T13:29:44.986+0000] {logging_mixin.py:154} INFO - [2026-06-18T13:29:44.985+0000] {dag.py:3722} INFO - Setting next_dagrun for report_hourly_dag to 2026-06-18T01:58:00+00:00, run_after=2026-06-18T01:59:00+00:00
[2026-06-18T13:29:45.000+0000] {processor.py:179} INFO - Processing /opt/airflow/dags/report_hourly_dag.py took 0.073 seconds
[2026-06-18T13:30:15.162+0000] {processor.py:157} INFO - Started process (PID=1218) to work on /opt/airflow/dags/report_hourly_dag.py
[2026-06-18T13:30:15.162+0000] {processor.py:829} INFO - Processing file /opt/airflow/dags/report_hourly_dag.py for tasks to queue
[2026-06-18T13:30:15.163+0000] {logging_mixin.py:154} INFO - [2026-06-18T13:30:15.163+0000] {dagbag.py:536} INFO - Filling up the DagBag from /opt/airflow/dags/report_hourly_dag.py
[2026-06-18T13:30:15.171+0000] {processor.py:839} INFO - DAG(s) dict_keys(['report_hourly_dag']) retrieved from /opt/airflow/dags/report_hourly_dag.py
[2026-06-18T13:30:15.189+0000] {logging_mixin.py:154} INFO - [2026-06-18T13:30:15.188+0000] {dag.py:2941} INFO - Sync 1 DAGs
[2026-06-18T13:30:15.208+0000] {logging_mixin.py:154} INFO - [2026-06-18T13:30:15.208+0000] {dag.py:3722} INFO - Setting next_dagrun for report_hourly_dag to 2026-06-18T01:58:00+00:00, run_after=2026-06-18T01:59:00+00:00
[2026-06-18T13:30:15.222+0000] {processor.py:179} INFO - Processing /opt/airflow/dags/report_hourly_dag.py took 0.063 seconds
[2026-06-18T13:30:45.413+0000] {processor.py:157} INFO - Started process (PID=1233) to work on /opt/airflow/dags/report_hourly_dag.py
[2026-06-18T13:30:45.413+0000] {processor.py:829} INFO - Processing file /opt/airflow/dags/report_hourly_dag.py for tasks to queue
[2026-06-18T13:30:45.414+0000] {logging_mixin.py:154} INFO - [2026-06-18T13:30:45.414+0000] {dagbag.py:536} INFO - Filling up the DagBag from /opt/airflow/dags/report_hourly_dag.py
[2026-06-18T13:30:45.424+0000] {processor.py:839} INFO - DAG(s) dict_keys(['report_hourly_dag']) retrieved from /opt/airflow/dags/report_hourly_dag.py
[2026-06-18T13:30:45.445+0000] {logging_mixin.py:154} INFO - [2026-06-18T13:30:45.445+0000] {dag.py:2941} INFO - Sync 1 DAGs
[2026-06-18T13:30:45.469+0000] {logging_mixin.py:154} INFO - [2026-06-18T13:30:45.469+0000] {dag.py:3722} INFO - Setting next_dagrun for report_hourly_dag to 2026-06-18T01:58:00+00:00, run_after=2026-06-18T01:59:00+00:00
[2026-06-18T13:30:45.484+0000] {processor.py:179} INFO - Processing /opt/airflow/dags/report_hourly_dag.py took 0.075 seconds
[2026-06-18T13:31:15.644+0000] {processor.py:157} INFO - Started process (PID=1248) to work on /opt/airflow/dags/report_hourly_dag.py
[2026-06-18T13:31:15.645+0000] {processor.py:829} INFO - Processing file /opt/airflow/dags/report_hourly_dag.py for tasks to queue
[2026-06-18T13:31:15.646+0000] {logging_mixin.py:154} INFO - [2026-06-18T13:31:15.645+0000] {dagbag.py:536} INFO - Filling up the DagBag from /opt/airflow/dags/report_hourly_dag.py
[2026-06-18T13:31:15.656+0000] {processor.py:839} INFO - DAG(s) dict_keys(['report_hourly_dag']) retrieved from /opt/airflow/dags/report_hourly_dag.py
[2026-06-18T13:31:15.676+0000] {logging_mixin.py:154} INFO - [2026-06-18T13:31:15.676+0000] {dag.py:2941} INFO - Sync 1 DAGs
[2026-06-18T13:31:15.697+0000] {logging_mixin.py:154} INFO - [2026-06-18T13:31:15.697+0000] {dag.py:3722} INFO - Setting next_dagrun for report_hourly_dag to 2026-06-18T01:58:00+00:00, run_after=2026-06-18T01:59:00+00:00
[2026-06-18T13:31:15.715+0000] {processor.py:179} INFO - Processing /opt/airflow/dags/report_hourly_dag.py took 0.075 seconds
[2026-06-18T13:31:45.882+0000] {processor.py:157} INFO - Started process (PID=1263) to work on /opt/airflow/dags/report_hourly_dag.py
[2026-06-18T13:31:45.883+0000] {processor.py:829} INFO - Processing file /opt/airflow/dags/report_hourly_dag.py for tasks to queue
[2026-06-18T13:31:45.883+0000] {logging_mixin.py:154} INFO - [2026-06-18T13:31:45.883+0000] {dagbag.py:536} INFO - Filling up the DagBag from /opt/airflow/dags/report_hourly_dag.py
[2026-06-18T13:31:45.894+0000] {processor.py:839} INFO - DAG(s) dict_keys(['report_hourly_dag']) retrieved from /opt/airflow/dags/report_hourly_dag.py
[2026-06-18T13:31:45.915+0000] {logging_mixin.py:154} INFO - [2026-06-18T13:31:45.915+0000] {dag.py:2941} INFO - Sync 1 DAGs
[2026-06-18T13:31:45.933+0000] {logging_mixin.py:154} INFO - [2026-06-18T13:31:45.932+0000] {dag.py:3722} INFO - Setting next_dagrun for report_hourly_dag to 2026-06-18T01:58:00+00:00, run_after=2026-06-18T01:59:00+00:00
[2026-06-18T13:31:45.946+0000] {processor.py:179} INFO - Processing /opt/airflow/dags/report_hourly_dag.py took 0.067 seconds
[2026-06-18T13:32:16.145+0000] {processor.py:157} INFO - Started process (PID=1278) to work on /opt/airflow/dags/report_hourly_dag.py
[2026-06-18T13:32:16.146+0000] {processor.py:829} INFO - Processing file /opt/airflow/dags/report_hourly_dag.py for tasks to queue
[2026-06-18T13:32:16.147+0000] {logging_mixin.py:154} INFO - [2026-06-18T13:32:16.147+0000] {dagbag.py:536} INFO - Filling up the DagBag from /opt/airflow/dags/report_hourly_dag.py
[2026-06-18T13:32:16.157+0000] {processor.py:839} INFO - DAG(s) dict_keys(['report_hourly_dag']) retrieved from /opt/airflow/dags/report_hourly_dag.py
[2026-06-18T13:32:16.180+0000] {logging_mixin.py:154} INFO - [2026-06-18T13:32:16.180+0000] {dag.py:2941} INFO - Sync 1 DAGs
[2026-06-18T13:32:16.200+0000] {logging_mixin.py:154} INFO - [2026-06-18T13:32:16.200+0000] {dag.py:3722} INFO - Setting next_dagrun for report_hourly_dag to 2026-06-18T01:58:00+00:00, run_after=2026-06-18T01:59:00+00:00
[2026-06-18T13:32:16.214+0000] {processor.py:179} INFO - Processing /opt/airflow/dags/report_hourly_dag.py took 0.072 seconds
[2026-06-18T13:32:46.380+0000] {processor.py:157} INFO - Started process (PID=1293) to work on /opt/airflow/dags/report_hourly_dag.py
[2026-06-18T13:32:46.380+0000] {processor.py:829} INFO - Processing file /opt/airflow/dags/report_hourly_dag.py for tasks to queue
[2026-06-18T13:32:46.381+0000] {logging_mixin.py:154} INFO - [2026-06-18T13:32:46.381+0000] {dagbag.py:536} INFO - Filling up the DagBag from /opt/airflow/dags/report_hourly_dag.py
[2026-06-18T13:32:46.393+0000] {processor.py:839} INFO - DAG(s) dict_keys(['report_hourly_dag']) retrieved from /opt/airflow/dags/report_hourly_dag.py
[2026-06-18T13:32:46.417+0000] {logging_mixin.py:154} INFO - [2026-06-18T13:32:46.417+0000] {dag.py:2941} INFO - Sync 1 DAGs
[2026-06-18T13:32:46.444+0000] {logging_mixin.py:154} INFO - [2026-06-18T13:32:46.444+0000] {dag.py:3722} INFO - Setting next_dagrun for report_hourly_dag to 2026-06-18T01:58:00+00:00, run_after=2026-06-18T01:59:00+00:00
[2026-06-18T13:32:46.471+0000] {processor.py:179} INFO - Processing /opt/airflow/dags/report_hourly_dag.py took 0.095 seconds
[2026-06-18T13:33:16.657+0000] {processor.py:157} INFO - Started process (PID=1308) to work on /opt/airflow/dags/report_hourly_dag.py
[2026-06-18T13:33:16.660+0000] {processor.py:829} INFO - Processing file /opt/airflow/dags/report_hourly_dag.py for tasks to queue
[2026-06-18T13:33:16.661+0000] {logging_mixin.py:154} INFO - [2026-06-18T13:33:16.660+0000] {dagbag.py:536} INFO - Filling up the DagBag from /opt/airflow/dags/report_hourly_dag.py
[2026-06-18T13:33:16.670+0000] {processor.py:839} INFO - DAG(s) dict_keys(['report_hourly_dag']) retrieved from /opt/airflow/dags/report_hourly_dag.py
[2026-06-18T13:33:16.688+0000] {logging_mixin.py:154} INFO - [2026-06-18T13:33:16.687+0000] {dag.py:2941} INFO - Sync 1 DAGs
[2026-06-18T13:33:16.710+0000] {logging_mixin.py:154} INFO - [2026-06-18T13:33:16.710+0000] {dag.py:3722} INFO - Setting next_dagrun for report_hourly_dag to 2026-06-18T01:58:00+00:00, run_after=2026-06-18T01:59:00+00:00
[2026-06-18T13:33:16.725+0000] {processor.py:179} INFO - Processing /opt/airflow/dags/report_hourly_dag.py took 0.071 seconds
[2026-06-18T13:33:46.896+0000] {processor.py:157} INFO - Started process (PID=1323) to work on /opt/airflow/dags/report_hourly_dag.py
[2026-06-18T13:33:46.896+0000] {processor.py:829} INFO - Processing file /opt/airflow/dags/report_hourly_dag.py for tasks to queue
[2026-06-18T13:33:46.897+0000] {logging_mixin.py:154} INFO - [2026-06-18T13:33:46.897+0000] {dagbag.py:536} INFO - Filling up the DagBag from /opt/airflow/dags/report_hourly_dag.py
[2026-06-18T13:33:46.907+0000] {processor.py:839} INFO - DAG(s) dict_keys(['report_hourly_dag']) retrieved from /opt/airflow/dags/report_hourly_dag.py
[2026-06-18T13:33:46.924+0000] {logging_mixin.py:154} INFO - [2026-06-18T13:33:46.924+0000] {dag.py:2941} INFO - Sync 1 DAGs
[2026-06-18T13:33:46.943+0000] {logging_mixin.py:154} INFO - [2026-06-18T13:33:46.943+0000] {dag.py:3722} INFO - Setting next_dagrun for report_hourly_dag to 2026-06-18T01:58:00+00:00, run_after=2026-06-18T01:59:00+00:00
[2026-06-18T13:33:46.958+0000] {processor.py:179} INFO - Processing /opt/airflow/dags/report_hourly_dag.py took 0.064 seconds
[2026-06-18T13:34:17.146+0000] {processor.py:157} INFO - Started process (PID=1338) to work on /opt/airflow/dags/report_hourly_dag.py
[2026-06-18T13:34:17.151+0000] {processor.py:829} INFO - Processing file /opt/airflow/dags/report_hourly_dag.py for tasks to queue
[2026-06-18T13:34:17.152+0000] {logging_mixin.py:154} INFO - [2026-06-18T13:34:17.151+0000] {dagbag.py:536} INFO - Filling up the DagBag from /opt/airflow/dags/report_hourly_dag.py
[2026-06-18T13:34:17.164+0000] {processor.py:839} INFO - DAG(s) dict_keys(['report_hourly_dag']) retrieved from /opt/airflow/dags/report_hourly_dag.py
[2026-06-18T13:34:17.182+0000] {logging_mixin.py:154} INFO - [2026-06-18T13:34:17.181+0000] {dag.py:2941} INFO - Sync 1 DAGs
[2026-06-18T13:34:17.200+0000] {logging_mixin.py:154} INFO - [2026-06-18T13:34:17.199+0000] {dag.py:3722} INFO - Setting next_dagrun for report_hourly_dag to 2026-06-18T01:58:00+00:00, run_after=2026-06-18T01:59:00+00:00
[2026-06-18T13:34:17.212+0000] {processor.py:179} INFO - Processing /opt/airflow/dags/report_hourly_dag.py took 0.068 seconds
[2026-06-18T13:34:47.411+0000] {processor.py:157} INFO - Started process (PID=1353) to work on /opt/airflow/dags/report_hourly_dag.py
[2026-06-18T13:34:47.412+0000] {processor.py:829} INFO - Processing file /opt/airflow/dags/report_hourly_dag.py for tasks to queue
[2026-06-18T13:34:47.413+0000] {logging_mixin.py:154} INFO - [2026-06-18T13:34:47.413+0000] {dagbag.py:536} INFO - Filling up the DagBag from /opt/airflow/dags/report_hourly_dag.py
[2026-06-18T13:34:47.425+0000] {processor.py:839} INFO - DAG(s) dict_keys(['report_hourly_dag']) retrieved from /opt/airflow/dags/report_hourly_dag.py
[2026-06-18T13:34:47.446+0000] {logging_mixin.py:154} INFO - [2026-06-18T13:34:47.445+0000] {dag.py:2941} INFO - Sync 1 DAGs
[2026-06-18T13:34:47.469+0000] {logging_mixin.py:154} INFO - [2026-06-18T13:34:47.469+0000] {dag.py:3722} INFO - Setting next_dagrun for report_hourly_dag to 2026-06-18T01:58:00+00:00, run_after=2026-06-18T01:59:00+00:00
[2026-06-18T13:34:47.485+0000] {processor.py:179} INFO - Processing /opt/airflow/dags/report_hourly_dag.py took 0.077 seconds
[2026-06-18T13:35:17.692+0000] {processor.py:157} INFO - Started process (PID=1368) to work on /opt/airflow/dags/report_hourly_dag.py
[2026-06-18T13:35:17.693+0000] {processor.py:829} INFO - Processing file /opt/airflow/dags/report_hourly_dag.py for tasks to queue
[2026-06-18T13:35:17.694+0000] {logging_mixin.py:154} INFO - [2026-06-18T13:35:17.694+0000] {dagbag.py:536} INFO - Filling up the DagBag from /opt/airflow/dags/report_hourly_dag.py
[2026-06-18T13:35:17.709+0000] {processor.py:839} INFO - DAG(s) dict_keys(['report_hourly_dag']) retrieved from /opt/airflow/dags/report_hourly_dag.py
[2026-06-18T13:35:17.731+0000] {logging_mixin.py:154} INFO - [2026-06-18T13:35:17.731+0000] {dag.py:2941} INFO - Sync 1 DAGs
[2026-06-18T13:35:17.755+0000] {logging_mixin.py:154} INFO - [2026-06-18T13:35:17.754+0000] {dag.py:3722} INFO - Setting next_dagrun for report_hourly_dag to 2026-06-18T01:58:00+00:00, run_after=2026-06-18T01:59:00+00:00
[2026-06-18T13:35:17.771+0000] {processor.py:179} INFO - Processing /opt/airflow/dags/report_hourly_dag.py took 0.085 seconds
[2026-06-18T13:35:47.928+0000] {processor.py:157} INFO - Started process (PID=1383) to work on /opt/airflow/dags/report_hourly_dag.py
[2026-06-18T13:35:47.929+0000] {processor.py:829} INFO - Processing file /opt/airflow/dags/report_hourly_dag.py for tasks to queue
[2026-06-18T13:35:47.930+0000] {logging_mixin.py:154} INFO - [2026-06-18T13:35:47.929+0000] {dagbag.py:536} INFO - Filling up the DagBag from /opt/airflow/dags/report_hourly_dag.py
[2026-06-18T13:35:47.938+0000] {processor.py:839} INFO - DAG(s) dict_keys(['report_hourly_dag']) retrieved from /opt/airflow/dags/report_hourly_dag.py
[2026-06-18T13:35:47.956+0000] {logging_mixin.py:154} INFO - [2026-06-18T13:35:47.956+0000] {dag.py:2941} INFO - Sync 1 DAGs
[2026-06-18T13:35:47.976+0000] {logging_mixin.py:154} INFO - [2026-06-18T13:35:47.976+0000] {dag.py:3722} INFO - Setting next_dagrun for report_hourly_dag to 2026-06-18T01:58:00+00:00, run_after=2026-06-18T01:59:00+00:00
[2026-06-18T13:35:47.992+0000] {processor.py:179} INFO - Processing /opt/airflow/dags/report_hourly_dag.py took 0.067 seconds
[2026-06-18T13:36:18.164+0000] {processor.py:157} INFO - Started process (PID=1398) to work on /opt/airflow/dags/report_hourly_dag.py
[2026-06-18T13:36:18.164+0000] {processor.py:829} INFO - Processing file /opt/airflow/dags/report_hourly_dag.py for tasks to queue
[2026-06-18T13:36:18.165+0000] {logging_mixin.py:154} INFO - [2026-06-18T13:36:18.165+0000] {dagbag.py:536} INFO - Filling up the DagBag from /opt/airflow/dags/report_hourly_dag.py
[2026-06-18T13:36:18.173+0000] {processor.py:839} INFO - DAG(s) dict_keys(['report_hourly_dag']) retrieved from /opt/airflow/dags/report_hourly_dag.py
[2026-06-18T13:36:18.196+0000] {logging_mixin.py:154} INFO - [2026-06-18T13:36:18.195+0000] {dag.py:2941} INFO - Sync 1 DAGs
[2026-06-18T13:36:18.220+0000] {logging_mixin.py:154} INFO - [2026-06-18T13:36:18.220+0000] {dag.py:3722} INFO - Setting next_dagrun for report_hourly_dag to 2026-06-18T01:58:00+00:00, run_after=2026-06-18T01:59:00+00:00
[2026-06-18T13:36:18.235+0000] {processor.py:179} INFO - Processing /opt/airflow/dags/report_hourly_dag.py took 0.074 seconds
[2026-06-18T13:36:48.433+0000] {processor.py:157} INFO - Started process (PID=1413) to work on /opt/airflow/dags/report_hourly_dag.py
[2026-06-18T13:36:48.434+0000] {processor.py:829} INFO - Processing file /opt/airflow/dags/report_hourly_dag.py for tasks to queue
[2026-06-18T13:36:48.435+0000] {logging_mixin.py:154} INFO - [2026-06-18T13:36:48.434+0000] {dagbag.py:536} INFO - Filling up the DagBag from /opt/airflow/dags/report_hourly_dag.py
[2026-06-18T13:36:48.445+0000] {processor.py:839} INFO - DAG(s) dict_keys(['report_hourly_dag']) retrieved from /opt/airflow/dags/report_hourly_dag.py
[2026-06-18T13:36:48.462+0000] {logging_mixin.py:154} INFO - [2026-06-18T13:36:48.462+0000] {dag.py:2941} INFO - Sync 1 DAGs
[2026-06-18T13:36:48.482+0000] {logging_mixin.py:154} INFO - [2026-06-18T13:36:48.482+0000] {dag.py:3722} INFO - Setting next_dagrun for report_hourly_dag to 2026-06-18T01:58:00+00:00, run_after=2026-06-18T01:59:00+00:00
[2026-06-18T13:36:48.497+0000] {processor.py:179} INFO - Processing /opt/airflow/dags/report_hourly_dag.py took 0.068 seconds
[2026-06-18T13:37:18.687+0000] {processor.py:157} INFO - Started process (PID=1428) to work on /opt/airflow/dags/report_hourly_dag.py
[2026-06-18T13:37:18.689+0000] {processor.py:829} INFO - Processing file /opt/airflow/dags/report_hourly_dag.py for tasks to queue
[2026-06-18T13:37:18.690+0000] {logging_mixin.py:154} INFO - [2026-06-18T13:37:18.690+0000] {dagbag.py:536} INFO - Filling up the DagBag from /opt/airflow/dags/report_hourly_dag.py
[2026-06-18T13:37:18.699+0000] {processor.py:839} INFO - DAG(s) dict_keys(['report_hourly_dag']) retrieved from /opt/airflow/dags/report_hourly_dag.py
[2026-06-18T13:37:18.717+0000] {logging_mixin.py:154} INFO - [2026-06-18T13:37:18.717+0000] {dag.py:2941} INFO - Sync 1 DAGs
[2026-06-18T13:37:18.735+0000] {logging_mixin.py:154} INFO - [2026-06-18T13:37:18.735+0000] {dag.py:3722} INFO - Setting next_dagrun for report_hourly_dag to 2026-06-18T01:58:00+00:00, run_after=2026-06-18T01:59:00+00:00
[2026-06-18T13:37:18.754+0000] {processor.py:179} INFO - Processing /opt/airflow/dags/report_hourly_dag.py took 0.070 seconds
[2026-06-18T13:37:48.926+0000] {processor.py:157} INFO - Started process (PID=1443) to work on /opt/airflow/dags/report_hourly_dag.py
[2026-06-18T13:37:48.926+0000] {processor.py:829} INFO - Processing file /opt/airflow/dags/report_hourly_dag.py for tasks to queue
[2026-06-18T13:37:48.927+0000] {logging_mixin.py:154} INFO - [2026-06-18T13:37:48.926+0000] {dagbag.py:536} INFO - Filling up the DagBag from /opt/airflow/dags/report_hourly_dag.py
[2026-06-18T13:37:48.936+0000] {processor.py:839} INFO - DAG(s) dict_keys(['report_hourly_dag']) retrieved from /opt/airflow/dags/report_hourly_dag.py
[2026-06-18T13:37:48.954+0000] {logging_mixin.py:154} INFO - [2026-06-18T13:37:48.953+0000] {dag.py:2941} INFO - Sync 1 DAGs
[2026-06-18T13:37:48.973+0000] {logging_mixin.py:154} INFO - [2026-06-18T13:37:48.973+0000] {dag.py:3722} INFO - Setting next_dagrun for report_hourly_dag to 2026-06-18T01:58:00+00:00, run_after=2026-06-18T01:59:00+00:00
[2026-06-18T13:37:48.987+0000] {processor.py:179} INFO - Processing /opt/airflow/dags/report_hourly_dag.py took 0.065 seconds
[2026-06-18T14:30:57.510+0000] {processor.py:157} INFO - Started process (PID=153) to work on /opt/airflow/dags/report_hourly_dag.py
[2026-06-18T14:30:57.510+0000] {processor.py:829} INFO - Processing file /opt/airflow/dags/report_hourly_dag.py for tasks to queue
[2026-06-18T14:30:57.511+0000] {logging_mixin.py:154} INFO - [2026-06-18T14:30:57.511+0000] {dagbag.py:536} INFO - Filling up the DagBag from /opt/airflow/dags/report_hourly_dag.py
[2026-06-18T14:30:57.522+0000] {processor.py:839} INFO - DAG(s) dict_keys(['report_hourly_dag']) retrieved from /opt/airflow/dags/report_hourly_dag.py
[2026-06-18T14:30:57.531+0000] {logging_mixin.py:154} INFO - [2026-06-18T14:30:57.530+0000] {dag.py:2941} INFO - Sync 1 DAGs
[2026-06-18T14:30:57.552+0000] {logging_mixin.py:154} INFO - [2026-06-18T14:30:57.552+0000] {dag.py:3722} INFO - Setting next_dagrun for report_hourly_dag to 2026-06-18T01:58:00+00:00, run_after=2026-06-18T01:59:00+00:00
[2026-06-18T14:30:57.570+0000] {processor.py:179} INFO - Processing /opt/airflow/dags/report_hourly_dag.py took 0.063 seconds
[2026-06-18T14:31:27.756+0000] {processor.py:157} INFO - Started process (PID=168) to work on /opt/airflow/dags/report_hourly_dag.py
[2026-06-18T14:31:27.758+0000] {processor.py:829} INFO - Processing file /opt/airflow/dags/report_hourly_dag.py for tasks to queue
[2026-06-18T14:31:27.759+0000] {logging_mixin.py:154} INFO - [2026-06-18T14:31:27.759+0000] {dagbag.py:536} INFO - Filling up the DagBag from /opt/airflow/dags/report_hourly_dag.py
[2026-06-18T14:31:27.773+0000] {processor.py:839} INFO - DAG(s) dict_keys(['report_hourly_dag']) retrieved from /opt/airflow/dags/report_hourly_dag.py
[2026-06-18T14:31:27.797+0000] {logging_mixin.py:154} INFO - [2026-06-18T14:31:27.797+0000] {dag.py:2941} INFO - Sync 1 DAGs
[2026-06-18T14:31:27.816+0000] {logging_mixin.py:154} INFO - [2026-06-18T14:31:27.816+0000] {dag.py:3722} INFO - Setting next_dagrun for report_hourly_dag to 2026-06-18T01:58:00+00:00, run_after=2026-06-18T01:59:00+00:00
[2026-06-18T14:31:27.836+0000] {processor.py:179} INFO - Processing /opt/airflow/dags/report_hourly_dag.py took 0.084 seconds
[2026-06-18T14:31:58.032+0000] {processor.py:157} INFO - Started process (PID=183) to work on /opt/airflow/dags/report_hourly_dag.py
[2026-06-18T14:31:58.035+0000] {processor.py:829} INFO - Processing file /opt/airflow/dags/report_hourly_dag.py for tasks to queue
[2026-06-18T14:31:58.036+0000] {logging_mixin.py:154} INFO - [2026-06-18T14:31:58.036+0000] {dagbag.py:536} INFO - Filling up the DagBag from /opt/airflow/dags/report_hourly_dag.py
[2026-06-18T14:31:58.045+0000] {processor.py:839} INFO - DAG(s) dict_keys(['report_hourly_dag']) retrieved from /opt/airflow/dags/report_hourly_dag.py
[2026-06-18T14:31:58.068+0000] {logging_mixin.py:154} INFO - [2026-06-18T14:31:58.068+0000] {dag.py:2941} INFO - Sync 1 DAGs
[2026-06-18T14:31:58.092+0000] {logging_mixin.py:154} INFO - [2026-06-18T14:31:58.092+0000] {dag.py:3722} INFO - Setting next_dagrun for report_hourly_dag to 2026-06-18T01:58:00+00:00, run_after=2026-06-18T01:59:00+00:00
[2026-06-18T14:31:58.114+0000] {processor.py:179} INFO - Processing /opt/airflow/dags/report_hourly_dag.py took 0.085 seconds
[2026-06-18T14:32:28.311+0000] {processor.py:157} INFO - Started process (PID=198) to work on /opt/airflow/dags/report_hourly_dag.py
[2026-06-18T14:32:28.312+0000] {processor.py:829} INFO - Processing file /opt/airflow/dags/report_hourly_dag.py for tasks to queue
[2026-06-18T14:32:28.313+0000] {logging_mixin.py:154} INFO - [2026-06-18T14:32:28.312+0000] {dagbag.py:536} INFO - Filling up the DagBag from /opt/airflow/dags/report_hourly_dag.py
[2026-06-18T14:32:28.324+0000] {processor.py:839} INFO - DAG(s) dict_keys(['report_hourly_dag']) retrieved from /opt/airflow/dags/report_hourly_dag.py
[2026-06-18T14:32:28.341+0000] {logging_mixin.py:154} INFO - [2026-06-18T14:32:28.340+0000] {dag.py:2941} INFO - Sync 1 DAGs
[2026-06-18T14:32:28.361+0000] {logging_mixin.py:154} INFO - [2026-06-18T14:32:28.361+0000] {dag.py:3722} INFO - Setting next_dagrun for report_hourly_dag to 2026-06-18T01:58:00+00:00, run_after=2026-06-18T01:59:00+00:00
[2026-06-18T14:32:28.380+0000] {processor.py:179} INFO - Processing /opt/airflow/dags/report_hourly_dag.py took 0.074 seconds
[2026-06-18T14:32:58.573+0000] {processor.py:157} INFO - Started process (PID=213) to work on /opt/airflow/dags/report_hourly_dag.py
[2026-06-18T14:32:58.573+0000] {processor.py:829} INFO - Processing file /opt/airflow/dags/report_hourly_dag.py for tasks to queue
[2026-06-18T14:32:58.574+0000] {logging_mixin.py:154} INFO - [2026-06-18T14:32:58.574+0000] {dagbag.py:536} INFO - Filling up the DagBag from /opt/airflow/dags/report_hourly_dag.py
[2026-06-18T14:32:58.584+0000] {processor.py:839} INFO - DAG(s) dict_keys(['report_hourly_dag']) retrieved from /opt/airflow/dags/report_hourly_dag.py
[2026-06-18T14:32:58.601+0000] {logging_mixin.py:154} INFO - [2026-06-18T14:32:58.601+0000] {dag.py:2941} INFO - Sync 1 DAGs
[2026-06-18T14:32:58.619+0000] {logging_mixin.py:154} INFO - [2026-06-18T14:32:58.619+0000] {dag.py:3722} INFO - Setting next_dagrun for report_hourly_dag to 2026-06-18T01:58:00+00:00, run_after=2026-06-18T01:59:00+00:00
[2026-06-18T14:32:58.632+0000] {processor.py:179} INFO - Processing /opt/airflow/dags/report_hourly_dag.py took 0.062 seconds
[2026-06-18T14:33:28.839+0000] {processor.py:157} INFO - Started process (PID=228) to work on /opt/airflow/dags/report_hourly_dag.py
[2026-06-18T14:33:28.839+0000] {processor.py:829} INFO - Processing file /opt/airflow/dags/report_hourly_dag.py for tasks to queue
[2026-06-18T14:33:28.840+0000] {logging_mixin.py:154} INFO - [2026-06-18T14:33:28.840+0000] {dagbag.py:536} INFO - Filling up the DagBag from /opt/airflow/dags/report_hourly_dag.py
[2026-06-18T14:33:28.851+0000] {processor.py:839} INFO - DAG(s) dict_keys(['report_hourly_dag']) retrieved from /opt/airflow/dags/report_hourly_dag.py
[2026-06-18T14:33:28.871+0000] {logging_mixin.py:154} INFO - [2026-06-18T14:33:28.870+0000] {dag.py:2941} INFO - Sync 1 DAGs
[2026-06-18T14:33:28.894+0000] {logging_mixin.py:154} INFO - [2026-06-18T14:33:28.893+0000] {dag.py:3722} INFO - Setting next_dagrun for report_hourly_dag to 2026-06-18T01:58:00+00:00, run_after=2026-06-18T01:59:00+00:00
[2026-06-18T14:33:28.906+0000] {processor.py:179} INFO - Processing /opt/airflow/dags/report_hourly_dag.py took 0.071 seconds
[2026-06-18T14:33:59.119+0000] {processor.py:157} INFO - Started process (PID=243) to work on /opt/airflow/dags/report_hourly_dag.py
[2026-06-18T14:33:59.121+0000] {processor.py:829} INFO - Processing file /opt/airflow/dags/report_hourly_dag.py for tasks to queue
[2026-06-18T14:33:59.122+0000] {logging_mixin.py:154} INFO - [2026-06-18T14:33:59.121+0000] {dagbag.py:536} INFO - Filling up the DagBag from /opt/airflow/dags/report_hourly_dag.py
[2026-06-18T14:33:59.132+0000] {processor.py:839} INFO - DAG(s) dict_keys(['report_hourly_dag']) retrieved from /opt/airflow/dags/report_hourly_dag.py
[2026-06-18T14:33:59.150+0000] {logging_mixin.py:154} INFO - [2026-06-18T14:33:59.150+0000] {dag.py:2941} INFO - Sync 1 DAGs
[2026-06-18T14:33:59.169+0000] {logging_mixin.py:154} INFO - [2026-06-18T14:33:59.169+0000] {dag.py:3722} INFO - Setting next_dagrun for report_hourly_dag to 2026-06-18T01:58:00+00:00, run_after=2026-06-18T01:59:00+00:00
[2026-06-18T14:33:59.270+0000] {processor.py:179} INFO - Processing /opt/airflow/dags/report_hourly_dag.py took 0.154 seconds
[2026-06-18T14:34:29.363+0000] {processor.py:157} INFO - Started process (PID=258) to work on /opt/airflow/dags/report_hourly_dag.py
[2026-06-18T14:34:29.364+0000] {processor.py:829} INFO - Processing file /opt/airflow/dags/report_hourly_dag.py for tasks to queue
[2026-06-18T14:34:29.365+0000] {logging_mixin.py:154} INFO - [2026-06-18T14:34:29.365+0000] {dagbag.py:536} INFO - Filling up the DagBag from /opt/airflow/dags/report_hourly_dag.py
[2026-06-18T14:34:29.379+0000] {processor.py:839} INFO - DAG(s) dict_keys(['report_hourly_dag']) retrieved from /opt/airflow/dags/report_hourly_dag.py
[2026-06-18T14:34:29.403+0000] {logging_mixin.py:154} INFO - [2026-06-18T14:34:29.403+0000] {dag.py:2941} INFO - Sync 1 DAGs
[2026-06-18T14:34:29.430+0000] {logging_mixin.py:154} INFO - [2026-06-18T14:34:29.430+0000] {dag.py:3722} INFO - Setting next_dagrun for report_hourly_dag to 2026-06-18T01:58:00+00:00, run_after=2026-06-18T01:59:00+00:00
[2026-06-18T14:34:29.461+0000] {processor.py:179} INFO - Processing /opt/airflow/dags/report_hourly_dag.py took 0.101 seconds
[2026-06-18T14:34:59.747+0000] {processor.py:157} INFO - Started process (PID=273) to work on /opt/airflow/dags/report_hourly_dag.py
[2026-06-18T14:34:59.751+0000] {processor.py:829} INFO - Processing file /opt/airflow/dags/report_hourly_dag.py for tasks to queue
[2026-06-18T14:34:59.753+0000] {logging_mixin.py:154} INFO - [2026-06-18T14:34:59.752+0000] {dagbag.py:536} INFO - Filling up the DagBag from /opt/airflow/dags/report_hourly_dag.py
[2026-06-18T14:34:59.761+0000] {processor.py:839} INFO - DAG(s) dict_keys(['report_hourly_dag']) retrieved from /opt/airflow/dags/report_hourly_dag.py
[2026-06-18T14:34:59.781+0000] {logging_mixin.py:154} INFO - [2026-06-18T14:34:59.781+0000] {dag.py:2941} INFO - Sync 1 DAGs
[2026-06-18T14:34:59.801+0000] {logging_mixin.py:154} INFO - [2026-06-18T14:34:59.800+0000] {dag.py:3722} INFO - Setting next_dagrun for report_hourly_dag to 2026-06-18T01:58:00+00:00, run_after=2026-06-18T01:59:00+00:00
[2026-06-18T14:34:59.814+0000] {processor.py:179} INFO - Processing /opt/airflow/dags/report_hourly_dag.py took 0.070 seconds
[2026-06-18T14:35:30.007+0000] {processor.py:157} INFO - Started process (PID=288) to work on /opt/airflow/dags/report_hourly_dag.py
[2026-06-18T14:35:30.007+0000] {processor.py:829} INFO - Processing file /opt/airflow/dags/report_hourly_dag.py for tasks to queue
[2026-06-18T14:35:30.008+0000] {logging_mixin.py:154} INFO - [2026-06-18T14:35:30.007+0000] {dagbag.py:536} INFO - Filling up the DagBag from /opt/airflow/dags/report_hourly_dag.py
[2026-06-18T14:35:30.016+0000] {processor.py:839} INFO - DAG(s) dict_keys(['report_hourly_dag']) retrieved from /opt/airflow/dags/report_hourly_dag.py
[2026-06-18T14:35:30.033+0000] {logging_mixin.py:154} INFO - [2026-06-18T14:35:30.033+0000] {dag.py:2941} INFO - Sync 1 DAGs
[2026-06-18T14:35:30.054+0000] {logging_mixin.py:154} INFO - [2026-06-18T14:35:30.053+0000] {dag.py:3722} INFO - Setting next_dagrun for report_hourly_dag to 2026-06-18T01:58:00+00:00, run_after=2026-06-18T01:59:00+00:00
[2026-06-18T14:35:30.068+0000] {processor.py:179} INFO - Processing /opt/airflow/dags/report_hourly_dag.py took 0.065 seconds
[2026-06-18T14:36:00.296+0000] {processor.py:157} INFO - Started process (PID=303) to work on /opt/airflow/dags/report_hourly_dag.py
[2026-06-18T14:36:00.298+0000] {processor.py:829} INFO - Processing file /opt/airflow/dags/report_hourly_dag.py for tasks to queue
[2026-06-18T14:36:00.298+0000] {logging_mixin.py:154} INFO - [2026-06-18T14:36:00.298+0000] {dagbag.py:536} INFO - Filling up the DagBag from /opt/airflow/dags/report_hourly_dag.py
[2026-06-18T14:36:00.307+0000] {processor.py:839} INFO - DAG(s) dict_keys(['report_hourly_dag']) retrieved from /opt/airflow/dags/report_hourly_dag.py
[2026-06-18T14:36:00.324+0000] {logging_mixin.py:154} INFO - [2026-06-18T14:36:00.323+0000] {dag.py:2941} INFO - Sync 1 DAGs
[2026-06-18T14:36:00.341+0000] {logging_mixin.py:154} INFO - [2026-06-18T14:36:00.341+0000] {dag.py:3722} INFO - Setting next_dagrun for report_hourly_dag to 2026-06-18T01:58:00+00:00, run_after=2026-06-18T01:59:00+00:00
[2026-06-18T14:36:00.353+0000] {processor.py:179} INFO - Processing /opt/airflow/dags/report_hourly_dag.py took 0.061 seconds
[2026-06-18T14:36:30.554+0000] {processor.py:157} INFO - Started process (PID=318) to work on /opt/airflow/dags/report_hourly_dag.py
[2026-06-18T14:36:30.555+0000] {processor.py:829} INFO - Processing file /opt/airflow/dags/report_hourly_dag.py for tasks to queue
[2026-06-18T14:36:30.556+0000] {logging_mixin.py:154} INFO - [2026-06-18T14:36:30.555+0000] {dagbag.py:536} INFO - Filling up the DagBag from /opt/airflow/dags/report_hourly_dag.py
[2026-06-18T14:36:30.564+0000] {processor.py:839} INFO - DAG(s) dict_keys(['report_hourly_dag']) retrieved from /opt/airflow/dags/report_hourly_dag.py
[2026-06-18T14:36:30.582+0000] {logging_mixin.py:154} INFO - [2026-06-18T14:36:30.582+0000] {dag.py:2941} INFO - Sync 1 DAGs
[2026-06-18T14:36:30.601+0000] {logging_mixin.py:154} INFO - [2026-06-18T14:36:30.600+0000] {dag.py:3722} INFO - Setting next_dagrun for report_hourly_dag to 2026-06-18T01:58:00+00:00, run_after=2026-06-18T01:59:00+00:00
[2026-06-18T14:36:30.612+0000] {processor.py:179} INFO - Processing /opt/airflow/dags/report_hourly_dag.py took 0.061 seconds
[2026-06-18T14:37:00.775+0000] {processor.py:157} INFO - Started process (PID=333) to work on /opt/airflow/dags/report_hourly_dag.py
[2026-06-18T14:37:00.780+0000] {processor.py:829} INFO - Processing file /opt/airflow/dags/report_hourly_dag.py for tasks to queue
[2026-06-18T14:37:00.781+0000] {logging_mixin.py:154} INFO - [2026-06-18T14:37:00.781+0000] {dagbag.py:536} INFO - Filling up the DagBag from /opt/airflow/dags/report_hourly_dag.py
[2026-06-18T14:37:00.789+0000] {processor.py:839} INFO - DAG(s) dict_keys(['report_hourly_dag']) retrieved from /opt/airflow/dags/report_hourly_dag.py
[2026-06-18T14:37:00.808+0000] {logging_mixin.py:154} INFO - [2026-06-18T14:37:00.807+0000] {dag.py:2941} INFO - Sync 1 DAGs
[2026-06-18T14:37:00.827+0000] {logging_mixin.py:154} INFO - [2026-06-18T14:37:00.827+0000] {dag.py:3722} INFO - Setting next_dagrun for report_hourly_dag to 2026-06-18T01:58:00+00:00, run_after=2026-06-18T01:59:00+00:00
[2026-06-18T14:37:00.841+0000] {processor.py:179} INFO - Processing /opt/airflow/dags/report_hourly_dag.py took 0.068 seconds
[2026-06-18T14:37:31.003+0000] {processor.py:157} INFO - Started process (PID=348) to work on /opt/airflow/dags/report_hourly_dag.py
[2026-06-18T14:37:31.004+0000] {processor.py:829} INFO - Processing file /opt/airflow/dags/report_hourly_dag.py for tasks to queue
[2026-06-18T14:37:31.004+0000] {logging_mixin.py:154} INFO - [2026-06-18T14:37:31.004+0000] {dagbag.py:536} INFO - Filling up the DagBag from /opt/airflow/dags/report_hourly_dag.py
[2026-06-18T14:37:31.014+0000] {processor.py:839} INFO - DAG(s) dict_keys(['report_hourly_dag']) retrieved from /opt/airflow/dags/report_hourly_dag.py
[2026-06-18T14:37:31.032+0000] {logging_mixin.py:154} INFO - [2026-06-18T14:37:31.032+0000] {dag.py:2941} INFO - Sync 1 DAGs
[2026-06-18T14:37:31.050+0000] {logging_mixin.py:154} INFO - [2026-06-18T14:37:31.050+0000] {dag.py:3722} INFO - Setting next_dagrun for report_hourly_dag to 2026-06-18T01:58:00+00:00, run_after=2026-06-18T01:59:00+00:00
[2026-06-18T14:37:31.064+0000] {processor.py:179} INFO - Processing /opt/airflow/dags/report_hourly_dag.py took 0.064 seconds
[2026-06-18T14:38:01.223+0000] {processor.py:157} INFO - Started process (PID=363) to work on /opt/airflow/dags/report_hourly_dag.py
[2026-06-18T14:38:01.228+0000] {processor.py:829} INFO - Processing file /opt/airflow/dags/report_hourly_dag.py for tasks to queue
[2026-06-18T14:38:01.229+0000] {logging_mixin.py:154} INFO - [2026-06-18T14:38:01.229+0000] {dagbag.py:536} INFO - Filling up the DagBag from /opt/airflow/dags/report_hourly_dag.py
[2026-06-18T14:38:01.237+0000] {processor.py:839} INFO - DAG(s) dict_keys(['report_hourly_dag']) retrieved from /opt/airflow/dags/report_hourly_dag.py
[2026-06-18T14:38:01.257+0000] {logging_mixin.py:154} INFO - [2026-06-18T14:38:01.256+0000] {dag.py:2941} INFO - Sync 1 DAGs
[2026-06-18T14:38:01.277+0000] {logging_mixin.py:154} INFO - [2026-06-18T14:38:01.277+0000] {dag.py:3722} INFO - Setting next_dagrun for report_hourly_dag to 2026-06-18T01:58:00+00:00, run_after=2026-06-18T01:59:00+00:00
[2026-06-18T14:38:01.293+0000] {processor.py:179} INFO - Processing /opt/airflow/dags/report_hourly_dag.py took 0.073 seconds
[2026-06-18T14:38:31.481+0000] {processor.py:157} INFO - Started process (PID=378) to work on /opt/airflow/dags/report_hourly_dag.py
[2026-06-18T14:38:31.482+0000] {processor.py:829} INFO - Processing file /opt/airflow/dags/report_hourly_dag.py for tasks to queue
[2026-06-18T14:38:31.483+0000] {logging_mixin.py:154} INFO - [2026-06-18T14:38:31.482+0000] {dagbag.py:536} INFO - Filling up the DagBag from /opt/airflow/dags/report_hourly_dag.py
[2026-06-18T14:38:31.492+0000] {processor.py:839} INFO - DAG(s) dict_keys(['report_hourly_dag']) retrieved from /opt/airflow/dags/report_hourly_dag.py
[2026-06-18T14:38:31.511+0000] {logging_mixin.py:154} INFO - [2026-06-18T14:38:31.511+0000] {dag.py:2941} INFO - Sync 1 DAGs
[2026-06-18T14:38:31.531+0000] {logging_mixin.py:154} INFO - [2026-06-18T14:38:31.531+0000] {dag.py:3722} INFO - Setting next_dagrun for report_hourly_dag to 2026-06-18T01:58:00+00:00, run_after=2026-06-18T01:59:00+00:00
[2026-06-18T14:38:31.546+0000] {processor.py:179} INFO - Processing /opt/airflow/dags/report_hourly_dag.py took 0.069 seconds
[2026-06-18T14:39:01.805+0000] {processor.py:157} INFO - Started process (PID=393) to work on /opt/airflow/dags/report_hourly_dag.py
[2026-06-18T14:39:01.807+0000] {processor.py:829} INFO - Processing file /opt/airflow/dags/report_hourly_dag.py for tasks to queue
[2026-06-18T14:39:01.809+0000] {logging_mixin.py:154} INFO - [2026-06-18T14:39:01.808+0000] {dagbag.py:536} INFO - Filling up the DagBag from /opt/airflow/dags/report_hourly_dag.py
[2026-06-18T14:39:01.830+0000] {processor.py:839} INFO - DAG(s) dict_keys(['report_hourly_dag']) retrieved from /opt/airflow/dags/report_hourly_dag.py
[2026-06-18T14:39:01.856+0000] {logging_mixin.py:154} INFO - [2026-06-18T14:39:01.856+0000] {dag.py:2941} INFO - Sync 1 DAGs
[2026-06-18T14:39:01.883+0000] {logging_mixin.py:154} INFO - [2026-06-18T14:39:01.883+0000] {dag.py:3722} INFO - Setting next_dagrun for report_hourly_dag to 2026-06-18T01:58:00+00:00, run_after=2026-06-18T01:59:00+00:00
[2026-06-18T14:39:01.899+0000] {processor.py:179} INFO - Processing /opt/airflow/dags/report_hourly_dag.py took 0.104 seconds
[2026-06-18T14:39:32.091+0000] {processor.py:157} INFO - Started process (PID=408) to work on /opt/airflow/dags/report_hourly_dag.py
[2026-06-18T14:39:32.092+0000] {processor.py:829} INFO - Processing file /opt/airflow/dags/report_hourly_dag.py for tasks to queue
[2026-06-18T14:39:32.092+0000] {logging_mixin.py:154} INFO - [2026-06-18T14:39:32.092+0000] {dagbag.py:536} INFO - Filling up the DagBag from /opt/airflow/dags/report_hourly_dag.py
[2026-06-18T14:39:32.102+0000] {processor.py:839} INFO - DAG(s) dict_keys(['report_hourly_dag']) retrieved from /opt/airflow/dags/report_hourly_dag.py
[2026-06-18T14:39:32.121+0000] {logging_mixin.py:154} INFO - [2026-06-18T14:39:32.121+0000] {dag.py:2941} INFO - Sync 1 DAGs
[2026-06-18T14:39:32.142+0000] {logging_mixin.py:154} INFO - [2026-06-18T14:39:32.142+0000] {dag.py:3722} INFO - Setting next_dagrun for report_hourly_dag to 2026-06-18T01:58:00+00:00, run_after=2026-06-18T01:59:00+00:00
[2026-06-18T14:39:32.157+0000] {processor.py:179} INFO - Processing /opt/airflow/dags/report_hourly_dag.py took 0.070 seconds
[2026-06-18T14:40:02.321+0000] {processor.py:157} INFO - Started process (PID=423) to work on /opt/airflow/dags/report_hourly_dag.py
[2026-06-18T14:40:02.322+0000] {processor.py:829} INFO - Processing file /opt/airflow/dags/report_hourly_dag.py for tasks to queue
[2026-06-18T14:40:02.322+0000] {logging_mixin.py:154} INFO - [2026-06-18T14:40:02.322+0000] {dagbag.py:536} INFO - Filling up the DagBag from /opt/airflow/dags/report_hourly_dag.py
[2026-06-18T14:40:02.332+0000] {processor.py:839} INFO - DAG(s) dict_keys(['report_hourly_dag']) retrieved from /opt/airflow/dags/report_hourly_dag.py
[2026-06-18T14:40:02.351+0000] {logging_mixin.py:154} INFO - [2026-06-18T14:40:02.351+0000] {dag.py:2941} INFO - Sync 1 DAGs
[2026-06-18T14:40:02.372+0000] {logging_mixin.py:154} INFO - [2026-06-18T14:40:02.372+0000] {dag.py:3722} INFO - Setting next_dagrun for report_hourly_dag to 2026-06-18T01:58:00+00:00, run_after=2026-06-18T01:59:00+00:00
[2026-06-18T14:40:02.386+0000] {processor.py:179} INFO - Processing /opt/airflow/dags/report_hourly_dag.py took 0.068 seconds
[2026-06-18T14:40:32.612+0000] {processor.py:157} INFO - Started process (PID=438) to work on /opt/airflow/dags/report_hourly_dag.py
[2026-06-18T14:40:32.613+0000] {processor.py:829} INFO - Processing file /opt/airflow/dags/report_hourly_dag.py for tasks to queue
[2026-06-18T14:40:32.613+0000] {logging_mixin.py:154} INFO - [2026-06-18T14:40:32.613+0000] {dagbag.py:536} INFO - Filling up the DagBag from /opt/airflow/dags/report_hourly_dag.py
[2026-06-18T14:40:32.623+0000] {processor.py:839} INFO - DAG(s) dict_keys(['report_hourly_dag']) retrieved from /opt/airflow/dags/report_hourly_dag.py
[2026-06-18T14:40:32.641+0000] {logging_mixin.py:154} INFO - [2026-06-18T14:40:32.641+0000] {dag.py:2941} INFO - Sync 1 DAGs
[2026-06-18T14:40:32.659+0000] {logging_mixin.py:154} INFO - [2026-06-18T14:40:32.659+0000] {dag.py:3722} INFO - Setting next_dagrun for report_hourly_dag to 2026-06-18T01:58:00+00:00, run_after=2026-06-18T01:59:00+00:00
[2026-06-18T14:40:32.673+0000] {processor.py:179} INFO - Processing /opt/airflow/dags/report_hourly_dag.py took 0.064 seconds
[2026-06-18T14:41:02.929+0000] {processor.py:157} INFO - Started process (PID=453) to work on /opt/airflow/dags/report_hourly_dag.py
[2026-06-18T14:41:02.929+0000] {processor.py:829} INFO - Processing file /opt/airflow/dags/report_hourly_dag.py for tasks to queue
[2026-06-18T14:41:02.930+0000] {logging_mixin.py:154} INFO - [2026-06-18T14:41:02.930+0000] {dagbag.py:536} INFO - Filling up the DagBag from /opt/airflow/dags/report_hourly_dag.py
[2026-06-18T14:41:02.945+0000] {processor.py:839} INFO - DAG(s) dict_keys(['report_hourly_dag']) retrieved from /opt/airflow/dags/report_hourly_dag.py
[2026-06-18T14:41:02.971+0000] {logging_mixin.py:154} INFO - [2026-06-18T14:41:02.971+0000] {dag.py:2941} INFO - Sync 1 DAGs
[2026-06-18T14:41:03.014+0000] {logging_mixin.py:154} INFO - [2026-06-18T14:41:03.014+0000] {dag.py:3722} INFO - Setting next_dagrun for report_hourly_dag to 2026-06-18T01:58:00+00:00, run_after=2026-06-18T01:59:00+00:00
[2026-06-18T14:41:03.033+0000] {processor.py:179} INFO - Processing /opt/airflow/dags/report_hourly_dag.py took 0.108 seconds
[2026-06-18T14:41:33.227+0000] {processor.py:157} INFO - Started process (PID=468) to work on /opt/airflow/dags/report_hourly_dag.py
[2026-06-18T14:41:33.230+0000] {processor.py:829} INFO - Processing file /opt/airflow/dags/report_hourly_dag.py for tasks to queue
[2026-06-18T14:41:33.231+0000] {logging_mixin.py:154} INFO - [2026-06-18T14:41:33.231+0000] {dagbag.py:536} INFO - Filling up the DagBag from /opt/airflow/dags/report_hourly_dag.py
[2026-06-18T14:41:33.239+0000] {processor.py:839} INFO - DAG(s) dict_keys(['report_hourly_dag']) retrieved from /opt/airflow/dags/report_hourly_dag.py
[2026-06-18T14:41:33.259+0000] {logging_mixin.py:154} INFO - [2026-06-18T14:41:33.259+0000] {dag.py:2941} INFO - Sync 1 DAGs
[2026-06-18T14:41:33.280+0000] {logging_mixin.py:154} INFO - [2026-06-18T14:41:33.279+0000] {dag.py:3722} INFO - Setting next_dagrun for report_hourly_dag to 2026-06-18T01:58:00+00:00, run_after=2026-06-18T01:59:00+00:00
[2026-06-18T14:41:33.294+0000] {processor.py:179} INFO - Processing /opt/airflow/dags/report_hourly_dag.py took 0.070 seconds
[2026-06-18T14:42:03.479+0000] {processor.py:157} INFO - Started process (PID=483) to work on /opt/airflow/dags/report_hourly_dag.py
[2026-06-18T14:42:03.480+0000] {processor.py:829} INFO - Processing file /opt/airflow/dags/report_hourly_dag.py for tasks to queue
[2026-06-18T14:42:03.480+0000] {logging_mixin.py:154} INFO - [2026-06-18T14:42:03.480+0000] {dagbag.py:536} INFO - Filling up the DagBag from /opt/airflow/dags/report_hourly_dag.py
[2026-06-18T14:42:03.489+0000] {processor.py:839} INFO - DAG(s) dict_keys(['report_hourly_dag']) retrieved from /opt/airflow/dags/report_hourly_dag.py
[2026-06-18T14:42:03.507+0000] {logging_mixin.py:154} INFO - [2026-06-18T14:42:03.507+0000] {dag.py:2941} INFO - Sync 1 DAGs
[2026-06-18T14:42:03.526+0000] {logging_mixin.py:154} INFO - [2026-06-18T14:42:03.526+0000] {dag.py:3722} INFO - Setting next_dagrun for report_hourly_dag to 2026-06-18T01:58:00+00:00, run_after=2026-06-18T01:59:00+00:00
[2026-06-18T14:42:03.539+0000] {processor.py:179} INFO - Processing /opt/airflow/dags/report_hourly_dag.py took 0.062 seconds
[2026-06-18T14:42:33.747+0000] {processor.py:157} INFO - Started process (PID=498) to work on /opt/airflow/dags/report_hourly_dag.py
[2026-06-18T14:42:33.751+0000] {processor.py:829} INFO - Processing file /opt/airflow/dags/report_hourly_dag.py for tasks to queue
[2026-06-18T14:42:33.751+0000] {logging_mixin.py:154} INFO - [2026-06-18T14:42:33.751+0000] {dagbag.py:536} INFO - Filling up the DagBag from /opt/airflow/dags/report_hourly_dag.py
[2026-06-18T14:42:33.760+0000] {processor.py:839} INFO - DAG(s) dict_keys(['report_hourly_dag']) retrieved from /opt/airflow/dags/report_hourly_dag.py
[2026-06-18T14:42:33.778+0000] {logging_mixin.py:154} INFO - [2026-06-18T14:42:33.778+0000] {dag.py:2941} INFO - Sync 1 DAGs
[2026-06-18T14:42:33.797+0000] {logging_mixin.py:154} INFO - [2026-06-18T14:42:33.797+0000] {dag.py:3722} INFO - Setting next_dagrun for report_hourly_dag to 2026-06-18T01:58:00+00:00, run_after=2026-06-18T01:59:00+00:00
[2026-06-18T14:42:33.811+0000] {processor.py:179} INFO - Processing /opt/airflow/dags/report_hourly_dag.py took 0.067 seconds
[2026-06-18T14:43:04.033+0000] {processor.py:157} INFO - Started process (PID=513) to work on /opt/airflow/dags/report_hourly_dag.py
[2026-06-18T14:43:04.033+0000] {processor.py:829} INFO - Processing file /opt/airflow/dags/report_hourly_dag.py for tasks to queue
[2026-06-18T14:43:04.034+0000] {logging_mixin.py:154} INFO - [2026-06-18T14:43:04.034+0000] {dagbag.py:536} INFO - Filling up the DagBag from /opt/airflow/dags/report_hourly_dag.py
[2026-06-18T14:43:04.043+0000] {processor.py:839} INFO - DAG(s) dict_keys(['report_hourly_dag']) retrieved from /opt/airflow/dags/report_hourly_dag.py
[2026-06-18T14:43:04.062+0000] {logging_mixin.py:154} INFO - [2026-06-18T14:43:04.062+0000] {dag.py:2941} INFO - Sync 1 DAGs
[2026-06-18T14:43:04.083+0000] {logging_mixin.py:154} INFO - [2026-06-18T14:43:04.083+0000] {dag.py:3722} INFO - Setting next_dagrun for report_hourly_dag to 2026-06-18T01:58:00+00:00, run_after=2026-06-18T01:59:00+00:00
[2026-06-18T14:43:04.097+0000] {processor.py:179} INFO - Processing /opt/airflow/dags/report_hourly_dag.py took 0.068 seconds
[2026-06-18T14:43:34.301+0000] {processor.py:157} INFO - Started process (PID=528) to work on /opt/airflow/dags/report_hourly_dag.py
[2026-06-18T14:43:34.303+0000] {processor.py:829} INFO - Processing file /opt/airflow/dags/report_hourly_dag.py for tasks to queue
[2026-06-18T14:43:34.303+0000] {logging_mixin.py:154} INFO - [2026-06-18T14:43:34.303+0000] {dagbag.py:536} INFO - Filling up the DagBag from /opt/airflow/dags/report_hourly_dag.py
[2026-06-18T14:43:34.314+0000] {processor.py:839} INFO - DAG(s) dict_keys(['report_hourly_dag']) retrieved from /opt/airflow/dags/report_hourly_dag.py
[2026-06-18T14:43:34.334+0000] {logging_mixin.py:154} INFO - [2026-06-18T14:43:34.334+0000] {dag.py:2941} INFO - Sync 1 DAGs
[2026-06-18T14:43:34.356+0000] {logging_mixin.py:154} INFO - [2026-06-18T14:43:34.355+0000] {dag.py:3722} INFO - Setting next_dagrun for report_hourly_dag to 2026-06-18T01:58:00+00:00, run_after=2026-06-18T01:59:00+00:00
[2026-06-18T14:43:34.369+0000] {processor.py:179} INFO - Processing /opt/airflow/dags/report_hourly_dag.py took 0.072 seconds
[2026-06-18T14:44:04.566+0000] {processor.py:157} INFO - Started process (PID=543) to work on /opt/airflow/dags/report_hourly_dag.py
[2026-06-18T14:44:04.567+0000] {processor.py:829} INFO - Processing file /opt/airflow/dags/report_hourly_dag.py for tasks to queue
[2026-06-18T14:44:04.568+0000] {logging_mixin.py:154} INFO - [2026-06-18T14:44:04.567+0000] {dagbag.py:536} INFO - Filling up the DagBag from /opt/airflow/dags/report_hourly_dag.py
[2026-06-18T14:44:04.576+0000] {processor.py:839} INFO - DAG(s) dict_keys(['report_hourly_dag']) retrieved from /opt/airflow/dags/report_hourly_dag.py
[2026-06-18T14:44:04.596+0000] {logging_mixin.py:154} INFO - [2026-06-18T14:44:04.596+0000] {dag.py:2941} INFO - Sync 1 DAGs
[2026-06-18T14:44:04.616+0000] {logging_mixin.py:154} INFO - [2026-06-18T14:44:04.616+0000] {dag.py:3722} INFO - Setting next_dagrun for report_hourly_dag to 2026-06-18T01:58:00+00:00, run_after=2026-06-18T01:59:00+00:00
[2026-06-18T14:44:04.629+0000] {processor.py:179} INFO - Processing /opt/airflow/dags/report_hourly_dag.py took 0.066 seconds
[2026-06-18T14:44:34.801+0000] {processor.py:157} INFO - Started process (PID=558) to work on /opt/airflow/dags/report_hourly_dag.py
[2026-06-18T14:44:34.804+0000] {processor.py:829} INFO - Processing file /opt/airflow/dags/report_hourly_dag.py for tasks to queue
[2026-06-18T14:44:34.805+0000] {logging_mixin.py:154} INFO - [2026-06-18T14:44:34.805+0000] {dagbag.py:536} INFO - Filling up the DagBag from /opt/airflow/dags/report_hourly_dag.py
[2026-06-18T14:44:34.813+0000] {processor.py:839} INFO - DAG(s) dict_keys(['report_hourly_dag']) retrieved from /opt/airflow/dags/report_hourly_dag.py
[2026-06-18T14:44:34.834+0000] {logging_mixin.py:154} INFO - [2026-06-18T14:44:34.834+0000] {dag.py:2941} INFO - Sync 1 DAGs
[2026-06-18T14:44:34.855+0000] {logging_mixin.py:154} INFO - [2026-06-18T14:44:34.855+0000] {dag.py:3722} INFO - Setting next_dagrun for report_hourly_dag to 2026-06-18T01:58:00+00:00, run_after=2026-06-18T01:59:00+00:00
[2026-06-18T14:44:34.869+0000] {processor.py:179} INFO - Processing /opt/airflow/dags/report_hourly_dag.py took 0.071 seconds
[2026-06-18T14:45:05.084+0000] {processor.py:157} INFO - Started process (PID=573) to work on /opt/airflow/dags/report_hourly_dag.py
[2026-06-18T14:45:05.084+0000] {processor.py:829} INFO - Processing file /opt/airflow/dags/report_hourly_dag.py for tasks to queue
[2026-06-18T14:45:05.085+0000] {logging_mixin.py:154} INFO - [2026-06-18T14:45:05.085+0000] {dagbag.py:536} INFO - Filling up the DagBag from /opt/airflow/dags/report_hourly_dag.py
[2026-06-18T14:45:05.096+0000] {processor.py:839} INFO - DAG(s) dict_keys(['report_hourly_dag']) retrieved from /opt/airflow/dags/report_hourly_dag.py
[2026-06-18T14:45:05.115+0000] {logging_mixin.py:154} INFO - [2026-06-18T14:45:05.115+0000] {dag.py:2941} INFO - Sync 1 DAGs
[2026-06-18T14:45:05.135+0000] {logging_mixin.py:154} INFO - [2026-06-18T14:45:05.135+0000] {dag.py:3722} INFO - Setting next_dagrun for report_hourly_dag to 2026-06-18T01:58:00+00:00, run_after=2026-06-18T01:59:00+00:00
[2026-06-18T14:45:05.151+0000] {processor.py:179} INFO - Processing /opt/airflow/dags/report_hourly_dag.py took 0.071 seconds
[2026-06-18T14:45:35.328+0000] {processor.py:157} INFO - Started process (PID=588) to work on /opt/airflow/dags/report_hourly_dag.py
[2026-06-18T14:45:35.332+0000] {processor.py:829} INFO - Processing file /opt/airflow/dags/report_hourly_dag.py for tasks to queue
[2026-06-18T14:45:35.333+0000] {logging_mixin.py:154} INFO - [2026-06-18T14:45:35.333+0000] {dagbag.py:536} INFO - Filling up the DagBag from /opt/airflow/dags/report_hourly_dag.py
[2026-06-18T14:45:35.342+0000] {processor.py:839} INFO - DAG(s) dict_keys(['report_hourly_dag']) retrieved from /opt/airflow/dags/report_hourly_dag.py
[2026-06-18T14:45:35.359+0000] {logging_mixin.py:154} INFO - [2026-06-18T14:45:35.359+0000] {dag.py:2941} INFO - Sync 1 DAGs
[2026-06-18T14:45:35.378+0000] {logging_mixin.py:154} INFO - [2026-06-18T14:45:35.378+0000] {dag.py:3722} INFO - Setting next_dagrun for report_hourly_dag to 2026-06-18T01:58:00+00:00, run_after=2026-06-18T01:59:00+00:00
[2026-06-18T14:45:35.391+0000] {processor.py:179} INFO - Processing /opt/airflow/dags/report_hourly_dag.py took 0.066 seconds
[2026-06-18T14:46:05.596+0000] {processor.py:157} INFO - Started process (PID=603) to work on /opt/airflow/dags/report_hourly_dag.py
[2026-06-18T14:46:05.597+0000] {processor.py:829} INFO - Processing file /opt/airflow/dags/report_hourly_dag.py for tasks to queue
[2026-06-18T14:46:05.597+0000] {logging_mixin.py:154} INFO - [2026-06-18T14:46:05.597+0000] {dagbag.py:536} INFO - Filling up the DagBag from /opt/airflow/dags/report_hourly_dag.py
[2026-06-18T14:46:05.611+0000] {processor.py:839} INFO - DAG(s) dict_keys(['report_hourly_dag']) retrieved from /opt/airflow/dags/report_hourly_dag.py
[2026-06-18T14:46:05.629+0000] {logging_mixin.py:154} INFO - [2026-06-18T14:46:05.629+0000] {dag.py:2941} INFO - Sync 1 DAGs
[2026-06-18T14:46:05.649+0000] {logging_mixin.py:154} INFO - [2026-06-18T14:46:05.649+0000] {dag.py:3722} INFO - Setting next_dagrun for report_hourly_dag to 2026-06-18T01:58:00+00:00, run_after=2026-06-18T01:59:00+00:00
[2026-06-18T14:46:05.662+0000] {processor.py:179} INFO - Processing /opt/airflow/dags/report_hourly_dag.py took 0.071 seconds
[2026-06-18T14:46:35.824+0000] {processor.py:157} INFO - Started process (PID=618) to work on /opt/airflow/dags/report_hourly_dag.py
[2026-06-18T14:46:35.828+0000] {processor.py:829} INFO - Processing file /opt/airflow/dags/report_hourly_dag.py for tasks to queue
[2026-06-18T14:46:35.828+0000] {logging_mixin.py:154} INFO - [2026-06-18T14:46:35.828+0000] {dagbag.py:536} INFO - Filling up the DagBag from /opt/airflow/dags/report_hourly_dag.py
[2026-06-18T14:46:35.836+0000] {processor.py:839} INFO - DAG(s) dict_keys(['report_hourly_dag']) retrieved from /opt/airflow/dags/report_hourly_dag.py
[2026-06-18T14:46:35.856+0000] {logging_mixin.py:154} INFO - [2026-06-18T14:46:35.855+0000] {dag.py:2941} INFO - Sync 1 DAGs
[2026-06-18T14:46:35.879+0000] {logging_mixin.py:154} INFO - [2026-06-18T14:46:35.878+0000] {dag.py:3722} INFO - Setting next_dagrun for report_hourly_dag to 2026-06-18T01:58:00+00:00, run_after=2026-06-18T01:59:00+00:00
[2026-06-18T14:46:35.893+0000] {processor.py:179} INFO - Processing /opt/airflow/dags/report_hourly_dag.py took 0.072 seconds
[2026-06-18T14:47:06.096+0000] {processor.py:157} INFO - Started process (PID=633) to work on /opt/airflow/dags/report_hourly_dag.py
[2026-06-18T14:47:06.097+0000] {processor.py:829} INFO - Processing file /opt/airflow/dags/report_hourly_dag.py for tasks to queue
[2026-06-18T14:47:06.098+0000] {logging_mixin.py:154} INFO - [2026-06-18T14:47:06.097+0000] {dagbag.py:536} INFO - Filling up the DagBag from /opt/airflow/dags/report_hourly_dag.py
[2026-06-18T14:47:06.108+0000] {processor.py:839} INFO - DAG(s) dict_keys(['report_hourly_dag']) retrieved from /opt/airflow/dags/report_hourly_dag.py
[2026-06-18T14:47:06.125+0000] {logging_mixin.py:154} INFO - [2026-06-18T14:47:06.125+0000] {dag.py:2941} INFO - Sync 1 DAGs
[2026-06-18T14:47:06.143+0000] {logging_mixin.py:154} INFO - [2026-06-18T14:47:06.143+0000] {dag.py:3722} INFO - Setting next_dagrun for report_hourly_dag to 2026-06-18T01:58:00+00:00, run_after=2026-06-18T01:59:00+00:00
[2026-06-18T14:47:06.158+0000] {processor.py:179} INFO - Processing /opt/airflow/dags/report_hourly_dag.py took 0.065 seconds
[2026-06-18T14:47:36.324+0000] {processor.py:157} INFO - Started process (PID=648) to work on /opt/airflow/dags/report_hourly_dag.py
[2026-06-18T14:47:36.328+0000] {processor.py:829} INFO - Processing file /opt/airflow/dags/report_hourly_dag.py for tasks to queue
[2026-06-18T14:47:36.328+0000] {logging_mixin.py:154} INFO - [2026-06-18T14:47:36.328+0000] {dagbag.py:536} INFO - Filling up the DagBag from /opt/airflow/dags/report_hourly_dag.py
[2026-06-18T14:47:36.336+0000] {processor.py:839} INFO - DAG(s) dict_keys(['report_hourly_dag']) retrieved from /opt/airflow/dags/report_hourly_dag.py
[2026-06-18T14:47:36.354+0000] {logging_mixin.py:154} INFO - [2026-06-18T14:47:36.354+0000] {dag.py:2941} INFO - Sync 1 DAGs
[2026-06-18T14:47:36.374+0000] {logging_mixin.py:154} INFO - [2026-06-18T14:47:36.374+0000] {dag.py:3722} INFO - Setting next_dagrun for report_hourly_dag to 2026-06-18T01:58:00+00:00, run_after=2026-06-18T01:59:00+00:00
[2026-06-18T14:47:36.388+0000] {processor.py:179} INFO - Processing /opt/airflow/dags/report_hourly_dag.py took 0.066 seconds
[2026-06-18T14:48:06.558+0000] {processor.py:157} INFO - Started process (PID=663) to work on /opt/airflow/dags/report_hourly_dag.py
[2026-06-18T14:48:06.559+0000] {processor.py:829} INFO - Processing file /opt/airflow/dags/report_hourly_dag.py for tasks to queue
[2026-06-18T14:48:06.559+0000] {logging_mixin.py:154} INFO - [2026-06-18T14:48:06.559+0000] {dagbag.py:536} INFO - Filling up the DagBag from /opt/airflow/dags/report_hourly_dag.py
[2026-06-18T14:48:06.568+0000] {processor.py:839} INFO - DAG(s) dict_keys(['report_hourly_dag']) retrieved from /opt/airflow/dags/report_hourly_dag.py
[2026-06-18T14:48:06.586+0000] {logging_mixin.py:154} INFO - [2026-06-18T14:48:06.586+0000] {dag.py:2941} INFO - Sync 1 DAGs
[2026-06-18T14:48:06.605+0000] {logging_mixin.py:154} INFO - [2026-06-18T14:48:06.605+0000] {dag.py:3722} INFO - Setting next_dagrun for report_hourly_dag to 2026-06-18T01:58:00+00:00, run_after=2026-06-18T01:59:00+00:00
[2026-06-18T14:48:06.619+0000] {processor.py:179} INFO - Processing /opt/airflow/dags/report_hourly_dag.py took 0.064 seconds
[2026-06-18T14:48:36.787+0000] {processor.py:157} INFO - Started process (PID=678) to work on /opt/airflow/dags/report_hourly_dag.py
[2026-06-18T14:48:36.787+0000] {processor.py:829} INFO - Processing file /opt/airflow/dags/report_hourly_dag.py for tasks to queue
[2026-06-18T14:48:36.788+0000] {logging_mixin.py:154} INFO - [2026-06-18T14:48:36.788+0000] {dagbag.py:536} INFO - Filling up the DagBag from /opt/airflow/dags/report_hourly_dag.py
[2026-06-18T14:48:36.797+0000] {processor.py:839} INFO - DAG(s) dict_keys(['report_hourly_dag']) retrieved from /opt/airflow/dags/report_hourly_dag.py
[2026-06-18T14:48:36.819+0000] {logging_mixin.py:154} INFO - [2026-06-18T14:48:36.819+0000] {dag.py:2941} INFO - Sync 1 DAGs
[2026-06-18T14:48:36.844+0000] {logging_mixin.py:154} INFO - [2026-06-18T14:48:36.844+0000] {dag.py:3722} INFO - Setting next_dagrun for report_hourly_dag to 2026-06-18T01:58:00+00:00, run_after=2026-06-18T01:59:00+00:00
[2026-06-18T14:48:36.859+0000] {processor.py:179} INFO - Processing /opt/airflow/dags/report_hourly_dag.py took 0.076 seconds
[2026-06-18T14:49:07.027+0000] {processor.py:157} INFO - Started process (PID=693) to work on /opt/airflow/dags/report_hourly_dag.py
[2026-06-18T14:49:07.027+0000] {processor.py:829} INFO - Processing file /opt/airflow/dags/report_hourly_dag.py for tasks to queue
[2026-06-18T14:49:07.028+0000] {logging_mixin.py:154} INFO - [2026-06-18T14:49:07.028+0000] {dagbag.py:536} INFO - Filling up the DagBag from /opt/airflow/dags/report_hourly_dag.py
[2026-06-18T14:49:07.038+0000] {processor.py:839} INFO - DAG(s) dict_keys(['report_hourly_dag']) retrieved from /opt/airflow/dags/report_hourly_dag.py
[2026-06-18T14:49:07.061+0000] {logging_mixin.py:154} INFO - [2026-06-18T14:49:07.061+0000] {dag.py:2941} INFO - Sync 1 DAGs
[2026-06-18T14:49:07.082+0000] {logging_mixin.py:154} INFO - [2026-06-18T14:49:07.082+0000] {dag.py:3722} INFO - Setting next_dagrun for report_hourly_dag to 2026-06-18T01:58:00+00:00, run_after=2026-06-18T01:59:00+00:00
[2026-06-18T14:49:07.101+0000] {processor.py:179} INFO - Processing /opt/airflow/dags/report_hourly_dag.py took 0.078 seconds
[2026-06-18T14:49:37.303+0000] {processor.py:157} INFO - Started process (PID=708) to work on /opt/airflow/dags/report_hourly_dag.py
[2026-06-18T14:49:37.305+0000] {processor.py:829} INFO - Processing file /opt/airflow/dags/report_hourly_dag.py for tasks to queue
[2026-06-18T14:49:37.306+0000] {logging_mixin.py:154} INFO - [2026-06-18T14:49:37.306+0000] {dagbag.py:536} INFO - Filling up the DagBag from /opt/airflow/dags/report_hourly_dag.py
[2026-06-18T14:49:37.316+0000] {processor.py:839} INFO - DAG(s) dict_keys(['report_hourly_dag']) retrieved from /opt/airflow/dags/report_hourly_dag.py
[2026-06-18T14:49:37.337+0000] {logging_mixin.py:154} INFO - [2026-06-18T14:49:37.337+0000] {dag.py:2941} INFO - Sync 1 DAGs
[2026-06-18T14:49:37.360+0000] {logging_mixin.py:154} INFO - [2026-06-18T14:49:37.360+0000] {dag.py:3722} INFO - Setting next_dagrun for report_hourly_dag to 2026-06-18T01:58:00+00:00, run_after=2026-06-18T01:59:00+00:00
[2026-06-18T14:49:37.377+0000] {processor.py:179} INFO - Processing /opt/airflow/dags/report_hourly_dag.py took 0.077 seconds
[2026-06-18T14:50:07.595+0000] {processor.py:157} INFO - Started process (PID=723) to work on /opt/airflow/dags/report_hourly_dag.py
[2026-06-18T14:50:07.595+0000] {processor.py:829} INFO - Processing file /opt/airflow/dags/report_hourly_dag.py for tasks to queue
[2026-06-18T14:50:07.596+0000] {logging_mixin.py:154} INFO - [2026-06-18T14:50:07.596+0000] {dagbag.py:536} INFO - Filling up the DagBag from /opt/airflow/dags/report_hourly_dag.py
[2026-06-18T14:50:07.605+0000] {processor.py:839} INFO - DAG(s) dict_keys(['report_hourly_dag']) retrieved from /opt/airflow/dags/report_hourly_dag.py
[2026-06-18T14:50:07.622+0000] {logging_mixin.py:154} INFO - [2026-06-18T14:50:07.622+0000] {dag.py:2941} INFO - Sync 1 DAGs
[2026-06-18T14:50:07.641+0000] {logging_mixin.py:154} INFO - [2026-06-18T14:50:07.641+0000] {dag.py:3722} INFO - Setting next_dagrun for report_hourly_dag to 2026-06-18T01:58:00+00:00, run_after=2026-06-18T01:59:00+00:00
[2026-06-18T14:50:07.654+0000] {processor.py:179} INFO - Processing /opt/airflow/dags/report_hourly_dag.py took 0.064 seconds
[2026-06-18T14:50:37.807+0000] {processor.py:157} INFO - Started process (PID=738) to work on /opt/airflow/dags/report_hourly_dag.py
[2026-06-18T14:50:37.811+0000] {processor.py:829} INFO - Processing file /opt/airflow/dags/report_hourly_dag.py for tasks to queue
[2026-06-18T14:50:37.812+0000] {logging_mixin.py:154} INFO - [2026-06-18T14:50:37.811+0000] {dagbag.py:536} INFO - Filling up the DagBag from /opt/airflow/dags/report_hourly_dag.py
[2026-06-18T14:50:37.823+0000] {processor.py:839} INFO - DAG(s) dict_keys(['report_hourly_dag']) retrieved from /opt/airflow/dags/report_hourly_dag.py
[2026-06-18T14:50:37.845+0000] {logging_mixin.py:154} INFO - [2026-06-18T14:50:37.845+0000] {dag.py:2941} INFO - Sync 1 DAGs
[2026-06-18T14:50:37.871+0000] {logging_mixin.py:154} INFO - [2026-06-18T14:50:37.871+0000] {dag.py:3722} INFO - Setting next_dagrun for report_hourly_dag to 2026-06-18T01:58:00+00:00, run_after=2026-06-18T01:59:00+00:00
[2026-06-18T14:50:37.886+0000] {processor.py:179} INFO - Processing /opt/airflow/dags/report_hourly_dag.py took 0.082 seconds
[2026-06-18T14:51:08.101+0000] {processor.py:157} INFO - Started process (PID=753) to work on /opt/airflow/dags/report_hourly_dag.py
[2026-06-18T14:51:08.101+0000] {processor.py:829} INFO - Processing file /opt/airflow/dags/report_hourly_dag.py for tasks to queue
[2026-06-18T14:51:08.102+0000] {logging_mixin.py:154} INFO - [2026-06-18T14:51:08.102+0000] {dagbag.py:536} INFO - Filling up the DagBag from /opt/airflow/dags/report_hourly_dag.py
[2026-06-18T14:51:08.114+0000] {processor.py:839} INFO - DAG(s) dict_keys(['report_hourly_dag']) retrieved from /opt/airflow/dags/report_hourly_dag.py
[2026-06-18T14:51:08.131+0000] {logging_mixin.py:154} INFO - [2026-06-18T14:51:08.131+0000] {dag.py:2941} INFO - Sync 1 DAGs
[2026-06-18T14:51:08.148+0000] {logging_mixin.py:154} INFO - [2026-06-18T14:51:08.148+0000] {dag.py:3722} INFO - Setting next_dagrun for report_hourly_dag to 2026-06-18T01:58:00+00:00, run_after=2026-06-18T01:59:00+00:00
[2026-06-18T14:51:08.162+0000] {processor.py:179} INFO - Processing /opt/airflow/dags/report_hourly_dag.py took 0.064 seconds
[2026-06-18T14:51:38.323+0000] {processor.py:157} INFO - Started process (PID=768) to work on /opt/airflow/dags/report_hourly_dag.py
[2026-06-18T14:51:38.329+0000] {processor.py:829} INFO - Processing file /opt/airflow/dags/report_hourly_dag.py for tasks to queue
[2026-06-18T14:51:38.329+0000] {logging_mixin.py:154} INFO - [2026-06-18T14:51:38.329+0000] {dagbag.py:536} INFO - Filling up the DagBag from /opt/airflow/dags/report_hourly_dag.py
[2026-06-18T14:51:38.339+0000] {processor.py:839} INFO - DAG(s) dict_keys(['report_hourly_dag']) retrieved from /opt/airflow/dags/report_hourly_dag.py
[2026-06-18T14:51:38.361+0000] {logging_mixin.py:154} INFO - [2026-06-18T14:51:38.361+0000] {dag.py:2941} INFO - Sync 1 DAGs
[2026-06-18T14:51:38.387+0000] {logging_mixin.py:154} INFO - [2026-06-18T14:51:38.387+0000] {dag.py:3722} INFO - Setting next_dagrun for report_hourly_dag to 2026-06-18T01:58:00+00:00, run_after=2026-06-18T01:59:00+00:00
[2026-06-18T14:51:38.404+0000] {processor.py:179} INFO - Processing /opt/airflow/dags/report_hourly_dag.py took 0.083 seconds
[2026-06-18T14:52:08.589+0000] {processor.py:157} INFO - Started process (PID=783) to work on /opt/airflow/dags/report_hourly_dag.py
[2026-06-18T14:52:08.590+0000] {processor.py:829} INFO - Processing file /opt/airflow/dags/report_hourly_dag.py for tasks to queue
[2026-06-18T14:52:08.591+0000] {logging_mixin.py:154} INFO - [2026-06-18T14:52:08.591+0000] {dagbag.py:536} INFO - Filling up the DagBag from /opt/airflow/dags/report_hourly_dag.py
[2026-06-18T14:52:08.600+0000] {processor.py:839} INFO - DAG(s) dict_keys(['report_hourly_dag']) retrieved from /opt/airflow/dags/report_hourly_dag.py
[2026-06-18T14:52:08.619+0000] {logging_mixin.py:154} INFO - [2026-06-18T14:52:08.619+0000] {dag.py:2941} INFO - Sync 1 DAGs
[2026-06-18T14:52:08.643+0000] {logging_mixin.py:154} INFO - [2026-06-18T14:52:08.643+0000] {dag.py:3722} INFO - Setting next_dagrun for report_hourly_dag to 2026-06-18T01:58:00+00:00, run_after=2026-06-18T01:59:00+00:00
[2026-06-18T14:52:08.658+0000] {processor.py:179} INFO - Processing /opt/airflow/dags/report_hourly_dag.py took 0.072 seconds
[2026-06-18T14:52:38.822+0000] {processor.py:157} INFO - Started process (PID=798) to work on /opt/airflow/dags/report_hourly_dag.py
[2026-06-18T14:52:38.826+0000] {processor.py:829} INFO - Processing file /opt/airflow/dags/report_hourly_dag.py for tasks to queue
[2026-06-18T14:52:38.826+0000] {logging_mixin.py:154} INFO - [2026-06-18T14:52:38.826+0000] {dagbag.py:536} INFO - Filling up the DagBag from /opt/airflow/dags/report_hourly_dag.py
[2026-06-18T14:52:38.834+0000] {processor.py:839} INFO - DAG(s) dict_keys(['report_hourly_dag']) retrieved from /opt/airflow/dags/report_hourly_dag.py
[2026-06-18T14:52:38.852+0000] {logging_mixin.py:154} INFO - [2026-06-18T14:52:38.852+0000] {dag.py:2941} INFO - Sync 1 DAGs
[2026-06-18T14:52:38.871+0000] {logging_mixin.py:154} INFO - [2026-06-18T14:52:38.871+0000] {dag.py:3722} INFO - Setting next_dagrun for report_hourly_dag to 2026-06-18T01:58:00+00:00, run_after=2026-06-18T01:59:00+00:00
[2026-06-18T14:52:38.886+0000] {processor.py:179} INFO - Processing /opt/airflow/dags/report_hourly_dag.py took 0.067 seconds
[2026-06-18T14:53:09.064+0000] {processor.py:157} INFO - Started process (PID=813) to work on /opt/airflow/dags/report_hourly_dag.py
[2026-06-18T14:53:09.065+0000] {processor.py:829} INFO - Processing file /opt/airflow/dags/report_hourly_dag.py for tasks to queue
[2026-06-18T14:53:09.066+0000] {logging_mixin.py:154} INFO - [2026-06-18T14:53:09.065+0000] {dagbag.py:536} INFO - Filling up the DagBag from /opt/airflow/dags/report_hourly_dag.py
[2026-06-18T14:53:09.078+0000] {processor.py:839} INFO - DAG(s) dict_keys(['report_hourly_dag']) retrieved from /opt/airflow/dags/report_hourly_dag.py
[2026-06-18T14:53:09.096+0000] {logging_mixin.py:154} INFO - [2026-06-18T14:53:09.096+0000] {dag.py:2941} INFO - Sync 1 DAGs
[2026-06-18T14:53:09.114+0000] {logging_mixin.py:154} INFO - [2026-06-18T14:53:09.114+0000] {dag.py:3722} INFO - Setting next_dagrun for report_hourly_dag to 2026-06-18T01:58:00+00:00, run_after=2026-06-18T01:59:00+00:00
[2026-06-18T14:53:09.128+0000] {processor.py:179} INFO - Processing /opt/airflow/dags/report_hourly_dag.py took 0.068 seconds
[2026-06-18T14:53:39.310+0000] {processor.py:157} INFO - Started process (PID=828) to work on /opt/airflow/dags/report_hourly_dag.py
[2026-06-18T14:53:39.313+0000] {processor.py:829} INFO - Processing file /opt/airflow/dags/report_hourly_dag.py for tasks to queue
[2026-06-18T14:53:39.314+0000] {logging_mixin.py:154} INFO - [2026-06-18T14:53:39.314+0000] {dagbag.py:536} INFO - Filling up the DagBag from /opt/airflow/dags/report_hourly_dag.py
[2026-06-18T14:53:39.328+0000] {processor.py:839} INFO - DAG(s) dict_keys(['report_hourly_dag']) retrieved from /opt/airflow/dags/report_hourly_dag.py
[2026-06-18T14:53:39.346+0000] {logging_mixin.py:154} INFO - [2026-06-18T14:53:39.346+0000] {dag.py:2941} INFO - Sync 1 DAGs
[2026-06-18T14:53:39.364+0000] {logging_mixin.py:154} INFO - [2026-06-18T14:53:39.364+0000] {dag.py:3722} INFO - Setting next_dagrun for report_hourly_dag to 2026-06-18T01:58:00+00:00, run_after=2026-06-18T01:59:00+00:00
[2026-06-18T14:53:39.376+0000] {processor.py:179} INFO - Processing /opt/airflow/dags/report_hourly_dag.py took 0.070 seconds
[2026-06-18T14:54:09.556+0000] {processor.py:157} INFO - Started process (PID=843) to work on /opt/airflow/dags/report_hourly_dag.py
[2026-06-18T14:54:09.557+0000] {processor.py:829} INFO - Processing file /opt/airflow/dags/report_hourly_dag.py for tasks to queue
[2026-06-18T14:54:09.558+0000] {logging_mixin.py:154} INFO - [2026-06-18T14:54:09.558+0000] {dagbag.py:536} INFO - Filling up the DagBag from /opt/airflow/dags/report_hourly_dag.py
[2026-06-18T14:54:09.569+0000] {processor.py:839} INFO - DAG(s) dict_keys(['report_hourly_dag']) retrieved from /opt/airflow/dags/report_hourly_dag.py
[2026-06-18T14:54:09.591+0000] {logging_mixin.py:154} INFO - [2026-06-18T14:54:09.591+0000] {dag.py:2941} INFO - Sync 1 DAGs
[2026-06-18T14:54:09.617+0000] {logging_mixin.py:154} INFO - [2026-06-18T14:54:09.617+0000] {dag.py:3722} INFO - Setting next_dagrun for report_hourly_dag to 2026-06-18T01:58:00+00:00, run_after=2026-06-18T01:59:00+00:00
[2026-06-18T14:54:09.635+0000] {processor.py:179} INFO - Processing /opt/airflow/dags/report_hourly_dag.py took 0.082 seconds
[2026-06-18T14:54:39.839+0000] {processor.py:157} INFO - Started process (PID=858) to work on /opt/airflow/dags/report_hourly_dag.py
[2026-06-18T14:54:39.840+0000] {processor.py:829} INFO - Processing file /opt/airflow/dags/report_hourly_dag.py for tasks to queue
[2026-06-18T14:54:39.840+0000] {logging_mixin.py:154} INFO - [2026-06-18T14:54:39.840+0000] {dagbag.py:536} INFO - Filling up the DagBag from /opt/airflow/dags/report_hourly_dag.py
[2026-06-18T14:54:39.849+0000] {processor.py:839} INFO - DAG(s) dict_keys(['report_hourly_dag']) retrieved from /opt/airflow/dags/report_hourly_dag.py
[2026-06-18T14:54:39.867+0000] {logging_mixin.py:154} INFO - [2026-06-18T14:54:39.867+0000] {dag.py:2941} INFO - Sync 1 DAGs
[2026-06-18T14:54:39.888+0000] {logging_mixin.py:154} INFO - [2026-06-18T14:54:39.888+0000] {dag.py:3722} INFO - Setting next_dagrun for report_hourly_dag to 2026-06-18T01:58:00+00:00, run_after=2026-06-18T01:59:00+00:00
[2026-06-18T14:54:39.903+0000] {processor.py:179} INFO - Processing /opt/airflow/dags/report_hourly_dag.py took 0.067 seconds
[2026-06-18T14:55:10.137+0000] {processor.py:157} INFO - Started process (PID=873) to work on /opt/airflow/dags/report_hourly_dag.py
[2026-06-18T14:55:10.140+0000] {processor.py:829} INFO - Processing file /opt/airflow/dags/report_hourly_dag.py for tasks to queue
[2026-06-18T14:55:10.141+0000] {logging_mixin.py:154} INFO - [2026-06-18T14:55:10.141+0000] {dagbag.py:536} INFO - Filling up the DagBag from /opt/airflow/dags/report_hourly_dag.py
[2026-06-18T14:55:10.168+0000] {processor.py:839} INFO - DAG(s) dict_keys(['report_hourly_dag']) retrieved from /opt/airflow/dags/report_hourly_dag.py
[2026-06-18T14:55:10.196+0000] {logging_mixin.py:154} INFO - [2026-06-18T14:55:10.195+0000] {dag.py:2941} INFO - Sync 1 DAGs
[2026-06-18T14:55:10.217+0000] {logging_mixin.py:154} INFO - [2026-06-18T14:55:10.217+0000] {dag.py:3722} INFO - Setting next_dagrun for report_hourly_dag to 2026-06-18T01:58:00+00:00, run_after=2026-06-18T01:59:00+00:00
[2026-06-18T14:55:10.229+0000] {processor.py:179} INFO - Processing /opt/airflow/dags/report_hourly_dag.py took 0.106 seconds
[2026-06-18T14:55:40.461+0000] {processor.py:157} INFO - Started process (PID=888) to work on /opt/airflow/dags/report_hourly_dag.py
[2026-06-18T14:55:40.464+0000] {processor.py:829} INFO - Processing file /opt/airflow/dags/report_hourly_dag.py for tasks to queue
[2026-06-18T14:55:40.464+0000] {logging_mixin.py:154} INFO - [2026-06-18T14:55:40.464+0000] {dagbag.py:536} INFO - Filling up the DagBag from /opt/airflow/dags/report_hourly_dag.py
[2026-06-18T14:55:40.476+0000] {processor.py:839} INFO - DAG(s) dict_keys(['report_hourly_dag']) retrieved from /opt/airflow/dags/report_hourly_dag.py
[2026-06-18T14:55:40.498+0000] {logging_mixin.py:154} INFO - [2026-06-18T14:55:40.498+0000] {dag.py:2941} INFO - Sync 1 DAGs
[2026-06-18T14:55:40.521+0000] {logging_mixin.py:154} INFO - [2026-06-18T14:55:40.521+0000] {dag.py:3722} INFO - Setting next_dagrun for report_hourly_dag to 2026-06-18T01:58:00+00:00, run_after=2026-06-18T01:59:00+00:00
[2026-06-18T14:55:40.538+0000] {processor.py:179} INFO - Processing /opt/airflow/dags/report_hourly_dag.py took 0.080 seconds
[2026-06-18T14:56:10.832+0000] {processor.py:157} INFO - Started process (PID=903) to work on /opt/airflow/dags/report_hourly_dag.py
[2026-06-18T14:56:10.833+0000] {processor.py:829} INFO - Processing file /opt/airflow/dags/report_hourly_dag.py for tasks to queue
[2026-06-18T14:56:10.834+0000] {logging_mixin.py:154} INFO - [2026-06-18T14:56:10.834+0000] {dagbag.py:536} INFO - Filling up the DagBag from /opt/airflow/dags/report_hourly_dag.py
[2026-06-18T14:56:10.851+0000] {processor.py:839} INFO - DAG(s) dict_keys(['report_hourly_dag']) retrieved from /opt/airflow/dags/report_hourly_dag.py
[2026-06-18T14:56:10.876+0000] {logging_mixin.py:154} INFO - [2026-06-18T14:56:10.876+0000] {dag.py:2941} INFO - Sync 1 DAGs
[2026-06-18T14:56:10.905+0000] {logging_mixin.py:154} INFO - [2026-06-18T14:56:10.905+0000] {dag.py:3722} INFO - Setting next_dagrun for report_hourly_dag to 2026-06-18T01:58:00+00:00, run_after=2026-06-18T01:59:00+00:00
[2026-06-18T14:56:10.925+0000] {processor.py:179} INFO - Processing /opt/airflow/dags/report_hourly_dag.py took 0.100 seconds
[2026-06-18T14:56:41.100+0000] {processor.py:157} INFO - Started process (PID=918) to work on /opt/airflow/dags/report_hourly_dag.py
[2026-06-18T14:56:41.102+0000] {processor.py:829} INFO - Processing file /opt/airflow/dags/report_hourly_dag.py for tasks to queue
[2026-06-18T14:56:41.103+0000] {logging_mixin.py:154} INFO - [2026-06-18T14:56:41.103+0000] {dagbag.py:536} INFO - Filling up the DagBag from /opt/airflow/dags/report_hourly_dag.py
[2026-06-18T14:56:41.112+0000] {processor.py:839} INFO - DAG(s) dict_keys(['report_hourly_dag']) retrieved from /opt/airflow/dags/report_hourly_dag.py
[2026-06-18T14:56:41.134+0000] {logging_mixin.py:154} INFO - [2026-06-18T14:56:41.134+0000] {dag.py:2941} INFO - Sync 1 DAGs
[2026-06-18T14:56:41.154+0000] {logging_mixin.py:154} INFO - [2026-06-18T14:56:41.154+0000] {dag.py:3722} INFO - Setting next_dagrun for report_hourly_dag to 2026-06-18T01:58:00+00:00, run_after=2026-06-18T01:59:00+00:00
[2026-06-18T14:56:41.170+0000] {processor.py:179} INFO - Processing /opt/airflow/dags/report_hourly_dag.py took 0.074 seconds
[2026-06-18T14:57:11.355+0000] {processor.py:157} INFO - Started process (PID=933) to work on /opt/airflow/dags/report_hourly_dag.py
[2026-06-18T14:57:11.355+0000] {processor.py:829} INFO - Processing file /opt/airflow/dags/report_hourly_dag.py for tasks to queue
[2026-06-18T14:57:11.356+0000] {logging_mixin.py:154} INFO - [2026-06-18T14:57:11.356+0000] {dagbag.py:536} INFO - Filling up the DagBag from /opt/airflow/dags/report_hourly_dag.py
[2026-06-18T14:57:11.365+0000] {processor.py:839} INFO - DAG(s) dict_keys(['report_hourly_dag']) retrieved from /opt/airflow/dags/report_hourly_dag.py
[2026-06-18T14:57:11.382+0000] {logging_mixin.py:154} INFO - [2026-06-18T14:57:11.381+0000] {dag.py:2941} INFO - Sync 1 DAGs
[2026-06-18T14:57:11.488+0000] {logging_mixin.py:154} INFO - [2026-06-18T14:57:11.488+0000] {dag.py:3722} INFO - Setting next_dagrun for report_hourly_dag to 2026-06-18T01:58:00+00:00, run_after=2026-06-18T01:59:00+00:00
[2026-06-18T14:57:11.502+0000] {processor.py:179} INFO - Processing /opt/airflow/dags/report_hourly_dag.py took 0.150 seconds
[2026-06-18T14:57:41.756+0000] {processor.py:157} INFO - Started process (PID=948) to work on /opt/airflow/dags/report_hourly_dag.py
[2026-06-18T14:57:41.758+0000] {processor.py:829} INFO - Processing file /opt/airflow/dags/report_hourly_dag.py for tasks to queue
[2026-06-18T14:57:41.759+0000] {logging_mixin.py:154} INFO - [2026-06-18T14:57:41.758+0000] {dagbag.py:536} INFO - Filling up the DagBag from /opt/airflow/dags/report_hourly_dag.py
[2026-06-18T14:57:41.769+0000] {processor.py:839} INFO - DAG(s) dict_keys(['report_hourly_dag']) retrieved from /opt/airflow/dags/report_hourly_dag.py
[2026-06-18T14:57:41.789+0000] {logging_mixin.py:154} INFO - [2026-06-18T14:57:41.789+0000] {dag.py:2941} INFO - Sync 1 DAGs
[2026-06-18T14:57:41.817+0000] {logging_mixin.py:154} INFO - [2026-06-18T14:57:41.817+0000] {dag.py:3722} INFO - Setting next_dagrun for report_hourly_dag to 2026-06-18T01:58:00+00:00, run_after=2026-06-18T01:59:00+00:00
[2026-06-18T14:57:41.833+0000] {processor.py:179} INFO - Processing /opt/airflow/dags/report_hourly_dag.py took 0.080 seconds
[2026-06-18T14:58:11.982+0000] {processor.py:157} INFO - Started process (PID=963) to work on /opt/airflow/dags/report_hourly_dag.py
[2026-06-18T14:58:11.983+0000] {processor.py:829} INFO - Processing file /opt/airflow/dags/report_hourly_dag.py for tasks to queue
[2026-06-18T14:58:11.984+0000] {logging_mixin.py:154} INFO - [2026-06-18T14:58:11.984+0000] {dagbag.py:536} INFO - Filling up the DagBag from /opt/airflow/dags/report_hourly_dag.py
[2026-06-18T14:58:11.994+0000] {processor.py:839} INFO - DAG(s) dict_keys(['report_hourly_dag']) retrieved from /opt/airflow/dags/report_hourly_dag.py
[2026-06-18T14:58:12.012+0000] {logging_mixin.py:154} INFO - [2026-06-18T14:58:12.011+0000] {dag.py:2941} INFO - Sync 1 DAGs
[2026-06-18T14:58:12.032+0000] {logging_mixin.py:154} INFO - [2026-06-18T14:58:12.032+0000] {dag.py:3722} INFO - Setting next_dagrun for report_hourly_dag to 2026-06-18T01:58:00+00:00, run_after=2026-06-18T01:59:00+00:00
[2026-06-18T14:58:12.050+0000] {processor.py:179} INFO - Processing /opt/airflow/dags/report_hourly_dag.py took 0.071 seconds
[2026-06-18T14:58:42.245+0000] {processor.py:157} INFO - Started process (PID=978) to work on /opt/airflow/dags/report_hourly_dag.py
[2026-06-18T14:58:42.248+0000] {processor.py:829} INFO - Processing file /opt/airflow/dags/report_hourly_dag.py for tasks to queue
[2026-06-18T14:58:42.248+0000] {logging_mixin.py:154} INFO - [2026-06-18T14:58:42.248+0000] {dagbag.py:536} INFO - Filling up the DagBag from /opt/airflow/dags/report_hourly_dag.py
[2026-06-18T14:58:42.259+0000] {processor.py:839} INFO - DAG(s) dict_keys(['report_hourly_dag']) retrieved from /opt/airflow/dags/report_hourly_dag.py
[2026-06-18T14:58:42.277+0000] {logging_mixin.py:154} INFO - [2026-06-18T14:58:42.277+0000] {dag.py:2941} INFO - Sync 1 DAGs
[2026-06-18T14:58:42.296+0000] {logging_mixin.py:154} INFO - [2026-06-18T14:58:42.296+0000] {dag.py:3722} INFO - Setting next_dagrun for report_hourly_dag to 2026-06-18T01:58:00+00:00, run_after=2026-06-18T01:59:00+00:00
[2026-06-18T14:58:42.310+0000] {processor.py:179} INFO - Processing /opt/airflow/dags/report_hourly_dag.py took 0.068 seconds
[2026-06-18T14:59:12.494+0000] {processor.py:157} INFO - Started process (PID=993) to work on /opt/airflow/dags/report_hourly_dag.py
[2026-06-18T14:59:12.495+0000] {processor.py:829} INFO - Processing file /opt/airflow/dags/report_hourly_dag.py for tasks to queue
[2026-06-18T14:59:12.496+0000] {logging_mixin.py:154} INFO - [2026-06-18T14:59:12.496+0000] {dagbag.py:536} INFO - Filling up the DagBag from /opt/airflow/dags/report_hourly_dag.py
[2026-06-18T14:59:12.506+0000] {processor.py:839} INFO - DAG(s) dict_keys(['report_hourly_dag']) retrieved from /opt/airflow/dags/report_hourly_dag.py
[2026-06-18T14:59:12.529+0000] {logging_mixin.py:154} INFO - [2026-06-18T14:59:12.528+0000] {dag.py:2941} INFO - Sync 1 DAGs
[2026-06-18T14:59:12.549+0000] {logging_mixin.py:154} INFO - [2026-06-18T14:59:12.549+0000] {dag.py:3722} INFO - Setting next_dagrun for report_hourly_dag to 2026-06-18T01:58:00+00:00, run_after=2026-06-18T01:59:00+00:00
[2026-06-18T14:59:12.566+0000] {processor.py:179} INFO - Processing /opt/airflow/dags/report_hourly_dag.py took 0.075 seconds
[2026-06-18T14:59:42.756+0000] {processor.py:157} INFO - Started process (PID=1008) to work on /opt/airflow/dags/report_hourly_dag.py
[2026-06-18T14:59:42.758+0000] {processor.py:829} INFO - Processing file /opt/airflow/dags/report_hourly_dag.py for tasks to queue
[2026-06-18T14:59:42.759+0000] {logging_mixin.py:154} INFO - [2026-06-18T14:59:42.759+0000] {dagbag.py:536} INFO - Filling up the DagBag from /opt/airflow/dags/report_hourly_dag.py
[2026-06-18T14:59:42.769+0000] {processor.py:839} INFO - DAG(s) dict_keys(['report_hourly_dag']) retrieved from /opt/airflow/dags/report_hourly_dag.py
[2026-06-18T14:59:42.790+0000] {logging_mixin.py:154} INFO - [2026-06-18T14:59:42.790+0000] {dag.py:2941} INFO - Sync 1 DAGs
[2026-06-18T14:59:42.814+0000] {logging_mixin.py:154} INFO - [2026-06-18T14:59:42.814+0000] {dag.py:3722} INFO - Setting next_dagrun for report_hourly_dag to 2026-06-18T01:58:00+00:00, run_after=2026-06-18T01:59:00+00:00
[2026-06-18T14:59:42.829+0000] {processor.py:179} INFO - Processing /opt/airflow/dags/report_hourly_dag.py took 0.077 seconds
[2026-06-18T15:00:12.984+0000] {processor.py:157} INFO - Started process (PID=1023) to work on /opt/airflow/dags/report_hourly_dag.py
[2026-06-18T15:00:12.985+0000] {processor.py:829} INFO - Processing file /opt/airflow/dags/report_hourly_dag.py for tasks to queue
[2026-06-18T15:00:12.986+0000] {logging_mixin.py:154} INFO - [2026-06-18T15:00:12.985+0000] {dagbag.py:536} INFO - Filling up the DagBag from /opt/airflow/dags/report_hourly_dag.py
[2026-06-18T15:00:12.994+0000] {processor.py:839} INFO - DAG(s) dict_keys(['report_hourly_dag']) retrieved from /opt/airflow/dags/report_hourly_dag.py
[2026-06-18T15:00:13.013+0000] {logging_mixin.py:154} INFO - [2026-06-18T15:00:13.013+0000] {dag.py:2941} INFO - Sync 1 DAGs
[2026-06-18T15:00:13.035+0000] {logging_mixin.py:154} INFO - [2026-06-18T15:00:13.035+0000] {dag.py:3722} INFO - Setting next_dagrun for report_hourly_dag to 2026-06-18T01:58:00+00:00, run_after=2026-06-18T01:59:00+00:00
[2026-06-18T15:00:13.049+0000] {processor.py:179} INFO - Processing /opt/airflow/dags/report_hourly_dag.py took 0.068 seconds
[2026-06-18T15:00:43.178+0000] {processor.py:157} INFO - Started process (PID=1038) to work on /opt/airflow/dags/report_hourly_dag.py
[2026-06-18T15:00:43.182+0000] {processor.py:829} INFO - Processing file /opt/airflow/dags/report_hourly_dag.py for tasks to queue
[2026-06-18T15:00:43.183+0000] {logging_mixin.py:154} INFO - [2026-06-18T15:00:43.183+0000] {dagbag.py:536} INFO - Filling up the DagBag from /opt/airflow/dags/report_hourly_dag.py
[2026-06-18T15:00:43.192+0000] {processor.py:839} INFO - DAG(s) dict_keys(['report_hourly_dag']) retrieved from /opt/airflow/dags/report_hourly_dag.py
[2026-06-18T15:00:43.209+0000] {logging_mixin.py:154} INFO - [2026-06-18T15:00:43.209+0000] {dag.py:2941} INFO - Sync 1 DAGs
[2026-06-18T15:00:43.229+0000] {logging_mixin.py:154} INFO - [2026-06-18T15:00:43.229+0000] {dag.py:3722} INFO - Setting next_dagrun for report_hourly_dag to 2026-06-18T01:58:00+00:00, run_after=2026-06-18T01:59:00+00:00
[2026-06-18T15:00:43.244+0000] {processor.py:179} INFO - Processing /opt/airflow/dags/report_hourly_dag.py took 0.068 seconds
[2026-06-18T15:01:13.466+0000] {processor.py:157} INFO - Started process (PID=1053) to work on /opt/airflow/dags/report_hourly_dag.py
[2026-06-18T15:01:13.467+0000] {processor.py:829} INFO - Processing file /opt/airflow/dags/report_hourly_dag.py for tasks to queue
[2026-06-18T15:01:13.468+0000] {logging_mixin.py:154} INFO - [2026-06-18T15:01:13.467+0000] {dagbag.py:536} INFO - Filling up the DagBag from /opt/airflow/dags/report_hourly_dag.py
[2026-06-18T15:01:13.477+0000] {processor.py:839} INFO - DAG(s) dict_keys(['report_hourly_dag']) retrieved from /opt/airflow/dags/report_hourly_dag.py
[2026-06-18T15:01:13.497+0000] {logging_mixin.py:154} INFO - [2026-06-18T15:01:13.497+0000] {dag.py:2941} INFO - Sync 1 DAGs
[2026-06-18T15:01:13.521+0000] {logging_mixin.py:154} INFO - [2026-06-18T15:01:13.521+0000] {dag.py:3722} INFO - Setting next_dagrun for report_hourly_dag to 2026-06-18T01:58:00+00:00, run_after=2026-06-18T01:59:00+00:00
[2026-06-18T15:01:13.535+0000] {processor.py:179} INFO - Processing /opt/airflow/dags/report_hourly_dag.py took 0.072 seconds
[2026-06-18T15:01:43.735+0000] {processor.py:157} INFO - Started process (PID=1068) to work on /opt/airflow/dags/report_hourly_dag.py
[2026-06-18T15:01:43.736+0000] {processor.py:829} INFO - Processing file /opt/airflow/dags/report_hourly_dag.py for tasks to queue
[2026-06-18T15:01:43.737+0000] {logging_mixin.py:154} INFO - [2026-06-18T15:01:43.737+0000] {dagbag.py:536} INFO - Filling up the DagBag from /opt/airflow/dags/report_hourly_dag.py
[2026-06-18T15:01:43.749+0000] {processor.py:839} INFO - DAG(s) dict_keys(['report_hourly_dag']) retrieved from /opt/airflow/dags/report_hourly_dag.py
[2026-06-18T15:01:43.771+0000] {logging_mixin.py:154} INFO - [2026-06-18T15:01:43.771+0000] {dag.py:2941} INFO - Sync 1 DAGs
[2026-06-18T15:01:43.798+0000] {logging_mixin.py:154} INFO - [2026-06-18T15:01:43.798+0000] {dag.py:3722} INFO - Setting next_dagrun for report_hourly_dag to 2026-06-18T01:58:00+00:00, run_after=2026-06-18T01:59:00+00:00
[2026-06-18T15:01:43.813+0000] {processor.py:179} INFO - Processing /opt/airflow/dags/report_hourly_dag.py took 0.083 seconds
[2026-06-18T15:02:13.958+0000] {processor.py:157} INFO - Started process (PID=1083) to work on /opt/airflow/dags/report_hourly_dag.py
[2026-06-18T15:02:13.958+0000] {processor.py:829} INFO - Processing file /opt/airflow/dags/report_hourly_dag.py for tasks to queue
[2026-06-18T15:02:13.959+0000] {logging_mixin.py:154} INFO - [2026-06-18T15:02:13.959+0000] {dagbag.py:536} INFO - Filling up the DagBag from /opt/airflow/dags/report_hourly_dag.py
[2026-06-18T15:02:13.968+0000] {processor.py:839} INFO - DAG(s) dict_keys(['report_hourly_dag']) retrieved from /opt/airflow/dags/report_hourly_dag.py
[2026-06-18T15:02:13.986+0000] {logging_mixin.py:154} INFO - [2026-06-18T15:02:13.986+0000] {dag.py:2941} INFO - Sync 1 DAGs
[2026-06-18T15:02:14.009+0000] {logging_mixin.py:154} INFO - [2026-06-18T15:02:14.009+0000] {dag.py:3722} INFO - Setting next_dagrun for report_hourly_dag to 2026-06-18T01:58:00+00:00, run_after=2026-06-18T01:59:00+00:00
[2026-06-18T15:02:14.024+0000] {processor.py:179} INFO - Processing /opt/airflow/dags/report_hourly_dag.py took 0.069 seconds
[2026-06-18T15:03:15.709+0000] {processor.py:157} INFO - Started process (PID=153) to work on /opt/airflow/dags/report_hourly_dag.py
[2026-06-18T15:03:15.710+0000] {processor.py:829} INFO - Processing file /opt/airflow/dags/report_hourly_dag.py for tasks to queue
[2026-06-18T15:03:15.711+0000] {logging_mixin.py:154} INFO - [2026-06-18T15:03:15.710+0000] {dagbag.py:536} INFO - Filling up the DagBag from /opt/airflow/dags/report_hourly_dag.py
[2026-06-18T15:03:15.720+0000] {processor.py:839} INFO - DAG(s) dict_keys(['report_hourly_dag']) retrieved from /opt/airflow/dags/report_hourly_dag.py
[2026-06-18T15:03:15.821+0000] {logging_mixin.py:154} INFO - [2026-06-18T15:03:15.821+0000] {manager.py:499} INFO - Created Permission View: %s
[2026-06-18T15:03:15.831+0000] {logging_mixin.py:154} INFO - [2026-06-18T15:03:15.831+0000] {manager.py:499} INFO - Created Permission View: %s
[2026-06-18T15:03:15.837+0000] {logging_mixin.py:154} INFO - [2026-06-18T15:03:15.837+0000] {manager.py:499} INFO - Created Permission View: %s
[2026-06-18T15:03:15.837+0000] {logging_mixin.py:154} INFO - [2026-06-18T15:03:15.837+0000] {dag.py:2941} INFO - Sync 1 DAGs
[2026-06-18T15:03:15.847+0000] {logging_mixin.py:154} INFO - [2026-06-18T15:03:15.847+0000] {dag.py:2963} INFO - Creating ORM DAG for report_hourly_dag
[2026-06-18T15:03:15.858+0000] {logging_mixin.py:154} INFO - [2026-06-18T15:03:15.858+0000] {dag.py:3722} INFO - Setting next_dagrun for report_hourly_dag to 2026-06-18T01:58:00+00:00, run_after=2026-06-18T01:59:00+00:00
[2026-06-18T15:03:15.871+0000] {processor.py:179} INFO - Processing /opt/airflow/dags/report_hourly_dag.py took 0.165 seconds
[2026-06-18T15:03:46.079+0000] {processor.py:157} INFO - Started process (PID=168) to work on /opt/airflow/dags/report_hourly_dag.py
[2026-06-18T15:03:46.081+0000] {processor.py:829} INFO - Processing file /opt/airflow/dags/report_hourly_dag.py for tasks to queue
[2026-06-18T15:03:46.082+0000] {logging_mixin.py:154} INFO - [2026-06-18T15:03:46.082+0000] {dagbag.py:536} INFO - Filling up the DagBag from /opt/airflow/dags/report_hourly_dag.py
[2026-06-18T15:03:46.092+0000] {processor.py:839} INFO - DAG(s) dict_keys(['report_hourly_dag']) retrieved from /opt/airflow/dags/report_hourly_dag.py
[2026-06-18T15:03:46.111+0000] {logging_mixin.py:154} INFO - [2026-06-18T15:03:46.111+0000] {dag.py:2941} INFO - Sync 1 DAGs
[2026-06-18T15:03:46.130+0000] {logging_mixin.py:154} INFO - [2026-06-18T15:03:46.130+0000] {dag.py:3722} INFO - Setting next_dagrun for report_hourly_dag to 2026-06-18T01:58:00+00:00, run_after=2026-06-18T01:59:00+00:00
[2026-06-18T15:03:46.146+0000] {processor.py:179} INFO - Processing /opt/airflow/dags/report_hourly_dag.py took 0.071 seconds
[2026-06-18T15:04:16.356+0000] {processor.py:157} INFO - Started process (PID=183) to work on /opt/airflow/dags/report_hourly_dag.py
[2026-06-18T15:04:16.359+0000] {processor.py:829} INFO - Processing file /opt/airflow/dags/report_hourly_dag.py for tasks to queue
[2026-06-18T15:04:16.360+0000] {logging_mixin.py:154} INFO - [2026-06-18T15:04:16.360+0000] {dagbag.py:536} INFO - Filling up the DagBag from /opt/airflow/dags/report_hourly_dag.py
[2026-06-18T15:04:16.372+0000] {processor.py:839} INFO - DAG(s) dict_keys(['report_hourly_dag']) retrieved from /opt/airflow/dags/report_hourly_dag.py
[2026-06-18T15:04:16.390+0000] {logging_mixin.py:154} INFO - [2026-06-18T15:04:16.390+0000] {dag.py:2941} INFO - Sync 1 DAGs
[2026-06-18T15:04:16.412+0000] {logging_mixin.py:154} INFO - [2026-06-18T15:04:16.412+0000] {dag.py:3722} INFO - Setting next_dagrun for report_hourly_dag to 2026-06-18T01:58:00+00:00, run_after=2026-06-18T01:59:00+00:00
[2026-06-18T15:04:16.427+0000] {processor.py:179} INFO - Processing /opt/airflow/dags/report_hourly_dag.py took 0.074 seconds
[2026-06-18T15:04:46.605+0000] {processor.py:157} INFO - Started process (PID=198) to work on /opt/airflow/dags/report_hourly_dag.py
[2026-06-18T15:04:46.605+0000] {processor.py:829} INFO - Processing file /opt/airflow/dags/report_hourly_dag.py for tasks to queue
[2026-06-18T15:04:46.606+0000] {logging_mixin.py:154} INFO - [2026-06-18T15:04:46.606+0000] {dagbag.py:536} INFO - Filling up the DagBag from /opt/airflow/dags/report_hourly_dag.py
[2026-06-18T15:04:46.616+0000] {processor.py:839} INFO - DAG(s) dict_keys(['report_hourly_dag']) retrieved from /opt/airflow/dags/report_hourly_dag.py
[2026-06-18T15:04:46.634+0000] {logging_mixin.py:154} INFO - [2026-06-18T15:04:46.634+0000] {dag.py:2941} INFO - Sync 1 DAGs
[2026-06-18T15:04:46.657+0000] {logging_mixin.py:154} INFO - [2026-06-18T15:04:46.657+0000] {dag.py:3722} INFO - Setting next_dagrun for report_hourly_dag to 2026-06-18T01:58:00+00:00, run_after=2026-06-18T01:59:00+00:00
[2026-06-18T15:04:46.670+0000] {processor.py:179} INFO - Processing /opt/airflow/dags/report_hourly_dag.py took 0.069 seconds
[2026-06-18T15:05:16.833+0000] {processor.py:157} INFO - Started process (PID=213) to work on /opt/airflow/dags/report_hourly_dag.py
[2026-06-18T15:05:16.834+0000] {processor.py:829} INFO - Processing file /opt/airflow/dags/report_hourly_dag.py for tasks to queue
[2026-06-18T15:05:16.834+0000] {logging_mixin.py:154} INFO - [2026-06-18T15:05:16.834+0000] {dagbag.py:536} INFO - Filling up the DagBag from /opt/airflow/dags/report_hourly_dag.py
[2026-06-18T15:05:16.844+0000] {processor.py:839} INFO - DAG(s) dict_keys(['report_hourly_dag']) retrieved from /opt/airflow/dags/report_hourly_dag.py
[2026-06-18T15:05:16.865+0000] {logging_mixin.py:154} INFO - [2026-06-18T15:05:16.864+0000] {dag.py:2941} INFO - Sync 1 DAGs
[2026-06-18T15:05:16.888+0000] {logging_mixin.py:154} INFO - [2026-06-18T15:05:16.888+0000] {dag.py:3722} INFO - Setting next_dagrun for report_hourly_dag to 2026-06-18T01:58:00+00:00, run_after=2026-06-18T01:59:00+00:00
[2026-06-18T15:05:16.910+0000] {processor.py:179} INFO - Processing /opt/airflow/dags/report_hourly_dag.py took 0.079 seconds
[2026-06-18T15:05:47.050+0000] {processor.py:157} INFO - Started process (PID=228) to work on /opt/airflow/dags/report_hourly_dag.py
[2026-06-18T15:05:47.051+0000] {processor.py:829} INFO - Processing file /opt/airflow/dags/report_hourly_dag.py for tasks to queue
[2026-06-18T15:05:47.052+0000] {logging_mixin.py:154} INFO - [2026-06-18T15:05:47.052+0000] {dagbag.py:536} INFO - Filling up the DagBag from /opt/airflow/dags/report_hourly_dag.py
[2026-06-18T15:05:47.064+0000] {processor.py:839} INFO - DAG(s) dict_keys(['report_hourly_dag']) retrieved from /opt/airflow/dags/report_hourly_dag.py
[2026-06-18T15:05:47.088+0000] {logging_mixin.py:154} INFO - [2026-06-18T15:05:47.088+0000] {dag.py:2941} INFO - Sync 1 DAGs
[2026-06-18T15:05:47.114+0000] {logging_mixin.py:154} INFO - [2026-06-18T15:05:47.114+0000] {dag.py:3722} INFO - Setting next_dagrun for report_hourly_dag to 2026-06-18T01:58:00+00:00, run_after=2026-06-18T01:59:00+00:00
[2026-06-18T15:05:47.133+0000] {processor.py:179} INFO - Processing /opt/airflow/dags/report_hourly_dag.py took 0.086 seconds
[2026-06-18T15:06:17.323+0000] {processor.py:157} INFO - Started process (PID=243) to work on /opt/airflow/dags/report_hourly_dag.py
[2026-06-18T15:06:17.327+0000] {processor.py:829} INFO - Processing file /opt/airflow/dags/report_hourly_dag.py for tasks to queue
[2026-06-18T15:06:17.328+0000] {logging_mixin.py:154} INFO - [2026-06-18T15:06:17.327+0000] {dagbag.py:536} INFO - Filling up the DagBag from /opt/airflow/dags/report_hourly_dag.py
[2026-06-18T15:06:17.337+0000] {processor.py:839} INFO - DAG(s) dict_keys(['report_hourly_dag']) retrieved from /opt/airflow/dags/report_hourly_dag.py
[2026-06-18T15:06:17.355+0000] {logging_mixin.py:154} INFO - [2026-06-18T15:06:17.355+0000] {dag.py:2941} INFO - Sync 1 DAGs
[2026-06-18T15:06:17.375+0000] {logging_mixin.py:154} INFO - [2026-06-18T15:06:17.375+0000] {dag.py:3722} INFO - Setting next_dagrun for report_hourly_dag to 2026-06-18T01:58:00+00:00, run_after=2026-06-18T01:59:00+00:00
[2026-06-18T15:06:17.392+0000] {processor.py:179} INFO - Processing /opt/airflow/dags/report_hourly_dag.py took 0.071 seconds
[2026-06-18T15:06:47.559+0000] {processor.py:157} INFO - Started process (PID=258) to work on /opt/airflow/dags/report_hourly_dag.py
[2026-06-18T15:06:47.560+0000] {processor.py:829} INFO - Processing file /opt/airflow/dags/report_hourly_dag.py for tasks to queue
[2026-06-18T15:06:47.561+0000] {logging_mixin.py:154} INFO - [2026-06-18T15:06:47.560+0000] {dagbag.py:536} INFO - Filling up the DagBag from /opt/airflow/dags/report_hourly_dag.py
[2026-06-18T15:06:47.571+0000] {processor.py:839} INFO - DAG(s) dict_keys(['report_hourly_dag']) retrieved from /opt/airflow/dags/report_hourly_dag.py
[2026-06-18T15:06:47.588+0000] {logging_mixin.py:154} INFO - [2026-06-18T15:06:47.588+0000] {dag.py:2941} INFO - Sync 1 DAGs
[2026-06-18T15:06:47.607+0000] {logging_mixin.py:154} INFO - [2026-06-18T15:06:47.607+0000] {dag.py:3722} INFO - Setting next_dagrun for report_hourly_dag to 2026-06-18T01:58:00+00:00, run_after=2026-06-18T01:59:00+00:00
[2026-06-18T15:06:47.622+0000] {processor.py:179} INFO - Processing /opt/airflow/dags/report_hourly_dag.py took 0.067 seconds
[2026-06-18T15:07:17.807+0000] {processor.py:157} INFO - Started process (PID=273) to work on /opt/airflow/dags/report_hourly_dag.py
[2026-06-18T15:07:17.811+0000] {processor.py:829} INFO - Processing file /opt/airflow/dags/report_hourly_dag.py for tasks to queue
[2026-06-18T15:07:17.811+0000] {logging_mixin.py:154} INFO - [2026-06-18T15:07:17.811+0000] {dagbag.py:536} INFO - Filling up the DagBag from /opt/airflow/dags/report_hourly_dag.py
[2026-06-18T15:07:17.821+0000] {processor.py:839} INFO - DAG(s) dict_keys(['report_hourly_dag']) retrieved from /opt/airflow/dags/report_hourly_dag.py
[2026-06-18T15:07:17.839+0000] {logging_mixin.py:154} INFO - [2026-06-18T15:07:17.839+0000] {dag.py:2941} INFO - Sync 1 DAGs
[2026-06-18T15:07:17.858+0000] {logging_mixin.py:154} INFO - [2026-06-18T15:07:17.858+0000] {dag.py:3722} INFO - Setting next_dagrun for report_hourly_dag to 2026-06-18T01:58:00+00:00, run_after=2026-06-18T01:59:00+00:00
[2026-06-18T15:07:17.872+0000] {processor.py:179} INFO - Processing /opt/airflow/dags/report_hourly_dag.py took 0.067 seconds
[2026-06-18T15:07:48.032+0000] {processor.py:157} INFO - Started process (PID=288) to work on /opt/airflow/dags/report_hourly_dag.py
[2026-06-18T15:07:48.033+0000] {processor.py:829} INFO - Processing file /opt/airflow/dags/report_hourly_dag.py for tasks to queue
[2026-06-18T15:07:48.033+0000] {logging_mixin.py:154} INFO - [2026-06-18T15:07:48.033+0000] {dagbag.py:536} INFO - Filling up the DagBag from /opt/airflow/dags/report_hourly_dag.py
[2026-06-18T15:07:48.042+0000] {processor.py:839} INFO - DAG(s) dict_keys(['report_hourly_dag']) retrieved from /opt/airflow/dags/report_hourly_dag.py
[2026-06-18T15:07:48.070+0000] {logging_mixin.py:154} INFO - [2026-06-18T15:07:48.069+0000] {dag.py:2941} INFO - Sync 1 DAGs
[2026-06-18T15:07:48.092+0000] {logging_mixin.py:154} INFO - [2026-06-18T15:07:48.091+0000] {dag.py:3722} INFO - Setting next_dagrun for report_hourly_dag to 2026-06-18T01:58:00+00:00, run_after=2026-06-18T01:59:00+00:00
[2026-06-18T15:07:48.110+0000] {processor.py:179} INFO - Processing /opt/airflow/dags/report_hourly_dag.py took 0.081 seconds
[2026-06-18T15:08:18.316+0000] {processor.py:157} INFO - Started process (PID=303) to work on /opt/airflow/dags/report_hourly_dag.py
[2026-06-18T15:08:18.317+0000] {processor.py:829} INFO - Processing file /opt/airflow/dags/report_hourly_dag.py for tasks to queue
[2026-06-18T15:08:18.318+0000] {logging_mixin.py:154} INFO - [2026-06-18T15:08:18.318+0000] {dagbag.py:536} INFO - Filling up the DagBag from /opt/airflow/dags/report_hourly_dag.py
[2026-06-18T15:08:18.332+0000] {processor.py:839} INFO - DAG(s) dict_keys(['report_hourly_dag']) retrieved from /opt/airflow/dags/report_hourly_dag.py
[2026-06-18T15:08:18.353+0000] {logging_mixin.py:154} INFO - [2026-06-18T15:08:18.352+0000] {dag.py:2941} INFO - Sync 1 DAGs
[2026-06-18T15:08:18.466+0000] {logging_mixin.py:154} INFO - [2026-06-18T15:08:18.466+0000] {dag.py:3722} INFO - Setting next_dagrun for report_hourly_dag to 2026-06-18T01:58:00+00:00, run_after=2026-06-18T01:59:00+00:00
[2026-06-18T15:08:18.483+0000] {processor.py:179} INFO - Processing /opt/airflow/dags/report_hourly_dag.py took 0.172 seconds
[2026-06-18T15:08:48.810+0000] {processor.py:157} INFO - Started process (PID=318) to work on /opt/airflow/dags/report_hourly_dag.py
[2026-06-18T15:08:48.811+0000] {processor.py:829} INFO - Processing file /opt/airflow/dags/report_hourly_dag.py for tasks to queue
[2026-06-18T15:08:48.812+0000] {logging_mixin.py:154} INFO - [2026-06-18T15:08:48.811+0000] {dagbag.py:536} INFO - Filling up the DagBag from /opt/airflow/dags/report_hourly_dag.py
[2026-06-18T15:08:48.821+0000] {processor.py:839} INFO - DAG(s) dict_keys(['report_hourly_dag']) retrieved from /opt/airflow/dags/report_hourly_dag.py
[2026-06-18T15:08:48.843+0000] {logging_mixin.py:154} INFO - [2026-06-18T15:08:48.843+0000] {dag.py:2941} INFO - Sync 1 DAGs
[2026-06-18T15:08:48.866+0000] {logging_mixin.py:154} INFO - [2026-06-18T15:08:48.866+0000] {dag.py:3722} INFO - Setting next_dagrun for report_hourly_dag to 2026-06-18T01:58:00+00:00, run_after=2026-06-18T01:59:00+00:00
[2026-06-18T15:08:48.883+0000] {processor.py:179} INFO - Processing /opt/airflow/dags/report_hourly_dag.py took 0.076 seconds
[2026-06-18T15:09:19.059+0000] {processor.py:157} INFO - Started process (PID=333) to work on /opt/airflow/dags/report_hourly_dag.py
[2026-06-18T15:09:19.062+0000] {processor.py:829} INFO - Processing file /opt/airflow/dags/report_hourly_dag.py for tasks to queue
[2026-06-18T15:09:19.063+0000] {logging_mixin.py:154} INFO - [2026-06-18T15:09:19.063+0000] {dagbag.py:536} INFO - Filling up the DagBag from /opt/airflow/dags/report_hourly_dag.py
[2026-06-18T15:09:19.076+0000] {processor.py:839} INFO - DAG(s) dict_keys(['report_hourly_dag']) retrieved from /opt/airflow/dags/report_hourly_dag.py
[2026-06-18T15:09:19.095+0000] {logging_mixin.py:154} INFO - [2026-06-18T15:09:19.095+0000] {dag.py:2941} INFO - Sync 1 DAGs
[2026-06-18T15:09:19.113+0000] {logging_mixin.py:154} INFO - [2026-06-18T15:09:19.113+0000] {dag.py:3722} INFO - Setting next_dagrun for report_hourly_dag to 2026-06-18T01:58:00+00:00, run_after=2026-06-18T01:59:00+00:00
[2026-06-18T15:09:19.128+0000] {processor.py:179} INFO - Processing /opt/airflow/dags/report_hourly_dag.py took 0.072 seconds
[2026-06-18T15:09:49.322+0000] {processor.py:157} INFO - Started process (PID=348) to work on /opt/airflow/dags/report_hourly_dag.py
[2026-06-18T15:09:49.323+0000] {processor.py:829} INFO - Processing file /opt/airflow/dags/report_hourly_dag.py for tasks to queue
[2026-06-18T15:09:49.324+0000] {logging_mixin.py:154} INFO - [2026-06-18T15:09:49.324+0000] {dagbag.py:536} INFO - Filling up the DagBag from /opt/airflow/dags/report_hourly_dag.py
[2026-06-18T15:09:49.338+0000] {processor.py:839} INFO - DAG(s) dict_keys(['report_hourly_dag']) retrieved from /opt/airflow/dags/report_hourly_dag.py
[2026-06-18T15:09:49.355+0000] {logging_mixin.py:154} INFO - [2026-06-18T15:09:49.355+0000] {dag.py:2941} INFO - Sync 1 DAGs
[2026-06-18T15:09:49.373+0000] {logging_mixin.py:154} INFO - [2026-06-18T15:09:49.373+0000] {dag.py:3722} INFO - Setting next_dagrun for report_hourly_dag to 2026-06-18T01:58:00+00:00, run_after=2026-06-18T01:59:00+00:00
[2026-06-18T15:09:49.388+0000] {processor.py:179} INFO - Processing /opt/airflow/dags/report_hourly_dag.py took 0.071 seconds
[2026-06-18T15:10:19.584+0000] {processor.py:157} INFO - Started process (PID=363) to work on /opt/airflow/dags/report_hourly_dag.py
[2026-06-18T15:10:19.585+0000] {processor.py:829} INFO - Processing file /opt/airflow/dags/report_hourly_dag.py for tasks to queue
[2026-06-18T15:10:19.586+0000] {logging_mixin.py:154} INFO - [2026-06-18T15:10:19.585+0000] {dagbag.py:536} INFO - Filling up the DagBag from /opt/airflow/dags/report_hourly_dag.py
[2026-06-18T15:10:19.596+0000] {processor.py:839} INFO - DAG(s) dict_keys(['report_hourly_dag']) retrieved from /opt/airflow/dags/report_hourly_dag.py
[2026-06-18T15:10:19.613+0000] {logging_mixin.py:154} INFO - [2026-06-18T15:10:19.613+0000] {dag.py:2941} INFO - Sync 1 DAGs
[2026-06-18T15:10:19.631+0000] {logging_mixin.py:154} INFO - [2026-06-18T15:10:19.631+0000] {dag.py:3722} INFO - Setting next_dagrun for report_hourly_dag to 2026-06-18T01:58:00+00:00, run_after=2026-06-18T01:59:00+00:00
[2026-06-18T15:10:19.646+0000] {processor.py:179} INFO - Processing /opt/airflow/dags/report_hourly_dag.py took 0.064 seconds
[2026-06-18T15:10:49.833+0000] {processor.py:157} INFO - Started process (PID=378) to work on /opt/airflow/dags/report_hourly_dag.py
[2026-06-18T15:10:49.834+0000] {processor.py:829} INFO - Processing file /opt/airflow/dags/report_hourly_dag.py for tasks to queue
[2026-06-18T15:10:49.834+0000] {logging_mixin.py:154} INFO - [2026-06-18T15:10:49.834+0000] {dagbag.py:536} INFO - Filling up the DagBag from /opt/airflow/dags/report_hourly_dag.py
[2026-06-18T15:10:49.845+0000] {processor.py:839} INFO - DAG(s) dict_keys(['report_hourly_dag']) retrieved from /opt/airflow/dags/report_hourly_dag.py
[2026-06-18T15:10:49.864+0000] {logging_mixin.py:154} INFO - [2026-06-18T15:10:49.864+0000] {dag.py:2941} INFO - Sync 1 DAGs
[2026-06-18T15:10:49.885+0000] {logging_mixin.py:154} INFO - [2026-06-18T15:10:49.885+0000] {dag.py:3722} INFO - Setting next_dagrun for report_hourly_dag to 2026-06-18T01:58:00+00:00, run_after=2026-06-18T01:59:00+00:00
[2026-06-18T15:10:49.900+0000] {processor.py:179} INFO - Processing /opt/airflow/dags/report_hourly_dag.py took 0.071 seconds
[2026-06-18T15:11:20.048+0000] {processor.py:157} INFO - Started process (PID=393) to work on /opt/airflow/dags/report_hourly_dag.py
[2026-06-18T15:11:20.051+0000] {processor.py:829} INFO - Processing file /opt/airflow/dags/report_hourly_dag.py for tasks to queue
[2026-06-18T15:11:20.052+0000] {logging_mixin.py:154} INFO - [2026-06-18T15:11:20.051+0000] {dagbag.py:536} INFO - Filling up the DagBag from /opt/airflow/dags/report_hourly_dag.py
[2026-06-18T15:11:20.063+0000] {processor.py:839} INFO - DAG(s) dict_keys(['report_hourly_dag']) retrieved from /opt/airflow/dags/report_hourly_dag.py
[2026-06-18T15:11:20.082+0000] {logging_mixin.py:154} INFO - [2026-06-18T15:11:20.082+0000] {dag.py:2941} INFO - Sync 1 DAGs
[2026-06-18T15:11:20.103+0000] {logging_mixin.py:154} INFO - [2026-06-18T15:11:20.102+0000] {dag.py:3722} INFO - Setting next_dagrun for report_hourly_dag to 2026-06-18T01:58:00+00:00, run_after=2026-06-18T01:59:00+00:00
[2026-06-18T15:11:20.126+0000] {processor.py:179} INFO - Processing /opt/airflow/dags/report_hourly_dag.py took 0.081 seconds
[2026-06-18T15:11:50.275+0000] {processor.py:157} INFO - Started process (PID=408) to work on /opt/airflow/dags/report_hourly_dag.py
[2026-06-18T15:11:50.275+0000] {processor.py:829} INFO - Processing file /opt/airflow/dags/report_hourly_dag.py for tasks to queue
[2026-06-18T15:11:50.276+0000] {logging_mixin.py:154} INFO - [2026-06-18T15:11:50.276+0000] {dagbag.py:536} INFO - Filling up the DagBag from /opt/airflow/dags/report_hourly_dag.py
[2026-06-18T15:11:50.287+0000] {processor.py:839} INFO - DAG(s) dict_keys(['report_hourly_dag']) retrieved from /opt/airflow/dags/report_hourly_dag.py
[2026-06-18T15:11:50.314+0000] {logging_mixin.py:154} INFO - [2026-06-18T15:11:50.314+0000] {dag.py:2941} INFO - Sync 1 DAGs
[2026-06-18T15:11:50.341+0000] {logging_mixin.py:154} INFO - [2026-06-18T15:11:50.341+0000] {dag.py:3722} INFO - Setting next_dagrun for report_hourly_dag to 2026-06-18T01:58:00+00:00, run_after=2026-06-18T01:59:00+00:00
[2026-06-18T15:11:50.361+0000] {processor.py:179} INFO - Processing /opt/airflow/dags/report_hourly_dag.py took 0.088 seconds
[2026-06-18T15:12:20.518+0000] {processor.py:157} INFO - Started process (PID=423) to work on /opt/airflow/dags/report_hourly_dag.py
[2026-06-18T15:12:20.522+0000] {processor.py:829} INFO - Processing file /opt/airflow/dags/report_hourly_dag.py for tasks to queue
[2026-06-18T15:12:20.523+0000] {logging_mixin.py:154} INFO - [2026-06-18T15:12:20.523+0000] {dagbag.py:536} INFO - Filling up the DagBag from /opt/airflow/dags/report_hourly_dag.py
[2026-06-18T15:12:20.531+0000] {processor.py:839} INFO - DAG(s) dict_keys(['report_hourly_dag']) retrieved from /opt/airflow/dags/report_hourly_dag.py
[2026-06-18T15:12:20.554+0000] {logging_mixin.py:154} INFO - [2026-06-18T15:12:20.553+0000] {dag.py:2941} INFO - Sync 1 DAGs
[2026-06-18T15:12:20.579+0000] {logging_mixin.py:154} INFO - [2026-06-18T15:12:20.579+0000] {dag.py:3722} INFO - Setting next_dagrun for report_hourly_dag to 2026-06-18T01:58:00+00:00, run_after=2026-06-18T01:59:00+00:00
[2026-06-18T15:12:20.596+0000] {processor.py:179} INFO - Processing /opt/airflow/dags/report_hourly_dag.py took 0.081 seconds
[2026-06-18T15:12:50.756+0000] {processor.py:157} INFO - Started process (PID=438) to work on /opt/airflow/dags/report_hourly_dag.py
[2026-06-18T15:12:50.757+0000] {processor.py:829} INFO - Processing file /opt/airflow/dags/report_hourly_dag.py for tasks to queue
[2026-06-18T15:12:50.758+0000] {logging_mixin.py:154} INFO - [2026-06-18T15:12:50.758+0000] {dagbag.py:536} INFO - Filling up the DagBag from /opt/airflow/dags/report_hourly_dag.py
[2026-06-18T15:12:50.774+0000] {processor.py:839} INFO - DAG(s) dict_keys(['report_hourly_dag']) retrieved from /opt/airflow/dags/report_hourly_dag.py
[2026-06-18T15:12:50.803+0000] {logging_mixin.py:154} INFO - [2026-06-18T15:12:50.803+0000] {dag.py:2941} INFO - Sync 1 DAGs
[2026-06-18T15:12:50.839+0000] {logging_mixin.py:154} INFO - [2026-06-18T15:12:50.839+0000] {dag.py:3722} INFO - Setting next_dagrun for report_hourly_dag to 2026-06-18T01:58:00+00:00, run_after=2026-06-18T01:59:00+00:00
[2026-06-18T15:12:50.866+0000] {processor.py:179} INFO - Processing /opt/airflow/dags/report_hourly_dag.py took 0.116 seconds
[2026-06-18T15:13:21.019+0000] {processor.py:157} INFO - Started process (PID=453) to work on /opt/airflow/dags/report_hourly_dag.py
[2026-06-18T15:13:21.023+0000] {processor.py:829} INFO - Processing file /opt/airflow/dags/report_hourly_dag.py for tasks to queue
[2026-06-18T15:13:21.024+0000] {logging_mixin.py:154} INFO - [2026-06-18T15:13:21.024+0000] {dagbag.py:536} INFO - Filling up the DagBag from /opt/airflow/dags/report_hourly_dag.py
[2026-06-18T15:13:21.034+0000] {processor.py:839} INFO - DAG(s) dict_keys(['report_hourly_dag']) retrieved from /opt/airflow/dags/report_hourly_dag.py
[2026-06-18T15:13:21.051+0000] {logging_mixin.py:154} INFO - [2026-06-18T15:13:21.051+0000] {dag.py:2941} INFO - Sync 1 DAGs
[2026-06-18T15:13:21.070+0000] {logging_mixin.py:154} INFO - [2026-06-18T15:13:21.070+0000] {dag.py:3722} INFO - Setting next_dagrun for report_hourly_dag to 2026-06-18T01:58:00+00:00, run_after=2026-06-18T01:59:00+00:00
[2026-06-18T15:13:21.087+0000] {processor.py:179} INFO - Processing /opt/airflow/dags/report_hourly_dag.py took 0.071 seconds
[2026-06-18T15:13:51.244+0000] {processor.py:157} INFO - Started process (PID=468) to work on /opt/airflow/dags/report_hourly_dag.py
[2026-06-18T15:13:51.245+0000] {processor.py:829} INFO - Processing file /opt/airflow/dags/report_hourly_dag.py for tasks to queue
[2026-06-18T15:13:51.246+0000] {logging_mixin.py:154} INFO - [2026-06-18T15:13:51.246+0000] {dagbag.py:536} INFO - Filling up the DagBag from /opt/airflow/dags/report_hourly_dag.py
[2026-06-18T15:13:51.258+0000] {processor.py:839} INFO - DAG(s) dict_keys(['report_hourly_dag']) retrieved from /opt/airflow/dags/report_hourly_dag.py
[2026-06-18T15:13:51.277+0000] {logging_mixin.py:154} INFO - [2026-06-18T15:13:51.277+0000] {dag.py:2941} INFO - Sync 1 DAGs
[2026-06-18T15:13:51.298+0000] {logging_mixin.py:154} INFO - [2026-06-18T15:13:51.297+0000] {dag.py:3722} INFO - Setting next_dagrun for report_hourly_dag to 2026-06-18T01:58:00+00:00, run_after=2026-06-18T01:59:00+00:00
[2026-06-18T15:13:51.314+0000] {processor.py:179} INFO - Processing /opt/airflow/dags/report_hourly_dag.py took 0.073 seconds
[2026-06-18T15:14:21.498+0000] {processor.py:157} INFO - Started process (PID=483) to work on /opt/airflow/dags/report_hourly_dag.py
[2026-06-18T15:14:21.500+0000] {processor.py:829} INFO - Processing file /opt/airflow/dags/report_hourly_dag.py for tasks to queue
[2026-06-18T15:14:21.501+0000] {logging_mixin.py:154} INFO - [2026-06-18T15:14:21.500+0000] {dagbag.py:536} INFO - Filling up the DagBag from /opt/airflow/dags/report_hourly_dag.py
[2026-06-18T15:14:21.510+0000] {processor.py:839} INFO - DAG(s) dict_keys(['report_hourly_dag']) retrieved from /opt/airflow/dags/report_hourly_dag.py
[2026-06-18T15:14:21.527+0000] {logging_mixin.py:154} INFO - [2026-06-18T15:14:21.526+0000] {dag.py:2941} INFO - Sync 1 DAGs
[2026-06-18T15:14:21.549+0000] {logging_mixin.py:154} INFO - [2026-06-18T15:14:21.548+0000] {dag.py:3722} INFO - Setting next_dagrun for report_hourly_dag to 2026-06-18T01:58:00+00:00, run_after=2026-06-18T01:59:00+00:00
[2026-06-18T15:14:21.565+0000] {processor.py:179} INFO - Processing /opt/airflow/dags/report_hourly_dag.py took 0.071 seconds
[2026-06-18T15:14:51.703+0000] {processor.py:157} INFO - Started process (PID=498) to work on /opt/airflow/dags/report_hourly_dag.py
[2026-06-18T15:14:51.704+0000] {processor.py:829} INFO - Processing file /opt/airflow/dags/report_hourly_dag.py for tasks to queue
[2026-06-18T15:14:51.705+0000] {logging_mixin.py:154} INFO - [2026-06-18T15:14:51.705+0000] {dagbag.py:536} INFO - Filling up the DagBag from /opt/airflow/dags/report_hourly_dag.py
[2026-06-18T15:14:51.717+0000] {processor.py:839} INFO - DAG(s) dict_keys(['report_hourly_dag']) retrieved from /opt/airflow/dags/report_hourly_dag.py
[2026-06-18T15:14:51.736+0000] {logging_mixin.py:154} INFO - [2026-06-18T15:14:51.736+0000] {dag.py:2941} INFO - Sync 1 DAGs
[2026-06-18T15:14:51.762+0000] {logging_mixin.py:154} INFO - [2026-06-18T15:14:51.762+0000] {dag.py:3722} INFO - Setting next_dagrun for report_hourly_dag to 2026-06-18T01:58:00+00:00, run_after=2026-06-18T01:59:00+00:00
[2026-06-18T15:14:51.782+0000] {processor.py:179} INFO - Processing /opt/airflow/dags/report_hourly_dag.py took 0.082 seconds
[2026-06-18T15:15:21.906+0000] {processor.py:157} INFO - Started process (PID=513) to work on /opt/airflow/dags/report_hourly_dag.py
[2026-06-18T15:15:21.907+0000] {processor.py:829} INFO - Processing file /opt/airflow/dags/report_hourly_dag.py for tasks to queue
[2026-06-18T15:15:21.908+0000] {logging_mixin.py:154} INFO - [2026-06-18T15:15:21.907+0000] {dagbag.py:536} INFO - Filling up the DagBag from /opt/airflow/dags/report_hourly_dag.py
[2026-06-18T15:15:21.919+0000] {processor.py:839} INFO - DAG(s) dict_keys(['report_hourly_dag']) retrieved from /opt/airflow/dags/report_hourly_dag.py
[2026-06-18T15:15:21.940+0000] {logging_mixin.py:154} INFO - [2026-06-18T15:15:21.939+0000] {dag.py:2941} INFO - Sync 1 DAGs
[2026-06-18T15:15:21.961+0000] {logging_mixin.py:154} INFO - [2026-06-18T15:15:21.960+0000] {dag.py:3722} INFO - Setting next_dagrun for report_hourly_dag to 2026-06-18T01:58:00+00:00, run_after=2026-06-18T01:59:00+00:00
[2026-06-18T15:15:21.978+0000] {processor.py:179} INFO - Processing /opt/airflow/dags/report_hourly_dag.py took 0.075 seconds
[2026-06-18T15:15:52.128+0000] {processor.py:157} INFO - Started process (PID=528) to work on /opt/airflow/dags/report_hourly_dag.py
[2026-06-18T15:15:52.128+0000] {processor.py:829} INFO - Processing file /opt/airflow/dags/report_hourly_dag.py for tasks to queue
[2026-06-18T15:15:52.129+0000] {logging_mixin.py:154} INFO - [2026-06-18T15:15:52.128+0000] {dagbag.py:536} INFO - Filling up the DagBag from /opt/airflow/dags/report_hourly_dag.py
[2026-06-18T15:15:52.136+0000] {processor.py:839} INFO - DAG(s) dict_keys(['report_hourly_dag']) retrieved from /opt/airflow/dags/report_hourly_dag.py
[2026-06-18T15:15:52.156+0000] {logging_mixin.py:154} INFO - [2026-06-18T15:15:52.156+0000] {dag.py:2941} INFO - Sync 1 DAGs
[2026-06-18T15:15:52.179+0000] {logging_mixin.py:154} INFO - [2026-06-18T15:15:52.179+0000] {dag.py:3722} INFO - Setting next_dagrun for report_hourly_dag to 2026-06-18T01:58:00+00:00, run_after=2026-06-18T01:59:00+00:00
[2026-06-18T15:15:52.193+0000] {processor.py:179} INFO - Processing /opt/airflow/dags/report_hourly_dag.py took 0.069 seconds
[2026-06-18T15:16:22.340+0000] {processor.py:157} INFO - Started process (PID=543) to work on /opt/airflow/dags/report_hourly_dag.py
[2026-06-18T15:16:22.342+0000] {processor.py:829} INFO - Processing file /opt/airflow/dags/report_hourly_dag.py for tasks to queue
[2026-06-18T15:16:22.343+0000] {logging_mixin.py:154} INFO - [2026-06-18T15:16:22.343+0000] {dagbag.py:536} INFO - Filling up the DagBag from /opt/airflow/dags/report_hourly_dag.py
[2026-06-18T15:16:22.353+0000] {processor.py:839} INFO - DAG(s) dict_keys(['report_hourly_dag']) retrieved from /opt/airflow/dags/report_hourly_dag.py
[2026-06-18T15:16:22.371+0000] {logging_mixin.py:154} INFO - [2026-06-18T15:16:22.371+0000] {dag.py:2941} INFO - Sync 1 DAGs
[2026-06-18T15:16:22.390+0000] {logging_mixin.py:154} INFO - [2026-06-18T15:16:22.390+0000] {dag.py:3722} INFO - Setting next_dagrun for report_hourly_dag to 2026-06-18T01:58:00+00:00, run_after=2026-06-18T01:59:00+00:00
[2026-06-18T15:16:22.403+0000] {processor.py:179} INFO - Processing /opt/airflow/dags/report_hourly_dag.py took 0.066 seconds
[2026-06-18T15:16:52.528+0000] {processor.py:157} INFO - Started process (PID=558) to work on /opt/airflow/dags/report_hourly_dag.py
[2026-06-18T15:16:52.529+0000] {processor.py:829} INFO - Processing file /opt/airflow/dags/report_hourly_dag.py for tasks to queue
[2026-06-18T15:16:52.530+0000] {logging_mixin.py:154} INFO - [2026-06-18T15:16:52.529+0000] {dagbag.py:536} INFO - Filling up the DagBag from /opt/airflow/dags/report_hourly_dag.py
[2026-06-18T15:16:52.542+0000] {processor.py:839} INFO - DAG(s) dict_keys(['report_hourly_dag']) retrieved from /opt/airflow/dags/report_hourly_dag.py
[2026-06-18T15:16:52.565+0000] {logging_mixin.py:154} INFO - [2026-06-18T15:16:52.565+0000] {dag.py:2941} INFO - Sync 1 DAGs
[2026-06-18T15:16:52.594+0000] {logging_mixin.py:154} INFO - [2026-06-18T15:16:52.594+0000] {dag.py:3722} INFO - Setting next_dagrun for report_hourly_dag to 2026-06-18T01:58:00+00:00, run_after=2026-06-18T01:59:00+00:00
[2026-06-18T15:16:52.612+0000] {processor.py:179} INFO - Processing /opt/airflow/dags/report_hourly_dag.py took 0.087 seconds
[2026-06-18T15:17:22.753+0000] {processor.py:157} INFO - Started process (PID=573) to work on /opt/airflow/dags/report_hourly_dag.py
[2026-06-18T15:17:22.757+0000] {processor.py:829} INFO - Processing file /opt/airflow/dags/report_hourly_dag.py for tasks to queue
[2026-06-18T15:17:22.758+0000] {logging_mixin.py:154} INFO - [2026-06-18T15:17:22.758+0000] {dagbag.py:536} INFO - Filling up the DagBag from /opt/airflow/dags/report_hourly_dag.py
[2026-06-18T15:17:22.771+0000] {processor.py:839} INFO - DAG(s) dict_keys(['report_hourly_dag']) retrieved from /opt/airflow/dags/report_hourly_dag.py
[2026-06-18T15:17:22.794+0000] {logging_mixin.py:154} INFO - [2026-06-18T15:17:22.794+0000] {dag.py:2941} INFO - Sync 1 DAGs
[2026-06-18T15:17:22.817+0000] {logging_mixin.py:154} INFO - [2026-06-18T15:17:22.817+0000] {dag.py:3722} INFO - Setting next_dagrun for report_hourly_dag to 2026-06-18T01:58:00+00:00, run_after=2026-06-18T01:59:00+00:00
[2026-06-18T15:17:22.845+0000] {processor.py:179} INFO - Processing /opt/airflow/dags/report_hourly_dag.py took 0.094 seconds
[2026-06-18T15:17:53.005+0000] {processor.py:157} INFO - Started process (PID=588) to work on /opt/airflow/dags/report_hourly_dag.py
[2026-06-18T15:17:53.006+0000] {processor.py:829} INFO - Processing file /opt/airflow/dags/report_hourly_dag.py for tasks to queue
[2026-06-18T15:17:53.006+0000] {logging_mixin.py:154} INFO - [2026-06-18T15:17:53.006+0000] {dagbag.py:536} INFO - Filling up the DagBag from /opt/airflow/dags/report_hourly_dag.py
[2026-06-18T15:17:53.016+0000] {processor.py:839} INFO - DAG(s) dict_keys(['report_hourly_dag']) retrieved from /opt/airflow/dags/report_hourly_dag.py
[2026-06-18T15:17:53.034+0000] {logging_mixin.py:154} INFO - [2026-06-18T15:17:53.033+0000] {dag.py:2941} INFO - Sync 1 DAGs
[2026-06-18T15:17:53.052+0000] {logging_mixin.py:154} INFO - [2026-06-18T15:17:53.052+0000] {dag.py:3722} INFO - Setting next_dagrun for report_hourly_dag to 2026-06-18T01:58:00+00:00, run_after=2026-06-18T01:59:00+00:00
[2026-06-18T15:17:53.066+0000] {processor.py:179} INFO - Processing /opt/airflow/dags/report_hourly_dag.py took 0.065 seconds
[2026-06-18T15:18:23.238+0000] {processor.py:157} INFO - Started process (PID=603) to work on /opt/airflow/dags/report_hourly_dag.py
[2026-06-18T15:18:23.239+0000] {processor.py:829} INFO - Processing file /opt/airflow/dags/report_hourly_dag.py for tasks to queue
[2026-06-18T15:18:23.241+0000] {logging_mixin.py:154} INFO - [2026-06-18T15:18:23.240+0000] {dagbag.py:536} INFO - Filling up the DagBag from /opt/airflow/dags/report_hourly_dag.py
[2026-06-18T15:18:23.255+0000] {processor.py:839} INFO - DAG(s) dict_keys(['report_hourly_dag']) retrieved from /opt/airflow/dags/report_hourly_dag.py
[2026-06-18T15:18:23.273+0000] {logging_mixin.py:154} INFO - [2026-06-18T15:18:23.273+0000] {dag.py:2941} INFO - Sync 1 DAGs
[2026-06-18T15:18:23.293+0000] {logging_mixin.py:154} INFO - [2026-06-18T15:18:23.293+0000] {dag.py:3722} INFO - Setting next_dagrun for report_hourly_dag to 2026-06-18T01:58:00+00:00, run_after=2026-06-18T01:59:00+00:00
[2026-06-18T15:18:23.310+0000] {processor.py:179} INFO - Processing /opt/airflow/dags/report_hourly_dag.py took 0.078 seconds
[2026-06-18T15:18:53.462+0000] {processor.py:157} INFO - Started process (PID=618) to work on /opt/airflow/dags/report_hourly_dag.py
[2026-06-18T15:18:53.462+0000] {processor.py:829} INFO - Processing file /opt/airflow/dags/report_hourly_dag.py for tasks to queue
[2026-06-18T15:18:53.463+0000] {logging_mixin.py:154} INFO - [2026-06-18T15:18:53.462+0000] {dagbag.py:536} INFO - Filling up the DagBag from /opt/airflow/dags/report_hourly_dag.py
[2026-06-18T15:18:53.472+0000] {processor.py:839} INFO - DAG(s) dict_keys(['report_hourly_dag']) retrieved from /opt/airflow/dags/report_hourly_dag.py
[2026-06-18T15:18:53.493+0000] {logging_mixin.py:154} INFO - [2026-06-18T15:18:53.493+0000] {dag.py:2941} INFO - Sync 1 DAGs
[2026-06-18T15:18:53.513+0000] {logging_mixin.py:154} INFO - [2026-06-18T15:18:53.513+0000] {dag.py:3722} INFO - Setting next_dagrun for report_hourly_dag to 2026-06-18T01:58:00+00:00, run_after=2026-06-18T01:59:00+00:00
[2026-06-18T15:18:53.532+0000] {processor.py:179} INFO - Processing /opt/airflow/dags/report_hourly_dag.py took 0.074 seconds
[2026-06-18T15:19:23.759+0000] {processor.py:157} INFO - Started process (PID=633) to work on /opt/airflow/dags/report_hourly_dag.py
[2026-06-18T15:19:23.760+0000] {processor.py:829} INFO - Processing file /opt/airflow/dags/report_hourly_dag.py for tasks to queue
[2026-06-18T15:19:23.762+0000] {logging_mixin.py:154} INFO - [2026-06-18T15:19:23.761+0000] {dagbag.py:536} INFO - Filling up the DagBag from /opt/airflow/dags/report_hourly_dag.py
[2026-06-18T15:19:23.781+0000] {processor.py:839} INFO - DAG(s) dict_keys(['report_hourly_dag']) retrieved from /opt/airflow/dags/report_hourly_dag.py
[2026-06-18T15:19:23.807+0000] {logging_mixin.py:154} INFO - [2026-06-18T15:19:23.806+0000] {dag.py:2941} INFO - Sync 1 DAGs
[2026-06-18T15:19:23.829+0000] {logging_mixin.py:154} INFO - [2026-06-18T15:19:23.828+0000] {dag.py:3722} INFO - Setting next_dagrun for report_hourly_dag to 2026-06-18T01:58:00+00:00, run_after=2026-06-18T01:59:00+00:00
[2026-06-18T15:19:23.845+0000] {processor.py:179} INFO - Processing /opt/airflow/dags/report_hourly_dag.py took 0.095 seconds
[2026-06-18T15:19:53.968+0000] {processor.py:157} INFO - Started process (PID=648) to work on /opt/airflow/dags/report_hourly_dag.py
[2026-06-18T15:19:53.969+0000] {processor.py:829} INFO - Processing file /opt/airflow/dags/report_hourly_dag.py for tasks to queue
[2026-06-18T15:19:53.969+0000] {logging_mixin.py:154} INFO - [2026-06-18T15:19:53.969+0000] {dagbag.py:536} INFO - Filling up the DagBag from /opt/airflow/dags/report_hourly_dag.py
[2026-06-18T15:19:53.978+0000] {processor.py:839} INFO - DAG(s) dict_keys(['report_hourly_dag']) retrieved from /opt/airflow/dags/report_hourly_dag.py
[2026-06-18T15:19:53.999+0000] {logging_mixin.py:154} INFO - [2026-06-18T15:19:53.998+0000] {dag.py:2941} INFO - Sync 1 DAGs
[2026-06-18T15:19:54.026+0000] {logging_mixin.py:154} INFO - [2026-06-18T15:19:54.026+0000] {dag.py:3722} INFO - Setting next_dagrun for report_hourly_dag to 2026-06-18T01:58:00+00:00, run_after=2026-06-18T01:59:00+00:00
[2026-06-18T15:19:54.045+0000] {processor.py:179} INFO - Processing /opt/airflow/dags/report_hourly_dag.py took 0.079 seconds
[2026-06-18T15:20:24.198+0000] {processor.py:157} INFO - Started process (PID=663) to work on /opt/airflow/dags/report_hourly_dag.py
[2026-06-18T15:20:24.200+0000] {processor.py:829} INFO - Processing file /opt/airflow/dags/report_hourly_dag.py for tasks to queue
[2026-06-18T15:20:24.201+0000] {logging_mixin.py:154} INFO - [2026-06-18T15:20:24.201+0000] {dagbag.py:536} INFO - Filling up the DagBag from /opt/airflow/dags/report_hourly_dag.py
[2026-06-18T15:20:24.210+0000] {processor.py:839} INFO - DAG(s) dict_keys(['report_hourly_dag']) retrieved from /opt/airflow/dags/report_hourly_dag.py
[2026-06-18T15:20:24.235+0000] {logging_mixin.py:154} INFO - [2026-06-18T15:20:24.235+0000] {dag.py:2941} INFO - Sync 1 DAGs
[2026-06-18T15:20:24.256+0000] {logging_mixin.py:154} INFO - [2026-06-18T15:20:24.256+0000] {dag.py:3722} INFO - Setting next_dagrun for report_hourly_dag to 2026-06-18T01:58:00+00:00, run_after=2026-06-18T01:59:00+00:00
[2026-06-18T15:20:24.276+0000] {processor.py:179} INFO - Processing /opt/airflow/dags/report_hourly_dag.py took 0.081 seconds
[2026-06-18T15:21:16.030+0000] {processor.py:157} INFO - Started process (PID=153) to work on /opt/airflow/dags/report_hourly_dag.py
[2026-06-18T15:21:16.031+0000] {processor.py:829} INFO - Processing file /opt/airflow/dags/report_hourly_dag.py for tasks to queue
[2026-06-18T15:21:16.031+0000] {logging_mixin.py:154} INFO - [2026-06-18T15:21:16.031+0000] {dagbag.py:536} INFO - Filling up the DagBag from /opt/airflow/dags/report_hourly_dag.py
[2026-06-18T15:21:16.041+0000] {processor.py:839} INFO - DAG(s) dict_keys(['report_hourly_dag']) retrieved from /opt/airflow/dags/report_hourly_dag.py
[2026-06-18T15:21:16.135+0000] {logging_mixin.py:154} INFO - [2026-06-18T15:21:16.135+0000] {manager.py:499} INFO - Created Permission View: %s
[2026-06-18T15:21:16.143+0000] {logging_mixin.py:154} INFO - [2026-06-18T15:21:16.143+0000] {manager.py:499} INFO - Created Permission View: %s
[2026-06-18T15:21:16.150+0000] {logging_mixin.py:154} INFO - [2026-06-18T15:21:16.150+0000] {manager.py:499} INFO - Created Permission View: %s
[2026-06-18T15:21:16.150+0000] {logging_mixin.py:154} INFO - [2026-06-18T15:21:16.150+0000] {dag.py:2941} INFO - Sync 1 DAGs
[2026-06-18T15:21:16.163+0000] {logging_mixin.py:154} INFO - [2026-06-18T15:21:16.163+0000] {dag.py:2963} INFO - Creating ORM DAG for report_hourly_dag
[2026-06-18T15:21:16.180+0000] {logging_mixin.py:154} INFO - [2026-06-18T15:21:16.179+0000] {dag.py:3722} INFO - Setting next_dagrun for report_hourly_dag to 2026-06-18T01:58:00+00:00, run_after=2026-06-18T01:59:00+00:00
[2026-06-18T15:21:16.194+0000] {processor.py:179} INFO - Processing /opt/airflow/dags/report_hourly_dag.py took 0.168 seconds
[2026-06-18T15:21:46.382+0000] {processor.py:157} INFO - Started process (PID=168) to work on /opt/airflow/dags/report_hourly_dag.py
[2026-06-18T15:21:46.385+0000] {processor.py:829} INFO - Processing file /opt/airflow/dags/report_hourly_dag.py for tasks to queue
[2026-06-18T15:21:46.386+0000] {logging_mixin.py:154} INFO - [2026-06-18T15:21:46.385+0000] {dagbag.py:536} INFO - Filling up the DagBag from /opt/airflow/dags/report_hourly_dag.py
[2026-06-18T15:21:46.395+0000] {processor.py:839} INFO - DAG(s) dict_keys(['report_hourly_dag']) retrieved from /opt/airflow/dags/report_hourly_dag.py
[2026-06-18T15:21:46.415+0000] {logging_mixin.py:154} INFO - [2026-06-18T15:21:46.414+0000] {dag.py:2941} INFO - Sync 1 DAGs
[2026-06-18T15:21:46.433+0000] {logging_mixin.py:154} INFO - [2026-06-18T15:21:46.433+0000] {dag.py:3722} INFO - Setting next_dagrun for report_hourly_dag to 2026-06-18T01:58:00+00:00, run_after=2026-06-18T01:59:00+00:00
[2026-06-18T15:21:46.450+0000] {processor.py:179} INFO - Processing /opt/airflow/dags/report_hourly_dag.py took 0.072 seconds
[2026-06-18T15:22:16.628+0000] {processor.py:157} INFO - Started process (PID=183) to work on /opt/airflow/dags/report_hourly_dag.py
[2026-06-18T15:22:16.631+0000] {processor.py:829} INFO - Processing file /opt/airflow/dags/report_hourly_dag.py for tasks to queue
[2026-06-18T15:22:16.632+0000] {logging_mixin.py:154} INFO - [2026-06-18T15:22:16.632+0000] {dagbag.py:536} INFO - Filling up the DagBag from /opt/airflow/dags/report_hourly_dag.py
[2026-06-18T15:22:16.640+0000] {processor.py:839} INFO - DAG(s) dict_keys(['report_hourly_dag']) retrieved from /opt/airflow/dags/report_hourly_dag.py
[2026-06-18T15:22:16.656+0000] {logging_mixin.py:154} INFO - [2026-06-18T15:22:16.656+0000] {dag.py:2941} INFO - Sync 1 DAGs
[2026-06-18T15:22:16.676+0000] {logging_mixin.py:154} INFO - [2026-06-18T15:22:16.676+0000] {dag.py:3722} INFO - Setting next_dagrun for report_hourly_dag to 2026-06-18T01:58:00+00:00, run_after=2026-06-18T01:59:00+00:00
[2026-06-18T15:22:16.689+0000] {processor.py:179} INFO - Processing /opt/airflow/dags/report_hourly_dag.py took 0.064 seconds
[2026-06-18T15:22:46.851+0000] {processor.py:157} INFO - Started process (PID=198) to work on /opt/airflow/dags/report_hourly_dag.py
[2026-06-18T15:22:46.852+0000] {processor.py:829} INFO - Processing file /opt/airflow/dags/report_hourly_dag.py for tasks to queue
[2026-06-18T15:22:46.852+0000] {logging_mixin.py:154} INFO - [2026-06-18T15:22:46.852+0000] {dagbag.py:536} INFO - Filling up the DagBag from /opt/airflow/dags/report_hourly_dag.py
[2026-06-18T15:22:46.864+0000] {processor.py:839} INFO - DAG(s) dict_keys(['report_hourly_dag']) retrieved from /opt/airflow/dags/report_hourly_dag.py
[2026-06-18T15:22:46.886+0000] {logging_mixin.py:154} INFO - [2026-06-18T15:22:46.886+0000] {dag.py:2941} INFO - Sync 1 DAGs
[2026-06-18T15:22:46.912+0000] {logging_mixin.py:154} INFO - [2026-06-18T15:22:46.912+0000] {dag.py:3722} INFO - Setting next_dagrun for report_hourly_dag to 2026-06-18T01:58:00+00:00, run_after=2026-06-18T01:59:00+00:00
[2026-06-18T15:22:46.936+0000] {processor.py:179} INFO - Processing /opt/airflow/dags/report_hourly_dag.py took 0.088 seconds
[2026-06-18T15:23:17.095+0000] {processor.py:157} INFO - Started process (PID=213) to work on /opt/airflow/dags/report_hourly_dag.py
[2026-06-18T15:23:17.096+0000] {processor.py:829} INFO - Processing file /opt/airflow/dags/report_hourly_dag.py for tasks to queue
[2026-06-18T15:23:17.096+0000] {logging_mixin.py:154} INFO - [2026-06-18T15:23:17.096+0000] {dagbag.py:536} INFO - Filling up the DagBag from /opt/airflow/dags/report_hourly_dag.py
[2026-06-18T15:23:17.105+0000] {processor.py:839} INFO - DAG(s) dict_keys(['report_hourly_dag']) retrieved from /opt/airflow/dags/report_hourly_dag.py
[2026-06-18T15:23:17.126+0000] {logging_mixin.py:154} INFO - [2026-06-18T15:23:17.125+0000] {dag.py:2941} INFO - Sync 1 DAGs
[2026-06-18T15:23:17.155+0000] {logging_mixin.py:154} INFO - [2026-06-18T15:23:17.155+0000] {dag.py:3722} INFO - Setting next_dagrun for report_hourly_dag to 2026-06-18T01:58:00+00:00, run_after=2026-06-18T01:59:00+00:00
[2026-06-18T15:23:17.176+0000] {processor.py:179} INFO - Processing /opt/airflow/dags/report_hourly_dag.py took 0.084 seconds
[2026-06-18T15:23:47.332+0000] {processor.py:157} INFO - Started process (PID=228) to work on /opt/airflow/dags/report_hourly_dag.py
[2026-06-18T15:23:47.333+0000] {processor.py:829} INFO - Processing file /opt/airflow/dags/report_hourly_dag.py for tasks to queue
[2026-06-18T15:23:47.333+0000] {logging_mixin.py:154} INFO - [2026-06-18T15:23:47.333+0000] {dagbag.py:536} INFO - Filling up the DagBag from /opt/airflow/dags/report_hourly_dag.py
[2026-06-18T15:23:47.343+0000] {processor.py:839} INFO - DAG(s) dict_keys(['report_hourly_dag']) retrieved from /opt/airflow/dags/report_hourly_dag.py
[2026-06-18T15:23:47.359+0000] {logging_mixin.py:154} INFO - [2026-06-18T15:23:47.359+0000] {dag.py:2941} INFO - Sync 1 DAGs
[2026-06-18T15:23:47.379+0000] {logging_mixin.py:154} INFO - [2026-06-18T15:23:47.379+0000] {dag.py:3722} INFO - Setting next_dagrun for report_hourly_dag to 2026-06-18T01:58:00+00:00, run_after=2026-06-18T01:59:00+00:00
[2026-06-18T15:23:47.394+0000] {processor.py:179} INFO - Processing /opt/airflow/dags/report_hourly_dag.py took 0.065 seconds
[2026-06-18T15:24:17.560+0000] {processor.py:157} INFO - Started process (PID=243) to work on /opt/airflow/dags/report_hourly_dag.py
[2026-06-18T15:24:17.563+0000] {processor.py:829} INFO - Processing file /opt/airflow/dags/report_hourly_dag.py for tasks to queue
[2026-06-18T15:24:17.564+0000] {logging_mixin.py:154} INFO - [2026-06-18T15:24:17.564+0000] {dagbag.py:536} INFO - Filling up the DagBag from /opt/airflow/dags/report_hourly_dag.py
[2026-06-18T15:24:17.576+0000] {processor.py:839} INFO - DAG(s) dict_keys(['report_hourly_dag']) retrieved from /opt/airflow/dags/report_hourly_dag.py
[2026-06-18T15:24:17.599+0000] {logging_mixin.py:154} INFO - [2026-06-18T15:24:17.599+0000] {dag.py:2941} INFO - Sync 1 DAGs
[2026-06-18T15:24:17.625+0000] {logging_mixin.py:154} INFO - [2026-06-18T15:24:17.624+0000] {dag.py:3722} INFO - Setting next_dagrun for report_hourly_dag to 2026-06-18T01:58:00+00:00, run_after=2026-06-18T01:59:00+00:00
[2026-06-18T15:24:17.642+0000] {processor.py:179} INFO - Processing /opt/airflow/dags/report_hourly_dag.py took 0.086 seconds
[2026-06-18T15:24:47.805+0000] {processor.py:157} INFO - Started process (PID=258) to work on /opt/airflow/dags/report_hourly_dag.py
[2026-06-18T15:24:47.805+0000] {processor.py:829} INFO - Processing file /opt/airflow/dags/report_hourly_dag.py for tasks to queue
[2026-06-18T15:24:47.806+0000] {logging_mixin.py:154} INFO - [2026-06-18T15:24:47.806+0000] {dagbag.py:536} INFO - Filling up the DagBag from /opt/airflow/dags/report_hourly_dag.py
[2026-06-18T15:24:47.815+0000] {processor.py:839} INFO - DAG(s) dict_keys(['report_hourly_dag']) retrieved from /opt/airflow/dags/report_hourly_dag.py
[2026-06-18T15:24:47.836+0000] {logging_mixin.py:154} INFO - [2026-06-18T15:24:47.836+0000] {dag.py:2941} INFO - Sync 1 DAGs
[2026-06-18T15:24:47.859+0000] {logging_mixin.py:154} INFO - [2026-06-18T15:24:47.859+0000] {dag.py:3722} INFO - Setting next_dagrun for report_hourly_dag to 2026-06-18T01:58:00+00:00, run_after=2026-06-18T01:59:00+00:00
[2026-06-18T15:24:47.875+0000] {processor.py:179} INFO - Processing /opt/airflow/dags/report_hourly_dag.py took 0.073 seconds
[2026-06-18T15:25:18.084+0000] {processor.py:157} INFO - Started process (PID=273) to work on /opt/airflow/dags/report_hourly_dag.py
[2026-06-18T15:25:18.087+0000] {processor.py:829} INFO - Processing file /opt/airflow/dags/report_hourly_dag.py for tasks to queue
[2026-06-18T15:25:18.088+0000] {logging_mixin.py:154} INFO - [2026-06-18T15:25:18.087+0000] {dagbag.py:536} INFO - Filling up the DagBag from /opt/airflow/dags/report_hourly_dag.py
[2026-06-18T15:25:18.100+0000] {processor.py:839} INFO - DAG(s) dict_keys(['report_hourly_dag']) retrieved from /opt/airflow/dags/report_hourly_dag.py
[2026-06-18T15:25:18.122+0000] {logging_mixin.py:154} INFO - [2026-06-18T15:25:18.122+0000] {dag.py:2941} INFO - Sync 1 DAGs
[2026-06-18T15:25:18.150+0000] {logging_mixin.py:154} INFO - [2026-06-18T15:25:18.150+0000] {dag.py:3722} INFO - Setting next_dagrun for report_hourly_dag to 2026-06-18T01:58:00+00:00, run_after=2026-06-18T01:59:00+00:00
[2026-06-18T15:25:18.168+0000] {processor.py:179} INFO - Processing /opt/airflow/dags/report_hourly_dag.py took 0.089 seconds
[2026-06-18T15:25:48.372+0000] {processor.py:157} INFO - Started process (PID=288) to work on /opt/airflow/dags/report_hourly_dag.py
[2026-06-18T15:25:48.372+0000] {processor.py:829} INFO - Processing file /opt/airflow/dags/report_hourly_dag.py for tasks to queue
[2026-06-18T15:25:48.373+0000] {logging_mixin.py:154} INFO - [2026-06-18T15:25:48.373+0000] {dagbag.py:536} INFO - Filling up the DagBag from /opt/airflow/dags/report_hourly_dag.py
[2026-06-18T15:25:48.388+0000] {processor.py:839} INFO - DAG(s) dict_keys(['report_hourly_dag']) retrieved from /opt/airflow/dags/report_hourly_dag.py
[2026-06-18T15:25:48.416+0000] {logging_mixin.py:154} INFO - [2026-06-18T15:25:48.416+0000] {dag.py:2941} INFO - Sync 1 DAGs
[2026-06-18T15:25:48.445+0000] {logging_mixin.py:154} INFO - [2026-06-18T15:25:48.444+0000] {dag.py:3722} INFO - Setting next_dagrun for report_hourly_dag to 2026-06-18T01:58:00+00:00, run_after=2026-06-18T01:59:00+00:00
[2026-06-18T15:25:48.472+0000] {processor.py:179} INFO - Processing /opt/airflow/dags/report_hourly_dag.py took 0.105 seconds
[2026-06-18T15:26:18.704+0000] {processor.py:157} INFO - Started process (PID=303) to work on /opt/airflow/dags/report_hourly_dag.py
[2026-06-18T15:26:18.708+0000] {processor.py:829} INFO - Processing file /opt/airflow/dags/report_hourly_dag.py for tasks to queue
[2026-06-18T15:26:18.708+0000] {logging_mixin.py:154} INFO - [2026-06-18T15:26:18.708+0000] {dagbag.py:536} INFO - Filling up the DagBag from /opt/airflow/dags/report_hourly_dag.py
[2026-06-18T15:26:18.721+0000] {processor.py:839} INFO - DAG(s) dict_keys(['report_hourly_dag']) retrieved from /opt/airflow/dags/report_hourly_dag.py
[2026-06-18T15:26:18.741+0000] {logging_mixin.py:154} INFO - [2026-06-18T15:26:18.741+0000] {dag.py:2941} INFO - Sync 1 DAGs
[2026-06-18T15:26:18.847+0000] {logging_mixin.py:154} INFO - [2026-06-18T15:26:18.847+0000] {dag.py:3722} INFO - Setting next_dagrun for report_hourly_dag to 2026-06-18T01:58:00+00:00, run_after=2026-06-18T01:59:00+00:00
[2026-06-18T15:26:18.858+0000] {processor.py:179} INFO - Processing /opt/airflow/dags/report_hourly_dag.py took 0.158 seconds
[2026-06-18T15:26:49.118+0000] {processor.py:157} INFO - Started process (PID=318) to work on /opt/airflow/dags/report_hourly_dag.py
[2026-06-18T15:26:49.119+0000] {processor.py:829} INFO - Processing file /opt/airflow/dags/report_hourly_dag.py for tasks to queue
[2026-06-18T15:26:49.119+0000] {logging_mixin.py:154} INFO - [2026-06-18T15:26:49.119+0000] {dagbag.py:536} INFO - Filling up the DagBag from /opt/airflow/dags/report_hourly_dag.py
[2026-06-18T15:26:49.127+0000] {processor.py:839} INFO - DAG(s) dict_keys(['report_hourly_dag']) retrieved from /opt/airflow/dags/report_hourly_dag.py
[2026-06-18T15:26:49.146+0000] {logging_mixin.py:154} INFO - [2026-06-18T15:26:49.146+0000] {dag.py:2941} INFO - Sync 1 DAGs
[2026-06-18T15:26:49.168+0000] {logging_mixin.py:154} INFO - [2026-06-18T15:26:49.167+0000] {dag.py:3722} INFO - Setting next_dagrun for report_hourly_dag to 2026-06-18T01:58:00+00:00, run_after=2026-06-18T01:59:00+00:00
[2026-06-18T15:26:49.185+0000] {processor.py:179} INFO - Processing /opt/airflow/dags/report_hourly_dag.py took 0.069 seconds
[2026-06-18T15:27:19.384+0000] {processor.py:157} INFO - Started process (PID=333) to work on /opt/airflow/dags/report_hourly_dag.py
[2026-06-18T15:27:19.386+0000] {processor.py:829} INFO - Processing file /opt/airflow/dags/report_hourly_dag.py for tasks to queue
[2026-06-18T15:27:19.387+0000] {logging_mixin.py:154} INFO - [2026-06-18T15:27:19.386+0000] {dagbag.py:536} INFO - Filling up the DagBag from /opt/airflow/dags/report_hourly_dag.py
[2026-06-18T15:27:19.395+0000] {processor.py:839} INFO - DAG(s) dict_keys(['report_hourly_dag']) retrieved from /opt/airflow/dags/report_hourly_dag.py
[2026-06-18T15:27:19.414+0000] {logging_mixin.py:154} INFO - [2026-06-18T15:27:19.414+0000] {dag.py:2941} INFO - Sync 1 DAGs
[2026-06-18T15:27:19.438+0000] {logging_mixin.py:154} INFO - [2026-06-18T15:27:19.438+0000] {dag.py:3722} INFO - Setting next_dagrun for report_hourly_dag to 2026-06-18T01:58:00+00:00, run_after=2026-06-18T01:59:00+00:00
[2026-06-18T15:27:19.454+0000] {processor.py:179} INFO - Processing /opt/airflow/dags/report_hourly_dag.py took 0.073 seconds
[2026-06-18T15:27:49.645+0000] {processor.py:157} INFO - Started process (PID=348) to work on /opt/airflow/dags/report_hourly_dag.py
[2026-06-18T15:27:49.645+0000] {processor.py:829} INFO - Processing file /opt/airflow/dags/report_hourly_dag.py for tasks to queue
[2026-06-18T15:27:49.646+0000] {logging_mixin.py:154} INFO - [2026-06-18T15:27:49.646+0000] {dagbag.py:536} INFO - Filling up the DagBag from /opt/airflow/dags/report_hourly_dag.py
[2026-06-18T15:27:49.654+0000] {processor.py:839} INFO - DAG(s) dict_keys(['report_hourly_dag']) retrieved from /opt/airflow/dags/report_hourly_dag.py
[2026-06-18T15:27:49.671+0000] {logging_mixin.py:154} INFO - [2026-06-18T15:27:49.670+0000] {dag.py:2941} INFO - Sync 1 DAGs
[2026-06-18T15:27:49.687+0000] {logging_mixin.py:154} INFO - [2026-06-18T15:27:49.687+0000] {dag.py:3722} INFO - Setting next_dagrun for report_hourly_dag to 2026-06-18T01:58:00+00:00, run_after=2026-06-18T01:59:00+00:00
[2026-06-18T15:27:49.706+0000] {processor.py:179} INFO - Processing /opt/airflow/dags/report_hourly_dag.py took 0.064 seconds
[2026-06-18T15:28:19.923+0000] {processor.py:157} INFO - Started process (PID=363) to work on /opt/airflow/dags/report_hourly_dag.py
[2026-06-18T15:28:19.923+0000] {processor.py:829} INFO - Processing file /opt/airflow/dags/report_hourly_dag.py for tasks to queue
[2026-06-18T15:28:19.924+0000] {logging_mixin.py:154} INFO - [2026-06-18T15:28:19.924+0000] {dagbag.py:536} INFO - Filling up the DagBag from /opt/airflow/dags/report_hourly_dag.py
[2026-06-18T15:28:19.937+0000] {processor.py:839} INFO - DAG(s) dict_keys(['report_hourly_dag']) retrieved from /opt/airflow/dags/report_hourly_dag.py
[2026-06-18T15:28:19.955+0000] {logging_mixin.py:154} INFO - [2026-06-18T15:28:19.955+0000] {dag.py:2941} INFO - Sync 1 DAGs
[2026-06-18T15:28:19.973+0000] {logging_mixin.py:154} INFO - [2026-06-18T15:28:19.973+0000] {dag.py:3722} INFO - Setting next_dagrun for report_hourly_dag to 2026-06-18T01:58:00+00:00, run_after=2026-06-18T01:59:00+00:00
[2026-06-18T15:28:19.988+0000] {processor.py:179} INFO - Processing /opt/airflow/dags/report_hourly_dag.py took 0.070 seconds
[2026-06-18T15:28:50.190+0000] {processor.py:157} INFO - Started process (PID=378) to work on /opt/airflow/dags/report_hourly_dag.py
[2026-06-18T15:28:50.191+0000] {processor.py:829} INFO - Processing file /opt/airflow/dags/report_hourly_dag.py for tasks to queue
[2026-06-18T15:28:50.191+0000] {logging_mixin.py:154} INFO - [2026-06-18T15:28:50.191+0000] {dagbag.py:536} INFO - Filling up the DagBag from /opt/airflow/dags/report_hourly_dag.py
[2026-06-18T15:28:50.200+0000] {processor.py:839} INFO - DAG(s) dict_keys(['report_hourly_dag']) retrieved from /opt/airflow/dags/report_hourly_dag.py
[2026-06-18T15:28:50.217+0000] {logging_mixin.py:154} INFO - [2026-06-18T15:28:50.217+0000] {dag.py:2941} INFO - Sync 1 DAGs
[2026-06-18T15:28:50.239+0000] {logging_mixin.py:154} INFO - [2026-06-18T15:28:50.238+0000] {dag.py:3722} INFO - Setting next_dagrun for report_hourly_dag to 2026-06-18T01:58:00+00:00, run_after=2026-06-18T01:59:00+00:00
[2026-06-18T15:28:50.254+0000] {processor.py:179} INFO - Processing /opt/airflow/dags/report_hourly_dag.py took 0.068 seconds
[2026-06-18T15:29:20.442+0000] {processor.py:157} INFO - Started process (PID=393) to work on /opt/airflow/dags/report_hourly_dag.py
[2026-06-18T15:29:20.445+0000] {processor.py:829} INFO - Processing file /opt/airflow/dags/report_hourly_dag.py for tasks to queue
[2026-06-18T15:29:20.446+0000] {logging_mixin.py:154} INFO - [2026-06-18T15:29:20.446+0000] {dagbag.py:536} INFO - Filling up the DagBag from /opt/airflow/dags/report_hourly_dag.py
[2026-06-18T15:29:20.455+0000] {processor.py:839} INFO - DAG(s) dict_keys(['report_hourly_dag']) retrieved from /opt/airflow/dags/report_hourly_dag.py
[2026-06-18T15:29:20.476+0000] {logging_mixin.py:154} INFO - [2026-06-18T15:29:20.476+0000] {dag.py:2941} INFO - Sync 1 DAGs
[2026-06-18T15:29:20.498+0000] {logging_mixin.py:154} INFO - [2026-06-18T15:29:20.498+0000] {dag.py:3722} INFO - Setting next_dagrun for report_hourly_dag to 2026-06-18T01:58:00+00:00, run_after=2026-06-18T01:59:00+00:00
[2026-06-18T15:29:20.517+0000] {processor.py:179} INFO - Processing /opt/airflow/dags/report_hourly_dag.py took 0.078 seconds
[2026-06-18T15:29:50.725+0000] {processor.py:157} INFO - Started process (PID=408) to work on /opt/airflow/dags/report_hourly_dag.py
[2026-06-18T15:29:50.725+0000] {processor.py:829} INFO - Processing file /opt/airflow/dags/report_hourly_dag.py for tasks to queue
[2026-06-18T15:29:50.726+0000] {logging_mixin.py:154} INFO - [2026-06-18T15:29:50.726+0000] {dagbag.py:536} INFO - Filling up the DagBag from /opt/airflow/dags/report_hourly_dag.py
[2026-06-18T15:29:50.735+0000] {processor.py:839} INFO - DAG(s) dict_keys(['report_hourly_dag']) retrieved from /opt/airflow/dags/report_hourly_dag.py
[2026-06-18T15:29:50.751+0000] {logging_mixin.py:154} INFO - [2026-06-18T15:29:50.750+0000] {dag.py:2941} INFO - Sync 1 DAGs
[2026-06-18T15:29:50.768+0000] {logging_mixin.py:154} INFO - [2026-06-18T15:29:50.768+0000] {dag.py:3722} INFO - Setting next_dagrun for report_hourly_dag to 2026-06-18T01:58:00+00:00, run_after=2026-06-18T01:59:00+00:00
[2026-06-18T15:29:50.781+0000] {processor.py:179} INFO - Processing /opt/airflow/dags/report_hourly_dag.py took 0.060 seconds
[2026-06-18T15:30:21.001+0000] {processor.py:157} INFO - Started process (PID=423) to work on /opt/airflow/dags/report_hourly_dag.py
[2026-06-18T15:30:21.002+0000] {processor.py:829} INFO - Processing file /opt/airflow/dags/report_hourly_dag.py for tasks to queue
[2026-06-18T15:30:21.003+0000] {logging_mixin.py:154} INFO - [2026-06-18T15:30:21.002+0000] {dagbag.py:536} INFO - Filling up the DagBag from /opt/airflow/dags/report_hourly_dag.py
[2026-06-18T15:30:21.012+0000] {processor.py:839} INFO - DAG(s) dict_keys(['report_hourly_dag']) retrieved from /opt/airflow/dags/report_hourly_dag.py
[2026-06-18T15:30:21.028+0000] {logging_mixin.py:154} INFO - [2026-06-18T15:30:21.028+0000] {dag.py:2941} INFO - Sync 1 DAGs
[2026-06-18T15:30:21.045+0000] {logging_mixin.py:154} INFO - [2026-06-18T15:30:21.045+0000] {dag.py:3722} INFO - Setting next_dagrun for report_hourly_dag to 2026-06-18T01:58:00+00:00, run_after=2026-06-18T01:59:00+00:00
[2026-06-18T15:30:21.059+0000] {processor.py:179} INFO - Processing /opt/airflow/dags/report_hourly_dag.py took 0.062 seconds
[2026-06-18T15:30:51.285+0000] {processor.py:157} INFO - Started process (PID=438) to work on /opt/airflow/dags/report_hourly_dag.py
[2026-06-18T15:30:51.285+0000] {processor.py:829} INFO - Processing file /opt/airflow/dags/report_hourly_dag.py for tasks to queue
[2026-06-18T15:30:51.287+0000] {logging_mixin.py:154} INFO - [2026-06-18T15:30:51.286+0000] {dagbag.py:536} INFO - Filling up the DagBag from /opt/airflow/dags/report_hourly_dag.py
[2026-06-18T15:30:51.299+0000] {processor.py:839} INFO - DAG(s) dict_keys(['report_hourly_dag']) retrieved from /opt/airflow/dags/report_hourly_dag.py
[2026-06-18T15:30:51.318+0000] {logging_mixin.py:154} INFO - [2026-06-18T15:30:51.318+0000] {dag.py:2941} INFO - Sync 1 DAGs
[2026-06-18T15:30:51.342+0000] {logging_mixin.py:154} INFO - [2026-06-18T15:30:51.342+0000] {dag.py:3722} INFO - Setting next_dagrun for report_hourly_dag to 2026-06-18T01:58:00+00:00, run_after=2026-06-18T01:59:00+00:00
[2026-06-18T15:30:51.357+0000] {processor.py:179} INFO - Processing /opt/airflow/dags/report_hourly_dag.py took 0.078 seconds
[2026-06-18T15:31:21.573+0000] {processor.py:157} INFO - Started process (PID=453) to work on /opt/airflow/dags/report_hourly_dag.py
[2026-06-18T15:31:21.575+0000] {processor.py:829} INFO - Processing file /opt/airflow/dags/report_hourly_dag.py for tasks to queue
[2026-06-18T15:31:21.576+0000] {logging_mixin.py:154} INFO - [2026-06-18T15:31:21.575+0000] {dagbag.py:536} INFO - Filling up the DagBag from /opt/airflow/dags/report_hourly_dag.py
[2026-06-18T15:31:21.587+0000] {processor.py:839} INFO - DAG(s) dict_keys(['report_hourly_dag']) retrieved from /opt/airflow/dags/report_hourly_dag.py
[2026-06-18T15:31:21.605+0000] {logging_mixin.py:154} INFO - [2026-06-18T15:31:21.605+0000] {dag.py:2941} INFO - Sync 1 DAGs
[2026-06-18T15:31:21.629+0000] {logging_mixin.py:154} INFO - [2026-06-18T15:31:21.629+0000] {dag.py:3722} INFO - Setting next_dagrun for report_hourly_dag to 2026-06-18T01:58:00+00:00, run_after=2026-06-18T01:59:00+00:00
[2026-06-18T15:31:21.647+0000] {processor.py:179} INFO - Processing /opt/airflow/dags/report_hourly_dag.py took 0.076 seconds
[2026-06-18T15:31:51.846+0000] {processor.py:157} INFO - Started process (PID=468) to work on /opt/airflow/dags/report_hourly_dag.py
[2026-06-18T15:31:51.846+0000] {processor.py:829} INFO - Processing file /opt/airflow/dags/report_hourly_dag.py for tasks to queue
[2026-06-18T15:31:51.847+0000] {logging_mixin.py:154} INFO - [2026-06-18T15:31:51.847+0000] {dagbag.py:536} INFO - Filling up the DagBag from /opt/airflow/dags/report_hourly_dag.py
[2026-06-18T15:31:51.857+0000] {processor.py:839} INFO - DAG(s) dict_keys(['report_hourly_dag']) retrieved from /opt/airflow/dags/report_hourly_dag.py
[2026-06-18T15:31:51.877+0000] {logging_mixin.py:154} INFO - [2026-06-18T15:31:51.877+0000] {dag.py:2941} INFO - Sync 1 DAGs
[2026-06-18T15:31:51.899+0000] {logging_mixin.py:154} INFO - [2026-06-18T15:31:51.899+0000] {dag.py:3722} INFO - Setting next_dagrun for report_hourly_dag to 2026-06-18T01:58:00+00:00, run_after=2026-06-18T01:59:00+00:00
[2026-06-18T15:31:51.914+0000] {processor.py:179} INFO - Processing /opt/airflow/dags/report_hourly_dag.py took 0.072 seconds
[2026-06-18T15:32:22.118+0000] {processor.py:157} INFO - Started process (PID=483) to work on /opt/airflow/dags/report_hourly_dag.py
[2026-06-18T15:32:22.120+0000] {processor.py:829} INFO - Processing file /opt/airflow/dags/report_hourly_dag.py for tasks to queue
[2026-06-18T15:32:22.121+0000] {logging_mixin.py:154} INFO - [2026-06-18T15:32:22.121+0000] {dagbag.py:536} INFO - Filling up the DagBag from /opt/airflow/dags/report_hourly_dag.py
[2026-06-18T15:32:22.132+0000] {processor.py:839} INFO - DAG(s) dict_keys(['report_hourly_dag']) retrieved from /opt/airflow/dags/report_hourly_dag.py
[2026-06-18T15:32:22.150+0000] {logging_mixin.py:154} INFO - [2026-06-18T15:32:22.150+0000] {dag.py:2941} INFO - Sync 1 DAGs
[2026-06-18T15:32:22.175+0000] {logging_mixin.py:154} INFO - [2026-06-18T15:32:22.175+0000] {dag.py:3722} INFO - Setting next_dagrun for report_hourly_dag to 2026-06-18T01:58:00+00:00, run_after=2026-06-18T01:59:00+00:00
[2026-06-18T15:32:22.190+0000] {processor.py:179} INFO - Processing /opt/airflow/dags/report_hourly_dag.py took 0.076 seconds
[2026-06-18T15:32:52.387+0000] {processor.py:157} INFO - Started process (PID=498) to work on /opt/airflow/dags/report_hourly_dag.py
[2026-06-18T15:32:52.388+0000] {processor.py:829} INFO - Processing file /opt/airflow/dags/report_hourly_dag.py for tasks to queue
[2026-06-18T15:32:52.388+0000] {logging_mixin.py:154} INFO - [2026-06-18T15:32:52.388+0000] {dagbag.py:536} INFO - Filling up the DagBag from /opt/airflow/dags/report_hourly_dag.py
[2026-06-18T15:32:52.398+0000] {processor.py:839} INFO - DAG(s) dict_keys(['report_hourly_dag']) retrieved from /opt/airflow/dags/report_hourly_dag.py
[2026-06-18T15:32:52.416+0000] {logging_mixin.py:154} INFO - [2026-06-18T15:32:52.416+0000] {dag.py:2941} INFO - Sync 1 DAGs
[2026-06-18T15:32:52.439+0000] {logging_mixin.py:154} INFO - [2026-06-18T15:32:52.438+0000] {dag.py:3722} INFO - Setting next_dagrun for report_hourly_dag to 2026-06-18T01:58:00+00:00, run_after=2026-06-18T01:59:00+00:00
[2026-06-18T15:32:52.454+0000] {processor.py:179} INFO - Processing /opt/airflow/dags/report_hourly_dag.py took 0.070 seconds
[2026-06-18T15:33:22.665+0000] {processor.py:157} INFO - Started process (PID=513) to work on /opt/airflow/dags/report_hourly_dag.py
[2026-06-18T15:33:22.668+0000] {processor.py:829} INFO - Processing file /opt/airflow/dags/report_hourly_dag.py for tasks to queue
[2026-06-18T15:33:22.669+0000] {logging_mixin.py:154} INFO - [2026-06-18T15:33:22.668+0000] {dagbag.py:536} INFO - Filling up the DagBag from /opt/airflow/dags/report_hourly_dag.py
[2026-06-18T15:33:22.681+0000] {processor.py:839} INFO - DAG(s) dict_keys(['report_hourly_dag']) retrieved from /opt/airflow/dags/report_hourly_dag.py
[2026-06-18T15:33:22.702+0000] {logging_mixin.py:154} INFO - [2026-06-18T15:33:22.702+0000] {dag.py:2941} INFO - Sync 1 DAGs
[2026-06-18T15:33:22.719+0000] {logging_mixin.py:154} INFO - [2026-06-18T15:33:22.718+0000] {dag.py:3722} INFO - Setting next_dagrun for report_hourly_dag to 2026-06-18T01:58:00+00:00, run_after=2026-06-18T01:59:00+00:00
[2026-06-18T15:33:22.732+0000] {processor.py:179} INFO - Processing /opt/airflow/dags/report_hourly_dag.py took 0.071 seconds
[2026-06-18T15:33:52.919+0000] {processor.py:157} INFO - Started process (PID=528) to work on /opt/airflow/dags/report_hourly_dag.py
[2026-06-18T15:33:52.920+0000] {processor.py:829} INFO - Processing file /opt/airflow/dags/report_hourly_dag.py for tasks to queue
[2026-06-18T15:33:52.920+0000] {logging_mixin.py:154} INFO - [2026-06-18T15:33:52.920+0000] {dagbag.py:536} INFO - Filling up the DagBag from /opt/airflow/dags/report_hourly_dag.py
[2026-06-18T15:33:52.929+0000] {processor.py:839} INFO - DAG(s) dict_keys(['report_hourly_dag']) retrieved from /opt/airflow/dags/report_hourly_dag.py
[2026-06-18T15:33:52.946+0000] {logging_mixin.py:154} INFO - [2026-06-18T15:33:52.946+0000] {dag.py:2941} INFO - Sync 1 DAGs
[2026-06-18T15:33:52.964+0000] {logging_mixin.py:154} INFO - [2026-06-18T15:33:52.963+0000] {dag.py:3722} INFO - Setting next_dagrun for report_hourly_dag to 2026-06-18T01:58:00+00:00, run_after=2026-06-18T01:59:00+00:00
[2026-06-18T15:33:52.976+0000] {processor.py:179} INFO - Processing /opt/airflow/dags/report_hourly_dag.py took 0.059 seconds
[2026-06-18T15:34:23.185+0000] {processor.py:157} INFO - Started process (PID=543) to work on /opt/airflow/dags/report_hourly_dag.py
[2026-06-18T15:34:23.188+0000] {processor.py:829} INFO - Processing file /opt/airflow/dags/report_hourly_dag.py for tasks to queue
[2026-06-18T15:34:23.189+0000] {logging_mixin.py:154} INFO - [2026-06-18T15:34:23.189+0000] {dagbag.py:536} INFO - Filling up the DagBag from /opt/airflow/dags/report_hourly_dag.py
[2026-06-18T15:34:23.199+0000] {processor.py:839} INFO - DAG(s) dict_keys(['report_hourly_dag']) retrieved from /opt/airflow/dags/report_hourly_dag.py
[2026-06-18T15:34:23.217+0000] {logging_mixin.py:154} INFO - [2026-06-18T15:34:23.217+0000] {dag.py:2941} INFO - Sync 1 DAGs
[2026-06-18T15:34:23.236+0000] {logging_mixin.py:154} INFO - [2026-06-18T15:34:23.236+0000] {dag.py:3722} INFO - Setting next_dagrun for report_hourly_dag to 2026-06-18T01:58:00+00:00, run_after=2026-06-18T01:59:00+00:00
[2026-06-18T15:34:23.249+0000] {processor.py:179} INFO - Processing /opt/airflow/dags/report_hourly_dag.py took 0.068 seconds
[2026-06-18T15:34:53.457+0000] {processor.py:157} INFO - Started process (PID=558) to work on /opt/airflow/dags/report_hourly_dag.py
[2026-06-18T15:34:53.458+0000] {processor.py:829} INFO - Processing file /opt/airflow/dags/report_hourly_dag.py for tasks to queue
[2026-06-18T15:34:53.458+0000] {logging_mixin.py:154} INFO - [2026-06-18T15:34:53.458+0000] {dagbag.py:536} INFO - Filling up the DagBag from /opt/airflow/dags/report_hourly_dag.py
[2026-06-18T15:34:53.468+0000] {processor.py:839} INFO - DAG(s) dict_keys(['report_hourly_dag']) retrieved from /opt/airflow/dags/report_hourly_dag.py
[2026-06-18T15:34:53.486+0000] {logging_mixin.py:154} INFO - [2026-06-18T15:34:53.485+0000] {dag.py:2941} INFO - Sync 1 DAGs
[2026-06-18T15:34:53.503+0000] {logging_mixin.py:154} INFO - [2026-06-18T15:34:53.503+0000] {dag.py:3722} INFO - Setting next_dagrun for report_hourly_dag to 2026-06-18T01:58:00+00:00, run_after=2026-06-18T01:59:00+00:00
[2026-06-18T15:34:53.517+0000] {processor.py:179} INFO - Processing /opt/airflow/dags/report_hourly_dag.py took 0.064 seconds
[2026-06-18T15:35:23.723+0000] {processor.py:157} INFO - Started process (PID=573) to work on /opt/airflow/dags/report_hourly_dag.py
[2026-06-18T15:35:23.725+0000] {processor.py:829} INFO - Processing file /opt/airflow/dags/report_hourly_dag.py for tasks to queue
[2026-06-18T15:35:23.726+0000] {logging_mixin.py:154} INFO - [2026-06-18T15:35:23.726+0000] {dagbag.py:536} INFO - Filling up the DagBag from /opt/airflow/dags/report_hourly_dag.py
[2026-06-18T15:35:23.735+0000] {processor.py:839} INFO - DAG(s) dict_keys(['report_hourly_dag']) retrieved from /opt/airflow/dags/report_hourly_dag.py
[2026-06-18T15:35:23.752+0000] {logging_mixin.py:154} INFO - [2026-06-18T15:35:23.752+0000] {dag.py:2941} INFO - Sync 1 DAGs
[2026-06-18T15:35:23.773+0000] {logging_mixin.py:154} INFO - [2026-06-18T15:35:23.773+0000] {dag.py:3722} INFO - Setting next_dagrun for report_hourly_dag to 2026-06-18T01:58:00+00:00, run_after=2026-06-18T01:59:00+00:00
[2026-06-18T15:35:23.797+0000] {processor.py:179} INFO - Processing /opt/airflow/dags/report_hourly_dag.py took 0.078 seconds
[2026-06-18T15:35:53.985+0000] {processor.py:157} INFO - Started process (PID=588) to work on /opt/airflow/dags/report_hourly_dag.py
[2026-06-18T15:35:53.985+0000] {processor.py:829} INFO - Processing file /opt/airflow/dags/report_hourly_dag.py for tasks to queue
[2026-06-18T15:35:53.986+0000] {logging_mixin.py:154} INFO - [2026-06-18T15:35:53.985+0000] {dagbag.py:536} INFO - Filling up the DagBag from /opt/airflow/dags/report_hourly_dag.py
[2026-06-18T15:35:53.994+0000] {processor.py:839} INFO - DAG(s) dict_keys(['report_hourly_dag']) retrieved from /opt/airflow/dags/report_hourly_dag.py
[2026-06-18T15:35:54.011+0000] {logging_mixin.py:154} INFO - [2026-06-18T15:35:54.010+0000] {dag.py:2941} INFO - Sync 1 DAGs
[2026-06-18T15:35:54.028+0000] {logging_mixin.py:154} INFO - [2026-06-18T15:35:54.028+0000] {dag.py:3722} INFO - Setting next_dagrun for report_hourly_dag to 2026-06-18T01:58:00+00:00, run_after=2026-06-18T01:59:00+00:00
[2026-06-18T15:35:54.041+0000] {processor.py:179} INFO - Processing /opt/airflow/dags/report_hourly_dag.py took 0.059 seconds
[2026-06-18T15:36:24.265+0000] {processor.py:157} INFO - Started process (PID=603) to work on /opt/airflow/dags/report_hourly_dag.py
[2026-06-18T15:36:24.268+0000] {processor.py:829} INFO - Processing file /opt/airflow/dags/report_hourly_dag.py for tasks to queue
[2026-06-18T15:36:24.268+0000] {logging_mixin.py:154} INFO - [2026-06-18T15:36:24.268+0000] {dagbag.py:536} INFO - Filling up the DagBag from /opt/airflow/dags/report_hourly_dag.py
[2026-06-18T15:36:24.277+0000] {processor.py:839} INFO - DAG(s) dict_keys(['report_hourly_dag']) retrieved from /opt/airflow/dags/report_hourly_dag.py
[2026-06-18T15:36:24.294+0000] {logging_mixin.py:154} INFO - [2026-06-18T15:36:24.294+0000] {dag.py:2941} INFO - Sync 1 DAGs
[2026-06-18T15:36:24.311+0000] {logging_mixin.py:154} INFO - [2026-06-18T15:36:24.311+0000] {dag.py:3722} INFO - Setting next_dagrun for report_hourly_dag to 2026-06-18T01:58:00+00:00, run_after=2026-06-18T01:59:00+00:00
[2026-06-18T15:36:24.325+0000] {processor.py:179} INFO - Processing /opt/airflow/dags/report_hourly_dag.py took 0.063 seconds
[2026-06-18T15:36:54.524+0000] {processor.py:157} INFO - Started process (PID=618) to work on /opt/airflow/dags/report_hourly_dag.py
[2026-06-18T15:36:54.524+0000] {processor.py:829} INFO - Processing file /opt/airflow/dags/report_hourly_dag.py for tasks to queue
[2026-06-18T15:36:54.525+0000] {logging_mixin.py:154} INFO - [2026-06-18T15:36:54.525+0000] {dagbag.py:536} INFO - Filling up the DagBag from /opt/airflow/dags/report_hourly_dag.py
[2026-06-18T15:36:54.534+0000] {processor.py:839} INFO - DAG(s) dict_keys(['report_hourly_dag']) retrieved from /opt/airflow/dags/report_hourly_dag.py
[2026-06-18T15:36:54.552+0000] {logging_mixin.py:154} INFO - [2026-06-18T15:36:54.552+0000] {dag.py:2941} INFO - Sync 1 DAGs
[2026-06-18T15:36:54.569+0000] {logging_mixin.py:154} INFO - [2026-06-18T15:36:54.569+0000] {dag.py:3722} INFO - Setting next_dagrun for report_hourly_dag to 2026-06-18T01:58:00+00:00, run_after=2026-06-18T01:59:00+00:00
[2026-06-18T15:36:54.584+0000] {processor.py:179} INFO - Processing /opt/airflow/dags/report_hourly_dag.py took 0.064 seconds
[2026-06-18T15:37:24.785+0000] {processor.py:157} INFO - Started process (PID=633) to work on /opt/airflow/dags/report_hourly_dag.py
[2026-06-18T15:37:24.786+0000] {processor.py:829} INFO - Processing file /opt/airflow/dags/report_hourly_dag.py for tasks to queue
[2026-06-18T15:37:24.787+0000] {logging_mixin.py:154} INFO - [2026-06-18T15:37:24.787+0000] {dagbag.py:536} INFO - Filling up the DagBag from /opt/airflow/dags/report_hourly_dag.py
[2026-06-18T15:37:24.796+0000] {processor.py:839} INFO - DAG(s) dict_keys(['report_hourly_dag']) retrieved from /opt/airflow/dags/report_hourly_dag.py
[2026-06-18T15:37:24.812+0000] {logging_mixin.py:154} INFO - [2026-06-18T15:37:24.812+0000] {dag.py:2941} INFO - Sync 1 DAGs
[2026-06-18T15:37:24.829+0000] {logging_mixin.py:154} INFO - [2026-06-18T15:37:24.829+0000] {dag.py:3722} INFO - Setting next_dagrun for report_hourly_dag to 2026-06-18T01:58:00+00:00, run_after=2026-06-18T01:59:00+00:00
[2026-06-18T15:37:24.843+0000] {processor.py:179} INFO - Processing /opt/airflow/dags/report_hourly_dag.py took 0.062 seconds
[2026-06-18T15:37:55.027+0000] {processor.py:157} INFO - Started process (PID=648) to work on /opt/airflow/dags/report_hourly_dag.py
[2026-06-18T15:37:55.028+0000] {processor.py:829} INFO - Processing file /opt/airflow/dags/report_hourly_dag.py for tasks to queue
[2026-06-18T15:37:55.029+0000] {logging_mixin.py:154} INFO - [2026-06-18T15:37:55.028+0000] {dagbag.py:536} INFO - Filling up the DagBag from /opt/airflow/dags/report_hourly_dag.py
[2026-06-18T15:37:55.037+0000] {processor.py:839} INFO - DAG(s) dict_keys(['report_hourly_dag']) retrieved from /opt/airflow/dags/report_hourly_dag.py
[2026-06-18T15:37:55.053+0000] {logging_mixin.py:154} INFO - [2026-06-18T15:37:55.053+0000] {dag.py:2941} INFO - Sync 1 DAGs
[2026-06-18T15:37:55.070+0000] {logging_mixin.py:154} INFO - [2026-06-18T15:37:55.070+0000] {dag.py:3722} INFO - Setting next_dagrun for report_hourly_dag to 2026-06-18T01:58:00+00:00, run_after=2026-06-18T01:59:00+00:00
[2026-06-18T15:37:55.082+0000] {processor.py:179} INFO - Processing /opt/airflow/dags/report_hourly_dag.py took 0.058 seconds
[2026-06-18T15:38:25.291+0000] {processor.py:157} INFO - Started process (PID=663) to work on /opt/airflow/dags/report_hourly_dag.py
[2026-06-18T15:38:25.292+0000] {processor.py:829} INFO - Processing file /opt/airflow/dags/report_hourly_dag.py for tasks to queue
[2026-06-18T15:38:25.292+0000] {logging_mixin.py:154} INFO - [2026-06-18T15:38:25.292+0000] {dagbag.py:536} INFO - Filling up the DagBag from /opt/airflow/dags/report_hourly_dag.py
[2026-06-18T15:38:25.303+0000] {processor.py:839} INFO - DAG(s) dict_keys(['report_hourly_dag']) retrieved from /opt/airflow/dags/report_hourly_dag.py
[2026-06-18T15:38:25.318+0000] {logging_mixin.py:154} INFO - [2026-06-18T15:38:25.318+0000] {dag.py:2941} INFO - Sync 1 DAGs
[2026-06-18T15:38:25.337+0000] {logging_mixin.py:154} INFO - [2026-06-18T15:38:25.337+0000] {dag.py:3722} INFO - Setting next_dagrun for report_hourly_dag to 2026-06-18T01:58:00+00:00, run_after=2026-06-18T01:59:00+00:00
[2026-06-18T15:38:25.351+0000] {processor.py:179} INFO - Processing /opt/airflow/dags/report_hourly_dag.py took 0.065 seconds
[2026-06-18T15:38:55.539+0000] {processor.py:157} INFO - Started process (PID=678) to work on /opt/airflow/dags/report_hourly_dag.py
[2026-06-18T15:38:55.541+0000] {processor.py:829} INFO - Processing file /opt/airflow/dags/report_hourly_dag.py for tasks to queue
[2026-06-18T15:38:55.542+0000] {logging_mixin.py:154} INFO - [2026-06-18T15:38:55.542+0000] {dagbag.py:536} INFO - Filling up the DagBag from /opt/airflow/dags/report_hourly_dag.py
[2026-06-18T15:38:55.553+0000] {processor.py:839} INFO - DAG(s) dict_keys(['report_hourly_dag']) retrieved from /opt/airflow/dags/report_hourly_dag.py
[2026-06-18T15:38:55.571+0000] {logging_mixin.py:154} INFO - [2026-06-18T15:38:55.571+0000] {dag.py:2941} INFO - Sync 1 DAGs
[2026-06-18T15:38:55.590+0000] {logging_mixin.py:154} INFO - [2026-06-18T15:38:55.590+0000] {dag.py:3722} INFO - Setting next_dagrun for report_hourly_dag to 2026-06-18T01:58:00+00:00, run_after=2026-06-18T01:59:00+00:00
[2026-06-18T15:38:55.602+0000] {processor.py:179} INFO - Processing /opt/airflow/dags/report_hourly_dag.py took 0.067 seconds
[2026-06-18T15:39:25.805+0000] {processor.py:157} INFO - Started process (PID=693) to work on /opt/airflow/dags/report_hourly_dag.py
[2026-06-18T15:39:25.806+0000] {processor.py:829} INFO - Processing file /opt/airflow/dags/report_hourly_dag.py for tasks to queue
[2026-06-18T15:39:25.806+0000] {logging_mixin.py:154} INFO - [2026-06-18T15:39:25.806+0000] {dagbag.py:536} INFO - Filling up the DagBag from /opt/airflow/dags/report_hourly_dag.py
[2026-06-18T15:39:25.815+0000] {processor.py:839} INFO - DAG(s) dict_keys(['report_hourly_dag']) retrieved from /opt/airflow/dags/report_hourly_dag.py
[2026-06-18T15:39:25.834+0000] {logging_mixin.py:154} INFO - [2026-06-18T15:39:25.834+0000] {dag.py:2941} INFO - Sync 1 DAGs
[2026-06-18T15:39:25.853+0000] {logging_mixin.py:154} INFO - [2026-06-18T15:39:25.853+0000] {dag.py:3722} INFO - Setting next_dagrun for report_hourly_dag to 2026-06-18T01:58:00+00:00, run_after=2026-06-18T01:59:00+00:00
[2026-06-18T15:39:25.866+0000] {processor.py:179} INFO - Processing /opt/airflow/dags/report_hourly_dag.py took 0.064 seconds
[2026-06-18T15:39:56.060+0000] {processor.py:157} INFO - Started process (PID=708) to work on /opt/airflow/dags/report_hourly_dag.py
[2026-06-18T15:39:56.063+0000] {processor.py:829} INFO - Processing file /opt/airflow/dags/report_hourly_dag.py for tasks to queue
[2026-06-18T15:39:56.064+0000] {logging_mixin.py:154} INFO - [2026-06-18T15:39:56.064+0000] {dagbag.py:536} INFO - Filling up the DagBag from /opt/airflow/dags/report_hourly_dag.py
[2026-06-18T15:39:56.073+0000] {processor.py:839} INFO - DAG(s) dict_keys(['report_hourly_dag']) retrieved from /opt/airflow/dags/report_hourly_dag.py
[2026-06-18T15:39:56.089+0000] {logging_mixin.py:154} INFO - [2026-06-18T15:39:56.089+0000] {dag.py:2941} INFO - Sync 1 DAGs
[2026-06-18T15:39:56.106+0000] {logging_mixin.py:154} INFO - [2026-06-18T15:39:56.106+0000] {dag.py:3722} INFO - Setting next_dagrun for report_hourly_dag to 2026-06-18T01:58:00+00:00, run_after=2026-06-18T01:59:00+00:00
[2026-06-18T15:39:56.120+0000] {processor.py:179} INFO - Processing /opt/airflow/dags/report_hourly_dag.py took 0.064 seconds
[2026-06-18T15:40:26.332+0000] {processor.py:157} INFO - Started process (PID=723) to work on /opt/airflow/dags/report_hourly_dag.py
[2026-06-18T15:40:26.333+0000] {processor.py:829} INFO - Processing file /opt/airflow/dags/report_hourly_dag.py for tasks to queue
[2026-06-18T15:40:26.334+0000] {logging_mixin.py:154} INFO - [2026-06-18T15:40:26.333+0000] {dagbag.py:536} INFO - Filling up the DagBag from /opt/airflow/dags/report_hourly_dag.py
[2026-06-18T15:40:26.345+0000] {processor.py:839} INFO - DAG(s) dict_keys(['report_hourly_dag']) retrieved from /opt/airflow/dags/report_hourly_dag.py
[2026-06-18T15:40:26.362+0000] {logging_mixin.py:154} INFO - [2026-06-18T15:40:26.362+0000] {dag.py:2941} INFO - Sync 1 DAGs
[2026-06-18T15:40:26.380+0000] {logging_mixin.py:154} INFO - [2026-06-18T15:40:26.380+0000] {dag.py:3722} INFO - Setting next_dagrun for report_hourly_dag to 2026-06-18T01:58:00+00:00, run_after=2026-06-18T01:59:00+00:00
[2026-06-18T15:40:26.401+0000] {processor.py:179} INFO - Processing /opt/airflow/dags/report_hourly_dag.py took 0.074 seconds
[2026-06-18T15:40:56.585+0000] {processor.py:157} INFO - Started process (PID=738) to work on /opt/airflow/dags/report_hourly_dag.py
[2026-06-18T15:40:56.589+0000] {processor.py:829} INFO - Processing file /opt/airflow/dags/report_hourly_dag.py for tasks to queue
[2026-06-18T15:40:56.589+0000] {logging_mixin.py:154} INFO - [2026-06-18T15:40:56.589+0000] {dagbag.py:536} INFO - Filling up the DagBag from /opt/airflow/dags/report_hourly_dag.py
[2026-06-18T15:40:56.600+0000] {processor.py:839} INFO - DAG(s) dict_keys(['report_hourly_dag']) retrieved from /opt/airflow/dags/report_hourly_dag.py
[2026-06-18T15:40:56.624+0000] {logging_mixin.py:154} INFO - [2026-06-18T15:40:56.624+0000] {dag.py:2941} INFO - Sync 1 DAGs
[2026-06-18T15:40:56.652+0000] {logging_mixin.py:154} INFO - [2026-06-18T15:40:56.652+0000] {dag.py:3722} INFO - Setting next_dagrun for report_hourly_dag to 2026-06-18T01:58:00+00:00, run_after=2026-06-18T01:59:00+00:00
[2026-06-18T15:40:56.670+0000] {processor.py:179} INFO - Processing /opt/airflow/dags/report_hourly_dag.py took 0.087 seconds
[2026-06-18T15:41:26.901+0000] {processor.py:157} INFO - Started process (PID=753) to work on /opt/airflow/dags/report_hourly_dag.py
[2026-06-18T15:41:26.902+0000] {processor.py:829} INFO - Processing file /opt/airflow/dags/report_hourly_dag.py for tasks to queue
[2026-06-18T15:41:26.903+0000] {logging_mixin.py:154} INFO - [2026-06-18T15:41:26.903+0000] {dagbag.py:536} INFO - Filling up the DagBag from /opt/airflow/dags/report_hourly_dag.py
[2026-06-18T15:41:26.915+0000] {processor.py:839} INFO - DAG(s) dict_keys(['report_hourly_dag']) retrieved from /opt/airflow/dags/report_hourly_dag.py
[2026-06-18T15:41:26.932+0000] {logging_mixin.py:154} INFO - [2026-06-18T15:41:26.932+0000] {dag.py:2941} INFO - Sync 1 DAGs
[2026-06-18T15:41:26.952+0000] {logging_mixin.py:154} INFO - [2026-06-18T15:41:26.952+0000] {dag.py:3722} INFO - Setting next_dagrun for report_hourly_dag to 2026-06-18T01:58:00+00:00, run_after=2026-06-18T01:59:00+00:00
[2026-06-18T15:41:26.969+0000] {processor.py:179} INFO - Processing /opt/airflow/dags/report_hourly_dag.py took 0.072 seconds
[2026-06-18T15:41:57.192+0000] {processor.py:157} INFO - Started process (PID=768) to work on /opt/airflow/dags/report_hourly_dag.py
[2026-06-18T15:41:57.195+0000] {processor.py:829} INFO - Processing file /opt/airflow/dags/report_hourly_dag.py for tasks to queue
[2026-06-18T15:41:57.195+0000] {logging_mixin.py:154} INFO - [2026-06-18T15:41:57.195+0000] {dagbag.py:536} INFO - Filling up the DagBag from /opt/airflow/dags/report_hourly_dag.py
[2026-06-18T15:41:57.206+0000] {processor.py:839} INFO - DAG(s) dict_keys(['report_hourly_dag']) retrieved from /opt/airflow/dags/report_hourly_dag.py
[2026-06-18T15:41:57.223+0000] {logging_mixin.py:154} INFO - [2026-06-18T15:41:57.223+0000] {dag.py:2941} INFO - Sync 1 DAGs
[2026-06-18T15:41:57.241+0000] {logging_mixin.py:154} INFO - [2026-06-18T15:41:57.241+0000] {dag.py:3722} INFO - Setting next_dagrun for report_hourly_dag to 2026-06-18T01:58:00+00:00, run_after=2026-06-18T01:59:00+00:00
[2026-06-18T15:41:57.253+0000] {processor.py:179} INFO - Processing /opt/airflow/dags/report_hourly_dag.py took 0.064 seconds
[2026-06-18T15:42:27.468+0000] {processor.py:157} INFO - Started process (PID=783) to work on /opt/airflow/dags/report_hourly_dag.py
[2026-06-18T15:42:27.469+0000] {processor.py:829} INFO - Processing file /opt/airflow/dags/report_hourly_dag.py for tasks to queue
[2026-06-18T15:42:27.470+0000] {logging_mixin.py:154} INFO - [2026-06-18T15:42:27.469+0000] {dagbag.py:536} INFO - Filling up the DagBag from /opt/airflow/dags/report_hourly_dag.py
[2026-06-18T15:42:27.479+0000] {processor.py:839} INFO - DAG(s) dict_keys(['report_hourly_dag']) retrieved from /opt/airflow/dags/report_hourly_dag.py
[2026-06-18T15:42:27.497+0000] {logging_mixin.py:154} INFO - [2026-06-18T15:42:27.497+0000] {dag.py:2941} INFO - Sync 1 DAGs
[2026-06-18T15:42:27.520+0000] {logging_mixin.py:154} INFO - [2026-06-18T15:42:27.520+0000] {dag.py:3722} INFO - Setting next_dagrun for report_hourly_dag to 2026-06-18T01:58:00+00:00, run_after=2026-06-18T01:59:00+00:00
[2026-06-18T15:42:27.536+0000] {processor.py:179} INFO - Processing /opt/airflow/dags/report_hourly_dag.py took 0.071 seconds
[2026-06-18T15:42:57.730+0000] {processor.py:157} INFO - Started process (PID=798) to work on /opt/airflow/dags/report_hourly_dag.py
[2026-06-18T15:42:57.732+0000] {processor.py:829} INFO - Processing file /opt/airflow/dags/report_hourly_dag.py for tasks to queue
[2026-06-18T15:42:57.733+0000] {logging_mixin.py:154} INFO - [2026-06-18T15:42:57.733+0000] {dagbag.py:536} INFO - Filling up the DagBag from /opt/airflow/dags/report_hourly_dag.py
[2026-06-18T15:42:57.746+0000] {processor.py:839} INFO - DAG(s) dict_keys(['report_hourly_dag']) retrieved from /opt/airflow/dags/report_hourly_dag.py
[2026-06-18T15:42:57.763+0000] {logging_mixin.py:154} INFO - [2026-06-18T15:42:57.763+0000] {dag.py:2941} INFO - Sync 1 DAGs
[2026-06-18T15:42:57.781+0000] {logging_mixin.py:154} INFO - [2026-06-18T15:42:57.781+0000] {dag.py:3722} INFO - Setting next_dagrun for report_hourly_dag to 2026-06-18T01:58:00+00:00, run_after=2026-06-18T01:59:00+00:00
[2026-06-18T15:42:57.795+0000] {processor.py:179} INFO - Processing /opt/airflow/dags/report_hourly_dag.py took 0.069 seconds
[2026-06-18T15:43:27.999+0000] {processor.py:157} INFO - Started process (PID=813) to work on /opt/airflow/dags/report_hourly_dag.py
[2026-06-18T15:43:28.000+0000] {processor.py:829} INFO - Processing file /opt/airflow/dags/report_hourly_dag.py for tasks to queue
[2026-06-18T15:43:28.001+0000] {logging_mixin.py:154} INFO - [2026-06-18T15:43:28.000+0000] {dagbag.py:536} INFO - Filling up the DagBag from /opt/airflow/dags/report_hourly_dag.py
[2026-06-18T15:43:28.010+0000] {processor.py:839} INFO - DAG(s) dict_keys(['report_hourly_dag']) retrieved from /opt/airflow/dags/report_hourly_dag.py
[2026-06-18T15:43:28.031+0000] {logging_mixin.py:154} INFO - [2026-06-18T15:43:28.031+0000] {dag.py:2941} INFO - Sync 1 DAGs
[2026-06-18T15:43:28.053+0000] {logging_mixin.py:154} INFO - [2026-06-18T15:43:28.053+0000] {dag.py:3722} INFO - Setting next_dagrun for report_hourly_dag to 2026-06-18T01:58:00+00:00, run_after=2026-06-18T01:59:00+00:00
[2026-06-18T15:43:28.065+0000] {processor.py:179} INFO - Processing /opt/airflow/dags/report_hourly_dag.py took 0.069 seconds
[2026-06-18T15:43:58.266+0000] {processor.py:157} INFO - Started process (PID=828) to work on /opt/airflow/dags/report_hourly_dag.py
[2026-06-18T15:43:58.267+0000] {processor.py:829} INFO - Processing file /opt/airflow/dags/report_hourly_dag.py for tasks to queue
[2026-06-18T15:43:58.268+0000] {logging_mixin.py:154} INFO - [2026-06-18T15:43:58.268+0000] {dagbag.py:536} INFO - Filling up the DagBag from /opt/airflow/dags/report_hourly_dag.py
[2026-06-18T15:43:58.278+0000] {processor.py:839} INFO - DAG(s) dict_keys(['report_hourly_dag']) retrieved from /opt/airflow/dags/report_hourly_dag.py
[2026-06-18T15:43:58.294+0000] {logging_mixin.py:154} INFO - [2026-06-18T15:43:58.294+0000] {dag.py:2941} INFO - Sync 1 DAGs
[2026-06-18T15:43:58.312+0000] {logging_mixin.py:154} INFO - [2026-06-18T15:43:58.312+0000] {dag.py:3722} INFO - Setting next_dagrun for report_hourly_dag to 2026-06-18T01:58:00+00:00, run_after=2026-06-18T01:59:00+00:00
[2026-06-18T15:43:58.327+0000] {processor.py:179} INFO - Processing /opt/airflow/dags/report_hourly_dag.py took 0.065 seconds
[2026-06-18T15:44:28.536+0000] {processor.py:157} INFO - Started process (PID=843) to work on /opt/airflow/dags/report_hourly_dag.py
[2026-06-18T15:44:28.537+0000] {processor.py:829} INFO - Processing file /opt/airflow/dags/report_hourly_dag.py for tasks to queue
[2026-06-18T15:44:28.538+0000] {logging_mixin.py:154} INFO - [2026-06-18T15:44:28.538+0000] {dagbag.py:536} INFO - Filling up the DagBag from /opt/airflow/dags/report_hourly_dag.py
[2026-06-18T15:44:28.549+0000] {processor.py:839} INFO - DAG(s) dict_keys(['report_hourly_dag']) retrieved from /opt/airflow/dags/report_hourly_dag.py
[2026-06-18T15:44:28.564+0000] {logging_mixin.py:154} INFO - [2026-06-18T15:44:28.564+0000] {dag.py:2941} INFO - Sync 1 DAGs
[2026-06-18T15:44:28.587+0000] {logging_mixin.py:154} INFO - [2026-06-18T15:44:28.587+0000] {dag.py:3722} INFO - Setting next_dagrun for report_hourly_dag to 2026-06-18T01:58:00+00:00, run_after=2026-06-18T01:59:00+00:00
[2026-06-18T15:44:28.602+0000] {processor.py:179} INFO - Processing /opt/airflow/dags/report_hourly_dag.py took 0.069 seconds
[2026-06-18T15:44:58.795+0000] {processor.py:157} INFO - Started process (PID=858) to work on /opt/airflow/dags/report_hourly_dag.py
[2026-06-18T15:44:58.796+0000] {processor.py:829} INFO - Processing file /opt/airflow/dags/report_hourly_dag.py for tasks to queue
[2026-06-18T15:44:58.797+0000] {logging_mixin.py:154} INFO - [2026-06-18T15:44:58.797+0000] {dagbag.py:536} INFO - Filling up the DagBag from /opt/airflow/dags/report_hourly_dag.py
[2026-06-18T15:44:58.808+0000] {processor.py:839} INFO - DAG(s) dict_keys(['report_hourly_dag']) retrieved from /opt/airflow/dags/report_hourly_dag.py
[2026-06-18T15:44:58.824+0000] {logging_mixin.py:154} INFO - [2026-06-18T15:44:58.824+0000] {dag.py:2941} INFO - Sync 1 DAGs
[2026-06-18T15:44:58.843+0000] {logging_mixin.py:154} INFO - [2026-06-18T15:44:58.843+0000] {dag.py:3722} INFO - Setting next_dagrun for report_hourly_dag to 2026-06-18T01:58:00+00:00, run_after=2026-06-18T01:59:00+00:00
[2026-06-18T15:44:58.857+0000] {processor.py:179} INFO - Processing /opt/airflow/dags/report_hourly_dag.py took 0.065 seconds
[2026-06-18T15:45:29.023+0000] {processor.py:157} INFO - Started process (PID=873) to work on /opt/airflow/dags/report_hourly_dag.py
[2026-06-18T15:45:29.024+0000] {processor.py:829} INFO - Processing file /opt/airflow/dags/report_hourly_dag.py for tasks to queue
[2026-06-18T15:45:29.024+0000] {logging_mixin.py:154} INFO - [2026-06-18T15:45:29.024+0000] {dagbag.py:536} INFO - Filling up the DagBag from /opt/airflow/dags/report_hourly_dag.py
[2026-06-18T15:45:29.033+0000] {processor.py:839} INFO - DAG(s) dict_keys(['report_hourly_dag']) retrieved from /opt/airflow/dags/report_hourly_dag.py
[2026-06-18T15:45:29.054+0000] {logging_mixin.py:154} INFO - [2026-06-18T15:45:29.054+0000] {dag.py:2941} INFO - Sync 1 DAGs
[2026-06-18T15:45:29.077+0000] {logging_mixin.py:154} INFO - [2026-06-18T15:45:29.077+0000] {dag.py:3722} INFO - Setting next_dagrun for report_hourly_dag to 2026-06-18T01:58:00+00:00, run_after=2026-06-18T01:59:00+00:00
[2026-06-18T15:45:29.094+0000] {processor.py:179} INFO - Processing /opt/airflow/dags/report_hourly_dag.py took 0.073 seconds
[2026-06-18T15:45:59.275+0000] {processor.py:157} INFO - Started process (PID=888) to work on /opt/airflow/dags/report_hourly_dag.py
[2026-06-18T15:45:59.280+0000] {processor.py:829} INFO - Processing file /opt/airflow/dags/report_hourly_dag.py for tasks to queue
[2026-06-18T15:45:59.280+0000] {logging_mixin.py:154} INFO - [2026-06-18T15:45:59.280+0000] {dagbag.py:536} INFO - Filling up the DagBag from /opt/airflow/dags/report_hourly_dag.py
[2026-06-18T15:45:59.292+0000] {processor.py:839} INFO - DAG(s) dict_keys(['report_hourly_dag']) retrieved from /opt/airflow/dags/report_hourly_dag.py
[2026-06-18T15:45:59.313+0000] {logging_mixin.py:154} INFO - [2026-06-18T15:45:59.313+0000] {dag.py:2941} INFO - Sync 1 DAGs
[2026-06-18T15:45:59.330+0000] {logging_mixin.py:154} INFO - [2026-06-18T15:45:59.330+0000] {dag.py:3722} INFO - Setting next_dagrun for report_hourly_dag to 2026-06-18T01:58:00+00:00, run_after=2026-06-18T01:59:00+00:00
[2026-06-18T15:45:59.350+0000] {processor.py:179} INFO - Processing /opt/airflow/dags/report_hourly_dag.py took 0.077 seconds
[2026-06-18T15:46:29.548+0000] {processor.py:157} INFO - Started process (PID=903) to work on /opt/airflow/dags/report_hourly_dag.py
[2026-06-18T15:46:29.548+0000] {processor.py:829} INFO - Processing file /opt/airflow/dags/report_hourly_dag.py for tasks to queue
[2026-06-18T15:46:29.549+0000] {logging_mixin.py:154} INFO - [2026-06-18T15:46:29.549+0000] {dagbag.py:536} INFO - Filling up the DagBag from /opt/airflow/dags/report_hourly_dag.py
[2026-06-18T15:46:29.558+0000] {processor.py:839} INFO - DAG(s) dict_keys(['report_hourly_dag']) retrieved from /opt/airflow/dags/report_hourly_dag.py
[2026-06-18T15:46:29.578+0000] {logging_mixin.py:154} INFO - [2026-06-18T15:46:29.578+0000] {dag.py:2941} INFO - Sync 1 DAGs
[2026-06-18T15:46:29.601+0000] {logging_mixin.py:154} INFO - [2026-06-18T15:46:29.601+0000] {dag.py:3722} INFO - Setting next_dagrun for report_hourly_dag to 2026-06-18T01:58:00+00:00, run_after=2026-06-18T01:59:00+00:00
[2026-06-18T15:46:29.615+0000] {processor.py:179} INFO - Processing /opt/airflow/dags/report_hourly_dag.py took 0.070 seconds
[2026-06-18T15:46:59.822+0000] {processor.py:157} INFO - Started process (PID=918) to work on /opt/airflow/dags/report_hourly_dag.py
[2026-06-18T15:46:59.825+0000] {processor.py:829} INFO - Processing file /opt/airflow/dags/report_hourly_dag.py for tasks to queue
[2026-06-18T15:46:59.826+0000] {logging_mixin.py:154} INFO - [2026-06-18T15:46:59.825+0000] {dagbag.py:536} INFO - Filling up the DagBag from /opt/airflow/dags/report_hourly_dag.py
[2026-06-18T15:46:59.838+0000] {processor.py:839} INFO - DAG(s) dict_keys(['report_hourly_dag']) retrieved from /opt/airflow/dags/report_hourly_dag.py
[2026-06-18T15:46:59.856+0000] {logging_mixin.py:154} INFO - [2026-06-18T15:46:59.856+0000] {dag.py:2941} INFO - Sync 1 DAGs
[2026-06-18T15:46:59.874+0000] {logging_mixin.py:154} INFO - [2026-06-18T15:46:59.874+0000] {dag.py:3722} INFO - Setting next_dagrun for report_hourly_dag to 2026-06-18T01:58:00+00:00, run_after=2026-06-18T01:59:00+00:00
[2026-06-18T15:46:59.888+0000] {processor.py:179} INFO - Processing /opt/airflow/dags/report_hourly_dag.py took 0.069 seconds
[2026-06-18T15:47:30.092+0000] {processor.py:157} INFO - Started process (PID=933) to work on /opt/airflow/dags/report_hourly_dag.py
[2026-06-18T15:47:30.092+0000] {processor.py:829} INFO - Processing file /opt/airflow/dags/report_hourly_dag.py for tasks to queue
[2026-06-18T15:47:30.093+0000] {logging_mixin.py:154} INFO - [2026-06-18T15:47:30.093+0000] {dagbag.py:536} INFO - Filling up the DagBag from /opt/airflow/dags/report_hourly_dag.py
[2026-06-18T15:47:30.102+0000] {processor.py:839} INFO - DAG(s) dict_keys(['report_hourly_dag']) retrieved from /opt/airflow/dags/report_hourly_dag.py
[2026-06-18T15:47:30.118+0000] {logging_mixin.py:154} INFO - [2026-06-18T15:47:30.118+0000] {dag.py:2941} INFO - Sync 1 DAGs
[2026-06-18T15:47:30.211+0000] {logging_mixin.py:154} INFO - [2026-06-18T15:47:30.211+0000] {dag.py:3722} INFO - Setting next_dagrun for report_hourly_dag to 2026-06-18T01:58:00+00:00, run_after=2026-06-18T01:59:00+00:00
[2026-06-18T15:47:30.235+0000] {processor.py:179} INFO - Processing /opt/airflow/dags/report_hourly_dag.py took 0.147 seconds
[2026-06-18T15:48:00.449+0000] {processor.py:157} INFO - Started process (PID=948) to work on /opt/airflow/dags/report_hourly_dag.py
[2026-06-18T15:48:00.451+0000] {processor.py:829} INFO - Processing file /opt/airflow/dags/report_hourly_dag.py for tasks to queue
[2026-06-18T15:48:00.452+0000] {logging_mixin.py:154} INFO - [2026-06-18T15:48:00.452+0000] {dagbag.py:536} INFO - Filling up the DagBag from /opt/airflow/dags/report_hourly_dag.py
[2026-06-18T15:48:00.461+0000] {processor.py:839} INFO - DAG(s) dict_keys(['report_hourly_dag']) retrieved from /opt/airflow/dags/report_hourly_dag.py
[2026-06-18T15:48:00.479+0000] {logging_mixin.py:154} INFO - [2026-06-18T15:48:00.479+0000] {dag.py:2941} INFO - Sync 1 DAGs
[2026-06-18T15:48:00.496+0000] {logging_mixin.py:154} INFO - [2026-06-18T15:48:00.496+0000] {dag.py:3722} INFO - Setting next_dagrun for report_hourly_dag to 2026-06-18T01:58:00+00:00, run_after=2026-06-18T01:59:00+00:00
[2026-06-18T15:48:00.508+0000] {processor.py:179} INFO - Processing /opt/airflow/dags/report_hourly_dag.py took 0.063 seconds
[2026-06-18T15:48:30.696+0000] {processor.py:157} INFO - Started process (PID=963) to work on /opt/airflow/dags/report_hourly_dag.py
[2026-06-18T15:48:30.696+0000] {processor.py:829} INFO - Processing file /opt/airflow/dags/report_hourly_dag.py for tasks to queue
[2026-06-18T15:48:30.697+0000] {logging_mixin.py:154} INFO - [2026-06-18T15:48:30.697+0000] {dagbag.py:536} INFO - Filling up the DagBag from /opt/airflow/dags/report_hourly_dag.py
[2026-06-18T15:48:30.704+0000] {processor.py:839} INFO - DAG(s) dict_keys(['report_hourly_dag']) retrieved from /opt/airflow/dags/report_hourly_dag.py
[2026-06-18T15:48:30.720+0000] {logging_mixin.py:154} INFO - [2026-06-18T15:48:30.720+0000] {dag.py:2941} INFO - Sync 1 DAGs
[2026-06-18T15:48:30.737+0000] {logging_mixin.py:154} INFO - [2026-06-18T15:48:30.737+0000] {dag.py:3722} INFO - Setting next_dagrun for report_hourly_dag to 2026-06-18T01:58:00+00:00, run_after=2026-06-18T01:59:00+00:00
[2026-06-18T15:48:30.752+0000] {processor.py:179} INFO - Processing /opt/airflow/dags/report_hourly_dag.py took 0.058 seconds
[2026-06-18T15:49:00.941+0000] {processor.py:157} INFO - Started process (PID=978) to work on /opt/airflow/dags/report_hourly_dag.py
[2026-06-18T15:49:00.944+0000] {processor.py:829} INFO - Processing file /opt/airflow/dags/report_hourly_dag.py for tasks to queue
[2026-06-18T15:49:00.944+0000] {logging_mixin.py:154} INFO - [2026-06-18T15:49:00.944+0000] {dagbag.py:536} INFO - Filling up the DagBag from /opt/airflow/dags/report_hourly_dag.py
[2026-06-18T15:49:00.952+0000] {processor.py:839} INFO - DAG(s) dict_keys(['report_hourly_dag']) retrieved from /opt/airflow/dags/report_hourly_dag.py
[2026-06-18T15:49:00.969+0000] {logging_mixin.py:154} INFO - [2026-06-18T15:49:00.969+0000] {dag.py:2941} INFO - Sync 1 DAGs
[2026-06-18T15:49:00.988+0000] {logging_mixin.py:154} INFO - [2026-06-18T15:49:00.988+0000] {dag.py:3722} INFO - Setting next_dagrun for report_hourly_dag to 2026-06-18T01:58:00+00:00, run_after=2026-06-18T01:59:00+00:00
[2026-06-18T15:49:01.008+0000] {processor.py:179} INFO - Processing /opt/airflow/dags/report_hourly_dag.py took 0.071 seconds
[2026-06-18T15:49:31.207+0000] {processor.py:157} INFO - Started process (PID=993) to work on /opt/airflow/dags/report_hourly_dag.py
[2026-06-18T15:49:31.208+0000] {processor.py:829} INFO - Processing file /opt/airflow/dags/report_hourly_dag.py for tasks to queue
[2026-06-18T15:49:31.208+0000] {logging_mixin.py:154} INFO - [2026-06-18T15:49:31.208+0000] {dagbag.py:536} INFO - Filling up the DagBag from /opt/airflow/dags/report_hourly_dag.py
[2026-06-18T15:49:31.217+0000] {processor.py:839} INFO - DAG(s) dict_keys(['report_hourly_dag']) retrieved from /opt/airflow/dags/report_hourly_dag.py
[2026-06-18T15:49:31.236+0000] {logging_mixin.py:154} INFO - [2026-06-18T15:49:31.236+0000] {dag.py:2941} INFO - Sync 1 DAGs
[2026-06-18T15:49:31.256+0000] {logging_mixin.py:154} INFO - [2026-06-18T15:49:31.256+0000] {dag.py:3722} INFO - Setting next_dagrun for report_hourly_dag to 2026-06-18T01:58:00+00:00, run_after=2026-06-18T01:59:00+00:00
[2026-06-18T15:49:31.269+0000] {processor.py:179} INFO - Processing /opt/airflow/dags/report_hourly_dag.py took 0.067 seconds
[2026-06-18T15:50:01.471+0000] {processor.py:157} INFO - Started process (PID=1008) to work on /opt/airflow/dags/report_hourly_dag.py
[2026-06-18T15:50:01.474+0000] {processor.py:829} INFO - Processing file /opt/airflow/dags/report_hourly_dag.py for tasks to queue
[2026-06-18T15:50:01.475+0000] {logging_mixin.py:154} INFO - [2026-06-18T15:50:01.474+0000] {dagbag.py:536} INFO - Filling up the DagBag from /opt/airflow/dags/report_hourly_dag.py
[2026-06-18T15:50:01.486+0000] {processor.py:839} INFO - DAG(s) dict_keys(['report_hourly_dag']) retrieved from /opt/airflow/dags/report_hourly_dag.py
[2026-06-18T15:50:01.503+0000] {logging_mixin.py:154} INFO - [2026-06-18T15:50:01.503+0000] {dag.py:2941} INFO - Sync 1 DAGs
[2026-06-18T15:50:01.521+0000] {logging_mixin.py:154} INFO - [2026-06-18T15:50:01.521+0000] {dag.py:3722} INFO - Setting next_dagrun for report_hourly_dag to 2026-06-18T01:58:00+00:00, run_after=2026-06-18T01:59:00+00:00
[2026-06-18T15:50:01.537+0000] {processor.py:179} INFO - Processing /opt/airflow/dags/report_hourly_dag.py took 0.069 seconds
[2026-06-18T15:50:31.723+0000] {processor.py:157} INFO - Started process (PID=1023) to work on /opt/airflow/dags/report_hourly_dag.py
[2026-06-18T15:50:31.723+0000] {processor.py:829} INFO - Processing file /opt/airflow/dags/report_hourly_dag.py for tasks to queue
[2026-06-18T15:50:31.724+0000] {logging_mixin.py:154} INFO - [2026-06-18T15:50:31.724+0000] {dagbag.py:536} INFO - Filling up the DagBag from /opt/airflow/dags/report_hourly_dag.py
[2026-06-18T15:50:31.734+0000] {processor.py:839} INFO - DAG(s) dict_keys(['report_hourly_dag']) retrieved from /opt/airflow/dags/report_hourly_dag.py
[2026-06-18T15:50:31.750+0000] {logging_mixin.py:154} INFO - [2026-06-18T15:50:31.750+0000] {dag.py:2941} INFO - Sync 1 DAGs
[2026-06-18T15:50:31.768+0000] {logging_mixin.py:154} INFO - [2026-06-18T15:50:31.768+0000] {dag.py:3722} INFO - Setting next_dagrun for report_hourly_dag to 2026-06-18T01:58:00+00:00, run_after=2026-06-18T01:59:00+00:00
[2026-06-18T15:50:31.783+0000] {processor.py:179} INFO - Processing /opt/airflow/dags/report_hourly_dag.py took 0.064 seconds
[2026-06-18T15:51:01.946+0000] {processor.py:157} INFO - Started process (PID=1038) to work on /opt/airflow/dags/report_hourly_dag.py
[2026-06-18T15:51:01.950+0000] {processor.py:829} INFO - Processing file /opt/airflow/dags/report_hourly_dag.py for tasks to queue
[2026-06-18T15:51:01.951+0000] {logging_mixin.py:154} INFO - [2026-06-18T15:51:01.951+0000] {dagbag.py:536} INFO - Filling up the DagBag from /opt/airflow/dags/report_hourly_dag.py
[2026-06-18T15:51:01.962+0000] {processor.py:839} INFO - DAG(s) dict_keys(['report_hourly_dag']) retrieved from /opt/airflow/dags/report_hourly_dag.py
[2026-06-18T15:51:01.980+0000] {logging_mixin.py:154} INFO - [2026-06-18T15:51:01.980+0000] {dag.py:2941} INFO - Sync 1 DAGs
[2026-06-18T15:51:01.999+0000] {logging_mixin.py:154} INFO - [2026-06-18T15:51:01.999+0000] {dag.py:3722} INFO - Setting next_dagrun for report_hourly_dag to 2026-06-18T01:58:00+00:00, run_after=2026-06-18T01:59:00+00:00
[2026-06-18T15:51:02.012+0000] {processor.py:179} INFO - Processing /opt/airflow/dags/report_hourly_dag.py took 0.068 seconds
[2026-06-18T15:51:32.235+0000] {processor.py:157} INFO - Started process (PID=1053) to work on /opt/airflow/dags/report_hourly_dag.py
[2026-06-18T15:51:32.236+0000] {processor.py:829} INFO - Processing file /opt/airflow/dags/report_hourly_dag.py for tasks to queue
[2026-06-18T15:51:32.237+0000] {logging_mixin.py:154} INFO - [2026-06-18T15:51:32.236+0000] {dagbag.py:536} INFO - Filling up the DagBag from /opt/airflow/dags/report_hourly_dag.py
[2026-06-18T15:51:32.245+0000] {processor.py:839} INFO - DAG(s) dict_keys(['report_hourly_dag']) retrieved from /opt/airflow/dags/report_hourly_dag.py
[2026-06-18T15:51:32.261+0000] {logging_mixin.py:154} INFO - [2026-06-18T15:51:32.261+0000] {dag.py:2941} INFO - Sync 1 DAGs
[2026-06-18T15:51:32.279+0000] {logging_mixin.py:154} INFO - [2026-06-18T15:51:32.278+0000] {dag.py:3722} INFO - Setting next_dagrun for report_hourly_dag to 2026-06-18T01:58:00+00:00, run_after=2026-06-18T01:59:00+00:00
[2026-06-18T15:51:32.292+0000] {processor.py:179} INFO - Processing /opt/airflow/dags/report_hourly_dag.py took 0.060 seconds
[2026-06-18T15:52:02.475+0000] {processor.py:157} INFO - Started process (PID=1068) to work on /opt/airflow/dags/report_hourly_dag.py
[2026-06-18T15:52:02.477+0000] {processor.py:829} INFO - Processing file /opt/airflow/dags/report_hourly_dag.py for tasks to queue
[2026-06-18T15:52:02.477+0000] {logging_mixin.py:154} INFO - [2026-06-18T15:52:02.477+0000] {dagbag.py:536} INFO - Filling up the DagBag from /opt/airflow/dags/report_hourly_dag.py
[2026-06-18T15:52:02.488+0000] {processor.py:839} INFO - DAG(s) dict_keys(['report_hourly_dag']) retrieved from /opt/airflow/dags/report_hourly_dag.py
[2026-06-18T15:52:02.506+0000] {logging_mixin.py:154} INFO - [2026-06-18T15:52:02.506+0000] {dag.py:2941} INFO - Sync 1 DAGs
[2026-06-18T15:52:02.526+0000] {logging_mixin.py:154} INFO - [2026-06-18T15:52:02.526+0000] {dag.py:3722} INFO - Setting next_dagrun for report_hourly_dag to 2026-06-18T01:58:00+00:00, run_after=2026-06-18T01:59:00+00:00
[2026-06-18T15:52:02.541+0000] {processor.py:179} INFO - Processing /opt/airflow/dags/report_hourly_dag.py took 0.068 seconds
[2026-06-18T15:52:32.728+0000] {processor.py:157} INFO - Started process (PID=1083) to work on /opt/airflow/dags/report_hourly_dag.py
[2026-06-18T15:52:32.728+0000] {processor.py:829} INFO - Processing file /opt/airflow/dags/report_hourly_dag.py for tasks to queue
[2026-06-18T15:52:32.729+0000] {logging_mixin.py:154} INFO - [2026-06-18T15:52:32.729+0000] {dagbag.py:536} INFO - Filling up the DagBag from /opt/airflow/dags/report_hourly_dag.py
[2026-06-18T15:52:32.738+0000] {processor.py:839} INFO - DAG(s) dict_keys(['report_hourly_dag']) retrieved from /opt/airflow/dags/report_hourly_dag.py
[2026-06-18T15:52:32.753+0000] {logging_mixin.py:154} INFO - [2026-06-18T15:52:32.753+0000] {dag.py:2941} INFO - Sync 1 DAGs
[2026-06-18T15:52:32.773+0000] {logging_mixin.py:154} INFO - [2026-06-18T15:52:32.773+0000] {dag.py:3722} INFO - Setting next_dagrun for report_hourly_dag to 2026-06-18T01:58:00+00:00, run_after=2026-06-18T01:59:00+00:00
[2026-06-18T15:52:32.800+0000] {processor.py:179} INFO - Processing /opt/airflow/dags/report_hourly_dag.py took 0.075 seconds
[2026-06-18T15:53:03.002+0000] {processor.py:157} INFO - Started process (PID=1098) to work on /opt/airflow/dags/report_hourly_dag.py
[2026-06-18T15:53:03.003+0000] {processor.py:829} INFO - Processing file /opt/airflow/dags/report_hourly_dag.py for tasks to queue
[2026-06-18T15:53:03.004+0000] {logging_mixin.py:154} INFO - [2026-06-18T15:53:03.004+0000] {dagbag.py:536} INFO - Filling up the DagBag from /opt/airflow/dags/report_hourly_dag.py
[2026-06-18T15:53:03.016+0000] {processor.py:839} INFO - DAG(s) dict_keys(['report_hourly_dag']) retrieved from /opt/airflow/dags/report_hourly_dag.py
[2026-06-18T15:53:03.033+0000] {logging_mixin.py:154} INFO - [2026-06-18T15:53:03.033+0000] {dag.py:2941} INFO - Sync 1 DAGs
[2026-06-18T15:53:03.053+0000] {logging_mixin.py:154} INFO - [2026-06-18T15:53:03.053+0000] {dag.py:3722} INFO - Setting next_dagrun for report_hourly_dag to 2026-06-18T01:58:00+00:00, run_after=2026-06-18T01:59:00+00:00
[2026-06-18T15:53:03.070+0000] {processor.py:179} INFO - Processing /opt/airflow/dags/report_hourly_dag.py took 0.072 seconds
[2026-06-18T15:53:33.272+0000] {processor.py:157} INFO - Started process (PID=1113) to work on /opt/airflow/dags/report_hourly_dag.py
[2026-06-18T15:53:33.273+0000] {processor.py:829} INFO - Processing file /opt/airflow/dags/report_hourly_dag.py for tasks to queue
[2026-06-18T15:53:33.274+0000] {logging_mixin.py:154} INFO - [2026-06-18T15:53:33.274+0000] {dagbag.py:536} INFO - Filling up the DagBag from /opt/airflow/dags/report_hourly_dag.py
[2026-06-18T15:53:33.283+0000] {processor.py:839} INFO - DAG(s) dict_keys(['report_hourly_dag']) retrieved from /opt/airflow/dags/report_hourly_dag.py
[2026-06-18T15:53:33.299+0000] {logging_mixin.py:154} INFO - [2026-06-18T15:53:33.299+0000] {dag.py:2941} INFO - Sync 1 DAGs
[2026-06-18T15:53:33.316+0000] {logging_mixin.py:154} INFO - [2026-06-18T15:53:33.316+0000] {dag.py:3722} INFO - Setting next_dagrun for report_hourly_dag to 2026-06-18T01:58:00+00:00, run_after=2026-06-18T01:59:00+00:00
[2026-06-18T15:53:33.329+0000] {processor.py:179} INFO - Processing /opt/airflow/dags/report_hourly_dag.py took 0.061 seconds
[2026-06-18T15:54:03.533+0000] {processor.py:157} INFO - Started process (PID=1128) to work on /opt/airflow/dags/report_hourly_dag.py
[2026-06-18T15:54:03.536+0000] {processor.py:829} INFO - Processing file /opt/airflow/dags/report_hourly_dag.py for tasks to queue
[2026-06-18T15:54:03.537+0000] {logging_mixin.py:154} INFO - [2026-06-18T15:54:03.537+0000] {dagbag.py:536} INFO - Filling up the DagBag from /opt/airflow/dags/report_hourly_dag.py
[2026-06-18T15:54:03.547+0000] {processor.py:839} INFO - DAG(s) dict_keys(['report_hourly_dag']) retrieved from /opt/airflow/dags/report_hourly_dag.py
[2026-06-18T15:54:03.565+0000] {logging_mixin.py:154} INFO - [2026-06-18T15:54:03.564+0000] {dag.py:2941} INFO - Sync 1 DAGs
[2026-06-18T15:54:03.582+0000] {logging_mixin.py:154} INFO - [2026-06-18T15:54:03.582+0000] {dag.py:3722} INFO - Setting next_dagrun for report_hourly_dag to 2026-06-18T01:58:00+00:00, run_after=2026-06-18T01:59:00+00:00
[2026-06-18T15:54:03.596+0000] {processor.py:179} INFO - Processing /opt/airflow/dags/report_hourly_dag.py took 0.066 seconds
[2026-06-18T15:54:33.806+0000] {processor.py:157} INFO - Started process (PID=1143) to work on /opt/airflow/dags/report_hourly_dag.py
[2026-06-18T15:54:33.806+0000] {processor.py:829} INFO - Processing file /opt/airflow/dags/report_hourly_dag.py for tasks to queue
[2026-06-18T15:54:33.807+0000] {logging_mixin.py:154} INFO - [2026-06-18T15:54:33.807+0000] {dagbag.py:536} INFO - Filling up the DagBag from /opt/airflow/dags/report_hourly_dag.py
[2026-06-18T15:54:33.816+0000] {processor.py:839} INFO - DAG(s) dict_keys(['report_hourly_dag']) retrieved from /opt/airflow/dags/report_hourly_dag.py
[2026-06-18T15:54:33.833+0000] {logging_mixin.py:154} INFO - [2026-06-18T15:54:33.833+0000] {dag.py:2941} INFO - Sync 1 DAGs
[2026-06-18T15:54:33.850+0000] {logging_mixin.py:154} INFO - [2026-06-18T15:54:33.850+0000] {dag.py:3722} INFO - Setting next_dagrun for report_hourly_dag to 2026-06-18T01:58:00+00:00, run_after=2026-06-18T01:59:00+00:00
[2026-06-18T15:54:33.863+0000] {processor.py:179} INFO - Processing /opt/airflow/dags/report_hourly_dag.py took 0.061 seconds
[2026-06-18T15:55:04.051+0000] {processor.py:157} INFO - Started process (PID=1158) to work on /opt/airflow/dags/report_hourly_dag.py
[2026-06-18T15:55:04.052+0000] {processor.py:829} INFO - Processing file /opt/airflow/dags/report_hourly_dag.py for tasks to queue
[2026-06-18T15:55:04.053+0000] {logging_mixin.py:154} INFO - [2026-06-18T15:55:04.053+0000] {dagbag.py:536} INFO - Filling up the DagBag from /opt/airflow/dags/report_hourly_dag.py
[2026-06-18T15:55:04.062+0000] {processor.py:839} INFO - DAG(s) dict_keys(['report_hourly_dag']) retrieved from /opt/airflow/dags/report_hourly_dag.py
[2026-06-18T15:55:04.079+0000] {logging_mixin.py:154} INFO - [2026-06-18T15:55:04.079+0000] {dag.py:2941} INFO - Sync 1 DAGs
[2026-06-18T15:55:04.097+0000] {logging_mixin.py:154} INFO - [2026-06-18T15:55:04.096+0000] {dag.py:3722} INFO - Setting next_dagrun for report_hourly_dag to 2026-06-18T01:58:00+00:00, run_after=2026-06-18T01:59:00+00:00
[2026-06-18T15:55:04.110+0000] {processor.py:179} INFO - Processing /opt/airflow/dags/report_hourly_dag.py took 0.063 seconds
[2026-06-18T15:55:34.285+0000] {processor.py:157} INFO - Started process (PID=1173) to work on /opt/airflow/dags/report_hourly_dag.py
[2026-06-18T15:55:34.285+0000] {processor.py:829} INFO - Processing file /opt/airflow/dags/report_hourly_dag.py for tasks to queue
[2026-06-18T15:55:34.286+0000] {logging_mixin.py:154} INFO - [2026-06-18T15:55:34.286+0000] {dagbag.py:536} INFO - Filling up the DagBag from /opt/airflow/dags/report_hourly_dag.py
[2026-06-18T15:55:34.299+0000] {processor.py:839} INFO - DAG(s) dict_keys(['report_hourly_dag']) retrieved from /opt/airflow/dags/report_hourly_dag.py
[2026-06-18T15:55:34.321+0000] {logging_mixin.py:154} INFO - [2026-06-18T15:55:34.321+0000] {dag.py:2941} INFO - Sync 1 DAGs
[2026-06-18T15:55:34.345+0000] {logging_mixin.py:154} INFO - [2026-06-18T15:55:34.345+0000] {dag.py:3722} INFO - Setting next_dagrun for report_hourly_dag to 2026-06-18T01:58:00+00:00, run_after=2026-06-18T01:59:00+00:00
[2026-06-18T15:55:34.361+0000] {processor.py:179} INFO - Processing /opt/airflow/dags/report_hourly_dag.py took 0.080 seconds
[2026-06-18T15:56:04.530+0000] {processor.py:157} INFO - Started process (PID=1188) to work on /opt/airflow/dags/report_hourly_dag.py
[2026-06-18T15:56:04.533+0000] {processor.py:829} INFO - Processing file /opt/airflow/dags/report_hourly_dag.py for tasks to queue
[2026-06-18T15:56:04.534+0000] {logging_mixin.py:154} INFO - [2026-06-18T15:56:04.534+0000] {dagbag.py:536} INFO - Filling up the DagBag from /opt/airflow/dags/report_hourly_dag.py
[2026-06-18T15:56:04.542+0000] {processor.py:839} INFO - DAG(s) dict_keys(['report_hourly_dag']) retrieved from /opt/airflow/dags/report_hourly_dag.py
[2026-06-18T15:56:04.560+0000] {logging_mixin.py:154} INFO - [2026-06-18T15:56:04.560+0000] {dag.py:2941} INFO - Sync 1 DAGs
[2026-06-18T15:56:04.582+0000] {logging_mixin.py:154} INFO - [2026-06-18T15:56:04.581+0000] {dag.py:3722} INFO - Setting next_dagrun for report_hourly_dag to 2026-06-18T01:58:00+00:00, run_after=2026-06-18T01:59:00+00:00
[2026-06-18T15:56:04.597+0000] {processor.py:179} INFO - Processing /opt/airflow/dags/report_hourly_dag.py took 0.070 seconds
[2026-06-18T15:56:34.826+0000] {processor.py:157} INFO - Started process (PID=1203) to work on /opt/airflow/dags/report_hourly_dag.py
[2026-06-18T15:56:34.827+0000] {processor.py:829} INFO - Processing file /opt/airflow/dags/report_hourly_dag.py for tasks to queue
[2026-06-18T15:56:34.828+0000] {logging_mixin.py:154} INFO - [2026-06-18T15:56:34.828+0000] {dagbag.py:536} INFO - Filling up the DagBag from /opt/airflow/dags/report_hourly_dag.py
[2026-06-18T15:56:34.841+0000] {processor.py:839} INFO - DAG(s) dict_keys(['report_hourly_dag']) retrieved from /opt/airflow/dags/report_hourly_dag.py
[2026-06-18T15:56:34.860+0000] {logging_mixin.py:154} INFO - [2026-06-18T15:56:34.859+0000] {dag.py:2941} INFO - Sync 1 DAGs
[2026-06-18T15:56:34.883+0000] {logging_mixin.py:154} INFO - [2026-06-18T15:56:34.883+0000] {dag.py:3722} INFO - Setting next_dagrun for report_hourly_dag to 2026-06-18T01:58:00+00:00, run_after=2026-06-18T01:59:00+00:00
[2026-06-18T15:56:34.897+0000] {processor.py:179} INFO - Processing /opt/airflow/dags/report_hourly_dag.py took 0.075 seconds
[2026-06-18T15:57:05.108+0000] {processor.py:157} INFO - Started process (PID=1218) to work on /opt/airflow/dags/report_hourly_dag.py
[2026-06-18T15:57:05.110+0000] {processor.py:829} INFO - Processing file /opt/airflow/dags/report_hourly_dag.py for tasks to queue
[2026-06-18T15:57:05.111+0000] {logging_mixin.py:154} INFO - [2026-06-18T15:57:05.111+0000] {dagbag.py:536} INFO - Filling up the DagBag from /opt/airflow/dags/report_hourly_dag.py
[2026-06-18T15:57:05.121+0000] {processor.py:839} INFO - DAG(s) dict_keys(['report_hourly_dag']) retrieved from /opt/airflow/dags/report_hourly_dag.py
[2026-06-18T15:57:05.138+0000] {logging_mixin.py:154} INFO - [2026-06-18T15:57:05.137+0000] {dag.py:2941} INFO - Sync 1 DAGs
[2026-06-18T15:57:05.156+0000] {logging_mixin.py:154} INFO - [2026-06-18T15:57:05.155+0000] {dag.py:3722} INFO - Setting next_dagrun for report_hourly_dag to 2026-06-18T01:58:00+00:00, run_after=2026-06-18T01:59:00+00:00
[2026-06-18T15:57:05.168+0000] {processor.py:179} INFO - Processing /opt/airflow/dags/report_hourly_dag.py took 0.064 seconds
[2026-06-18T15:57:35.375+0000] {processor.py:157} INFO - Started process (PID=1233) to work on /opt/airflow/dags/report_hourly_dag.py
[2026-06-18T15:57:35.375+0000] {processor.py:829} INFO - Processing file /opt/airflow/dags/report_hourly_dag.py for tasks to queue
[2026-06-18T15:57:35.376+0000] {logging_mixin.py:154} INFO - [2026-06-18T15:57:35.376+0000] {dagbag.py:536} INFO - Filling up the DagBag from /opt/airflow/dags/report_hourly_dag.py
[2026-06-18T15:57:35.388+0000] {processor.py:839} INFO - DAG(s) dict_keys(['report_hourly_dag']) retrieved from /opt/airflow/dags/report_hourly_dag.py
[2026-06-18T15:57:35.404+0000] {logging_mixin.py:154} INFO - [2026-06-18T15:57:35.404+0000] {dag.py:2941} INFO - Sync 1 DAGs
[2026-06-18T15:57:35.424+0000] {logging_mixin.py:154} INFO - [2026-06-18T15:57:35.424+0000] {dag.py:3722} INFO - Setting next_dagrun for report_hourly_dag to 2026-06-18T01:58:00+00:00, run_after=2026-06-18T01:59:00+00:00
[2026-06-18T15:57:35.442+0000] {processor.py:179} INFO - Processing /opt/airflow/dags/report_hourly_dag.py took 0.071 seconds
[2026-06-18T15:58:05.660+0000] {processor.py:157} INFO - Started process (PID=1248) to work on /opt/airflow/dags/report_hourly_dag.py
[2026-06-18T15:58:05.663+0000] {processor.py:829} INFO - Processing file /opt/airflow/dags/report_hourly_dag.py for tasks to queue
[2026-06-18T15:58:05.664+0000] {logging_mixin.py:154} INFO - [2026-06-18T15:58:05.664+0000] {dagbag.py:536} INFO - Filling up the DagBag from /opt/airflow/dags/report_hourly_dag.py
[2026-06-18T15:58:05.677+0000] {processor.py:839} INFO - DAG(s) dict_keys(['report_hourly_dag']) retrieved from /opt/airflow/dags/report_hourly_dag.py
[2026-06-18T15:58:05.695+0000] {logging_mixin.py:154} INFO - [2026-06-18T15:58:05.695+0000] {dag.py:2941} INFO - Sync 1 DAGs
[2026-06-18T15:58:05.711+0000] {logging_mixin.py:154} INFO - [2026-06-18T15:58:05.711+0000] {dag.py:3722} INFO - Setting next_dagrun for report_hourly_dag to 2026-06-18T01:58:00+00:00, run_after=2026-06-18T01:59:00+00:00
[2026-06-18T15:58:05.724+0000] {processor.py:179} INFO - Processing /opt/airflow/dags/report_hourly_dag.py took 0.068 seconds
[2026-06-18T15:58:35.940+0000] {processor.py:157} INFO - Started process (PID=1263) to work on /opt/airflow/dags/report_hourly_dag.py
[2026-06-18T15:58:35.941+0000] {processor.py:829} INFO - Processing file /opt/airflow/dags/report_hourly_dag.py for tasks to queue
[2026-06-18T15:58:35.941+0000] {logging_mixin.py:154} INFO - [2026-06-18T15:58:35.941+0000] {dagbag.py:536} INFO - Filling up the DagBag from /opt/airflow/dags/report_hourly_dag.py
[2026-06-18T15:58:35.952+0000] {processor.py:839} INFO - DAG(s) dict_keys(['report_hourly_dag']) retrieved from /opt/airflow/dags/report_hourly_dag.py
[2026-06-18T15:58:35.968+0000] {logging_mixin.py:154} INFO - [2026-06-18T15:58:35.968+0000] {dag.py:2941} INFO - Sync 1 DAGs
[2026-06-18T15:58:35.985+0000] {logging_mixin.py:154} INFO - [2026-06-18T15:58:35.985+0000] {dag.py:3722} INFO - Setting next_dagrun for report_hourly_dag to 2026-06-18T01:58:00+00:00, run_after=2026-06-18T01:59:00+00:00
[2026-06-18T15:58:36.000+0000] {processor.py:179} INFO - Processing /opt/airflow/dags/report_hourly_dag.py took 0.063 seconds
[2026-06-18T15:59:06.194+0000] {processor.py:157} INFO - Started process (PID=1278) to work on /opt/airflow/dags/report_hourly_dag.py
[2026-06-18T15:59:06.196+0000] {processor.py:829} INFO - Processing file /opt/airflow/dags/report_hourly_dag.py for tasks to queue
[2026-06-18T15:59:06.197+0000] {logging_mixin.py:154} INFO - [2026-06-18T15:59:06.197+0000] {dagbag.py:536} INFO - Filling up the DagBag from /opt/airflow/dags/report_hourly_dag.py
[2026-06-18T15:59:06.207+0000] {processor.py:839} INFO - DAG(s) dict_keys(['report_hourly_dag']) retrieved from /opt/airflow/dags/report_hourly_dag.py
[2026-06-18T15:59:06.225+0000] {logging_mixin.py:154} INFO - [2026-06-18T15:59:06.225+0000] {dag.py:2941} INFO - Sync 1 DAGs
[2026-06-18T15:59:06.243+0000] {logging_mixin.py:154} INFO - [2026-06-18T15:59:06.242+0000] {dag.py:3722} INFO - Setting next_dagrun for report_hourly_dag to 2026-06-18T01:58:00+00:00, run_after=2026-06-18T01:59:00+00:00
[2026-06-18T15:59:06.258+0000] {processor.py:179} INFO - Processing /opt/airflow/dags/report_hourly_dag.py took 0.067 seconds
[2026-06-18T15:59:36.449+0000] {processor.py:157} INFO - Started process (PID=1293) to work on /opt/airflow/dags/report_hourly_dag.py
[2026-06-18T15:59:36.450+0000] {processor.py:829} INFO - Processing file /opt/airflow/dags/report_hourly_dag.py for tasks to queue
[2026-06-18T15:59:36.451+0000] {logging_mixin.py:154} INFO - [2026-06-18T15:59:36.450+0000] {dagbag.py:536} INFO - Filling up the DagBag from /opt/airflow/dags/report_hourly_dag.py
[2026-06-18T15:59:36.461+0000] {processor.py:839} INFO - DAG(s) dict_keys(['report_hourly_dag']) retrieved from /opt/airflow/dags/report_hourly_dag.py
[2026-06-18T15:59:36.479+0000] {logging_mixin.py:154} INFO - [2026-06-18T15:59:36.478+0000] {dag.py:2941} INFO - Sync 1 DAGs
[2026-06-18T15:59:36.496+0000] {logging_mixin.py:154} INFO - [2026-06-18T15:59:36.496+0000] {dag.py:3722} INFO - Setting next_dagrun for report_hourly_dag to 2026-06-18T01:58:00+00:00, run_after=2026-06-18T01:59:00+00:00
[2026-06-18T15:59:36.511+0000] {processor.py:179} INFO - Processing /opt/airflow/dags/report_hourly_dag.py took 0.065 seconds
[2026-06-18T16:00:06.724+0000] {processor.py:157} INFO - Started process (PID=1308) to work on /opt/airflow/dags/report_hourly_dag.py
[2026-06-18T16:00:06.727+0000] {processor.py:829} INFO - Processing file /opt/airflow/dags/report_hourly_dag.py for tasks to queue
[2026-06-18T16:00:06.727+0000] {logging_mixin.py:154} INFO - [2026-06-18T16:00:06.727+0000] {dagbag.py:536} INFO - Filling up the DagBag from /opt/airflow/dags/report_hourly_dag.py
[2026-06-18T16:00:06.736+0000] {processor.py:839} INFO - DAG(s) dict_keys(['report_hourly_dag']) retrieved from /opt/airflow/dags/report_hourly_dag.py
[2026-06-18T16:00:06.752+0000] {logging_mixin.py:154} INFO - [2026-06-18T16:00:06.752+0000] {dag.py:2941} INFO - Sync 1 DAGs
[2026-06-18T16:00:06.771+0000] {logging_mixin.py:154} INFO - [2026-06-18T16:00:06.771+0000] {dag.py:3722} INFO - Setting next_dagrun for report_hourly_dag to 2026-06-18T01:58:00+00:00, run_after=2026-06-18T01:59:00+00:00
[2026-06-18T16:00:06.783+0000] {processor.py:179} INFO - Processing /opt/airflow/dags/report_hourly_dag.py took 0.064 seconds
[2026-06-18T16:00:36.952+0000] {processor.py:157} INFO - Started process (PID=1323) to work on /opt/airflow/dags/report_hourly_dag.py
[2026-06-18T16:00:36.952+0000] {processor.py:829} INFO - Processing file /opt/airflow/dags/report_hourly_dag.py for tasks to queue
[2026-06-18T16:00:36.953+0000] {logging_mixin.py:154} INFO - [2026-06-18T16:00:36.953+0000] {dagbag.py:536} INFO - Filling up the DagBag from /opt/airflow/dags/report_hourly_dag.py
[2026-06-18T16:00:36.961+0000] {processor.py:839} INFO - DAG(s) dict_keys(['report_hourly_dag']) retrieved from /opt/airflow/dags/report_hourly_dag.py
[2026-06-18T16:00:36.979+0000] {logging_mixin.py:154} INFO - [2026-06-18T16:00:36.979+0000] {dag.py:2941} INFO - Sync 1 DAGs
[2026-06-18T16:00:37.000+0000] {logging_mixin.py:154} INFO - [2026-06-18T16:00:36.999+0000] {dag.py:3722} INFO - Setting next_dagrun for report_hourly_dag to 2026-06-18T01:58:00+00:00, run_after=2026-06-18T01:59:00+00:00
[2026-06-18T16:00:37.013+0000] {processor.py:179} INFO - Processing /opt/airflow/dags/report_hourly_dag.py took 0.063 seconds
[2026-06-18T16:01:07.182+0000] {processor.py:157} INFO - Started process (PID=1338) to work on /opt/airflow/dags/report_hourly_dag.py
[2026-06-18T16:01:07.186+0000] {processor.py:829} INFO - Processing file /opt/airflow/dags/report_hourly_dag.py for tasks to queue
[2026-06-18T16:01:07.187+0000] {logging_mixin.py:154} INFO - [2026-06-18T16:01:07.187+0000] {dagbag.py:536} INFO - Filling up the DagBag from /opt/airflow/dags/report_hourly_dag.py
[2026-06-18T16:01:07.195+0000] {processor.py:839} INFO - DAG(s) dict_keys(['report_hourly_dag']) retrieved from /opt/airflow/dags/report_hourly_dag.py
[2026-06-18T16:01:07.215+0000] {logging_mixin.py:154} INFO - [2026-06-18T16:01:07.215+0000] {dag.py:2941} INFO - Sync 1 DAGs
[2026-06-18T16:01:07.236+0000] {logging_mixin.py:154} INFO - [2026-06-18T16:01:07.236+0000] {dag.py:3722} INFO - Setting next_dagrun for report_hourly_dag to 2026-06-18T01:58:00+00:00, run_after=2026-06-18T01:59:00+00:00
[2026-06-18T16:01:07.251+0000] {processor.py:179} INFO - Processing /opt/airflow/dags/report_hourly_dag.py took 0.072 seconds
[2026-06-18T16:01:37.479+0000] {processor.py:157} INFO - Started process (PID=1353) to work on /opt/airflow/dags/report_hourly_dag.py
[2026-06-18T16:01:37.479+0000] {processor.py:829} INFO - Processing file /opt/airflow/dags/report_hourly_dag.py for tasks to queue
[2026-06-18T16:01:37.480+0000] {logging_mixin.py:154} INFO - [2026-06-18T16:01:37.480+0000] {dagbag.py:536} INFO - Filling up the DagBag from /opt/airflow/dags/report_hourly_dag.py
[2026-06-18T16:01:37.490+0000] {processor.py:839} INFO - DAG(s) dict_keys(['report_hourly_dag']) retrieved from /opt/airflow/dags/report_hourly_dag.py
[2026-06-18T16:01:37.506+0000] {logging_mixin.py:154} INFO - [2026-06-18T16:01:37.506+0000] {dag.py:2941} INFO - Sync 1 DAGs
[2026-06-18T16:01:37.525+0000] {logging_mixin.py:154} INFO - [2026-06-18T16:01:37.525+0000] {dag.py:3722} INFO - Setting next_dagrun for report_hourly_dag to 2026-06-18T01:58:00+00:00, run_after=2026-06-18T01:59:00+00:00
[2026-06-18T16:01:37.538+0000] {processor.py:179} INFO - Processing /opt/airflow/dags/report_hourly_dag.py took 0.063 seconds
[2026-06-18T16:02:07.720+0000] {processor.py:157} INFO - Started process (PID=1368) to work on /opt/airflow/dags/report_hourly_dag.py
[2026-06-18T16:02:07.721+0000] {processor.py:829} INFO - Processing file /opt/airflow/dags/report_hourly_dag.py for tasks to queue
[2026-06-18T16:02:07.722+0000] {logging_mixin.py:154} INFO - [2026-06-18T16:02:07.721+0000] {dagbag.py:536} INFO - Filling up the DagBag from /opt/airflow/dags/report_hourly_dag.py
[2026-06-18T16:02:07.730+0000] {processor.py:839} INFO - DAG(s) dict_keys(['report_hourly_dag']) retrieved from /opt/airflow/dags/report_hourly_dag.py
[2026-06-18T16:02:07.746+0000] {logging_mixin.py:154} INFO - [2026-06-18T16:02:07.745+0000] {dag.py:2941} INFO - Sync 1 DAGs
[2026-06-18T16:02:07.764+0000] {logging_mixin.py:154} INFO - [2026-06-18T16:02:07.763+0000] {dag.py:3722} INFO - Setting next_dagrun for report_hourly_dag to 2026-06-18T01:58:00+00:00, run_after=2026-06-18T01:59:00+00:00
[2026-06-18T16:02:07.778+0000] {processor.py:179} INFO - Processing /opt/airflow/dags/report_hourly_dag.py took 0.060 seconds
[2026-06-18T16:02:37.955+0000] {processor.py:157} INFO - Started process (PID=1383) to work on /opt/airflow/dags/report_hourly_dag.py
[2026-06-18T16:02:37.955+0000] {processor.py:829} INFO - Processing file /opt/airflow/dags/report_hourly_dag.py for tasks to queue
[2026-06-18T16:02:37.956+0000] {logging_mixin.py:154} INFO - [2026-06-18T16:02:37.956+0000] {dagbag.py:536} INFO - Filling up the DagBag from /opt/airflow/dags/report_hourly_dag.py
[2026-06-18T16:02:37.965+0000] {processor.py:839} INFO - DAG(s) dict_keys(['report_hourly_dag']) retrieved from /opt/airflow/dags/report_hourly_dag.py
[2026-06-18T16:02:37.982+0000] {logging_mixin.py:154} INFO - [2026-06-18T16:02:37.982+0000] {dag.py:2941} INFO - Sync 1 DAGs
[2026-06-18T16:02:38.002+0000] {logging_mixin.py:154} INFO - [2026-06-18T16:02:38.001+0000] {dag.py:3722} INFO - Setting next_dagrun for report_hourly_dag to 2026-06-18T01:58:00+00:00, run_after=2026-06-18T01:59:00+00:00
[2026-06-18T16:02:38.014+0000] {processor.py:179} INFO - Processing /opt/airflow/dags/report_hourly_dag.py took 0.062 seconds
[2026-06-18T16:03:08.211+0000] {processor.py:157} INFO - Started process (PID=1398) to work on /opt/airflow/dags/report_hourly_dag.py
[2026-06-18T16:03:08.213+0000] {processor.py:829} INFO - Processing file /opt/airflow/dags/report_hourly_dag.py for tasks to queue
[2026-06-18T16:03:08.214+0000] {logging_mixin.py:154} INFO - [2026-06-18T16:03:08.214+0000] {dagbag.py:536} INFO - Filling up the DagBag from /opt/airflow/dags/report_hourly_dag.py
[2026-06-18T16:03:08.225+0000] {processor.py:839} INFO - DAG(s) dict_keys(['report_hourly_dag']) retrieved from /opt/airflow/dags/report_hourly_dag.py
[2026-06-18T16:03:08.243+0000] {logging_mixin.py:154} INFO - [2026-06-18T16:03:08.242+0000] {dag.py:2941} INFO - Sync 1 DAGs
[2026-06-18T16:03:08.260+0000] {logging_mixin.py:154} INFO - [2026-06-18T16:03:08.260+0000] {dag.py:3722} INFO - Setting next_dagrun for report_hourly_dag to 2026-06-18T01:58:00+00:00, run_after=2026-06-18T01:59:00+00:00
[2026-06-18T16:03:08.273+0000] {processor.py:179} INFO - Processing /opt/airflow/dags/report_hourly_dag.py took 0.065 seconds
[2026-06-18T16:03:38.479+0000] {processor.py:157} INFO - Started process (PID=1413) to work on /opt/airflow/dags/report_hourly_dag.py
[2026-06-18T16:03:38.479+0000] {processor.py:829} INFO - Processing file /opt/airflow/dags/report_hourly_dag.py for tasks to queue
[2026-06-18T16:03:38.480+0000] {logging_mixin.py:154} INFO - [2026-06-18T16:03:38.480+0000] {dagbag.py:536} INFO - Filling up the DagBag from /opt/airflow/dags/report_hourly_dag.py
[2026-06-18T16:03:38.489+0000] {processor.py:839} INFO - DAG(s) dict_keys(['report_hourly_dag']) retrieved from /opt/airflow/dags/report_hourly_dag.py
[2026-06-18T16:03:38.505+0000] {logging_mixin.py:154} INFO - [2026-06-18T16:03:38.505+0000] {dag.py:2941} INFO - Sync 1 DAGs
[2026-06-18T16:03:38.521+0000] {logging_mixin.py:154} INFO - [2026-06-18T16:03:38.521+0000] {dag.py:3722} INFO - Setting next_dagrun for report_hourly_dag to 2026-06-18T01:58:00+00:00, run_after=2026-06-18T01:59:00+00:00
[2026-06-18T16:03:38.533+0000] {processor.py:179} INFO - Processing /opt/airflow/dags/report_hourly_dag.py took 0.059 seconds
[2026-06-18T16:04:08.720+0000] {processor.py:157} INFO - Started process (PID=1428) to work on /opt/airflow/dags/report_hourly_dag.py
[2026-06-18T16:04:08.724+0000] {processor.py:829} INFO - Processing file /opt/airflow/dags/report_hourly_dag.py for tasks to queue
[2026-06-18T16:04:08.724+0000] {logging_mixin.py:154} INFO - [2026-06-18T16:04:08.724+0000] {dagbag.py:536} INFO - Filling up the DagBag from /opt/airflow/dags/report_hourly_dag.py
[2026-06-18T16:04:08.734+0000] {processor.py:839} INFO - DAG(s) dict_keys(['report_hourly_dag']) retrieved from /opt/airflow/dags/report_hourly_dag.py
[2026-06-18T16:04:08.751+0000] {logging_mixin.py:154} INFO - [2026-06-18T16:04:08.751+0000] {dag.py:2941} INFO - Sync 1 DAGs
[2026-06-18T16:04:08.772+0000] {logging_mixin.py:154} INFO - [2026-06-18T16:04:08.772+0000] {dag.py:3722} INFO - Setting next_dagrun for report_hourly_dag to 2026-06-18T01:58:00+00:00, run_after=2026-06-18T01:59:00+00:00
[2026-06-18T16:04:08.788+0000] {processor.py:179} INFO - Processing /opt/airflow/dags/report_hourly_dag.py took 0.071 seconds
[2026-06-18T16:04:38.959+0000] {processor.py:157} INFO - Started process (PID=1443) to work on /opt/airflow/dags/report_hourly_dag.py
[2026-06-18T16:04:38.959+0000] {processor.py:829} INFO - Processing file /opt/airflow/dags/report_hourly_dag.py for tasks to queue
[2026-06-18T16:04:38.960+0000] {logging_mixin.py:154} INFO - [2026-06-18T16:04:38.960+0000] {dagbag.py:536} INFO - Filling up the DagBag from /opt/airflow/dags/report_hourly_dag.py
[2026-06-18T16:04:38.972+0000] {processor.py:839} INFO - DAG(s) dict_keys(['report_hourly_dag']) retrieved from /opt/airflow/dags/report_hourly_dag.py
[2026-06-18T16:04:38.992+0000] {logging_mixin.py:154} INFO - [2026-06-18T16:04:38.992+0000] {dag.py:2941} INFO - Sync 1 DAGs
[2026-06-18T16:04:39.014+0000] {logging_mixin.py:154} INFO - [2026-06-18T16:04:39.014+0000] {dag.py:3722} INFO - Setting next_dagrun for report_hourly_dag to 2026-06-18T01:58:00+00:00, run_after=2026-06-18T01:59:00+00:00
[2026-06-18T16:04:39.033+0000] {processor.py:179} INFO - Processing /opt/airflow/dags/report_hourly_dag.py took 0.078 seconds
[2026-06-18T16:05:09.254+0000] {processor.py:157} INFO - Started process (PID=1458) to work on /opt/airflow/dags/report_hourly_dag.py
[2026-06-18T16:05:09.255+0000] {processor.py:829} INFO - Processing file /opt/airflow/dags/report_hourly_dag.py for tasks to queue
[2026-06-18T16:05:09.255+0000] {logging_mixin.py:154} INFO - [2026-06-18T16:05:09.255+0000] {dagbag.py:536} INFO - Filling up the DagBag from /opt/airflow/dags/report_hourly_dag.py
[2026-06-18T16:05:09.265+0000] {processor.py:839} INFO - DAG(s) dict_keys(['report_hourly_dag']) retrieved from /opt/airflow/dags/report_hourly_dag.py
[2026-06-18T16:05:09.282+0000] {logging_mixin.py:154} INFO - [2026-06-18T16:05:09.281+0000] {dag.py:2941} INFO - Sync 1 DAGs
[2026-06-18T16:05:09.299+0000] {logging_mixin.py:154} INFO - [2026-06-18T16:05:09.299+0000] {dag.py:3722} INFO - Setting next_dagrun for report_hourly_dag to 2026-06-18T01:58:00+00:00, run_after=2026-06-18T01:59:00+00:00
[2026-06-18T16:05:09.315+0000] {processor.py:179} INFO - Processing /opt/airflow/dags/report_hourly_dag.py took 0.065 seconds
[2026-06-18T16:05:39.523+0000] {processor.py:157} INFO - Started process (PID=1473) to work on /opt/airflow/dags/report_hourly_dag.py
[2026-06-18T16:05:39.526+0000] {processor.py:829} INFO - Processing file /opt/airflow/dags/report_hourly_dag.py for tasks to queue
[2026-06-18T16:05:39.526+0000] {logging_mixin.py:154} INFO - [2026-06-18T16:05:39.526+0000] {dagbag.py:536} INFO - Filling up the DagBag from /opt/airflow/dags/report_hourly_dag.py
[2026-06-18T16:05:39.535+0000] {processor.py:839} INFO - DAG(s) dict_keys(['report_hourly_dag']) retrieved from /opt/airflow/dags/report_hourly_dag.py
[2026-06-18T16:05:39.555+0000] {logging_mixin.py:154} INFO - [2026-06-18T16:05:39.555+0000] {dag.py:2941} INFO - Sync 1 DAGs
[2026-06-18T16:05:39.573+0000] {logging_mixin.py:154} INFO - [2026-06-18T16:05:39.573+0000] {dag.py:3722} INFO - Setting next_dagrun for report_hourly_dag to 2026-06-18T01:58:00+00:00, run_after=2026-06-18T01:59:00+00:00
[2026-06-18T16:05:39.586+0000] {processor.py:179} INFO - Processing /opt/airflow/dags/report_hourly_dag.py took 0.066 seconds
[2026-06-18T16:06:09.759+0000] {processor.py:157} INFO - Started process (PID=1488) to work on /opt/airflow/dags/report_hourly_dag.py
[2026-06-18T16:06:09.763+0000] {processor.py:829} INFO - Processing file /opt/airflow/dags/report_hourly_dag.py for tasks to queue
[2026-06-18T16:06:09.763+0000] {logging_mixin.py:154} INFO - [2026-06-18T16:06:09.763+0000] {dagbag.py:536} INFO - Filling up the DagBag from /opt/airflow/dags/report_hourly_dag.py
[2026-06-18T16:06:09.771+0000] {processor.py:839} INFO - DAG(s) dict_keys(['report_hourly_dag']) retrieved from /opt/airflow/dags/report_hourly_dag.py
[2026-06-18T16:06:09.792+0000] {logging_mixin.py:154} INFO - [2026-06-18T16:06:09.791+0000] {dag.py:2941} INFO - Sync 1 DAGs
[2026-06-18T16:06:09.810+0000] {logging_mixin.py:154} INFO - [2026-06-18T16:06:09.810+0000] {dag.py:3722} INFO - Setting next_dagrun for report_hourly_dag to 2026-06-18T01:58:00+00:00, run_after=2026-06-18T01:59:00+00:00
[2026-06-18T16:06:09.824+0000] {processor.py:179} INFO - Processing /opt/airflow/dags/report_hourly_dag.py took 0.067 seconds
[2026-06-18T16:06:40.044+0000] {processor.py:157} INFO - Started process (PID=1503) to work on /opt/airflow/dags/report_hourly_dag.py
[2026-06-18T16:06:40.044+0000] {processor.py:829} INFO - Processing file /opt/airflow/dags/report_hourly_dag.py for tasks to queue
[2026-06-18T16:06:40.045+0000] {logging_mixin.py:154} INFO - [2026-06-18T16:06:40.045+0000] {dagbag.py:536} INFO - Filling up the DagBag from /opt/airflow/dags/report_hourly_dag.py
[2026-06-18T16:06:40.053+0000] {processor.py:839} INFO - DAG(s) dict_keys(['report_hourly_dag']) retrieved from /opt/airflow/dags/report_hourly_dag.py
[2026-06-18T16:06:40.068+0000] {logging_mixin.py:154} INFO - [2026-06-18T16:06:40.068+0000] {dag.py:2941} INFO - Sync 1 DAGs
[2026-06-18T16:06:40.085+0000] {logging_mixin.py:154} INFO - [2026-06-18T16:06:40.085+0000] {dag.py:3722} INFO - Setting next_dagrun for report_hourly_dag to 2026-06-18T01:58:00+00:00, run_after=2026-06-18T01:59:00+00:00
[2026-06-18T16:06:40.098+0000] {processor.py:179} INFO - Processing /opt/airflow/dags/report_hourly_dag.py took 0.058 seconds
[2026-06-18T16:07:10.306+0000] {processor.py:157} INFO - Started process (PID=1518) to work on /opt/airflow/dags/report_hourly_dag.py
[2026-06-18T16:07:10.306+0000] {processor.py:829} INFO - Processing file /opt/airflow/dags/report_hourly_dag.py for tasks to queue
[2026-06-18T16:07:10.307+0000] {logging_mixin.py:154} INFO - [2026-06-18T16:07:10.307+0000] {dagbag.py:536} INFO - Filling up the DagBag from /opt/airflow/dags/report_hourly_dag.py
[2026-06-18T16:07:10.319+0000] {processor.py:839} INFO - DAG(s) dict_keys(['report_hourly_dag']) retrieved from /opt/airflow/dags/report_hourly_dag.py
[2026-06-18T16:07:10.335+0000] {logging_mixin.py:154} INFO - [2026-06-18T16:07:10.335+0000] {dag.py:2941} INFO - Sync 1 DAGs
[2026-06-18T16:07:10.352+0000] {logging_mixin.py:154} INFO - [2026-06-18T16:07:10.351+0000] {dag.py:3722} INFO - Setting next_dagrun for report_hourly_dag to 2026-06-18T01:58:00+00:00, run_after=2026-06-18T01:59:00+00:00
[2026-06-18T16:07:10.364+0000] {processor.py:179} INFO - Processing /opt/airflow/dags/report_hourly_dag.py took 0.063 seconds
[2026-06-18T16:07:40.575+0000] {processor.py:157} INFO - Started process (PID=1533) to work on /opt/airflow/dags/report_hourly_dag.py
[2026-06-18T16:07:40.578+0000] {processor.py:829} INFO - Processing file /opt/airflow/dags/report_hourly_dag.py for tasks to queue
[2026-06-18T16:07:40.579+0000] {logging_mixin.py:154} INFO - [2026-06-18T16:07:40.579+0000] {dagbag.py:536} INFO - Filling up the DagBag from /opt/airflow/dags/report_hourly_dag.py
[2026-06-18T16:07:40.588+0000] {processor.py:839} INFO - DAG(s) dict_keys(['report_hourly_dag']) retrieved from /opt/airflow/dags/report_hourly_dag.py
[2026-06-18T16:07:40.608+0000] {logging_mixin.py:154} INFO - [2026-06-18T16:07:40.608+0000] {dag.py:2941} INFO - Sync 1 DAGs
[2026-06-18T16:07:40.630+0000] {logging_mixin.py:154} INFO - [2026-06-18T16:07:40.630+0000] {dag.py:3722} INFO - Setting next_dagrun for report_hourly_dag to 2026-06-18T01:58:00+00:00, run_after=2026-06-18T01:59:00+00:00
[2026-06-18T16:07:40.644+0000] {processor.py:179} INFO - Processing /opt/airflow/dags/report_hourly_dag.py took 0.073 seconds
[2026-06-18T16:08:10.817+0000] {processor.py:157} INFO - Started process (PID=1548) to work on /opt/airflow/dags/report_hourly_dag.py
[2026-06-18T16:08:10.818+0000] {processor.py:829} INFO - Processing file /opt/airflow/dags/report_hourly_dag.py for tasks to queue
[2026-06-18T16:08:10.819+0000] {logging_mixin.py:154} INFO - [2026-06-18T16:08:10.819+0000] {dagbag.py:536} INFO - Filling up the DagBag from /opt/airflow/dags/report_hourly_dag.py
[2026-06-18T16:08:10.831+0000] {processor.py:839} INFO - DAG(s) dict_keys(['report_hourly_dag']) retrieved from /opt/airflow/dags/report_hourly_dag.py
[2026-06-18T16:08:10.850+0000] {logging_mixin.py:154} INFO - [2026-06-18T16:08:10.849+0000] {dag.py:2941} INFO - Sync 1 DAGs
[2026-06-18T16:08:10.871+0000] {logging_mixin.py:154} INFO - [2026-06-18T16:08:10.870+0000] {dag.py:3722} INFO - Setting next_dagrun for report_hourly_dag to 2026-06-18T01:58:00+00:00, run_after=2026-06-18T01:59:00+00:00
[2026-06-18T16:08:10.891+0000] {processor.py:179} INFO - Processing /opt/airflow/dags/report_hourly_dag.py took 0.077 seconds
[2026-06-18T16:08:41.102+0000] {processor.py:157} INFO - Started process (PID=1563) to work on /opt/airflow/dags/report_hourly_dag.py
[2026-06-18T16:08:41.104+0000] {processor.py:829} INFO - Processing file /opt/airflow/dags/report_hourly_dag.py for tasks to queue
[2026-06-18T16:08:41.105+0000] {logging_mixin.py:154} INFO - [2026-06-18T16:08:41.105+0000] {dagbag.py:536} INFO - Filling up the DagBag from /opt/airflow/dags/report_hourly_dag.py
[2026-06-18T16:08:41.114+0000] {processor.py:839} INFO - DAG(s) dict_keys(['report_hourly_dag']) retrieved from /opt/airflow/dags/report_hourly_dag.py
[2026-06-18T16:08:41.131+0000] {logging_mixin.py:154} INFO - [2026-06-18T16:08:41.130+0000] {dag.py:2941} INFO - Sync 1 DAGs
[2026-06-18T16:08:41.230+0000] {logging_mixin.py:154} INFO - [2026-06-18T16:08:41.230+0000] {dag.py:3722} INFO - Setting next_dagrun for report_hourly_dag to 2026-06-18T01:58:00+00:00, run_after=2026-06-18T01:59:00+00:00
[2026-06-18T16:08:41.250+0000] {processor.py:179} INFO - Processing /opt/airflow/dags/report_hourly_dag.py took 0.152 seconds
[2026-06-18T16:09:11.464+0000] {processor.py:157} INFO - Started process (PID=1578) to work on /opt/airflow/dags/report_hourly_dag.py
[2026-06-18T16:09:11.464+0000] {processor.py:829} INFO - Processing file /opt/airflow/dags/report_hourly_dag.py for tasks to queue
[2026-06-18T16:09:11.465+0000] {logging_mixin.py:154} INFO - [2026-06-18T16:09:11.465+0000] {dagbag.py:536} INFO - Filling up the DagBag from /opt/airflow/dags/report_hourly_dag.py
[2026-06-18T16:09:11.475+0000] {processor.py:839} INFO - DAG(s) dict_keys(['report_hourly_dag']) retrieved from /opt/airflow/dags/report_hourly_dag.py
[2026-06-18T16:09:11.491+0000] {logging_mixin.py:154} INFO - [2026-06-18T16:09:11.491+0000] {dag.py:2941} INFO - Sync 1 DAGs
[2026-06-18T16:09:11.510+0000] {logging_mixin.py:154} INFO - [2026-06-18T16:09:11.510+0000] {dag.py:3722} INFO - Setting next_dagrun for report_hourly_dag to 2026-06-18T01:58:00+00:00, run_after=2026-06-18T01:59:00+00:00
[2026-06-18T16:09:11.602+0000] {processor.py:179} INFO - Processing /opt/airflow/dags/report_hourly_dag.py took 0.142 seconds
[2026-06-18T16:09:41.804+0000] {processor.py:157} INFO - Started process (PID=1593) to work on /opt/airflow/dags/report_hourly_dag.py
[2026-06-18T16:09:41.808+0000] {processor.py:829} INFO - Processing file /opt/airflow/dags/report_hourly_dag.py for tasks to queue
[2026-06-18T16:09:41.809+0000] {logging_mixin.py:154} INFO - [2026-06-18T16:09:41.809+0000] {dagbag.py:536} INFO - Filling up the DagBag from /opt/airflow/dags/report_hourly_dag.py
[2026-06-18T16:09:41.818+0000] {processor.py:839} INFO - DAG(s) dict_keys(['report_hourly_dag']) retrieved from /opt/airflow/dags/report_hourly_dag.py
[2026-06-18T16:09:41.837+0000] {logging_mixin.py:154} INFO - [2026-06-18T16:09:41.837+0000] {dag.py:2941} INFO - Sync 1 DAGs
[2026-06-18T16:09:41.858+0000] {logging_mixin.py:154} INFO - [2026-06-18T16:09:41.857+0000] {dag.py:3722} INFO - Setting next_dagrun for report_hourly_dag to 2026-06-18T01:58:00+00:00, run_after=2026-06-18T01:59:00+00:00
[2026-06-18T16:09:41.878+0000] {processor.py:179} INFO - Processing /opt/airflow/dags/report_hourly_dag.py took 0.077 seconds
[2026-06-18T16:10:12.076+0000] {processor.py:157} INFO - Started process (PID=1608) to work on /opt/airflow/dags/report_hourly_dag.py
[2026-06-18T16:10:12.076+0000] {processor.py:829} INFO - Processing file /opt/airflow/dags/report_hourly_dag.py for tasks to queue
[2026-06-18T16:10:12.077+0000] {logging_mixin.py:154} INFO - [2026-06-18T16:10:12.077+0000] {dagbag.py:536} INFO - Filling up the DagBag from /opt/airflow/dags/report_hourly_dag.py
[2026-06-18T16:10:12.086+0000] {processor.py:839} INFO - DAG(s) dict_keys(['report_hourly_dag']) retrieved from /opt/airflow/dags/report_hourly_dag.py
[2026-06-18T16:10:12.102+0000] {logging_mixin.py:154} INFO - [2026-06-18T16:10:12.102+0000] {dag.py:2941} INFO - Sync 1 DAGs
[2026-06-18T16:10:12.120+0000] {logging_mixin.py:154} INFO - [2026-06-18T16:10:12.120+0000] {dag.py:3722} INFO - Setting next_dagrun for report_hourly_dag to 2026-06-18T01:58:00+00:00, run_after=2026-06-18T01:59:00+00:00
[2026-06-18T16:10:12.134+0000] {processor.py:179} INFO - Processing /opt/airflow/dags/report_hourly_dag.py took 0.061 seconds
[2026-06-18T16:10:42.323+0000] {processor.py:157} INFO - Started process (PID=1623) to work on /opt/airflow/dags/report_hourly_dag.py
[2026-06-18T16:10:42.324+0000] {processor.py:829} INFO - Processing file /opt/airflow/dags/report_hourly_dag.py for tasks to queue
[2026-06-18T16:10:42.325+0000] {logging_mixin.py:154} INFO - [2026-06-18T16:10:42.324+0000] {dagbag.py:536} INFO - Filling up the DagBag from /opt/airflow/dags/report_hourly_dag.py
[2026-06-18T16:10:42.334+0000] {processor.py:839} INFO - DAG(s) dict_keys(['report_hourly_dag']) retrieved from /opt/airflow/dags/report_hourly_dag.py
[2026-06-18T16:10:42.433+0000] {logging_mixin.py:154} INFO - [2026-06-18T16:10:42.433+0000] {dag.py:2941} INFO - Sync 1 DAGs
[2026-06-18T16:10:42.449+0000] {logging_mixin.py:154} INFO - [2026-06-18T16:10:42.449+0000] {dag.py:3722} INFO - Setting next_dagrun for report_hourly_dag to 2026-06-18T01:58:00+00:00, run_after=2026-06-18T01:59:00+00:00
[2026-06-18T16:10:42.463+0000] {processor.py:179} INFO - Processing /opt/airflow/dags/report_hourly_dag.py took 0.142 seconds
[2026-06-18T16:11:12.733+0000] {processor.py:157} INFO - Started process (PID=1638) to work on /opt/airflow/dags/report_hourly_dag.py
[2026-06-18T16:11:12.734+0000] {processor.py:829} INFO - Processing file /opt/airflow/dags/report_hourly_dag.py for tasks to queue
[2026-06-18T16:11:12.734+0000] {logging_mixin.py:154} INFO - [2026-06-18T16:11:12.734+0000] {dagbag.py:536} INFO - Filling up the DagBag from /opt/airflow/dags/report_hourly_dag.py
[2026-06-18T16:11:12.745+0000] {processor.py:839} INFO - DAG(s) dict_keys(['report_hourly_dag']) retrieved from /opt/airflow/dags/report_hourly_dag.py
[2026-06-18T16:11:12.761+0000] {logging_mixin.py:154} INFO - [2026-06-18T16:11:12.761+0000] {dag.py:2941} INFO - Sync 1 DAGs
[2026-06-18T16:11:12.780+0000] {logging_mixin.py:154} INFO - [2026-06-18T16:11:12.779+0000] {dag.py:3722} INFO - Setting next_dagrun for report_hourly_dag to 2026-06-18T01:58:00+00:00, run_after=2026-06-18T01:59:00+00:00
[2026-06-18T16:11:12.793+0000] {processor.py:179} INFO - Processing /opt/airflow/dags/report_hourly_dag.py took 0.064 seconds
[2026-06-18T16:11:42.998+0000] {processor.py:157} INFO - Started process (PID=1653) to work on /opt/airflow/dags/report_hourly_dag.py
[2026-06-18T16:11:43.001+0000] {processor.py:829} INFO - Processing file /opt/airflow/dags/report_hourly_dag.py for tasks to queue
[2026-06-18T16:11:43.002+0000] {logging_mixin.py:154} INFO - [2026-06-18T16:11:43.002+0000] {dagbag.py:536} INFO - Filling up the DagBag from /opt/airflow/dags/report_hourly_dag.py
[2026-06-18T16:11:43.016+0000] {processor.py:839} INFO - DAG(s) dict_keys(['report_hourly_dag']) retrieved from /opt/airflow/dags/report_hourly_dag.py
[2026-06-18T16:11:43.037+0000] {logging_mixin.py:154} INFO - [2026-06-18T16:11:43.037+0000] {dag.py:2941} INFO - Sync 1 DAGs
[2026-06-18T16:11:43.062+0000] {logging_mixin.py:154} INFO - [2026-06-18T16:11:43.061+0000] {dag.py:3722} INFO - Setting next_dagrun for report_hourly_dag to 2026-06-18T01:58:00+00:00, run_after=2026-06-18T01:59:00+00:00
[2026-06-18T16:11:43.077+0000] {processor.py:179} INFO - Processing /opt/airflow/dags/report_hourly_dag.py took 0.083 seconds
[2026-06-18T16:12:13.261+0000] {processor.py:157} INFO - Started process (PID=1668) to work on /opt/airflow/dags/report_hourly_dag.py
[2026-06-18T16:12:13.262+0000] {processor.py:829} INFO - Processing file /opt/airflow/dags/report_hourly_dag.py for tasks to queue
[2026-06-18T16:12:13.262+0000] {logging_mixin.py:154} INFO - [2026-06-18T16:12:13.262+0000] {dagbag.py:536} INFO - Filling up the DagBag from /opt/airflow/dags/report_hourly_dag.py
[2026-06-18T16:12:13.270+0000] {processor.py:839} INFO - DAG(s) dict_keys(['report_hourly_dag']) retrieved from /opt/airflow/dags/report_hourly_dag.py
[2026-06-18T16:12:13.289+0000] {logging_mixin.py:154} INFO - [2026-06-18T16:12:13.289+0000] {dag.py:2941} INFO - Sync 1 DAGs
[2026-06-18T16:12:13.314+0000] {logging_mixin.py:154} INFO - [2026-06-18T16:12:13.313+0000] {dag.py:3722} INFO - Setting next_dagrun for report_hourly_dag to 2026-06-18T01:58:00+00:00, run_after=2026-06-18T01:59:00+00:00
[2026-06-18T16:12:13.337+0000] {processor.py:179} INFO - Processing /opt/airflow/dags/report_hourly_dag.py took 0.079 seconds
[2026-06-18T16:12:43.520+0000] {processor.py:157} INFO - Started process (PID=1683) to work on /opt/airflow/dags/report_hourly_dag.py
[2026-06-18T16:12:43.525+0000] {processor.py:829} INFO - Processing file /opt/airflow/dags/report_hourly_dag.py for tasks to queue
[2026-06-18T16:12:43.526+0000] {logging_mixin.py:154} INFO - [2026-06-18T16:12:43.526+0000] {dagbag.py:536} INFO - Filling up the DagBag from /opt/airflow/dags/report_hourly_dag.py
[2026-06-18T16:12:43.534+0000] {processor.py:839} INFO - DAG(s) dict_keys(['report_hourly_dag']) retrieved from /opt/airflow/dags/report_hourly_dag.py
[2026-06-18T16:12:43.552+0000] {logging_mixin.py:154} INFO - [2026-06-18T16:12:43.552+0000] {dag.py:2941} INFO - Sync 1 DAGs
[2026-06-18T16:12:43.570+0000] {logging_mixin.py:154} INFO - [2026-06-18T16:12:43.570+0000] {dag.py:3722} INFO - Setting next_dagrun for report_hourly_dag to 2026-06-18T01:58:00+00:00, run_after=2026-06-18T01:59:00+00:00
[2026-06-18T16:12:43.585+0000] {processor.py:179} INFO - Processing /opt/airflow/dags/report_hourly_dag.py took 0.067 seconds
[2026-06-18T16:13:13.789+0000] {processor.py:157} INFO - Started process (PID=1698) to work on /opt/airflow/dags/report_hourly_dag.py
[2026-06-18T16:13:13.790+0000] {processor.py:829} INFO - Processing file /opt/airflow/dags/report_hourly_dag.py for tasks to queue
[2026-06-18T16:13:13.791+0000] {logging_mixin.py:154} INFO - [2026-06-18T16:13:13.790+0000] {dagbag.py:536} INFO - Filling up the DagBag from /opt/airflow/dags/report_hourly_dag.py
[2026-06-18T16:13:13.801+0000] {processor.py:839} INFO - DAG(s) dict_keys(['report_hourly_dag']) retrieved from /opt/airflow/dags/report_hourly_dag.py
[2026-06-18T16:13:13.817+0000] {logging_mixin.py:154} INFO - [2026-06-18T16:13:13.816+0000] {dag.py:2941} INFO - Sync 1 DAGs
[2026-06-18T16:13:13.836+0000] {logging_mixin.py:154} INFO - [2026-06-18T16:13:13.835+0000] {dag.py:3722} INFO - Setting next_dagrun for report_hourly_dag to 2026-06-18T01:58:00+00:00, run_after=2026-06-18T01:59:00+00:00
[2026-06-18T16:13:13.850+0000] {processor.py:179} INFO - Processing /opt/airflow/dags/report_hourly_dag.py took 0.065 seconds
[2026-06-18T16:13:44.052+0000] {processor.py:157} INFO - Started process (PID=1713) to work on /opt/airflow/dags/report_hourly_dag.py
[2026-06-18T16:13:44.055+0000] {processor.py:829} INFO - Processing file /opt/airflow/dags/report_hourly_dag.py for tasks to queue
[2026-06-18T16:13:44.056+0000] {logging_mixin.py:154} INFO - [2026-06-18T16:13:44.056+0000] {dagbag.py:536} INFO - Filling up the DagBag from /opt/airflow/dags/report_hourly_dag.py
[2026-06-18T16:13:44.069+0000] {processor.py:839} INFO - DAG(s) dict_keys(['report_hourly_dag']) retrieved from /opt/airflow/dags/report_hourly_dag.py
[2026-06-18T16:13:44.090+0000] {logging_mixin.py:154} INFO - [2026-06-18T16:13:44.089+0000] {dag.py:2941} INFO - Sync 1 DAGs
[2026-06-18T16:13:44.108+0000] {logging_mixin.py:154} INFO - [2026-06-18T16:13:44.108+0000] {dag.py:3722} INFO - Setting next_dagrun for report_hourly_dag to 2026-06-18T01:58:00+00:00, run_after=2026-06-18T01:59:00+00:00
[2026-06-18T16:13:44.120+0000] {processor.py:179} INFO - Processing /opt/airflow/dags/report_hourly_dag.py took 0.072 seconds
[2026-06-18T16:14:14.304+0000] {processor.py:157} INFO - Started process (PID=1728) to work on /opt/airflow/dags/report_hourly_dag.py
[2026-06-18T16:14:14.305+0000] {processor.py:829} INFO - Processing file /opt/airflow/dags/report_hourly_dag.py for tasks to queue
[2026-06-18T16:14:14.306+0000] {logging_mixin.py:154} INFO - [2026-06-18T16:14:14.305+0000] {dagbag.py:536} INFO - Filling up the DagBag from /opt/airflow/dags/report_hourly_dag.py
[2026-06-18T16:14:14.317+0000] {processor.py:839} INFO - DAG(s) dict_keys(['report_hourly_dag']) retrieved from /opt/airflow/dags/report_hourly_dag.py
[2026-06-18T16:14:14.337+0000] {logging_mixin.py:154} INFO - [2026-06-18T16:14:14.337+0000] {dag.py:2941} INFO - Sync 1 DAGs
[2026-06-18T16:14:14.360+0000] {logging_mixin.py:154} INFO - [2026-06-18T16:14:14.360+0000] {dag.py:3722} INFO - Setting next_dagrun for report_hourly_dag to 2026-06-18T01:58:00+00:00, run_after=2026-06-18T01:59:00+00:00
[2026-06-18T16:14:14.373+0000] {processor.py:179} INFO - Processing /opt/airflow/dags/report_hourly_dag.py took 0.073 seconds
[2026-06-18T16:14:44.572+0000] {processor.py:157} INFO - Started process (PID=1743) to work on /opt/airflow/dags/report_hourly_dag.py
[2026-06-18T16:14:44.573+0000] {processor.py:829} INFO - Processing file /opt/airflow/dags/report_hourly_dag.py for tasks to queue
[2026-06-18T16:14:44.574+0000] {logging_mixin.py:154} INFO - [2026-06-18T16:14:44.574+0000] {dagbag.py:536} INFO - Filling up the DagBag from /opt/airflow/dags/report_hourly_dag.py
[2026-06-18T16:14:44.583+0000] {processor.py:839} INFO - DAG(s) dict_keys(['report_hourly_dag']) retrieved from /opt/airflow/dags/report_hourly_dag.py
[2026-06-18T16:14:44.600+0000] {logging_mixin.py:154} INFO - [2026-06-18T16:14:44.600+0000] {dag.py:2941} INFO - Sync 1 DAGs
[2026-06-18T16:14:44.619+0000] {logging_mixin.py:154} INFO - [2026-06-18T16:14:44.618+0000] {dag.py:3722} INFO - Setting next_dagrun for report_hourly_dag to 2026-06-18T01:58:00+00:00, run_after=2026-06-18T01:59:00+00:00
[2026-06-18T16:14:44.632+0000] {processor.py:179} INFO - Processing /opt/airflow/dags/report_hourly_dag.py took 0.064 seconds
[2026-06-18T16:15:14.824+0000] {processor.py:157} INFO - Started process (PID=1758) to work on /opt/airflow/dags/report_hourly_dag.py
[2026-06-18T16:15:14.825+0000] {processor.py:829} INFO - Processing file /opt/airflow/dags/report_hourly_dag.py for tasks to queue
[2026-06-18T16:15:14.826+0000] {logging_mixin.py:154} INFO - [2026-06-18T16:15:14.826+0000] {dagbag.py:536} INFO - Filling up the DagBag from /opt/airflow/dags/report_hourly_dag.py
[2026-06-18T16:15:14.838+0000] {processor.py:839} INFO - DAG(s) dict_keys(['report_hourly_dag']) retrieved from /opt/airflow/dags/report_hourly_dag.py
[2026-06-18T16:15:14.853+0000] {logging_mixin.py:154} INFO - [2026-06-18T16:15:14.853+0000] {dag.py:2941} INFO - Sync 1 DAGs
[2026-06-18T16:15:14.870+0000] {logging_mixin.py:154} INFO - [2026-06-18T16:15:14.870+0000] {dag.py:3722} INFO - Setting next_dagrun for report_hourly_dag to 2026-06-18T01:58:00+00:00, run_after=2026-06-18T01:59:00+00:00
[2026-06-18T16:15:14.884+0000] {processor.py:179} INFO - Processing /opt/airflow/dags/report_hourly_dag.py took 0.064 seconds
[2026-06-18T16:15:45.067+0000] {processor.py:157} INFO - Started process (PID=1773) to work on /opt/airflow/dags/report_hourly_dag.py
[2026-06-18T16:15:45.068+0000] {processor.py:829} INFO - Processing file /opt/airflow/dags/report_hourly_dag.py for tasks to queue
[2026-06-18T16:15:45.068+0000] {logging_mixin.py:154} INFO - [2026-06-18T16:15:45.068+0000] {dagbag.py:536} INFO - Filling up the DagBag from /opt/airflow/dags/report_hourly_dag.py
[2026-06-18T16:15:45.077+0000] {processor.py:839} INFO - DAG(s) dict_keys(['report_hourly_dag']) retrieved from /opt/airflow/dags/report_hourly_dag.py
[2026-06-18T16:15:45.095+0000] {logging_mixin.py:154} INFO - [2026-06-18T16:15:45.095+0000] {dag.py:2941} INFO - Sync 1 DAGs
[2026-06-18T16:15:45.115+0000] {logging_mixin.py:154} INFO - [2026-06-18T16:15:45.115+0000] {dag.py:3722} INFO - Setting next_dagrun for report_hourly_dag to 2026-06-18T01:58:00+00:00, run_after=2026-06-18T01:59:00+00:00
[2026-06-18T16:15:45.130+0000] {processor.py:179} INFO - Processing /opt/airflow/dags/report_hourly_dag.py took 0.065 seconds
[2026-06-18T16:16:15.346+0000] {processor.py:157} INFO - Started process (PID=1788) to work on /opt/airflow/dags/report_hourly_dag.py
[2026-06-18T16:16:15.347+0000] {processor.py:829} INFO - Processing file /opt/airflow/dags/report_hourly_dag.py for tasks to queue
[2026-06-18T16:16:15.347+0000] {logging_mixin.py:154} INFO - [2026-06-18T16:16:15.347+0000] {dagbag.py:536} INFO - Filling up the DagBag from /opt/airflow/dags/report_hourly_dag.py
[2026-06-18T16:16:15.356+0000] {processor.py:839} INFO - DAG(s) dict_keys(['report_hourly_dag']) retrieved from /opt/airflow/dags/report_hourly_dag.py
[2026-06-18T16:16:15.373+0000] {logging_mixin.py:154} INFO - [2026-06-18T16:16:15.372+0000] {dag.py:2941} INFO - Sync 1 DAGs
[2026-06-18T16:16:15.390+0000] {logging_mixin.py:154} INFO - [2026-06-18T16:16:15.390+0000] {dag.py:3722} INFO - Setting next_dagrun for report_hourly_dag to 2026-06-18T01:58:00+00:00, run_after=2026-06-18T01:59:00+00:00
[2026-06-18T16:16:15.404+0000] {processor.py:179} INFO - Processing /opt/airflow/dags/report_hourly_dag.py took 0.061 seconds
[2026-06-18T16:16:45.608+0000] {processor.py:157} INFO - Started process (PID=1803) to work on /opt/airflow/dags/report_hourly_dag.py
[2026-06-18T16:16:45.610+0000] {processor.py:829} INFO - Processing file /opt/airflow/dags/report_hourly_dag.py for tasks to queue
[2026-06-18T16:16:45.610+0000] {logging_mixin.py:154} INFO - [2026-06-18T16:16:45.610+0000] {dagbag.py:536} INFO - Filling up the DagBag from /opt/airflow/dags/report_hourly_dag.py
[2026-06-18T16:16:45.621+0000] {processor.py:839} INFO - DAG(s) dict_keys(['report_hourly_dag']) retrieved from /opt/airflow/dags/report_hourly_dag.py
[2026-06-18T16:16:45.639+0000] {logging_mixin.py:154} INFO - [2026-06-18T16:16:45.639+0000] {dag.py:2941} INFO - Sync 1 DAGs
[2026-06-18T16:16:45.656+0000] {logging_mixin.py:154} INFO - [2026-06-18T16:16:45.656+0000] {dag.py:3722} INFO - Setting next_dagrun for report_hourly_dag to 2026-06-18T01:58:00+00:00, run_after=2026-06-18T01:59:00+00:00
[2026-06-18T16:16:45.672+0000] {processor.py:179} INFO - Processing /opt/airflow/dags/report_hourly_dag.py took 0.068 seconds
[2026-06-18T16:17:15.862+0000] {processor.py:157} INFO - Started process (PID=1818) to work on /opt/airflow/dags/report_hourly_dag.py
[2026-06-18T16:17:15.863+0000] {processor.py:829} INFO - Processing file /opt/airflow/dags/report_hourly_dag.py for tasks to queue
[2026-06-18T16:17:15.864+0000] {logging_mixin.py:154} INFO - [2026-06-18T16:17:15.864+0000] {dagbag.py:536} INFO - Filling up the DagBag from /opt/airflow/dags/report_hourly_dag.py
[2026-06-18T16:17:15.873+0000] {processor.py:839} INFO - DAG(s) dict_keys(['report_hourly_dag']) retrieved from /opt/airflow/dags/report_hourly_dag.py
[2026-06-18T16:17:15.893+0000] {logging_mixin.py:154} INFO - [2026-06-18T16:17:15.893+0000] {dag.py:2941} INFO - Sync 1 DAGs
[2026-06-18T16:17:15.912+0000] {logging_mixin.py:154} INFO - [2026-06-18T16:17:15.912+0000] {dag.py:3722} INFO - Setting next_dagrun for report_hourly_dag to 2026-06-18T01:58:00+00:00, run_after=2026-06-18T01:59:00+00:00
[2026-06-18T16:17:15.926+0000] {processor.py:179} INFO - Processing /opt/airflow/dags/report_hourly_dag.py took 0.067 seconds
[2026-06-18T16:17:46.084+0000] {processor.py:157} INFO - Started process (PID=1833) to work on /opt/airflow/dags/report_hourly_dag.py
[2026-06-18T16:17:46.085+0000] {processor.py:829} INFO - Processing file /opt/airflow/dags/report_hourly_dag.py for tasks to queue
[2026-06-18T16:17:46.086+0000] {logging_mixin.py:154} INFO - [2026-06-18T16:17:46.086+0000] {dagbag.py:536} INFO - Filling up the DagBag from /opt/airflow/dags/report_hourly_dag.py
[2026-06-18T16:17:46.095+0000] {processor.py:839} INFO - DAG(s) dict_keys(['report_hourly_dag']) retrieved from /opt/airflow/dags/report_hourly_dag.py
[2026-06-18T16:17:46.112+0000] {logging_mixin.py:154} INFO - [2026-06-18T16:17:46.112+0000] {dag.py:2941} INFO - Sync 1 DAGs
[2026-06-18T16:17:46.131+0000] {logging_mixin.py:154} INFO - [2026-06-18T16:17:46.131+0000] {dag.py:3722} INFO - Setting next_dagrun for report_hourly_dag to 2026-06-18T01:58:00+00:00, run_after=2026-06-18T01:59:00+00:00
[2026-06-18T16:17:46.145+0000] {processor.py:179} INFO - Processing /opt/airflow/dags/report_hourly_dag.py took 0.063 seconds
[2026-06-18T16:18:16.335+0000] {processor.py:157} INFO - Started process (PID=1848) to work on /opt/airflow/dags/report_hourly_dag.py
[2026-06-18T16:18:16.335+0000] {processor.py:829} INFO - Processing file /opt/airflow/dags/report_hourly_dag.py for tasks to queue
[2026-06-18T16:18:16.336+0000] {logging_mixin.py:154} INFO - [2026-06-18T16:18:16.336+0000] {dagbag.py:536} INFO - Filling up the DagBag from /opt/airflow/dags/report_hourly_dag.py
[2026-06-18T16:18:16.346+0000] {processor.py:839} INFO - DAG(s) dict_keys(['report_hourly_dag']) retrieved from /opt/airflow/dags/report_hourly_dag.py
[2026-06-18T16:18:16.365+0000] {logging_mixin.py:154} INFO - [2026-06-18T16:18:16.365+0000] {dag.py:2941} INFO - Sync 1 DAGs
[2026-06-18T16:18:16.383+0000] {logging_mixin.py:154} INFO - [2026-06-18T16:18:16.383+0000] {dag.py:3722} INFO - Setting next_dagrun for report_hourly_dag to 2026-06-18T01:58:00+00:00, run_after=2026-06-18T01:59:00+00:00
[2026-06-18T16:18:16.399+0000] {processor.py:179} INFO - Processing /opt/airflow/dags/report_hourly_dag.py took 0.068 seconds
[2026-06-18T16:18:46.605+0000] {processor.py:157} INFO - Started process (PID=1863) to work on /opt/airflow/dags/report_hourly_dag.py
[2026-06-18T16:18:46.608+0000] {processor.py:829} INFO - Processing file /opt/airflow/dags/report_hourly_dag.py for tasks to queue
[2026-06-18T16:18:46.609+0000] {logging_mixin.py:154} INFO - [2026-06-18T16:18:46.609+0000] {dagbag.py:536} INFO - Filling up the DagBag from /opt/airflow/dags/report_hourly_dag.py
[2026-06-18T16:18:46.621+0000] {processor.py:839} INFO - DAG(s) dict_keys(['report_hourly_dag']) retrieved from /opt/airflow/dags/report_hourly_dag.py
[2026-06-18T16:18:46.642+0000] {logging_mixin.py:154} INFO - [2026-06-18T16:18:46.641+0000] {dag.py:2941} INFO - Sync 1 DAGs
[2026-06-18T16:18:46.665+0000] {logging_mixin.py:154} INFO - [2026-06-18T16:18:46.665+0000] {dag.py:3722} INFO - Setting next_dagrun for report_hourly_dag to 2026-06-18T01:58:00+00:00, run_after=2026-06-18T01:59:00+00:00
[2026-06-18T16:18:46.680+0000] {processor.py:179} INFO - Processing /opt/airflow/dags/report_hourly_dag.py took 0.078 seconds
[2026-06-18T16:19:16.852+0000] {processor.py:157} INFO - Started process (PID=1878) to work on /opt/airflow/dags/report_hourly_dag.py
[2026-06-18T16:19:16.853+0000] {processor.py:829} INFO - Processing file /opt/airflow/dags/report_hourly_dag.py for tasks to queue
[2026-06-18T16:19:16.854+0000] {logging_mixin.py:154} INFO - [2026-06-18T16:19:16.853+0000] {dagbag.py:536} INFO - Filling up the DagBag from /opt/airflow/dags/report_hourly_dag.py
[2026-06-18T16:19:16.862+0000] {processor.py:839} INFO - DAG(s) dict_keys(['report_hourly_dag']) retrieved from /opt/airflow/dags/report_hourly_dag.py
[2026-06-18T16:19:16.879+0000] {logging_mixin.py:154} INFO - [2026-06-18T16:19:16.879+0000] {dag.py:2941} INFO - Sync 1 DAGs
[2026-06-18T16:19:16.898+0000] {logging_mixin.py:154} INFO - [2026-06-18T16:19:16.898+0000] {dag.py:3722} INFO - Setting next_dagrun for report_hourly_dag to 2026-06-18T01:58:00+00:00, run_after=2026-06-18T01:59:00+00:00
[2026-06-18T16:19:16.912+0000] {processor.py:179} INFO - Processing /opt/airflow/dags/report_hourly_dag.py took 0.062 seconds
[2026-06-18T16:19:47.124+0000] {processor.py:157} INFO - Started process (PID=1893) to work on /opt/airflow/dags/report_hourly_dag.py
[2026-06-18T16:19:47.126+0000] {processor.py:829} INFO - Processing file /opt/airflow/dags/report_hourly_dag.py for tasks to queue
[2026-06-18T16:19:47.127+0000] {logging_mixin.py:154} INFO - [2026-06-18T16:19:47.126+0000] {dagbag.py:536} INFO - Filling up the DagBag from /opt/airflow/dags/report_hourly_dag.py
[2026-06-18T16:19:47.137+0000] {processor.py:839} INFO - DAG(s) dict_keys(['report_hourly_dag']) retrieved from /opt/airflow/dags/report_hourly_dag.py
[2026-06-18T16:19:47.155+0000] {logging_mixin.py:154} INFO - [2026-06-18T16:19:47.155+0000] {dag.py:2941} INFO - Sync 1 DAGs
[2026-06-18T16:19:47.172+0000] {logging_mixin.py:154} INFO - [2026-06-18T16:19:47.172+0000] {dag.py:3722} INFO - Setting next_dagrun for report_hourly_dag to 2026-06-18T01:58:00+00:00, run_after=2026-06-18T01:59:00+00:00
[2026-06-18T16:19:47.185+0000] {processor.py:179} INFO - Processing /opt/airflow/dags/report_hourly_dag.py took 0.065 seconds
[2026-06-18T16:20:17.386+0000] {processor.py:157} INFO - Started process (PID=1908) to work on /opt/airflow/dags/report_hourly_dag.py
[2026-06-18T16:20:17.387+0000] {processor.py:829} INFO - Processing file /opt/airflow/dags/report_hourly_dag.py for tasks to queue
[2026-06-18T16:20:17.388+0000] {logging_mixin.py:154} INFO - [2026-06-18T16:20:17.387+0000] {dagbag.py:536} INFO - Filling up the DagBag from /opt/airflow/dags/report_hourly_dag.py
[2026-06-18T16:20:17.397+0000] {processor.py:839} INFO - DAG(s) dict_keys(['report_hourly_dag']) retrieved from /opt/airflow/dags/report_hourly_dag.py
[2026-06-18T16:20:17.413+0000] {logging_mixin.py:154} INFO - [2026-06-18T16:20:17.413+0000] {dag.py:2941} INFO - Sync 1 DAGs
[2026-06-18T16:20:17.431+0000] {logging_mixin.py:154} INFO - [2026-06-18T16:20:17.430+0000] {dag.py:3722} INFO - Setting next_dagrun for report_hourly_dag to 2026-06-18T01:58:00+00:00, run_after=2026-06-18T01:59:00+00:00
[2026-06-18T16:20:17.443+0000] {processor.py:179} INFO - Processing /opt/airflow/dags/report_hourly_dag.py took 0.061 seconds
[2026-06-18T16:20:47.624+0000] {processor.py:157} INFO - Started process (PID=1923) to work on /opt/airflow/dags/report_hourly_dag.py
[2026-06-18T16:20:47.627+0000] {processor.py:829} INFO - Processing file /opt/airflow/dags/report_hourly_dag.py for tasks to queue
[2026-06-18T16:20:47.628+0000] {logging_mixin.py:154} INFO - [2026-06-18T16:20:47.628+0000] {dagbag.py:536} INFO - Filling up the DagBag from /opt/airflow/dags/report_hourly_dag.py
[2026-06-18T16:20:47.639+0000] {processor.py:839} INFO - DAG(s) dict_keys(['report_hourly_dag']) retrieved from /opt/airflow/dags/report_hourly_dag.py
[2026-06-18T16:20:47.661+0000] {logging_mixin.py:154} INFO - [2026-06-18T16:20:47.660+0000] {dag.py:2941} INFO - Sync 1 DAGs
[2026-06-18T16:20:47.687+0000] {logging_mixin.py:154} INFO - [2026-06-18T16:20:47.687+0000] {dag.py:3722} INFO - Setting next_dagrun for report_hourly_dag to 2026-06-18T01:58:00+00:00, run_after=2026-06-18T01:59:00+00:00
[2026-06-18T16:20:47.704+0000] {processor.py:179} INFO - Processing /opt/airflow/dags/report_hourly_dag.py took 0.083 seconds
[2026-06-18T16:21:17.922+0000] {processor.py:157} INFO - Started process (PID=1938) to work on /opt/airflow/dags/report_hourly_dag.py
[2026-06-18T16:21:17.923+0000] {processor.py:829} INFO - Processing file /opt/airflow/dags/report_hourly_dag.py for tasks to queue
[2026-06-18T16:21:17.923+0000] {logging_mixin.py:154} INFO - [2026-06-18T16:21:17.923+0000] {dagbag.py:536} INFO - Filling up the DagBag from /opt/airflow/dags/report_hourly_dag.py
[2026-06-18T16:21:17.932+0000] {processor.py:839} INFO - DAG(s) dict_keys(['report_hourly_dag']) retrieved from /opt/airflow/dags/report_hourly_dag.py
[2026-06-18T16:21:17.948+0000] {logging_mixin.py:154} INFO - [2026-06-18T16:21:17.948+0000] {dag.py:2941} INFO - Sync 1 DAGs
[2026-06-18T16:21:17.965+0000] {logging_mixin.py:154} INFO - [2026-06-18T16:21:17.965+0000] {dag.py:3722} INFO - Setting next_dagrun for report_hourly_dag to 2026-06-18T01:58:00+00:00, run_after=2026-06-18T01:59:00+00:00
[2026-06-18T16:21:17.980+0000] {processor.py:179} INFO - Processing /opt/airflow/dags/report_hourly_dag.py took 0.061 seconds
[2026-06-18T16:21:48.220+0000] {processor.py:157} INFO - Started process (PID=1953) to work on /opt/airflow/dags/report_hourly_dag.py
[2026-06-18T16:21:48.223+0000] {processor.py:829} INFO - Processing file /opt/airflow/dags/report_hourly_dag.py for tasks to queue
[2026-06-18T16:21:48.224+0000] {logging_mixin.py:154} INFO - [2026-06-18T16:21:48.224+0000] {dagbag.py:536} INFO - Filling up the DagBag from /opt/airflow/dags/report_hourly_dag.py
[2026-06-18T16:21:48.233+0000] {processor.py:839} INFO - DAG(s) dict_keys(['report_hourly_dag']) retrieved from /opt/airflow/dags/report_hourly_dag.py
[2026-06-18T16:21:48.251+0000] {logging_mixin.py:154} INFO - [2026-06-18T16:21:48.251+0000] {dag.py:2941} INFO - Sync 1 DAGs
[2026-06-18T16:21:48.269+0000] {logging_mixin.py:154} INFO - [2026-06-18T16:21:48.269+0000] {dag.py:3722} INFO - Setting next_dagrun for report_hourly_dag to 2026-06-18T01:58:00+00:00, run_after=2026-06-18T01:59:00+00:00
[2026-06-18T16:21:48.287+0000] {processor.py:179} INFO - Processing /opt/airflow/dags/report_hourly_dag.py took 0.070 seconds
[2026-06-18T16:22:18.482+0000] {processor.py:157} INFO - Started process (PID=1968) to work on /opt/airflow/dags/report_hourly_dag.py
[2026-06-18T16:22:18.483+0000] {processor.py:829} INFO - Processing file /opt/airflow/dags/report_hourly_dag.py for tasks to queue
[2026-06-18T16:22:18.484+0000] {logging_mixin.py:154} INFO - [2026-06-18T16:22:18.483+0000] {dagbag.py:536} INFO - Filling up the DagBag from /opt/airflow/dags/report_hourly_dag.py
[2026-06-18T16:22:18.494+0000] {processor.py:839} INFO - DAG(s) dict_keys(['report_hourly_dag']) retrieved from /opt/airflow/dags/report_hourly_dag.py
[2026-06-18T16:22:18.511+0000] {logging_mixin.py:154} INFO - [2026-06-18T16:22:18.511+0000] {dag.py:2941} INFO - Sync 1 DAGs
[2026-06-18T16:22:18.528+0000] {logging_mixin.py:154} INFO - [2026-06-18T16:22:18.527+0000] {dag.py:3722} INFO - Setting next_dagrun for report_hourly_dag to 2026-06-18T01:58:00+00:00, run_after=2026-06-18T01:59:00+00:00
[2026-06-18T16:22:18.542+0000] {processor.py:179} INFO - Processing /opt/airflow/dags/report_hourly_dag.py took 0.064 seconds
[2026-06-18T16:22:48.744+0000] {processor.py:157} INFO - Started process (PID=1983) to work on /opt/airflow/dags/report_hourly_dag.py
[2026-06-18T16:22:48.744+0000] {processor.py:829} INFO - Processing file /opt/airflow/dags/report_hourly_dag.py for tasks to queue
[2026-06-18T16:22:48.745+0000] {logging_mixin.py:154} INFO - [2026-06-18T16:22:48.745+0000] {dagbag.py:536} INFO - Filling up the DagBag from /opt/airflow/dags/report_hourly_dag.py
[2026-06-18T16:22:48.755+0000] {processor.py:839} INFO - DAG(s) dict_keys(['report_hourly_dag']) retrieved from /opt/airflow/dags/report_hourly_dag.py
[2026-06-18T16:22:48.773+0000] {logging_mixin.py:154} INFO - [2026-06-18T16:22:48.773+0000] {dag.py:2941} INFO - Sync 1 DAGs
[2026-06-18T16:22:48.790+0000] {logging_mixin.py:154} INFO - [2026-06-18T16:22:48.790+0000] {dag.py:3722} INFO - Setting next_dagrun for report_hourly_dag to 2026-06-18T01:58:00+00:00, run_after=2026-06-18T01:59:00+00:00
[2026-06-18T16:22:48.803+0000] {processor.py:179} INFO - Processing /opt/airflow/dags/report_hourly_dag.py took 0.064 seconds
[2026-06-18T16:23:19.000+0000] {processor.py:157} INFO - Started process (PID=1998) to work on /opt/airflow/dags/report_hourly_dag.py
[2026-06-18T16:23:19.001+0000] {processor.py:829} INFO - Processing file /opt/airflow/dags/report_hourly_dag.py for tasks to queue
[2026-06-18T16:23:19.001+0000] {logging_mixin.py:154} INFO - [2026-06-18T16:23:19.001+0000] {dagbag.py:536} INFO - Filling up the DagBag from /opt/airflow/dags/report_hourly_dag.py
[2026-06-18T16:23:19.010+0000] {processor.py:839} INFO - DAG(s) dict_keys(['report_hourly_dag']) retrieved from /opt/airflow/dags/report_hourly_dag.py
[2026-06-18T16:23:19.025+0000] {logging_mixin.py:154} INFO - [2026-06-18T16:23:19.025+0000] {dag.py:2941} INFO - Sync 1 DAGs
[2026-06-18T16:23:19.042+0000] {logging_mixin.py:154} INFO - [2026-06-18T16:23:19.042+0000] {dag.py:3722} INFO - Setting next_dagrun for report_hourly_dag to 2026-06-18T01:58:00+00:00, run_after=2026-06-18T01:59:00+00:00
[2026-06-18T16:23:19.056+0000] {processor.py:179} INFO - Processing /opt/airflow/dags/report_hourly_dag.py took 0.059 seconds
[2026-06-18T16:23:49.263+0000] {processor.py:157} INFO - Started process (PID=2013) to work on /opt/airflow/dags/report_hourly_dag.py
[2026-06-18T16:23:49.267+0000] {processor.py:829} INFO - Processing file /opt/airflow/dags/report_hourly_dag.py for tasks to queue
[2026-06-18T16:23:49.268+0000] {logging_mixin.py:154} INFO - [2026-06-18T16:23:49.268+0000] {dagbag.py:536} INFO - Filling up the DagBag from /opt/airflow/dags/report_hourly_dag.py
[2026-06-18T16:23:49.276+0000] {processor.py:839} INFO - DAG(s) dict_keys(['report_hourly_dag']) retrieved from /opt/airflow/dags/report_hourly_dag.py
[2026-06-18T16:23:49.293+0000] {logging_mixin.py:154} INFO - [2026-06-18T16:23:49.293+0000] {dag.py:2941} INFO - Sync 1 DAGs
[2026-06-18T16:23:49.311+0000] {logging_mixin.py:154} INFO - [2026-06-18T16:23:49.311+0000] {dag.py:3722} INFO - Setting next_dagrun for report_hourly_dag to 2026-06-18T01:58:00+00:00, run_after=2026-06-18T01:59:00+00:00
[2026-06-18T16:23:49.325+0000] {processor.py:179} INFO - Processing /opt/airflow/dags/report_hourly_dag.py took 0.065 seconds
[2026-06-18T16:24:19.530+0000] {processor.py:157} INFO - Started process (PID=2028) to work on /opt/airflow/dags/report_hourly_dag.py
[2026-06-18T16:24:19.530+0000] {processor.py:829} INFO - Processing file /opt/airflow/dags/report_hourly_dag.py for tasks to queue
[2026-06-18T16:24:19.531+0000] {logging_mixin.py:154} INFO - [2026-06-18T16:24:19.531+0000] {dagbag.py:536} INFO - Filling up the DagBag from /opt/airflow/dags/report_hourly_dag.py
[2026-06-18T16:24:19.541+0000] {processor.py:839} INFO - DAG(s) dict_keys(['report_hourly_dag']) retrieved from /opt/airflow/dags/report_hourly_dag.py
[2026-06-18T16:24:19.558+0000] {logging_mixin.py:154} INFO - [2026-06-18T16:24:19.558+0000] {dag.py:2941} INFO - Sync 1 DAGs
[2026-06-18T16:24:19.576+0000] {logging_mixin.py:154} INFO - [2026-06-18T16:24:19.576+0000] {dag.py:3722} INFO - Setting next_dagrun for report_hourly_dag to 2026-06-18T01:58:00+00:00, run_after=2026-06-18T01:59:00+00:00
[2026-06-18T16:24:19.593+0000] {processor.py:179} INFO - Processing /opt/airflow/dags/report_hourly_dag.py took 0.067 seconds
[2026-06-18T16:24:49.806+0000] {processor.py:157} INFO - Started process (PID=2043) to work on /opt/airflow/dags/report_hourly_dag.py
[2026-06-18T16:24:49.807+0000] {processor.py:829} INFO - Processing file /opt/airflow/dags/report_hourly_dag.py for tasks to queue
[2026-06-18T16:24:49.807+0000] {logging_mixin.py:154} INFO - [2026-06-18T16:24:49.807+0000] {dagbag.py:536} INFO - Filling up the DagBag from /opt/airflow/dags/report_hourly_dag.py
[2026-06-18T16:24:49.818+0000] {processor.py:839} INFO - DAG(s) dict_keys(['report_hourly_dag']) retrieved from /opt/airflow/dags/report_hourly_dag.py
[2026-06-18T16:24:49.833+0000] {logging_mixin.py:154} INFO - [2026-06-18T16:24:49.833+0000] {dag.py:2941} INFO - Sync 1 DAGs
[2026-06-18T16:24:49.851+0000] {logging_mixin.py:154} INFO - [2026-06-18T16:24:49.851+0000] {dag.py:3722} INFO - Setting next_dagrun for report_hourly_dag to 2026-06-18T01:58:00+00:00, run_after=2026-06-18T01:59:00+00:00
[2026-06-18T16:24:49.864+0000] {processor.py:179} INFO - Processing /opt/airflow/dags/report_hourly_dag.py took 0.061 seconds
[2026-06-18T16:25:20.064+0000] {processor.py:157} INFO - Started process (PID=2058) to work on /opt/airflow/dags/report_hourly_dag.py
[2026-06-18T16:25:20.065+0000] {processor.py:829} INFO - Processing file /opt/airflow/dags/report_hourly_dag.py for tasks to queue
[2026-06-18T16:25:20.066+0000] {logging_mixin.py:154} INFO - [2026-06-18T16:25:20.065+0000] {dagbag.py:536} INFO - Filling up the DagBag from /opt/airflow/dags/report_hourly_dag.py
[2026-06-18T16:25:20.075+0000] {processor.py:839} INFO - DAG(s) dict_keys(['report_hourly_dag']) retrieved from /opt/airflow/dags/report_hourly_dag.py
[2026-06-18T16:25:20.092+0000] {logging_mixin.py:154} INFO - [2026-06-18T16:25:20.092+0000] {dag.py:2941} INFO - Sync 1 DAGs
[2026-06-18T16:25:20.109+0000] {logging_mixin.py:154} INFO - [2026-06-18T16:25:20.109+0000] {dag.py:3722} INFO - Setting next_dagrun for report_hourly_dag to 2026-06-18T01:58:00+00:00, run_after=2026-06-18T01:59:00+00:00
[2026-06-18T16:25:20.122+0000] {processor.py:179} INFO - Processing /opt/airflow/dags/report_hourly_dag.py took 0.061 seconds
[2026-06-18T16:25:50.297+0000] {processor.py:157} INFO - Started process (PID=2073) to work on /opt/airflow/dags/report_hourly_dag.py
[2026-06-18T16:25:50.301+0000] {processor.py:829} INFO - Processing file /opt/airflow/dags/report_hourly_dag.py for tasks to queue
[2026-06-18T16:25:50.302+0000] {logging_mixin.py:154} INFO - [2026-06-18T16:25:50.302+0000] {dagbag.py:536} INFO - Filling up the DagBag from /opt/airflow/dags/report_hourly_dag.py
[2026-06-18T16:25:50.312+0000] {processor.py:839} INFO - DAG(s) dict_keys(['report_hourly_dag']) retrieved from /opt/airflow/dags/report_hourly_dag.py
[2026-06-18T16:25:50.331+0000] {logging_mixin.py:154} INFO - [2026-06-18T16:25:50.331+0000] {dag.py:2941} INFO - Sync 1 DAGs
[2026-06-18T16:25:50.353+0000] {logging_mixin.py:154} INFO - [2026-06-18T16:25:50.353+0000] {dag.py:3722} INFO - Setting next_dagrun for report_hourly_dag to 2026-06-18T01:58:00+00:00, run_after=2026-06-18T01:59:00+00:00
[2026-06-18T16:25:50.368+0000] {processor.py:179} INFO - Processing /opt/airflow/dags/report_hourly_dag.py took 0.073 seconds
[2026-06-18T16:26:20.603+0000] {processor.py:157} INFO - Started process (PID=2088) to work on /opt/airflow/dags/report_hourly_dag.py
[2026-06-18T16:26:20.603+0000] {processor.py:829} INFO - Processing file /opt/airflow/dags/report_hourly_dag.py for tasks to queue
[2026-06-18T16:26:20.604+0000] {logging_mixin.py:154} INFO - [2026-06-18T16:26:20.604+0000] {dagbag.py:536} INFO - Filling up the DagBag from /opt/airflow/dags/report_hourly_dag.py
[2026-06-18T16:26:20.614+0000] {processor.py:839} INFO - DAG(s) dict_keys(['report_hourly_dag']) retrieved from /opt/airflow/dags/report_hourly_dag.py
[2026-06-18T16:26:20.630+0000] {logging_mixin.py:154} INFO - [2026-06-18T16:26:20.630+0000] {dag.py:2941} INFO - Sync 1 DAGs
[2026-06-18T16:26:20.648+0000] {logging_mixin.py:154} INFO - [2026-06-18T16:26:20.647+0000] {dag.py:3722} INFO - Setting next_dagrun for report_hourly_dag to 2026-06-18T01:58:00+00:00, run_after=2026-06-18T01:59:00+00:00
[2026-06-18T16:26:20.661+0000] {processor.py:179} INFO - Processing /opt/airflow/dags/report_hourly_dag.py took 0.062 seconds
[2026-06-18T16:26:50.864+0000] {processor.py:157} INFO - Started process (PID=2103) to work on /opt/airflow/dags/report_hourly_dag.py
[2026-06-18T16:26:50.868+0000] {processor.py:829} INFO - Processing file /opt/airflow/dags/report_hourly_dag.py for tasks to queue
[2026-06-18T16:26:50.869+0000] {logging_mixin.py:154} INFO - [2026-06-18T16:26:50.869+0000] {dagbag.py:536} INFO - Filling up the DagBag from /opt/airflow/dags/report_hourly_dag.py
[2026-06-18T16:26:50.881+0000] {processor.py:839} INFO - DAG(s) dict_keys(['report_hourly_dag']) retrieved from /opt/airflow/dags/report_hourly_dag.py
[2026-06-18T16:26:50.901+0000] {logging_mixin.py:154} INFO - [2026-06-18T16:26:50.901+0000] {dag.py:2941} INFO - Sync 1 DAGs
[2026-06-18T16:26:50.921+0000] {logging_mixin.py:154} INFO - [2026-06-18T16:26:50.921+0000] {dag.py:3722} INFO - Setting next_dagrun for report_hourly_dag to 2026-06-18T01:58:00+00:00, run_after=2026-06-18T01:59:00+00:00
[2026-06-18T16:26:50.933+0000] {processor.py:179} INFO - Processing /opt/airflow/dags/report_hourly_dag.py took 0.072 seconds
[2026-06-18T16:27:21.127+0000] {processor.py:157} INFO - Started process (PID=2118) to work on /opt/airflow/dags/report_hourly_dag.py
[2026-06-18T16:27:21.127+0000] {processor.py:829} INFO - Processing file /opt/airflow/dags/report_hourly_dag.py for tasks to queue
[2026-06-18T16:27:21.128+0000] {logging_mixin.py:154} INFO - [2026-06-18T16:27:21.128+0000] {dagbag.py:536} INFO - Filling up the DagBag from /opt/airflow/dags/report_hourly_dag.py
[2026-06-18T16:27:21.138+0000] {processor.py:839} INFO - DAG(s) dict_keys(['report_hourly_dag']) retrieved from /opt/airflow/dags/report_hourly_dag.py
[2026-06-18T16:27:21.156+0000] {logging_mixin.py:154} INFO - [2026-06-18T16:27:21.156+0000] {dag.py:2941} INFO - Sync 1 DAGs
[2026-06-18T16:27:21.173+0000] {logging_mixin.py:154} INFO - [2026-06-18T16:27:21.173+0000] {dag.py:3722} INFO - Setting next_dagrun for report_hourly_dag to 2026-06-18T01:58:00+00:00, run_after=2026-06-18T01:59:00+00:00
[2026-06-18T16:27:21.188+0000] {processor.py:179} INFO - Processing /opt/airflow/dags/report_hourly_dag.py took 0.064 seconds
[2026-06-18T16:27:51.389+0000] {processor.py:157} INFO - Started process (PID=2133) to work on /opt/airflow/dags/report_hourly_dag.py
[2026-06-18T16:27:51.390+0000] {processor.py:829} INFO - Processing file /opt/airflow/dags/report_hourly_dag.py for tasks to queue
[2026-06-18T16:27:51.391+0000] {logging_mixin.py:154} INFO - [2026-06-18T16:27:51.390+0000] {dagbag.py:536} INFO - Filling up the DagBag from /opt/airflow/dags/report_hourly_dag.py
[2026-06-18T16:27:51.410+0000] {processor.py:839} INFO - DAG(s) dict_keys(['report_hourly_dag']) retrieved from /opt/airflow/dags/report_hourly_dag.py
[2026-06-18T16:27:51.442+0000] {logging_mixin.py:154} INFO - [2026-06-18T16:27:51.442+0000] {dag.py:2941} INFO - Sync 1 DAGs
[2026-06-18T16:27:51.464+0000] {logging_mixin.py:154} INFO - [2026-06-18T16:27:51.464+0000] {dag.py:3722} INFO - Setting next_dagrun for report_hourly_dag to 2026-06-18T01:58:00+00:00, run_after=2026-06-18T01:59:00+00:00
[2026-06-18T16:27:51.476+0000] {processor.py:179} INFO - Processing /opt/airflow/dags/report_hourly_dag.py took 0.094 seconds
[2026-06-18T16:28:21.657+0000] {processor.py:157} INFO - Started process (PID=2148) to work on /opt/airflow/dags/report_hourly_dag.py
[2026-06-18T16:28:21.658+0000] {processor.py:829} INFO - Processing file /opt/airflow/dags/report_hourly_dag.py for tasks to queue
[2026-06-18T16:28:21.659+0000] {logging_mixin.py:154} INFO - [2026-06-18T16:28:21.658+0000] {dagbag.py:536} INFO - Filling up the DagBag from /opt/airflow/dags/report_hourly_dag.py
[2026-06-18T16:28:21.668+0000] {processor.py:839} INFO - DAG(s) dict_keys(['report_hourly_dag']) retrieved from /opt/airflow/dags/report_hourly_dag.py
[2026-06-18T16:28:21.684+0000] {logging_mixin.py:154} INFO - [2026-06-18T16:28:21.683+0000] {dag.py:2941} INFO - Sync 1 DAGs
[2026-06-18T16:28:21.700+0000] {logging_mixin.py:154} INFO - [2026-06-18T16:28:21.700+0000] {dag.py:3722} INFO - Setting next_dagrun for report_hourly_dag to 2026-06-18T01:58:00+00:00, run_after=2026-06-18T01:59:00+00:00
[2026-06-18T16:28:21.712+0000] {processor.py:179} INFO - Processing /opt/airflow/dags/report_hourly_dag.py took 0.059 seconds
[2026-06-18T16:28:51.885+0000] {processor.py:157} INFO - Started process (PID=2163) to work on /opt/airflow/dags/report_hourly_dag.py
[2026-06-18T16:28:51.886+0000] {processor.py:829} INFO - Processing file /opt/airflow/dags/report_hourly_dag.py for tasks to queue
[2026-06-18T16:28:51.886+0000] {logging_mixin.py:154} INFO - [2026-06-18T16:28:51.886+0000] {dagbag.py:536} INFO - Filling up the DagBag from /opt/airflow/dags/report_hourly_dag.py
[2026-06-18T16:28:51.895+0000] {processor.py:839} INFO - DAG(s) dict_keys(['report_hourly_dag']) retrieved from /opt/airflow/dags/report_hourly_dag.py
[2026-06-18T16:28:51.912+0000] {logging_mixin.py:154} INFO - [2026-06-18T16:28:51.912+0000] {dag.py:2941} INFO - Sync 1 DAGs
[2026-06-18T16:28:51.931+0000] {logging_mixin.py:154} INFO - [2026-06-18T16:28:51.931+0000] {dag.py:3722} INFO - Setting next_dagrun for report_hourly_dag to 2026-06-18T01:58:00+00:00, run_after=2026-06-18T01:59:00+00:00
[2026-06-18T16:28:51.946+0000] {processor.py:179} INFO - Processing /opt/airflow/dags/report_hourly_dag.py took 0.064 seconds
[2026-06-18T16:29:22.127+0000] {processor.py:157} INFO - Started process (PID=2178) to work on /opt/airflow/dags/report_hourly_dag.py
[2026-06-18T16:29:22.131+0000] {processor.py:829} INFO - Processing file /opt/airflow/dags/report_hourly_dag.py for tasks to queue
[2026-06-18T16:29:22.132+0000] {logging_mixin.py:154} INFO - [2026-06-18T16:29:22.132+0000] {dagbag.py:536} INFO - Filling up the DagBag from /opt/airflow/dags/report_hourly_dag.py
[2026-06-18T16:29:22.143+0000] {processor.py:839} INFO - DAG(s) dict_keys(['report_hourly_dag']) retrieved from /opt/airflow/dags/report_hourly_dag.py
[2026-06-18T16:29:22.167+0000] {logging_mixin.py:154} INFO - [2026-06-18T16:29:22.167+0000] {dag.py:2941} INFO - Sync 1 DAGs
[2026-06-18T16:29:22.196+0000] {logging_mixin.py:154} INFO - [2026-06-18T16:29:22.195+0000] {dag.py:3722} INFO - Setting next_dagrun for report_hourly_dag to 2026-06-18T01:58:00+00:00, run_after=2026-06-18T01:59:00+00:00
[2026-06-18T16:29:22.213+0000] {processor.py:179} INFO - Processing /opt/airflow/dags/report_hourly_dag.py took 0.089 seconds
[2026-06-18T16:29:52.422+0000] {processor.py:157} INFO - Started process (PID=2193) to work on /opt/airflow/dags/report_hourly_dag.py
[2026-06-18T16:29:52.423+0000] {processor.py:829} INFO - Processing file /opt/airflow/dags/report_hourly_dag.py for tasks to queue
[2026-06-18T16:29:52.423+0000] {logging_mixin.py:154} INFO - [2026-06-18T16:29:52.423+0000] {dagbag.py:536} INFO - Filling up the DagBag from /opt/airflow/dags/report_hourly_dag.py
[2026-06-18T16:29:52.432+0000] {processor.py:839} INFO - DAG(s) dict_keys(['report_hourly_dag']) retrieved from /opt/airflow/dags/report_hourly_dag.py
[2026-06-18T16:29:52.449+0000] {logging_mixin.py:154} INFO - [2026-06-18T16:29:52.449+0000] {dag.py:2941} INFO - Sync 1 DAGs
[2026-06-18T16:29:52.562+0000] {logging_mixin.py:154} INFO - [2026-06-18T16:29:52.562+0000] {dag.py:3722} INFO - Setting next_dagrun for report_hourly_dag to 2026-06-18T01:58:00+00:00, run_after=2026-06-18T01:59:00+00:00
[2026-06-18T16:29:52.574+0000] {processor.py:179} INFO - Processing /opt/airflow/dags/report_hourly_dag.py took 0.155 seconds
[2026-06-18T16:30:22.687+0000] {processor.py:157} INFO - Started process (PID=2208) to work on /opt/airflow/dags/report_hourly_dag.py
[2026-06-18T16:30:22.690+0000] {processor.py:829} INFO - Processing file /opt/airflow/dags/report_hourly_dag.py for tasks to queue
[2026-06-18T16:30:22.691+0000] {logging_mixin.py:154} INFO - [2026-06-18T16:30:22.691+0000] {dagbag.py:536} INFO - Filling up the DagBag from /opt/airflow/dags/report_hourly_dag.py
[2026-06-18T16:30:22.705+0000] {processor.py:839} INFO - DAG(s) dict_keys(['report_hourly_dag']) retrieved from /opt/airflow/dags/report_hourly_dag.py
[2026-06-18T16:30:22.723+0000] {logging_mixin.py:154} INFO - [2026-06-18T16:30:22.722+0000] {dag.py:2941} INFO - Sync 1 DAGs
[2026-06-18T16:30:22.740+0000] {logging_mixin.py:154} INFO - [2026-06-18T16:30:22.740+0000] {dag.py:3722} INFO - Setting next_dagrun for report_hourly_dag to 2026-06-18T01:58:00+00:00, run_after=2026-06-18T01:59:00+00:00
[2026-06-18T16:30:22.753+0000] {processor.py:179} INFO - Processing /opt/airflow/dags/report_hourly_dag.py took 0.069 seconds
[2026-06-18T16:30:52.962+0000] {processor.py:157} INFO - Started process (PID=2223) to work on /opt/airflow/dags/report_hourly_dag.py
[2026-06-18T16:30:52.962+0000] {processor.py:829} INFO - Processing file /opt/airflow/dags/report_hourly_dag.py for tasks to queue
[2026-06-18T16:30:52.963+0000] {logging_mixin.py:154} INFO - [2026-06-18T16:30:52.963+0000] {dagbag.py:536} INFO - Filling up the DagBag from /opt/airflow/dags/report_hourly_dag.py
[2026-06-18T16:30:52.974+0000] {processor.py:839} INFO - DAG(s) dict_keys(['report_hourly_dag']) retrieved from /opt/airflow/dags/report_hourly_dag.py
[2026-06-18T16:30:52.993+0000] {logging_mixin.py:154} INFO - [2026-06-18T16:30:52.993+0000] {dag.py:2941} INFO - Sync 1 DAGs
[2026-06-18T16:30:53.013+0000] {logging_mixin.py:154} INFO - [2026-06-18T16:30:53.013+0000] {dag.py:3722} INFO - Setting next_dagrun for report_hourly_dag to 2026-06-18T01:58:00+00:00, run_after=2026-06-18T01:59:00+00:00
[2026-06-18T16:30:53.029+0000] {processor.py:179} INFO - Processing /opt/airflow/dags/report_hourly_dag.py took 0.071 seconds
[2026-06-18T16:31:23.218+0000] {processor.py:157} INFO - Started process (PID=2238) to work on /opt/airflow/dags/report_hourly_dag.py
[2026-06-18T16:31:23.223+0000] {processor.py:829} INFO - Processing file /opt/airflow/dags/report_hourly_dag.py for tasks to queue
[2026-06-18T16:31:23.223+0000] {logging_mixin.py:154} INFO - [2026-06-18T16:31:23.223+0000] {dagbag.py:536} INFO - Filling up the DagBag from /opt/airflow/dags/report_hourly_dag.py
[2026-06-18T16:31:23.232+0000] {processor.py:839} INFO - DAG(s) dict_keys(['report_hourly_dag']) retrieved from /opt/airflow/dags/report_hourly_dag.py
[2026-06-18T16:31:23.248+0000] {logging_mixin.py:154} INFO - [2026-06-18T16:31:23.247+0000] {dag.py:2941} INFO - Sync 1 DAGs
[2026-06-18T16:31:23.270+0000] {logging_mixin.py:154} INFO - [2026-06-18T16:31:23.270+0000] {dag.py:3722} INFO - Setting next_dagrun for report_hourly_dag to 2026-06-18T01:58:00+00:00, run_after=2026-06-18T01:59:00+00:00
[2026-06-18T16:31:23.285+0000] {processor.py:179} INFO - Processing /opt/airflow/dags/report_hourly_dag.py took 0.069 seconds
[2026-06-18T16:31:53.511+0000] {processor.py:157} INFO - Started process (PID=2253) to work on /opt/airflow/dags/report_hourly_dag.py
[2026-06-18T16:31:53.512+0000] {processor.py:829} INFO - Processing file /opt/airflow/dags/report_hourly_dag.py for tasks to queue
[2026-06-18T16:31:53.513+0000] {logging_mixin.py:154} INFO - [2026-06-18T16:31:53.512+0000] {dagbag.py:536} INFO - Filling up the DagBag from /opt/airflow/dags/report_hourly_dag.py
[2026-06-18T16:31:53.522+0000] {processor.py:839} INFO - DAG(s) dict_keys(['report_hourly_dag']) retrieved from /opt/airflow/dags/report_hourly_dag.py
[2026-06-18T16:31:53.542+0000] {logging_mixin.py:154} INFO - [2026-06-18T16:31:53.542+0000] {dag.py:2941} INFO - Sync 1 DAGs
[2026-06-18T16:31:53.648+0000] {logging_mixin.py:154} INFO - [2026-06-18T16:31:53.648+0000] {dag.py:3722} INFO - Setting next_dagrun for report_hourly_dag to 2026-06-18T01:58:00+00:00, run_after=2026-06-18T01:59:00+00:00
[2026-06-18T16:31:53.660+0000] {processor.py:179} INFO - Processing /opt/airflow/dags/report_hourly_dag.py took 0.152 seconds
[2026-06-18T16:32:23.904+0000] {processor.py:157} INFO - Started process (PID=2268) to work on /opt/airflow/dags/report_hourly_dag.py
[2026-06-18T16:32:23.906+0000] {processor.py:829} INFO - Processing file /opt/airflow/dags/report_hourly_dag.py for tasks to queue
[2026-06-18T16:32:23.907+0000] {logging_mixin.py:154} INFO - [2026-06-18T16:32:23.906+0000] {dagbag.py:536} INFO - Filling up the DagBag from /opt/airflow/dags/report_hourly_dag.py
[2026-06-18T16:32:23.921+0000] {processor.py:839} INFO - DAG(s) dict_keys(['report_hourly_dag']) retrieved from /opt/airflow/dags/report_hourly_dag.py
[2026-06-18T16:32:23.941+0000] {logging_mixin.py:154} INFO - [2026-06-18T16:32:23.941+0000] {dag.py:2941} INFO - Sync 1 DAGs
[2026-06-18T16:32:23.961+0000] {logging_mixin.py:154} INFO - [2026-06-18T16:32:23.961+0000] {dag.py:3722} INFO - Setting next_dagrun for report_hourly_dag to 2026-06-18T01:58:00+00:00, run_after=2026-06-18T01:59:00+00:00
[2026-06-18T16:32:23.973+0000] {processor.py:179} INFO - Processing /opt/airflow/dags/report_hourly_dag.py took 0.074 seconds
[2026-06-18T16:32:54.187+0000] {processor.py:157} INFO - Started process (PID=2283) to work on /opt/airflow/dags/report_hourly_dag.py
[2026-06-18T16:32:54.188+0000] {processor.py:829} INFO - Processing file /opt/airflow/dags/report_hourly_dag.py for tasks to queue
[2026-06-18T16:32:54.189+0000] {logging_mixin.py:154} INFO - [2026-06-18T16:32:54.188+0000] {dagbag.py:536} INFO - Filling up the DagBag from /opt/airflow/dags/report_hourly_dag.py
[2026-06-18T16:32:54.198+0000] {processor.py:839} INFO - DAG(s) dict_keys(['report_hourly_dag']) retrieved from /opt/airflow/dags/report_hourly_dag.py
[2026-06-18T16:32:54.217+0000] {logging_mixin.py:154} INFO - [2026-06-18T16:32:54.216+0000] {dag.py:2941} INFO - Sync 1 DAGs
[2026-06-18T16:32:54.234+0000] {logging_mixin.py:154} INFO - [2026-06-18T16:32:54.234+0000] {dag.py:3722} INFO - Setting next_dagrun for report_hourly_dag to 2026-06-18T01:58:00+00:00, run_after=2026-06-18T01:59:00+00:00
[2026-06-18T16:32:54.249+0000] {processor.py:179} INFO - Processing /opt/airflow/dags/report_hourly_dag.py took 0.065 seconds
[2026-06-18T16:33:24.463+0000] {processor.py:157} INFO - Started process (PID=2298) to work on /opt/airflow/dags/report_hourly_dag.py
[2026-06-18T16:33:24.466+0000] {processor.py:829} INFO - Processing file /opt/airflow/dags/report_hourly_dag.py for tasks to queue
[2026-06-18T16:33:24.467+0000] {logging_mixin.py:154} INFO - [2026-06-18T16:33:24.467+0000] {dagbag.py:536} INFO - Filling up the DagBag from /opt/airflow/dags/report_hourly_dag.py
[2026-06-18T16:33:24.479+0000] {processor.py:839} INFO - DAG(s) dict_keys(['report_hourly_dag']) retrieved from /opt/airflow/dags/report_hourly_dag.py
[2026-06-18T16:33:24.495+0000] {logging_mixin.py:154} INFO - [2026-06-18T16:33:24.495+0000] {dag.py:2941} INFO - Sync 1 DAGs
[2026-06-18T16:33:24.512+0000] {logging_mixin.py:154} INFO - [2026-06-18T16:33:24.512+0000] {dag.py:3722} INFO - Setting next_dagrun for report_hourly_dag to 2026-06-18T01:58:00+00:00, run_after=2026-06-18T01:59:00+00:00
[2026-06-18T16:33:24.530+0000] {processor.py:179} INFO - Processing /opt/airflow/dags/report_hourly_dag.py took 0.071 seconds
[2026-06-18T16:33:54.737+0000] {processor.py:157} INFO - Started process (PID=2313) to work on /opt/airflow/dags/report_hourly_dag.py
[2026-06-18T16:33:54.737+0000] {processor.py:829} INFO - Processing file /opt/airflow/dags/report_hourly_dag.py for tasks to queue
[2026-06-18T16:33:54.738+0000] {logging_mixin.py:154} INFO - [2026-06-18T16:33:54.738+0000] {dagbag.py:536} INFO - Filling up the DagBag from /opt/airflow/dags/report_hourly_dag.py
[2026-06-18T16:33:54.747+0000] {processor.py:839} INFO - DAG(s) dict_keys(['report_hourly_dag']) retrieved from /opt/airflow/dags/report_hourly_dag.py
[2026-06-18T16:33:54.764+0000] {logging_mixin.py:154} INFO - [2026-06-18T16:33:54.764+0000] {dag.py:2941} INFO - Sync 1 DAGs
[2026-06-18T16:33:54.783+0000] {logging_mixin.py:154} INFO - [2026-06-18T16:33:54.783+0000] {dag.py:3722} INFO - Setting next_dagrun for report_hourly_dag to 2026-06-18T01:58:00+00:00, run_after=2026-06-18T01:59:00+00:00
[2026-06-18T16:33:54.795+0000] {processor.py:179} INFO - Processing /opt/airflow/dags/report_hourly_dag.py took 0.062 seconds
[2026-06-18T16:34:24.994+0000] {processor.py:157} INFO - Started process (PID=2328) to work on /opt/airflow/dags/report_hourly_dag.py
[2026-06-18T16:34:24.994+0000] {processor.py:829} INFO - Processing file /opt/airflow/dags/report_hourly_dag.py for tasks to queue
[2026-06-18T16:34:24.995+0000] {logging_mixin.py:154} INFO - [2026-06-18T16:34:24.995+0000] {dagbag.py:536} INFO - Filling up the DagBag from /opt/airflow/dags/report_hourly_dag.py
[2026-06-18T16:34:25.006+0000] {processor.py:839} INFO - DAG(s) dict_keys(['report_hourly_dag']) retrieved from /opt/airflow/dags/report_hourly_dag.py
[2026-06-18T16:34:25.022+0000] {logging_mixin.py:154} INFO - [2026-06-18T16:34:25.022+0000] {dag.py:2941} INFO - Sync 1 DAGs
[2026-06-18T16:34:25.038+0000] {logging_mixin.py:154} INFO - [2026-06-18T16:34:25.038+0000] {dag.py:3722} INFO - Setting next_dagrun for report_hourly_dag to 2026-06-18T01:58:00+00:00, run_after=2026-06-18T01:59:00+00:00
[2026-06-18T16:34:25.052+0000] {processor.py:179} INFO - Processing /opt/airflow/dags/report_hourly_dag.py took 0.062 seconds
[2026-06-18T16:34:55.231+0000] {processor.py:157} INFO - Started process (PID=2343) to work on /opt/airflow/dags/report_hourly_dag.py
[2026-06-18T16:34:55.231+0000] {processor.py:829} INFO - Processing file /opt/airflow/dags/report_hourly_dag.py for tasks to queue
[2026-06-18T16:34:55.232+0000] {logging_mixin.py:154} INFO - [2026-06-18T16:34:55.232+0000] {dagbag.py:536} INFO - Filling up the DagBag from /opt/airflow/dags/report_hourly_dag.py
[2026-06-18T16:34:55.244+0000] {processor.py:839} INFO - DAG(s) dict_keys(['report_hourly_dag']) retrieved from /opt/airflow/dags/report_hourly_dag.py
[2026-06-18T16:34:55.267+0000] {logging_mixin.py:154} INFO - [2026-06-18T16:34:55.267+0000] {dag.py:2941} INFO - Sync 1 DAGs
[2026-06-18T16:34:55.295+0000] {logging_mixin.py:154} INFO - [2026-06-18T16:34:55.295+0000] {dag.py:3722} INFO - Setting next_dagrun for report_hourly_dag to 2026-06-18T01:58:00+00:00, run_after=2026-06-18T01:59:00+00:00
[2026-06-18T16:34:55.314+0000] {processor.py:179} INFO - Processing /opt/airflow/dags/report_hourly_dag.py took 0.087 seconds
[2026-06-18T16:35:25.512+0000] {processor.py:157} INFO - Started process (PID=2358) to work on /opt/airflow/dags/report_hourly_dag.py
[2026-06-18T16:35:25.519+0000] {processor.py:829} INFO - Processing file /opt/airflow/dags/report_hourly_dag.py for tasks to queue
[2026-06-18T16:35:25.520+0000] {logging_mixin.py:154} INFO - [2026-06-18T16:35:25.519+0000] {dagbag.py:536} INFO - Filling up the DagBag from /opt/airflow/dags/report_hourly_dag.py
[2026-06-18T16:35:25.533+0000] {processor.py:839} INFO - DAG(s) dict_keys(['report_hourly_dag']) retrieved from /opt/airflow/dags/report_hourly_dag.py
[2026-06-18T16:35:25.553+0000] {logging_mixin.py:154} INFO - [2026-06-18T16:35:25.553+0000] {dag.py:2941} INFO - Sync 1 DAGs
[2026-06-18T16:35:25.571+0000] {logging_mixin.py:154} INFO - [2026-06-18T16:35:25.571+0000] {dag.py:3722} INFO - Setting next_dagrun for report_hourly_dag to 2026-06-18T01:58:00+00:00, run_after=2026-06-18T01:59:00+00:00
[2026-06-18T16:35:25.585+0000] {processor.py:179} INFO - Processing /opt/airflow/dags/report_hourly_dag.py took 0.076 seconds
[2026-06-18T16:35:55.783+0000] {processor.py:157} INFO - Started process (PID=2373) to work on /opt/airflow/dags/report_hourly_dag.py
[2026-06-18T16:35:55.784+0000] {processor.py:829} INFO - Processing file /opt/airflow/dags/report_hourly_dag.py for tasks to queue
[2026-06-18T16:35:55.784+0000] {logging_mixin.py:154} INFO - [2026-06-18T16:35:55.784+0000] {dagbag.py:536} INFO - Filling up the DagBag from /opt/airflow/dags/report_hourly_dag.py
[2026-06-18T16:35:55.794+0000] {processor.py:839} INFO - DAG(s) dict_keys(['report_hourly_dag']) retrieved from /opt/airflow/dags/report_hourly_dag.py
[2026-06-18T16:35:55.813+0000] {logging_mixin.py:154} INFO - [2026-06-18T16:35:55.813+0000] {dag.py:2941} INFO - Sync 1 DAGs
[2026-06-18T16:35:55.835+0000] {logging_mixin.py:154} INFO - [2026-06-18T16:35:55.835+0000] {dag.py:3722} INFO - Setting next_dagrun for report_hourly_dag to 2026-06-18T01:58:00+00:00, run_after=2026-06-18T01:59:00+00:00
[2026-06-18T16:35:55.848+0000] {processor.py:179} INFO - Processing /opt/airflow/dags/report_hourly_dag.py took 0.069 seconds
[2026-06-18T16:36:26.049+0000] {processor.py:157} INFO - Started process (PID=2388) to work on /opt/airflow/dags/report_hourly_dag.py
[2026-06-18T16:36:26.053+0000] {processor.py:829} INFO - Processing file /opt/airflow/dags/report_hourly_dag.py for tasks to queue
[2026-06-18T16:36:26.053+0000] {logging_mixin.py:154} INFO - [2026-06-18T16:36:26.053+0000] {dagbag.py:536} INFO - Filling up the DagBag from /opt/airflow/dags/report_hourly_dag.py
[2026-06-18T16:36:26.062+0000] {processor.py:839} INFO - DAG(s) dict_keys(['report_hourly_dag']) retrieved from /opt/airflow/dags/report_hourly_dag.py
[2026-06-18T16:36:26.080+0000] {logging_mixin.py:154} INFO - [2026-06-18T16:36:26.080+0000] {dag.py:2941} INFO - Sync 1 DAGs
[2026-06-18T16:36:26.099+0000] {logging_mixin.py:154} INFO - [2026-06-18T16:36:26.099+0000] {dag.py:3722} INFO - Setting next_dagrun for report_hourly_dag to 2026-06-18T01:58:00+00:00, run_after=2026-06-18T01:59:00+00:00
[2026-06-18T16:36:26.115+0000] {processor.py:179} INFO - Processing /opt/airflow/dags/report_hourly_dag.py took 0.069 seconds
[2026-06-18T16:36:56.298+0000] {processor.py:157} INFO - Started process (PID=2403) to work on /opt/airflow/dags/report_hourly_dag.py
[2026-06-18T16:36:56.299+0000] {processor.py:829} INFO - Processing file /opt/airflow/dags/report_hourly_dag.py for tasks to queue
[2026-06-18T16:36:56.300+0000] {logging_mixin.py:154} INFO - [2026-06-18T16:36:56.299+0000] {dagbag.py:536} INFO - Filling up the DagBag from /opt/airflow/dags/report_hourly_dag.py
[2026-06-18T16:36:56.312+0000] {processor.py:839} INFO - DAG(s) dict_keys(['report_hourly_dag']) retrieved from /opt/airflow/dags/report_hourly_dag.py
[2026-06-18T16:36:56.332+0000] {logging_mixin.py:154} INFO - [2026-06-18T16:36:56.332+0000] {dag.py:2941} INFO - Sync 1 DAGs
[2026-06-18T16:36:56.354+0000] {logging_mixin.py:154} INFO - [2026-06-18T16:36:56.354+0000] {dag.py:3722} INFO - Setting next_dagrun for report_hourly_dag to 2026-06-18T01:58:00+00:00, run_after=2026-06-18T01:59:00+00:00
[2026-06-18T16:36:56.369+0000] {processor.py:179} INFO - Processing /opt/airflow/dags/report_hourly_dag.py took 0.075 seconds
[2026-06-18T16:37:26.576+0000] {processor.py:157} INFO - Started process (PID=2418) to work on /opt/airflow/dags/report_hourly_dag.py
[2026-06-18T16:37:26.579+0000] {processor.py:829} INFO - Processing file /opt/airflow/dags/report_hourly_dag.py for tasks to queue
[2026-06-18T16:37:26.580+0000] {logging_mixin.py:154} INFO - [2026-06-18T16:37:26.580+0000] {dagbag.py:536} INFO - Filling up the DagBag from /opt/airflow/dags/report_hourly_dag.py
[2026-06-18T16:37:26.593+0000] {processor.py:839} INFO - DAG(s) dict_keys(['report_hourly_dag']) retrieved from /opt/airflow/dags/report_hourly_dag.py
[2026-06-18T16:37:26.613+0000] {logging_mixin.py:154} INFO - [2026-06-18T16:37:26.613+0000] {dag.py:2941} INFO - Sync 1 DAGs
[2026-06-18T16:37:26.631+0000] {logging_mixin.py:154} INFO - [2026-06-18T16:37:26.631+0000] {dag.py:3722} INFO - Setting next_dagrun for report_hourly_dag to 2026-06-18T01:58:00+00:00, run_after=2026-06-18T01:59:00+00:00
[2026-06-18T16:37:26.645+0000] {processor.py:179} INFO - Processing /opt/airflow/dags/report_hourly_dag.py took 0.073 seconds
[2026-06-18T16:38:07.999+0000] {processor.py:157} INFO - Started process (PID=153) to work on /opt/airflow/dags/report_hourly_dag.py
[2026-06-18T16:38:08.000+0000] {processor.py:829} INFO - Processing file /opt/airflow/dags/report_hourly_dag.py for tasks to queue
[2026-06-18T16:38:08.001+0000] {logging_mixin.py:154} INFO - [2026-06-18T16:38:08.000+0000] {dagbag.py:536} INFO - Filling up the DagBag from /opt/airflow/dags/report_hourly_dag.py
[2026-06-18T16:38:08.012+0000] {processor.py:839} INFO - DAG(s) dict_keys(['report_hourly_dag']) retrieved from /opt/airflow/dags/report_hourly_dag.py
[2026-06-18T16:38:08.158+0000] {logging_mixin.py:154} INFO - [2026-06-18T16:38:08.158+0000] {manager.py:499} INFO - Created Permission View: %s
[2026-06-18T16:38:08.166+0000] {logging_mixin.py:154} INFO - [2026-06-18T16:38:08.166+0000] {manager.py:499} INFO - Created Permission View: %s
[2026-06-18T16:38:08.173+0000] {logging_mixin.py:154} INFO - [2026-06-18T16:38:08.173+0000] {manager.py:499} INFO - Created Permission View: %s
[2026-06-18T16:38:08.173+0000] {logging_mixin.py:154} INFO - [2026-06-18T16:38:08.173+0000] {dag.py:2941} INFO - Sync 1 DAGs
[2026-06-18T16:38:08.183+0000] {logging_mixin.py:154} INFO - [2026-06-18T16:38:08.183+0000] {dag.py:2963} INFO - Creating ORM DAG for report_hourly_dag
[2026-06-18T16:38:08.195+0000] {logging_mixin.py:154} INFO - [2026-06-18T16:38:08.195+0000] {dag.py:3722} INFO - Setting next_dagrun for report_hourly_dag to 2026-06-18T01:58:00+00:00, run_after=2026-06-18T01:59:00+00:00
[2026-06-18T16:38:08.209+0000] {processor.py:179} INFO - Processing /opt/airflow/dags/report_hourly_dag.py took 0.213 seconds
[2026-06-18T16:38:38.374+0000] {processor.py:157} INFO - Started process (PID=168) to work on /opt/airflow/dags/report_hourly_dag.py
[2026-06-18T16:38:38.378+0000] {processor.py:829} INFO - Processing file /opt/airflow/dags/report_hourly_dag.py for tasks to queue
[2026-06-18T16:38:38.379+0000] {logging_mixin.py:154} INFO - [2026-06-18T16:38:38.378+0000] {dagbag.py:536} INFO - Filling up the DagBag from /opt/airflow/dags/report_hourly_dag.py
[2026-06-18T16:38:38.387+0000] {processor.py:839} INFO - DAG(s) dict_keys(['report_hourly_dag']) retrieved from /opt/airflow/dags/report_hourly_dag.py
[2026-06-18T16:38:38.406+0000] {logging_mixin.py:154} INFO - [2026-06-18T16:38:38.406+0000] {dag.py:2941} INFO - Sync 1 DAGs
[2026-06-18T16:38:38.424+0000] {logging_mixin.py:154} INFO - [2026-06-18T16:38:38.424+0000] {dag.py:3722} INFO - Setting next_dagrun for report_hourly_dag to 2026-06-18T01:58:00+00:00, run_after=2026-06-18T01:59:00+00:00
[2026-06-18T16:38:38.441+0000] {processor.py:179} INFO - Processing /opt/airflow/dags/report_hourly_dag.py took 0.070 seconds
[2026-06-18T16:39:08.640+0000] {processor.py:157} INFO - Started process (PID=183) to work on /opt/airflow/dags/report_hourly_dag.py
[2026-06-18T16:39:08.641+0000] {processor.py:829} INFO - Processing file /opt/airflow/dags/report_hourly_dag.py for tasks to queue
[2026-06-18T16:39:08.641+0000] {logging_mixin.py:154} INFO - [2026-06-18T16:39:08.641+0000] {dagbag.py:536} INFO - Filling up the DagBag from /opt/airflow/dags/report_hourly_dag.py
[2026-06-18T16:39:08.652+0000] {processor.py:839} INFO - DAG(s) dict_keys(['report_hourly_dag']) retrieved from /opt/airflow/dags/report_hourly_dag.py
[2026-06-18T16:39:08.673+0000] {logging_mixin.py:154} INFO - [2026-06-18T16:39:08.673+0000] {dag.py:2941} INFO - Sync 1 DAGs
[2026-06-18T16:39:08.697+0000] {logging_mixin.py:154} INFO - [2026-06-18T16:39:08.697+0000] {dag.py:3722} INFO - Setting next_dagrun for report_hourly_dag to 2026-06-18T01:58:00+00:00, run_after=2026-06-18T01:59:00+00:00
[2026-06-18T16:39:08.715+0000] {processor.py:179} INFO - Processing /opt/airflow/dags/report_hourly_dag.py took 0.079 seconds
[2026-06-18T16:39:38.848+0000] {processor.py:157} INFO - Started process (PID=198) to work on /opt/airflow/dags/report_hourly_dag.py
[2026-06-18T16:39:38.848+0000] {processor.py:829} INFO - Processing file /opt/airflow/dags/report_hourly_dag.py for tasks to queue
[2026-06-18T16:39:38.849+0000] {logging_mixin.py:154} INFO - [2026-06-18T16:39:38.849+0000] {dagbag.py:536} INFO - Filling up the DagBag from /opt/airflow/dags/report_hourly_dag.py
[2026-06-18T16:39:38.863+0000] {processor.py:839} INFO - DAG(s) dict_keys(['report_hourly_dag']) retrieved from /opt/airflow/dags/report_hourly_dag.py
[2026-06-18T16:39:38.881+0000] {logging_mixin.py:154} INFO - [2026-06-18T16:39:38.881+0000] {dag.py:2941} INFO - Sync 1 DAGs
[2026-06-18T16:39:38.907+0000] {logging_mixin.py:154} INFO - [2026-06-18T16:39:38.907+0000] {dag.py:3722} INFO - Setting next_dagrun for report_hourly_dag to 2026-06-18T01:58:00+00:00, run_after=2026-06-18T01:59:00+00:00
[2026-06-18T16:39:38.924+0000] {processor.py:179} INFO - Processing /opt/airflow/dags/report_hourly_dag.py took 0.080 seconds
[2026-06-18T16:40:09.107+0000] {processor.py:157} INFO - Started process (PID=213) to work on /opt/airflow/dags/report_hourly_dag.py
[2026-06-18T16:40:09.110+0000] {processor.py:829} INFO - Processing file /opt/airflow/dags/report_hourly_dag.py for tasks to queue
[2026-06-18T16:40:09.110+0000] {logging_mixin.py:154} INFO - [2026-06-18T16:40:09.110+0000] {dagbag.py:536} INFO - Filling up the DagBag from /opt/airflow/dags/report_hourly_dag.py
[2026-06-18T16:40:09.120+0000] {processor.py:839} INFO - DAG(s) dict_keys(['report_hourly_dag']) retrieved from /opt/airflow/dags/report_hourly_dag.py
[2026-06-18T16:40:09.137+0000] {logging_mixin.py:154} INFO - [2026-06-18T16:40:09.137+0000] {dag.py:2941} INFO - Sync 1 DAGs
[2026-06-18T16:40:09.156+0000] {logging_mixin.py:154} INFO - [2026-06-18T16:40:09.156+0000] {dag.py:3722} INFO - Setting next_dagrun for report_hourly_dag to 2026-06-18T01:58:00+00:00, run_after=2026-06-18T01:59:00+00:00
[2026-06-18T16:40:09.170+0000] {processor.py:179} INFO - Processing /opt/airflow/dags/report_hourly_dag.py took 0.066 seconds
[2026-06-18T16:40:39.328+0000] {processor.py:157} INFO - Started process (PID=228) to work on /opt/airflow/dags/report_hourly_dag.py
[2026-06-18T16:40:39.329+0000] {processor.py:829} INFO - Processing file /opt/airflow/dags/report_hourly_dag.py for tasks to queue
[2026-06-18T16:40:39.330+0000] {logging_mixin.py:154} INFO - [2026-06-18T16:40:39.329+0000] {dagbag.py:536} INFO - Filling up the DagBag from /opt/airflow/dags/report_hourly_dag.py
[2026-06-18T16:40:39.340+0000] {processor.py:839} INFO - DAG(s) dict_keys(['report_hourly_dag']) retrieved from /opt/airflow/dags/report_hourly_dag.py
[2026-06-18T16:40:39.359+0000] {logging_mixin.py:154} INFO - [2026-06-18T16:40:39.359+0000] {dag.py:2941} INFO - Sync 1 DAGs
[2026-06-18T16:40:39.383+0000] {logging_mixin.py:154} INFO - [2026-06-18T16:40:39.383+0000] {dag.py:3722} INFO - Setting next_dagrun for report_hourly_dag to 2026-06-18T01:58:00+00:00, run_after=2026-06-18T01:59:00+00:00
[2026-06-18T16:40:39.399+0000] {processor.py:179} INFO - Processing /opt/airflow/dags/report_hourly_dag.py took 0.074 seconds
[2026-06-18T16:41:09.578+0000] {processor.py:157} INFO - Started process (PID=243) to work on /opt/airflow/dags/report_hourly_dag.py
[2026-06-18T16:41:09.579+0000] {processor.py:829} INFO - Processing file /opt/airflow/dags/report_hourly_dag.py for tasks to queue
[2026-06-18T16:41:09.580+0000] {logging_mixin.py:154} INFO - [2026-06-18T16:41:09.580+0000] {dagbag.py:536} INFO - Filling up the DagBag from /opt/airflow/dags/report_hourly_dag.py
[2026-06-18T16:41:09.597+0000] {processor.py:839} INFO - DAG(s) dict_keys(['report_hourly_dag']) retrieved from /opt/airflow/dags/report_hourly_dag.py
[2026-06-18T16:41:09.616+0000] {logging_mixin.py:154} INFO - [2026-06-18T16:41:09.616+0000] {dag.py:2941} INFO - Sync 1 DAGs
[2026-06-18T16:41:09.633+0000] {logging_mixin.py:154} INFO - [2026-06-18T16:41:09.632+0000] {dag.py:3722} INFO - Setting next_dagrun for report_hourly_dag to 2026-06-18T01:58:00+00:00, run_after=2026-06-18T01:59:00+00:00
[2026-06-18T16:41:09.646+0000] {processor.py:179} INFO - Processing /opt/airflow/dags/report_hourly_dag.py took 0.072 seconds
[2026-06-18T16:41:39.842+0000] {processor.py:157} INFO - Started process (PID=258) to work on /opt/airflow/dags/report_hourly_dag.py
[2026-06-18T16:41:39.843+0000] {processor.py:829} INFO - Processing file /opt/airflow/dags/report_hourly_dag.py for tasks to queue
[2026-06-18T16:41:39.844+0000] {logging_mixin.py:154} INFO - [2026-06-18T16:41:39.843+0000] {dagbag.py:536} INFO - Filling up the DagBag from /opt/airflow/dags/report_hourly_dag.py
[2026-06-18T16:41:39.854+0000] {processor.py:839} INFO - DAG(s) dict_keys(['report_hourly_dag']) retrieved from /opt/airflow/dags/report_hourly_dag.py
[2026-06-18T16:41:39.871+0000] {logging_mixin.py:154} INFO - [2026-06-18T16:41:39.870+0000] {dag.py:2941} INFO - Sync 1 DAGs
[2026-06-18T16:41:39.888+0000] {logging_mixin.py:154} INFO - [2026-06-18T16:41:39.888+0000] {dag.py:3722} INFO - Setting next_dagrun for report_hourly_dag to 2026-06-18T01:58:00+00:00, run_after=2026-06-18T01:59:00+00:00
[2026-06-18T16:41:39.902+0000] {processor.py:179} INFO - Processing /opt/airflow/dags/report_hourly_dag.py took 0.063 seconds
[2026-06-18T16:42:10.073+0000] {processor.py:157} INFO - Started process (PID=273) to work on /opt/airflow/dags/report_hourly_dag.py
[2026-06-18T16:42:10.074+0000] {processor.py:829} INFO - Processing file /opt/airflow/dags/report_hourly_dag.py for tasks to queue
[2026-06-18T16:42:10.075+0000] {logging_mixin.py:154} INFO - [2026-06-18T16:42:10.075+0000] {dagbag.py:536} INFO - Filling up the DagBag from /opt/airflow/dags/report_hourly_dag.py
[2026-06-18T16:42:10.086+0000] {processor.py:839} INFO - DAG(s) dict_keys(['report_hourly_dag']) retrieved from /opt/airflow/dags/report_hourly_dag.py
[2026-06-18T16:42:10.106+0000] {logging_mixin.py:154} INFO - [2026-06-18T16:42:10.106+0000] {dag.py:2941} INFO - Sync 1 DAGs
[2026-06-18T16:42:10.126+0000] {logging_mixin.py:154} INFO - [2026-06-18T16:42:10.126+0000] {dag.py:3722} INFO - Setting next_dagrun for report_hourly_dag to 2026-06-18T01:58:00+00:00, run_after=2026-06-18T01:59:00+00:00
[2026-06-18T16:42:10.138+0000] {processor.py:179} INFO - Processing /opt/airflow/dags/report_hourly_dag.py took 0.069 seconds
[2026-06-18T16:42:40.312+0000] {processor.py:157} INFO - Started process (PID=288) to work on /opt/airflow/dags/report_hourly_dag.py
[2026-06-18T16:42:40.312+0000] {processor.py:829} INFO - Processing file /opt/airflow/dags/report_hourly_dag.py for tasks to queue
[2026-06-18T16:42:40.313+0000] {logging_mixin.py:154} INFO - [2026-06-18T16:42:40.313+0000] {dagbag.py:536} INFO - Filling up the DagBag from /opt/airflow/dags/report_hourly_dag.py
[2026-06-18T16:42:40.322+0000] {processor.py:839} INFO - DAG(s) dict_keys(['report_hourly_dag']) retrieved from /opt/airflow/dags/report_hourly_dag.py
[2026-06-18T16:42:40.344+0000] {logging_mixin.py:154} INFO - [2026-06-18T16:42:40.343+0000] {dag.py:2941} INFO - Sync 1 DAGs
[2026-06-18T16:42:40.366+0000] {logging_mixin.py:154} INFO - [2026-06-18T16:42:40.366+0000] {dag.py:3722} INFO - Setting next_dagrun for report_hourly_dag to 2026-06-18T01:58:00+00:00, run_after=2026-06-18T01:59:00+00:00
[2026-06-18T16:42:40.382+0000] {processor.py:179} INFO - Processing /opt/airflow/dags/report_hourly_dag.py took 0.073 seconds
[2026-06-18T16:43:10.558+0000] {processor.py:157} INFO - Started process (PID=303) to work on /opt/airflow/dags/report_hourly_dag.py
[2026-06-18T16:43:10.563+0000] {processor.py:829} INFO - Processing file /opt/airflow/dags/report_hourly_dag.py for tasks to queue
[2026-06-18T16:43:10.564+0000] {logging_mixin.py:154} INFO - [2026-06-18T16:43:10.563+0000] {dagbag.py:536} INFO - Filling up the DagBag from /opt/airflow/dags/report_hourly_dag.py
[2026-06-18T16:43:10.575+0000] {processor.py:839} INFO - DAG(s) dict_keys(['report_hourly_dag']) retrieved from /opt/airflow/dags/report_hourly_dag.py
[2026-06-18T16:43:10.596+0000] {logging_mixin.py:154} INFO - [2026-06-18T16:43:10.595+0000] {dag.py:2941} INFO - Sync 1 DAGs
[2026-06-18T16:43:10.705+0000] {logging_mixin.py:154} INFO - [2026-06-18T16:43:10.705+0000] {dag.py:3722} INFO - Setting next_dagrun for report_hourly_dag to 2026-06-18T01:58:00+00:00, run_after=2026-06-18T01:59:00+00:00
[2026-06-18T16:43:10.720+0000] {processor.py:179} INFO - Processing /opt/airflow/dags/report_hourly_dag.py took 0.165 seconds
[2026-06-18T16:43:40.968+0000] {processor.py:157} INFO - Started process (PID=318) to work on /opt/airflow/dags/report_hourly_dag.py
[2026-06-18T16:43:40.968+0000] {processor.py:829} INFO - Processing file /opt/airflow/dags/report_hourly_dag.py for tasks to queue
[2026-06-18T16:43:40.969+0000] {logging_mixin.py:154} INFO - [2026-06-18T16:43:40.969+0000] {dagbag.py:536} INFO - Filling up the DagBag from /opt/airflow/dags/report_hourly_dag.py
[2026-06-18T16:43:40.980+0000] {processor.py:839} INFO - DAG(s) dict_keys(['report_hourly_dag']) retrieved from /opt/airflow/dags/report_hourly_dag.py
[2026-06-18T16:43:41.005+0000] {logging_mixin.py:154} INFO - [2026-06-18T16:43:41.005+0000] {dag.py:2941} INFO - Sync 1 DAGs
[2026-06-18T16:43:41.027+0000] {logging_mixin.py:154} INFO - [2026-06-18T16:43:41.026+0000] {dag.py:3722} INFO - Setting next_dagrun for report_hourly_dag to 2026-06-18T01:58:00+00:00, run_after=2026-06-18T01:59:00+00:00
[2026-06-18T16:43:41.045+0000] {processor.py:179} INFO - Processing /opt/airflow/dags/report_hourly_dag.py took 0.081 seconds
[2026-06-18T16:44:11.226+0000] {processor.py:157} INFO - Started process (PID=333) to work on /opt/airflow/dags/report_hourly_dag.py
[2026-06-18T16:44:11.229+0000] {processor.py:829} INFO - Processing file /opt/airflow/dags/report_hourly_dag.py for tasks to queue
[2026-06-18T16:44:11.230+0000] {logging_mixin.py:154} INFO - [2026-06-18T16:44:11.229+0000] {dagbag.py:536} INFO - Filling up the DagBag from /opt/airflow/dags/report_hourly_dag.py
[2026-06-18T16:44:11.239+0000] {processor.py:839} INFO - DAG(s) dict_keys(['report_hourly_dag']) retrieved from /opt/airflow/dags/report_hourly_dag.py
[2026-06-18T16:44:11.258+0000] {logging_mixin.py:154} INFO - [2026-06-18T16:44:11.258+0000] {dag.py:2941} INFO - Sync 1 DAGs
[2026-06-18T16:44:11.276+0000] {logging_mixin.py:154} INFO - [2026-06-18T16:44:11.276+0000] {dag.py:3722} INFO - Setting next_dagrun for report_hourly_dag to 2026-06-18T01:58:00+00:00, run_after=2026-06-18T01:59:00+00:00
[2026-06-18T16:44:11.291+0000] {processor.py:179} INFO - Processing /opt/airflow/dags/report_hourly_dag.py took 0.068 seconds
[2026-06-18T16:44:41.452+0000] {processor.py:157} INFO - Started process (PID=348) to work on /opt/airflow/dags/report_hourly_dag.py
[2026-06-18T16:44:41.452+0000] {processor.py:829} INFO - Processing file /opt/airflow/dags/report_hourly_dag.py for tasks to queue
[2026-06-18T16:44:41.453+0000] {logging_mixin.py:154} INFO - [2026-06-18T16:44:41.453+0000] {dagbag.py:536} INFO - Filling up the DagBag from /opt/airflow/dags/report_hourly_dag.py
[2026-06-18T16:44:41.461+0000] {processor.py:839} INFO - DAG(s) dict_keys(['report_hourly_dag']) retrieved from /opt/airflow/dags/report_hourly_dag.py
[2026-06-18T16:44:41.481+0000] {logging_mixin.py:154} INFO - [2026-06-18T16:44:41.481+0000] {dag.py:2941} INFO - Sync 1 DAGs
[2026-06-18T16:44:41.506+0000] {logging_mixin.py:154} INFO - [2026-06-18T16:44:41.506+0000] {dag.py:3722} INFO - Setting next_dagrun for report_hourly_dag to 2026-06-18T01:58:00+00:00, run_after=2026-06-18T01:59:00+00:00
[2026-06-18T16:44:41.523+0000] {processor.py:179} INFO - Processing /opt/airflow/dags/report_hourly_dag.py took 0.073 seconds
[2026-06-18T16:45:11.690+0000] {processor.py:157} INFO - Started process (PID=363) to work on /opt/airflow/dags/report_hourly_dag.py
[2026-06-18T16:45:11.693+0000] {processor.py:829} INFO - Processing file /opt/airflow/dags/report_hourly_dag.py for tasks to queue
[2026-06-18T16:45:11.694+0000] {logging_mixin.py:154} INFO - [2026-06-18T16:45:11.694+0000] {dagbag.py:536} INFO - Filling up the DagBag from /opt/airflow/dags/report_hourly_dag.py
[2026-06-18T16:45:11.708+0000] {processor.py:839} INFO - DAG(s) dict_keys(['report_hourly_dag']) retrieved from /opt/airflow/dags/report_hourly_dag.py
[2026-06-18T16:45:11.732+0000] {logging_mixin.py:154} INFO - [2026-06-18T16:45:11.732+0000] {dag.py:2941} INFO - Sync 1 DAGs
[2026-06-18T16:45:11.761+0000] {logging_mixin.py:154} INFO - [2026-06-18T16:45:11.761+0000] {dag.py:3722} INFO - Setting next_dagrun for report_hourly_dag to 2026-06-18T01:58:00+00:00, run_after=2026-06-18T01:59:00+00:00
[2026-06-18T16:45:11.780+0000] {processor.py:179} INFO - Processing /opt/airflow/dags/report_hourly_dag.py took 0.092 seconds
[2026-06-18T16:45:41.969+0000] {processor.py:157} INFO - Started process (PID=378) to work on /opt/airflow/dags/report_hourly_dag.py
[2026-06-18T16:45:41.969+0000] {processor.py:829} INFO - Processing file /opt/airflow/dags/report_hourly_dag.py for tasks to queue
[2026-06-18T16:45:41.970+0000] {logging_mixin.py:154} INFO - [2026-06-18T16:45:41.970+0000] {dagbag.py:536} INFO - Filling up the DagBag from /opt/airflow/dags/report_hourly_dag.py
[2026-06-18T16:45:41.980+0000] {processor.py:839} INFO - DAG(s) dict_keys(['report_hourly_dag']) retrieved from /opt/airflow/dags/report_hourly_dag.py
[2026-06-18T16:45:41.997+0000] {logging_mixin.py:154} INFO - [2026-06-18T16:45:41.997+0000] {dag.py:2941} INFO - Sync 1 DAGs
[2026-06-18T16:45:42.016+0000] {logging_mixin.py:154} INFO - [2026-06-18T16:45:42.015+0000] {dag.py:3722} INFO - Setting next_dagrun for report_hourly_dag to 2026-06-18T01:58:00+00:00, run_after=2026-06-18T01:59:00+00:00
[2026-06-18T16:45:42.029+0000] {processor.py:179} INFO - Processing /opt/airflow/dags/report_hourly_dag.py took 0.065 seconds
[2026-06-18T16:46:12.197+0000] {processor.py:157} INFO - Started process (PID=393) to work on /opt/airflow/dags/report_hourly_dag.py
[2026-06-18T16:46:12.201+0000] {processor.py:829} INFO - Processing file /opt/airflow/dags/report_hourly_dag.py for tasks to queue
[2026-06-18T16:46:12.201+0000] {logging_mixin.py:154} INFO - [2026-06-18T16:46:12.201+0000] {dagbag.py:536} INFO - Filling up the DagBag from /opt/airflow/dags/report_hourly_dag.py
[2026-06-18T16:46:12.210+0000] {processor.py:839} INFO - DAG(s) dict_keys(['report_hourly_dag']) retrieved from /opt/airflow/dags/report_hourly_dag.py
[2026-06-18T16:46:12.230+0000] {logging_mixin.py:154} INFO - [2026-06-18T16:46:12.230+0000] {dag.py:2941} INFO - Sync 1 DAGs
[2026-06-18T16:46:12.254+0000] {logging_mixin.py:154} INFO - [2026-06-18T16:46:12.254+0000] {dag.py:3722} INFO - Setting next_dagrun for report_hourly_dag to 2026-06-18T01:58:00+00:00, run_after=2026-06-18T01:59:00+00:00
[2026-06-18T16:46:12.273+0000] {processor.py:179} INFO - Processing /opt/airflow/dags/report_hourly_dag.py took 0.079 seconds
[2026-06-18T16:46:42.437+0000] {processor.py:157} INFO - Started process (PID=408) to work on /opt/airflow/dags/report_hourly_dag.py
[2026-06-18T16:46:42.438+0000] {processor.py:829} INFO - Processing file /opt/airflow/dags/report_hourly_dag.py for tasks to queue
[2026-06-18T16:46:42.438+0000] {logging_mixin.py:154} INFO - [2026-06-18T16:46:42.438+0000] {dagbag.py:536} INFO - Filling up the DagBag from /opt/airflow/dags/report_hourly_dag.py
[2026-06-18T16:46:42.447+0000] {processor.py:839} INFO - DAG(s) dict_keys(['report_hourly_dag']) retrieved from /opt/airflow/dags/report_hourly_dag.py
[2026-06-18T16:46:42.468+0000] {logging_mixin.py:154} INFO - [2026-06-18T16:46:42.467+0000] {dag.py:2941} INFO - Sync 1 DAGs
[2026-06-18T16:46:42.490+0000] {logging_mixin.py:154} INFO - [2026-06-18T16:46:42.490+0000] {dag.py:3722} INFO - Setting next_dagrun for report_hourly_dag to 2026-06-18T01:58:00+00:00, run_after=2026-06-18T01:59:00+00:00
[2026-06-18T16:46:42.505+0000] {processor.py:179} INFO - Processing /opt/airflow/dags/report_hourly_dag.py took 0.071 seconds
[2026-06-18T16:47:12.705+0000] {processor.py:157} INFO - Started process (PID=423) to work on /opt/airflow/dags/report_hourly_dag.py
[2026-06-18T16:47:12.706+0000] {processor.py:829} INFO - Processing file /opt/airflow/dags/report_hourly_dag.py for tasks to queue
[2026-06-18T16:47:12.707+0000] {logging_mixin.py:154} INFO - [2026-06-18T16:47:12.706+0000] {dagbag.py:536} INFO - Filling up the DagBag from /opt/airflow/dags/report_hourly_dag.py
[2026-06-18T16:47:12.717+0000] {processor.py:839} INFO - DAG(s) dict_keys(['report_hourly_dag']) retrieved from /opt/airflow/dags/report_hourly_dag.py
[2026-06-18T16:47:12.738+0000] {logging_mixin.py:154} INFO - [2026-06-18T16:47:12.738+0000] {dag.py:2941} INFO - Sync 1 DAGs
[2026-06-18T16:47:12.760+0000] {logging_mixin.py:154} INFO - [2026-06-18T16:47:12.760+0000] {dag.py:3722} INFO - Setting next_dagrun for report_hourly_dag to 2026-06-18T01:58:00+00:00, run_after=2026-06-18T01:59:00+00:00
[2026-06-18T16:47:12.779+0000] {processor.py:179} INFO - Processing /opt/airflow/dags/report_hourly_dag.py took 0.077 seconds
[2026-06-18T16:47:42.941+0000] {processor.py:157} INFO - Started process (PID=438) to work on /opt/airflow/dags/report_hourly_dag.py
[2026-06-18T16:47:42.941+0000] {processor.py:829} INFO - Processing file /opt/airflow/dags/report_hourly_dag.py for tasks to queue
[2026-06-18T16:47:42.942+0000] {logging_mixin.py:154} INFO - [2026-06-18T16:47:42.941+0000] {dagbag.py:536} INFO - Filling up the DagBag from /opt/airflow/dags/report_hourly_dag.py
[2026-06-18T16:47:42.950+0000] {processor.py:839} INFO - DAG(s) dict_keys(['report_hourly_dag']) retrieved from /opt/airflow/dags/report_hourly_dag.py
[2026-06-18T16:47:42.968+0000] {logging_mixin.py:154} INFO - [2026-06-18T16:47:42.968+0000] {dag.py:2941} INFO - Sync 1 DAGs
[2026-06-18T16:47:42.991+0000] {logging_mixin.py:154} INFO - [2026-06-18T16:47:42.991+0000] {dag.py:3722} INFO - Setting next_dagrun for report_hourly_dag to 2026-06-18T01:58:00+00:00, run_after=2026-06-18T01:59:00+00:00
[2026-06-18T16:47:43.005+0000] {processor.py:179} INFO - Processing /opt/airflow/dags/report_hourly_dag.py took 0.067 seconds
[2026-06-18T16:48:13.178+0000] {processor.py:157} INFO - Started process (PID=453) to work on /opt/airflow/dags/report_hourly_dag.py
[2026-06-18T16:48:13.182+0000] {processor.py:829} INFO - Processing file /opt/airflow/dags/report_hourly_dag.py for tasks to queue
[2026-06-18T16:48:13.183+0000] {logging_mixin.py:154} INFO - [2026-06-18T16:48:13.182+0000] {dagbag.py:536} INFO - Filling up the DagBag from /opt/airflow/dags/report_hourly_dag.py
[2026-06-18T16:48:13.194+0000] {processor.py:839} INFO - DAG(s) dict_keys(['report_hourly_dag']) retrieved from /opt/airflow/dags/report_hourly_dag.py
[2026-06-18T16:48:13.219+0000] {logging_mixin.py:154} INFO - [2026-06-18T16:48:13.218+0000] {dag.py:2941} INFO - Sync 1 DAGs
[2026-06-18T16:48:13.247+0000] {logging_mixin.py:154} INFO - [2026-06-18T16:48:13.246+0000] {dag.py:3722} INFO - Setting next_dagrun for report_hourly_dag to 2026-06-18T01:58:00+00:00, run_after=2026-06-18T01:59:00+00:00
[2026-06-18T16:48:13.265+0000] {processor.py:179} INFO - Processing /opt/airflow/dags/report_hourly_dag.py took 0.090 seconds
[2026-06-18T16:48:43.424+0000] {processor.py:157} INFO - Started process (PID=468) to work on /opt/airflow/dags/report_hourly_dag.py
[2026-06-18T16:48:43.424+0000] {processor.py:829} INFO - Processing file /opt/airflow/dags/report_hourly_dag.py for tasks to queue
[2026-06-18T16:48:43.426+0000] {logging_mixin.py:154} INFO - [2026-06-18T16:48:43.425+0000] {dagbag.py:536} INFO - Filling up the DagBag from /opt/airflow/dags/report_hourly_dag.py
[2026-06-18T16:48:43.437+0000] {processor.py:839} INFO - DAG(s) dict_keys(['report_hourly_dag']) retrieved from /opt/airflow/dags/report_hourly_dag.py
[2026-06-18T16:48:43.456+0000] {logging_mixin.py:154} INFO - [2026-06-18T16:48:43.456+0000] {dag.py:2941} INFO - Sync 1 DAGs
[2026-06-18T16:48:43.482+0000] {logging_mixin.py:154} INFO - [2026-06-18T16:48:43.481+0000] {dag.py:3722} INFO - Setting next_dagrun for report_hourly_dag to 2026-06-18T01:58:00+00:00, run_after=2026-06-18T01:59:00+00:00
[2026-06-18T16:48:43.501+0000] {processor.py:179} INFO - Processing /opt/airflow/dags/report_hourly_dag.py took 0.081 seconds
[2026-06-18T16:49:13.679+0000] {processor.py:157} INFO - Started process (PID=483) to work on /opt/airflow/dags/report_hourly_dag.py
[2026-06-18T16:49:13.680+0000] {processor.py:829} INFO - Processing file /opt/airflow/dags/report_hourly_dag.py for tasks to queue
[2026-06-18T16:49:13.681+0000] {logging_mixin.py:154} INFO - [2026-06-18T16:49:13.680+0000] {dagbag.py:536} INFO - Filling up the DagBag from /opt/airflow/dags/report_hourly_dag.py
[2026-06-18T16:49:13.692+0000] {processor.py:839} INFO - DAG(s) dict_keys(['report_hourly_dag']) retrieved from /opt/airflow/dags/report_hourly_dag.py
[2026-06-18T16:49:13.709+0000] {logging_mixin.py:154} INFO - [2026-06-18T16:49:13.709+0000] {dag.py:2941} INFO - Sync 1 DAGs
[2026-06-18T16:49:13.726+0000] {logging_mixin.py:154} INFO - [2026-06-18T16:49:13.726+0000] {dag.py:3722} INFO - Setting next_dagrun for report_hourly_dag to 2026-06-18T01:58:00+00:00, run_after=2026-06-18T01:59:00+00:00
[2026-06-18T16:49:13.738+0000] {processor.py:179} INFO - Processing /opt/airflow/dags/report_hourly_dag.py took 0.063 seconds
[2026-06-18T16:49:43.907+0000] {processor.py:157} INFO - Started process (PID=498) to work on /opt/airflow/dags/report_hourly_dag.py
[2026-06-18T16:49:43.908+0000] {processor.py:829} INFO - Processing file /opt/airflow/dags/report_hourly_dag.py for tasks to queue
[2026-06-18T16:49:43.909+0000] {logging_mixin.py:154} INFO - [2026-06-18T16:49:43.909+0000] {dagbag.py:536} INFO - Filling up the DagBag from /opt/airflow/dags/report_hourly_dag.py
[2026-06-18T16:49:43.918+0000] {processor.py:839} INFO - DAG(s) dict_keys(['report_hourly_dag']) retrieved from /opt/airflow/dags/report_hourly_dag.py
[2026-06-18T16:49:43.938+0000] {logging_mixin.py:154} INFO - [2026-06-18T16:49:43.938+0000] {dag.py:2941} INFO - Sync 1 DAGs
[2026-06-18T16:49:43.962+0000] {logging_mixin.py:154} INFO - [2026-06-18T16:49:43.962+0000] {dag.py:3722} INFO - Setting next_dagrun for report_hourly_dag to 2026-06-18T01:58:00+00:00, run_after=2026-06-18T01:59:00+00:00
[2026-06-18T16:49:43.980+0000] {processor.py:179} INFO - Processing /opt/airflow/dags/report_hourly_dag.py took 0.077 seconds
[2026-06-18T16:50:14.139+0000] {processor.py:157} INFO - Started process (PID=513) to work on /opt/airflow/dags/report_hourly_dag.py
[2026-06-18T16:50:14.140+0000] {processor.py:829} INFO - Processing file /opt/airflow/dags/report_hourly_dag.py for tasks to queue
[2026-06-18T16:50:14.141+0000] {logging_mixin.py:154} INFO - [2026-06-18T16:50:14.140+0000] {dagbag.py:536} INFO - Filling up the DagBag from /opt/airflow/dags/report_hourly_dag.py
[2026-06-18T16:50:14.149+0000] {processor.py:839} INFO - DAG(s) dict_keys(['report_hourly_dag']) retrieved from /opt/airflow/dags/report_hourly_dag.py
[2026-06-18T16:50:14.167+0000] {logging_mixin.py:154} INFO - [2026-06-18T16:50:14.167+0000] {dag.py:2941} INFO - Sync 1 DAGs
[2026-06-18T16:50:14.188+0000] {logging_mixin.py:154} INFO - [2026-06-18T16:50:14.187+0000] {dag.py:3722} INFO - Setting next_dagrun for report_hourly_dag to 2026-06-18T01:58:00+00:00, run_after=2026-06-18T01:59:00+00:00
[2026-06-18T16:50:14.203+0000] {processor.py:179} INFO - Processing /opt/airflow/dags/report_hourly_dag.py took 0.068 seconds
[2026-06-18T16:50:44.353+0000] {processor.py:157} INFO - Started process (PID=528) to work on /opt/airflow/dags/report_hourly_dag.py
[2026-06-18T16:50:44.354+0000] {processor.py:829} INFO - Processing file /opt/airflow/dags/report_hourly_dag.py for tasks to queue
[2026-06-18T16:50:44.355+0000] {logging_mixin.py:154} INFO - [2026-06-18T16:50:44.354+0000] {dagbag.py:536} INFO - Filling up the DagBag from /opt/airflow/dags/report_hourly_dag.py
[2026-06-18T16:50:44.363+0000] {processor.py:839} INFO - DAG(s) dict_keys(['report_hourly_dag']) retrieved from /opt/airflow/dags/report_hourly_dag.py
[2026-06-18T16:50:44.381+0000] {logging_mixin.py:154} INFO - [2026-06-18T16:50:44.381+0000] {dag.py:2941} INFO - Sync 1 DAGs
[2026-06-18T16:50:44.400+0000] {logging_mixin.py:154} INFO - [2026-06-18T16:50:44.400+0000] {dag.py:3722} INFO - Setting next_dagrun for report_hourly_dag to 2026-06-18T01:58:00+00:00, run_after=2026-06-18T01:59:00+00:00
[2026-06-18T16:50:44.414+0000] {processor.py:179} INFO - Processing /opt/airflow/dags/report_hourly_dag.py took 0.063 seconds
[2026-06-18T16:51:14.614+0000] {processor.py:157} INFO - Started process (PID=543) to work on /opt/airflow/dags/report_hourly_dag.py
[2026-06-18T16:51:14.618+0000] {processor.py:829} INFO - Processing file /opt/airflow/dags/report_hourly_dag.py for tasks to queue
[2026-06-18T16:51:14.619+0000] {logging_mixin.py:154} INFO - [2026-06-18T16:51:14.619+0000] {dagbag.py:536} INFO - Filling up the DagBag from /opt/airflow/dags/report_hourly_dag.py
[2026-06-18T16:51:14.634+0000] {processor.py:839} INFO - DAG(s) dict_keys(['report_hourly_dag']) retrieved from /opt/airflow/dags/report_hourly_dag.py
[2026-06-18T16:51:14.652+0000] {logging_mixin.py:154} INFO - [2026-06-18T16:51:14.652+0000] {dag.py:2941} INFO - Sync 1 DAGs
[2026-06-18T16:51:14.669+0000] {logging_mixin.py:154} INFO - [2026-06-18T16:51:14.669+0000] {dag.py:3722} INFO - Setting next_dagrun for report_hourly_dag to 2026-06-18T01:58:00+00:00, run_after=2026-06-18T01:59:00+00:00
[2026-06-18T16:51:14.681+0000] {processor.py:179} INFO - Processing /opt/airflow/dags/report_hourly_dag.py took 0.070 seconds
[2026-06-18T16:51:44.853+0000] {processor.py:157} INFO - Started process (PID=558) to work on /opt/airflow/dags/report_hourly_dag.py
[2026-06-18T16:51:44.854+0000] {processor.py:829} INFO - Processing file /opt/airflow/dags/report_hourly_dag.py for tasks to queue
[2026-06-18T16:51:44.855+0000] {logging_mixin.py:154} INFO - [2026-06-18T16:51:44.855+0000] {dagbag.py:536} INFO - Filling up the DagBag from /opt/airflow/dags/report_hourly_dag.py
[2026-06-18T16:51:44.867+0000] {processor.py:839} INFO - DAG(s) dict_keys(['report_hourly_dag']) retrieved from /opt/airflow/dags/report_hourly_dag.py
[2026-06-18T16:51:44.884+0000] {logging_mixin.py:154} INFO - [2026-06-18T16:51:44.884+0000] {dag.py:2941} INFO - Sync 1 DAGs
[2026-06-18T16:51:44.903+0000] {logging_mixin.py:154} INFO - [2026-06-18T16:51:44.902+0000] {dag.py:3722} INFO - Setting next_dagrun for report_hourly_dag to 2026-06-18T01:58:00+00:00, run_after=2026-06-18T01:59:00+00:00
[2026-06-18T16:51:44.917+0000] {processor.py:179} INFO - Processing /opt/airflow/dags/report_hourly_dag.py took 0.067 seconds
[2026-06-18T16:52:15.081+0000] {processor.py:157} INFO - Started process (PID=573) to work on /opt/airflow/dags/report_hourly_dag.py
[2026-06-18T16:52:15.082+0000] {processor.py:829} INFO - Processing file /opt/airflow/dags/report_hourly_dag.py for tasks to queue
[2026-06-18T16:52:15.083+0000] {logging_mixin.py:154} INFO - [2026-06-18T16:52:15.083+0000] {dagbag.py:536} INFO - Filling up the DagBag from /opt/airflow/dags/report_hourly_dag.py
[2026-06-18T16:52:15.094+0000] {processor.py:839} INFO - DAG(s) dict_keys(['report_hourly_dag']) retrieved from /opt/airflow/dags/report_hourly_dag.py
[2026-06-18T16:52:15.111+0000] {logging_mixin.py:154} INFO - [2026-06-18T16:52:15.111+0000] {dag.py:2941} INFO - Sync 1 DAGs
[2026-06-18T16:52:15.129+0000] {logging_mixin.py:154} INFO - [2026-06-18T16:52:15.129+0000] {dag.py:3722} INFO - Setting next_dagrun for report_hourly_dag to 2026-06-18T01:58:00+00:00, run_after=2026-06-18T01:59:00+00:00
[2026-06-18T16:52:15.141+0000] {processor.py:179} INFO - Processing /opt/airflow/dags/report_hourly_dag.py took 0.064 seconds
[2026-06-18T16:52:45.337+0000] {processor.py:157} INFO - Started process (PID=588) to work on /opt/airflow/dags/report_hourly_dag.py
[2026-06-18T16:52:45.337+0000] {processor.py:829} INFO - Processing file /opt/airflow/dags/report_hourly_dag.py for tasks to queue
[2026-06-18T16:52:45.338+0000] {logging_mixin.py:154} INFO - [2026-06-18T16:52:45.337+0000] {dagbag.py:536} INFO - Filling up the DagBag from /opt/airflow/dags/report_hourly_dag.py
[2026-06-18T16:52:45.348+0000] {processor.py:839} INFO - DAG(s) dict_keys(['report_hourly_dag']) retrieved from /opt/airflow/dags/report_hourly_dag.py
[2026-06-18T16:52:45.366+0000] {logging_mixin.py:154} INFO - [2026-06-18T16:52:45.366+0000] {dag.py:2941} INFO - Sync 1 DAGs
[2026-06-18T16:52:45.387+0000] {logging_mixin.py:154} INFO - [2026-06-18T16:52:45.387+0000] {dag.py:3722} INFO - Setting next_dagrun for report_hourly_dag to 2026-06-18T01:58:00+00:00, run_after=2026-06-18T01:59:00+00:00
[2026-06-18T16:52:45.403+0000] {processor.py:179} INFO - Processing /opt/airflow/dags/report_hourly_dag.py took 0.069 seconds
[2026-06-18T16:53:15.579+0000] {processor.py:157} INFO - Started process (PID=603) to work on /opt/airflow/dags/report_hourly_dag.py
[2026-06-18T16:53:15.581+0000] {processor.py:829} INFO - Processing file /opt/airflow/dags/report_hourly_dag.py for tasks to queue
[2026-06-18T16:53:15.581+0000] {logging_mixin.py:154} INFO - [2026-06-18T16:53:15.581+0000] {dagbag.py:536} INFO - Filling up the DagBag from /opt/airflow/dags/report_hourly_dag.py
[2026-06-18T16:53:15.590+0000] {processor.py:839} INFO - DAG(s) dict_keys(['report_hourly_dag']) retrieved from /opt/airflow/dags/report_hourly_dag.py
[2026-06-18T16:53:15.608+0000] {logging_mixin.py:154} INFO - [2026-06-18T16:53:15.608+0000] {dag.py:2941} INFO - Sync 1 DAGs
[2026-06-18T16:53:15.625+0000] {logging_mixin.py:154} INFO - [2026-06-18T16:53:15.625+0000] {dag.py:3722} INFO - Setting next_dagrun for report_hourly_dag to 2026-06-18T01:58:00+00:00, run_after=2026-06-18T01:59:00+00:00
[2026-06-18T16:53:15.638+0000] {processor.py:179} INFO - Processing /opt/airflow/dags/report_hourly_dag.py took 0.063 seconds
[2026-06-18T16:53:45.813+0000] {processor.py:157} INFO - Started process (PID=618) to work on /opt/airflow/dags/report_hourly_dag.py
[2026-06-18T16:53:45.814+0000] {processor.py:829} INFO - Processing file /opt/airflow/dags/report_hourly_dag.py for tasks to queue
[2026-06-18T16:53:45.814+0000] {logging_mixin.py:154} INFO - [2026-06-18T16:53:45.814+0000] {dagbag.py:536} INFO - Filling up the DagBag from /opt/airflow/dags/report_hourly_dag.py
[2026-06-18T16:53:45.823+0000] {processor.py:839} INFO - DAG(s) dict_keys(['report_hourly_dag']) retrieved from /opt/airflow/dags/report_hourly_dag.py
[2026-06-18T16:53:45.841+0000] {logging_mixin.py:154} INFO - [2026-06-18T16:53:45.841+0000] {dag.py:2941} INFO - Sync 1 DAGs
[2026-06-18T16:53:45.859+0000] {logging_mixin.py:154} INFO - [2026-06-18T16:53:45.859+0000] {dag.py:3722} INFO - Setting next_dagrun for report_hourly_dag to 2026-06-18T01:58:00+00:00, run_after=2026-06-18T01:59:00+00:00
[2026-06-18T16:53:45.874+0000] {processor.py:179} INFO - Processing /opt/airflow/dags/report_hourly_dag.py took 0.063 seconds
[2026-06-18T16:54:16.051+0000] {processor.py:157} INFO - Started process (PID=633) to work on /opt/airflow/dags/report_hourly_dag.py
[2026-06-18T16:54:16.051+0000] {processor.py:829} INFO - Processing file /opt/airflow/dags/report_hourly_dag.py for tasks to queue
[2026-06-18T16:54:16.052+0000] {logging_mixin.py:154} INFO - [2026-06-18T16:54:16.051+0000] {dagbag.py:536} INFO - Filling up the DagBag from /opt/airflow/dags/report_hourly_dag.py
[2026-06-18T16:54:16.060+0000] {processor.py:839} INFO - DAG(s) dict_keys(['report_hourly_dag']) retrieved from /opt/airflow/dags/report_hourly_dag.py
[2026-06-18T16:54:16.080+0000] {logging_mixin.py:154} INFO - [2026-06-18T16:54:16.080+0000] {dag.py:2941} INFO - Sync 1 DAGs
[2026-06-18T16:54:16.105+0000] {logging_mixin.py:154} INFO - [2026-06-18T16:54:16.104+0000] {dag.py:3722} INFO - Setting next_dagrun for report_hourly_dag to 2026-06-18T01:58:00+00:00, run_after=2026-06-18T01:59:00+00:00
[2026-06-18T16:54:16.120+0000] {processor.py:179} INFO - Processing /opt/airflow/dags/report_hourly_dag.py took 0.072 seconds
[2026-06-18T16:54:46.276+0000] {processor.py:157} INFO - Started process (PID=648) to work on /opt/airflow/dags/report_hourly_dag.py
[2026-06-18T16:54:46.277+0000] {processor.py:829} INFO - Processing file /opt/airflow/dags/report_hourly_dag.py for tasks to queue
[2026-06-18T16:54:46.278+0000] {logging_mixin.py:154} INFO - [2026-06-18T16:54:46.277+0000] {dagbag.py:536} INFO - Filling up the DagBag from /opt/airflow/dags/report_hourly_dag.py
[2026-06-18T16:54:46.288+0000] {processor.py:839} INFO - DAG(s) dict_keys(['report_hourly_dag']) retrieved from /opt/airflow/dags/report_hourly_dag.py
[2026-06-18T16:54:46.307+0000] {logging_mixin.py:154} INFO - [2026-06-18T16:54:46.307+0000] {dag.py:2941} INFO - Sync 1 DAGs
[2026-06-18T16:54:46.329+0000] {logging_mixin.py:154} INFO - [2026-06-18T16:54:46.329+0000] {dag.py:3722} INFO - Setting next_dagrun for report_hourly_dag to 2026-06-18T01:58:00+00:00, run_after=2026-06-18T01:59:00+00:00
[2026-06-18T16:54:46.350+0000] {processor.py:179} INFO - Processing /opt/airflow/dags/report_hourly_dag.py took 0.078 seconds
[2026-06-18T16:55:16.489+0000] {processor.py:157} INFO - Started process (PID=663) to work on /opt/airflow/dags/report_hourly_dag.py
[2026-06-18T16:55:16.493+0000] {processor.py:829} INFO - Processing file /opt/airflow/dags/report_hourly_dag.py for tasks to queue
[2026-06-18T16:55:16.494+0000] {logging_mixin.py:154} INFO - [2026-06-18T16:55:16.494+0000] {dagbag.py:536} INFO - Filling up the DagBag from /opt/airflow/dags/report_hourly_dag.py
[2026-06-18T16:55:16.502+0000] {processor.py:839} INFO - DAG(s) dict_keys(['report_hourly_dag']) retrieved from /opt/airflow/dags/report_hourly_dag.py
[2026-06-18T16:55:16.521+0000] {logging_mixin.py:154} INFO - [2026-06-18T16:55:16.520+0000] {dag.py:2941} INFO - Sync 1 DAGs
[2026-06-18T16:55:16.542+0000] {logging_mixin.py:154} INFO - [2026-06-18T16:55:16.542+0000] {dag.py:3722} INFO - Setting next_dagrun for report_hourly_dag to 2026-06-18T01:58:00+00:00, run_after=2026-06-18T01:59:00+00:00
[2026-06-18T16:55:16.556+0000] {processor.py:179} INFO - Processing /opt/airflow/dags/report_hourly_dag.py took 0.070 seconds
[2026-06-18T16:55:46.708+0000] {processor.py:157} INFO - Started process (PID=678) to work on /opt/airflow/dags/report_hourly_dag.py
[2026-06-18T16:55:46.709+0000] {processor.py:829} INFO - Processing file /opt/airflow/dags/report_hourly_dag.py for tasks to queue
[2026-06-18T16:55:46.710+0000] {logging_mixin.py:154} INFO - [2026-06-18T16:55:46.710+0000] {dagbag.py:536} INFO - Filling up the DagBag from /opt/airflow/dags/report_hourly_dag.py
[2026-06-18T16:55:46.722+0000] {processor.py:839} INFO - DAG(s) dict_keys(['report_hourly_dag']) retrieved from /opt/airflow/dags/report_hourly_dag.py
[2026-06-18T16:55:46.745+0000] {logging_mixin.py:154} INFO - [2026-06-18T16:55:46.744+0000] {dag.py:2941} INFO - Sync 1 DAGs
[2026-06-18T16:55:46.767+0000] {logging_mixin.py:154} INFO - [2026-06-18T16:55:46.767+0000] {dag.py:3722} INFO - Setting next_dagrun for report_hourly_dag to 2026-06-18T01:58:00+00:00, run_after=2026-06-18T01:59:00+00:00
[2026-06-18T16:55:46.787+0000] {processor.py:179} INFO - Processing /opt/airflow/dags/report_hourly_dag.py took 0.083 seconds
[2026-06-18T16:56:16.930+0000] {processor.py:157} INFO - Started process (PID=693) to work on /opt/airflow/dags/report_hourly_dag.py
[2026-06-18T16:56:16.933+0000] {processor.py:829} INFO - Processing file /opt/airflow/dags/report_hourly_dag.py for tasks to queue
[2026-06-18T16:56:16.933+0000] {logging_mixin.py:154} INFO - [2026-06-18T16:56:16.933+0000] {dagbag.py:536} INFO - Filling up the DagBag from /opt/airflow/dags/report_hourly_dag.py
[2026-06-18T16:56:16.945+0000] {processor.py:839} INFO - DAG(s) dict_keys(['report_hourly_dag']) retrieved from /opt/airflow/dags/report_hourly_dag.py
[2026-06-18T16:56:16.966+0000] {logging_mixin.py:154} INFO - [2026-06-18T16:56:16.966+0000] {dag.py:2941} INFO - Sync 1 DAGs
[2026-06-18T16:56:16.987+0000] {logging_mixin.py:154} INFO - [2026-06-18T16:56:16.987+0000] {dag.py:3722} INFO - Setting next_dagrun for report_hourly_dag to 2026-06-18T01:58:00+00:00, run_after=2026-06-18T01:59:00+00:00
[2026-06-18T16:56:17.003+0000] {processor.py:179} INFO - Processing /opt/airflow/dags/report_hourly_dag.py took 0.077 seconds
[2026-06-18T16:56:47.157+0000] {processor.py:157} INFO - Started process (PID=708) to work on /opt/airflow/dags/report_hourly_dag.py
[2026-06-18T16:56:47.157+0000] {processor.py:829} INFO - Processing file /opt/airflow/dags/report_hourly_dag.py for tasks to queue
[2026-06-18T16:56:47.158+0000] {logging_mixin.py:154} INFO - [2026-06-18T16:56:47.158+0000] {dagbag.py:536} INFO - Filling up the DagBag from /opt/airflow/dags/report_hourly_dag.py
[2026-06-18T16:56:47.167+0000] {processor.py:839} INFO - DAG(s) dict_keys(['report_hourly_dag']) retrieved from /opt/airflow/dags/report_hourly_dag.py
[2026-06-18T16:56:47.188+0000] {logging_mixin.py:154} INFO - [2026-06-18T16:56:47.187+0000] {dag.py:2941} INFO - Sync 1 DAGs
[2026-06-18T16:56:47.212+0000] {logging_mixin.py:154} INFO - [2026-06-18T16:56:47.212+0000] {dag.py:3722} INFO - Setting next_dagrun for report_hourly_dag to 2026-06-18T01:58:00+00:00, run_after=2026-06-18T01:59:00+00:00
[2026-06-18T16:56:47.230+0000] {processor.py:179} INFO - Processing /opt/airflow/dags/report_hourly_dag.py took 0.076 seconds
[2026-06-18T16:57:17.389+0000] {processor.py:157} INFO - Started process (PID=723) to work on /opt/airflow/dags/report_hourly_dag.py
[2026-06-18T16:57:17.392+0000] {processor.py:829} INFO - Processing file /opt/airflow/dags/report_hourly_dag.py for tasks to queue
[2026-06-18T16:57:17.393+0000] {logging_mixin.py:154} INFO - [2026-06-18T16:57:17.393+0000] {dagbag.py:536} INFO - Filling up the DagBag from /opt/airflow/dags/report_hourly_dag.py
[2026-06-18T16:57:17.403+0000] {processor.py:839} INFO - DAG(s) dict_keys(['report_hourly_dag']) retrieved from /opt/airflow/dags/report_hourly_dag.py
[2026-06-18T16:57:17.424+0000] {logging_mixin.py:154} INFO - [2026-06-18T16:57:17.424+0000] {dag.py:2941} INFO - Sync 1 DAGs
[2026-06-18T16:57:17.445+0000] {logging_mixin.py:154} INFO - [2026-06-18T16:57:17.445+0000] {dag.py:3722} INFO - Setting next_dagrun for report_hourly_dag to 2026-06-18T01:58:00+00:00, run_after=2026-06-18T01:59:00+00:00
[2026-06-18T16:57:17.473+0000] {processor.py:179} INFO - Processing /opt/airflow/dags/report_hourly_dag.py took 0.087 seconds
[2026-06-18T16:57:47.665+0000] {processor.py:157} INFO - Started process (PID=738) to work on /opt/airflow/dags/report_hourly_dag.py
[2026-06-18T16:57:47.666+0000] {processor.py:829} INFO - Processing file /opt/airflow/dags/report_hourly_dag.py for tasks to queue
[2026-06-18T16:57:47.667+0000] {logging_mixin.py:154} INFO - [2026-06-18T16:57:47.666+0000] {dagbag.py:536} INFO - Filling up the DagBag from /opt/airflow/dags/report_hourly_dag.py
[2026-06-18T16:57:47.677+0000] {processor.py:839} INFO - DAG(s) dict_keys(['report_hourly_dag']) retrieved from /opt/airflow/dags/report_hourly_dag.py
[2026-06-18T16:57:47.697+0000] {logging_mixin.py:154} INFO - [2026-06-18T16:57:47.697+0000] {dag.py:2941} INFO - Sync 1 DAGs
[2026-06-18T16:57:47.717+0000] {logging_mixin.py:154} INFO - [2026-06-18T16:57:47.717+0000] {dag.py:3722} INFO - Setting next_dagrun for report_hourly_dag to 2026-06-18T01:58:00+00:00, run_after=2026-06-18T01:59:00+00:00
[2026-06-18T16:57:47.734+0000] {processor.py:179} INFO - Processing /opt/airflow/dags/report_hourly_dag.py took 0.072 seconds
[2026-06-18T16:58:17.919+0000] {processor.py:157} INFO - Started process (PID=753) to work on /opt/airflow/dags/report_hourly_dag.py
[2026-06-18T16:58:17.920+0000] {processor.py:829} INFO - Processing file /opt/airflow/dags/report_hourly_dag.py for tasks to queue
[2026-06-18T16:58:17.921+0000] {logging_mixin.py:154} INFO - [2026-06-18T16:58:17.921+0000] {dagbag.py:536} INFO - Filling up the DagBag from /opt/airflow/dags/report_hourly_dag.py
[2026-06-18T16:58:17.935+0000] {processor.py:839} INFO - DAG(s) dict_keys(['report_hourly_dag']) retrieved from /opt/airflow/dags/report_hourly_dag.py
[2026-06-18T16:58:17.959+0000] {logging_mixin.py:154} INFO - [2026-06-18T16:58:17.959+0000] {dag.py:2941} INFO - Sync 1 DAGs
[2026-06-18T16:58:17.980+0000] {logging_mixin.py:154} INFO - [2026-06-18T16:58:17.980+0000] {dag.py:3722} INFO - Setting next_dagrun for report_hourly_dag to 2026-06-18T01:58:00+00:00, run_after=2026-06-18T01:59:00+00:00
[2026-06-18T16:58:18.005+0000] {processor.py:179} INFO - Processing /opt/airflow/dags/report_hourly_dag.py took 0.095 seconds
[2026-06-18T16:58:48.191+0000] {processor.py:157} INFO - Started process (PID=768) to work on /opt/airflow/dags/report_hourly_dag.py
[2026-06-18T16:58:48.191+0000] {processor.py:829} INFO - Processing file /opt/airflow/dags/report_hourly_dag.py for tasks to queue
[2026-06-18T16:58:48.192+0000] {logging_mixin.py:154} INFO - [2026-06-18T16:58:48.192+0000] {dagbag.py:536} INFO - Filling up the DagBag from /opt/airflow/dags/report_hourly_dag.py
[2026-06-18T16:58:48.201+0000] {processor.py:839} INFO - DAG(s) dict_keys(['report_hourly_dag']) retrieved from /opt/airflow/dags/report_hourly_dag.py
[2026-06-18T16:58:48.217+0000] {logging_mixin.py:154} INFO - [2026-06-18T16:58:48.217+0000] {dag.py:2941} INFO - Sync 1 DAGs
[2026-06-18T16:58:48.238+0000] {logging_mixin.py:154} INFO - [2026-06-18T16:58:48.238+0000] {dag.py:3722} INFO - Setting next_dagrun for report_hourly_dag to 2026-06-18T01:58:00+00:00, run_after=2026-06-18T01:59:00+00:00
[2026-06-18T16:58:48.253+0000] {processor.py:179} INFO - Processing /opt/airflow/dags/report_hourly_dag.py took 0.065 seconds
[2026-06-18T16:59:18.459+0000] {processor.py:157} INFO - Started process (PID=783) to work on /opt/airflow/dags/report_hourly_dag.py
[2026-06-18T16:59:18.460+0000] {processor.py:829} INFO - Processing file /opt/airflow/dags/report_hourly_dag.py for tasks to queue
[2026-06-18T16:59:18.460+0000] {logging_mixin.py:154} INFO - [2026-06-18T16:59:18.460+0000] {dagbag.py:536} INFO - Filling up the DagBag from /opt/airflow/dags/report_hourly_dag.py
[2026-06-18T16:59:18.476+0000] {processor.py:839} INFO - DAG(s) dict_keys(['report_hourly_dag']) retrieved from /opt/airflow/dags/report_hourly_dag.py
[2026-06-18T16:59:18.507+0000] {logging_mixin.py:154} INFO - [2026-06-18T16:59:18.507+0000] {dag.py:2941} INFO - Sync 1 DAGs
[2026-06-18T16:59:18.531+0000] {logging_mixin.py:154} INFO - [2026-06-18T16:59:18.531+0000] {dag.py:3722} INFO - Setting next_dagrun for report_hourly_dag to 2026-06-18T01:58:00+00:00, run_after=2026-06-18T01:59:00+00:00
[2026-06-18T16:59:18.544+0000] {processor.py:179} INFO - Processing /opt/airflow/dags/report_hourly_dag.py took 0.090 seconds
[2026-06-18T16:59:48.738+0000] {processor.py:157} INFO - Started process (PID=798) to work on /opt/airflow/dags/report_hourly_dag.py
[2026-06-18T16:59:48.739+0000] {processor.py:829} INFO - Processing file /opt/airflow/dags/report_hourly_dag.py for tasks to queue
[2026-06-18T16:59:48.740+0000] {logging_mixin.py:154} INFO - [2026-06-18T16:59:48.739+0000] {dagbag.py:536} INFO - Filling up the DagBag from /opt/airflow/dags/report_hourly_dag.py
[2026-06-18T16:59:48.750+0000] {processor.py:839} INFO - DAG(s) dict_keys(['report_hourly_dag']) retrieved from /opt/airflow/dags/report_hourly_dag.py
[2026-06-18T16:59:48.772+0000] {logging_mixin.py:154} INFO - [2026-06-18T16:59:48.771+0000] {dag.py:2941} INFO - Sync 1 DAGs
[2026-06-18T16:59:48.797+0000] {logging_mixin.py:154} INFO - [2026-06-18T16:59:48.797+0000] {dag.py:3722} INFO - Setting next_dagrun for report_hourly_dag to 2026-06-18T01:58:00+00:00, run_after=2026-06-18T01:59:00+00:00
[2026-06-18T16:59:48.814+0000] {processor.py:179} INFO - Processing /opt/airflow/dags/report_hourly_dag.py took 0.078 seconds
[2026-06-18T17:00:18.995+0000] {processor.py:157} INFO - Started process (PID=813) to work on /opt/airflow/dags/report_hourly_dag.py
[2026-06-18T17:00:18.997+0000] {processor.py:829} INFO - Processing file /opt/airflow/dags/report_hourly_dag.py for tasks to queue
[2026-06-18T17:00:18.998+0000] {logging_mixin.py:154} INFO - [2026-06-18T17:00:18.998+0000] {dagbag.py:536} INFO - Filling up the DagBag from /opt/airflow/dags/report_hourly_dag.py
[2026-06-18T17:00:19.007+0000] {processor.py:839} INFO - DAG(s) dict_keys(['report_hourly_dag']) retrieved from /opt/airflow/dags/report_hourly_dag.py
[2026-06-18T17:00:19.025+0000] {logging_mixin.py:154} INFO - [2026-06-18T17:00:19.025+0000] {dag.py:2941} INFO - Sync 1 DAGs
[2026-06-18T17:00:19.043+0000] {logging_mixin.py:154} INFO - [2026-06-18T17:00:19.043+0000] {dag.py:3722} INFO - Setting next_dagrun for report_hourly_dag to 2026-06-18T01:58:00+00:00, run_after=2026-06-18T01:59:00+00:00
[2026-06-18T17:00:19.057+0000] {processor.py:179} INFO - Processing /opt/airflow/dags/report_hourly_dag.py took 0.065 seconds
[2026-06-18T17:00:49.256+0000] {processor.py:157} INFO - Started process (PID=828) to work on /opt/airflow/dags/report_hourly_dag.py
[2026-06-18T17:00:49.259+0000] {processor.py:829} INFO - Processing file /opt/airflow/dags/report_hourly_dag.py for tasks to queue
[2026-06-18T17:00:49.261+0000] {logging_mixin.py:154} INFO - [2026-06-18T17:00:49.260+0000] {dagbag.py:536} INFO - Filling up the DagBag from /opt/airflow/dags/report_hourly_dag.py
[2026-06-18T17:00:49.276+0000] {processor.py:839} INFO - DAG(s) dict_keys(['report_hourly_dag']) retrieved from /opt/airflow/dags/report_hourly_dag.py
[2026-06-18T17:00:49.297+0000] {logging_mixin.py:154} INFO - [2026-06-18T17:00:49.297+0000] {dag.py:2941} INFO - Sync 1 DAGs
[2026-06-18T17:00:49.315+0000] {logging_mixin.py:154} INFO - [2026-06-18T17:00:49.314+0000] {dag.py:3722} INFO - Setting next_dagrun for report_hourly_dag to 2026-06-18T01:58:00+00:00, run_after=2026-06-18T01:59:00+00:00
[2026-06-18T17:00:49.328+0000] {processor.py:179} INFO - Processing /opt/airflow/dags/report_hourly_dag.py took 0.076 seconds
[2026-06-18T17:01:19.509+0000] {processor.py:157} INFO - Started process (PID=843) to work on /opt/airflow/dags/report_hourly_dag.py
[2026-06-18T17:01:19.509+0000] {processor.py:829} INFO - Processing file /opt/airflow/dags/report_hourly_dag.py for tasks to queue
[2026-06-18T17:01:19.510+0000] {logging_mixin.py:154} INFO - [2026-06-18T17:01:19.510+0000] {dagbag.py:536} INFO - Filling up the DagBag from /opt/airflow/dags/report_hourly_dag.py
[2026-06-18T17:01:19.518+0000] {processor.py:839} INFO - DAG(s) dict_keys(['report_hourly_dag']) retrieved from /opt/airflow/dags/report_hourly_dag.py
[2026-06-18T17:01:19.537+0000] {logging_mixin.py:154} INFO - [2026-06-18T17:01:19.537+0000] {dag.py:2941} INFO - Sync 1 DAGs
[2026-06-18T17:01:19.558+0000] {logging_mixin.py:154} INFO - [2026-06-18T17:01:19.558+0000] {dag.py:3722} INFO - Setting next_dagrun for report_hourly_dag to 2026-06-18T01:58:00+00:00, run_after=2026-06-18T01:59:00+00:00
[2026-06-18T17:01:19.575+0000] {processor.py:179} INFO - Processing /opt/airflow/dags/report_hourly_dag.py took 0.070 seconds
[2026-06-18T17:01:49.738+0000] {processor.py:157} INFO - Started process (PID=858) to work on /opt/airflow/dags/report_hourly_dag.py
[2026-06-18T17:01:49.742+0000] {processor.py:829} INFO - Processing file /opt/airflow/dags/report_hourly_dag.py for tasks to queue
[2026-06-18T17:01:49.743+0000] {logging_mixin.py:154} INFO - [2026-06-18T17:01:49.743+0000] {dagbag.py:536} INFO - Filling up the DagBag from /opt/airflow/dags/report_hourly_dag.py
[2026-06-18T17:01:49.751+0000] {processor.py:839} INFO - DAG(s) dict_keys(['report_hourly_dag']) retrieved from /opt/airflow/dags/report_hourly_dag.py
[2026-06-18T17:01:49.767+0000] {logging_mixin.py:154} INFO - [2026-06-18T17:01:49.767+0000] {dag.py:2941} INFO - Sync 1 DAGs
[2026-06-18T17:01:49.785+0000] {logging_mixin.py:154} INFO - [2026-06-18T17:01:49.784+0000] {dag.py:3722} INFO - Setting next_dagrun for report_hourly_dag to 2026-06-18T01:58:00+00:00, run_after=2026-06-18T01:59:00+00:00
[2026-06-18T17:01:49.798+0000] {processor.py:179} INFO - Processing /opt/airflow/dags/report_hourly_dag.py took 0.062 seconds
[2026-06-18T17:02:19.998+0000] {processor.py:157} INFO - Started process (PID=873) to work on /opt/airflow/dags/report_hourly_dag.py
[2026-06-18T17:02:19.999+0000] {processor.py:829} INFO - Processing file /opt/airflow/dags/report_hourly_dag.py for tasks to queue
[2026-06-18T17:02:20.000+0000] {logging_mixin.py:154} INFO - [2026-06-18T17:02:19.999+0000] {dagbag.py:536} INFO - Filling up the DagBag from /opt/airflow/dags/report_hourly_dag.py
[2026-06-18T17:02:20.010+0000] {processor.py:839} INFO - DAG(s) dict_keys(['report_hourly_dag']) retrieved from /opt/airflow/dags/report_hourly_dag.py
[2026-06-18T17:02:20.027+0000] {logging_mixin.py:154} INFO - [2026-06-18T17:02:20.027+0000] {dag.py:2941} INFO - Sync 1 DAGs
[2026-06-18T17:02:20.046+0000] {logging_mixin.py:154} INFO - [2026-06-18T17:02:20.046+0000] {dag.py:3722} INFO - Setting next_dagrun for report_hourly_dag to 2026-06-18T01:58:00+00:00, run_after=2026-06-18T01:59:00+00:00
[2026-06-18T17:02:20.061+0000] {processor.py:179} INFO - Processing /opt/airflow/dags/report_hourly_dag.py took 0.066 seconds
[2026-06-18T17:02:50.233+0000] {processor.py:157} INFO - Started process (PID=888) to work on /opt/airflow/dags/report_hourly_dag.py
[2026-06-18T17:02:50.234+0000] {processor.py:829} INFO - Processing file /opt/airflow/dags/report_hourly_dag.py for tasks to queue
[2026-06-18T17:02:50.235+0000] {logging_mixin.py:154} INFO - [2026-06-18T17:02:50.234+0000] {dagbag.py:536} INFO - Filling up the DagBag from /opt/airflow/dags/report_hourly_dag.py
[2026-06-18T17:02:50.248+0000] {processor.py:839} INFO - DAG(s) dict_keys(['report_hourly_dag']) retrieved from /opt/airflow/dags/report_hourly_dag.py
[2026-06-18T17:02:50.266+0000] {logging_mixin.py:154} INFO - [2026-06-18T17:02:50.266+0000] {dag.py:2941} INFO - Sync 1 DAGs
[2026-06-18T17:02:50.284+0000] {logging_mixin.py:154} INFO - [2026-06-18T17:02:50.284+0000] {dag.py:3722} INFO - Setting next_dagrun for report_hourly_dag to 2026-06-18T01:58:00+00:00, run_after=2026-06-18T01:59:00+00:00
[2026-06-18T17:02:50.297+0000] {processor.py:179} INFO - Processing /opt/airflow/dags/report_hourly_dag.py took 0.067 seconds
[2026-06-18T17:03:20.517+0000] {processor.py:157} INFO - Started process (PID=903) to work on /opt/airflow/dags/report_hourly_dag.py
[2026-06-18T17:03:20.518+0000] {processor.py:829} INFO - Processing file /opt/airflow/dags/report_hourly_dag.py for tasks to queue
[2026-06-18T17:03:20.519+0000] {logging_mixin.py:154} INFO - [2026-06-18T17:03:20.518+0000] {dagbag.py:536} INFO - Filling up the DagBag from /opt/airflow/dags/report_hourly_dag.py
[2026-06-18T17:03:20.530+0000] {processor.py:839} INFO - DAG(s) dict_keys(['report_hourly_dag']) retrieved from /opt/airflow/dags/report_hourly_dag.py
[2026-06-18T17:03:20.549+0000] {logging_mixin.py:154} INFO - [2026-06-18T17:03:20.548+0000] {dag.py:2941} INFO - Sync 1 DAGs
[2026-06-18T17:03:20.570+0000] {logging_mixin.py:154} INFO - [2026-06-18T17:03:20.570+0000] {dag.py:3722} INFO - Setting next_dagrun for report_hourly_dag to 2026-06-18T01:58:00+00:00, run_after=2026-06-18T01:59:00+00:00
[2026-06-18T17:03:20.583+0000] {processor.py:179} INFO - Processing /opt/airflow/dags/report_hourly_dag.py took 0.069 seconds
[2026-06-18T17:03:50.764+0000] {processor.py:157} INFO - Started process (PID=918) to work on /opt/airflow/dags/report_hourly_dag.py
[2026-06-18T17:03:50.765+0000] {processor.py:829} INFO - Processing file /opt/airflow/dags/report_hourly_dag.py for tasks to queue
[2026-06-18T17:03:50.766+0000] {logging_mixin.py:154} INFO - [2026-06-18T17:03:50.765+0000] {dagbag.py:536} INFO - Filling up the DagBag from /opt/airflow/dags/report_hourly_dag.py
[2026-06-18T17:03:50.775+0000] {processor.py:839} INFO - DAG(s) dict_keys(['report_hourly_dag']) retrieved from /opt/airflow/dags/report_hourly_dag.py
[2026-06-18T17:03:50.796+0000] {logging_mixin.py:154} INFO - [2026-06-18T17:03:50.796+0000] {dag.py:2941} INFO - Sync 1 DAGs
[2026-06-18T17:03:50.820+0000] {logging_mixin.py:154} INFO - [2026-06-18T17:03:50.820+0000] {dag.py:3722} INFO - Setting next_dagrun for report_hourly_dag to 2026-06-18T01:58:00+00:00, run_after=2026-06-18T01:59:00+00:00
[2026-06-18T17:03:50.835+0000] {processor.py:179} INFO - Processing /opt/airflow/dags/report_hourly_dag.py took 0.074 seconds
[2026-06-18T17:04:21.049+0000] {processor.py:157} INFO - Started process (PID=933) to work on /opt/airflow/dags/report_hourly_dag.py
[2026-06-18T17:04:21.050+0000] {processor.py:829} INFO - Processing file /opt/airflow/dags/report_hourly_dag.py for tasks to queue
[2026-06-18T17:04:21.050+0000] {logging_mixin.py:154} INFO - [2026-06-18T17:04:21.050+0000] {dagbag.py:536} INFO - Filling up the DagBag from /opt/airflow/dags/report_hourly_dag.py
[2026-06-18T17:04:21.059+0000] {processor.py:839} INFO - DAG(s) dict_keys(['report_hourly_dag']) retrieved from /opt/airflow/dags/report_hourly_dag.py
[2026-06-18T17:04:21.079+0000] {logging_mixin.py:154} INFO - [2026-06-18T17:04:21.079+0000] {dag.py:2941} INFO - Sync 1 DAGs
[2026-06-18T17:04:21.192+0000] {logging_mixin.py:154} INFO - [2026-06-18T17:04:21.191+0000] {dag.py:3722} INFO - Setting next_dagrun for report_hourly_dag to 2026-06-18T01:58:00+00:00, run_after=2026-06-18T01:59:00+00:00
[2026-06-18T17:04:21.205+0000] {processor.py:179} INFO - Processing /opt/airflow/dags/report_hourly_dag.py took 0.159 seconds
[2026-06-18T17:04:51.400+0000] {processor.py:157} INFO - Started process (PID=948) to work on /opt/airflow/dags/report_hourly_dag.py
[2026-06-18T17:04:51.403+0000] {processor.py:829} INFO - Processing file /opt/airflow/dags/report_hourly_dag.py for tasks to queue
[2026-06-18T17:04:51.404+0000] {logging_mixin.py:154} INFO - [2026-06-18T17:04:51.403+0000] {dagbag.py:536} INFO - Filling up the DagBag from /opt/airflow/dags/report_hourly_dag.py
[2026-06-18T17:04:51.414+0000] {processor.py:839} INFO - DAG(s) dict_keys(['report_hourly_dag']) retrieved from /opt/airflow/dags/report_hourly_dag.py
[2026-06-18T17:04:51.433+0000] {logging_mixin.py:154} INFO - [2026-06-18T17:04:51.433+0000] {dag.py:2941} INFO - Sync 1 DAGs
[2026-06-18T17:04:51.451+0000] {logging_mixin.py:154} INFO - [2026-06-18T17:04:51.451+0000] {dag.py:3722} INFO - Setting next_dagrun for report_hourly_dag to 2026-06-18T01:58:00+00:00, run_after=2026-06-18T01:59:00+00:00
[2026-06-18T17:04:51.469+0000] {processor.py:179} INFO - Processing /opt/airflow/dags/report_hourly_dag.py took 0.073 seconds
[2026-06-18T17:05:21.656+0000] {processor.py:157} INFO - Started process (PID=963) to work on /opt/airflow/dags/report_hourly_dag.py
[2026-06-18T17:05:21.657+0000] {processor.py:829} INFO - Processing file /opt/airflow/dags/report_hourly_dag.py for tasks to queue
[2026-06-18T17:05:21.657+0000] {logging_mixin.py:154} INFO - [2026-06-18T17:05:21.657+0000] {dagbag.py:536} INFO - Filling up the DagBag from /opt/airflow/dags/report_hourly_dag.py
[2026-06-18T17:05:21.666+0000] {processor.py:839} INFO - DAG(s) dict_keys(['report_hourly_dag']) retrieved from /opt/airflow/dags/report_hourly_dag.py
[2026-06-18T17:05:21.688+0000] {logging_mixin.py:154} INFO - [2026-06-18T17:05:21.688+0000] {dag.py:2941} INFO - Sync 1 DAGs
[2026-06-18T17:05:21.709+0000] {logging_mixin.py:154} INFO - [2026-06-18T17:05:21.709+0000] {dag.py:3722} INFO - Setting next_dagrun for report_hourly_dag to 2026-06-18T01:58:00+00:00, run_after=2026-06-18T01:59:00+00:00
[2026-06-18T17:05:21.725+0000] {processor.py:179} INFO - Processing /opt/airflow/dags/report_hourly_dag.py took 0.071 seconds
[2026-06-18T17:05:51.932+0000] {processor.py:157} INFO - Started process (PID=978) to work on /opt/airflow/dags/report_hourly_dag.py
[2026-06-18T17:05:51.933+0000] {processor.py:829} INFO - Processing file /opt/airflow/dags/report_hourly_dag.py for tasks to queue
[2026-06-18T17:05:51.934+0000] {logging_mixin.py:154} INFO - [2026-06-18T17:05:51.934+0000] {dagbag.py:536} INFO - Filling up the DagBag from /opt/airflow/dags/report_hourly_dag.py
[2026-06-18T17:05:51.944+0000] {processor.py:839} INFO - DAG(s) dict_keys(['report_hourly_dag']) retrieved from /opt/airflow/dags/report_hourly_dag.py
[2026-06-18T17:05:51.961+0000] {logging_mixin.py:154} INFO - [2026-06-18T17:05:51.961+0000] {dag.py:2941} INFO - Sync 1 DAGs
[2026-06-18T17:05:51.978+0000] {logging_mixin.py:154} INFO - [2026-06-18T17:05:51.978+0000] {dag.py:3722} INFO - Setting next_dagrun for report_hourly_dag to 2026-06-18T01:58:00+00:00, run_after=2026-06-18T01:59:00+00:00
[2026-06-18T17:05:51.992+0000] {processor.py:179} INFO - Processing /opt/airflow/dags/report_hourly_dag.py took 0.064 seconds
[2026-06-18T17:06:22.198+0000] {processor.py:157} INFO - Started process (PID=993) to work on /opt/airflow/dags/report_hourly_dag.py
[2026-06-18T17:06:22.199+0000] {processor.py:829} INFO - Processing file /opt/airflow/dags/report_hourly_dag.py for tasks to queue
[2026-06-18T17:06:22.199+0000] {logging_mixin.py:154} INFO - [2026-06-18T17:06:22.199+0000] {dagbag.py:536} INFO - Filling up the DagBag from /opt/airflow/dags/report_hourly_dag.py
[2026-06-18T17:06:22.212+0000] {processor.py:839} INFO - DAG(s) dict_keys(['report_hourly_dag']) retrieved from /opt/airflow/dags/report_hourly_dag.py
[2026-06-18T17:06:22.228+0000] {logging_mixin.py:154} INFO - [2026-06-18T17:06:22.228+0000] {dag.py:2941} INFO - Sync 1 DAGs
[2026-06-18T17:06:22.247+0000] {logging_mixin.py:154} INFO - [2026-06-18T17:06:22.247+0000] {dag.py:3722} INFO - Setting next_dagrun for report_hourly_dag to 2026-06-18T01:58:00+00:00, run_after=2026-06-18T01:59:00+00:00
[2026-06-18T17:06:22.260+0000] {processor.py:179} INFO - Processing /opt/airflow/dags/report_hourly_dag.py took 0.067 seconds
[2026-06-18T17:06:52.462+0000] {processor.py:157} INFO - Started process (PID=1008) to work on /opt/airflow/dags/report_hourly_dag.py
[2026-06-18T17:06:52.463+0000] {processor.py:829} INFO - Processing file /opt/airflow/dags/report_hourly_dag.py for tasks to queue
[2026-06-18T17:06:52.464+0000] {logging_mixin.py:154} INFO - [2026-06-18T17:06:52.463+0000] {dagbag.py:536} INFO - Filling up the DagBag from /opt/airflow/dags/report_hourly_dag.py
[2026-06-18T17:06:52.475+0000] {processor.py:839} INFO - DAG(s) dict_keys(['report_hourly_dag']) retrieved from /opt/airflow/dags/report_hourly_dag.py
[2026-06-18T17:06:52.491+0000] {logging_mixin.py:154} INFO - [2026-06-18T17:06:52.491+0000] {dag.py:2941} INFO - Sync 1 DAGs
[2026-06-18T17:06:52.508+0000] {logging_mixin.py:154} INFO - [2026-06-18T17:06:52.508+0000] {dag.py:3722} INFO - Setting next_dagrun for report_hourly_dag to 2026-06-18T01:58:00+00:00, run_after=2026-06-18T01:59:00+00:00
[2026-06-18T17:06:52.521+0000] {processor.py:179} INFO - Processing /opt/airflow/dags/report_hourly_dag.py took 0.063 seconds
[2026-06-18T17:07:22.735+0000] {processor.py:157} INFO - Started process (PID=1023) to work on /opt/airflow/dags/report_hourly_dag.py
[2026-06-18T17:07:22.736+0000] {processor.py:829} INFO - Processing file /opt/airflow/dags/report_hourly_dag.py for tasks to queue
[2026-06-18T17:07:22.737+0000] {logging_mixin.py:154} INFO - [2026-06-18T17:07:22.737+0000] {dagbag.py:536} INFO - Filling up the DagBag from /opt/airflow/dags/report_hourly_dag.py
[2026-06-18T17:07:22.748+0000] {processor.py:839} INFO - DAG(s) dict_keys(['report_hourly_dag']) retrieved from /opt/airflow/dags/report_hourly_dag.py
[2026-06-18T17:07:22.764+0000] {logging_mixin.py:154} INFO - [2026-06-18T17:07:22.764+0000] {dag.py:2941} INFO - Sync 1 DAGs
[2026-06-18T17:07:22.785+0000] {logging_mixin.py:154} INFO - [2026-06-18T17:07:22.785+0000] {dag.py:3722} INFO - Setting next_dagrun for report_hourly_dag to 2026-06-18T01:58:00+00:00, run_after=2026-06-18T01:59:00+00:00
[2026-06-18T17:07:22.800+0000] {processor.py:179} INFO - Processing /opt/airflow/dags/report_hourly_dag.py took 0.069 seconds
[2026-06-18T17:07:52.970+0000] {processor.py:157} INFO - Started process (PID=1038) to work on /opt/airflow/dags/report_hourly_dag.py
[2026-06-18T17:07:52.971+0000] {processor.py:829} INFO - Processing file /opt/airflow/dags/report_hourly_dag.py for tasks to queue
[2026-06-18T17:07:52.971+0000] {logging_mixin.py:154} INFO - [2026-06-18T17:07:52.971+0000] {dagbag.py:536} INFO - Filling up the DagBag from /opt/airflow/dags/report_hourly_dag.py
[2026-06-18T17:07:52.980+0000] {processor.py:839} INFO - DAG(s) dict_keys(['report_hourly_dag']) retrieved from /opt/airflow/dags/report_hourly_dag.py
[2026-06-18T17:07:52.997+0000] {logging_mixin.py:154} INFO - [2026-06-18T17:07:52.997+0000] {dag.py:2941} INFO - Sync 1 DAGs
[2026-06-18T17:07:53.015+0000] {logging_mixin.py:154} INFO - [2026-06-18T17:07:53.015+0000] {dag.py:3722} INFO - Setting next_dagrun for report_hourly_dag to 2026-06-18T01:58:00+00:00, run_after=2026-06-18T01:59:00+00:00
[2026-06-18T17:07:53.029+0000] {processor.py:179} INFO - Processing /opt/airflow/dags/report_hourly_dag.py took 0.062 seconds
[2026-06-18T17:08:23.240+0000] {processor.py:157} INFO - Started process (PID=1053) to work on /opt/airflow/dags/report_hourly_dag.py
[2026-06-18T17:08:23.240+0000] {processor.py:829} INFO - Processing file /opt/airflow/dags/report_hourly_dag.py for tasks to queue
[2026-06-18T17:08:23.241+0000] {logging_mixin.py:154} INFO - [2026-06-18T17:08:23.241+0000] {dagbag.py:536} INFO - Filling up the DagBag from /opt/airflow/dags/report_hourly_dag.py
[2026-06-18T17:08:23.250+0000] {processor.py:839} INFO - DAG(s) dict_keys(['report_hourly_dag']) retrieved from /opt/airflow/dags/report_hourly_dag.py
[2026-06-18T17:08:23.266+0000] {logging_mixin.py:154} INFO - [2026-06-18T17:08:23.266+0000] {dag.py:2941} INFO - Sync 1 DAGs
[2026-06-18T17:08:23.285+0000] {logging_mixin.py:154} INFO - [2026-06-18T17:08:23.285+0000] {dag.py:3722} INFO - Setting next_dagrun for report_hourly_dag to 2026-06-18T01:58:00+00:00, run_after=2026-06-18T01:59:00+00:00
[2026-06-18T17:08:23.298+0000] {processor.py:179} INFO - Processing /opt/airflow/dags/report_hourly_dag.py took 0.062 seconds
[2026-06-18T17:08:53.508+0000] {processor.py:157} INFO - Started process (PID=1068) to work on /opt/airflow/dags/report_hourly_dag.py
[2026-06-18T17:08:53.511+0000] {processor.py:829} INFO - Processing file /opt/airflow/dags/report_hourly_dag.py for tasks to queue
[2026-06-18T17:08:53.512+0000] {logging_mixin.py:154} INFO - [2026-06-18T17:08:53.512+0000] {dagbag.py:536} INFO - Filling up the DagBag from /opt/airflow/dags/report_hourly_dag.py
[2026-06-18T17:08:53.528+0000] {processor.py:839} INFO - DAG(s) dict_keys(['report_hourly_dag']) retrieved from /opt/airflow/dags/report_hourly_dag.py
[2026-06-18T17:08:53.549+0000] {logging_mixin.py:154} INFO - [2026-06-18T17:08:53.549+0000] {dag.py:2941} INFO - Sync 1 DAGs
[2026-06-18T17:08:53.573+0000] {logging_mixin.py:154} INFO - [2026-06-18T17:08:53.573+0000] {dag.py:3722} INFO - Setting next_dagrun for report_hourly_dag to 2026-06-18T01:58:00+00:00, run_after=2026-06-18T01:59:00+00:00
[2026-06-18T17:08:53.586+0000] {processor.py:179} INFO - Processing /opt/airflow/dags/report_hourly_dag.py took 0.082 seconds
[2026-06-18T17:09:23.805+0000] {processor.py:157} INFO - Started process (PID=1083) to work on /opt/airflow/dags/report_hourly_dag.py
[2026-06-18T17:09:23.805+0000] {processor.py:829} INFO - Processing file /opt/airflow/dags/report_hourly_dag.py for tasks to queue
[2026-06-18T17:09:23.806+0000] {logging_mixin.py:154} INFO - [2026-06-18T17:09:23.806+0000] {dagbag.py:536} INFO - Filling up the DagBag from /opt/airflow/dags/report_hourly_dag.py
[2026-06-18T17:09:23.815+0000] {processor.py:839} INFO - DAG(s) dict_keys(['report_hourly_dag']) retrieved from /opt/airflow/dags/report_hourly_dag.py
[2026-06-18T17:09:23.835+0000] {logging_mixin.py:154} INFO - [2026-06-18T17:09:23.834+0000] {dag.py:2941} INFO - Sync 1 DAGs
[2026-06-18T17:09:23.856+0000] {logging_mixin.py:154} INFO - [2026-06-18T17:09:23.856+0000] {dag.py:3722} INFO - Setting next_dagrun for report_hourly_dag to 2026-06-18T01:58:00+00:00, run_after=2026-06-18T01:59:00+00:00
[2026-06-18T17:09:23.870+0000] {processor.py:179} INFO - Processing /opt/airflow/dags/report_hourly_dag.py took 0.068 seconds
[2026-06-18T17:09:54.057+0000] {processor.py:157} INFO - Started process (PID=1098) to work on /opt/airflow/dags/report_hourly_dag.py
[2026-06-18T17:09:54.057+0000] {processor.py:829} INFO - Processing file /opt/airflow/dags/report_hourly_dag.py for tasks to queue
[2026-06-18T17:09:54.058+0000] {logging_mixin.py:154} INFO - [2026-06-18T17:09:54.058+0000] {dagbag.py:536} INFO - Filling up the DagBag from /opt/airflow/dags/report_hourly_dag.py
[2026-06-18T17:09:54.067+0000] {processor.py:839} INFO - DAG(s) dict_keys(['report_hourly_dag']) retrieved from /opt/airflow/dags/report_hourly_dag.py
[2026-06-18T17:09:54.085+0000] {logging_mixin.py:154} INFO - [2026-06-18T17:09:54.084+0000] {dag.py:2941} INFO - Sync 1 DAGs
[2026-06-18T17:09:54.103+0000] {logging_mixin.py:154} INFO - [2026-06-18T17:09:54.102+0000] {dag.py:3722} INFO - Setting next_dagrun for report_hourly_dag to 2026-06-18T01:58:00+00:00, run_after=2026-06-18T01:59:00+00:00
[2026-06-18T17:09:54.114+0000] {processor.py:179} INFO - Processing /opt/airflow/dags/report_hourly_dag.py took 0.060 seconds
[2026-06-18T17:10:24.307+0000] {processor.py:157} INFO - Started process (PID=1113) to work on /opt/airflow/dags/report_hourly_dag.py
[2026-06-18T17:10:24.308+0000] {processor.py:829} INFO - Processing file /opt/airflow/dags/report_hourly_dag.py for tasks to queue
[2026-06-18T17:10:24.308+0000] {logging_mixin.py:154} INFO - [2026-06-18T17:10:24.308+0000] {dagbag.py:536} INFO - Filling up the DagBag from /opt/airflow/dags/report_hourly_dag.py
[2026-06-18T17:10:24.319+0000] {processor.py:839} INFO - DAG(s) dict_keys(['report_hourly_dag']) retrieved from /opt/airflow/dags/report_hourly_dag.py
[2026-06-18T17:10:24.340+0000] {logging_mixin.py:154} INFO - [2026-06-18T17:10:24.339+0000] {dag.py:2941} INFO - Sync 1 DAGs
[2026-06-18T17:10:24.363+0000] {logging_mixin.py:154} INFO - [2026-06-18T17:10:24.362+0000] {dag.py:3722} INFO - Setting next_dagrun for report_hourly_dag to 2026-06-18T01:58:00+00:00, run_after=2026-06-18T01:59:00+00:00
[2026-06-18T17:10:24.379+0000] {processor.py:179} INFO - Processing /opt/airflow/dags/report_hourly_dag.py took 0.076 seconds
[2026-06-18T17:10:54.570+0000] {processor.py:157} INFO - Started process (PID=1128) to work on /opt/airflow/dags/report_hourly_dag.py
[2026-06-18T17:10:54.572+0000] {processor.py:829} INFO - Processing file /opt/airflow/dags/report_hourly_dag.py for tasks to queue
[2026-06-18T17:10:54.573+0000] {logging_mixin.py:154} INFO - [2026-06-18T17:10:54.573+0000] {dagbag.py:536} INFO - Filling up the DagBag from /opt/airflow/dags/report_hourly_dag.py
[2026-06-18T17:10:54.585+0000] {processor.py:839} INFO - DAG(s) dict_keys(['report_hourly_dag']) retrieved from /opt/airflow/dags/report_hourly_dag.py
[2026-06-18T17:10:54.603+0000] {logging_mixin.py:154} INFO - [2026-06-18T17:10:54.603+0000] {dag.py:2941} INFO - Sync 1 DAGs
[2026-06-18T17:10:54.622+0000] {logging_mixin.py:154} INFO - [2026-06-18T17:10:54.622+0000] {dag.py:3722} INFO - Setting next_dagrun for report_hourly_dag to 2026-06-18T01:58:00+00:00, run_after=2026-06-18T01:59:00+00:00
[2026-06-18T17:10:54.635+0000] {processor.py:179} INFO - Processing /opt/airflow/dags/report_hourly_dag.py took 0.068 seconds
[2026-06-18T17:11:24.810+0000] {processor.py:157} INFO - Started process (PID=1143) to work on /opt/airflow/dags/report_hourly_dag.py
[2026-06-18T17:11:24.811+0000] {processor.py:829} INFO - Processing file /opt/airflow/dags/report_hourly_dag.py for tasks to queue
[2026-06-18T17:11:24.811+0000] {logging_mixin.py:154} INFO - [2026-06-18T17:11:24.811+0000] {dagbag.py:536} INFO - Filling up the DagBag from /opt/airflow/dags/report_hourly_dag.py
[2026-06-18T17:11:24.819+0000] {processor.py:839} INFO - DAG(s) dict_keys(['report_hourly_dag']) retrieved from /opt/airflow/dags/report_hourly_dag.py
[2026-06-18T17:11:24.835+0000] {logging_mixin.py:154} INFO - [2026-06-18T17:11:24.835+0000] {dag.py:2941} INFO - Sync 1 DAGs
[2026-06-18T17:11:24.853+0000] {logging_mixin.py:154} INFO - [2026-06-18T17:11:24.853+0000] {dag.py:3722} INFO - Setting next_dagrun for report_hourly_dag to 2026-06-18T01:58:00+00:00, run_after=2026-06-18T01:59:00+00:00
[2026-06-18T17:11:24.867+0000] {processor.py:179} INFO - Processing /opt/airflow/dags/report_hourly_dag.py took 0.059 seconds
[2026-06-18T17:11:55.047+0000] {processor.py:157} INFO - Started process (PID=1158) to work on /opt/airflow/dags/report_hourly_dag.py
[2026-06-18T17:11:55.051+0000] {processor.py:829} INFO - Processing file /opt/airflow/dags/report_hourly_dag.py for tasks to queue
[2026-06-18T17:11:55.051+0000] {logging_mixin.py:154} INFO - [2026-06-18T17:11:55.051+0000] {dagbag.py:536} INFO - Filling up the DagBag from /opt/airflow/dags/report_hourly_dag.py
[2026-06-18T17:11:55.062+0000] {processor.py:839} INFO - DAG(s) dict_keys(['report_hourly_dag']) retrieved from /opt/airflow/dags/report_hourly_dag.py
[2026-06-18T17:11:55.088+0000] {logging_mixin.py:154} INFO - [2026-06-18T17:11:55.088+0000] {dag.py:2941} INFO - Sync 1 DAGs
[2026-06-18T17:11:55.115+0000] {logging_mixin.py:154} INFO - [2026-06-18T17:11:55.115+0000] {dag.py:3722} INFO - Setting next_dagrun for report_hourly_dag to 2026-06-18T01:58:00+00:00, run_after=2026-06-18T01:59:00+00:00
[2026-06-18T17:11:55.130+0000] {processor.py:179} INFO - Processing /opt/airflow/dags/report_hourly_dag.py took 0.087 seconds
[2026-06-18T17:12:25.326+0000] {processor.py:157} INFO - Started process (PID=1173) to work on /opt/airflow/dags/report_hourly_dag.py
[2026-06-18T17:12:25.327+0000] {processor.py:829} INFO - Processing file /opt/airflow/dags/report_hourly_dag.py for tasks to queue
[2026-06-18T17:12:25.327+0000] {logging_mixin.py:154} INFO - [2026-06-18T17:12:25.327+0000] {dagbag.py:536} INFO - Filling up the DagBag from /opt/airflow/dags/report_hourly_dag.py
[2026-06-18T17:12:25.336+0000] {processor.py:839} INFO - DAG(s) dict_keys(['report_hourly_dag']) retrieved from /opt/airflow/dags/report_hourly_dag.py
[2026-06-18T17:12:25.351+0000] {logging_mixin.py:154} INFO - [2026-06-18T17:12:25.351+0000] {dag.py:2941} INFO - Sync 1 DAGs
[2026-06-18T17:12:25.369+0000] {logging_mixin.py:154} INFO - [2026-06-18T17:12:25.369+0000] {dag.py:3722} INFO - Setting next_dagrun for report_hourly_dag to 2026-06-18T01:58:00+00:00, run_after=2026-06-18T01:59:00+00:00
[2026-06-18T17:12:25.385+0000] {processor.py:179} INFO - Processing /opt/airflow/dags/report_hourly_dag.py took 0.062 seconds
[2026-06-18T17:12:55.604+0000] {processor.py:157} INFO - Started process (PID=1188) to work on /opt/airflow/dags/report_hourly_dag.py
[2026-06-18T17:12:55.607+0000] {processor.py:829} INFO - Processing file /opt/airflow/dags/report_hourly_dag.py for tasks to queue
[2026-06-18T17:12:55.608+0000] {logging_mixin.py:154} INFO - [2026-06-18T17:12:55.607+0000] {dagbag.py:536} INFO - Filling up the DagBag from /opt/airflow/dags/report_hourly_dag.py
[2026-06-18T17:12:55.621+0000] {processor.py:839} INFO - DAG(s) dict_keys(['report_hourly_dag']) retrieved from /opt/airflow/dags/report_hourly_dag.py
[2026-06-18T17:12:55.639+0000] {logging_mixin.py:154} INFO - [2026-06-18T17:12:55.639+0000] {dag.py:2941} INFO - Sync 1 DAGs
[2026-06-18T17:12:55.657+0000] {logging_mixin.py:154} INFO - [2026-06-18T17:12:55.657+0000] {dag.py:3722} INFO - Setting next_dagrun for report_hourly_dag to 2026-06-18T01:58:00+00:00, run_after=2026-06-18T01:59:00+00:00
[2026-06-18T17:12:55.670+0000] {processor.py:179} INFO - Processing /opt/airflow/dags/report_hourly_dag.py took 0.070 seconds
[2026-06-18T17:13:25.856+0000] {processor.py:157} INFO - Started process (PID=1203) to work on /opt/airflow/dags/report_hourly_dag.py
[2026-06-18T17:13:25.860+0000] {processor.py:829} INFO - Processing file /opt/airflow/dags/report_hourly_dag.py for tasks to queue
[2026-06-18T17:13:25.861+0000] {logging_mixin.py:154} INFO - [2026-06-18T17:13:25.861+0000] {dagbag.py:536} INFO - Filling up the DagBag from /opt/airflow/dags/report_hourly_dag.py
[2026-06-18T17:13:25.872+0000] {processor.py:839} INFO - DAG(s) dict_keys(['report_hourly_dag']) retrieved from /opt/airflow/dags/report_hourly_dag.py
[2026-06-18T17:13:25.892+0000] {logging_mixin.py:154} INFO - [2026-06-18T17:13:25.892+0000] {dag.py:2941} INFO - Sync 1 DAGs
[2026-06-18T17:13:25.910+0000] {logging_mixin.py:154} INFO - [2026-06-18T17:13:25.910+0000] {dag.py:3722} INFO - Setting next_dagrun for report_hourly_dag to 2026-06-18T01:58:00+00:00, run_after=2026-06-18T01:59:00+00:00
[2026-06-18T17:13:25.928+0000] {processor.py:179} INFO - Processing /opt/airflow/dags/report_hourly_dag.py took 0.075 seconds
[2026-06-18T17:13:56.117+0000] {processor.py:157} INFO - Started process (PID=1218) to work on /opt/airflow/dags/report_hourly_dag.py
[2026-06-18T17:13:56.121+0000] {processor.py:829} INFO - Processing file /opt/airflow/dags/report_hourly_dag.py for tasks to queue
[2026-06-18T17:13:56.122+0000] {logging_mixin.py:154} INFO - [2026-06-18T17:13:56.122+0000] {dagbag.py:536} INFO - Filling up the DagBag from /opt/airflow/dags/report_hourly_dag.py
[2026-06-18T17:13:56.131+0000] {processor.py:839} INFO - DAG(s) dict_keys(['report_hourly_dag']) retrieved from /opt/airflow/dags/report_hourly_dag.py
[2026-06-18T17:13:56.150+0000] {logging_mixin.py:154} INFO - [2026-06-18T17:13:56.150+0000] {dag.py:2941} INFO - Sync 1 DAGs
[2026-06-18T17:13:56.178+0000] {logging_mixin.py:154} INFO - [2026-06-18T17:13:56.177+0000] {dag.py:3722} INFO - Setting next_dagrun for report_hourly_dag to 2026-06-18T01:58:00+00:00, run_after=2026-06-18T01:59:00+00:00
[2026-06-18T17:13:56.198+0000] {processor.py:179} INFO - Processing /opt/airflow/dags/report_hourly_dag.py took 0.084 seconds
[2026-06-18T17:14:26.425+0000] {processor.py:157} INFO - Started process (PID=1233) to work on /opt/airflow/dags/report_hourly_dag.py
[2026-06-18T17:14:26.426+0000] {processor.py:829} INFO - Processing file /opt/airflow/dags/report_hourly_dag.py for tasks to queue
[2026-06-18T17:14:26.427+0000] {logging_mixin.py:154} INFO - [2026-06-18T17:14:26.426+0000] {dagbag.py:536} INFO - Filling up the DagBag from /opt/airflow/dags/report_hourly_dag.py
[2026-06-18T17:14:26.438+0000] {processor.py:839} INFO - DAG(s) dict_keys(['report_hourly_dag']) retrieved from /opt/airflow/dags/report_hourly_dag.py
[2026-06-18T17:14:26.455+0000] {logging_mixin.py:154} INFO - [2026-06-18T17:14:26.455+0000] {dag.py:2941} INFO - Sync 1 DAGs
[2026-06-18T17:14:26.472+0000] {logging_mixin.py:154} INFO - [2026-06-18T17:14:26.472+0000] {dag.py:3722} INFO - Setting next_dagrun for report_hourly_dag to 2026-06-18T01:58:00+00:00, run_after=2026-06-18T01:59:00+00:00
[2026-06-18T17:14:26.484+0000] {processor.py:179} INFO - Processing /opt/airflow/dags/report_hourly_dag.py took 0.063 seconds
[2026-06-18T17:14:56.712+0000] {processor.py:157} INFO - Started process (PID=1248) to work on /opt/airflow/dags/report_hourly_dag.py
[2026-06-18T17:14:56.715+0000] {processor.py:829} INFO - Processing file /opt/airflow/dags/report_hourly_dag.py for tasks to queue
[2026-06-18T17:14:56.716+0000] {logging_mixin.py:154} INFO - [2026-06-18T17:14:56.715+0000] {dagbag.py:536} INFO - Filling up the DagBag from /opt/airflow/dags/report_hourly_dag.py
[2026-06-18T17:14:56.726+0000] {processor.py:839} INFO - DAG(s) dict_keys(['report_hourly_dag']) retrieved from /opt/airflow/dags/report_hourly_dag.py
[2026-06-18T17:14:56.745+0000] {logging_mixin.py:154} INFO - [2026-06-18T17:14:56.744+0000] {dag.py:2941} INFO - Sync 1 DAGs
[2026-06-18T17:14:56.761+0000] {logging_mixin.py:154} INFO - [2026-06-18T17:14:56.761+0000] {dag.py:3722} INFO - Setting next_dagrun for report_hourly_dag to 2026-06-18T01:58:00+00:00, run_after=2026-06-18T01:59:00+00:00
[2026-06-18T17:14:56.778+0000] {processor.py:179} INFO - Processing /opt/airflow/dags/report_hourly_dag.py took 0.070 seconds
[2026-06-18T17:15:27.002+0000] {processor.py:157} INFO - Started process (PID=1263) to work on /opt/airflow/dags/report_hourly_dag.py
[2026-06-18T17:15:27.002+0000] {processor.py:829} INFO - Processing file /opt/airflow/dags/report_hourly_dag.py for tasks to queue
[2026-06-18T17:15:27.003+0000] {logging_mixin.py:154} INFO - [2026-06-18T17:15:27.003+0000] {dagbag.py:536} INFO - Filling up the DagBag from /opt/airflow/dags/report_hourly_dag.py
[2026-06-18T17:15:27.013+0000] {processor.py:839} INFO - DAG(s) dict_keys(['report_hourly_dag']) retrieved from /opt/airflow/dags/report_hourly_dag.py
[2026-06-18T17:15:27.029+0000] {logging_mixin.py:154} INFO - [2026-06-18T17:15:27.028+0000] {dag.py:2941} INFO - Sync 1 DAGs
[2026-06-18T17:15:27.046+0000] {logging_mixin.py:154} INFO - [2026-06-18T17:15:27.046+0000] {dag.py:3722} INFO - Setting next_dagrun for report_hourly_dag to 2026-06-18T01:58:00+00:00, run_after=2026-06-18T01:59:00+00:00
[2026-06-18T17:15:27.059+0000] {processor.py:179} INFO - Processing /opt/airflow/dags/report_hourly_dag.py took 0.061 seconds
[2026-06-18T17:15:57.260+0000] {processor.py:157} INFO - Started process (PID=1278) to work on /opt/airflow/dags/report_hourly_dag.py
[2026-06-18T17:15:57.261+0000] {processor.py:829} INFO - Processing file /opt/airflow/dags/report_hourly_dag.py for tasks to queue
[2026-06-18T17:15:57.262+0000] {logging_mixin.py:154} INFO - [2026-06-18T17:15:57.261+0000] {dagbag.py:536} INFO - Filling up the DagBag from /opt/airflow/dags/report_hourly_dag.py
[2026-06-18T17:15:57.276+0000] {processor.py:839} INFO - DAG(s) dict_keys(['report_hourly_dag']) retrieved from /opt/airflow/dags/report_hourly_dag.py
[2026-06-18T17:15:57.294+0000] {logging_mixin.py:154} INFO - [2026-06-18T17:15:57.294+0000] {dag.py:2941} INFO - Sync 1 DAGs
[2026-06-18T17:15:57.311+0000] {logging_mixin.py:154} INFO - [2026-06-18T17:15:57.311+0000] {dag.py:3722} INFO - Setting next_dagrun for report_hourly_dag to 2026-06-18T01:58:00+00:00, run_after=2026-06-18T01:59:00+00:00
[2026-06-18T17:15:57.325+0000] {processor.py:179} INFO - Processing /opt/airflow/dags/report_hourly_dag.py took 0.070 seconds
[2026-06-18T17:16:27.552+0000] {processor.py:157} INFO - Started process (PID=1293) to work on /opt/airflow/dags/report_hourly_dag.py
[2026-06-18T17:16:27.552+0000] {processor.py:829} INFO - Processing file /opt/airflow/dags/report_hourly_dag.py for tasks to queue
[2026-06-18T17:16:27.553+0000] {logging_mixin.py:154} INFO - [2026-06-18T17:16:27.553+0000] {dagbag.py:536} INFO - Filling up the DagBag from /opt/airflow/dags/report_hourly_dag.py
[2026-06-18T17:16:27.563+0000] {processor.py:839} INFO - DAG(s) dict_keys(['report_hourly_dag']) retrieved from /opt/airflow/dags/report_hourly_dag.py
[2026-06-18T17:16:27.578+0000] {logging_mixin.py:154} INFO - [2026-06-18T17:16:27.578+0000] {dag.py:2941} INFO - Sync 1 DAGs
[2026-06-18T17:16:27.595+0000] {logging_mixin.py:154} INFO - [2026-06-18T17:16:27.595+0000] {dag.py:3722} INFO - Setting next_dagrun for report_hourly_dag to 2026-06-18T01:58:00+00:00, run_after=2026-06-18T01:59:00+00:00
[2026-06-18T17:16:27.607+0000] {processor.py:179} INFO - Processing /opt/airflow/dags/report_hourly_dag.py took 0.060 seconds
[2026-06-18T17:16:57.794+0000] {processor.py:157} INFO - Started process (PID=1308) to work on /opt/airflow/dags/report_hourly_dag.py
[2026-06-18T17:16:57.798+0000] {processor.py:829} INFO - Processing file /opt/airflow/dags/report_hourly_dag.py for tasks to queue
[2026-06-18T17:16:57.799+0000] {logging_mixin.py:154} INFO - [2026-06-18T17:16:57.798+0000] {dagbag.py:536} INFO - Filling up the DagBag from /opt/airflow/dags/report_hourly_dag.py
[2026-06-18T17:16:57.808+0000] {processor.py:839} INFO - DAG(s) dict_keys(['report_hourly_dag']) retrieved from /opt/airflow/dags/report_hourly_dag.py
[2026-06-18T17:16:57.825+0000] {logging_mixin.py:154} INFO - [2026-06-18T17:16:57.825+0000] {dag.py:2941} INFO - Sync 1 DAGs
[2026-06-18T17:16:57.843+0000] {logging_mixin.py:154} INFO - [2026-06-18T17:16:57.843+0000] {dag.py:3722} INFO - Setting next_dagrun for report_hourly_dag to 2026-06-18T01:58:00+00:00, run_after=2026-06-18T01:59:00+00:00
[2026-06-18T17:16:57.855+0000] {processor.py:179} INFO - Processing /opt/airflow/dags/report_hourly_dag.py took 0.063 seconds
[2026-06-18T17:17:28.056+0000] {processor.py:157} INFO - Started process (PID=1323) to work on /opt/airflow/dags/report_hourly_dag.py
[2026-06-18T17:17:28.057+0000] {processor.py:829} INFO - Processing file /opt/airflow/dags/report_hourly_dag.py for tasks to queue
[2026-06-18T17:17:28.057+0000] {logging_mixin.py:154} INFO - [2026-06-18T17:17:28.057+0000] {dagbag.py:536} INFO - Filling up the DagBag from /opt/airflow/dags/report_hourly_dag.py
[2026-06-18T17:17:28.066+0000] {processor.py:839} INFO - DAG(s) dict_keys(['report_hourly_dag']) retrieved from /opt/airflow/dags/report_hourly_dag.py
[2026-06-18T17:17:28.082+0000] {logging_mixin.py:154} INFO - [2026-06-18T17:17:28.082+0000] {dag.py:2941} INFO - Sync 1 DAGs
[2026-06-18T17:17:28.101+0000] {logging_mixin.py:154} INFO - [2026-06-18T17:17:28.101+0000] {dag.py:3722} INFO - Setting next_dagrun for report_hourly_dag to 2026-06-18T01:58:00+00:00, run_after=2026-06-18T01:59:00+00:00
[2026-06-18T17:17:28.116+0000] {processor.py:179} INFO - Processing /opt/airflow/dags/report_hourly_dag.py took 0.062 seconds
[2026-06-18T17:17:58.339+0000] {processor.py:157} INFO - Started process (PID=1338) to work on /opt/airflow/dags/report_hourly_dag.py
[2026-06-18T17:17:58.340+0000] {processor.py:829} INFO - Processing file /opt/airflow/dags/report_hourly_dag.py for tasks to queue
[2026-06-18T17:17:58.340+0000] {logging_mixin.py:154} INFO - [2026-06-18T17:17:58.340+0000] {dagbag.py:536} INFO - Filling up the DagBag from /opt/airflow/dags/report_hourly_dag.py
[2026-06-18T17:17:58.351+0000] {processor.py:839} INFO - DAG(s) dict_keys(['report_hourly_dag']) retrieved from /opt/airflow/dags/report_hourly_dag.py
[2026-06-18T17:17:58.369+0000] {logging_mixin.py:154} INFO - [2026-06-18T17:17:58.369+0000] {dag.py:2941} INFO - Sync 1 DAGs
[2026-06-18T17:17:58.387+0000] {logging_mixin.py:154} INFO - [2026-06-18T17:17:58.386+0000] {dag.py:3722} INFO - Setting next_dagrun for report_hourly_dag to 2026-06-18T01:58:00+00:00, run_after=2026-06-18T01:59:00+00:00
[2026-06-18T17:17:58.400+0000] {processor.py:179} INFO - Processing /opt/airflow/dags/report_hourly_dag.py took 0.065 seconds
[2026-06-18T17:18:28.625+0000] {processor.py:157} INFO - Started process (PID=1353) to work on /opt/airflow/dags/report_hourly_dag.py
[2026-06-18T17:18:28.626+0000] {processor.py:829} INFO - Processing file /opt/airflow/dags/report_hourly_dag.py for tasks to queue
[2026-06-18T17:18:28.626+0000] {logging_mixin.py:154} INFO - [2026-06-18T17:18:28.626+0000] {dagbag.py:536} INFO - Filling up the DagBag from /opt/airflow/dags/report_hourly_dag.py
[2026-06-18T17:18:28.635+0000] {processor.py:839} INFO - DAG(s) dict_keys(['report_hourly_dag']) retrieved from /opt/airflow/dags/report_hourly_dag.py
[2026-06-18T17:18:28.651+0000] {logging_mixin.py:154} INFO - [2026-06-18T17:18:28.650+0000] {dag.py:2941} INFO - Sync 1 DAGs
[2026-06-18T17:18:28.668+0000] {logging_mixin.py:154} INFO - [2026-06-18T17:18:28.667+0000] {dag.py:3722} INFO - Setting next_dagrun for report_hourly_dag to 2026-06-18T01:58:00+00:00, run_after=2026-06-18T01:59:00+00:00
[2026-06-18T17:18:28.684+0000] {processor.py:179} INFO - Processing /opt/airflow/dags/report_hourly_dag.py took 0.063 seconds
[2026-06-18T17:18:58.898+0000] {processor.py:157} INFO - Started process (PID=1368) to work on /opt/airflow/dags/report_hourly_dag.py
[2026-06-18T17:18:58.900+0000] {processor.py:829} INFO - Processing file /opt/airflow/dags/report_hourly_dag.py for tasks to queue
[2026-06-18T17:18:58.901+0000] {logging_mixin.py:154} INFO - [2026-06-18T17:18:58.900+0000] {dagbag.py:536} INFO - Filling up the DagBag from /opt/airflow/dags/report_hourly_dag.py
[2026-06-18T17:18:58.916+0000] {processor.py:839} INFO - DAG(s) dict_keys(['report_hourly_dag']) retrieved from /opt/airflow/dags/report_hourly_dag.py
[2026-06-18T17:18:58.933+0000] {logging_mixin.py:154} INFO - [2026-06-18T17:18:58.933+0000] {dag.py:2941} INFO - Sync 1 DAGs
[2026-06-18T17:18:58.950+0000] {logging_mixin.py:154} INFO - [2026-06-18T17:18:58.950+0000] {dag.py:3722} INFO - Setting next_dagrun for report_hourly_dag to 2026-06-18T01:58:00+00:00, run_after=2026-06-18T01:59:00+00:00
[2026-06-18T17:18:58.963+0000] {processor.py:179} INFO - Processing /opt/airflow/dags/report_hourly_dag.py took 0.069 seconds
[2026-06-18T17:19:29.186+0000] {processor.py:157} INFO - Started process (PID=1383) to work on /opt/airflow/dags/report_hourly_dag.py
[2026-06-18T17:19:29.187+0000] {processor.py:829} INFO - Processing file /opt/airflow/dags/report_hourly_dag.py for tasks to queue
[2026-06-18T17:19:29.188+0000] {logging_mixin.py:154} INFO - [2026-06-18T17:19:29.188+0000] {dagbag.py:536} INFO - Filling up the DagBag from /opt/airflow/dags/report_hourly_dag.py
[2026-06-18T17:19:29.201+0000] {processor.py:839} INFO - DAG(s) dict_keys(['report_hourly_dag']) retrieved from /opt/airflow/dags/report_hourly_dag.py
[2026-06-18T17:19:29.217+0000] {logging_mixin.py:154} INFO - [2026-06-18T17:19:29.217+0000] {dag.py:2941} INFO - Sync 1 DAGs
[2026-06-18T17:19:29.235+0000] {logging_mixin.py:154} INFO - [2026-06-18T17:19:29.235+0000] {dag.py:3722} INFO - Setting next_dagrun for report_hourly_dag to 2026-06-18T01:58:00+00:00, run_after=2026-06-18T01:59:00+00:00
[2026-06-18T17:19:29.250+0000] {processor.py:179} INFO - Processing /opt/airflow/dags/report_hourly_dag.py took 0.069 seconds
[2026-06-18T17:19:59.473+0000] {processor.py:157} INFO - Started process (PID=1398) to work on /opt/airflow/dags/report_hourly_dag.py
[2026-06-18T17:19:59.474+0000] {processor.py:829} INFO - Processing file /opt/airflow/dags/report_hourly_dag.py for tasks to queue
[2026-06-18T17:19:59.475+0000] {logging_mixin.py:154} INFO - [2026-06-18T17:19:59.475+0000] {dagbag.py:536} INFO - Filling up the DagBag from /opt/airflow/dags/report_hourly_dag.py
[2026-06-18T17:19:59.484+0000] {processor.py:839} INFO - DAG(s) dict_keys(['report_hourly_dag']) retrieved from /opt/airflow/dags/report_hourly_dag.py
[2026-06-18T17:19:59.501+0000] {logging_mixin.py:154} INFO - [2026-06-18T17:19:59.501+0000] {dag.py:2941} INFO - Sync 1 DAGs
[2026-06-18T17:19:59.519+0000] {logging_mixin.py:154} INFO - [2026-06-18T17:19:59.519+0000] {dag.py:3722} INFO - Setting next_dagrun for report_hourly_dag to 2026-06-18T01:58:00+00:00, run_after=2026-06-18T01:59:00+00:00
[2026-06-18T17:19:59.531+0000] {processor.py:179} INFO - Processing /opt/airflow/dags/report_hourly_dag.py took 0.063 seconds
[2026-06-18T17:20:29.756+0000] {processor.py:157} INFO - Started process (PID=1413) to work on /opt/airflow/dags/report_hourly_dag.py
[2026-06-18T17:20:29.757+0000] {processor.py:829} INFO - Processing file /opt/airflow/dags/report_hourly_dag.py for tasks to queue
[2026-06-18T17:20:29.758+0000] {logging_mixin.py:154} INFO - [2026-06-18T17:20:29.758+0000] {dagbag.py:536} INFO - Filling up the DagBag from /opt/airflow/dags/report_hourly_dag.py
[2026-06-18T17:20:29.767+0000] {processor.py:839} INFO - DAG(s) dict_keys(['report_hourly_dag']) retrieved from /opt/airflow/dags/report_hourly_dag.py
[2026-06-18T17:20:29.785+0000] {logging_mixin.py:154} INFO - [2026-06-18T17:20:29.785+0000] {dag.py:2941} INFO - Sync 1 DAGs
[2026-06-18T17:20:29.801+0000] {logging_mixin.py:154} INFO - [2026-06-18T17:20:29.801+0000] {dag.py:3722} INFO - Setting next_dagrun for report_hourly_dag to 2026-06-18T01:58:00+00:00, run_after=2026-06-18T01:59:00+00:00
[2026-06-18T17:20:29.813+0000] {processor.py:179} INFO - Processing /opt/airflow/dags/report_hourly_dag.py took 0.060 seconds
[2026-06-18T17:21:00.025+0000] {processor.py:157} INFO - Started process (PID=1428) to work on /opt/airflow/dags/report_hourly_dag.py
[2026-06-18T17:21:00.026+0000] {processor.py:829} INFO - Processing file /opt/airflow/dags/report_hourly_dag.py for tasks to queue
[2026-06-18T17:21:00.027+0000] {logging_mixin.py:154} INFO - [2026-06-18T17:21:00.027+0000] {dagbag.py:536} INFO - Filling up the DagBag from /opt/airflow/dags/report_hourly_dag.py
[2026-06-18T17:21:00.046+0000] {processor.py:839} INFO - DAG(s) dict_keys(['report_hourly_dag']) retrieved from /opt/airflow/dags/report_hourly_dag.py
[2026-06-18T17:21:00.066+0000] {logging_mixin.py:154} INFO - [2026-06-18T17:21:00.066+0000] {dag.py:2941} INFO - Sync 1 DAGs
[2026-06-18T17:21:00.082+0000] {logging_mixin.py:154} INFO - [2026-06-18T17:21:00.082+0000] {dag.py:3722} INFO - Setting next_dagrun for report_hourly_dag to 2026-06-18T01:58:00+00:00, run_after=2026-06-18T01:59:00+00:00
[2026-06-18T17:21:00.098+0000] {processor.py:179} INFO - Processing /opt/airflow/dags/report_hourly_dag.py took 0.079 seconds
[2026-06-18T17:21:30.322+0000] {processor.py:157} INFO - Started process (PID=1443) to work on /opt/airflow/dags/report_hourly_dag.py
[2026-06-18T17:21:30.323+0000] {processor.py:829} INFO - Processing file /opt/airflow/dags/report_hourly_dag.py for tasks to queue
[2026-06-18T17:21:30.324+0000] {logging_mixin.py:154} INFO - [2026-06-18T17:21:30.323+0000] {dagbag.py:536} INFO - Filling up the DagBag from /opt/airflow/dags/report_hourly_dag.py
[2026-06-18T17:21:30.334+0000] {processor.py:839} INFO - DAG(s) dict_keys(['report_hourly_dag']) retrieved from /opt/airflow/dags/report_hourly_dag.py
[2026-06-18T17:21:30.353+0000] {logging_mixin.py:154} INFO - [2026-06-18T17:21:30.353+0000] {dag.py:2941} INFO - Sync 1 DAGs
[2026-06-18T17:21:30.370+0000] {logging_mixin.py:154} INFO - [2026-06-18T17:21:30.370+0000] {dag.py:3722} INFO - Setting next_dagrun for report_hourly_dag to 2026-06-18T01:58:00+00:00, run_after=2026-06-18T01:59:00+00:00
[2026-06-18T17:21:30.384+0000] {processor.py:179} INFO - Processing /opt/airflow/dags/report_hourly_dag.py took 0.065 seconds
[2026-06-18T17:22:00.600+0000] {processor.py:157} INFO - Started process (PID=1458) to work on /opt/airflow/dags/report_hourly_dag.py
[2026-06-18T17:22:00.602+0000] {processor.py:829} INFO - Processing file /opt/airflow/dags/report_hourly_dag.py for tasks to queue
[2026-06-18T17:22:00.603+0000] {logging_mixin.py:154} INFO - [2026-06-18T17:22:00.602+0000] {dagbag.py:536} INFO - Filling up the DagBag from /opt/airflow/dags/report_hourly_dag.py
[2026-06-18T17:22:00.613+0000] {processor.py:839} INFO - DAG(s) dict_keys(['report_hourly_dag']) retrieved from /opt/airflow/dags/report_hourly_dag.py
[2026-06-18T17:22:00.632+0000] {logging_mixin.py:154} INFO - [2026-06-18T17:22:00.631+0000] {dag.py:2941} INFO - Sync 1 DAGs
[2026-06-18T17:22:00.649+0000] {logging_mixin.py:154} INFO - [2026-06-18T17:22:00.649+0000] {dag.py:3722} INFO - Setting next_dagrun for report_hourly_dag to 2026-06-18T01:58:00+00:00, run_after=2026-06-18T01:59:00+00:00
[2026-06-18T17:22:00.669+0000] {processor.py:179} INFO - Processing /opt/airflow/dags/report_hourly_dag.py took 0.073 seconds
[2026-06-18T17:22:30.860+0000] {processor.py:157} INFO - Started process (PID=1473) to work on /opt/airflow/dags/report_hourly_dag.py
[2026-06-18T17:22:30.865+0000] {processor.py:829} INFO - Processing file /opt/airflow/dags/report_hourly_dag.py for tasks to queue
[2026-06-18T17:22:30.866+0000] {logging_mixin.py:154} INFO - [2026-06-18T17:22:30.865+0000] {dagbag.py:536} INFO - Filling up the DagBag from /opt/airflow/dags/report_hourly_dag.py
[2026-06-18T17:22:30.873+0000] {processor.py:839} INFO - DAG(s) dict_keys(['report_hourly_dag']) retrieved from /opt/airflow/dags/report_hourly_dag.py
[2026-06-18T17:22:30.890+0000] {logging_mixin.py:154} INFO - [2026-06-18T17:22:30.890+0000] {dag.py:2941} INFO - Sync 1 DAGs
[2026-06-18T17:22:30.908+0000] {logging_mixin.py:154} INFO - [2026-06-18T17:22:30.908+0000] {dag.py:3722} INFO - Setting next_dagrun for report_hourly_dag to 2026-06-18T01:58:00+00:00, run_after=2026-06-18T01:59:00+00:00
[2026-06-18T17:22:30.922+0000] {processor.py:179} INFO - Processing /opt/airflow/dags/report_hourly_dag.py took 0.065 seconds
[2026-06-18T17:23:01.160+0000] {processor.py:157} INFO - Started process (PID=1488) to work on /opt/airflow/dags/report_hourly_dag.py
[2026-06-18T17:23:01.161+0000] {processor.py:829} INFO - Processing file /opt/airflow/dags/report_hourly_dag.py for tasks to queue
[2026-06-18T17:23:01.161+0000] {logging_mixin.py:154} INFO - [2026-06-18T17:23:01.161+0000] {dagbag.py:536} INFO - Filling up the DagBag from /opt/airflow/dags/report_hourly_dag.py
[2026-06-18T17:23:01.173+0000] {processor.py:839} INFO - DAG(s) dict_keys(['report_hourly_dag']) retrieved from /opt/airflow/dags/report_hourly_dag.py
[2026-06-18T17:23:01.192+0000] {logging_mixin.py:154} INFO - [2026-06-18T17:23:01.192+0000] {dag.py:2941} INFO - Sync 1 DAGs
[2026-06-18T17:23:01.211+0000] {logging_mixin.py:154} INFO - [2026-06-18T17:23:01.211+0000] {dag.py:3722} INFO - Setting next_dagrun for report_hourly_dag to 2026-06-18T01:58:00+00:00, run_after=2026-06-18T01:59:00+00:00
[2026-06-18T17:23:01.230+0000] {processor.py:179} INFO - Processing /opt/airflow/dags/report_hourly_dag.py took 0.074 seconds
[2026-06-18T17:23:31.446+0000] {processor.py:157} INFO - Started process (PID=1503) to work on /opt/airflow/dags/report_hourly_dag.py
[2026-06-18T17:23:31.449+0000] {processor.py:829} INFO - Processing file /opt/airflow/dags/report_hourly_dag.py for tasks to queue
[2026-06-18T17:23:31.450+0000] {logging_mixin.py:154} INFO - [2026-06-18T17:23:31.450+0000] {dagbag.py:536} INFO - Filling up the DagBag from /opt/airflow/dags/report_hourly_dag.py
[2026-06-18T17:23:31.459+0000] {processor.py:839} INFO - DAG(s) dict_keys(['report_hourly_dag']) retrieved from /opt/airflow/dags/report_hourly_dag.py
[2026-06-18T17:23:31.482+0000] {logging_mixin.py:154} INFO - [2026-06-18T17:23:31.482+0000] {dag.py:2941} INFO - Sync 1 DAGs
[2026-06-18T17:23:31.504+0000] {logging_mixin.py:154} INFO - [2026-06-18T17:23:31.504+0000] {dag.py:3722} INFO - Setting next_dagrun for report_hourly_dag to 2026-06-18T01:58:00+00:00, run_after=2026-06-18T01:59:00+00:00
[2026-06-18T17:23:31.520+0000] {processor.py:179} INFO - Processing /opt/airflow/dags/report_hourly_dag.py took 0.077 seconds
[2026-06-18T17:24:01.740+0000] {processor.py:157} INFO - Started process (PID=1518) to work on /opt/airflow/dags/report_hourly_dag.py
[2026-06-18T17:24:01.743+0000] {processor.py:829} INFO - Processing file /opt/airflow/dags/report_hourly_dag.py for tasks to queue
[2026-06-18T17:24:01.743+0000] {logging_mixin.py:154} INFO - [2026-06-18T17:24:01.743+0000] {dagbag.py:536} INFO - Filling up the DagBag from /opt/airflow/dags/report_hourly_dag.py
[2026-06-18T17:24:01.755+0000] {processor.py:839} INFO - DAG(s) dict_keys(['report_hourly_dag']) retrieved from /opt/airflow/dags/report_hourly_dag.py
[2026-06-18T17:24:01.776+0000] {logging_mixin.py:154} INFO - [2026-06-18T17:24:01.776+0000] {dag.py:2941} INFO - Sync 1 DAGs
[2026-06-18T17:24:01.795+0000] {logging_mixin.py:154} INFO - [2026-06-18T17:24:01.795+0000] {dag.py:3722} INFO - Setting next_dagrun for report_hourly_dag to 2026-06-18T01:58:00+00:00, run_after=2026-06-18T01:59:00+00:00
[2026-06-18T17:24:01.814+0000] {processor.py:179} INFO - Processing /opt/airflow/dags/report_hourly_dag.py took 0.078 seconds
[2026-06-18T17:24:32.025+0000] {processor.py:157} INFO - Started process (PID=1533) to work on /opt/airflow/dags/report_hourly_dag.py
[2026-06-18T17:24:32.026+0000] {processor.py:829} INFO - Processing file /opt/airflow/dags/report_hourly_dag.py for tasks to queue
[2026-06-18T17:24:32.027+0000] {logging_mixin.py:154} INFO - [2026-06-18T17:24:32.026+0000] {dagbag.py:536} INFO - Filling up the DagBag from /opt/airflow/dags/report_hourly_dag.py
[2026-06-18T17:24:32.043+0000] {processor.py:839} INFO - DAG(s) dict_keys(['report_hourly_dag']) retrieved from /opt/airflow/dags/report_hourly_dag.py
[2026-06-18T17:24:32.059+0000] {logging_mixin.py:154} INFO - [2026-06-18T17:24:32.059+0000] {dag.py:2941} INFO - Sync 1 DAGs
[2026-06-18T17:24:32.075+0000] {logging_mixin.py:154} INFO - [2026-06-18T17:24:32.075+0000] {dag.py:3722} INFO - Setting next_dagrun for report_hourly_dag to 2026-06-18T01:58:00+00:00, run_after=2026-06-18T01:59:00+00:00
[2026-06-18T17:24:32.087+0000] {processor.py:179} INFO - Processing /opt/airflow/dags/report_hourly_dag.py took 0.068 seconds
[2026-06-18T17:25:02.297+0000] {processor.py:157} INFO - Started process (PID=1548) to work on /opt/airflow/dags/report_hourly_dag.py
[2026-06-18T17:25:02.298+0000] {processor.py:829} INFO - Processing file /opt/airflow/dags/report_hourly_dag.py for tasks to queue
[2026-06-18T17:25:02.299+0000] {logging_mixin.py:154} INFO - [2026-06-18T17:25:02.298+0000] {dagbag.py:536} INFO - Filling up the DagBag from /opt/airflow/dags/report_hourly_dag.py
[2026-06-18T17:25:02.314+0000] {processor.py:839} INFO - DAG(s) dict_keys(['report_hourly_dag']) retrieved from /opt/airflow/dags/report_hourly_dag.py
[2026-06-18T17:25:02.330+0000] {logging_mixin.py:154} INFO - [2026-06-18T17:25:02.329+0000] {dag.py:2941} INFO - Sync 1 DAGs
[2026-06-18T17:25:02.349+0000] {logging_mixin.py:154} INFO - [2026-06-18T17:25:02.348+0000] {dag.py:3722} INFO - Setting next_dagrun for report_hourly_dag to 2026-06-18T01:58:00+00:00, run_after=2026-06-18T01:59:00+00:00
[2026-06-18T17:25:02.361+0000] {processor.py:179} INFO - Processing /opt/airflow/dags/report_hourly_dag.py took 0.069 seconds
[2026-06-18T17:25:32.594+0000] {processor.py:157} INFO - Started process (PID=1563) to work on /opt/airflow/dags/report_hourly_dag.py
[2026-06-18T17:25:32.596+0000] {processor.py:829} INFO - Processing file /opt/airflow/dags/report_hourly_dag.py for tasks to queue
[2026-06-18T17:25:32.597+0000] {logging_mixin.py:154} INFO - [2026-06-18T17:25:32.597+0000] {dagbag.py:536} INFO - Filling up the DagBag from /opt/airflow/dags/report_hourly_dag.py
[2026-06-18T17:25:32.609+0000] {processor.py:839} INFO - DAG(s) dict_keys(['report_hourly_dag']) retrieved from /opt/airflow/dags/report_hourly_dag.py
[2026-06-18T17:25:32.626+0000] {logging_mixin.py:154} INFO - [2026-06-18T17:25:32.626+0000] {dag.py:2941} INFO - Sync 1 DAGs
[2026-06-18T17:25:32.724+0000] {logging_mixin.py:154} INFO - [2026-06-18T17:25:32.724+0000] {dag.py:3722} INFO - Setting next_dagrun for report_hourly_dag to 2026-06-18T01:58:00+00:00, run_after=2026-06-18T01:59:00+00:00
[2026-06-18T17:25:32.743+0000] {processor.py:179} INFO - Processing /opt/airflow/dags/report_hourly_dag.py took 0.153 seconds
[2026-06-18T17:26:02.967+0000] {processor.py:157} INFO - Started process (PID=1578) to work on /opt/airflow/dags/report_hourly_dag.py
[2026-06-18T17:26:02.968+0000] {processor.py:829} INFO - Processing file /opt/airflow/dags/report_hourly_dag.py for tasks to queue
[2026-06-18T17:26:02.969+0000] {logging_mixin.py:154} INFO - [2026-06-18T17:26:02.968+0000] {dagbag.py:536} INFO - Filling up the DagBag from /opt/airflow/dags/report_hourly_dag.py
[2026-06-18T17:26:02.983+0000] {processor.py:839} INFO - DAG(s) dict_keys(['report_hourly_dag']) retrieved from /opt/airflow/dags/report_hourly_dag.py
[2026-06-18T17:26:02.998+0000] {logging_mixin.py:154} INFO - [2026-06-18T17:26:02.998+0000] {dag.py:2941} INFO - Sync 1 DAGs
[2026-06-18T17:26:03.015+0000] {logging_mixin.py:154} INFO - [2026-06-18T17:26:03.015+0000] {dag.py:3722} INFO - Setting next_dagrun for report_hourly_dag to 2026-06-18T01:58:00+00:00, run_after=2026-06-18T01:59:00+00:00
[2026-06-18T17:26:03.113+0000] {processor.py:179} INFO - Processing /opt/airflow/dags/report_hourly_dag.py took 0.151 seconds
[2026-06-18T17:26:33.334+0000] {processor.py:157} INFO - Started process (PID=1593) to work on /opt/airflow/dags/report_hourly_dag.py
[2026-06-18T17:26:33.337+0000] {processor.py:829} INFO - Processing file /opt/airflow/dags/report_hourly_dag.py for tasks to queue
[2026-06-18T17:26:33.338+0000] {logging_mixin.py:154} INFO - [2026-06-18T17:26:33.337+0000] {dagbag.py:536} INFO - Filling up the DagBag from /opt/airflow/dags/report_hourly_dag.py
[2026-06-18T17:26:33.348+0000] {processor.py:839} INFO - DAG(s) dict_keys(['report_hourly_dag']) retrieved from /opt/airflow/dags/report_hourly_dag.py
[2026-06-18T17:26:33.369+0000] {logging_mixin.py:154} INFO - [2026-06-18T17:26:33.368+0000] {dag.py:2941} INFO - Sync 1 DAGs
[2026-06-18T17:26:33.386+0000] {logging_mixin.py:154} INFO - [2026-06-18T17:26:33.385+0000] {dag.py:3722} INFO - Setting next_dagrun for report_hourly_dag to 2026-06-18T01:58:00+00:00, run_after=2026-06-18T01:59:00+00:00
[2026-06-18T17:26:33.397+0000] {processor.py:179} INFO - Processing /opt/airflow/dags/report_hourly_dag.py took 0.067 seconds
[2026-06-18T17:27:03.585+0000] {processor.py:157} INFO - Started process (PID=1608) to work on /opt/airflow/dags/report_hourly_dag.py
[2026-06-18T17:27:03.586+0000] {processor.py:829} INFO - Processing file /opt/airflow/dags/report_hourly_dag.py for tasks to queue
[2026-06-18T17:27:03.586+0000] {logging_mixin.py:154} INFO - [2026-06-18T17:27:03.586+0000] {dagbag.py:536} INFO - Filling up the DagBag from /opt/airflow/dags/report_hourly_dag.py
[2026-06-18T17:27:03.594+0000] {processor.py:839} INFO - DAG(s) dict_keys(['report_hourly_dag']) retrieved from /opt/airflow/dags/report_hourly_dag.py
[2026-06-18T17:27:03.610+0000] {logging_mixin.py:154} INFO - [2026-06-18T17:27:03.610+0000] {dag.py:2941} INFO - Sync 1 DAGs
[2026-06-18T17:27:03.628+0000] {logging_mixin.py:154} INFO - [2026-06-18T17:27:03.627+0000] {dag.py:3722} INFO - Setting next_dagrun for report_hourly_dag to 2026-06-18T01:58:00+00:00, run_after=2026-06-18T01:59:00+00:00
[2026-06-18T17:27:03.640+0000] {processor.py:179} INFO - Processing /opt/airflow/dags/report_hourly_dag.py took 0.057 seconds
[2026-06-18T17:27:33.860+0000] {processor.py:157} INFO - Started process (PID=1623) to work on /opt/airflow/dags/report_hourly_dag.py
[2026-06-18T17:27:33.861+0000] {processor.py:829} INFO - Processing file /opt/airflow/dags/report_hourly_dag.py for tasks to queue
[2026-06-18T17:27:33.862+0000] {logging_mixin.py:154} INFO - [2026-06-18T17:27:33.861+0000] {dagbag.py:536} INFO - Filling up the DagBag from /opt/airflow/dags/report_hourly_dag.py
[2026-06-18T17:27:33.871+0000] {processor.py:839} INFO - DAG(s) dict_keys(['report_hourly_dag']) retrieved from /opt/airflow/dags/report_hourly_dag.py
[2026-06-18T17:27:33.962+0000] {logging_mixin.py:154} INFO - [2026-06-18T17:27:33.962+0000] {dag.py:2941} INFO - Sync 1 DAGs
[2026-06-18T17:27:33.978+0000] {logging_mixin.py:154} INFO - [2026-06-18T17:27:33.977+0000] {dag.py:3722} INFO - Setting next_dagrun for report_hourly_dag to 2026-06-18T01:58:00+00:00, run_after=2026-06-18T01:59:00+00:00
[2026-06-18T17:27:33.989+0000] {processor.py:179} INFO - Processing /opt/airflow/dags/report_hourly_dag.py took 0.133 seconds
[2026-06-18T17:28:04.282+0000] {processor.py:157} INFO - Started process (PID=1638) to work on /opt/airflow/dags/report_hourly_dag.py
[2026-06-18T17:28:04.282+0000] {processor.py:829} INFO - Processing file /opt/airflow/dags/report_hourly_dag.py for tasks to queue
[2026-06-18T17:28:04.283+0000] {logging_mixin.py:154} INFO - [2026-06-18T17:28:04.283+0000] {dagbag.py:536} INFO - Filling up the DagBag from /opt/airflow/dags/report_hourly_dag.py
[2026-06-18T17:28:04.293+0000] {processor.py:839} INFO - DAG(s) dict_keys(['report_hourly_dag']) retrieved from /opt/airflow/dags/report_hourly_dag.py
[2026-06-18T17:28:04.310+0000] {logging_mixin.py:154} INFO - [2026-06-18T17:28:04.310+0000] {dag.py:2941} INFO - Sync 1 DAGs
[2026-06-18T17:28:04.327+0000] {logging_mixin.py:154} INFO - [2026-06-18T17:28:04.327+0000] {dag.py:3722} INFO - Setting next_dagrun for report_hourly_dag to 2026-06-18T01:58:00+00:00, run_after=2026-06-18T01:59:00+00:00
[2026-06-18T17:28:04.340+0000] {processor.py:179} INFO - Processing /opt/airflow/dags/report_hourly_dag.py took 0.062 seconds
[2026-06-18T17:28:34.564+0000] {processor.py:157} INFO - Started process (PID=1653) to work on /opt/airflow/dags/report_hourly_dag.py
[2026-06-18T17:28:34.570+0000] {processor.py:829} INFO - Processing file /opt/airflow/dags/report_hourly_dag.py for tasks to queue
[2026-06-18T17:28:34.570+0000] {logging_mixin.py:154} INFO - [2026-06-18T17:28:34.570+0000] {dagbag.py:536} INFO - Filling up the DagBag from /opt/airflow/dags/report_hourly_dag.py
[2026-06-18T17:28:34.581+0000] {processor.py:839} INFO - DAG(s) dict_keys(['report_hourly_dag']) retrieved from /opt/airflow/dags/report_hourly_dag.py
[2026-06-18T17:28:34.602+0000] {logging_mixin.py:154} INFO - [2026-06-18T17:28:34.602+0000] {dag.py:2941} INFO - Sync 1 DAGs
[2026-06-18T17:28:34.620+0000] {logging_mixin.py:154} INFO - [2026-06-18T17:28:34.620+0000] {dag.py:3722} INFO - Setting next_dagrun for report_hourly_dag to 2026-06-18T01:58:00+00:00, run_after=2026-06-18T01:59:00+00:00
[2026-06-18T17:28:34.633+0000] {processor.py:179} INFO - Processing /opt/airflow/dags/report_hourly_dag.py took 0.070 seconds
[2026-06-18T17:29:04.817+0000] {processor.py:157} INFO - Started process (PID=1668) to work on /opt/airflow/dags/report_hourly_dag.py
[2026-06-18T17:29:04.818+0000] {processor.py:829} INFO - Processing file /opt/airflow/dags/report_hourly_dag.py for tasks to queue
[2026-06-18T17:29:04.819+0000] {logging_mixin.py:154} INFO - [2026-06-18T17:29:04.818+0000] {dagbag.py:536} INFO - Filling up the DagBag from /opt/airflow/dags/report_hourly_dag.py
[2026-06-18T17:29:04.826+0000] {processor.py:839} INFO - DAG(s) dict_keys(['report_hourly_dag']) retrieved from /opt/airflow/dags/report_hourly_dag.py
[2026-06-18T17:29:04.841+0000] {logging_mixin.py:154} INFO - [2026-06-18T17:29:04.841+0000] {dag.py:2941} INFO - Sync 1 DAGs
[2026-06-18T17:29:04.857+0000] {logging_mixin.py:154} INFO - [2026-06-18T17:29:04.857+0000] {dag.py:3722} INFO - Setting next_dagrun for report_hourly_dag to 2026-06-18T01:58:00+00:00, run_after=2026-06-18T01:59:00+00:00
[2026-06-18T17:29:04.870+0000] {processor.py:179} INFO - Processing /opt/airflow/dags/report_hourly_dag.py took 0.055 seconds
[2026-06-18T17:29:35.092+0000] {processor.py:157} INFO - Started process (PID=1683) to work on /opt/airflow/dags/report_hourly_dag.py
[2026-06-18T17:29:35.093+0000] {processor.py:829} INFO - Processing file /opt/airflow/dags/report_hourly_dag.py for tasks to queue
[2026-06-18T17:29:35.094+0000] {logging_mixin.py:154} INFO - [2026-06-18T17:29:35.094+0000] {dagbag.py:536} INFO - Filling up the DagBag from /opt/airflow/dags/report_hourly_dag.py
[2026-06-18T17:29:35.103+0000] {processor.py:839} INFO - DAG(s) dict_keys(['report_hourly_dag']) retrieved from /opt/airflow/dags/report_hourly_dag.py
[2026-06-18T17:29:35.121+0000] {logging_mixin.py:154} INFO - [2026-06-18T17:29:35.120+0000] {dag.py:2941} INFO - Sync 1 DAGs
[2026-06-18T17:29:35.139+0000] {logging_mixin.py:154} INFO - [2026-06-18T17:29:35.139+0000] {dag.py:3722} INFO - Setting next_dagrun for report_hourly_dag to 2026-06-18T01:58:00+00:00, run_after=2026-06-18T01:59:00+00:00
[2026-06-18T17:29:35.151+0000] {processor.py:179} INFO - Processing /opt/airflow/dags/report_hourly_dag.py took 0.063 seconds
[2026-06-18T17:30:05.345+0000] {processor.py:157} INFO - Started process (PID=1698) to work on /opt/airflow/dags/report_hourly_dag.py
[2026-06-18T17:30:05.345+0000] {processor.py:829} INFO - Processing file /opt/airflow/dags/report_hourly_dag.py for tasks to queue
[2026-06-18T17:30:05.346+0000] {logging_mixin.py:154} INFO - [2026-06-18T17:30:05.346+0000] {dagbag.py:536} INFO - Filling up the DagBag from /opt/airflow/dags/report_hourly_dag.py
[2026-06-18T17:30:05.359+0000] {processor.py:839} INFO - DAG(s) dict_keys(['report_hourly_dag']) retrieved from /opt/airflow/dags/report_hourly_dag.py
[2026-06-18T17:30:05.377+0000] {logging_mixin.py:154} INFO - [2026-06-18T17:30:05.377+0000] {dag.py:2941} INFO - Sync 1 DAGs
[2026-06-18T17:30:05.394+0000] {logging_mixin.py:154} INFO - [2026-06-18T17:30:05.393+0000] {dag.py:3722} INFO - Setting next_dagrun for report_hourly_dag to 2026-06-18T01:58:00+00:00, run_after=2026-06-18T01:59:00+00:00
[2026-06-18T17:30:05.407+0000] {processor.py:179} INFO - Processing /opt/airflow/dags/report_hourly_dag.py took 0.066 seconds
[2026-06-18T17:30:35.630+0000] {processor.py:157} INFO - Started process (PID=1713) to work on /opt/airflow/dags/report_hourly_dag.py
[2026-06-18T17:30:35.633+0000] {processor.py:829} INFO - Processing file /opt/airflow/dags/report_hourly_dag.py for tasks to queue
[2026-06-18T17:30:35.634+0000] {logging_mixin.py:154} INFO - [2026-06-18T17:30:35.633+0000] {dagbag.py:536} INFO - Filling up the DagBag from /opt/airflow/dags/report_hourly_dag.py
[2026-06-18T17:30:35.643+0000] {processor.py:839} INFO - DAG(s) dict_keys(['report_hourly_dag']) retrieved from /opt/airflow/dags/report_hourly_dag.py
[2026-06-18T17:30:35.661+0000] {logging_mixin.py:154} INFO - [2026-06-18T17:30:35.661+0000] {dag.py:2941} INFO - Sync 1 DAGs
[2026-06-18T17:30:35.682+0000] {logging_mixin.py:154} INFO - [2026-06-18T17:30:35.682+0000] {dag.py:3722} INFO - Setting next_dagrun for report_hourly_dag to 2026-06-18T01:58:00+00:00, run_after=2026-06-18T01:59:00+00:00
[2026-06-18T17:30:35.694+0000] {processor.py:179} INFO - Processing /opt/airflow/dags/report_hourly_dag.py took 0.068 seconds
[2026-06-18T17:31:05.915+0000] {processor.py:157} INFO - Started process (PID=1728) to work on /opt/airflow/dags/report_hourly_dag.py
[2026-06-18T17:31:05.916+0000] {processor.py:829} INFO - Processing file /opt/airflow/dags/report_hourly_dag.py for tasks to queue
[2026-06-18T17:31:05.917+0000] {logging_mixin.py:154} INFO - [2026-06-18T17:31:05.917+0000] {dagbag.py:536} INFO - Filling up the DagBag from /opt/airflow/dags/report_hourly_dag.py
[2026-06-18T17:31:05.927+0000] {processor.py:839} INFO - DAG(s) dict_keys(['report_hourly_dag']) retrieved from /opt/airflow/dags/report_hourly_dag.py
[2026-06-18T17:31:05.948+0000] {logging_mixin.py:154} INFO - [2026-06-18T17:31:05.947+0000] {dag.py:2941} INFO - Sync 1 DAGs
[2026-06-18T17:31:05.971+0000] {logging_mixin.py:154} INFO - [2026-06-18T17:31:05.971+0000] {dag.py:3722} INFO - Setting next_dagrun for report_hourly_dag to 2026-06-18T01:58:00+00:00, run_after=2026-06-18T01:59:00+00:00
[2026-06-18T17:31:05.984+0000] {processor.py:179} INFO - Processing /opt/airflow/dags/report_hourly_dag.py took 0.072 seconds
[2026-06-18T17:31:36.205+0000] {processor.py:157} INFO - Started process (PID=1743) to work on /opt/airflow/dags/report_hourly_dag.py
[2026-06-18T17:31:36.209+0000] {processor.py:829} INFO - Processing file /opt/airflow/dags/report_hourly_dag.py for tasks to queue
[2026-06-18T17:31:36.210+0000] {logging_mixin.py:154} INFO - [2026-06-18T17:31:36.210+0000] {dagbag.py:536} INFO - Filling up the DagBag from /opt/airflow/dags/report_hourly_dag.py
[2026-06-18T17:31:36.219+0000] {processor.py:839} INFO - DAG(s) dict_keys(['report_hourly_dag']) retrieved from /opt/airflow/dags/report_hourly_dag.py
[2026-06-18T17:31:36.236+0000] {logging_mixin.py:154} INFO - [2026-06-18T17:31:36.236+0000] {dag.py:2941} INFO - Sync 1 DAGs
[2026-06-18T17:31:36.253+0000] {logging_mixin.py:154} INFO - [2026-06-18T17:31:36.253+0000] {dag.py:3722} INFO - Setting next_dagrun for report_hourly_dag to 2026-06-18T01:58:00+00:00, run_after=2026-06-18T01:59:00+00:00
[2026-06-18T17:31:36.267+0000] {processor.py:179} INFO - Processing /opt/airflow/dags/report_hourly_dag.py took 0.065 seconds
[2026-06-18T17:32:06.489+0000] {processor.py:157} INFO - Started process (PID=1758) to work on /opt/airflow/dags/report_hourly_dag.py
[2026-06-18T17:32:06.490+0000] {processor.py:829} INFO - Processing file /opt/airflow/dags/report_hourly_dag.py for tasks to queue
[2026-06-18T17:32:06.491+0000] {logging_mixin.py:154} INFO - [2026-06-18T17:32:06.491+0000] {dagbag.py:536} INFO - Filling up the DagBag from /opt/airflow/dags/report_hourly_dag.py
[2026-06-18T17:32:06.503+0000] {processor.py:839} INFO - DAG(s) dict_keys(['report_hourly_dag']) retrieved from /opt/airflow/dags/report_hourly_dag.py
[2026-06-18T17:32:06.518+0000] {logging_mixin.py:154} INFO - [2026-06-18T17:32:06.518+0000] {dag.py:2941} INFO - Sync 1 DAGs
[2026-06-18T17:32:06.534+0000] {logging_mixin.py:154} INFO - [2026-06-18T17:32:06.534+0000] {dag.py:3722} INFO - Setting next_dagrun for report_hourly_dag to 2026-06-18T01:58:00+00:00, run_after=2026-06-18T01:59:00+00:00
[2026-06-18T17:32:06.548+0000] {processor.py:179} INFO - Processing /opt/airflow/dags/report_hourly_dag.py took 0.063 seconds
[2026-06-18T17:32:36.776+0000] {processor.py:157} INFO - Started process (PID=1773) to work on /opt/airflow/dags/report_hourly_dag.py
[2026-06-18T17:32:36.779+0000] {processor.py:829} INFO - Processing file /opt/airflow/dags/report_hourly_dag.py for tasks to queue
[2026-06-18T17:32:36.780+0000] {logging_mixin.py:154} INFO - [2026-06-18T17:32:36.780+0000] {dagbag.py:536} INFO - Filling up the DagBag from /opt/airflow/dags/report_hourly_dag.py
[2026-06-18T17:32:36.789+0000] {processor.py:839} INFO - DAG(s) dict_keys(['report_hourly_dag']) retrieved from /opt/airflow/dags/report_hourly_dag.py
[2026-06-18T17:32:36.806+0000] {logging_mixin.py:154} INFO - [2026-06-18T17:32:36.806+0000] {dag.py:2941} INFO - Sync 1 DAGs
[2026-06-18T17:32:36.822+0000] {logging_mixin.py:154} INFO - [2026-06-18T17:32:36.822+0000] {dag.py:3722} INFO - Setting next_dagrun for report_hourly_dag to 2026-06-18T01:58:00+00:00, run_after=2026-06-18T01:59:00+00:00
[2026-06-18T17:32:36.834+0000] {processor.py:179} INFO - Processing /opt/airflow/dags/report_hourly_dag.py took 0.062 seconds
[2026-06-18T17:33:07.055+0000] {processor.py:157} INFO - Started process (PID=1788) to work on /opt/airflow/dags/report_hourly_dag.py
[2026-06-18T17:33:07.057+0000] {processor.py:829} INFO - Processing file /opt/airflow/dags/report_hourly_dag.py for tasks to queue
[2026-06-18T17:33:07.058+0000] {logging_mixin.py:154} INFO - [2026-06-18T17:33:07.057+0000] {dagbag.py:536} INFO - Filling up the DagBag from /opt/airflow/dags/report_hourly_dag.py
[2026-06-18T17:33:07.069+0000] {processor.py:839} INFO - DAG(s) dict_keys(['report_hourly_dag']) retrieved from /opt/airflow/dags/report_hourly_dag.py
[2026-06-18T17:33:07.088+0000] {logging_mixin.py:154} INFO - [2026-06-18T17:33:07.088+0000] {dag.py:2941} INFO - Sync 1 DAGs
[2026-06-18T17:33:07.109+0000] {logging_mixin.py:154} INFO - [2026-06-18T17:33:07.108+0000] {dag.py:3722} INFO - Setting next_dagrun for report_hourly_dag to 2026-06-18T01:58:00+00:00, run_after=2026-06-18T01:59:00+00:00
[2026-06-18T17:33:07.121+0000] {processor.py:179} INFO - Processing /opt/airflow/dags/report_hourly_dag.py took 0.071 seconds
[2026-06-18T17:33:37.338+0000] {processor.py:157} INFO - Started process (PID=1803) to work on /opt/airflow/dags/report_hourly_dag.py
[2026-06-18T17:33:37.342+0000] {processor.py:829} INFO - Processing file /opt/airflow/dags/report_hourly_dag.py for tasks to queue
[2026-06-18T17:33:37.343+0000] {logging_mixin.py:154} INFO - [2026-06-18T17:33:37.343+0000] {dagbag.py:536} INFO - Filling up the DagBag from /opt/airflow/dags/report_hourly_dag.py
[2026-06-18T17:33:37.351+0000] {processor.py:839} INFO - DAG(s) dict_keys(['report_hourly_dag']) retrieved from /opt/airflow/dags/report_hourly_dag.py
[2026-06-18T17:33:37.371+0000] {logging_mixin.py:154} INFO - [2026-06-18T17:33:37.370+0000] {dag.py:2941} INFO - Sync 1 DAGs
[2026-06-18T17:33:37.392+0000] {logging_mixin.py:154} INFO - [2026-06-18T17:33:37.392+0000] {dag.py:3722} INFO - Setting next_dagrun for report_hourly_dag to 2026-06-18T01:58:00+00:00, run_after=2026-06-18T01:59:00+00:00
[2026-06-18T17:33:37.406+0000] {processor.py:179} INFO - Processing /opt/airflow/dags/report_hourly_dag.py took 0.070 seconds
[2026-06-18T17:34:07.623+0000] {processor.py:157} INFO - Started process (PID=1818) to work on /opt/airflow/dags/report_hourly_dag.py
[2026-06-18T17:34:07.623+0000] {processor.py:829} INFO - Processing file /opt/airflow/dags/report_hourly_dag.py for tasks to queue
[2026-06-18T17:34:07.624+0000] {logging_mixin.py:154} INFO - [2026-06-18T17:34:07.624+0000] {dagbag.py:536} INFO - Filling up the DagBag from /opt/airflow/dags/report_hourly_dag.py
[2026-06-18T17:34:07.639+0000] {processor.py:839} INFO - DAG(s) dict_keys(['report_hourly_dag']) retrieved from /opt/airflow/dags/report_hourly_dag.py
[2026-06-18T17:34:07.655+0000] {logging_mixin.py:154} INFO - [2026-06-18T17:34:07.654+0000] {dag.py:2941} INFO - Sync 1 DAGs
[2026-06-18T17:34:07.671+0000] {logging_mixin.py:154} INFO - [2026-06-18T17:34:07.671+0000] {dag.py:3722} INFO - Setting next_dagrun for report_hourly_dag to 2026-06-18T01:58:00+00:00, run_after=2026-06-18T01:59:00+00:00
[2026-06-18T17:34:07.684+0000] {processor.py:179} INFO - Processing /opt/airflow/dags/report_hourly_dag.py took 0.067 seconds
[2026-06-18T17:34:37.879+0000] {processor.py:157} INFO - Started process (PID=1833) to work on /opt/airflow/dags/report_hourly_dag.py
[2026-06-18T17:34:37.880+0000] {processor.py:829} INFO - Processing file /opt/airflow/dags/report_hourly_dag.py for tasks to queue
[2026-06-18T17:34:37.880+0000] {logging_mixin.py:154} INFO - [2026-06-18T17:34:37.880+0000] {dagbag.py:536} INFO - Filling up the DagBag from /opt/airflow/dags/report_hourly_dag.py
[2026-06-18T17:34:37.891+0000] {processor.py:839} INFO - DAG(s) dict_keys(['report_hourly_dag']) retrieved from /opt/airflow/dags/report_hourly_dag.py
[2026-06-18T17:34:37.911+0000] {logging_mixin.py:154} INFO - [2026-06-18T17:34:37.911+0000] {dag.py:2941} INFO - Sync 1 DAGs
[2026-06-18T17:34:37.930+0000] {logging_mixin.py:154} INFO - [2026-06-18T17:34:37.930+0000] {dag.py:3722} INFO - Setting next_dagrun for report_hourly_dag to 2026-06-18T01:58:00+00:00, run_after=2026-06-18T01:59:00+00:00
[2026-06-18T17:34:37.943+0000] {processor.py:179} INFO - Processing /opt/airflow/dags/report_hourly_dag.py took 0.067 seconds
[2026-06-18T17:35:08.163+0000] {processor.py:157} INFO - Started process (PID=1848) to work on /opt/airflow/dags/report_hourly_dag.py
[2026-06-18T17:35:08.163+0000] {processor.py:829} INFO - Processing file /opt/airflow/dags/report_hourly_dag.py for tasks to queue
[2026-06-18T17:35:08.164+0000] {logging_mixin.py:154} INFO - [2026-06-18T17:35:08.164+0000] {dagbag.py:536} INFO - Filling up the DagBag from /opt/airflow/dags/report_hourly_dag.py
[2026-06-18T17:35:08.174+0000] {processor.py:839} INFO - DAG(s) dict_keys(['report_hourly_dag']) retrieved from /opt/airflow/dags/report_hourly_dag.py
[2026-06-18T17:35:08.192+0000] {logging_mixin.py:154} INFO - [2026-06-18T17:35:08.192+0000] {dag.py:2941} INFO - Sync 1 DAGs
[2026-06-18T17:35:08.209+0000] {logging_mixin.py:154} INFO - [2026-06-18T17:35:08.208+0000] {dag.py:3722} INFO - Setting next_dagrun for report_hourly_dag to 2026-06-18T01:58:00+00:00, run_after=2026-06-18T01:59:00+00:00
[2026-06-18T17:35:08.224+0000] {processor.py:179} INFO - Processing /opt/airflow/dags/report_hourly_dag.py took 0.064 seconds
[2026-06-18T17:35:38.417+0000] {processor.py:157} INFO - Started process (PID=1863) to work on /opt/airflow/dags/report_hourly_dag.py
[2026-06-18T17:35:38.421+0000] {processor.py:829} INFO - Processing file /opt/airflow/dags/report_hourly_dag.py for tasks to queue
[2026-06-18T17:35:38.422+0000] {logging_mixin.py:154} INFO - [2026-06-18T17:35:38.422+0000] {dagbag.py:536} INFO - Filling up the DagBag from /opt/airflow/dags/report_hourly_dag.py
[2026-06-18T17:35:38.430+0000] {processor.py:839} INFO - DAG(s) dict_keys(['report_hourly_dag']) retrieved from /opt/airflow/dags/report_hourly_dag.py
[2026-06-18T17:35:38.450+0000] {logging_mixin.py:154} INFO - [2026-06-18T17:35:38.450+0000] {dag.py:2941} INFO - Sync 1 DAGs
[2026-06-18T17:35:38.469+0000] {logging_mixin.py:154} INFO - [2026-06-18T17:35:38.469+0000] {dag.py:3722} INFO - Setting next_dagrun for report_hourly_dag to 2026-06-18T01:58:00+00:00, run_after=2026-06-18T01:59:00+00:00
[2026-06-18T17:35:38.482+0000] {processor.py:179} INFO - Processing /opt/airflow/dags/report_hourly_dag.py took 0.067 seconds
[2026-06-18T17:36:08.698+0000] {processor.py:157} INFO - Started process (PID=1878) to work on /opt/airflow/dags/report_hourly_dag.py
[2026-06-18T17:36:08.699+0000] {processor.py:829} INFO - Processing file /opt/airflow/dags/report_hourly_dag.py for tasks to queue
[2026-06-18T17:36:08.700+0000] {logging_mixin.py:154} INFO - [2026-06-18T17:36:08.700+0000] {dagbag.py:536} INFO - Filling up the DagBag from /opt/airflow/dags/report_hourly_dag.py
[2026-06-18T17:36:08.709+0000] {processor.py:839} INFO - DAG(s) dict_keys(['report_hourly_dag']) retrieved from /opt/airflow/dags/report_hourly_dag.py
[2026-06-18T17:36:08.729+0000] {logging_mixin.py:154} INFO - [2026-06-18T17:36:08.729+0000] {dag.py:2941} INFO - Sync 1 DAGs
[2026-06-18T17:36:08.751+0000] {logging_mixin.py:154} INFO - [2026-06-18T17:36:08.751+0000] {dag.py:3722} INFO - Setting next_dagrun for report_hourly_dag to 2026-06-18T01:58:00+00:00, run_after=2026-06-18T01:59:00+00:00
[2026-06-18T17:36:08.764+0000] {processor.py:179} INFO - Processing /opt/airflow/dags/report_hourly_dag.py took 0.070 seconds
[2026-06-18T17:36:38.998+0000] {processor.py:157} INFO - Started process (PID=1893) to work on /opt/airflow/dags/report_hourly_dag.py
[2026-06-18T17:36:38.999+0000] {processor.py:829} INFO - Processing file /opt/airflow/dags/report_hourly_dag.py for tasks to queue
[2026-06-18T17:36:39.000+0000] {logging_mixin.py:154} INFO - [2026-06-18T17:36:38.999+0000] {dagbag.py:536} INFO - Filling up the DagBag from /opt/airflow/dags/report_hourly_dag.py
[2026-06-18T17:36:39.008+0000] {processor.py:839} INFO - DAG(s) dict_keys(['report_hourly_dag']) retrieved from /opt/airflow/dags/report_hourly_dag.py
[2026-06-18T17:36:39.024+0000] {logging_mixin.py:154} INFO - [2026-06-18T17:36:39.024+0000] {dag.py:2941} INFO - Sync 1 DAGs
[2026-06-18T17:36:39.040+0000] {logging_mixin.py:154} INFO - [2026-06-18T17:36:39.040+0000] {dag.py:3722} INFO - Setting next_dagrun for report_hourly_dag to 2026-06-18T01:58:00+00:00, run_after=2026-06-18T01:59:00+00:00
[2026-06-18T17:36:39.054+0000] {processor.py:179} INFO - Processing /opt/airflow/dags/report_hourly_dag.py took 0.060 seconds
[2026-06-18T17:37:09.278+0000] {processor.py:157} INFO - Started process (PID=1908) to work on /opt/airflow/dags/report_hourly_dag.py
[2026-06-18T17:37:09.278+0000] {processor.py:829} INFO - Processing file /opt/airflow/dags/report_hourly_dag.py for tasks to queue
[2026-06-18T17:37:09.279+0000] {logging_mixin.py:154} INFO - [2026-06-18T17:37:09.279+0000] {dagbag.py:536} INFO - Filling up the DagBag from /opt/airflow/dags/report_hourly_dag.py
[2026-06-18T17:37:09.291+0000] {processor.py:839} INFO - DAG(s) dict_keys(['report_hourly_dag']) retrieved from /opt/airflow/dags/report_hourly_dag.py
[2026-06-18T17:37:09.307+0000] {logging_mixin.py:154} INFO - [2026-06-18T17:37:09.307+0000] {dag.py:2941} INFO - Sync 1 DAGs
[2026-06-18T17:37:09.325+0000] {logging_mixin.py:154} INFO - [2026-06-18T17:37:09.325+0000] {dag.py:3722} INFO - Setting next_dagrun for report_hourly_dag to 2026-06-18T01:58:00+00:00, run_after=2026-06-18T01:59:00+00:00
[2026-06-18T17:37:09.338+0000] {processor.py:179} INFO - Processing /opt/airflow/dags/report_hourly_dag.py took 0.065 seconds
[2026-06-18T17:37:39.550+0000] {processor.py:157} INFO - Started process (PID=1923) to work on /opt/airflow/dags/report_hourly_dag.py
[2026-06-18T17:37:39.553+0000] {processor.py:829} INFO - Processing file /opt/airflow/dags/report_hourly_dag.py for tasks to queue
[2026-06-18T17:37:39.554+0000] {logging_mixin.py:154} INFO - [2026-06-18T17:37:39.554+0000] {dagbag.py:536} INFO - Filling up the DagBag from /opt/airflow/dags/report_hourly_dag.py
[2026-06-18T17:37:39.566+0000] {processor.py:839} INFO - DAG(s) dict_keys(['report_hourly_dag']) retrieved from /opt/airflow/dags/report_hourly_dag.py
[2026-06-18T17:37:39.590+0000] {logging_mixin.py:154} INFO - [2026-06-18T17:37:39.589+0000] {dag.py:2941} INFO - Sync 1 DAGs
[2026-06-18T17:37:39.608+0000] {logging_mixin.py:154} INFO - [2026-06-18T17:37:39.608+0000] {dag.py:3722} INFO - Setting next_dagrun for report_hourly_dag to 2026-06-18T01:58:00+00:00, run_after=2026-06-18T01:59:00+00:00
[2026-06-18T17:37:39.622+0000] {processor.py:179} INFO - Processing /opt/airflow/dags/report_hourly_dag.py took 0.075 seconds
[2026-06-18T17:38:09.864+0000] {processor.py:157} INFO - Started process (PID=1938) to work on /opt/airflow/dags/report_hourly_dag.py
[2026-06-18T17:38:09.865+0000] {processor.py:829} INFO - Processing file /opt/airflow/dags/report_hourly_dag.py for tasks to queue
[2026-06-18T17:38:09.866+0000] {logging_mixin.py:154} INFO - [2026-06-18T17:38:09.865+0000] {dagbag.py:536} INFO - Filling up the DagBag from /opt/airflow/dags/report_hourly_dag.py
[2026-06-18T17:38:09.875+0000] {processor.py:839} INFO - DAG(s) dict_keys(['report_hourly_dag']) retrieved from /opt/airflow/dags/report_hourly_dag.py
[2026-06-18T17:38:09.893+0000] {logging_mixin.py:154} INFO - [2026-06-18T17:38:09.893+0000] {dag.py:2941} INFO - Sync 1 DAGs
[2026-06-18T17:38:09.910+0000] {logging_mixin.py:154} INFO - [2026-06-18T17:38:09.909+0000] {dag.py:3722} INFO - Setting next_dagrun for report_hourly_dag to 2026-06-18T01:58:00+00:00, run_after=2026-06-18T01:59:00+00:00
[2026-06-18T17:38:09.924+0000] {processor.py:179} INFO - Processing /opt/airflow/dags/report_hourly_dag.py took 0.064 seconds
[2026-06-18T17:38:40.186+0000] {processor.py:157} INFO - Started process (PID=1953) to work on /opt/airflow/dags/report_hourly_dag.py
[2026-06-18T17:38:40.186+0000] {processor.py:829} INFO - Processing file /opt/airflow/dags/report_hourly_dag.py for tasks to queue
[2026-06-18T17:38:40.187+0000] {logging_mixin.py:154} INFO - [2026-06-18T17:38:40.187+0000] {dagbag.py:536} INFO - Filling up the DagBag from /opt/airflow/dags/report_hourly_dag.py
[2026-06-18T17:38:40.197+0000] {processor.py:839} INFO - DAG(s) dict_keys(['report_hourly_dag']) retrieved from /opt/airflow/dags/report_hourly_dag.py
[2026-06-18T17:38:40.214+0000] {logging_mixin.py:154} INFO - [2026-06-18T17:38:40.214+0000] {dag.py:2941} INFO - Sync 1 DAGs
[2026-06-18T17:38:40.232+0000] {logging_mixin.py:154} INFO - [2026-06-18T17:38:40.232+0000] {dag.py:3722} INFO - Setting next_dagrun for report_hourly_dag to 2026-06-18T01:58:00+00:00, run_after=2026-06-18T01:59:00+00:00
[2026-06-18T17:38:40.247+0000] {processor.py:179} INFO - Processing /opt/airflow/dags/report_hourly_dag.py took 0.066 seconds
[2026-06-18T17:39:10.456+0000] {processor.py:157} INFO - Started process (PID=1968) to work on /opt/airflow/dags/report_hourly_dag.py
[2026-06-18T17:39:10.456+0000] {processor.py:829} INFO - Processing file /opt/airflow/dags/report_hourly_dag.py for tasks to queue
[2026-06-18T17:39:10.457+0000] {logging_mixin.py:154} INFO - [2026-06-18T17:39:10.457+0000] {dagbag.py:536} INFO - Filling up the DagBag from /opt/airflow/dags/report_hourly_dag.py
[2026-06-18T17:39:10.467+0000] {processor.py:839} INFO - DAG(s) dict_keys(['report_hourly_dag']) retrieved from /opt/airflow/dags/report_hourly_dag.py
[2026-06-18T17:39:10.484+0000] {logging_mixin.py:154} INFO - [2026-06-18T17:39:10.483+0000] {dag.py:2941} INFO - Sync 1 DAGs
[2026-06-18T17:39:10.500+0000] {logging_mixin.py:154} INFO - [2026-06-18T17:39:10.500+0000] {dag.py:3722} INFO - Setting next_dagrun for report_hourly_dag to 2026-06-18T01:58:00+00:00, run_after=2026-06-18T01:59:00+00:00
[2026-06-18T17:39:10.512+0000] {processor.py:179} INFO - Processing /opt/airflow/dags/report_hourly_dag.py took 0.061 seconds
[2026-06-18T17:39:40.731+0000] {processor.py:157} INFO - Started process (PID=1983) to work on /opt/airflow/dags/report_hourly_dag.py
[2026-06-18T17:39:40.734+0000] {processor.py:829} INFO - Processing file /opt/airflow/dags/report_hourly_dag.py for tasks to queue
[2026-06-18T17:39:40.735+0000] {logging_mixin.py:154} INFO - [2026-06-18T17:39:40.734+0000] {dagbag.py:536} INFO - Filling up the DagBag from /opt/airflow/dags/report_hourly_dag.py
[2026-06-18T17:39:40.743+0000] {processor.py:839} INFO - DAG(s) dict_keys(['report_hourly_dag']) retrieved from /opt/airflow/dags/report_hourly_dag.py
[2026-06-18T17:39:40.759+0000] {logging_mixin.py:154} INFO - [2026-06-18T17:39:40.759+0000] {dag.py:2941} INFO - Sync 1 DAGs
[2026-06-18T17:39:40.775+0000] {logging_mixin.py:154} INFO - [2026-06-18T17:39:40.775+0000] {dag.py:3722} INFO - Setting next_dagrun for report_hourly_dag to 2026-06-18T01:58:00+00:00, run_after=2026-06-18T01:59:00+00:00
[2026-06-18T17:39:40.794+0000] {processor.py:179} INFO - Processing /opt/airflow/dags/report_hourly_dag.py took 0.066 seconds
[2026-06-18T17:40:11.020+0000] {processor.py:157} INFO - Started process (PID=1998) to work on /opt/airflow/dags/report_hourly_dag.py
[2026-06-18T17:40:11.021+0000] {processor.py:829} INFO - Processing file /opt/airflow/dags/report_hourly_dag.py for tasks to queue
[2026-06-18T17:40:11.022+0000] {logging_mixin.py:154} INFO - [2026-06-18T17:40:11.021+0000] {dagbag.py:536} INFO - Filling up the DagBag from /opt/airflow/dags/report_hourly_dag.py
[2026-06-18T17:40:11.033+0000] {processor.py:839} INFO - DAG(s) dict_keys(['report_hourly_dag']) retrieved from /opt/airflow/dags/report_hourly_dag.py
[2026-06-18T17:40:11.049+0000] {logging_mixin.py:154} INFO - [2026-06-18T17:40:11.049+0000] {dag.py:2941} INFO - Sync 1 DAGs
[2026-06-18T17:40:11.066+0000] {logging_mixin.py:154} INFO - [2026-06-18T17:40:11.066+0000] {dag.py:3722} INFO - Setting next_dagrun for report_hourly_dag to 2026-06-18T01:58:00+00:00, run_after=2026-06-18T01:59:00+00:00
[2026-06-18T17:40:11.078+0000] {processor.py:179} INFO - Processing /opt/airflow/dags/report_hourly_dag.py took 0.063 seconds
[2026-06-18T17:40:41.299+0000] {processor.py:157} INFO - Started process (PID=2013) to work on /opt/airflow/dags/report_hourly_dag.py
[2026-06-18T17:40:41.301+0000] {processor.py:829} INFO - Processing file /opt/airflow/dags/report_hourly_dag.py for tasks to queue
[2026-06-18T17:40:41.302+0000] {logging_mixin.py:154} INFO - [2026-06-18T17:40:41.302+0000] {dagbag.py:536} INFO - Filling up the DagBag from /opt/airflow/dags/report_hourly_dag.py
[2026-06-18T17:40:41.316+0000] {processor.py:839} INFO - DAG(s) dict_keys(['report_hourly_dag']) retrieved from /opt/airflow/dags/report_hourly_dag.py
[2026-06-18T17:40:41.335+0000] {logging_mixin.py:154} INFO - [2026-06-18T17:40:41.335+0000] {dag.py:2941} INFO - Sync 1 DAGs
[2026-06-18T17:40:41.353+0000] {logging_mixin.py:154} INFO - [2026-06-18T17:40:41.353+0000] {dag.py:3722} INFO - Setting next_dagrun for report_hourly_dag to 2026-06-18T01:58:00+00:00, run_after=2026-06-18T01:59:00+00:00
[2026-06-18T17:40:41.365+0000] {processor.py:179} INFO - Processing /opt/airflow/dags/report_hourly_dag.py took 0.070 seconds
[2026-06-18T17:41:11.587+0000] {processor.py:157} INFO - Started process (PID=2028) to work on /opt/airflow/dags/report_hourly_dag.py
[2026-06-18T17:41:11.588+0000] {processor.py:829} INFO - Processing file /opt/airflow/dags/report_hourly_dag.py for tasks to queue
[2026-06-18T17:41:11.589+0000] {logging_mixin.py:154} INFO - [2026-06-18T17:41:11.588+0000] {dagbag.py:536} INFO - Filling up the DagBag from /opt/airflow/dags/report_hourly_dag.py
[2026-06-18T17:41:11.599+0000] {processor.py:839} INFO - DAG(s) dict_keys(['report_hourly_dag']) retrieved from /opt/airflow/dags/report_hourly_dag.py
[2026-06-18T17:41:11.615+0000] {logging_mixin.py:154} INFO - [2026-06-18T17:41:11.615+0000] {dag.py:2941} INFO - Sync 1 DAGs
[2026-06-18T17:41:11.631+0000] {logging_mixin.py:154} INFO - [2026-06-18T17:41:11.631+0000] {dag.py:3722} INFO - Setting next_dagrun for report_hourly_dag to 2026-06-18T01:58:00+00:00, run_after=2026-06-18T01:59:00+00:00
[2026-06-18T17:41:11.644+0000] {processor.py:179} INFO - Processing /opt/airflow/dags/report_hourly_dag.py took 0.061 seconds
[2026-06-18T17:41:41.839+0000] {processor.py:157} INFO - Started process (PID=2043) to work on /opt/airflow/dags/report_hourly_dag.py
[2026-06-18T17:41:41.840+0000] {processor.py:829} INFO - Processing file /opt/airflow/dags/report_hourly_dag.py for tasks to queue
[2026-06-18T17:41:41.840+0000] {logging_mixin.py:154} INFO - [2026-06-18T17:41:41.840+0000] {dagbag.py:536} INFO - Filling up the DagBag from /opt/airflow/dags/report_hourly_dag.py
[2026-06-18T17:41:41.848+0000] {processor.py:839} INFO - DAG(s) dict_keys(['report_hourly_dag']) retrieved from /opt/airflow/dags/report_hourly_dag.py
[2026-06-18T17:41:41.863+0000] {logging_mixin.py:154} INFO - [2026-06-18T17:41:41.863+0000] {dag.py:2941} INFO - Sync 1 DAGs
[2026-06-18T17:41:41.879+0000] {logging_mixin.py:154} INFO - [2026-06-18T17:41:41.879+0000] {dag.py:3722} INFO - Setting next_dagrun for report_hourly_dag to 2026-06-18T01:58:00+00:00, run_after=2026-06-18T01:59:00+00:00
[2026-06-18T17:41:41.891+0000] {processor.py:179} INFO - Processing /opt/airflow/dags/report_hourly_dag.py took 0.054 seconds
[2026-06-18T17:42:12.107+0000] {processor.py:157} INFO - Started process (PID=2058) to work on /opt/airflow/dags/report_hourly_dag.py
[2026-06-18T17:42:12.108+0000] {processor.py:829} INFO - Processing file /opt/airflow/dags/report_hourly_dag.py for tasks to queue
[2026-06-18T17:42:12.109+0000] {logging_mixin.py:154} INFO - [2026-06-18T17:42:12.109+0000] {dagbag.py:536} INFO - Filling up the DagBag from /opt/airflow/dags/report_hourly_dag.py
[2026-06-18T17:42:12.122+0000] {processor.py:839} INFO - DAG(s) dict_keys(['report_hourly_dag']) retrieved from /opt/airflow/dags/report_hourly_dag.py
[2026-06-18T17:42:12.139+0000] {logging_mixin.py:154} INFO - [2026-06-18T17:42:12.139+0000] {dag.py:2941} INFO - Sync 1 DAGs
[2026-06-18T17:42:12.159+0000] {logging_mixin.py:154} INFO - [2026-06-18T17:42:12.159+0000] {dag.py:3722} INFO - Setting next_dagrun for report_hourly_dag to 2026-06-18T01:58:00+00:00, run_after=2026-06-18T01:59:00+00:00
[2026-06-18T17:42:12.174+0000] {processor.py:179} INFO - Processing /opt/airflow/dags/report_hourly_dag.py took 0.072 seconds
[2026-06-18T17:42:42.393+0000] {processor.py:157} INFO - Started process (PID=2073) to work on /opt/airflow/dags/report_hourly_dag.py
[2026-06-18T17:42:42.395+0000] {processor.py:829} INFO - Processing file /opt/airflow/dags/report_hourly_dag.py for tasks to queue
[2026-06-18T17:42:42.396+0000] {logging_mixin.py:154} INFO - [2026-06-18T17:42:42.396+0000] {dagbag.py:536} INFO - Filling up the DagBag from /opt/airflow/dags/report_hourly_dag.py
[2026-06-18T17:42:42.406+0000] {processor.py:839} INFO - DAG(s) dict_keys(['report_hourly_dag']) retrieved from /opt/airflow/dags/report_hourly_dag.py
[2026-06-18T17:42:42.423+0000] {logging_mixin.py:154} INFO - [2026-06-18T17:42:42.423+0000] {dag.py:2941} INFO - Sync 1 DAGs
[2026-06-18T17:42:42.441+0000] {logging_mixin.py:154} INFO - [2026-06-18T17:42:42.440+0000] {dag.py:3722} INFO - Setting next_dagrun for report_hourly_dag to 2026-06-18T01:58:00+00:00, run_after=2026-06-18T01:59:00+00:00
[2026-06-18T17:42:42.453+0000] {processor.py:179} INFO - Processing /opt/airflow/dags/report_hourly_dag.py took 0.064 seconds
[2026-06-18T17:43:12.683+0000] {processor.py:157} INFO - Started process (PID=2088) to work on /opt/airflow/dags/report_hourly_dag.py
[2026-06-18T17:43:12.684+0000] {processor.py:829} INFO - Processing file /opt/airflow/dags/report_hourly_dag.py for tasks to queue
[2026-06-18T17:43:12.685+0000] {logging_mixin.py:154} INFO - [2026-06-18T17:43:12.684+0000] {dagbag.py:536} INFO - Filling up the DagBag from /opt/airflow/dags/report_hourly_dag.py
[2026-06-18T17:43:12.694+0000] {processor.py:839} INFO - DAG(s) dict_keys(['report_hourly_dag']) retrieved from /opt/airflow/dags/report_hourly_dag.py
[2026-06-18T17:43:12.711+0000] {logging_mixin.py:154} INFO - [2026-06-18T17:43:12.711+0000] {dag.py:2941} INFO - Sync 1 DAGs
[2026-06-18T17:43:12.728+0000] {logging_mixin.py:154} INFO - [2026-06-18T17:43:12.728+0000] {dag.py:3722} INFO - Setting next_dagrun for report_hourly_dag to 2026-06-18T01:58:00+00:00, run_after=2026-06-18T01:59:00+00:00
[2026-06-18T17:43:12.741+0000] {processor.py:179} INFO - Processing /opt/airflow/dags/report_hourly_dag.py took 0.062 seconds
[2026-06-18T17:43:42.983+0000] {processor.py:157} INFO - Started process (PID=2103) to work on /opt/airflow/dags/report_hourly_dag.py
[2026-06-18T17:43:42.986+0000] {processor.py:829} INFO - Processing file /opt/airflow/dags/report_hourly_dag.py for tasks to queue
[2026-06-18T17:43:42.987+0000] {logging_mixin.py:154} INFO - [2026-06-18T17:43:42.986+0000] {dagbag.py:536} INFO - Filling up the DagBag from /opt/airflow/dags/report_hourly_dag.py
[2026-06-18T17:43:42.996+0000] {processor.py:839} INFO - DAG(s) dict_keys(['report_hourly_dag']) retrieved from /opt/airflow/dags/report_hourly_dag.py
[2026-06-18T17:43:43.017+0000] {logging_mixin.py:154} INFO - [2026-06-18T17:43:43.016+0000] {dag.py:2941} INFO - Sync 1 DAGs
[2026-06-18T17:43:43.040+0000] {logging_mixin.py:154} INFO - [2026-06-18T17:43:43.039+0000] {dag.py:3722} INFO - Setting next_dagrun for report_hourly_dag to 2026-06-18T01:58:00+00:00, run_after=2026-06-18T01:59:00+00:00
[2026-06-18T17:43:43.051+0000] {processor.py:179} INFO - Processing /opt/airflow/dags/report_hourly_dag.py took 0.071 seconds
[2026-06-18T17:44:13.274+0000] {processor.py:157} INFO - Started process (PID=2118) to work on /opt/airflow/dags/report_hourly_dag.py
[2026-06-18T17:44:13.275+0000] {processor.py:829} INFO - Processing file /opt/airflow/dags/report_hourly_dag.py for tasks to queue
[2026-06-18T17:44:13.276+0000] {logging_mixin.py:154} INFO - [2026-06-18T17:44:13.276+0000] {dagbag.py:536} INFO - Filling up the DagBag from /opt/airflow/dags/report_hourly_dag.py
[2026-06-18T17:44:13.290+0000] {processor.py:839} INFO - DAG(s) dict_keys(['report_hourly_dag']) retrieved from /opt/airflow/dags/report_hourly_dag.py
[2026-06-18T17:44:13.305+0000] {logging_mixin.py:154} INFO - [2026-06-18T17:44:13.305+0000] {dag.py:2941} INFO - Sync 1 DAGs
[2026-06-18T17:44:13.321+0000] {logging_mixin.py:154} INFO - [2026-06-18T17:44:13.321+0000] {dag.py:3722} INFO - Setting next_dagrun for report_hourly_dag to 2026-06-18T01:58:00+00:00, run_after=2026-06-18T01:59:00+00:00
[2026-06-18T17:44:13.333+0000] {processor.py:179} INFO - Processing /opt/airflow/dags/report_hourly_dag.py took 0.064 seconds
[2026-06-18T17:44:43.555+0000] {processor.py:157} INFO - Started process (PID=2133) to work on /opt/airflow/dags/report_hourly_dag.py
[2026-06-18T17:44:43.559+0000] {processor.py:829} INFO - Processing file /opt/airflow/dags/report_hourly_dag.py for tasks to queue
[2026-06-18T17:44:43.560+0000] {logging_mixin.py:154} INFO - [2026-06-18T17:44:43.559+0000] {dagbag.py:536} INFO - Filling up the DagBag from /opt/airflow/dags/report_hourly_dag.py
[2026-06-18T17:44:43.570+0000] {processor.py:839} INFO - DAG(s) dict_keys(['report_hourly_dag']) retrieved from /opt/airflow/dags/report_hourly_dag.py
[2026-06-18T17:44:43.587+0000] {logging_mixin.py:154} INFO - [2026-06-18T17:44:43.587+0000] {dag.py:2941} INFO - Sync 1 DAGs
[2026-06-18T17:44:43.604+0000] {logging_mixin.py:154} INFO - [2026-06-18T17:44:43.604+0000] {dag.py:3722} INFO - Setting next_dagrun for report_hourly_dag to 2026-06-18T01:58:00+00:00, run_after=2026-06-18T01:59:00+00:00
[2026-06-18T17:44:43.616+0000] {processor.py:179} INFO - Processing /opt/airflow/dags/report_hourly_dag.py took 0.064 seconds
[2026-06-18T17:45:13.847+0000] {processor.py:157} INFO - Started process (PID=2148) to work on /opt/airflow/dags/report_hourly_dag.py
[2026-06-18T17:45:13.847+0000] {processor.py:829} INFO - Processing file /opt/airflow/dags/report_hourly_dag.py for tasks to queue
[2026-06-18T17:45:13.848+0000] {logging_mixin.py:154} INFO - [2026-06-18T17:45:13.848+0000] {dagbag.py:536} INFO - Filling up the DagBag from /opt/airflow/dags/report_hourly_dag.py
[2026-06-18T17:45:13.858+0000] {processor.py:839} INFO - DAG(s) dict_keys(['report_hourly_dag']) retrieved from /opt/airflow/dags/report_hourly_dag.py
[2026-06-18T17:45:13.875+0000] {logging_mixin.py:154} INFO - [2026-06-18T17:45:13.875+0000] {dag.py:2941} INFO - Sync 1 DAGs
[2026-06-18T17:45:13.891+0000] {logging_mixin.py:154} INFO - [2026-06-18T17:45:13.891+0000] {dag.py:3722} INFO - Setting next_dagrun for report_hourly_dag to 2026-06-18T01:58:00+00:00, run_after=2026-06-18T01:59:00+00:00
[2026-06-18T17:45:13.910+0000] {processor.py:179} INFO - Processing /opt/airflow/dags/report_hourly_dag.py took 0.067 seconds
[2026-06-18T17:45:44.130+0000] {processor.py:157} INFO - Started process (PID=2163) to work on /opt/airflow/dags/report_hourly_dag.py
[2026-06-18T17:45:44.132+0000] {processor.py:829} INFO - Processing file /opt/airflow/dags/report_hourly_dag.py for tasks to queue
[2026-06-18T17:45:44.132+0000] {logging_mixin.py:154} INFO - [2026-06-18T17:45:44.132+0000] {dagbag.py:536} INFO - Filling up the DagBag from /opt/airflow/dags/report_hourly_dag.py
[2026-06-18T17:45:44.141+0000] {processor.py:839} INFO - DAG(s) dict_keys(['report_hourly_dag']) retrieved from /opt/airflow/dags/report_hourly_dag.py
[2026-06-18T17:45:44.158+0000] {logging_mixin.py:154} INFO - [2026-06-18T17:45:44.158+0000] {dag.py:2941} INFO - Sync 1 DAGs
[2026-06-18T17:45:44.175+0000] {logging_mixin.py:154} INFO - [2026-06-18T17:45:44.174+0000] {dag.py:3722} INFO - Setting next_dagrun for report_hourly_dag to 2026-06-18T01:58:00+00:00, run_after=2026-06-18T01:59:00+00:00
[2026-06-18T17:45:44.191+0000] {processor.py:179} INFO - Processing /opt/airflow/dags/report_hourly_dag.py took 0.065 seconds
[2026-06-18T17:46:14.415+0000] {processor.py:157} INFO - Started process (PID=2178) to work on /opt/airflow/dags/report_hourly_dag.py
[2026-06-18T17:46:14.416+0000] {processor.py:829} INFO - Processing file /opt/airflow/dags/report_hourly_dag.py for tasks to queue
[2026-06-18T17:46:14.417+0000] {logging_mixin.py:154} INFO - [2026-06-18T17:46:14.417+0000] {dagbag.py:536} INFO - Filling up the DagBag from /opt/airflow/dags/report_hourly_dag.py
[2026-06-18T17:46:14.428+0000] {processor.py:839} INFO - DAG(s) dict_keys(['report_hourly_dag']) retrieved from /opt/airflow/dags/report_hourly_dag.py
[2026-06-18T17:46:14.446+0000] {logging_mixin.py:154} INFO - [2026-06-18T17:46:14.446+0000] {dag.py:2941} INFO - Sync 1 DAGs
[2026-06-18T17:46:14.463+0000] {logging_mixin.py:154} INFO - [2026-06-18T17:46:14.463+0000] {dag.py:3722} INFO - Setting next_dagrun for report_hourly_dag to 2026-06-18T01:58:00+00:00, run_after=2026-06-18T01:59:00+00:00
[2026-06-18T17:46:14.475+0000] {processor.py:179} INFO - Processing /opt/airflow/dags/report_hourly_dag.py took 0.064 seconds
[2026-06-18T17:46:44.692+0000] {processor.py:157} INFO - Started process (PID=2193) to work on /opt/airflow/dags/report_hourly_dag.py
[2026-06-18T17:46:44.694+0000] {processor.py:829} INFO - Processing file /opt/airflow/dags/report_hourly_dag.py for tasks to queue
[2026-06-18T17:46:44.695+0000] {logging_mixin.py:154} INFO - [2026-06-18T17:46:44.695+0000] {dagbag.py:536} INFO - Filling up the DagBag from /opt/airflow/dags/report_hourly_dag.py
[2026-06-18T17:46:44.704+0000] {processor.py:839} INFO - DAG(s) dict_keys(['report_hourly_dag']) retrieved from /opt/airflow/dags/report_hourly_dag.py
[2026-06-18T17:46:44.721+0000] {logging_mixin.py:154} INFO - [2026-06-18T17:46:44.721+0000] {dag.py:2941} INFO - Sync 1 DAGs
[2026-06-18T17:46:44.816+0000] {logging_mixin.py:154} INFO - [2026-06-18T17:46:44.816+0000] {dag.py:3722} INFO - Setting next_dagrun for report_hourly_dag to 2026-06-18T01:58:00+00:00, run_after=2026-06-18T01:59:00+00:00
[2026-06-18T17:46:44.829+0000] {processor.py:179} INFO - Processing /opt/airflow/dags/report_hourly_dag.py took 0.140 seconds
[2026-06-18T17:47:15.032+0000] {processor.py:157} INFO - Started process (PID=2208) to work on /opt/airflow/dags/report_hourly_dag.py
[2026-06-18T17:47:15.033+0000] {processor.py:829} INFO - Processing file /opt/airflow/dags/report_hourly_dag.py for tasks to queue
[2026-06-18T17:47:15.034+0000] {logging_mixin.py:154} INFO - [2026-06-18T17:47:15.033+0000] {dagbag.py:536} INFO - Filling up the DagBag from /opt/airflow/dags/report_hourly_dag.py
[2026-06-18T17:47:15.044+0000] {processor.py:839} INFO - DAG(s) dict_keys(['report_hourly_dag']) retrieved from /opt/airflow/dags/report_hourly_dag.py
[2026-06-18T17:47:15.061+0000] {logging_mixin.py:154} INFO - [2026-06-18T17:47:15.061+0000] {dag.py:2941} INFO - Sync 1 DAGs
[2026-06-18T17:47:15.080+0000] {logging_mixin.py:154} INFO - [2026-06-18T17:47:15.080+0000] {dag.py:3722} INFO - Setting next_dagrun for report_hourly_dag to 2026-06-18T01:58:00+00:00, run_after=2026-06-18T01:59:00+00:00
[2026-06-18T17:47:15.095+0000] {processor.py:179} INFO - Processing /opt/airflow/dags/report_hourly_dag.py took 0.067 seconds
[2026-06-18T17:47:45.322+0000] {processor.py:157} INFO - Started process (PID=2223) to work on /opt/airflow/dags/report_hourly_dag.py
[2026-06-18T17:47:45.323+0000] {processor.py:829} INFO - Processing file /opt/airflow/dags/report_hourly_dag.py for tasks to queue
[2026-06-18T17:47:45.323+0000] {logging_mixin.py:154} INFO - [2026-06-18T17:47:45.323+0000] {dagbag.py:536} INFO - Filling up the DagBag from /opt/airflow/dags/report_hourly_dag.py
[2026-06-18T17:47:45.333+0000] {processor.py:839} INFO - DAG(s) dict_keys(['report_hourly_dag']) retrieved from /opt/airflow/dags/report_hourly_dag.py
[2026-06-18T17:47:45.349+0000] {logging_mixin.py:154} INFO - [2026-06-18T17:47:45.349+0000] {dag.py:2941} INFO - Sync 1 DAGs
[2026-06-18T17:47:45.366+0000] {logging_mixin.py:154} INFO - [2026-06-18T17:47:45.366+0000] {dag.py:3722} INFO - Setting next_dagrun for report_hourly_dag to 2026-06-18T01:58:00+00:00, run_after=2026-06-18T01:59:00+00:00
[2026-06-18T17:47:45.383+0000] {processor.py:179} INFO - Processing /opt/airflow/dags/report_hourly_dag.py took 0.066 seconds
[2026-06-18T17:48:15.605+0000] {processor.py:157} INFO - Started process (PID=2238) to work on /opt/airflow/dags/report_hourly_dag.py
[2026-06-18T17:48:15.606+0000] {processor.py:829} INFO - Processing file /opt/airflow/dags/report_hourly_dag.py for tasks to queue
[2026-06-18T17:48:15.607+0000] {logging_mixin.py:154} INFO - [2026-06-18T17:48:15.606+0000] {dagbag.py:536} INFO - Filling up the DagBag from /opt/airflow/dags/report_hourly_dag.py
[2026-06-18T17:48:15.619+0000] {processor.py:839} INFO - DAG(s) dict_keys(['report_hourly_dag']) retrieved from /opt/airflow/dags/report_hourly_dag.py
[2026-06-18T17:48:15.638+0000] {logging_mixin.py:154} INFO - [2026-06-18T17:48:15.637+0000] {dag.py:2941} INFO - Sync 1 DAGs
[2026-06-18T17:48:15.654+0000] {logging_mixin.py:154} INFO - [2026-06-18T17:48:15.654+0000] {dag.py:3722} INFO - Setting next_dagrun for report_hourly_dag to 2026-06-18T01:58:00+00:00, run_after=2026-06-18T01:59:00+00:00
[2026-06-18T17:48:15.667+0000] {processor.py:179} INFO - Processing /opt/airflow/dags/report_hourly_dag.py took 0.065 seconds
[2026-06-18T17:48:45.840+0000] {processor.py:157} INFO - Started process (PID=2253) to work on /opt/airflow/dags/report_hourly_dag.py
[2026-06-18T17:48:45.842+0000] {processor.py:829} INFO - Processing file /opt/airflow/dags/report_hourly_dag.py for tasks to queue
[2026-06-18T17:48:45.843+0000] {logging_mixin.py:154} INFO - [2026-06-18T17:48:45.843+0000] {dagbag.py:536} INFO - Filling up the DagBag from /opt/airflow/dags/report_hourly_dag.py
[2026-06-18T17:48:45.851+0000] {processor.py:839} INFO - DAG(s) dict_keys(['report_hourly_dag']) retrieved from /opt/airflow/dags/report_hourly_dag.py
[2026-06-18T17:48:45.870+0000] {logging_mixin.py:154} INFO - [2026-06-18T17:48:45.870+0000] {dag.py:2941} INFO - Sync 1 DAGs
[2026-06-18T17:48:45.968+0000] {logging_mixin.py:154} INFO - [2026-06-18T17:48:45.968+0000] {dag.py:3722} INFO - Setting next_dagrun for report_hourly_dag to 2026-06-18T01:58:00+00:00, run_after=2026-06-18T01:59:00+00:00
[2026-06-18T17:48:45.984+0000] {processor.py:179} INFO - Processing /opt/airflow/dags/report_hourly_dag.py took 0.146 seconds
[2026-06-18T17:49:16.276+0000] {processor.py:157} INFO - Started process (PID=2268) to work on /opt/airflow/dags/report_hourly_dag.py
[2026-06-18T17:49:16.277+0000] {processor.py:829} INFO - Processing file /opt/airflow/dags/report_hourly_dag.py for tasks to queue
[2026-06-18T17:49:16.277+0000] {logging_mixin.py:154} INFO - [2026-06-18T17:49:16.277+0000] {dagbag.py:536} INFO - Filling up the DagBag from /opt/airflow/dags/report_hourly_dag.py
[2026-06-18T17:49:16.288+0000] {processor.py:839} INFO - DAG(s) dict_keys(['report_hourly_dag']) retrieved from /opt/airflow/dags/report_hourly_dag.py
[2026-06-18T17:49:16.307+0000] {logging_mixin.py:154} INFO - [2026-06-18T17:49:16.307+0000] {dag.py:2941} INFO - Sync 1 DAGs
[2026-06-18T17:49:16.329+0000] {logging_mixin.py:154} INFO - [2026-06-18T17:49:16.329+0000] {dag.py:3722} INFO - Setting next_dagrun for report_hourly_dag to 2026-06-18T01:58:00+00:00, run_after=2026-06-18T01:59:00+00:00
[2026-06-18T17:49:16.343+0000] {processor.py:179} INFO - Processing /opt/airflow/dags/report_hourly_dag.py took 0.070 seconds
[2026-06-18T17:49:46.567+0000] {processor.py:157} INFO - Started process (PID=2283) to work on /opt/airflow/dags/report_hourly_dag.py
[2026-06-18T17:49:46.569+0000] {processor.py:829} INFO - Processing file /opt/airflow/dags/report_hourly_dag.py for tasks to queue
[2026-06-18T17:49:46.570+0000] {logging_mixin.py:154} INFO - [2026-06-18T17:49:46.570+0000] {dagbag.py:536} INFO - Filling up the DagBag from /opt/airflow/dags/report_hourly_dag.py
[2026-06-18T17:49:46.582+0000] {processor.py:839} INFO - DAG(s) dict_keys(['report_hourly_dag']) retrieved from /opt/airflow/dags/report_hourly_dag.py
[2026-06-18T17:49:46.605+0000] {logging_mixin.py:154} INFO - [2026-06-18T17:49:46.605+0000] {dag.py:2941} INFO - Sync 1 DAGs
[2026-06-18T17:49:46.628+0000] {logging_mixin.py:154} INFO - [2026-06-18T17:49:46.628+0000] {dag.py:3722} INFO - Setting next_dagrun for report_hourly_dag to 2026-06-18T01:58:00+00:00, run_after=2026-06-18T01:59:00+00:00
[2026-06-18T17:49:46.642+0000] {processor.py:179} INFO - Processing /opt/airflow/dags/report_hourly_dag.py took 0.079 seconds
[2026-06-18T17:50:16.870+0000] {processor.py:157} INFO - Started process (PID=2298) to work on /opt/airflow/dags/report_hourly_dag.py
[2026-06-18T17:50:16.871+0000] {processor.py:829} INFO - Processing file /opt/airflow/dags/report_hourly_dag.py for tasks to queue
[2026-06-18T17:50:16.872+0000] {logging_mixin.py:154} INFO - [2026-06-18T17:50:16.872+0000] {dagbag.py:536} INFO - Filling up the DagBag from /opt/airflow/dags/report_hourly_dag.py
[2026-06-18T17:50:16.883+0000] {processor.py:839} INFO - DAG(s) dict_keys(['report_hourly_dag']) retrieved from /opt/airflow/dags/report_hourly_dag.py
[2026-06-18T17:50:16.898+0000] {logging_mixin.py:154} INFO - [2026-06-18T17:50:16.898+0000] {dag.py:2941} INFO - Sync 1 DAGs
[2026-06-18T17:50:16.915+0000] {logging_mixin.py:154} INFO - [2026-06-18T17:50:16.914+0000] {dag.py:3722} INFO - Setting next_dagrun for report_hourly_dag to 2026-06-18T01:58:00+00:00, run_after=2026-06-18T01:59:00+00:00
[2026-06-18T17:50:16.928+0000] {processor.py:179} INFO - Processing /opt/airflow/dags/report_hourly_dag.py took 0.062 seconds
[2026-06-18T17:50:47.133+0000] {processor.py:157} INFO - Started process (PID=2313) to work on /opt/airflow/dags/report_hourly_dag.py
[2026-06-18T17:50:47.134+0000] {processor.py:829} INFO - Processing file /opt/airflow/dags/report_hourly_dag.py for tasks to queue
[2026-06-18T17:50:47.135+0000] {logging_mixin.py:154} INFO - [2026-06-18T17:50:47.135+0000] {dagbag.py:536} INFO - Filling up the DagBag from /opt/airflow/dags/report_hourly_dag.py
[2026-06-18T17:50:47.144+0000] {processor.py:839} INFO - DAG(s) dict_keys(['report_hourly_dag']) retrieved from /opt/airflow/dags/report_hourly_dag.py
[2026-06-18T17:50:47.160+0000] {logging_mixin.py:154} INFO - [2026-06-18T17:50:47.160+0000] {dag.py:2941} INFO - Sync 1 DAGs
[2026-06-18T17:50:47.178+0000] {logging_mixin.py:154} INFO - [2026-06-18T17:50:47.178+0000] {dag.py:3722} INFO - Setting next_dagrun for report_hourly_dag to 2026-06-18T01:58:00+00:00, run_after=2026-06-18T01:59:00+00:00
[2026-06-18T17:50:47.191+0000] {processor.py:179} INFO - Processing /opt/airflow/dags/report_hourly_dag.py took 0.062 seconds
[2026-06-18T17:51:17.420+0000] {processor.py:157} INFO - Started process (PID=2328) to work on /opt/airflow/dags/report_hourly_dag.py
[2026-06-18T17:51:17.421+0000] {processor.py:829} INFO - Processing file /opt/airflow/dags/report_hourly_dag.py for tasks to queue
[2026-06-18T17:51:17.422+0000] {logging_mixin.py:154} INFO - [2026-06-18T17:51:17.421+0000] {dagbag.py:536} INFO - Filling up the DagBag from /opt/airflow/dags/report_hourly_dag.py
[2026-06-18T17:51:17.435+0000] {processor.py:839} INFO - DAG(s) dict_keys(['report_hourly_dag']) retrieved from /opt/airflow/dags/report_hourly_dag.py
[2026-06-18T17:51:17.451+0000] {logging_mixin.py:154} INFO - [2026-06-18T17:51:17.451+0000] {dag.py:2941} INFO - Sync 1 DAGs
[2026-06-18T17:51:17.468+0000] {logging_mixin.py:154} INFO - [2026-06-18T17:51:17.468+0000] {dag.py:3722} INFO - Setting next_dagrun for report_hourly_dag to 2026-06-18T01:58:00+00:00, run_after=2026-06-18T01:59:00+00:00
[2026-06-18T17:51:17.482+0000] {processor.py:179} INFO - Processing /opt/airflow/dags/report_hourly_dag.py took 0.067 seconds
[2026-06-18T17:51:47.712+0000] {processor.py:157} INFO - Started process (PID=2343) to work on /opt/airflow/dags/report_hourly_dag.py
[2026-06-18T17:51:47.713+0000] {processor.py:829} INFO - Processing file /opt/airflow/dags/report_hourly_dag.py for tasks to queue
[2026-06-18T17:51:47.713+0000] {logging_mixin.py:154} INFO - [2026-06-18T17:51:47.713+0000] {dagbag.py:536} INFO - Filling up the DagBag from /opt/airflow/dags/report_hourly_dag.py
[2026-06-18T17:51:47.723+0000] {processor.py:839} INFO - DAG(s) dict_keys(['report_hourly_dag']) retrieved from /opt/airflow/dags/report_hourly_dag.py
[2026-06-18T17:51:47.738+0000] {logging_mixin.py:154} INFO - [2026-06-18T17:51:47.738+0000] {dag.py:2941} INFO - Sync 1 DAGs
[2026-06-18T17:51:47.754+0000] {logging_mixin.py:154} INFO - [2026-06-18T17:51:47.754+0000] {dag.py:3722} INFO - Setting next_dagrun for report_hourly_dag to 2026-06-18T01:58:00+00:00, run_after=2026-06-18T01:59:00+00:00
[2026-06-18T17:51:47.766+0000] {processor.py:179} INFO - Processing /opt/airflow/dags/report_hourly_dag.py took 0.058 seconds
[2026-06-18T17:52:17.977+0000] {processor.py:157} INFO - Started process (PID=2358) to work on /opt/airflow/dags/report_hourly_dag.py
[2026-06-18T17:52:17.978+0000] {processor.py:829} INFO - Processing file /opt/airflow/dags/report_hourly_dag.py for tasks to queue
[2026-06-18T17:52:17.979+0000] {logging_mixin.py:154} INFO - [2026-06-18T17:52:17.979+0000] {dagbag.py:536} INFO - Filling up the DagBag from /opt/airflow/dags/report_hourly_dag.py
[2026-06-18T17:52:17.989+0000] {processor.py:839} INFO - DAG(s) dict_keys(['report_hourly_dag']) retrieved from /opt/airflow/dags/report_hourly_dag.py
[2026-06-18T17:52:18.004+0000] {logging_mixin.py:154} INFO - [2026-06-18T17:52:18.004+0000] {dag.py:2941} INFO - Sync 1 DAGs
[2026-06-18T17:52:18.020+0000] {logging_mixin.py:154} INFO - [2026-06-18T17:52:18.020+0000] {dag.py:3722} INFO - Setting next_dagrun for report_hourly_dag to 2026-06-18T01:58:00+00:00, run_after=2026-06-18T01:59:00+00:00
[2026-06-18T17:52:18.032+0000] {processor.py:179} INFO - Processing /opt/airflow/dags/report_hourly_dag.py took 0.059 seconds
[2026-06-18T17:52:48.257+0000] {processor.py:157} INFO - Started process (PID=2373) to work on /opt/airflow/dags/report_hourly_dag.py
[2026-06-18T17:52:48.259+0000] {processor.py:829} INFO - Processing file /opt/airflow/dags/report_hourly_dag.py for tasks to queue
[2026-06-18T17:52:48.260+0000] {logging_mixin.py:154} INFO - [2026-06-18T17:52:48.259+0000] {dagbag.py:536} INFO - Filling up the DagBag from /opt/airflow/dags/report_hourly_dag.py
[2026-06-18T17:52:48.272+0000] {processor.py:839} INFO - DAG(s) dict_keys(['report_hourly_dag']) retrieved from /opt/airflow/dags/report_hourly_dag.py
[2026-06-18T17:52:48.290+0000] {logging_mixin.py:154} INFO - [2026-06-18T17:52:48.290+0000] {dag.py:2941} INFO - Sync 1 DAGs
[2026-06-18T17:52:48.308+0000] {logging_mixin.py:154} INFO - [2026-06-18T17:52:48.307+0000] {dag.py:3722} INFO - Setting next_dagrun for report_hourly_dag to 2026-06-18T01:58:00+00:00, run_after=2026-06-18T01:59:00+00:00
[2026-06-18T17:52:48.320+0000] {processor.py:179} INFO - Processing /opt/airflow/dags/report_hourly_dag.py took 0.067 seconds
[2026-06-18T17:53:18.533+0000] {processor.py:157} INFO - Started process (PID=2388) to work on /opt/airflow/dags/report_hourly_dag.py
[2026-06-18T17:53:18.533+0000] {processor.py:829} INFO - Processing file /opt/airflow/dags/report_hourly_dag.py for tasks to queue
[2026-06-18T17:53:18.534+0000] {logging_mixin.py:154} INFO - [2026-06-18T17:53:18.534+0000] {dagbag.py:536} INFO - Filling up the DagBag from /opt/airflow/dags/report_hourly_dag.py
[2026-06-18T17:53:18.541+0000] {processor.py:839} INFO - DAG(s) dict_keys(['report_hourly_dag']) retrieved from /opt/airflow/dags/report_hourly_dag.py
[2026-06-18T17:53:18.557+0000] {logging_mixin.py:154} INFO - [2026-06-18T17:53:18.557+0000] {dag.py:2941} INFO - Sync 1 DAGs
[2026-06-18T17:53:18.574+0000] {logging_mixin.py:154} INFO - [2026-06-18T17:53:18.574+0000] {dag.py:3722} INFO - Setting next_dagrun for report_hourly_dag to 2026-06-18T01:58:00+00:00, run_after=2026-06-18T01:59:00+00:00
[2026-06-18T17:53:18.595+0000] {processor.py:179} INFO - Processing /opt/airflow/dags/report_hourly_dag.py took 0.065 seconds
[2026-06-18T17:53:48.802+0000] {processor.py:157} INFO - Started process (PID=2403) to work on /opt/airflow/dags/report_hourly_dag.py
[2026-06-18T17:53:48.803+0000] {processor.py:829} INFO - Processing file /opt/airflow/dags/report_hourly_dag.py for tasks to queue
[2026-06-18T17:53:48.804+0000] {logging_mixin.py:154} INFO - [2026-06-18T17:53:48.804+0000] {dagbag.py:536} INFO - Filling up the DagBag from /opt/airflow/dags/report_hourly_dag.py
[2026-06-18T17:53:48.814+0000] {processor.py:839} INFO - DAG(s) dict_keys(['report_hourly_dag']) retrieved from /opt/airflow/dags/report_hourly_dag.py
[2026-06-18T17:53:48.831+0000] {logging_mixin.py:154} INFO - [2026-06-18T17:53:48.831+0000] {dag.py:2941} INFO - Sync 1 DAGs
[2026-06-18T17:53:48.849+0000] {logging_mixin.py:154} INFO - [2026-06-18T17:53:48.849+0000] {dag.py:3722} INFO - Setting next_dagrun for report_hourly_dag to 2026-06-18T01:58:00+00:00, run_after=2026-06-18T01:59:00+00:00
[2026-06-18T17:53:48.867+0000] {processor.py:179} INFO - Processing /opt/airflow/dags/report_hourly_dag.py took 0.070 seconds
[2026-06-18T17:54:19.084+0000] {processor.py:157} INFO - Started process (PID=2418) to work on /opt/airflow/dags/report_hourly_dag.py
[2026-06-18T17:54:19.085+0000] {processor.py:829} INFO - Processing file /opt/airflow/dags/report_hourly_dag.py for tasks to queue
[2026-06-18T17:54:19.085+0000] {logging_mixin.py:154} INFO - [2026-06-18T17:54:19.085+0000] {dagbag.py:536} INFO - Filling up the DagBag from /opt/airflow/dags/report_hourly_dag.py
[2026-06-18T17:54:19.094+0000] {processor.py:839} INFO - DAG(s) dict_keys(['report_hourly_dag']) retrieved from /opt/airflow/dags/report_hourly_dag.py
[2026-06-18T17:54:19.114+0000] {logging_mixin.py:154} INFO - [2026-06-18T17:54:19.113+0000] {dag.py:2941} INFO - Sync 1 DAGs
[2026-06-18T17:54:19.129+0000] {logging_mixin.py:154} INFO - [2026-06-18T17:54:19.129+0000] {dag.py:3722} INFO - Setting next_dagrun for report_hourly_dag to 2026-06-18T01:58:00+00:00, run_after=2026-06-18T01:59:00+00:00
[2026-06-18T17:54:19.143+0000] {processor.py:179} INFO - Processing /opt/airflow/dags/report_hourly_dag.py took 0.063 seconds
[2026-06-18T17:54:49.373+0000] {processor.py:157} INFO - Started process (PID=2433) to work on /opt/airflow/dags/report_hourly_dag.py
[2026-06-18T17:54:49.375+0000] {processor.py:829} INFO - Processing file /opt/airflow/dags/report_hourly_dag.py for tasks to queue
[2026-06-18T17:54:49.376+0000] {logging_mixin.py:154} INFO - [2026-06-18T17:54:49.376+0000] {dagbag.py:536} INFO - Filling up the DagBag from /opt/airflow/dags/report_hourly_dag.py
[2026-06-18T17:54:49.387+0000] {processor.py:839} INFO - DAG(s) dict_keys(['report_hourly_dag']) retrieved from /opt/airflow/dags/report_hourly_dag.py
[2026-06-18T17:54:49.407+0000] {logging_mixin.py:154} INFO - [2026-06-18T17:54:49.406+0000] {dag.py:2941} INFO - Sync 1 DAGs
[2026-06-18T17:54:49.429+0000] {logging_mixin.py:154} INFO - [2026-06-18T17:54:49.428+0000] {dag.py:3722} INFO - Setting next_dagrun for report_hourly_dag to 2026-06-18T01:58:00+00:00, run_after=2026-06-18T01:59:00+00:00
[2026-06-18T17:54:49.441+0000] {processor.py:179} INFO - Processing /opt/airflow/dags/report_hourly_dag.py took 0.072 seconds
[2026-06-18T17:55:19.634+0000] {processor.py:157} INFO - Started process (PID=2448) to work on /opt/airflow/dags/report_hourly_dag.py
[2026-06-18T17:55:19.635+0000] {processor.py:829} INFO - Processing file /opt/airflow/dags/report_hourly_dag.py for tasks to queue
[2026-06-18T17:55:19.636+0000] {logging_mixin.py:154} INFO - [2026-06-18T17:55:19.636+0000] {dagbag.py:536} INFO - Filling up the DagBag from /opt/airflow/dags/report_hourly_dag.py
[2026-06-18T17:55:19.645+0000] {processor.py:839} INFO - DAG(s) dict_keys(['report_hourly_dag']) retrieved from /opt/airflow/dags/report_hourly_dag.py
[2026-06-18T17:55:19.666+0000] {logging_mixin.py:154} INFO - [2026-06-18T17:55:19.666+0000] {dag.py:2941} INFO - Sync 1 DAGs
[2026-06-18T17:55:19.691+0000] {logging_mixin.py:154} INFO - [2026-06-18T17:55:19.691+0000] {dag.py:3722} INFO - Setting next_dagrun for report_hourly_dag to 2026-06-18T01:58:00+00:00, run_after=2026-06-18T01:59:00+00:00
[2026-06-18T17:55:19.708+0000] {processor.py:179} INFO - Processing /opt/airflow/dags/report_hourly_dag.py took 0.077 seconds
[2026-06-18T17:55:49.928+0000] {processor.py:157} INFO - Started process (PID=2463) to work on /opt/airflow/dags/report_hourly_dag.py
[2026-06-18T17:55:49.931+0000] {processor.py:829} INFO - Processing file /opt/airflow/dags/report_hourly_dag.py for tasks to queue
[2026-06-18T17:55:49.932+0000] {logging_mixin.py:154} INFO - [2026-06-18T17:55:49.932+0000] {dagbag.py:536} INFO - Filling up the DagBag from /opt/airflow/dags/report_hourly_dag.py
[2026-06-18T17:55:49.941+0000] {processor.py:839} INFO - DAG(s) dict_keys(['report_hourly_dag']) retrieved from /opt/airflow/dags/report_hourly_dag.py
[2026-06-18T17:55:49.957+0000] {logging_mixin.py:154} INFO - [2026-06-18T17:55:49.957+0000] {dag.py:2941} INFO - Sync 1 DAGs
[2026-06-18T17:55:49.975+0000] {logging_mixin.py:154} INFO - [2026-06-18T17:55:49.975+0000] {dag.py:3722} INFO - Setting next_dagrun for report_hourly_dag to 2026-06-18T01:58:00+00:00, run_after=2026-06-18T01:59:00+00:00
[2026-06-18T17:55:49.988+0000] {processor.py:179} INFO - Processing /opt/airflow/dags/report_hourly_dag.py took 0.063 seconds
[2026-06-18T17:56:20.212+0000] {processor.py:157} INFO - Started process (PID=2478) to work on /opt/airflow/dags/report_hourly_dag.py
[2026-06-18T17:56:20.213+0000] {processor.py:829} INFO - Processing file /opt/airflow/dags/report_hourly_dag.py for tasks to queue
[2026-06-18T17:56:20.213+0000] {logging_mixin.py:154} INFO - [2026-06-18T17:56:20.213+0000] {dagbag.py:536} INFO - Filling up the DagBag from /opt/airflow/dags/report_hourly_dag.py
[2026-06-18T17:56:20.223+0000] {processor.py:839} INFO - DAG(s) dict_keys(['report_hourly_dag']) retrieved from /opt/airflow/dags/report_hourly_dag.py
[2026-06-18T17:56:20.239+0000] {logging_mixin.py:154} INFO - [2026-06-18T17:56:20.238+0000] {dag.py:2941} INFO - Sync 1 DAGs
[2026-06-18T17:56:20.255+0000] {logging_mixin.py:154} INFO - [2026-06-18T17:56:20.255+0000] {dag.py:3722} INFO - Setting next_dagrun for report_hourly_dag to 2026-06-18T01:58:00+00:00, run_after=2026-06-18T01:59:00+00:00
[2026-06-18T17:56:20.268+0000] {processor.py:179} INFO - Processing /opt/airflow/dags/report_hourly_dag.py took 0.059 seconds
[2026-06-18T17:56:50.457+0000] {processor.py:157} INFO - Started process (PID=2493) to work on /opt/airflow/dags/report_hourly_dag.py
[2026-06-18T17:56:50.461+0000] {processor.py:829} INFO - Processing file /opt/airflow/dags/report_hourly_dag.py for tasks to queue
[2026-06-18T17:56:50.461+0000] {logging_mixin.py:154} INFO - [2026-06-18T17:56:50.461+0000] {dagbag.py:536} INFO - Filling up the DagBag from /opt/airflow/dags/report_hourly_dag.py
[2026-06-18T17:56:50.469+0000] {processor.py:839} INFO - DAG(s) dict_keys(['report_hourly_dag']) retrieved from /opt/airflow/dags/report_hourly_dag.py
[2026-06-18T17:56:50.490+0000] {logging_mixin.py:154} INFO - [2026-06-18T17:56:50.490+0000] {dag.py:2941} INFO - Sync 1 DAGs
[2026-06-18T17:56:50.511+0000] {logging_mixin.py:154} INFO - [2026-06-18T17:56:50.511+0000] {dag.py:3722} INFO - Setting next_dagrun for report_hourly_dag to 2026-06-18T01:58:00+00:00, run_after=2026-06-18T01:59:00+00:00
[2026-06-18T17:56:50.526+0000] {processor.py:179} INFO - Processing /opt/airflow/dags/report_hourly_dag.py took 0.072 seconds
[2026-06-18T17:57:20.723+0000] {processor.py:157} INFO - Started process (PID=2508) to work on /opt/airflow/dags/report_hourly_dag.py
[2026-06-18T17:57:20.723+0000] {processor.py:829} INFO - Processing file /opt/airflow/dags/report_hourly_dag.py for tasks to queue
[2026-06-18T17:57:20.724+0000] {logging_mixin.py:154} INFO - [2026-06-18T17:57:20.724+0000] {dagbag.py:536} INFO - Filling up the DagBag from /opt/airflow/dags/report_hourly_dag.py
[2026-06-18T17:57:20.736+0000] {processor.py:839} INFO - DAG(s) dict_keys(['report_hourly_dag']) retrieved from /opt/airflow/dags/report_hourly_dag.py
[2026-06-18T17:57:20.752+0000] {logging_mixin.py:154} INFO - [2026-06-18T17:57:20.752+0000] {dag.py:2941} INFO - Sync 1 DAGs
[2026-06-18T17:57:20.769+0000] {logging_mixin.py:154} INFO - [2026-06-18T17:57:20.769+0000] {dag.py:3722} INFO - Setting next_dagrun for report_hourly_dag to 2026-06-18T01:58:00+00:00, run_after=2026-06-18T01:59:00+00:00
[2026-06-18T17:57:20.786+0000] {processor.py:179} INFO - Processing /opt/airflow/dags/report_hourly_dag.py took 0.067 seconds
[2026-06-18T17:57:51.015+0000] {processor.py:157} INFO - Started process (PID=2523) to work on /opt/airflow/dags/report_hourly_dag.py
[2026-06-18T17:57:51.016+0000] {processor.py:829} INFO - Processing file /opt/airflow/dags/report_hourly_dag.py for tasks to queue
[2026-06-18T17:57:51.017+0000] {logging_mixin.py:154} INFO - [2026-06-18T17:57:51.017+0000] {dagbag.py:536} INFO - Filling up the DagBag from /opt/airflow/dags/report_hourly_dag.py
[2026-06-18T17:57:51.026+0000] {processor.py:839} INFO - DAG(s) dict_keys(['report_hourly_dag']) retrieved from /opt/airflow/dags/report_hourly_dag.py
[2026-06-18T17:57:51.042+0000] {logging_mixin.py:154} INFO - [2026-06-18T17:57:51.041+0000] {dag.py:2941} INFO - Sync 1 DAGs
[2026-06-18T17:57:51.059+0000] {logging_mixin.py:154} INFO - [2026-06-18T17:57:51.059+0000] {dag.py:3722} INFO - Setting next_dagrun for report_hourly_dag to 2026-06-18T01:58:00+00:00, run_after=2026-06-18T01:59:00+00:00
[2026-06-18T17:57:51.073+0000] {processor.py:179} INFO - Processing /opt/airflow/dags/report_hourly_dag.py took 0.062 seconds
[2026-06-18T17:58:21.287+0000] {processor.py:157} INFO - Started process (PID=2538) to work on /opt/airflow/dags/report_hourly_dag.py
[2026-06-18T17:58:21.287+0000] {processor.py:829} INFO - Processing file /opt/airflow/dags/report_hourly_dag.py for tasks to queue
[2026-06-18T17:58:21.288+0000] {logging_mixin.py:154} INFO - [2026-06-18T17:58:21.288+0000] {dagbag.py:536} INFO - Filling up the DagBag from /opt/airflow/dags/report_hourly_dag.py
[2026-06-18T17:58:21.299+0000] {processor.py:839} INFO - DAG(s) dict_keys(['report_hourly_dag']) retrieved from /opt/airflow/dags/report_hourly_dag.py
[2026-06-18T17:58:21.314+0000] {logging_mixin.py:154} INFO - [2026-06-18T17:58:21.314+0000] {dag.py:2941} INFO - Sync 1 DAGs
[2026-06-18T17:58:21.331+0000] {logging_mixin.py:154} INFO - [2026-06-18T17:58:21.331+0000] {dag.py:3722} INFO - Setting next_dagrun for report_hourly_dag to 2026-06-18T01:58:00+00:00, run_after=2026-06-18T01:59:00+00:00
[2026-06-18T17:58:21.345+0000] {processor.py:179} INFO - Processing /opt/airflow/dags/report_hourly_dag.py took 0.061 seconds
[2026-06-18T17:58:51.567+0000] {processor.py:157} INFO - Started process (PID=2553) to work on /opt/airflow/dags/report_hourly_dag.py
[2026-06-18T17:58:51.568+0000] {processor.py:829} INFO - Processing file /opt/airflow/dags/report_hourly_dag.py for tasks to queue
[2026-06-18T17:58:51.569+0000] {logging_mixin.py:154} INFO - [2026-06-18T17:58:51.568+0000] {dagbag.py:536} INFO - Filling up the DagBag from /opt/airflow/dags/report_hourly_dag.py
[2026-06-18T17:58:51.579+0000] {processor.py:839} INFO - DAG(s) dict_keys(['report_hourly_dag']) retrieved from /opt/airflow/dags/report_hourly_dag.py
[2026-06-18T17:58:51.595+0000] {logging_mixin.py:154} INFO - [2026-06-18T17:58:51.595+0000] {dag.py:2941} INFO - Sync 1 DAGs
[2026-06-18T17:58:51.612+0000] {logging_mixin.py:154} INFO - [2026-06-18T17:58:51.612+0000] {dag.py:3722} INFO - Setting next_dagrun for report_hourly_dag to 2026-06-18T01:58:00+00:00, run_after=2026-06-18T01:59:00+00:00
[2026-06-18T17:58:51.624+0000] {processor.py:179} INFO - Processing /opt/airflow/dags/report_hourly_dag.py took 0.061 seconds
[2026-06-18T17:59:21.848+0000] {processor.py:157} INFO - Started process (PID=2568) to work on /opt/airflow/dags/report_hourly_dag.py
[2026-06-18T17:59:21.848+0000] {processor.py:829} INFO - Processing file /opt/airflow/dags/report_hourly_dag.py for tasks to queue
[2026-06-18T17:59:21.849+0000] {logging_mixin.py:154} INFO - [2026-06-18T17:59:21.849+0000] {dagbag.py:536} INFO - Filling up the DagBag from /opt/airflow/dags/report_hourly_dag.py
[2026-06-18T17:59:21.861+0000] {processor.py:839} INFO - DAG(s) dict_keys(['report_hourly_dag']) retrieved from /opt/airflow/dags/report_hourly_dag.py
[2026-06-18T17:59:21.877+0000] {logging_mixin.py:154} INFO - [2026-06-18T17:59:21.877+0000] {dag.py:2941} INFO - Sync 1 DAGs
[2026-06-18T17:59:21.894+0000] {logging_mixin.py:154} INFO - [2026-06-18T17:59:21.894+0000] {dag.py:3722} INFO - Setting next_dagrun for report_hourly_dag to 2026-06-18T01:58:00+00:00, run_after=2026-06-18T01:59:00+00:00
[2026-06-18T17:59:21.908+0000] {processor.py:179} INFO - Processing /opt/airflow/dags/report_hourly_dag.py took 0.065 seconds
[2026-06-18T17:59:52.138+0000] {processor.py:157} INFO - Started process (PID=2583) to work on /opt/airflow/dags/report_hourly_dag.py
[2026-06-18T17:59:52.141+0000] {processor.py:829} INFO - Processing file /opt/airflow/dags/report_hourly_dag.py for tasks to queue
[2026-06-18T17:59:52.142+0000] {logging_mixin.py:154} INFO - [2026-06-18T17:59:52.142+0000] {dagbag.py:536} INFO - Filling up the DagBag from /opt/airflow/dags/report_hourly_dag.py
[2026-06-18T17:59:52.155+0000] {processor.py:839} INFO - DAG(s) dict_keys(['report_hourly_dag']) retrieved from /opt/airflow/dags/report_hourly_dag.py
[2026-06-18T17:59:52.172+0000] {logging_mixin.py:154} INFO - [2026-06-18T17:59:52.172+0000] {dag.py:2941} INFO - Sync 1 DAGs
[2026-06-18T17:59:52.188+0000] {logging_mixin.py:154} INFO - [2026-06-18T17:59:52.188+0000] {dag.py:3722} INFO - Setting next_dagrun for report_hourly_dag to 2026-06-18T01:58:00+00:00, run_after=2026-06-18T01:59:00+00:00
[2026-06-18T17:59:52.201+0000] {processor.py:179} INFO - Processing /opt/airflow/dags/report_hourly_dag.py took 0.066 seconds
[2026-06-18T18:00:22.401+0000] {processor.py:157} INFO - Started process (PID=2598) to work on /opt/airflow/dags/report_hourly_dag.py
[2026-06-18T18:00:22.405+0000] {processor.py:829} INFO - Processing file /opt/airflow/dags/report_hourly_dag.py for tasks to queue
[2026-06-18T18:00:22.405+0000] {logging_mixin.py:154} INFO - [2026-06-18T18:00:22.405+0000] {dagbag.py:536} INFO - Filling up the DagBag from /opt/airflow/dags/report_hourly_dag.py
[2026-06-18T18:00:22.415+0000] {processor.py:839} INFO - DAG(s) dict_keys(['report_hourly_dag']) retrieved from /opt/airflow/dags/report_hourly_dag.py
[2026-06-18T18:00:22.436+0000] {logging_mixin.py:154} INFO - [2026-06-18T18:00:22.436+0000] {dag.py:2941} INFO - Sync 1 DAGs
[2026-06-18T18:00:22.459+0000] {logging_mixin.py:154} INFO - [2026-06-18T18:00:22.459+0000] {dag.py:3722} INFO - Setting next_dagrun for report_hourly_dag to 2026-06-18T01:58:00+00:00, run_after=2026-06-18T01:59:00+00:00
[2026-06-18T18:00:22.472+0000] {processor.py:179} INFO - Processing /opt/airflow/dags/report_hourly_dag.py took 0.073 seconds
[2026-06-18T18:00:52.698+0000] {processor.py:157} INFO - Started process (PID=2613) to work on /opt/airflow/dags/report_hourly_dag.py
[2026-06-18T18:00:52.699+0000] {processor.py:829} INFO - Processing file /opt/airflow/dags/report_hourly_dag.py for tasks to queue
[2026-06-18T18:00:52.700+0000] {logging_mixin.py:154} INFO - [2026-06-18T18:00:52.700+0000] {dagbag.py:536} INFO - Filling up the DagBag from /opt/airflow/dags/report_hourly_dag.py
[2026-06-18T18:00:52.710+0000] {processor.py:839} INFO - DAG(s) dict_keys(['report_hourly_dag']) retrieved from /opt/airflow/dags/report_hourly_dag.py
[2026-06-18T18:00:52.728+0000] {logging_mixin.py:154} INFO - [2026-06-18T18:00:52.728+0000] {dag.py:2941} INFO - Sync 1 DAGs
[2026-06-18T18:00:52.756+0000] {logging_mixin.py:154} INFO - [2026-06-18T18:00:52.756+0000] {dag.py:3722} INFO - Setting next_dagrun for report_hourly_dag to 2026-06-18T01:58:00+00:00, run_after=2026-06-18T01:59:00+00:00
[2026-06-18T18:00:52.774+0000] {processor.py:179} INFO - Processing /opt/airflow/dags/report_hourly_dag.py took 0.078 seconds
[2026-06-18T18:01:23.008+0000] {processor.py:157} INFO - Started process (PID=2628) to work on /opt/airflow/dags/report_hourly_dag.py
[2026-06-18T18:01:23.010+0000] {processor.py:829} INFO - Processing file /opt/airflow/dags/report_hourly_dag.py for tasks to queue
[2026-06-18T18:01:23.011+0000] {logging_mixin.py:154} INFO - [2026-06-18T18:01:23.011+0000] {dagbag.py:536} INFO - Filling up the DagBag from /opt/airflow/dags/report_hourly_dag.py
[2026-06-18T18:01:23.020+0000] {processor.py:839} INFO - DAG(s) dict_keys(['report_hourly_dag']) retrieved from /opt/airflow/dags/report_hourly_dag.py
[2026-06-18T18:01:23.037+0000] {logging_mixin.py:154} INFO - [2026-06-18T18:01:23.037+0000] {dag.py:2941} INFO - Sync 1 DAGs
[2026-06-18T18:01:23.055+0000] {logging_mixin.py:154} INFO - [2026-06-18T18:01:23.055+0000] {dag.py:3722} INFO - Setting next_dagrun for report_hourly_dag to 2026-06-18T01:58:00+00:00, run_after=2026-06-18T01:59:00+00:00
[2026-06-18T18:01:23.067+0000] {processor.py:179} INFO - Processing /opt/airflow/dags/report_hourly_dag.py took 0.062 seconds
[2026-06-18T18:01:53.255+0000] {processor.py:157} INFO - Started process (PID=2643) to work on /opt/airflow/dags/report_hourly_dag.py
[2026-06-18T18:01:53.255+0000] {processor.py:829} INFO - Processing file /opt/airflow/dags/report_hourly_dag.py for tasks to queue
[2026-06-18T18:01:53.256+0000] {logging_mixin.py:154} INFO - [2026-06-18T18:01:53.256+0000] {dagbag.py:536} INFO - Filling up the DagBag from /opt/airflow/dags/report_hourly_dag.py
[2026-06-18T18:01:53.264+0000] {processor.py:839} INFO - DAG(s) dict_keys(['report_hourly_dag']) retrieved from /opt/airflow/dags/report_hourly_dag.py
[2026-06-18T18:01:53.283+0000] {logging_mixin.py:154} INFO - [2026-06-18T18:01:53.283+0000] {dag.py:2941} INFO - Sync 1 DAGs
[2026-06-18T18:01:53.304+0000] {logging_mixin.py:154} INFO - [2026-06-18T18:01:53.304+0000] {dag.py:3722} INFO - Setting next_dagrun for report_hourly_dag to 2026-06-18T01:58:00+00:00, run_after=2026-06-18T01:59:00+00:00
[2026-06-18T18:01:53.318+0000] {processor.py:179} INFO - Processing /opt/airflow/dags/report_hourly_dag.py took 0.065 seconds
[2026-06-18T18:02:23.541+0000] {processor.py:157} INFO - Started process (PID=2658) to work on /opt/airflow/dags/report_hourly_dag.py
[2026-06-18T18:02:23.542+0000] {processor.py:829} INFO - Processing file /opt/airflow/dags/report_hourly_dag.py for tasks to queue
[2026-06-18T18:02:23.543+0000] {logging_mixin.py:154} INFO - [2026-06-18T18:02:23.543+0000] {dagbag.py:536} INFO - Filling up the DagBag from /opt/airflow/dags/report_hourly_dag.py
[2026-06-18T18:02:23.553+0000] {processor.py:839} INFO - DAG(s) dict_keys(['report_hourly_dag']) retrieved from /opt/airflow/dags/report_hourly_dag.py
[2026-06-18T18:02:23.573+0000] {logging_mixin.py:154} INFO - [2026-06-18T18:02:23.573+0000] {dag.py:2941} INFO - Sync 1 DAGs
[2026-06-18T18:02:23.596+0000] {logging_mixin.py:154} INFO - [2026-06-18T18:02:23.596+0000] {dag.py:3722} INFO - Setting next_dagrun for report_hourly_dag to 2026-06-18T01:58:00+00:00, run_after=2026-06-18T01:59:00+00:00
[2026-06-18T18:02:23.614+0000] {processor.py:179} INFO - Processing /opt/airflow/dags/report_hourly_dag.py took 0.079 seconds
[2026-06-18T18:02:53.846+0000] {processor.py:157} INFO - Started process (PID=2673) to work on /opt/airflow/dags/report_hourly_dag.py
[2026-06-18T18:02:53.848+0000] {processor.py:829} INFO - Processing file /opt/airflow/dags/report_hourly_dag.py for tasks to queue
[2026-06-18T18:02:53.849+0000] {logging_mixin.py:154} INFO - [2026-06-18T18:02:53.848+0000] {dagbag.py:536} INFO - Filling up the DagBag from /opt/airflow/dags/report_hourly_dag.py
[2026-06-18T18:02:53.862+0000] {processor.py:839} INFO - DAG(s) dict_keys(['report_hourly_dag']) retrieved from /opt/airflow/dags/report_hourly_dag.py
[2026-06-18T18:02:53.883+0000] {logging_mixin.py:154} INFO - [2026-06-18T18:02:53.883+0000] {dag.py:2941} INFO - Sync 1 DAGs
[2026-06-18T18:02:53.906+0000] {logging_mixin.py:154} INFO - [2026-06-18T18:02:53.905+0000] {dag.py:3722} INFO - Setting next_dagrun for report_hourly_dag to 2026-06-18T01:58:00+00:00, run_after=2026-06-18T01:59:00+00:00
[2026-06-18T18:02:53.922+0000] {processor.py:179} INFO - Processing /opt/airflow/dags/report_hourly_dag.py took 0.079 seconds
[2026-06-18T18:03:24.135+0000] {processor.py:157} INFO - Started process (PID=2688) to work on /opt/airflow/dags/report_hourly_dag.py
[2026-06-18T18:03:24.135+0000] {processor.py:829} INFO - Processing file /opt/airflow/dags/report_hourly_dag.py for tasks to queue
[2026-06-18T18:03:24.136+0000] {logging_mixin.py:154} INFO - [2026-06-18T18:03:24.136+0000] {dagbag.py:536} INFO - Filling up the DagBag from /opt/airflow/dags/report_hourly_dag.py
[2026-06-18T18:03:24.148+0000] {processor.py:839} INFO - DAG(s) dict_keys(['report_hourly_dag']) retrieved from /opt/airflow/dags/report_hourly_dag.py
[2026-06-18T18:03:24.165+0000] {logging_mixin.py:154} INFO - [2026-06-18T18:03:24.165+0000] {dag.py:2941} INFO - Sync 1 DAGs
[2026-06-18T18:03:24.182+0000] {logging_mixin.py:154} INFO - [2026-06-18T18:03:24.182+0000] {dag.py:3722} INFO - Setting next_dagrun for report_hourly_dag to 2026-06-18T01:58:00+00:00, run_after=2026-06-18T01:59:00+00:00
[2026-06-18T18:03:24.197+0000] {processor.py:179} INFO - Processing /opt/airflow/dags/report_hourly_dag.py took 0.065 seconds
[2026-06-18T18:03:54.430+0000] {processor.py:157} INFO - Started process (PID=2703) to work on /opt/airflow/dags/report_hourly_dag.py
[2026-06-18T18:03:54.431+0000] {processor.py:829} INFO - Processing file /opt/airflow/dags/report_hourly_dag.py for tasks to queue
[2026-06-18T18:03:54.431+0000] {logging_mixin.py:154} INFO - [2026-06-18T18:03:54.431+0000] {dagbag.py:536} INFO - Filling up the DagBag from /opt/airflow/dags/report_hourly_dag.py
[2026-06-18T18:03:54.441+0000] {processor.py:839} INFO - DAG(s) dict_keys(['report_hourly_dag']) retrieved from /opt/airflow/dags/report_hourly_dag.py
[2026-06-18T18:03:54.457+0000] {logging_mixin.py:154} INFO - [2026-06-18T18:03:54.456+0000] {dag.py:2941} INFO - Sync 1 DAGs
[2026-06-18T18:03:54.477+0000] {logging_mixin.py:154} INFO - [2026-06-18T18:03:54.477+0000] {dag.py:3722} INFO - Setting next_dagrun for report_hourly_dag to 2026-06-18T01:58:00+00:00, run_after=2026-06-18T01:59:00+00:00
[2026-06-18T18:03:54.491+0000] {processor.py:179} INFO - Processing /opt/airflow/dags/report_hourly_dag.py took 0.064 seconds
[2026-06-18T18:04:24.712+0000] {processor.py:157} INFO - Started process (PID=2718) to work on /opt/airflow/dags/report_hourly_dag.py
[2026-06-18T18:04:24.713+0000] {processor.py:829} INFO - Processing file /opt/airflow/dags/report_hourly_dag.py for tasks to queue
[2026-06-18T18:04:24.713+0000] {logging_mixin.py:154} INFO - [2026-06-18T18:04:24.713+0000] {dagbag.py:536} INFO - Filling up the DagBag from /opt/airflow/dags/report_hourly_dag.py
[2026-06-18T18:04:24.723+0000] {processor.py:839} INFO - DAG(s) dict_keys(['report_hourly_dag']) retrieved from /opt/airflow/dags/report_hourly_dag.py
[2026-06-18T18:04:24.740+0000] {logging_mixin.py:154} INFO - [2026-06-18T18:04:24.740+0000] {dag.py:2941} INFO - Sync 1 DAGs
[2026-06-18T18:04:24.758+0000] {logging_mixin.py:154} INFO - [2026-06-18T18:04:24.758+0000] {dag.py:3722} INFO - Setting next_dagrun for report_hourly_dag to 2026-06-18T01:58:00+00:00, run_after=2026-06-18T01:59:00+00:00
[2026-06-18T18:04:24.775+0000] {processor.py:179} INFO - Processing /opt/airflow/dags/report_hourly_dag.py took 0.066 seconds
[2026-06-18T18:04:55.001+0000] {processor.py:157} INFO - Started process (PID=2733) to work on /opt/airflow/dags/report_hourly_dag.py
[2026-06-18T18:04:55.002+0000] {processor.py:829} INFO - Processing file /opt/airflow/dags/report_hourly_dag.py for tasks to queue
[2026-06-18T18:04:55.003+0000] {logging_mixin.py:154} INFO - [2026-06-18T18:04:55.002+0000] {dagbag.py:536} INFO - Filling up the DagBag from /opt/airflow/dags/report_hourly_dag.py
[2026-06-18T18:04:55.016+0000] {processor.py:839} INFO - DAG(s) dict_keys(['report_hourly_dag']) retrieved from /opt/airflow/dags/report_hourly_dag.py
[2026-06-18T18:04:55.031+0000] {logging_mixin.py:154} INFO - [2026-06-18T18:04:55.031+0000] {dag.py:2941} INFO - Sync 1 DAGs
[2026-06-18T18:04:55.048+0000] {logging_mixin.py:154} INFO - [2026-06-18T18:04:55.048+0000] {dag.py:3722} INFO - Setting next_dagrun for report_hourly_dag to 2026-06-18T01:58:00+00:00, run_after=2026-06-18T01:59:00+00:00
[2026-06-18T18:04:55.065+0000] {processor.py:179} INFO - Processing /opt/airflow/dags/report_hourly_dag.py took 0.069 seconds
[2026-06-18T18:05:25.263+0000] {processor.py:157} INFO - Started process (PID=2748) to work on /opt/airflow/dags/report_hourly_dag.py
[2026-06-18T18:05:25.267+0000] {processor.py:829} INFO - Processing file /opt/airflow/dags/report_hourly_dag.py for tasks to queue
[2026-06-18T18:05:25.268+0000] {logging_mixin.py:154} INFO - [2026-06-18T18:05:25.267+0000] {dagbag.py:536} INFO - Filling up the DagBag from /opt/airflow/dags/report_hourly_dag.py
[2026-06-18T18:05:25.277+0000] {processor.py:839} INFO - DAG(s) dict_keys(['report_hourly_dag']) retrieved from /opt/airflow/dags/report_hourly_dag.py
[2026-06-18T18:05:25.293+0000] {logging_mixin.py:154} INFO - [2026-06-18T18:05:25.292+0000] {dag.py:2941} INFO - Sync 1 DAGs
[2026-06-18T18:05:25.309+0000] {logging_mixin.py:154} INFO - [2026-06-18T18:05:25.309+0000] {dag.py:3722} INFO - Setting next_dagrun for report_hourly_dag to 2026-06-18T01:58:00+00:00, run_after=2026-06-18T01:59:00+00:00
[2026-06-18T18:05:25.326+0000] {processor.py:179} INFO - Processing /opt/airflow/dags/report_hourly_dag.py took 0.066 seconds
[2026-06-18T18:05:55.556+0000] {processor.py:157} INFO - Started process (PID=2763) to work on /opt/airflow/dags/report_hourly_dag.py
[2026-06-18T18:05:55.556+0000] {processor.py:829} INFO - Processing file /opt/airflow/dags/report_hourly_dag.py for tasks to queue
[2026-06-18T18:05:55.557+0000] {logging_mixin.py:154} INFO - [2026-06-18T18:05:55.557+0000] {dagbag.py:536} INFO - Filling up the DagBag from /opt/airflow/dags/report_hourly_dag.py
[2026-06-18T18:05:55.567+0000] {processor.py:839} INFO - DAG(s) dict_keys(['report_hourly_dag']) retrieved from /opt/airflow/dags/report_hourly_dag.py
[2026-06-18T18:05:55.582+0000] {logging_mixin.py:154} INFO - [2026-06-18T18:05:55.582+0000] {dag.py:2941} INFO - Sync 1 DAGs
[2026-06-18T18:05:55.598+0000] {logging_mixin.py:154} INFO - [2026-06-18T18:05:55.598+0000] {dag.py:3722} INFO - Setting next_dagrun for report_hourly_dag to 2026-06-18T01:58:00+00:00, run_after=2026-06-18T01:59:00+00:00
[2026-06-18T18:05:55.612+0000] {processor.py:179} INFO - Processing /opt/airflow/dags/report_hourly_dag.py took 0.061 seconds
[2026-06-18T18:06:25.813+0000] {processor.py:157} INFO - Started process (PID=2778) to work on /opt/airflow/dags/report_hourly_dag.py
[2026-06-18T18:06:25.816+0000] {processor.py:829} INFO - Processing file /opt/airflow/dags/report_hourly_dag.py for tasks to queue
[2026-06-18T18:06:25.817+0000] {logging_mixin.py:154} INFO - [2026-06-18T18:06:25.817+0000] {dagbag.py:536} INFO - Filling up the DagBag from /opt/airflow/dags/report_hourly_dag.py
[2026-06-18T18:06:25.826+0000] {processor.py:839} INFO - DAG(s) dict_keys(['report_hourly_dag']) retrieved from /opt/airflow/dags/report_hourly_dag.py
[2026-06-18T18:06:25.847+0000] {logging_mixin.py:154} INFO - [2026-06-18T18:06:25.847+0000] {dag.py:2941} INFO - Sync 1 DAGs
[2026-06-18T18:06:25.866+0000] {logging_mixin.py:154} INFO - [2026-06-18T18:06:25.866+0000] {dag.py:3722} INFO - Setting next_dagrun for report_hourly_dag to 2026-06-18T01:58:00+00:00, run_after=2026-06-18T01:59:00+00:00
[2026-06-18T18:06:25.878+0000] {processor.py:179} INFO - Processing /opt/airflow/dags/report_hourly_dag.py took 0.069 seconds
[2026-06-18T18:06:56.068+0000] {processor.py:157} INFO - Started process (PID=2793) to work on /opt/airflow/dags/report_hourly_dag.py
[2026-06-18T18:06:56.069+0000] {processor.py:829} INFO - Processing file /opt/airflow/dags/report_hourly_dag.py for tasks to queue
[2026-06-18T18:06:56.069+0000] {logging_mixin.py:154} INFO - [2026-06-18T18:06:56.069+0000] {dagbag.py:536} INFO - Filling up the DagBag from /opt/airflow/dags/report_hourly_dag.py
[2026-06-18T18:06:56.081+0000] {processor.py:839} INFO - DAG(s) dict_keys(['report_hourly_dag']) retrieved from /opt/airflow/dags/report_hourly_dag.py
[2026-06-18T18:06:56.099+0000] {logging_mixin.py:154} INFO - [2026-06-18T18:06:56.098+0000] {dag.py:2941} INFO - Sync 1 DAGs
[2026-06-18T18:06:56.116+0000] {logging_mixin.py:154} INFO - [2026-06-18T18:06:56.116+0000] {dag.py:3722} INFO - Setting next_dagrun for report_hourly_dag to 2026-06-18T01:58:00+00:00, run_after=2026-06-18T01:59:00+00:00
[2026-06-18T18:06:56.128+0000] {processor.py:179} INFO - Processing /opt/airflow/dags/report_hourly_dag.py took 0.064 seconds
[2026-06-18T18:07:26.346+0000] {processor.py:157} INFO - Started process (PID=2808) to work on /opt/airflow/dags/report_hourly_dag.py
[2026-06-18T18:07:26.348+0000] {processor.py:829} INFO - Processing file /opt/airflow/dags/report_hourly_dag.py for tasks to queue
[2026-06-18T18:07:26.349+0000] {logging_mixin.py:154} INFO - [2026-06-18T18:07:26.349+0000] {dagbag.py:536} INFO - Filling up the DagBag from /opt/airflow/dags/report_hourly_dag.py
[2026-06-18T18:07:26.359+0000] {processor.py:839} INFO - DAG(s) dict_keys(['report_hourly_dag']) retrieved from /opt/airflow/dags/report_hourly_dag.py
[2026-06-18T18:07:26.376+0000] {logging_mixin.py:154} INFO - [2026-06-18T18:07:26.376+0000] {dag.py:2941} INFO - Sync 1 DAGs
[2026-06-18T18:07:26.393+0000] {logging_mixin.py:154} INFO - [2026-06-18T18:07:26.393+0000] {dag.py:3722} INFO - Setting next_dagrun for report_hourly_dag to 2026-06-18T01:58:00+00:00, run_after=2026-06-18T01:59:00+00:00
[2026-06-18T18:07:26.411+0000] {processor.py:179} INFO - Processing /opt/airflow/dags/report_hourly_dag.py took 0.069 seconds
[2026-06-18T18:07:56.625+0000] {processor.py:157} INFO - Started process (PID=2823) to work on /opt/airflow/dags/report_hourly_dag.py
[2026-06-18T18:07:56.626+0000] {processor.py:829} INFO - Processing file /opt/airflow/dags/report_hourly_dag.py for tasks to queue
[2026-06-18T18:07:56.627+0000] {logging_mixin.py:154} INFO - [2026-06-18T18:07:56.627+0000] {dagbag.py:536} INFO - Filling up the DagBag from /opt/airflow/dags/report_hourly_dag.py
[2026-06-18T18:07:56.638+0000] {processor.py:839} INFO - DAG(s) dict_keys(['report_hourly_dag']) retrieved from /opt/airflow/dags/report_hourly_dag.py
[2026-06-18T18:07:56.654+0000] {logging_mixin.py:154} INFO - [2026-06-18T18:07:56.654+0000] {dag.py:2941} INFO - Sync 1 DAGs
[2026-06-18T18:07:56.673+0000] {logging_mixin.py:154} INFO - [2026-06-18T18:07:56.672+0000] {dag.py:3722} INFO - Setting next_dagrun for report_hourly_dag to 2026-06-18T01:58:00+00:00, run_after=2026-06-18T01:59:00+00:00
[2026-06-18T18:07:56.685+0000] {processor.py:179} INFO - Processing /opt/airflow/dags/report_hourly_dag.py took 0.064 seconds
[2026-06-18T18:08:26.914+0000] {processor.py:157} INFO - Started process (PID=2838) to work on /opt/airflow/dags/report_hourly_dag.py
[2026-06-18T18:08:26.919+0000] {processor.py:829} INFO - Processing file /opt/airflow/dags/report_hourly_dag.py for tasks to queue
[2026-06-18T18:08:26.920+0000] {logging_mixin.py:154} INFO - [2026-06-18T18:08:26.920+0000] {dagbag.py:536} INFO - Filling up the DagBag from /opt/airflow/dags/report_hourly_dag.py
[2026-06-18T18:08:26.928+0000] {processor.py:839} INFO - DAG(s) dict_keys(['report_hourly_dag']) retrieved from /opt/airflow/dags/report_hourly_dag.py
[2026-06-18T18:08:26.944+0000] {logging_mixin.py:154} INFO - [2026-06-18T18:08:26.944+0000] {dag.py:2941} INFO - Sync 1 DAGs
[2026-06-18T18:08:26.963+0000] {logging_mixin.py:154} INFO - [2026-06-18T18:08:26.963+0000] {dag.py:3722} INFO - Setting next_dagrun for report_hourly_dag to 2026-06-18T01:58:00+00:00, run_after=2026-06-18T01:59:00+00:00
[2026-06-18T18:08:26.979+0000] {processor.py:179} INFO - Processing /opt/airflow/dags/report_hourly_dag.py took 0.068 seconds
[2026-06-18T18:08:57.216+0000] {processor.py:157} INFO - Started process (PID=2853) to work on /opt/airflow/dags/report_hourly_dag.py
[2026-06-18T18:08:57.217+0000] {processor.py:829} INFO - Processing file /opt/airflow/dags/report_hourly_dag.py for tasks to queue
[2026-06-18T18:08:57.218+0000] {logging_mixin.py:154} INFO - [2026-06-18T18:08:57.217+0000] {dagbag.py:536} INFO - Filling up the DagBag from /opt/airflow/dags/report_hourly_dag.py
[2026-06-18T18:08:57.228+0000] {processor.py:839} INFO - DAG(s) dict_keys(['report_hourly_dag']) retrieved from /opt/airflow/dags/report_hourly_dag.py
[2026-06-18T18:08:57.243+0000] {logging_mixin.py:154} INFO - [2026-06-18T18:08:57.243+0000] {dag.py:2941} INFO - Sync 1 DAGs
[2026-06-18T18:08:57.259+0000] {logging_mixin.py:154} INFO - [2026-06-18T18:08:57.259+0000] {dag.py:3722} INFO - Setting next_dagrun for report_hourly_dag to 2026-06-18T01:58:00+00:00, run_after=2026-06-18T01:59:00+00:00
[2026-06-18T18:08:57.271+0000] {processor.py:179} INFO - Processing /opt/airflow/dags/report_hourly_dag.py took 0.059 seconds
[2026-06-18T18:09:27.491+0000] {processor.py:157} INFO - Started process (PID=2868) to work on /opt/airflow/dags/report_hourly_dag.py
[2026-06-18T18:09:27.492+0000] {processor.py:829} INFO - Processing file /opt/airflow/dags/report_hourly_dag.py for tasks to queue
[2026-06-18T18:09:27.492+0000] {logging_mixin.py:154} INFO - [2026-06-18T18:09:27.492+0000] {dagbag.py:536} INFO - Filling up the DagBag from /opt/airflow/dags/report_hourly_dag.py
[2026-06-18T18:09:27.502+0000] {processor.py:839} INFO - DAG(s) dict_keys(['report_hourly_dag']) retrieved from /opt/airflow/dags/report_hourly_dag.py
[2026-06-18T18:09:27.519+0000] {logging_mixin.py:154} INFO - [2026-06-18T18:09:27.519+0000] {dag.py:2941} INFO - Sync 1 DAGs
[2026-06-18T18:09:27.537+0000] {logging_mixin.py:154} INFO - [2026-06-18T18:09:27.537+0000] {dag.py:3722} INFO - Setting next_dagrun for report_hourly_dag to 2026-06-18T01:58:00+00:00, run_after=2026-06-18T01:59:00+00:00
[2026-06-18T18:09:27.549+0000] {processor.py:179} INFO - Processing /opt/airflow/dags/report_hourly_dag.py took 0.064 seconds
[2026-06-18T18:09:57.780+0000] {processor.py:157} INFO - Started process (PID=2883) to work on /opt/airflow/dags/report_hourly_dag.py
[2026-06-18T18:09:57.781+0000] {processor.py:829} INFO - Processing file /opt/airflow/dags/report_hourly_dag.py for tasks to queue
[2026-06-18T18:09:57.781+0000] {logging_mixin.py:154} INFO - [2026-06-18T18:09:57.781+0000] {dagbag.py:536} INFO - Filling up the DagBag from /opt/airflow/dags/report_hourly_dag.py
[2026-06-18T18:09:57.791+0000] {processor.py:839} INFO - DAG(s) dict_keys(['report_hourly_dag']) retrieved from /opt/airflow/dags/report_hourly_dag.py
[2026-06-18T18:09:57.808+0000] {logging_mixin.py:154} INFO - [2026-06-18T18:09:57.807+0000] {dag.py:2941} INFO - Sync 1 DAGs
[2026-06-18T18:09:57.824+0000] {logging_mixin.py:154} INFO - [2026-06-18T18:09:57.824+0000] {dag.py:3722} INFO - Setting next_dagrun for report_hourly_dag to 2026-06-18T01:58:00+00:00, run_after=2026-06-18T01:59:00+00:00
[2026-06-18T18:09:57.838+0000] {processor.py:179} INFO - Processing /opt/airflow/dags/report_hourly_dag.py took 0.062 seconds
[2026-06-18T18:10:28.057+0000] {processor.py:157} INFO - Started process (PID=2898) to work on /opt/airflow/dags/report_hourly_dag.py
[2026-06-18T18:10:28.059+0000] {processor.py:829} INFO - Processing file /opt/airflow/dags/report_hourly_dag.py for tasks to queue
[2026-06-18T18:10:28.060+0000] {logging_mixin.py:154} INFO - [2026-06-18T18:10:28.060+0000] {dagbag.py:536} INFO - Filling up the DagBag from /opt/airflow/dags/report_hourly_dag.py
[2026-06-18T18:10:28.072+0000] {processor.py:839} INFO - DAG(s) dict_keys(['report_hourly_dag']) retrieved from /opt/airflow/dags/report_hourly_dag.py
[2026-06-18T18:10:28.093+0000] {logging_mixin.py:154} INFO - [2026-06-18T18:10:28.093+0000] {dag.py:2941} INFO - Sync 1 DAGs
[2026-06-18T18:10:28.188+0000] {logging_mixin.py:154} INFO - [2026-06-18T18:10:28.187+0000] {dag.py:3722} INFO - Setting next_dagrun for report_hourly_dag to 2026-06-18T01:58:00+00:00, run_after=2026-06-18T01:59:00+00:00
[2026-06-18T18:10:28.202+0000] {processor.py:179} INFO - Processing /opt/airflow/dags/report_hourly_dag.py took 0.149 seconds
[2026-06-18T18:10:58.444+0000] {processor.py:157} INFO - Started process (PID=2913) to work on /opt/airflow/dags/report_hourly_dag.py
[2026-06-18T18:10:58.445+0000] {processor.py:829} INFO - Processing file /opt/airflow/dags/report_hourly_dag.py for tasks to queue
[2026-06-18T18:10:58.446+0000] {logging_mixin.py:154} INFO - [2026-06-18T18:10:58.445+0000] {dagbag.py:536} INFO - Filling up the DagBag from /opt/airflow/dags/report_hourly_dag.py
[2026-06-18T18:10:58.457+0000] {processor.py:839} INFO - DAG(s) dict_keys(['report_hourly_dag']) retrieved from /opt/airflow/dags/report_hourly_dag.py
[2026-06-18T18:10:58.472+0000] {logging_mixin.py:154} INFO - [2026-06-18T18:10:58.472+0000] {dag.py:2941} INFO - Sync 1 DAGs
[2026-06-18T18:10:58.490+0000] {logging_mixin.py:154} INFO - [2026-06-18T18:10:58.489+0000] {dag.py:3722} INFO - Setting next_dagrun for report_hourly_dag to 2026-06-18T01:58:00+00:00, run_after=2026-06-18T01:59:00+00:00
[2026-06-18T18:10:58.576+0000] {processor.py:179} INFO - Processing /opt/airflow/dags/report_hourly_dag.py took 0.136 seconds
[2026-06-18T18:11:28.712+0000] {processor.py:157} INFO - Started process (PID=2928) to work on /opt/airflow/dags/report_hourly_dag.py
[2026-06-18T18:11:28.713+0000] {processor.py:829} INFO - Processing file /opt/airflow/dags/report_hourly_dag.py for tasks to queue
[2026-06-18T18:11:28.714+0000] {logging_mixin.py:154} INFO - [2026-06-18T18:11:28.714+0000] {dagbag.py:536} INFO - Filling up the DagBag from /opt/airflow/dags/report_hourly_dag.py
[2026-06-18T18:11:28.725+0000] {processor.py:839} INFO - DAG(s) dict_keys(['report_hourly_dag']) retrieved from /opt/airflow/dags/report_hourly_dag.py
[2026-06-18T18:11:28.741+0000] {logging_mixin.py:154} INFO - [2026-06-18T18:11:28.741+0000] {dag.py:2941} INFO - Sync 1 DAGs
[2026-06-18T18:11:28.757+0000] {logging_mixin.py:154} INFO - [2026-06-18T18:11:28.757+0000] {dag.py:3722} INFO - Setting next_dagrun for report_hourly_dag to 2026-06-18T01:58:00+00:00, run_after=2026-06-18T01:59:00+00:00
[2026-06-18T18:11:28.770+0000] {processor.py:179} INFO - Processing /opt/airflow/dags/report_hourly_dag.py took 0.061 seconds
[2026-06-18T18:11:58.993+0000] {processor.py:157} INFO - Started process (PID=2943) to work on /opt/airflow/dags/report_hourly_dag.py
[2026-06-18T18:11:58.994+0000] {processor.py:829} INFO - Processing file /opt/airflow/dags/report_hourly_dag.py for tasks to queue
[2026-06-18T18:11:58.995+0000] {logging_mixin.py:154} INFO - [2026-06-18T18:11:58.994+0000] {dagbag.py:536} INFO - Filling up the DagBag from /opt/airflow/dags/report_hourly_dag.py
[2026-06-18T18:11:59.006+0000] {processor.py:839} INFO - DAG(s) dict_keys(['report_hourly_dag']) retrieved from /opt/airflow/dags/report_hourly_dag.py
[2026-06-18T18:11:59.024+0000] {logging_mixin.py:154} INFO - [2026-06-18T18:11:59.023+0000] {dag.py:2941} INFO - Sync 1 DAGs
[2026-06-18T18:11:59.041+0000] {logging_mixin.py:154} INFO - [2026-06-18T18:11:59.041+0000] {dag.py:3722} INFO - Setting next_dagrun for report_hourly_dag to 2026-06-18T01:58:00+00:00, run_after=2026-06-18T01:59:00+00:00
[2026-06-18T18:11:59.053+0000] {processor.py:179} INFO - Processing /opt/airflow/dags/report_hourly_dag.py took 0.064 seconds
[2026-06-18T18:12:29.265+0000] {processor.py:157} INFO - Started process (PID=2958) to work on /opt/airflow/dags/report_hourly_dag.py
[2026-06-18T18:12:29.265+0000] {processor.py:829} INFO - Processing file /opt/airflow/dags/report_hourly_dag.py for tasks to queue
[2026-06-18T18:12:29.266+0000] {logging_mixin.py:154} INFO - [2026-06-18T18:12:29.266+0000] {dagbag.py:536} INFO - Filling up the DagBag from /opt/airflow/dags/report_hourly_dag.py
[2026-06-18T18:12:29.277+0000] {processor.py:839} INFO - DAG(s) dict_keys(['report_hourly_dag']) retrieved from /opt/airflow/dags/report_hourly_dag.py
[2026-06-18T18:12:29.370+0000] {logging_mixin.py:154} INFO - [2026-06-18T18:12:29.370+0000] {dag.py:2941} INFO - Sync 1 DAGs
[2026-06-18T18:12:29.385+0000] {logging_mixin.py:154} INFO - [2026-06-18T18:12:29.385+0000] {dag.py:3722} INFO - Setting next_dagrun for report_hourly_dag to 2026-06-18T01:58:00+00:00, run_after=2026-06-18T01:59:00+00:00
[2026-06-18T18:12:29.414+0000] {processor.py:179} INFO - Processing /opt/airflow/dags/report_hourly_dag.py took 0.153 seconds
[2026-06-18T18:12:59.667+0000] {processor.py:157} INFO - Started process (PID=2973) to work on /opt/airflow/dags/report_hourly_dag.py
[2026-06-18T18:12:59.671+0000] {processor.py:829} INFO - Processing file /opt/airflow/dags/report_hourly_dag.py for tasks to queue
[2026-06-18T18:12:59.672+0000] {logging_mixin.py:154} INFO - [2026-06-18T18:12:59.671+0000] {dagbag.py:536} INFO - Filling up the DagBag from /opt/airflow/dags/report_hourly_dag.py
[2026-06-18T18:12:59.679+0000] {processor.py:839} INFO - DAG(s) dict_keys(['report_hourly_dag']) retrieved from /opt/airflow/dags/report_hourly_dag.py
[2026-06-18T18:12:59.696+0000] {logging_mixin.py:154} INFO - [2026-06-18T18:12:59.696+0000] {dag.py:2941} INFO - Sync 1 DAGs
[2026-06-18T18:12:59.714+0000] {logging_mixin.py:154} INFO - [2026-06-18T18:12:59.714+0000] {dag.py:3722} INFO - Setting next_dagrun for report_hourly_dag to 2026-06-18T01:58:00+00:00, run_after=2026-06-18T01:59:00+00:00
[2026-06-18T18:12:59.725+0000] {processor.py:179} INFO - Processing /opt/airflow/dags/report_hourly_dag.py took 0.061 seconds
[2026-06-18T18:13:29.963+0000] {processor.py:157} INFO - Started process (PID=2988) to work on /opt/airflow/dags/report_hourly_dag.py
[2026-06-18T18:13:29.964+0000] {processor.py:829} INFO - Processing file /opt/airflow/dags/report_hourly_dag.py for tasks to queue
[2026-06-18T18:13:29.964+0000] {logging_mixin.py:154} INFO - [2026-06-18T18:13:29.964+0000] {dagbag.py:536} INFO - Filling up the DagBag from /opt/airflow/dags/report_hourly_dag.py
[2026-06-18T18:13:29.973+0000] {processor.py:839} INFO - DAG(s) dict_keys(['report_hourly_dag']) retrieved from /opt/airflow/dags/report_hourly_dag.py
[2026-06-18T18:13:29.990+0000] {logging_mixin.py:154} INFO - [2026-06-18T18:13:29.990+0000] {dag.py:2941} INFO - Sync 1 DAGs
[2026-06-18T18:13:30.007+0000] {logging_mixin.py:154} INFO - [2026-06-18T18:13:30.007+0000] {dag.py:3722} INFO - Setting next_dagrun for report_hourly_dag to 2026-06-18T01:58:00+00:00, run_after=2026-06-18T01:59:00+00:00
[2026-06-18T18:13:30.020+0000] {processor.py:179} INFO - Processing /opt/airflow/dags/report_hourly_dag.py took 0.062 seconds
[2026-06-18T18:14:00.241+0000] {processor.py:157} INFO - Started process (PID=3003) to work on /opt/airflow/dags/report_hourly_dag.py
[2026-06-18T18:14:00.242+0000] {processor.py:829} INFO - Processing file /opt/airflow/dags/report_hourly_dag.py for tasks to queue
[2026-06-18T18:14:00.243+0000] {logging_mixin.py:154} INFO - [2026-06-18T18:14:00.242+0000] {dagbag.py:536} INFO - Filling up the DagBag from /opt/airflow/dags/report_hourly_dag.py
[2026-06-18T18:14:00.253+0000] {processor.py:839} INFO - DAG(s) dict_keys(['report_hourly_dag']) retrieved from /opt/airflow/dags/report_hourly_dag.py
[2026-06-18T18:14:00.275+0000] {logging_mixin.py:154} INFO - [2026-06-18T18:14:00.275+0000] {dag.py:2941} INFO - Sync 1 DAGs
[2026-06-18T18:14:00.292+0000] {logging_mixin.py:154} INFO - [2026-06-18T18:14:00.292+0000] {dag.py:3722} INFO - Setting next_dagrun for report_hourly_dag to 2026-06-18T01:58:00+00:00, run_after=2026-06-18T01:59:00+00:00
[2026-06-18T18:14:00.305+0000] {processor.py:179} INFO - Processing /opt/airflow/dags/report_hourly_dag.py took 0.067 seconds
[2026-06-18T18:14:30.531+0000] {processor.py:157} INFO - Started process (PID=3018) to work on /opt/airflow/dags/report_hourly_dag.py
[2026-06-18T18:14:30.534+0000] {processor.py:829} INFO - Processing file /opt/airflow/dags/report_hourly_dag.py for tasks to queue
[2026-06-18T18:14:30.535+0000] {logging_mixin.py:154} INFO - [2026-06-18T18:14:30.535+0000] {dagbag.py:536} INFO - Filling up the DagBag from /opt/airflow/dags/report_hourly_dag.py
[2026-06-18T18:14:30.545+0000] {processor.py:839} INFO - DAG(s) dict_keys(['report_hourly_dag']) retrieved from /opt/airflow/dags/report_hourly_dag.py
[2026-06-18T18:14:30.565+0000] {logging_mixin.py:154} INFO - [2026-06-18T18:14:30.565+0000] {dag.py:2941} INFO - Sync 1 DAGs
[2026-06-18T18:14:30.582+0000] {logging_mixin.py:154} INFO - [2026-06-18T18:14:30.582+0000] {dag.py:3722} INFO - Setting next_dagrun for report_hourly_dag to 2026-06-18T01:58:00+00:00, run_after=2026-06-18T01:59:00+00:00
[2026-06-18T18:14:30.594+0000] {processor.py:179} INFO - Processing /opt/airflow/dags/report_hourly_dag.py took 0.067 seconds
[2026-06-18T18:15:00.782+0000] {processor.py:157} INFO - Started process (PID=3033) to work on /opt/airflow/dags/report_hourly_dag.py
[2026-06-18T18:15:00.783+0000] {processor.py:829} INFO - Processing file /opt/airflow/dags/report_hourly_dag.py for tasks to queue
[2026-06-18T18:15:00.783+0000] {logging_mixin.py:154} INFO - [2026-06-18T18:15:00.783+0000] {dagbag.py:536} INFO - Filling up the DagBag from /opt/airflow/dags/report_hourly_dag.py
[2026-06-18T18:15:00.793+0000] {processor.py:839} INFO - DAG(s) dict_keys(['report_hourly_dag']) retrieved from /opt/airflow/dags/report_hourly_dag.py
[2026-06-18T18:15:00.809+0000] {logging_mixin.py:154} INFO - [2026-06-18T18:15:00.809+0000] {dag.py:2941} INFO - Sync 1 DAGs
[2026-06-18T18:15:00.826+0000] {logging_mixin.py:154} INFO - [2026-06-18T18:15:00.826+0000] {dag.py:3722} INFO - Setting next_dagrun for report_hourly_dag to 2026-06-18T01:58:00+00:00, run_after=2026-06-18T01:59:00+00:00
[2026-06-18T18:15:00.838+0000] {processor.py:179} INFO - Processing /opt/airflow/dags/report_hourly_dag.py took 0.059 seconds
[2026-06-18T18:15:31.060+0000] {processor.py:157} INFO - Started process (PID=3048) to work on /opt/airflow/dags/report_hourly_dag.py
[2026-06-18T18:15:31.061+0000] {processor.py:829} INFO - Processing file /opt/airflow/dags/report_hourly_dag.py for tasks to queue
[2026-06-18T18:15:31.061+0000] {logging_mixin.py:154} INFO - [2026-06-18T18:15:31.061+0000] {dagbag.py:536} INFO - Filling up the DagBag from /opt/airflow/dags/report_hourly_dag.py
[2026-06-18T18:15:31.071+0000] {processor.py:839} INFO - DAG(s) dict_keys(['report_hourly_dag']) retrieved from /opt/airflow/dags/report_hourly_dag.py
[2026-06-18T18:15:31.088+0000] {logging_mixin.py:154} INFO - [2026-06-18T18:15:31.087+0000] {dag.py:2941} INFO - Sync 1 DAGs
[2026-06-18T18:15:31.104+0000] {logging_mixin.py:154} INFO - [2026-06-18T18:15:31.104+0000] {dag.py:3722} INFO - Setting next_dagrun for report_hourly_dag to 2026-06-18T01:58:00+00:00, run_after=2026-06-18T01:59:00+00:00
[2026-06-18T18:15:31.117+0000] {processor.py:179} INFO - Processing /opt/airflow/dags/report_hourly_dag.py took 0.061 seconds
[2026-06-18T18:16:01.351+0000] {processor.py:157} INFO - Started process (PID=3063) to work on /opt/airflow/dags/report_hourly_dag.py
[2026-06-18T18:16:01.352+0000] {processor.py:829} INFO - Processing file /opt/airflow/dags/report_hourly_dag.py for tasks to queue
[2026-06-18T18:16:01.352+0000] {logging_mixin.py:154} INFO - [2026-06-18T18:16:01.352+0000] {dagbag.py:536} INFO - Filling up the DagBag from /opt/airflow/dags/report_hourly_dag.py
[2026-06-18T18:16:01.362+0000] {processor.py:839} INFO - DAG(s) dict_keys(['report_hourly_dag']) retrieved from /opt/airflow/dags/report_hourly_dag.py
[2026-06-18T18:16:01.379+0000] {logging_mixin.py:154} INFO - [2026-06-18T18:16:01.379+0000] {dag.py:2941} INFO - Sync 1 DAGs
[2026-06-18T18:16:01.396+0000] {logging_mixin.py:154} INFO - [2026-06-18T18:16:01.396+0000] {dag.py:3722} INFO - Setting next_dagrun for report_hourly_dag to 2026-06-18T01:58:00+00:00, run_after=2026-06-18T01:59:00+00:00
[2026-06-18T18:16:01.408+0000] {processor.py:179} INFO - Processing /opt/airflow/dags/report_hourly_dag.py took 0.060 seconds
[2026-06-18T18:16:31.621+0000] {processor.py:157} INFO - Started process (PID=3078) to work on /opt/airflow/dags/report_hourly_dag.py
[2026-06-18T18:16:31.624+0000] {processor.py:829} INFO - Processing file /opt/airflow/dags/report_hourly_dag.py for tasks to queue
[2026-06-18T18:16:31.625+0000] {logging_mixin.py:154} INFO - [2026-06-18T18:16:31.625+0000] {dagbag.py:536} INFO - Filling up the DagBag from /opt/airflow/dags/report_hourly_dag.py
[2026-06-18T18:16:31.635+0000] {processor.py:839} INFO - DAG(s) dict_keys(['report_hourly_dag']) retrieved from /opt/airflow/dags/report_hourly_dag.py
[2026-06-18T18:16:31.653+0000] {logging_mixin.py:154} INFO - [2026-06-18T18:16:31.653+0000] {dag.py:2941} INFO - Sync 1 DAGs
[2026-06-18T18:16:31.671+0000] {logging_mixin.py:154} INFO - [2026-06-18T18:16:31.671+0000] {dag.py:3722} INFO - Setting next_dagrun for report_hourly_dag to 2026-06-18T01:58:00+00:00, run_after=2026-06-18T01:59:00+00:00
[2026-06-18T18:16:31.684+0000] {processor.py:179} INFO - Processing /opt/airflow/dags/report_hourly_dag.py took 0.067 seconds
[2026-06-18T18:17:01.903+0000] {processor.py:157} INFO - Started process (PID=3093) to work on /opt/airflow/dags/report_hourly_dag.py
[2026-06-18T18:17:01.903+0000] {processor.py:829} INFO - Processing file /opt/airflow/dags/report_hourly_dag.py for tasks to queue
[2026-06-18T18:17:01.904+0000] {logging_mixin.py:154} INFO - [2026-06-18T18:17:01.904+0000] {dagbag.py:536} INFO - Filling up the DagBag from /opt/airflow/dags/report_hourly_dag.py
[2026-06-18T18:17:01.913+0000] {processor.py:839} INFO - DAG(s) dict_keys(['report_hourly_dag']) retrieved from /opt/airflow/dags/report_hourly_dag.py
[2026-06-18T18:17:01.928+0000] {logging_mixin.py:154} INFO - [2026-06-18T18:17:01.928+0000] {dag.py:2941} INFO - Sync 1 DAGs
[2026-06-18T18:17:01.945+0000] {logging_mixin.py:154} INFO - [2026-06-18T18:17:01.945+0000] {dag.py:3722} INFO - Setting next_dagrun for report_hourly_dag to 2026-06-18T01:58:00+00:00, run_after=2026-06-18T01:59:00+00:00
[2026-06-18T18:17:01.959+0000] {processor.py:179} INFO - Processing /opt/airflow/dags/report_hourly_dag.py took 0.060 seconds
[2026-06-18T18:17:32.163+0000] {processor.py:157} INFO - Started process (PID=3108) to work on /opt/airflow/dags/report_hourly_dag.py
[2026-06-18T18:17:32.164+0000] {processor.py:829} INFO - Processing file /opt/airflow/dags/report_hourly_dag.py for tasks to queue
[2026-06-18T18:17:32.165+0000] {logging_mixin.py:154} INFO - [2026-06-18T18:17:32.164+0000] {dagbag.py:536} INFO - Filling up the DagBag from /opt/airflow/dags/report_hourly_dag.py
[2026-06-18T18:17:32.173+0000] {processor.py:839} INFO - DAG(s) dict_keys(['report_hourly_dag']) retrieved from /opt/airflow/dags/report_hourly_dag.py
[2026-06-18T18:17:32.189+0000] {logging_mixin.py:154} INFO - [2026-06-18T18:17:32.188+0000] {dag.py:2941} INFO - Sync 1 DAGs
[2026-06-18T18:17:32.207+0000] {logging_mixin.py:154} INFO - [2026-06-18T18:17:32.207+0000] {dag.py:3722} INFO - Setting next_dagrun for report_hourly_dag to 2026-06-18T01:58:00+00:00, run_after=2026-06-18T01:59:00+00:00
[2026-06-18T18:17:32.219+0000] {processor.py:179} INFO - Processing /opt/airflow/dags/report_hourly_dag.py took 0.059 seconds
[2026-06-18T18:18:02.428+0000] {processor.py:157} INFO - Started process (PID=3123) to work on /opt/airflow/dags/report_hourly_dag.py
[2026-06-18T18:18:02.428+0000] {processor.py:829} INFO - Processing file /opt/airflow/dags/report_hourly_dag.py for tasks to queue
[2026-06-18T18:18:02.429+0000] {logging_mixin.py:154} INFO - [2026-06-18T18:18:02.429+0000] {dagbag.py:536} INFO - Filling up the DagBag from /opt/airflow/dags/report_hourly_dag.py
[2026-06-18T18:18:02.440+0000] {processor.py:839} INFO - DAG(s) dict_keys(['report_hourly_dag']) retrieved from /opt/airflow/dags/report_hourly_dag.py
[2026-06-18T18:18:02.460+0000] {logging_mixin.py:154} INFO - [2026-06-18T18:18:02.460+0000] {dag.py:2941} INFO - Sync 1 DAGs
[2026-06-18T18:18:02.480+0000] {logging_mixin.py:154} INFO - [2026-06-18T18:18:02.480+0000] {dag.py:3722} INFO - Setting next_dagrun for report_hourly_dag to 2026-06-18T01:58:00+00:00, run_after=2026-06-18T01:59:00+00:00
[2026-06-18T18:18:02.493+0000] {processor.py:179} INFO - Processing /opt/airflow/dags/report_hourly_dag.py took 0.069 seconds
[2026-06-18T18:18:32.741+0000] {processor.py:157} INFO - Started process (PID=3138) to work on /opt/airflow/dags/report_hourly_dag.py
[2026-06-18T18:18:32.742+0000] {processor.py:829} INFO - Processing file /opt/airflow/dags/report_hourly_dag.py for tasks to queue
[2026-06-18T18:18:32.742+0000] {logging_mixin.py:154} INFO - [2026-06-18T18:18:32.742+0000] {dagbag.py:536} INFO - Filling up the DagBag from /opt/airflow/dags/report_hourly_dag.py
[2026-06-18T18:18:32.752+0000] {processor.py:839} INFO - DAG(s) dict_keys(['report_hourly_dag']) retrieved from /opt/airflow/dags/report_hourly_dag.py
[2026-06-18T18:18:32.770+0000] {logging_mixin.py:154} INFO - [2026-06-18T18:18:32.769+0000] {dag.py:2941} INFO - Sync 1 DAGs
[2026-06-18T18:18:32.788+0000] {logging_mixin.py:154} INFO - [2026-06-18T18:18:32.788+0000] {dag.py:3722} INFO - Setting next_dagrun for report_hourly_dag to 2026-06-18T01:58:00+00:00, run_after=2026-06-18T01:59:00+00:00
[2026-06-18T18:18:32.812+0000] {processor.py:179} INFO - Processing /opt/airflow/dags/report_hourly_dag.py took 0.077 seconds
[2026-06-18T18:19:03.027+0000] {processor.py:157} INFO - Started process (PID=3153) to work on /opt/airflow/dags/report_hourly_dag.py
[2026-06-18T18:19:03.027+0000] {processor.py:829} INFO - Processing file /opt/airflow/dags/report_hourly_dag.py for tasks to queue
[2026-06-18T18:19:03.028+0000] {logging_mixin.py:154} INFO - [2026-06-18T18:19:03.028+0000] {dagbag.py:536} INFO - Filling up the DagBag from /opt/airflow/dags/report_hourly_dag.py
[2026-06-18T18:19:03.037+0000] {processor.py:839} INFO - DAG(s) dict_keys(['report_hourly_dag']) retrieved from /opt/airflow/dags/report_hourly_dag.py
[2026-06-18T18:19:03.056+0000] {logging_mixin.py:154} INFO - [2026-06-18T18:19:03.056+0000] {dag.py:2941} INFO - Sync 1 DAGs
[2026-06-18T18:19:03.073+0000] {logging_mixin.py:154} INFO - [2026-06-18T18:19:03.073+0000] {dag.py:3722} INFO - Setting next_dagrun for report_hourly_dag to 2026-06-18T01:58:00+00:00, run_after=2026-06-18T01:59:00+00:00
[2026-06-18T18:19:03.093+0000] {processor.py:179} INFO - Processing /opt/airflow/dags/report_hourly_dag.py took 0.070 seconds
[2026-06-18T18:19:33.302+0000] {processor.py:157} INFO - Started process (PID=3168) to work on /opt/airflow/dags/report_hourly_dag.py
[2026-06-18T18:19:33.305+0000] {processor.py:829} INFO - Processing file /opt/airflow/dags/report_hourly_dag.py for tasks to queue
[2026-06-18T18:19:33.305+0000] {logging_mixin.py:154} INFO - [2026-06-18T18:19:33.305+0000] {dagbag.py:536} INFO - Filling up the DagBag from /opt/airflow/dags/report_hourly_dag.py
[2026-06-18T18:19:33.315+0000] {processor.py:839} INFO - DAG(s) dict_keys(['report_hourly_dag']) retrieved from /opt/airflow/dags/report_hourly_dag.py
[2026-06-18T18:19:33.335+0000] {logging_mixin.py:154} INFO - [2026-06-18T18:19:33.334+0000] {dag.py:2941} INFO - Sync 1 DAGs
[2026-06-18T18:19:33.352+0000] {logging_mixin.py:154} INFO - [2026-06-18T18:19:33.351+0000] {dag.py:3722} INFO - Setting next_dagrun for report_hourly_dag to 2026-06-18T01:58:00+00:00, run_after=2026-06-18T01:59:00+00:00
[2026-06-18T18:19:33.364+0000] {processor.py:179} INFO - Processing /opt/airflow/dags/report_hourly_dag.py took 0.066 seconds
[2026-06-18T18:20:03.592+0000] {processor.py:157} INFO - Started process (PID=3183) to work on /opt/airflow/dags/report_hourly_dag.py
[2026-06-18T18:20:03.593+0000] {processor.py:829} INFO - Processing file /opt/airflow/dags/report_hourly_dag.py for tasks to queue
[2026-06-18T18:20:03.593+0000] {logging_mixin.py:154} INFO - [2026-06-18T18:20:03.593+0000] {dagbag.py:536} INFO - Filling up the DagBag from /opt/airflow/dags/report_hourly_dag.py
[2026-06-18T18:20:03.603+0000] {processor.py:839} INFO - DAG(s) dict_keys(['report_hourly_dag']) retrieved from /opt/airflow/dags/report_hourly_dag.py
[2026-06-18T18:20:03.619+0000] {logging_mixin.py:154} INFO - [2026-06-18T18:20:03.619+0000] {dag.py:2941} INFO - Sync 1 DAGs
[2026-06-18T18:20:03.636+0000] {logging_mixin.py:154} INFO - [2026-06-18T18:20:03.636+0000] {dag.py:3722} INFO - Setting next_dagrun for report_hourly_dag to 2026-06-18T01:58:00+00:00, run_after=2026-06-18T01:59:00+00:00
[2026-06-18T18:20:03.650+0000] {processor.py:179} INFO - Processing /opt/airflow/dags/report_hourly_dag.py took 0.061 seconds
[2026-06-18T18:20:33.867+0000] {processor.py:157} INFO - Started process (PID=3198) to work on /opt/airflow/dags/report_hourly_dag.py
[2026-06-18T18:20:33.868+0000] {processor.py:829} INFO - Processing file /opt/airflow/dags/report_hourly_dag.py for tasks to queue
[2026-06-18T18:20:33.868+0000] {logging_mixin.py:154} INFO - [2026-06-18T18:20:33.868+0000] {dagbag.py:536} INFO - Filling up the DagBag from /opt/airflow/dags/report_hourly_dag.py
[2026-06-18T18:20:33.878+0000] {processor.py:839} INFO - DAG(s) dict_keys(['report_hourly_dag']) retrieved from /opt/airflow/dags/report_hourly_dag.py
[2026-06-18T18:20:33.895+0000] {logging_mixin.py:154} INFO - [2026-06-18T18:20:33.894+0000] {dag.py:2941} INFO - Sync 1 DAGs
[2026-06-18T18:20:33.912+0000] {logging_mixin.py:154} INFO - [2026-06-18T18:20:33.911+0000] {dag.py:3722} INFO - Setting next_dagrun for report_hourly_dag to 2026-06-18T01:58:00+00:00, run_after=2026-06-18T01:59:00+00:00
[2026-06-18T18:20:33.923+0000] {processor.py:179} INFO - Processing /opt/airflow/dags/report_hourly_dag.py took 0.061 seconds
[2026-06-18T18:21:04.144+0000] {processor.py:157} INFO - Started process (PID=3213) to work on /opt/airflow/dags/report_hourly_dag.py
[2026-06-18T18:21:04.145+0000] {processor.py:829} INFO - Processing file /opt/airflow/dags/report_hourly_dag.py for tasks to queue
[2026-06-18T18:21:04.146+0000] {logging_mixin.py:154} INFO - [2026-06-18T18:21:04.146+0000] {dagbag.py:536} INFO - Filling up the DagBag from /opt/airflow/dags/report_hourly_dag.py
[2026-06-18T18:21:04.159+0000] {processor.py:839} INFO - DAG(s) dict_keys(['report_hourly_dag']) retrieved from /opt/airflow/dags/report_hourly_dag.py
[2026-06-18T18:21:04.178+0000] {logging_mixin.py:154} INFO - [2026-06-18T18:21:04.178+0000] {dag.py:2941} INFO - Sync 1 DAGs
[2026-06-18T18:21:04.201+0000] {logging_mixin.py:154} INFO - [2026-06-18T18:21:04.201+0000] {dag.py:3722} INFO - Setting next_dagrun for report_hourly_dag to 2026-06-18T01:58:00+00:00, run_after=2026-06-18T01:59:00+00:00
[2026-06-18T18:21:04.214+0000] {processor.py:179} INFO - Processing /opt/airflow/dags/report_hourly_dag.py took 0.074 seconds
[2026-06-18T18:21:34.437+0000] {processor.py:157} INFO - Started process (PID=3228) to work on /opt/airflow/dags/report_hourly_dag.py
[2026-06-18T18:21:34.439+0000] {processor.py:829} INFO - Processing file /opt/airflow/dags/report_hourly_dag.py for tasks to queue
[2026-06-18T18:21:34.440+0000] {logging_mixin.py:154} INFO - [2026-06-18T18:21:34.440+0000] {dagbag.py:536} INFO - Filling up the DagBag from /opt/airflow/dags/report_hourly_dag.py
[2026-06-18T18:21:34.449+0000] {processor.py:839} INFO - DAG(s) dict_keys(['report_hourly_dag']) retrieved from /opt/airflow/dags/report_hourly_dag.py
[2026-06-18T18:21:34.465+0000] {logging_mixin.py:154} INFO - [2026-06-18T18:21:34.465+0000] {dag.py:2941} INFO - Sync 1 DAGs
[2026-06-18T18:21:34.481+0000] {logging_mixin.py:154} INFO - [2026-06-18T18:21:34.481+0000] {dag.py:3722} INFO - Setting next_dagrun for report_hourly_dag to 2026-06-18T01:58:00+00:00, run_after=2026-06-18T01:59:00+00:00
[2026-06-18T18:21:34.493+0000] {processor.py:179} INFO - Processing /opt/airflow/dags/report_hourly_dag.py took 0.059 seconds
[2026-06-18T18:22:04.713+0000] {processor.py:157} INFO - Started process (PID=3243) to work on /opt/airflow/dags/report_hourly_dag.py
[2026-06-18T18:22:04.714+0000] {processor.py:829} INFO - Processing file /opt/airflow/dags/report_hourly_dag.py for tasks to queue
[2026-06-18T18:22:04.714+0000] {logging_mixin.py:154} INFO - [2026-06-18T18:22:04.714+0000] {dagbag.py:536} INFO - Filling up the DagBag from /opt/airflow/dags/report_hourly_dag.py
[2026-06-18T18:22:04.725+0000] {processor.py:839} INFO - DAG(s) dict_keys(['report_hourly_dag']) retrieved from /opt/airflow/dags/report_hourly_dag.py
[2026-06-18T18:22:04.741+0000] {logging_mixin.py:154} INFO - [2026-06-18T18:22:04.741+0000] {dag.py:2941} INFO - Sync 1 DAGs
[2026-06-18T18:22:04.757+0000] {logging_mixin.py:154} INFO - [2026-06-18T18:22:04.757+0000] {dag.py:3722} INFO - Setting next_dagrun for report_hourly_dag to 2026-06-18T01:58:00+00:00, run_after=2026-06-18T01:59:00+00:00
[2026-06-18T18:22:04.773+0000] {processor.py:179} INFO - Processing /opt/airflow/dags/report_hourly_dag.py took 0.064 seconds
[2026-06-18T18:22:34.972+0000] {processor.py:157} INFO - Started process (PID=3258) to work on /opt/airflow/dags/report_hourly_dag.py
[2026-06-18T18:22:34.977+0000] {processor.py:829} INFO - Processing file /opt/airflow/dags/report_hourly_dag.py for tasks to queue
[2026-06-18T18:22:34.977+0000] {logging_mixin.py:154} INFO - [2026-06-18T18:22:34.977+0000] {dagbag.py:536} INFO - Filling up the DagBag from /opt/airflow/dags/report_hourly_dag.py
[2026-06-18T18:22:34.985+0000] {processor.py:839} INFO - DAG(s) dict_keys(['report_hourly_dag']) retrieved from /opt/airflow/dags/report_hourly_dag.py
[2026-06-18T18:22:35.001+0000] {logging_mixin.py:154} INFO - [2026-06-18T18:22:35.001+0000] {dag.py:2941} INFO - Sync 1 DAGs
[2026-06-18T18:22:35.018+0000] {logging_mixin.py:154} INFO - [2026-06-18T18:22:35.018+0000] {dag.py:3722} INFO - Setting next_dagrun for report_hourly_dag to 2026-06-18T01:58:00+00:00, run_after=2026-06-18T01:59:00+00:00
[2026-06-18T18:22:35.030+0000] {processor.py:179} INFO - Processing /opt/airflow/dags/report_hourly_dag.py took 0.060 seconds
[2026-06-18T18:23:05.232+0000] {processor.py:157} INFO - Started process (PID=3273) to work on /opt/airflow/dags/report_hourly_dag.py
[2026-06-18T18:23:05.236+0000] {processor.py:829} INFO - Processing file /opt/airflow/dags/report_hourly_dag.py for tasks to queue
[2026-06-18T18:23:05.236+0000] {logging_mixin.py:154} INFO - [2026-06-18T18:23:05.236+0000] {dagbag.py:536} INFO - Filling up the DagBag from /opt/airflow/dags/report_hourly_dag.py
[2026-06-18T18:23:05.246+0000] {processor.py:839} INFO - DAG(s) dict_keys(['report_hourly_dag']) retrieved from /opt/airflow/dags/report_hourly_dag.py
[2026-06-18T18:23:05.266+0000] {logging_mixin.py:154} INFO - [2026-06-18T18:23:05.266+0000] {dag.py:2941} INFO - Sync 1 DAGs
[2026-06-18T18:23:05.289+0000] {logging_mixin.py:154} INFO - [2026-06-18T18:23:05.289+0000] {dag.py:3722} INFO - Setting next_dagrun for report_hourly_dag to 2026-06-18T01:58:00+00:00, run_after=2026-06-18T01:59:00+00:00
[2026-06-18T18:23:05.305+0000] {processor.py:179} INFO - Processing /opt/airflow/dags/report_hourly_dag.py took 0.076 seconds
[2026-06-18T18:23:35.541+0000] {processor.py:157} INFO - Started process (PID=3288) to work on /opt/airflow/dags/report_hourly_dag.py
[2026-06-18T18:23:35.542+0000] {processor.py:829} INFO - Processing file /opt/airflow/dags/report_hourly_dag.py for tasks to queue
[2026-06-18T18:23:35.542+0000] {logging_mixin.py:154} INFO - [2026-06-18T18:23:35.542+0000] {dagbag.py:536} INFO - Filling up the DagBag from /opt/airflow/dags/report_hourly_dag.py
[2026-06-18T18:23:35.551+0000] {processor.py:839} INFO - DAG(s) dict_keys(['report_hourly_dag']) retrieved from /opt/airflow/dags/report_hourly_dag.py
[2026-06-18T18:23:35.571+0000] {logging_mixin.py:154} INFO - [2026-06-18T18:23:35.571+0000] {dag.py:2941} INFO - Sync 1 DAGs
[2026-06-18T18:23:35.591+0000] {logging_mixin.py:154} INFO - [2026-06-18T18:23:35.591+0000] {dag.py:3722} INFO - Setting next_dagrun for report_hourly_dag to 2026-06-18T01:58:00+00:00, run_after=2026-06-18T01:59:00+00:00
[2026-06-18T18:23:35.604+0000] {processor.py:179} INFO - Processing /opt/airflow/dags/report_hourly_dag.py took 0.067 seconds
[2026-06-18T18:24:05.823+0000] {processor.py:157} INFO - Started process (PID=3303) to work on /opt/airflow/dags/report_hourly_dag.py
[2026-06-18T18:24:05.824+0000] {processor.py:829} INFO - Processing file /opt/airflow/dags/report_hourly_dag.py for tasks to queue
[2026-06-18T18:24:05.825+0000] {logging_mixin.py:154} INFO - [2026-06-18T18:24:05.825+0000] {dagbag.py:536} INFO - Filling up the DagBag from /opt/airflow/dags/report_hourly_dag.py
[2026-06-18T18:24:05.838+0000] {processor.py:839} INFO - DAG(s) dict_keys(['report_hourly_dag']) retrieved from /opt/airflow/dags/report_hourly_dag.py
[2026-06-18T18:24:05.854+0000] {logging_mixin.py:154} INFO - [2026-06-18T18:24:05.853+0000] {dag.py:2941} INFO - Sync 1 DAGs
[2026-06-18T18:24:05.870+0000] {logging_mixin.py:154} INFO - [2026-06-18T18:24:05.869+0000] {dag.py:3722} INFO - Setting next_dagrun for report_hourly_dag to 2026-06-18T01:58:00+00:00, run_after=2026-06-18T01:59:00+00:00
[2026-06-18T18:24:05.882+0000] {processor.py:179} INFO - Processing /opt/airflow/dags/report_hourly_dag.py took 0.064 seconds
[2026-06-18T18:24:36.106+0000] {processor.py:157} INFO - Started process (PID=3318) to work on /opt/airflow/dags/report_hourly_dag.py
[2026-06-18T18:24:36.109+0000] {processor.py:829} INFO - Processing file /opt/airflow/dags/report_hourly_dag.py for tasks to queue
[2026-06-18T18:24:36.109+0000] {logging_mixin.py:154} INFO - [2026-06-18T18:24:36.109+0000] {dagbag.py:536} INFO - Filling up the DagBag from /opt/airflow/dags/report_hourly_dag.py
[2026-06-18T18:24:36.119+0000] {processor.py:839} INFO - DAG(s) dict_keys(['report_hourly_dag']) retrieved from /opt/airflow/dags/report_hourly_dag.py
[2026-06-18T18:24:36.137+0000] {logging_mixin.py:154} INFO - [2026-06-18T18:24:36.137+0000] {dag.py:2941} INFO - Sync 1 DAGs
[2026-06-18T18:24:36.155+0000] {logging_mixin.py:154} INFO - [2026-06-18T18:24:36.154+0000] {dag.py:3722} INFO - Setting next_dagrun for report_hourly_dag to 2026-06-18T01:58:00+00:00, run_after=2026-06-18T01:59:00+00:00
[2026-06-18T18:24:36.169+0000] {processor.py:179} INFO - Processing /opt/airflow/dags/report_hourly_dag.py took 0.067 seconds
[2026-06-18T18:25:06.389+0000] {processor.py:157} INFO - Started process (PID=3333) to work on /opt/airflow/dags/report_hourly_dag.py
[2026-06-18T18:25:06.389+0000] {processor.py:829} INFO - Processing file /opt/airflow/dags/report_hourly_dag.py for tasks to queue
[2026-06-18T18:25:06.390+0000] {logging_mixin.py:154} INFO - [2026-06-18T18:25:06.390+0000] {dagbag.py:536} INFO - Filling up the DagBag from /opt/airflow/dags/report_hourly_dag.py
[2026-06-18T18:25:06.401+0000] {processor.py:839} INFO - DAG(s) dict_keys(['report_hourly_dag']) retrieved from /opt/airflow/dags/report_hourly_dag.py
[2026-06-18T18:25:06.416+0000] {logging_mixin.py:154} INFO - [2026-06-18T18:25:06.415+0000] {dag.py:2941} INFO - Sync 1 DAGs
[2026-06-18T18:25:06.432+0000] {logging_mixin.py:154} INFO - [2026-06-18T18:25:06.432+0000] {dag.py:3722} INFO - Setting next_dagrun for report_hourly_dag to 2026-06-18T01:58:00+00:00, run_after=2026-06-18T01:59:00+00:00
[2026-06-18T18:25:06.443+0000] {processor.py:179} INFO - Processing /opt/airflow/dags/report_hourly_dag.py took 0.058 seconds
[2026-06-18T18:25:36.662+0000] {processor.py:157} INFO - Started process (PID=3348) to work on /opt/airflow/dags/report_hourly_dag.py
[2026-06-18T18:25:36.664+0000] {processor.py:829} INFO - Processing file /opt/airflow/dags/report_hourly_dag.py for tasks to queue
[2026-06-18T18:25:36.665+0000] {logging_mixin.py:154} INFO - [2026-06-18T18:25:36.664+0000] {dagbag.py:536} INFO - Filling up the DagBag from /opt/airflow/dags/report_hourly_dag.py
[2026-06-18T18:25:36.678+0000] {processor.py:839} INFO - DAG(s) dict_keys(['report_hourly_dag']) retrieved from /opt/airflow/dags/report_hourly_dag.py
[2026-06-18T18:25:36.696+0000] {logging_mixin.py:154} INFO - [2026-06-18T18:25:36.696+0000] {dag.py:2941} INFO - Sync 1 DAGs
[2026-06-18T18:25:36.714+0000] {logging_mixin.py:154} INFO - [2026-06-18T18:25:36.714+0000] {dag.py:3722} INFO - Setting next_dagrun for report_hourly_dag to 2026-06-18T01:58:00+00:00, run_after=2026-06-18T01:59:00+00:00
[2026-06-18T18:25:36.727+0000] {processor.py:179} INFO - Processing /opt/airflow/dags/report_hourly_dag.py took 0.070 seconds
[2026-06-18T18:26:06.940+0000] {processor.py:157} INFO - Started process (PID=3363) to work on /opt/airflow/dags/report_hourly_dag.py
[2026-06-18T18:26:06.941+0000] {processor.py:829} INFO - Processing file /opt/airflow/dags/report_hourly_dag.py for tasks to queue
[2026-06-18T18:26:06.942+0000] {logging_mixin.py:154} INFO - [2026-06-18T18:26:06.941+0000] {dagbag.py:536} INFO - Filling up the DagBag from /opt/airflow/dags/report_hourly_dag.py
[2026-06-18T18:26:06.951+0000] {processor.py:839} INFO - DAG(s) dict_keys(['report_hourly_dag']) retrieved from /opt/airflow/dags/report_hourly_dag.py
[2026-06-18T18:26:06.966+0000] {logging_mixin.py:154} INFO - [2026-06-18T18:26:06.966+0000] {dag.py:2941} INFO - Sync 1 DAGs
[2026-06-18T18:26:06.983+0000] {logging_mixin.py:154} INFO - [2026-06-18T18:26:06.983+0000] {dag.py:3722} INFO - Setting next_dagrun for report_hourly_dag to 2026-06-18T01:58:00+00:00, run_after=2026-06-18T01:59:00+00:00
[2026-06-18T18:26:06.999+0000] {processor.py:179} INFO - Processing /opt/airflow/dags/report_hourly_dag.py took 0.062 seconds
[2026-06-18T18:26:37.226+0000] {processor.py:157} INFO - Started process (PID=3378) to work on /opt/airflow/dags/report_hourly_dag.py
[2026-06-18T18:26:37.228+0000] {processor.py:829} INFO - Processing file /opt/airflow/dags/report_hourly_dag.py for tasks to queue
[2026-06-18T18:26:37.228+0000] {logging_mixin.py:154} INFO - [2026-06-18T18:26:37.228+0000] {dagbag.py:536} INFO - Filling up the DagBag from /opt/airflow/dags/report_hourly_dag.py
[2026-06-18T18:26:37.238+0000] {processor.py:839} INFO - DAG(s) dict_keys(['report_hourly_dag']) retrieved from /opt/airflow/dags/report_hourly_dag.py
[2026-06-18T18:26:37.260+0000] {logging_mixin.py:154} INFO - [2026-06-18T18:26:37.260+0000] {dag.py:2941} INFO - Sync 1 DAGs
[2026-06-18T18:26:37.278+0000] {logging_mixin.py:154} INFO - [2026-06-18T18:26:37.278+0000] {dag.py:3722} INFO - Setting next_dagrun for report_hourly_dag to 2026-06-18T01:58:00+00:00, run_after=2026-06-18T01:59:00+00:00
[2026-06-18T18:26:37.290+0000] {processor.py:179} INFO - Processing /opt/airflow/dags/report_hourly_dag.py took 0.068 seconds
[2026-06-18T18:27:07.513+0000] {processor.py:157} INFO - Started process (PID=3393) to work on /opt/airflow/dags/report_hourly_dag.py
[2026-06-18T18:27:07.513+0000] {processor.py:829} INFO - Processing file /opt/airflow/dags/report_hourly_dag.py for tasks to queue
[2026-06-18T18:27:07.514+0000] {logging_mixin.py:154} INFO - [2026-06-18T18:27:07.514+0000] {dagbag.py:536} INFO - Filling up the DagBag from /opt/airflow/dags/report_hourly_dag.py
[2026-06-18T18:27:07.524+0000] {processor.py:839} INFO - DAG(s) dict_keys(['report_hourly_dag']) retrieved from /opt/airflow/dags/report_hourly_dag.py
[2026-06-18T18:27:07.542+0000] {logging_mixin.py:154} INFO - [2026-06-18T18:27:07.542+0000] {dag.py:2941} INFO - Sync 1 DAGs
[2026-06-18T18:27:07.565+0000] {logging_mixin.py:154} INFO - [2026-06-18T18:27:07.565+0000] {dag.py:3722} INFO - Setting next_dagrun for report_hourly_dag to 2026-06-18T01:58:00+00:00, run_after=2026-06-18T01:59:00+00:00
[2026-06-18T18:27:07.579+0000] {processor.py:179} INFO - Processing /opt/airflow/dags/report_hourly_dag.py took 0.069 seconds
[2026-06-18T18:27:37.786+0000] {processor.py:157} INFO - Started process (PID=3408) to work on /opt/airflow/dags/report_hourly_dag.py
[2026-06-18T18:27:37.789+0000] {processor.py:829} INFO - Processing file /opt/airflow/dags/report_hourly_dag.py for tasks to queue
[2026-06-18T18:27:37.790+0000] {logging_mixin.py:154} INFO - [2026-06-18T18:27:37.789+0000] {dagbag.py:536} INFO - Filling up the DagBag from /opt/airflow/dags/report_hourly_dag.py
[2026-06-18T18:27:37.802+0000] {processor.py:839} INFO - DAG(s) dict_keys(['report_hourly_dag']) retrieved from /opt/airflow/dags/report_hourly_dag.py
[2026-06-18T18:27:37.821+0000] {logging_mixin.py:154} INFO - [2026-06-18T18:27:37.821+0000] {dag.py:2941} INFO - Sync 1 DAGs
[2026-06-18T18:27:37.837+0000] {logging_mixin.py:154} INFO - [2026-06-18T18:27:37.837+0000] {dag.py:3722} INFO - Setting next_dagrun for report_hourly_dag to 2026-06-18T01:58:00+00:00, run_after=2026-06-18T01:59:00+00:00
[2026-06-18T18:27:37.849+0000] {processor.py:179} INFO - Processing /opt/airflow/dags/report_hourly_dag.py took 0.067 seconds
[2026-06-18T18:28:08.070+0000] {processor.py:157} INFO - Started process (PID=3423) to work on /opt/airflow/dags/report_hourly_dag.py
[2026-06-18T18:28:08.071+0000] {processor.py:829} INFO - Processing file /opt/airflow/dags/report_hourly_dag.py for tasks to queue
[2026-06-18T18:28:08.072+0000] {logging_mixin.py:154} INFO - [2026-06-18T18:28:08.071+0000] {dagbag.py:536} INFO - Filling up the DagBag from /opt/airflow/dags/report_hourly_dag.py
[2026-06-18T18:28:08.082+0000] {processor.py:839} INFO - DAG(s) dict_keys(['report_hourly_dag']) retrieved from /opt/airflow/dags/report_hourly_dag.py
[2026-06-18T18:28:08.102+0000] {logging_mixin.py:154} INFO - [2026-06-18T18:28:08.102+0000] {dag.py:2941} INFO - Sync 1 DAGs
[2026-06-18T18:28:08.120+0000] {logging_mixin.py:154} INFO - [2026-06-18T18:28:08.120+0000] {dag.py:3722} INFO - Setting next_dagrun for report_hourly_dag to 2026-06-18T01:58:00+00:00, run_after=2026-06-18T01:59:00+00:00
[2026-06-18T18:28:08.136+0000] {processor.py:179} INFO - Processing /opt/airflow/dags/report_hourly_dag.py took 0.069 seconds
[2026-06-18T18:28:38.368+0000] {processor.py:157} INFO - Started process (PID=3438) to work on /opt/airflow/dags/report_hourly_dag.py
[2026-06-18T18:28:38.370+0000] {processor.py:829} INFO - Processing file /opt/airflow/dags/report_hourly_dag.py for tasks to queue
[2026-06-18T18:28:38.371+0000] {logging_mixin.py:154} INFO - [2026-06-18T18:28:38.371+0000] {dagbag.py:536} INFO - Filling up the DagBag from /opt/airflow/dags/report_hourly_dag.py
[2026-06-18T18:28:38.381+0000] {processor.py:839} INFO - DAG(s) dict_keys(['report_hourly_dag']) retrieved from /opt/airflow/dags/report_hourly_dag.py
[2026-06-18T18:28:38.398+0000] {logging_mixin.py:154} INFO - [2026-06-18T18:28:38.398+0000] {dag.py:2941} INFO - Sync 1 DAGs
[2026-06-18T18:28:38.418+0000] {logging_mixin.py:154} INFO - [2026-06-18T18:28:38.418+0000] {dag.py:3722} INFO - Setting next_dagrun for report_hourly_dag to 2026-06-18T01:58:00+00:00, run_after=2026-06-18T01:59:00+00:00
[2026-06-18T18:28:38.437+0000] {processor.py:179} INFO - Processing /opt/airflow/dags/report_hourly_dag.py took 0.072 seconds
[2026-06-18T18:29:08.638+0000] {processor.py:157} INFO - Started process (PID=3453) to work on /opt/airflow/dags/report_hourly_dag.py
[2026-06-18T18:29:08.639+0000] {processor.py:829} INFO - Processing file /opt/airflow/dags/report_hourly_dag.py for tasks to queue
[2026-06-18T18:29:08.640+0000] {logging_mixin.py:154} INFO - [2026-06-18T18:29:08.639+0000] {dagbag.py:536} INFO - Filling up the DagBag from /opt/airflow/dags/report_hourly_dag.py
[2026-06-18T18:29:08.651+0000] {processor.py:839} INFO - DAG(s) dict_keys(['report_hourly_dag']) retrieved from /opt/airflow/dags/report_hourly_dag.py
[2026-06-18T18:29:08.668+0000] {logging_mixin.py:154} INFO - [2026-06-18T18:29:08.668+0000] {dag.py:2941} INFO - Sync 1 DAGs
[2026-06-18T18:29:08.685+0000] {logging_mixin.py:154} INFO - [2026-06-18T18:29:08.684+0000] {dag.py:3722} INFO - Setting next_dagrun for report_hourly_dag to 2026-06-18T01:58:00+00:00, run_after=2026-06-18T01:59:00+00:00
[2026-06-18T18:29:08.697+0000] {processor.py:179} INFO - Processing /opt/airflow/dags/report_hourly_dag.py took 0.063 seconds
[2026-06-18T18:29:38.876+0000] {processor.py:157} INFO - Started process (PID=3468) to work on /opt/airflow/dags/report_hourly_dag.py
[2026-06-18T18:29:38.877+0000] {processor.py:829} INFO - Processing file /opt/airflow/dags/report_hourly_dag.py for tasks to queue
[2026-06-18T18:29:38.878+0000] {logging_mixin.py:154} INFO - [2026-06-18T18:29:38.878+0000] {dagbag.py:536} INFO - Filling up the DagBag from /opt/airflow/dags/report_hourly_dag.py
[2026-06-18T18:29:38.890+0000] {processor.py:839} INFO - DAG(s) dict_keys(['report_hourly_dag']) retrieved from /opt/airflow/dags/report_hourly_dag.py
[2026-06-18T18:29:38.906+0000] {logging_mixin.py:154} INFO - [2026-06-18T18:29:38.906+0000] {dag.py:2941} INFO - Sync 1 DAGs
[2026-06-18T18:29:38.926+0000] {logging_mixin.py:154} INFO - [2026-06-18T18:29:38.926+0000] {dag.py:3722} INFO - Setting next_dagrun for report_hourly_dag to 2026-06-18T01:58:00+00:00, run_after=2026-06-18T01:59:00+00:00
[2026-06-18T18:29:38.939+0000] {processor.py:179} INFO - Processing /opt/airflow/dags/report_hourly_dag.py took 0.066 seconds
[2026-06-18T18:30:09.160+0000] {processor.py:157} INFO - Started process (PID=3483) to work on /opt/airflow/dags/report_hourly_dag.py
[2026-06-18T18:30:09.161+0000] {processor.py:829} INFO - Processing file /opt/airflow/dags/report_hourly_dag.py for tasks to queue
[2026-06-18T18:30:09.163+0000] {logging_mixin.py:154} INFO - [2026-06-18T18:30:09.162+0000] {dagbag.py:536} INFO - Filling up the DagBag from /opt/airflow/dags/report_hourly_dag.py
[2026-06-18T18:30:09.177+0000] {processor.py:839} INFO - DAG(s) dict_keys(['report_hourly_dag']) retrieved from /opt/airflow/dags/report_hourly_dag.py
[2026-06-18T18:30:09.194+0000] {logging_mixin.py:154} INFO - [2026-06-18T18:30:09.194+0000] {dag.py:2941} INFO - Sync 1 DAGs
[2026-06-18T18:30:09.210+0000] {logging_mixin.py:154} INFO - [2026-06-18T18:30:09.210+0000] {dag.py:3722} INFO - Setting next_dagrun for report_hourly_dag to 2026-06-18T01:58:00+00:00, run_after=2026-06-18T01:59:00+00:00
[2026-06-18T18:30:09.223+0000] {processor.py:179} INFO - Processing /opt/airflow/dags/report_hourly_dag.py took 0.069 seconds
