[2026-06-07T21:10:34.062+0000] {processor.py:157} INFO - Started process (PID=1318) to work on /opt/airflow/dags/S3_UPLOAD_BRONZE_DAG.py
[2026-06-07T21:10:34.063+0000] {processor.py:829} INFO - Processing file /opt/airflow/dags/S3_UPLOAD_BRONZE_DAG.py for tasks to queue
[2026-06-07T21:10:34.064+0000] {logging_mixin.py:154} INFO - [2026-06-07T21:10:34.063+0000] {dagbag.py:536} INFO - Filling up the DagBag from /opt/airflow/dags/S3_UPLOAD_BRONZE_DAG.py
[2026-06-07T21:10:34.081+0000] {processor.py:839} INFO - DAG(s) dict_keys(['daily_vulnerability_ingestion']) retrieved from /opt/airflow/dags/S3_UPLOAD_BRONZE_DAG.py
[2026-06-07T21:10:34.189+0000] {logging_mixin.py:154} INFO - [2026-06-07T21:10:34.189+0000] {dag.py:2941} INFO - Sync 1 DAGs
[2026-06-07T21:10:34.205+0000] {logging_mixin.py:154} INFO - [2026-06-07T21:10:34.205+0000] {dag.py:3722} INFO - Setting next_dagrun for daily_vulnerability_ingestion to 2026-06-07T14:52:05.384041+00:00, run_after=2026-06-08T14:52:05.384041+00:00
[2026-06-07T21:10:34.223+0000] {processor.py:179} INFO - Processing /opt/airflow/dags/S3_UPLOAD_BRONZE_DAG.py took 0.165 seconds
[2026-06-07T21:11:04.267+0000] {processor.py:157} INFO - Started process (PID=1323) to work on /opt/airflow/dags/S3_UPLOAD_BRONZE_DAG.py
[2026-06-07T21:11:04.268+0000] {processor.py:829} INFO - Processing file /opt/airflow/dags/S3_UPLOAD_BRONZE_DAG.py for tasks to queue
[2026-06-07T21:11:04.269+0000] {logging_mixin.py:154} INFO - [2026-06-07T21:11:04.269+0000] {dagbag.py:536} INFO - Filling up the DagBag from /opt/airflow/dags/S3_UPLOAD_BRONZE_DAG.py
[2026-06-07T21:11:04.284+0000] {processor.py:839} INFO - DAG(s) dict_keys(['daily_vulnerability_ingestion']) retrieved from /opt/airflow/dags/S3_UPLOAD_BRONZE_DAG.py
[2026-06-07T21:11:04.305+0000] {logging_mixin.py:154} INFO - [2026-06-07T21:11:04.305+0000] {dag.py:2941} INFO - Sync 1 DAGs
[2026-06-07T21:11:04.323+0000] {logging_mixin.py:154} INFO - [2026-06-07T21:11:04.323+0000] {dag.py:3722} INFO - Setting next_dagrun for daily_vulnerability_ingestion to 2026-06-07T14:52:05.384041+00:00, run_after=2026-06-08T14:52:05.384041+00:00
[2026-06-07T21:11:04.338+0000] {processor.py:179} INFO - Processing /opt/airflow/dags/S3_UPLOAD_BRONZE_DAG.py took 0.075 seconds
[2026-06-07T21:11:34.439+0000] {processor.py:157} INFO - Started process (PID=1328) to work on /opt/airflow/dags/S3_UPLOAD_BRONZE_DAG.py
[2026-06-07T21:11:34.441+0000] {processor.py:829} INFO - Processing file /opt/airflow/dags/S3_UPLOAD_BRONZE_DAG.py for tasks to queue
[2026-06-07T21:11:34.442+0000] {logging_mixin.py:154} INFO - [2026-06-07T21:11:34.442+0000] {dagbag.py:536} INFO - Filling up the DagBag from /opt/airflow/dags/S3_UPLOAD_BRONZE_DAG.py
[2026-06-07T21:11:34.455+0000] {processor.py:839} INFO - DAG(s) dict_keys(['daily_vulnerability_ingestion']) retrieved from /opt/airflow/dags/S3_UPLOAD_BRONZE_DAG.py
[2026-06-07T21:11:34.475+0000] {logging_mixin.py:154} INFO - [2026-06-07T21:11:34.475+0000] {dag.py:2941} INFO - Sync 1 DAGs
[2026-06-07T21:11:34.494+0000] {logging_mixin.py:154} INFO - [2026-06-07T21:11:34.494+0000] {dag.py:3722} INFO - Setting next_dagrun for daily_vulnerability_ingestion to 2026-06-07T14:52:05.384041+00:00, run_after=2026-06-08T14:52:05.384041+00:00
[2026-06-07T21:11:34.507+0000] {processor.py:179} INFO - Processing /opt/airflow/dags/S3_UPLOAD_BRONZE_DAG.py took 0.070 seconds
[2026-06-07T21:12:04.683+0000] {processor.py:157} INFO - Started process (PID=1333) to work on /opt/airflow/dags/S3_UPLOAD_BRONZE_DAG.py
[2026-06-07T21:12:04.684+0000] {processor.py:829} INFO - Processing file /opt/airflow/dags/S3_UPLOAD_BRONZE_DAG.py for tasks to queue
[2026-06-07T21:12:04.684+0000] {logging_mixin.py:154} INFO - [2026-06-07T21:12:04.684+0000] {dagbag.py:536} INFO - Filling up the DagBag from /opt/airflow/dags/S3_UPLOAD_BRONZE_DAG.py
[2026-06-07T21:12:04.700+0000] {processor.py:839} INFO - DAG(s) dict_keys(['daily_vulnerability_ingestion']) retrieved from /opt/airflow/dags/S3_UPLOAD_BRONZE_DAG.py
[2026-06-07T21:12:04.720+0000] {logging_mixin.py:154} INFO - [2026-06-07T21:12:04.720+0000] {dag.py:2941} INFO - Sync 1 DAGs
[2026-06-07T21:12:04.738+0000] {logging_mixin.py:154} INFO - [2026-06-07T21:12:04.738+0000] {dag.py:3722} INFO - Setting next_dagrun for daily_vulnerability_ingestion to 2026-06-07T14:52:05.384041+00:00, run_after=2026-06-08T14:52:05.384041+00:00
[2026-06-07T21:12:04.754+0000] {processor.py:179} INFO - Processing /opt/airflow/dags/S3_UPLOAD_BRONZE_DAG.py took 0.075 seconds
[2026-06-07T21:12:34.867+0000] {processor.py:157} INFO - Started process (PID=1338) to work on /opt/airflow/dags/S3_UPLOAD_BRONZE_DAG.py
[2026-06-07T21:12:34.876+0000] {processor.py:829} INFO - Processing file /opt/airflow/dags/S3_UPLOAD_BRONZE_DAG.py for tasks to queue
[2026-06-07T21:12:34.877+0000] {logging_mixin.py:154} INFO - [2026-06-07T21:12:34.877+0000] {dagbag.py:536} INFO - Filling up the DagBag from /opt/airflow/dags/S3_UPLOAD_BRONZE_DAG.py
[2026-06-07T21:12:34.897+0000] {processor.py:839} INFO - DAG(s) dict_keys(['daily_vulnerability_ingestion']) retrieved from /opt/airflow/dags/S3_UPLOAD_BRONZE_DAG.py
[2026-06-07T21:12:34.920+0000] {logging_mixin.py:154} INFO - [2026-06-07T21:12:34.919+0000] {dag.py:2941} INFO - Sync 1 DAGs
[2026-06-07T21:12:34.936+0000] {logging_mixin.py:154} INFO - [2026-06-07T21:12:34.936+0000] {dag.py:3722} INFO - Setting next_dagrun for daily_vulnerability_ingestion to 2026-06-07T14:52:05.384041+00:00, run_after=2026-06-08T14:52:05.384041+00:00
[2026-06-07T21:12:34.948+0000] {processor.py:179} INFO - Processing /opt/airflow/dags/S3_UPLOAD_BRONZE_DAG.py took 0.086 seconds
[2026-06-07T21:13:05.113+0000] {processor.py:157} INFO - Started process (PID=1343) to work on /opt/airflow/dags/S3_UPLOAD_BRONZE_DAG.py
[2026-06-07T21:13:05.113+0000] {processor.py:829} INFO - Processing file /opt/airflow/dags/S3_UPLOAD_BRONZE_DAG.py for tasks to queue
[2026-06-07T21:13:05.114+0000] {logging_mixin.py:154} INFO - [2026-06-07T21:13:05.114+0000] {dagbag.py:536} INFO - Filling up the DagBag from /opt/airflow/dags/S3_UPLOAD_BRONZE_DAG.py
[2026-06-07T21:13:05.129+0000] {processor.py:839} INFO - DAG(s) dict_keys(['daily_vulnerability_ingestion']) retrieved from /opt/airflow/dags/S3_UPLOAD_BRONZE_DAG.py
[2026-06-07T21:13:05.147+0000] {logging_mixin.py:154} INFO - [2026-06-07T21:13:05.147+0000] {dag.py:2941} INFO - Sync 1 DAGs
[2026-06-07T21:13:05.163+0000] {logging_mixin.py:154} INFO - [2026-06-07T21:13:05.163+0000] {dag.py:3722} INFO - Setting next_dagrun for daily_vulnerability_ingestion to 2026-06-07T14:52:05.384041+00:00, run_after=2026-06-08T14:52:05.384041+00:00
[2026-06-07T21:13:05.175+0000] {processor.py:179} INFO - Processing /opt/airflow/dags/S3_UPLOAD_BRONZE_DAG.py took 0.066 seconds
[2026-06-07T21:13:35.312+0000] {processor.py:157} INFO - Started process (PID=1348) to work on /opt/airflow/dags/S3_UPLOAD_BRONZE_DAG.py
[2026-06-07T21:13:35.321+0000] {processor.py:829} INFO - Processing file /opt/airflow/dags/S3_UPLOAD_BRONZE_DAG.py for tasks to queue
[2026-06-07T21:13:35.323+0000] {logging_mixin.py:154} INFO - [2026-06-07T21:13:35.322+0000] {dagbag.py:536} INFO - Filling up the DagBag from /opt/airflow/dags/S3_UPLOAD_BRONZE_DAG.py
[2026-06-07T21:13:35.343+0000] {processor.py:839} INFO - DAG(s) dict_keys(['daily_vulnerability_ingestion']) retrieved from /opt/airflow/dags/S3_UPLOAD_BRONZE_DAG.py
[2026-06-07T21:13:35.364+0000] {logging_mixin.py:154} INFO - [2026-06-07T21:13:35.364+0000] {dag.py:2941} INFO - Sync 1 DAGs
[2026-06-07T21:13:35.381+0000] {logging_mixin.py:154} INFO - [2026-06-07T21:13:35.381+0000] {dag.py:3722} INFO - Setting next_dagrun for daily_vulnerability_ingestion to 2026-06-07T14:52:05.384041+00:00, run_after=2026-06-08T14:52:05.384041+00:00
[2026-06-07T21:13:35.394+0000] {processor.py:179} INFO - Processing /opt/airflow/dags/S3_UPLOAD_BRONZE_DAG.py took 0.086 seconds
[2026-06-07T21:14:05.537+0000] {processor.py:157} INFO - Started process (PID=1353) to work on /opt/airflow/dags/S3_UPLOAD_BRONZE_DAG.py
[2026-06-07T21:14:05.538+0000] {processor.py:829} INFO - Processing file /opt/airflow/dags/S3_UPLOAD_BRONZE_DAG.py for tasks to queue
[2026-06-07T21:14:05.539+0000] {logging_mixin.py:154} INFO - [2026-06-07T21:14:05.538+0000] {dagbag.py:536} INFO - Filling up the DagBag from /opt/airflow/dags/S3_UPLOAD_BRONZE_DAG.py
[2026-06-07T21:14:05.559+0000] {processor.py:839} INFO - DAG(s) dict_keys(['daily_vulnerability_ingestion']) retrieved from /opt/airflow/dags/S3_UPLOAD_BRONZE_DAG.py
[2026-06-07T21:14:05.581+0000] {logging_mixin.py:154} INFO - [2026-06-07T21:14:05.580+0000] {dag.py:2941} INFO - Sync 1 DAGs
[2026-06-07T21:14:05.599+0000] {logging_mixin.py:154} INFO - [2026-06-07T21:14:05.598+0000] {dag.py:3722} INFO - Setting next_dagrun for daily_vulnerability_ingestion to 2026-06-07T14:52:05.384041+00:00, run_after=2026-06-08T14:52:05.384041+00:00
[2026-06-07T21:14:05.614+0000] {processor.py:179} INFO - Processing /opt/airflow/dags/S3_UPLOAD_BRONZE_DAG.py took 0.082 seconds
[2026-06-07T21:14:35.760+0000] {processor.py:157} INFO - Started process (PID=1358) to work on /opt/airflow/dags/S3_UPLOAD_BRONZE_DAG.py
[2026-06-07T21:14:35.761+0000] {processor.py:829} INFO - Processing file /opt/airflow/dags/S3_UPLOAD_BRONZE_DAG.py for tasks to queue
[2026-06-07T21:14:35.762+0000] {logging_mixin.py:154} INFO - [2026-06-07T21:14:35.762+0000] {dagbag.py:536} INFO - Filling up the DagBag from /opt/airflow/dags/S3_UPLOAD_BRONZE_DAG.py
[2026-06-07T21:14:35.779+0000] {processor.py:839} INFO - DAG(s) dict_keys(['daily_vulnerability_ingestion']) retrieved from /opt/airflow/dags/S3_UPLOAD_BRONZE_DAG.py
[2026-06-07T21:14:35.799+0000] {logging_mixin.py:154} INFO - [2026-06-07T21:14:35.799+0000] {dag.py:2941} INFO - Sync 1 DAGs
[2026-06-07T21:14:35.817+0000] {logging_mixin.py:154} INFO - [2026-06-07T21:14:35.817+0000] {dag.py:3722} INFO - Setting next_dagrun for daily_vulnerability_ingestion to 2026-06-07T14:52:05.384041+00:00, run_after=2026-06-08T14:52:05.384041+00:00
[2026-06-07T21:14:35.831+0000] {processor.py:179} INFO - Processing /opt/airflow/dags/S3_UPLOAD_BRONZE_DAG.py took 0.076 seconds
[2026-06-07T21:15:05.962+0000] {processor.py:157} INFO - Started process (PID=1363) to work on /opt/airflow/dags/S3_UPLOAD_BRONZE_DAG.py
[2026-06-07T21:15:05.963+0000] {processor.py:829} INFO - Processing file /opt/airflow/dags/S3_UPLOAD_BRONZE_DAG.py for tasks to queue
[2026-06-07T21:15:05.964+0000] {logging_mixin.py:154} INFO - [2026-06-07T21:15:05.963+0000] {dagbag.py:536} INFO - Filling up the DagBag from /opt/airflow/dags/S3_UPLOAD_BRONZE_DAG.py
[2026-06-07T21:15:05.979+0000] {processor.py:839} INFO - DAG(s) dict_keys(['daily_vulnerability_ingestion']) retrieved from /opt/airflow/dags/S3_UPLOAD_BRONZE_DAG.py
[2026-06-07T21:15:05.999+0000] {logging_mixin.py:154} INFO - [2026-06-07T21:15:05.999+0000] {dag.py:2941} INFO - Sync 1 DAGs
[2026-06-07T21:15:06.017+0000] {logging_mixin.py:154} INFO - [2026-06-07T21:15:06.017+0000] {dag.py:3722} INFO - Setting next_dagrun for daily_vulnerability_ingestion to 2026-06-07T14:52:05.384041+00:00, run_after=2026-06-08T14:52:05.384041+00:00
[2026-06-07T21:15:06.030+0000] {processor.py:179} INFO - Processing /opt/airflow/dags/S3_UPLOAD_BRONZE_DAG.py took 0.072 seconds
[2026-06-07T21:15:36.209+0000] {processor.py:157} INFO - Started process (PID=1368) to work on /opt/airflow/dags/S3_UPLOAD_BRONZE_DAG.py
[2026-06-07T21:15:36.218+0000] {processor.py:829} INFO - Processing file /opt/airflow/dags/S3_UPLOAD_BRONZE_DAG.py for tasks to queue
[2026-06-07T21:15:36.219+0000] {logging_mixin.py:154} INFO - [2026-06-07T21:15:36.219+0000] {dagbag.py:536} INFO - Filling up the DagBag from /opt/airflow/dags/S3_UPLOAD_BRONZE_DAG.py
[2026-06-07T21:15:36.231+0000] {processor.py:839} INFO - DAG(s) dict_keys(['daily_vulnerability_ingestion']) retrieved from /opt/airflow/dags/S3_UPLOAD_BRONZE_DAG.py
[2026-06-07T21:15:36.251+0000] {logging_mixin.py:154} INFO - [2026-06-07T21:15:36.251+0000] {dag.py:2941} INFO - Sync 1 DAGs
[2026-06-07T21:15:36.268+0000] {logging_mixin.py:154} INFO - [2026-06-07T21:15:36.267+0000] {dag.py:3722} INFO - Setting next_dagrun for daily_vulnerability_ingestion to 2026-06-07T14:52:05.384041+00:00, run_after=2026-06-08T14:52:05.384041+00:00
[2026-06-07T21:15:36.279+0000] {processor.py:179} INFO - Processing /opt/airflow/dags/S3_UPLOAD_BRONZE_DAG.py took 0.072 seconds
[2026-06-07T21:16:06.383+0000] {processor.py:157} INFO - Started process (PID=1373) to work on /opt/airflow/dags/S3_UPLOAD_BRONZE_DAG.py
[2026-06-07T21:16:06.383+0000] {processor.py:829} INFO - Processing file /opt/airflow/dags/S3_UPLOAD_BRONZE_DAG.py for tasks to queue
[2026-06-07T21:16:06.384+0000] {logging_mixin.py:154} INFO - [2026-06-07T21:16:06.383+0000] {dagbag.py:536} INFO - Filling up the DagBag from /opt/airflow/dags/S3_UPLOAD_BRONZE_DAG.py
[2026-06-07T21:16:06.395+0000] {processor.py:839} INFO - DAG(s) dict_keys(['daily_vulnerability_ingestion']) retrieved from /opt/airflow/dags/S3_UPLOAD_BRONZE_DAG.py
[2026-06-07T21:16:06.414+0000] {logging_mixin.py:154} INFO - [2026-06-07T21:16:06.414+0000] {dag.py:2941} INFO - Sync 1 DAGs
[2026-06-07T21:16:06.431+0000] {logging_mixin.py:154} INFO - [2026-06-07T21:16:06.431+0000] {dag.py:3722} INFO - Setting next_dagrun for daily_vulnerability_ingestion to 2026-06-07T14:52:05.384041+00:00, run_after=2026-06-08T14:52:05.384041+00:00
[2026-06-07T21:16:06.443+0000] {processor.py:179} INFO - Processing /opt/airflow/dags/S3_UPLOAD_BRONZE_DAG.py took 0.063 seconds
[2026-06-07T21:16:36.559+0000] {processor.py:157} INFO - Started process (PID=1378) to work on /opt/airflow/dags/S3_UPLOAD_BRONZE_DAG.py
[2026-06-07T21:16:36.567+0000] {processor.py:829} INFO - Processing file /opt/airflow/dags/S3_UPLOAD_BRONZE_DAG.py for tasks to queue
[2026-06-07T21:16:36.568+0000] {logging_mixin.py:154} INFO - [2026-06-07T21:16:36.568+0000] {dagbag.py:536} INFO - Filling up the DagBag from /opt/airflow/dags/S3_UPLOAD_BRONZE_DAG.py
[2026-06-07T21:16:36.580+0000] {processor.py:839} INFO - DAG(s) dict_keys(['daily_vulnerability_ingestion']) retrieved from /opt/airflow/dags/S3_UPLOAD_BRONZE_DAG.py
[2026-06-07T21:16:36.599+0000] {logging_mixin.py:154} INFO - [2026-06-07T21:16:36.599+0000] {dag.py:2941} INFO - Sync 1 DAGs
[2026-06-07T21:16:36.617+0000] {logging_mixin.py:154} INFO - [2026-06-07T21:16:36.616+0000] {dag.py:3722} INFO - Setting next_dagrun for daily_vulnerability_ingestion to 2026-06-07T14:52:05.384041+00:00, run_after=2026-06-08T14:52:05.384041+00:00
[2026-06-07T21:16:36.629+0000] {processor.py:179} INFO - Processing /opt/airflow/dags/S3_UPLOAD_BRONZE_DAG.py took 0.074 seconds
[2026-06-07T21:17:06.708+0000] {processor.py:157} INFO - Started process (PID=1383) to work on /opt/airflow/dags/S3_UPLOAD_BRONZE_DAG.py
[2026-06-07T21:17:06.709+0000] {processor.py:829} INFO - Processing file /opt/airflow/dags/S3_UPLOAD_BRONZE_DAG.py for tasks to queue
[2026-06-07T21:17:06.710+0000] {logging_mixin.py:154} INFO - [2026-06-07T21:17:06.710+0000] {dagbag.py:536} INFO - Filling up the DagBag from /opt/airflow/dags/S3_UPLOAD_BRONZE_DAG.py
[2026-06-07T21:17:06.725+0000] {processor.py:839} INFO - DAG(s) dict_keys(['daily_vulnerability_ingestion']) retrieved from /opt/airflow/dags/S3_UPLOAD_BRONZE_DAG.py
[2026-06-07T21:17:06.747+0000] {logging_mixin.py:154} INFO - [2026-06-07T21:17:06.747+0000] {dag.py:2941} INFO - Sync 1 DAGs
[2026-06-07T21:17:06.765+0000] {logging_mixin.py:154} INFO - [2026-06-07T21:17:06.765+0000] {dag.py:3722} INFO - Setting next_dagrun for daily_vulnerability_ingestion to 2026-06-07T14:52:05.384041+00:00, run_after=2026-06-08T14:52:05.384041+00:00
[2026-06-07T21:17:06.781+0000] {processor.py:179} INFO - Processing /opt/airflow/dags/S3_UPLOAD_BRONZE_DAG.py took 0.075 seconds
[2026-06-07T21:17:36.932+0000] {processor.py:157} INFO - Started process (PID=1388) to work on /opt/airflow/dags/S3_UPLOAD_BRONZE_DAG.py
[2026-06-07T21:17:36.933+0000] {processor.py:829} INFO - Processing file /opt/airflow/dags/S3_UPLOAD_BRONZE_DAG.py for tasks to queue
[2026-06-07T21:17:36.934+0000] {logging_mixin.py:154} INFO - [2026-06-07T21:17:36.934+0000] {dagbag.py:536} INFO - Filling up the DagBag from /opt/airflow/dags/S3_UPLOAD_BRONZE_DAG.py
[2026-06-07T21:17:36.947+0000] {processor.py:839} INFO - DAG(s) dict_keys(['daily_vulnerability_ingestion']) retrieved from /opt/airflow/dags/S3_UPLOAD_BRONZE_DAG.py
[2026-06-07T21:17:36.966+0000] {logging_mixin.py:154} INFO - [2026-06-07T21:17:36.966+0000] {dag.py:2941} INFO - Sync 1 DAGs
[2026-06-07T21:17:36.981+0000] {logging_mixin.py:154} INFO - [2026-06-07T21:17:36.981+0000] {dag.py:3722} INFO - Setting next_dagrun for daily_vulnerability_ingestion to 2026-06-07T14:52:05.384041+00:00, run_after=2026-06-08T14:52:05.384041+00:00
[2026-06-07T21:17:36.993+0000] {processor.py:179} INFO - Processing /opt/airflow/dags/S3_UPLOAD_BRONZE_DAG.py took 0.063 seconds
[2026-06-07T21:18:07.116+0000] {processor.py:157} INFO - Started process (PID=1393) to work on /opt/airflow/dags/S3_UPLOAD_BRONZE_DAG.py
[2026-06-07T21:18:07.117+0000] {processor.py:829} INFO - Processing file /opt/airflow/dags/S3_UPLOAD_BRONZE_DAG.py for tasks to queue
[2026-06-07T21:18:07.118+0000] {logging_mixin.py:154} INFO - [2026-06-07T21:18:07.117+0000] {dagbag.py:536} INFO - Filling up the DagBag from /opt/airflow/dags/S3_UPLOAD_BRONZE_DAG.py
[2026-06-07T21:18:07.137+0000] {processor.py:839} INFO - DAG(s) dict_keys(['daily_vulnerability_ingestion']) retrieved from /opt/airflow/dags/S3_UPLOAD_BRONZE_DAG.py
[2026-06-07T21:18:07.158+0000] {logging_mixin.py:154} INFO - [2026-06-07T21:18:07.157+0000] {dag.py:2941} INFO - Sync 1 DAGs
[2026-06-07T21:18:07.176+0000] {logging_mixin.py:154} INFO - [2026-06-07T21:18:07.176+0000] {dag.py:3722} INFO - Setting next_dagrun for daily_vulnerability_ingestion to 2026-06-07T14:52:05.384041+00:00, run_after=2026-06-08T14:52:05.384041+00:00
[2026-06-07T21:18:07.188+0000] {processor.py:179} INFO - Processing /opt/airflow/dags/S3_UPLOAD_BRONZE_DAG.py took 0.076 seconds
[2026-06-07T21:18:37.302+0000] {processor.py:157} INFO - Started process (PID=1398) to work on /opt/airflow/dags/S3_UPLOAD_BRONZE_DAG.py
[2026-06-07T21:18:37.311+0000] {processor.py:829} INFO - Processing file /opt/airflow/dags/S3_UPLOAD_BRONZE_DAG.py for tasks to queue
[2026-06-07T21:18:37.311+0000] {logging_mixin.py:154} INFO - [2026-06-07T21:18:37.311+0000] {dagbag.py:536} INFO - Filling up the DagBag from /opt/airflow/dags/S3_UPLOAD_BRONZE_DAG.py
[2026-06-07T21:18:37.323+0000] {processor.py:839} INFO - DAG(s) dict_keys(['daily_vulnerability_ingestion']) retrieved from /opt/airflow/dags/S3_UPLOAD_BRONZE_DAG.py
[2026-06-07T21:18:37.342+0000] {logging_mixin.py:154} INFO - [2026-06-07T21:18:37.342+0000] {dag.py:2941} INFO - Sync 1 DAGs
[2026-06-07T21:18:37.358+0000] {logging_mixin.py:154} INFO - [2026-06-07T21:18:37.358+0000] {dag.py:3722} INFO - Setting next_dagrun for daily_vulnerability_ingestion to 2026-06-07T14:52:05.384041+00:00, run_after=2026-06-08T14:52:05.384041+00:00
[2026-06-07T21:18:37.370+0000] {processor.py:179} INFO - Processing /opt/airflow/dags/S3_UPLOAD_BRONZE_DAG.py took 0.071 seconds
[2026-06-07T21:19:07.519+0000] {processor.py:157} INFO - Started process (PID=1403) to work on /opt/airflow/dags/S3_UPLOAD_BRONZE_DAG.py
[2026-06-07T21:19:07.520+0000] {processor.py:829} INFO - Processing file /opt/airflow/dags/S3_UPLOAD_BRONZE_DAG.py for tasks to queue
[2026-06-07T21:19:07.521+0000] {logging_mixin.py:154} INFO - [2026-06-07T21:19:07.520+0000] {dagbag.py:536} INFO - Filling up the DagBag from /opt/airflow/dags/S3_UPLOAD_BRONZE_DAG.py
[2026-06-07T21:19:07.538+0000] {processor.py:839} INFO - DAG(s) dict_keys(['daily_vulnerability_ingestion']) retrieved from /opt/airflow/dags/S3_UPLOAD_BRONZE_DAG.py
[2026-06-07T21:19:07.566+0000] {logging_mixin.py:154} INFO - [2026-06-07T21:19:07.566+0000] {dag.py:2941} INFO - Sync 1 DAGs
[2026-06-07T21:19:07.588+0000] {logging_mixin.py:154} INFO - [2026-06-07T21:19:07.588+0000] {dag.py:3722} INFO - Setting next_dagrun for daily_vulnerability_ingestion to 2026-06-07T14:52:05.384041+00:00, run_after=2026-06-08T14:52:05.384041+00:00
[2026-06-07T21:19:07.601+0000] {processor.py:179} INFO - Processing /opt/airflow/dags/S3_UPLOAD_BRONZE_DAG.py took 0.085 seconds
[2026-06-07T21:19:37.697+0000] {processor.py:157} INFO - Started process (PID=1408) to work on /opt/airflow/dags/S3_UPLOAD_BRONZE_DAG.py
[2026-06-07T21:19:37.706+0000] {processor.py:829} INFO - Processing file /opt/airflow/dags/S3_UPLOAD_BRONZE_DAG.py for tasks to queue
[2026-06-07T21:19:37.707+0000] {logging_mixin.py:154} INFO - [2026-06-07T21:19:37.707+0000] {dagbag.py:536} INFO - Filling up the DagBag from /opt/airflow/dags/S3_UPLOAD_BRONZE_DAG.py
[2026-06-07T21:19:37.727+0000] {processor.py:839} INFO - DAG(s) dict_keys(['daily_vulnerability_ingestion']) retrieved from /opt/airflow/dags/S3_UPLOAD_BRONZE_DAG.py
[2026-06-07T21:19:37.747+0000] {logging_mixin.py:154} INFO - [2026-06-07T21:19:37.747+0000] {dag.py:2941} INFO - Sync 1 DAGs
[2026-06-07T21:19:37.762+0000] {logging_mixin.py:154} INFO - [2026-06-07T21:19:37.762+0000] {dag.py:3722} INFO - Setting next_dagrun for daily_vulnerability_ingestion to 2026-06-07T14:52:05.384041+00:00, run_after=2026-06-08T14:52:05.384041+00:00
[2026-06-07T21:19:37.775+0000] {processor.py:179} INFO - Processing /opt/airflow/dags/S3_UPLOAD_BRONZE_DAG.py took 0.083 seconds
[2026-06-07T21:20:07.939+0000] {processor.py:157} INFO - Started process (PID=1413) to work on /opt/airflow/dags/S3_UPLOAD_BRONZE_DAG.py
[2026-06-07T21:20:07.940+0000] {processor.py:829} INFO - Processing file /opt/airflow/dags/S3_UPLOAD_BRONZE_DAG.py for tasks to queue
[2026-06-07T21:20:07.941+0000] {logging_mixin.py:154} INFO - [2026-06-07T21:20:07.941+0000] {dagbag.py:536} INFO - Filling up the DagBag from /opt/airflow/dags/S3_UPLOAD_BRONZE_DAG.py
[2026-06-07T21:20:07.955+0000] {processor.py:839} INFO - DAG(s) dict_keys(['daily_vulnerability_ingestion']) retrieved from /opt/airflow/dags/S3_UPLOAD_BRONZE_DAG.py
[2026-06-07T21:20:07.975+0000] {logging_mixin.py:154} INFO - [2026-06-07T21:20:07.975+0000] {dag.py:2941} INFO - Sync 1 DAGs
[2026-06-07T21:20:07.990+0000] {logging_mixin.py:154} INFO - [2026-06-07T21:20:07.990+0000] {dag.py:3722} INFO - Setting next_dagrun for daily_vulnerability_ingestion to 2026-06-07T14:52:05.384041+00:00, run_after=2026-06-08T14:52:05.384041+00:00
[2026-06-07T21:20:08.002+0000] {processor.py:179} INFO - Processing /opt/airflow/dags/S3_UPLOAD_BRONZE_DAG.py took 0.067 seconds
[2026-06-07T21:20:38.103+0000] {processor.py:157} INFO - Started process (PID=1418) to work on /opt/airflow/dags/S3_UPLOAD_BRONZE_DAG.py
[2026-06-07T21:20:38.103+0000] {processor.py:829} INFO - Processing file /opt/airflow/dags/S3_UPLOAD_BRONZE_DAG.py for tasks to queue
[2026-06-07T21:20:38.104+0000] {logging_mixin.py:154} INFO - [2026-06-07T21:20:38.104+0000] {dagbag.py:536} INFO - Filling up the DagBag from /opt/airflow/dags/S3_UPLOAD_BRONZE_DAG.py
[2026-06-07T21:20:38.116+0000] {processor.py:839} INFO - DAG(s) dict_keys(['daily_vulnerability_ingestion']) retrieved from /opt/airflow/dags/S3_UPLOAD_BRONZE_DAG.py
[2026-06-07T21:20:38.135+0000] {logging_mixin.py:154} INFO - [2026-06-07T21:20:38.134+0000] {dag.py:2941} INFO - Sync 1 DAGs
[2026-06-07T21:20:38.151+0000] {logging_mixin.py:154} INFO - [2026-06-07T21:20:38.150+0000] {dag.py:3722} INFO - Setting next_dagrun for daily_vulnerability_ingestion to 2026-06-07T14:52:05.384041+00:00, run_after=2026-06-08T14:52:05.384041+00:00
[2026-06-07T21:20:38.163+0000] {processor.py:179} INFO - Processing /opt/airflow/dags/S3_UPLOAD_BRONZE_DAG.py took 0.064 seconds
[2026-06-07T21:21:08.303+0000] {processor.py:157} INFO - Started process (PID=1423) to work on /opt/airflow/dags/S3_UPLOAD_BRONZE_DAG.py
[2026-06-07T21:21:08.304+0000] {processor.py:829} INFO - Processing file /opt/airflow/dags/S3_UPLOAD_BRONZE_DAG.py for tasks to queue
[2026-06-07T21:21:08.305+0000] {logging_mixin.py:154} INFO - [2026-06-07T21:21:08.305+0000] {dagbag.py:536} INFO - Filling up the DagBag from /opt/airflow/dags/S3_UPLOAD_BRONZE_DAG.py
[2026-06-07T21:21:08.321+0000] {processor.py:839} INFO - DAG(s) dict_keys(['daily_vulnerability_ingestion']) retrieved from /opt/airflow/dags/S3_UPLOAD_BRONZE_DAG.py
[2026-06-07T21:21:08.340+0000] {logging_mixin.py:154} INFO - [2026-06-07T21:21:08.340+0000] {dag.py:2941} INFO - Sync 1 DAGs
[2026-06-07T21:21:08.357+0000] {logging_mixin.py:154} INFO - [2026-06-07T21:21:08.357+0000] {dag.py:3722} INFO - Setting next_dagrun for daily_vulnerability_ingestion to 2026-06-07T14:52:05.384041+00:00, run_after=2026-06-08T14:52:05.384041+00:00
[2026-06-07T21:21:08.371+0000] {processor.py:179} INFO - Processing /opt/airflow/dags/S3_UPLOAD_BRONZE_DAG.py took 0.072 seconds
[2026-06-07T21:21:38.485+0000] {processor.py:157} INFO - Started process (PID=1428) to work on /opt/airflow/dags/S3_UPLOAD_BRONZE_DAG.py
[2026-06-07T21:21:38.495+0000] {processor.py:829} INFO - Processing file /opt/airflow/dags/S3_UPLOAD_BRONZE_DAG.py for tasks to queue
[2026-06-07T21:21:38.496+0000] {logging_mixin.py:154} INFO - [2026-06-07T21:21:38.496+0000] {dagbag.py:536} INFO - Filling up the DagBag from /opt/airflow/dags/S3_UPLOAD_BRONZE_DAG.py
[2026-06-07T21:21:38.523+0000] {processor.py:839} INFO - DAG(s) dict_keys(['daily_vulnerability_ingestion']) retrieved from /opt/airflow/dags/S3_UPLOAD_BRONZE_DAG.py
[2026-06-07T21:21:38.557+0000] {logging_mixin.py:154} INFO - [2026-06-07T21:21:38.557+0000] {dag.py:2941} INFO - Sync 1 DAGs
[2026-06-07T21:21:38.581+0000] {logging_mixin.py:154} INFO - [2026-06-07T21:21:38.581+0000] {dag.py:3722} INFO - Setting next_dagrun for daily_vulnerability_ingestion to 2026-06-07T14:52:05.384041+00:00, run_after=2026-06-08T14:52:05.384041+00:00
[2026-06-07T21:21:38.598+0000] {processor.py:179} INFO - Processing /opt/airflow/dags/S3_UPLOAD_BRONZE_DAG.py took 0.116 seconds
[2026-06-07T21:22:08.673+0000] {processor.py:157} INFO - Started process (PID=1433) to work on /opt/airflow/dags/S3_UPLOAD_BRONZE_DAG.py
[2026-06-07T21:22:08.674+0000] {processor.py:829} INFO - Processing file /opt/airflow/dags/S3_UPLOAD_BRONZE_DAG.py for tasks to queue
[2026-06-07T21:22:08.675+0000] {logging_mixin.py:154} INFO - [2026-06-07T21:22:08.675+0000] {dagbag.py:536} INFO - Filling up the DagBag from /opt/airflow/dags/S3_UPLOAD_BRONZE_DAG.py
[2026-06-07T21:22:08.695+0000] {processor.py:839} INFO - DAG(s) dict_keys(['daily_vulnerability_ingestion']) retrieved from /opt/airflow/dags/S3_UPLOAD_BRONZE_DAG.py
[2026-06-07T21:22:08.720+0000] {logging_mixin.py:154} INFO - [2026-06-07T21:22:08.720+0000] {dag.py:2941} INFO - Sync 1 DAGs
[2026-06-07T21:22:08.739+0000] {logging_mixin.py:154} INFO - [2026-06-07T21:22:08.738+0000] {dag.py:3722} INFO - Setting next_dagrun for daily_vulnerability_ingestion to 2026-06-07T14:52:05.384041+00:00, run_after=2026-06-08T14:52:05.384041+00:00
[2026-06-07T21:22:08.754+0000] {processor.py:179} INFO - Processing /opt/airflow/dags/S3_UPLOAD_BRONZE_DAG.py took 0.085 seconds
[2026-06-07T21:22:38.935+0000] {processor.py:157} INFO - Started process (PID=1438) to work on /opt/airflow/dags/S3_UPLOAD_BRONZE_DAG.py
[2026-06-07T21:22:38.944+0000] {processor.py:829} INFO - Processing file /opt/airflow/dags/S3_UPLOAD_BRONZE_DAG.py for tasks to queue
[2026-06-07T21:22:38.945+0000] {logging_mixin.py:154} INFO - [2026-06-07T21:22:38.944+0000] {dagbag.py:536} INFO - Filling up the DagBag from /opt/airflow/dags/S3_UPLOAD_BRONZE_DAG.py
[2026-06-07T21:22:38.963+0000] {processor.py:839} INFO - DAG(s) dict_keys(['daily_vulnerability_ingestion']) retrieved from /opt/airflow/dags/S3_UPLOAD_BRONZE_DAG.py
[2026-06-07T21:22:38.984+0000] {logging_mixin.py:154} INFO - [2026-06-07T21:22:38.984+0000] {dag.py:2941} INFO - Sync 1 DAGs
[2026-06-07T21:22:39.001+0000] {logging_mixin.py:154} INFO - [2026-06-07T21:22:39.001+0000] {dag.py:3722} INFO - Setting next_dagrun for daily_vulnerability_ingestion to 2026-06-07T14:52:05.384041+00:00, run_after=2026-06-08T14:52:05.384041+00:00
[2026-06-07T21:22:39.014+0000] {processor.py:179} INFO - Processing /opt/airflow/dags/S3_UPLOAD_BRONZE_DAG.py took 0.083 seconds
[2026-06-07T21:23:09.115+0000] {processor.py:157} INFO - Started process (PID=1443) to work on /opt/airflow/dags/S3_UPLOAD_BRONZE_DAG.py
[2026-06-07T21:23:09.124+0000] {processor.py:829} INFO - Processing file /opt/airflow/dags/S3_UPLOAD_BRONZE_DAG.py for tasks to queue
[2026-06-07T21:23:09.125+0000] {logging_mixin.py:154} INFO - [2026-06-07T21:23:09.124+0000] {dagbag.py:536} INFO - Filling up the DagBag from /opt/airflow/dags/S3_UPLOAD_BRONZE_DAG.py
[2026-06-07T21:23:09.146+0000] {processor.py:839} INFO - DAG(s) dict_keys(['daily_vulnerability_ingestion']) retrieved from /opt/airflow/dags/S3_UPLOAD_BRONZE_DAG.py
[2026-06-07T21:23:09.168+0000] {logging_mixin.py:154} INFO - [2026-06-07T21:23:09.167+0000] {dag.py:2941} INFO - Sync 1 DAGs
[2026-06-07T21:23:09.186+0000] {logging_mixin.py:154} INFO - [2026-06-07T21:23:09.186+0000] {dag.py:3722} INFO - Setting next_dagrun for daily_vulnerability_ingestion to 2026-06-07T14:52:05.384041+00:00, run_after=2026-06-08T14:52:05.384041+00:00
[2026-06-07T21:23:09.202+0000] {processor.py:179} INFO - Processing /opt/airflow/dags/S3_UPLOAD_BRONZE_DAG.py took 0.092 seconds
[2026-06-07T21:23:39.364+0000] {processor.py:157} INFO - Started process (PID=1448) to work on /opt/airflow/dags/S3_UPLOAD_BRONZE_DAG.py
[2026-06-07T21:23:39.365+0000] {processor.py:829} INFO - Processing file /opt/airflow/dags/S3_UPLOAD_BRONZE_DAG.py for tasks to queue
[2026-06-07T21:23:39.366+0000] {logging_mixin.py:154} INFO - [2026-06-07T21:23:39.365+0000] {dagbag.py:536} INFO - Filling up the DagBag from /opt/airflow/dags/S3_UPLOAD_BRONZE_DAG.py
[2026-06-07T21:23:39.379+0000] {processor.py:839} INFO - DAG(s) dict_keys(['daily_vulnerability_ingestion']) retrieved from /opt/airflow/dags/S3_UPLOAD_BRONZE_DAG.py
[2026-06-07T21:23:39.397+0000] {logging_mixin.py:154} INFO - [2026-06-07T21:23:39.397+0000] {dag.py:2941} INFO - Sync 1 DAGs
[2026-06-07T21:23:39.413+0000] {logging_mixin.py:154} INFO - [2026-06-07T21:23:39.413+0000] {dag.py:3722} INFO - Setting next_dagrun for daily_vulnerability_ingestion to 2026-06-07T14:52:05.384041+00:00, run_after=2026-06-08T14:52:05.384041+00:00
[2026-06-07T21:23:39.425+0000] {processor.py:179} INFO - Processing /opt/airflow/dags/S3_UPLOAD_BRONZE_DAG.py took 0.063 seconds
[2026-06-07T21:24:09.572+0000] {processor.py:157} INFO - Started process (PID=1453) to work on /opt/airflow/dags/S3_UPLOAD_BRONZE_DAG.py
[2026-06-07T21:24:09.581+0000] {processor.py:829} INFO - Processing file /opt/airflow/dags/S3_UPLOAD_BRONZE_DAG.py for tasks to queue
[2026-06-07T21:24:09.582+0000] {logging_mixin.py:154} INFO - [2026-06-07T21:24:09.582+0000] {dagbag.py:536} INFO - Filling up the DagBag from /opt/airflow/dags/S3_UPLOAD_BRONZE_DAG.py
[2026-06-07T21:24:09.602+0000] {processor.py:839} INFO - DAG(s) dict_keys(['daily_vulnerability_ingestion']) retrieved from /opt/airflow/dags/S3_UPLOAD_BRONZE_DAG.py
[2026-06-07T21:24:09.626+0000] {logging_mixin.py:154} INFO - [2026-06-07T21:24:09.625+0000] {dag.py:2941} INFO - Sync 1 DAGs
[2026-06-07T21:24:09.645+0000] {logging_mixin.py:154} INFO - [2026-06-07T21:24:09.645+0000] {dag.py:3722} INFO - Setting next_dagrun for daily_vulnerability_ingestion to 2026-06-07T14:52:05.384041+00:00, run_after=2026-06-08T14:52:05.384041+00:00
[2026-06-07T21:24:09.659+0000] {processor.py:179} INFO - Processing /opt/airflow/dags/S3_UPLOAD_BRONZE_DAG.py took 0.090 seconds
[2026-06-07T21:24:39.777+0000] {processor.py:157} INFO - Started process (PID=1458) to work on /opt/airflow/dags/S3_UPLOAD_BRONZE_DAG.py
[2026-06-07T21:24:39.779+0000] {processor.py:829} INFO - Processing file /opt/airflow/dags/S3_UPLOAD_BRONZE_DAG.py for tasks to queue
[2026-06-07T21:24:39.780+0000] {logging_mixin.py:154} INFO - [2026-06-07T21:24:39.779+0000] {dagbag.py:536} INFO - Filling up the DagBag from /opt/airflow/dags/S3_UPLOAD_BRONZE_DAG.py
[2026-06-07T21:24:39.796+0000] {processor.py:839} INFO - DAG(s) dict_keys(['daily_vulnerability_ingestion']) retrieved from /opt/airflow/dags/S3_UPLOAD_BRONZE_DAG.py
[2026-06-07T21:24:39.816+0000] {logging_mixin.py:154} INFO - [2026-06-07T21:24:39.816+0000] {dag.py:2941} INFO - Sync 1 DAGs
[2026-06-07T21:24:39.834+0000] {logging_mixin.py:154} INFO - [2026-06-07T21:24:39.834+0000] {dag.py:3722} INFO - Setting next_dagrun for daily_vulnerability_ingestion to 2026-06-07T14:52:05.384041+00:00, run_after=2026-06-08T14:52:05.384041+00:00
[2026-06-07T21:24:39.848+0000] {processor.py:179} INFO - Processing /opt/airflow/dags/S3_UPLOAD_BRONZE_DAG.py took 0.076 seconds
[2026-06-07T21:25:10.014+0000] {processor.py:157} INFO - Started process (PID=1463) to work on /opt/airflow/dags/S3_UPLOAD_BRONZE_DAG.py
[2026-06-07T21:25:10.015+0000] {processor.py:829} INFO - Processing file /opt/airflow/dags/S3_UPLOAD_BRONZE_DAG.py for tasks to queue
[2026-06-07T21:25:10.016+0000] {logging_mixin.py:154} INFO - [2026-06-07T21:25:10.015+0000] {dagbag.py:536} INFO - Filling up the DagBag from /opt/airflow/dags/S3_UPLOAD_BRONZE_DAG.py
[2026-06-07T21:25:10.032+0000] {processor.py:839} INFO - DAG(s) dict_keys(['daily_vulnerability_ingestion']) retrieved from /opt/airflow/dags/S3_UPLOAD_BRONZE_DAG.py
[2026-06-07T21:25:10.052+0000] {logging_mixin.py:154} INFO - [2026-06-07T21:25:10.051+0000] {dag.py:2941} INFO - Sync 1 DAGs
[2026-06-07T21:25:10.069+0000] {logging_mixin.py:154} INFO - [2026-06-07T21:25:10.069+0000] {dag.py:3722} INFO - Setting next_dagrun for daily_vulnerability_ingestion to 2026-06-07T14:52:05.384041+00:00, run_after=2026-06-08T14:52:05.384041+00:00
[2026-06-07T21:25:10.083+0000] {processor.py:179} INFO - Processing /opt/airflow/dags/S3_UPLOAD_BRONZE_DAG.py took 0.073 seconds
[2026-06-07T21:25:40.260+0000] {processor.py:157} INFO - Started process (PID=1468) to work on /opt/airflow/dags/S3_UPLOAD_BRONZE_DAG.py
[2026-06-07T21:25:40.261+0000] {processor.py:829} INFO - Processing file /opt/airflow/dags/S3_UPLOAD_BRONZE_DAG.py for tasks to queue
[2026-06-07T21:25:40.262+0000] {logging_mixin.py:154} INFO - [2026-06-07T21:25:40.262+0000] {dagbag.py:536} INFO - Filling up the DagBag from /opt/airflow/dags/S3_UPLOAD_BRONZE_DAG.py
[2026-06-07T21:25:40.277+0000] {processor.py:839} INFO - DAG(s) dict_keys(['daily_vulnerability_ingestion']) retrieved from /opt/airflow/dags/S3_UPLOAD_BRONZE_DAG.py
[2026-06-07T21:25:40.296+0000] {logging_mixin.py:154} INFO - [2026-06-07T21:25:40.296+0000] {dag.py:2941} INFO - Sync 1 DAGs
[2026-06-07T21:25:40.313+0000] {logging_mixin.py:154} INFO - [2026-06-07T21:25:40.313+0000] {dag.py:3722} INFO - Setting next_dagrun for daily_vulnerability_ingestion to 2026-06-07T14:52:05.384041+00:00, run_after=2026-06-08T14:52:05.384041+00:00
[2026-06-07T21:25:40.327+0000] {processor.py:179} INFO - Processing /opt/airflow/dags/S3_UPLOAD_BRONZE_DAG.py took 0.071 seconds
[2026-06-07T21:26:10.455+0000] {processor.py:157} INFO - Started process (PID=1473) to work on /opt/airflow/dags/S3_UPLOAD_BRONZE_DAG.py
[2026-06-07T21:26:10.456+0000] {processor.py:829} INFO - Processing file /opt/airflow/dags/S3_UPLOAD_BRONZE_DAG.py for tasks to queue
[2026-06-07T21:26:10.457+0000] {logging_mixin.py:154} INFO - [2026-06-07T21:26:10.457+0000] {dagbag.py:536} INFO - Filling up the DagBag from /opt/airflow/dags/S3_UPLOAD_BRONZE_DAG.py
[2026-06-07T21:26:10.471+0000] {processor.py:839} INFO - DAG(s) dict_keys(['daily_vulnerability_ingestion']) retrieved from /opt/airflow/dags/S3_UPLOAD_BRONZE_DAG.py
[2026-06-07T21:26:10.496+0000] {logging_mixin.py:154} INFO - [2026-06-07T21:26:10.496+0000] {dag.py:2941} INFO - Sync 1 DAGs
[2026-06-07T21:26:10.523+0000] {logging_mixin.py:154} INFO - [2026-06-07T21:26:10.523+0000] {dag.py:3722} INFO - Setting next_dagrun for daily_vulnerability_ingestion to 2026-06-07T14:52:05.384041+00:00, run_after=2026-06-08T14:52:05.384041+00:00
[2026-06-07T21:26:10.543+0000] {processor.py:179} INFO - Processing /opt/airflow/dags/S3_UPLOAD_BRONZE_DAG.py took 0.092 seconds
[2026-06-07T21:26:40.664+0000] {processor.py:157} INFO - Started process (PID=1478) to work on /opt/airflow/dags/S3_UPLOAD_BRONZE_DAG.py
[2026-06-07T21:26:40.665+0000] {processor.py:829} INFO - Processing file /opt/airflow/dags/S3_UPLOAD_BRONZE_DAG.py for tasks to queue
[2026-06-07T21:26:40.666+0000] {logging_mixin.py:154} INFO - [2026-06-07T21:26:40.665+0000] {dagbag.py:536} INFO - Filling up the DagBag from /opt/airflow/dags/S3_UPLOAD_BRONZE_DAG.py
[2026-06-07T21:26:40.681+0000] {processor.py:839} INFO - DAG(s) dict_keys(['daily_vulnerability_ingestion']) retrieved from /opt/airflow/dags/S3_UPLOAD_BRONZE_DAG.py
[2026-06-07T21:26:40.700+0000] {logging_mixin.py:154} INFO - [2026-06-07T21:26:40.700+0000] {dag.py:2941} INFO - Sync 1 DAGs
[2026-06-07T21:26:40.715+0000] {logging_mixin.py:154} INFO - [2026-06-07T21:26:40.715+0000] {dag.py:3722} INFO - Setting next_dagrun for daily_vulnerability_ingestion to 2026-06-07T14:52:05.384041+00:00, run_after=2026-06-08T14:52:05.384041+00:00
[2026-06-07T21:26:40.728+0000] {processor.py:179} INFO - Processing /opt/airflow/dags/S3_UPLOAD_BRONZE_DAG.py took 0.068 seconds
[2026-06-07T21:27:10.861+0000] {processor.py:157} INFO - Started process (PID=1483) to work on /opt/airflow/dags/S3_UPLOAD_BRONZE_DAG.py
[2026-06-07T21:27:10.862+0000] {processor.py:829} INFO - Processing file /opt/airflow/dags/S3_UPLOAD_BRONZE_DAG.py for tasks to queue
[2026-06-07T21:27:10.864+0000] {logging_mixin.py:154} INFO - [2026-06-07T21:27:10.863+0000] {dagbag.py:536} INFO - Filling up the DagBag from /opt/airflow/dags/S3_UPLOAD_BRONZE_DAG.py
[2026-06-07T21:27:10.896+0000] {processor.py:839} INFO - DAG(s) dict_keys(['daily_vulnerability_ingestion']) retrieved from /opt/airflow/dags/S3_UPLOAD_BRONZE_DAG.py
[2026-06-07T21:27:10.919+0000] {logging_mixin.py:154} INFO - [2026-06-07T21:27:10.919+0000] {dag.py:2941} INFO - Sync 1 DAGs
[2026-06-07T21:27:10.935+0000] {logging_mixin.py:154} INFO - [2026-06-07T21:27:10.935+0000] {dag.py:3722} INFO - Setting next_dagrun for daily_vulnerability_ingestion to 2026-06-07T14:52:05.384041+00:00, run_after=2026-06-08T14:52:05.384041+00:00
[2026-06-07T21:27:10.947+0000] {processor.py:179} INFO - Processing /opt/airflow/dags/S3_UPLOAD_BRONZE_DAG.py took 0.093 seconds
[2026-06-07T21:27:41.078+0000] {processor.py:157} INFO - Started process (PID=1488) to work on /opt/airflow/dags/S3_UPLOAD_BRONZE_DAG.py
[2026-06-07T21:27:41.080+0000] {processor.py:829} INFO - Processing file /opt/airflow/dags/S3_UPLOAD_BRONZE_DAG.py for tasks to queue
[2026-06-07T21:27:41.082+0000] {logging_mixin.py:154} INFO - [2026-06-07T21:27:41.081+0000] {dagbag.py:536} INFO - Filling up the DagBag from /opt/airflow/dags/S3_UPLOAD_BRONZE_DAG.py
[2026-06-07T21:27:41.103+0000] {processor.py:839} INFO - DAG(s) dict_keys(['daily_vulnerability_ingestion']) retrieved from /opt/airflow/dags/S3_UPLOAD_BRONZE_DAG.py
[2026-06-07T21:27:41.123+0000] {logging_mixin.py:154} INFO - [2026-06-07T21:27:41.123+0000] {dag.py:2941} INFO - Sync 1 DAGs
[2026-06-07T21:27:41.140+0000] {logging_mixin.py:154} INFO - [2026-06-07T21:27:41.139+0000] {dag.py:3722} INFO - Setting next_dagrun for daily_vulnerability_ingestion to 2026-06-07T14:52:05.384041+00:00, run_after=2026-06-08T14:52:05.384041+00:00
[2026-06-07T21:27:41.151+0000] {processor.py:179} INFO - Processing /opt/airflow/dags/S3_UPLOAD_BRONZE_DAG.py took 0.081 seconds
[2026-06-07T21:28:11.299+0000] {processor.py:157} INFO - Started process (PID=1493) to work on /opt/airflow/dags/S3_UPLOAD_BRONZE_DAG.py
[2026-06-07T21:28:11.308+0000] {processor.py:829} INFO - Processing file /opt/airflow/dags/S3_UPLOAD_BRONZE_DAG.py for tasks to queue
[2026-06-07T21:28:11.309+0000] {logging_mixin.py:154} INFO - [2026-06-07T21:28:11.309+0000] {dagbag.py:536} INFO - Filling up the DagBag from /opt/airflow/dags/S3_UPLOAD_BRONZE_DAG.py
[2026-06-07T21:28:11.324+0000] {processor.py:839} INFO - DAG(s) dict_keys(['daily_vulnerability_ingestion']) retrieved from /opt/airflow/dags/S3_UPLOAD_BRONZE_DAG.py
[2026-06-07T21:28:11.344+0000] {logging_mixin.py:154} INFO - [2026-06-07T21:28:11.343+0000] {dag.py:2941} INFO - Sync 1 DAGs
[2026-06-07T21:28:11.360+0000] {logging_mixin.py:154} INFO - [2026-06-07T21:28:11.360+0000] {dag.py:3722} INFO - Setting next_dagrun for daily_vulnerability_ingestion to 2026-06-07T14:52:05.384041+00:00, run_after=2026-06-08T14:52:05.384041+00:00
[2026-06-07T21:28:11.374+0000] {processor.py:179} INFO - Processing /opt/airflow/dags/S3_UPLOAD_BRONZE_DAG.py took 0.080 seconds
[2026-06-07T21:28:41.533+0000] {processor.py:157} INFO - Started process (PID=1498) to work on /opt/airflow/dags/S3_UPLOAD_BRONZE_DAG.py
[2026-06-07T21:28:41.534+0000] {processor.py:829} INFO - Processing file /opt/airflow/dags/S3_UPLOAD_BRONZE_DAG.py for tasks to queue
[2026-06-07T21:28:41.535+0000] {logging_mixin.py:154} INFO - [2026-06-07T21:28:41.535+0000] {dagbag.py:536} INFO - Filling up the DagBag from /opt/airflow/dags/S3_UPLOAD_BRONZE_DAG.py
[2026-06-07T21:28:41.551+0000] {processor.py:839} INFO - DAG(s) dict_keys(['daily_vulnerability_ingestion']) retrieved from /opt/airflow/dags/S3_UPLOAD_BRONZE_DAG.py
[2026-06-07T21:28:41.572+0000] {logging_mixin.py:154} INFO - [2026-06-07T21:28:41.571+0000] {dag.py:2941} INFO - Sync 1 DAGs
[2026-06-07T21:28:41.588+0000] {logging_mixin.py:154} INFO - [2026-06-07T21:28:41.588+0000] {dag.py:3722} INFO - Setting next_dagrun for daily_vulnerability_ingestion to 2026-06-07T14:52:05.384041+00:00, run_after=2026-06-08T14:52:05.384041+00:00
[2026-06-07T21:28:41.602+0000] {processor.py:179} INFO - Processing /opt/airflow/dags/S3_UPLOAD_BRONZE_DAG.py took 0.074 seconds
[2026-06-07T21:29:11.700+0000] {processor.py:157} INFO - Started process (PID=1503) to work on /opt/airflow/dags/S3_UPLOAD_BRONZE_DAG.py
[2026-06-07T21:29:11.709+0000] {processor.py:829} INFO - Processing file /opt/airflow/dags/S3_UPLOAD_BRONZE_DAG.py for tasks to queue
[2026-06-07T21:29:11.709+0000] {logging_mixin.py:154} INFO - [2026-06-07T21:29:11.709+0000] {dagbag.py:536} INFO - Filling up the DagBag from /opt/airflow/dags/S3_UPLOAD_BRONZE_DAG.py
[2026-06-07T21:29:11.723+0000] {processor.py:839} INFO - DAG(s) dict_keys(['daily_vulnerability_ingestion']) retrieved from /opt/airflow/dags/S3_UPLOAD_BRONZE_DAG.py
[2026-06-07T21:29:11.745+0000] {logging_mixin.py:154} INFO - [2026-06-07T21:29:11.745+0000] {dag.py:2941} INFO - Sync 1 DAGs
[2026-06-07T21:29:11.763+0000] {logging_mixin.py:154} INFO - [2026-06-07T21:29:11.762+0000] {dag.py:3722} INFO - Setting next_dagrun for daily_vulnerability_ingestion to 2026-06-07T14:52:05.384041+00:00, run_after=2026-06-08T14:52:05.384041+00:00
[2026-06-07T21:29:11.778+0000] {processor.py:179} INFO - Processing /opt/airflow/dags/S3_UPLOAD_BRONZE_DAG.py took 0.080 seconds
[2026-06-07T21:29:41.895+0000] {processor.py:157} INFO - Started process (PID=1508) to work on /opt/airflow/dags/S3_UPLOAD_BRONZE_DAG.py
[2026-06-07T21:29:41.895+0000] {processor.py:829} INFO - Processing file /opt/airflow/dags/S3_UPLOAD_BRONZE_DAG.py for tasks to queue
[2026-06-07T21:29:41.896+0000] {logging_mixin.py:154} INFO - [2026-06-07T21:29:41.896+0000] {dagbag.py:536} INFO - Filling up the DagBag from /opt/airflow/dags/S3_UPLOAD_BRONZE_DAG.py
[2026-06-07T21:29:41.907+0000] {processor.py:839} INFO - DAG(s) dict_keys(['daily_vulnerability_ingestion']) retrieved from /opt/airflow/dags/S3_UPLOAD_BRONZE_DAG.py
[2026-06-07T21:29:41.927+0000] {logging_mixin.py:154} INFO - [2026-06-07T21:29:41.927+0000] {dag.py:2941} INFO - Sync 1 DAGs
[2026-06-07T21:29:41.943+0000] {logging_mixin.py:154} INFO - [2026-06-07T21:29:41.943+0000] {dag.py:3722} INFO - Setting next_dagrun for daily_vulnerability_ingestion to 2026-06-07T14:52:05.384041+00:00, run_after=2026-06-08T14:52:05.384041+00:00
[2026-06-07T21:29:41.956+0000] {processor.py:179} INFO - Processing /opt/airflow/dags/S3_UPLOAD_BRONZE_DAG.py took 0.064 seconds
[2026-06-07T21:30:12.070+0000] {processor.py:157} INFO - Started process (PID=1513) to work on /opt/airflow/dags/S3_UPLOAD_BRONZE_DAG.py
[2026-06-07T21:30:12.079+0000] {processor.py:829} INFO - Processing file /opt/airflow/dags/S3_UPLOAD_BRONZE_DAG.py for tasks to queue
[2026-06-07T21:30:12.079+0000] {logging_mixin.py:154} INFO - [2026-06-07T21:30:12.079+0000] {dagbag.py:536} INFO - Filling up the DagBag from /opt/airflow/dags/S3_UPLOAD_BRONZE_DAG.py
[2026-06-07T21:30:12.090+0000] {processor.py:839} INFO - DAG(s) dict_keys(['daily_vulnerability_ingestion']) retrieved from /opt/airflow/dags/S3_UPLOAD_BRONZE_DAG.py
[2026-06-07T21:30:12.112+0000] {logging_mixin.py:154} INFO - [2026-06-07T21:30:12.111+0000] {dag.py:2941} INFO - Sync 1 DAGs
[2026-06-07T21:30:12.130+0000] {logging_mixin.py:154} INFO - [2026-06-07T21:30:12.129+0000] {dag.py:3722} INFO - Setting next_dagrun for daily_vulnerability_ingestion to 2026-06-07T14:52:05.384041+00:00, run_after=2026-06-08T14:52:05.384041+00:00
[2026-06-07T21:30:12.143+0000] {processor.py:179} INFO - Processing /opt/airflow/dags/S3_UPLOAD_BRONZE_DAG.py took 0.075 seconds
[2026-06-07T21:30:42.271+0000] {processor.py:157} INFO - Started process (PID=1518) to work on /opt/airflow/dags/S3_UPLOAD_BRONZE_DAG.py
[2026-06-07T21:30:42.272+0000] {processor.py:829} INFO - Processing file /opt/airflow/dags/S3_UPLOAD_BRONZE_DAG.py for tasks to queue
[2026-06-07T21:30:42.273+0000] {logging_mixin.py:154} INFO - [2026-06-07T21:30:42.272+0000] {dagbag.py:536} INFO - Filling up the DagBag from /opt/airflow/dags/S3_UPLOAD_BRONZE_DAG.py
[2026-06-07T21:30:42.290+0000] {processor.py:839} INFO - DAG(s) dict_keys(['daily_vulnerability_ingestion']) retrieved from /opt/airflow/dags/S3_UPLOAD_BRONZE_DAG.py
[2026-06-07T21:30:42.310+0000] {logging_mixin.py:154} INFO - [2026-06-07T21:30:42.310+0000] {dag.py:2941} INFO - Sync 1 DAGs
[2026-06-07T21:30:42.326+0000] {logging_mixin.py:154} INFO - [2026-06-07T21:30:42.326+0000] {dag.py:3722} INFO - Setting next_dagrun for daily_vulnerability_ingestion to 2026-06-07T14:52:05.384041+00:00, run_after=2026-06-08T14:52:05.384041+00:00
[2026-06-07T21:30:42.338+0000] {processor.py:179} INFO - Processing /opt/airflow/dags/S3_UPLOAD_BRONZE_DAG.py took 0.071 seconds
[2026-06-07T21:31:12.459+0000] {processor.py:157} INFO - Started process (PID=1523) to work on /opt/airflow/dags/S3_UPLOAD_BRONZE_DAG.py
[2026-06-07T21:31:12.468+0000] {processor.py:829} INFO - Processing file /opt/airflow/dags/S3_UPLOAD_BRONZE_DAG.py for tasks to queue
[2026-06-07T21:31:12.469+0000] {logging_mixin.py:154} INFO - [2026-06-07T21:31:12.468+0000] {dagbag.py:536} INFO - Filling up the DagBag from /opt/airflow/dags/S3_UPLOAD_BRONZE_DAG.py
[2026-06-07T21:31:12.486+0000] {processor.py:839} INFO - DAG(s) dict_keys(['daily_vulnerability_ingestion']) retrieved from /opt/airflow/dags/S3_UPLOAD_BRONZE_DAG.py
[2026-06-07T21:31:12.509+0000] {logging_mixin.py:154} INFO - [2026-06-07T21:31:12.508+0000] {dag.py:2941} INFO - Sync 1 DAGs
[2026-06-07T21:31:12.525+0000] {logging_mixin.py:154} INFO - [2026-06-07T21:31:12.525+0000] {dag.py:3722} INFO - Setting next_dagrun for daily_vulnerability_ingestion to 2026-06-07T14:52:05.384041+00:00, run_after=2026-06-08T14:52:05.384041+00:00
[2026-06-07T21:31:12.537+0000] {processor.py:179} INFO - Processing /opt/airflow/dags/S3_UPLOAD_BRONZE_DAG.py took 0.082 seconds
[2026-06-07T21:31:42.665+0000] {processor.py:157} INFO - Started process (PID=1528) to work on /opt/airflow/dags/S3_UPLOAD_BRONZE_DAG.py
[2026-06-07T21:31:42.665+0000] {processor.py:829} INFO - Processing file /opt/airflow/dags/S3_UPLOAD_BRONZE_DAG.py for tasks to queue
[2026-06-07T21:31:42.666+0000] {logging_mixin.py:154} INFO - [2026-06-07T21:31:42.666+0000] {dagbag.py:536} INFO - Filling up the DagBag from /opt/airflow/dags/S3_UPLOAD_BRONZE_DAG.py
[2026-06-07T21:31:42.681+0000] {processor.py:839} INFO - DAG(s) dict_keys(['daily_vulnerability_ingestion']) retrieved from /opt/airflow/dags/S3_UPLOAD_BRONZE_DAG.py
[2026-06-07T21:31:42.707+0000] {logging_mixin.py:154} INFO - [2026-06-07T21:31:42.707+0000] {dag.py:2941} INFO - Sync 1 DAGs
[2026-06-07T21:31:42.731+0000] {logging_mixin.py:154} INFO - [2026-06-07T21:31:42.731+0000] {dag.py:3722} INFO - Setting next_dagrun for daily_vulnerability_ingestion to 2026-06-07T14:52:05.384041+00:00, run_after=2026-06-08T14:52:05.384041+00:00
[2026-06-07T21:31:42.747+0000] {processor.py:179} INFO - Processing /opt/airflow/dags/S3_UPLOAD_BRONZE_DAG.py took 0.086 seconds
[2026-06-07T21:32:12.857+0000] {processor.py:157} INFO - Started process (PID=1533) to work on /opt/airflow/dags/S3_UPLOAD_BRONZE_DAG.py
[2026-06-07T21:32:12.866+0000] {processor.py:829} INFO - Processing file /opt/airflow/dags/S3_UPLOAD_BRONZE_DAG.py for tasks to queue
[2026-06-07T21:32:12.867+0000] {logging_mixin.py:154} INFO - [2026-06-07T21:32:12.867+0000] {dagbag.py:536} INFO - Filling up the DagBag from /opt/airflow/dags/S3_UPLOAD_BRONZE_DAG.py
[2026-06-07T21:32:12.888+0000] {processor.py:839} INFO - DAG(s) dict_keys(['daily_vulnerability_ingestion']) retrieved from /opt/airflow/dags/S3_UPLOAD_BRONZE_DAG.py
[2026-06-07T21:32:12.910+0000] {logging_mixin.py:154} INFO - [2026-06-07T21:32:12.910+0000] {dag.py:2941} INFO - Sync 1 DAGs
[2026-06-07T21:32:12.926+0000] {logging_mixin.py:154} INFO - [2026-06-07T21:32:12.926+0000] {dag.py:3722} INFO - Setting next_dagrun for daily_vulnerability_ingestion to 2026-06-07T14:52:05.384041+00:00, run_after=2026-06-08T14:52:05.384041+00:00
[2026-06-07T21:32:12.939+0000] {processor.py:179} INFO - Processing /opt/airflow/dags/S3_UPLOAD_BRONZE_DAG.py took 0.087 seconds
[2026-06-07T21:32:43.088+0000] {processor.py:157} INFO - Started process (PID=1538) to work on /opt/airflow/dags/S3_UPLOAD_BRONZE_DAG.py
[2026-06-07T21:32:43.089+0000] {processor.py:829} INFO - Processing file /opt/airflow/dags/S3_UPLOAD_BRONZE_DAG.py for tasks to queue
[2026-06-07T21:32:43.090+0000] {logging_mixin.py:154} INFO - [2026-06-07T21:32:43.090+0000] {dagbag.py:536} INFO - Filling up the DagBag from /opt/airflow/dags/S3_UPLOAD_BRONZE_DAG.py
[2026-06-07T21:32:43.107+0000] {processor.py:839} INFO - DAG(s) dict_keys(['daily_vulnerability_ingestion']) retrieved from /opt/airflow/dags/S3_UPLOAD_BRONZE_DAG.py
[2026-06-07T21:32:43.127+0000] {logging_mixin.py:154} INFO - [2026-06-07T21:32:43.126+0000] {dag.py:2941} INFO - Sync 1 DAGs
[2026-06-07T21:32:43.143+0000] {logging_mixin.py:154} INFO - [2026-06-07T21:32:43.143+0000] {dag.py:3722} INFO - Setting next_dagrun for daily_vulnerability_ingestion to 2026-06-07T14:52:05.384041+00:00, run_after=2026-06-08T14:52:05.384041+00:00
[2026-06-07T21:32:43.232+0000] {processor.py:179} INFO - Processing /opt/airflow/dags/S3_UPLOAD_BRONZE_DAG.py took 0.148 seconds
[2026-06-07T21:33:13.352+0000] {processor.py:157} INFO - Started process (PID=1543) to work on /opt/airflow/dags/S3_UPLOAD_BRONZE_DAG.py
[2026-06-07T21:33:13.361+0000] {processor.py:829} INFO - Processing file /opt/airflow/dags/S3_UPLOAD_BRONZE_DAG.py for tasks to queue
[2026-06-07T21:33:13.362+0000] {logging_mixin.py:154} INFO - [2026-06-07T21:33:13.361+0000] {dagbag.py:536} INFO - Filling up the DagBag from /opt/airflow/dags/S3_UPLOAD_BRONZE_DAG.py
[2026-06-07T21:33:13.374+0000] {processor.py:839} INFO - DAG(s) dict_keys(['daily_vulnerability_ingestion']) retrieved from /opt/airflow/dags/S3_UPLOAD_BRONZE_DAG.py
[2026-06-07T21:33:13.395+0000] {logging_mixin.py:154} INFO - [2026-06-07T21:33:13.395+0000] {dag.py:2941} INFO - Sync 1 DAGs
[2026-06-07T21:33:13.414+0000] {logging_mixin.py:154} INFO - [2026-06-07T21:33:13.413+0000] {dag.py:3722} INFO - Setting next_dagrun for daily_vulnerability_ingestion to 2026-06-07T14:52:05.384041+00:00, run_after=2026-06-08T14:52:05.384041+00:00
[2026-06-07T21:33:13.430+0000] {processor.py:179} INFO - Processing /opt/airflow/dags/S3_UPLOAD_BRONZE_DAG.py took 0.080 seconds
[2026-06-07T21:33:43.520+0000] {processor.py:157} INFO - Started process (PID=1548) to work on /opt/airflow/dags/S3_UPLOAD_BRONZE_DAG.py
[2026-06-07T21:33:43.520+0000] {processor.py:829} INFO - Processing file /opt/airflow/dags/S3_UPLOAD_BRONZE_DAG.py for tasks to queue
[2026-06-07T21:33:43.521+0000] {logging_mixin.py:154} INFO - [2026-06-07T21:33:43.521+0000] {dagbag.py:536} INFO - Filling up the DagBag from /opt/airflow/dags/S3_UPLOAD_BRONZE_DAG.py
[2026-06-07T21:33:43.540+0000] {processor.py:839} INFO - DAG(s) dict_keys(['daily_vulnerability_ingestion']) retrieved from /opt/airflow/dags/S3_UPLOAD_BRONZE_DAG.py
[2026-06-07T21:33:43.567+0000] {logging_mixin.py:154} INFO - [2026-06-07T21:33:43.567+0000] {dag.py:2941} INFO - Sync 1 DAGs
[2026-06-07T21:33:43.674+0000] {logging_mixin.py:154} INFO - [2026-06-07T21:33:43.674+0000] {dag.py:3722} INFO - Setting next_dagrun for daily_vulnerability_ingestion to 2026-06-07T14:52:05.384041+00:00, run_after=2026-06-08T14:52:05.384041+00:00
[2026-06-07T21:33:43.694+0000] {processor.py:179} INFO - Processing /opt/airflow/dags/S3_UPLOAD_BRONZE_DAG.py took 0.178 seconds
[2026-06-07T21:34:13.758+0000] {processor.py:157} INFO - Started process (PID=1553) to work on /opt/airflow/dags/S3_UPLOAD_BRONZE_DAG.py
[2026-06-07T21:34:13.759+0000] {processor.py:829} INFO - Processing file /opt/airflow/dags/S3_UPLOAD_BRONZE_DAG.py for tasks to queue
[2026-06-07T21:34:13.760+0000] {logging_mixin.py:154} INFO - [2026-06-07T21:34:13.760+0000] {dagbag.py:536} INFO - Filling up the DagBag from /opt/airflow/dags/S3_UPLOAD_BRONZE_DAG.py
[2026-06-07T21:34:13.852+0000] {processor.py:839} INFO - DAG(s) dict_keys(['daily_vulnerability_ingestion']) retrieved from /opt/airflow/dags/S3_UPLOAD_BRONZE_DAG.py
[2026-06-07T21:34:13.869+0000] {logging_mixin.py:154} INFO - [2026-06-07T21:34:13.869+0000] {dag.py:2941} INFO - Sync 1 DAGs
[2026-06-07T21:34:13.884+0000] {logging_mixin.py:154} INFO - [2026-06-07T21:34:13.883+0000] {dag.py:3722} INFO - Setting next_dagrun for daily_vulnerability_ingestion to 2026-06-07T14:52:05.384041+00:00, run_after=2026-06-08T14:52:05.384041+00:00
[2026-06-07T21:34:13.894+0000] {processor.py:179} INFO - Processing /opt/airflow/dags/S3_UPLOAD_BRONZE_DAG.py took 0.140 seconds
[2026-06-07T21:34:44.006+0000] {processor.py:157} INFO - Started process (PID=1558) to work on /opt/airflow/dags/S3_UPLOAD_BRONZE_DAG.py
[2026-06-07T21:34:44.007+0000] {processor.py:829} INFO - Processing file /opt/airflow/dags/S3_UPLOAD_BRONZE_DAG.py for tasks to queue
[2026-06-07T21:34:44.008+0000] {logging_mixin.py:154} INFO - [2026-06-07T21:34:44.007+0000] {dagbag.py:536} INFO - Filling up the DagBag from /opt/airflow/dags/S3_UPLOAD_BRONZE_DAG.py
[2026-06-07T21:34:44.022+0000] {processor.py:839} INFO - DAG(s) dict_keys(['daily_vulnerability_ingestion']) retrieved from /opt/airflow/dags/S3_UPLOAD_BRONZE_DAG.py
[2026-06-07T21:34:44.042+0000] {logging_mixin.py:154} INFO - [2026-06-07T21:34:44.042+0000] {dag.py:2941} INFO - Sync 1 DAGs
[2026-06-07T21:34:44.061+0000] {logging_mixin.py:154} INFO - [2026-06-07T21:34:44.060+0000] {dag.py:3722} INFO - Setting next_dagrun for daily_vulnerability_ingestion to 2026-06-07T14:52:05.384041+00:00, run_after=2026-06-08T14:52:05.384041+00:00
[2026-06-07T21:34:44.074+0000] {processor.py:179} INFO - Processing /opt/airflow/dags/S3_UPLOAD_BRONZE_DAG.py took 0.070 seconds
[2026-06-07T21:35:14.204+0000] {processor.py:157} INFO - Started process (PID=1563) to work on /opt/airflow/dags/S3_UPLOAD_BRONZE_DAG.py
[2026-06-07T21:35:14.214+0000] {processor.py:829} INFO - Processing file /opt/airflow/dags/S3_UPLOAD_BRONZE_DAG.py for tasks to queue
[2026-06-07T21:35:14.215+0000] {logging_mixin.py:154} INFO - [2026-06-07T21:35:14.214+0000] {dagbag.py:536} INFO - Filling up the DagBag from /opt/airflow/dags/S3_UPLOAD_BRONZE_DAG.py
[2026-06-07T21:35:14.235+0000] {processor.py:839} INFO - DAG(s) dict_keys(['daily_vulnerability_ingestion']) retrieved from /opt/airflow/dags/S3_UPLOAD_BRONZE_DAG.py
[2026-06-07T21:35:14.255+0000] {logging_mixin.py:154} INFO - [2026-06-07T21:35:14.255+0000] {dag.py:2941} INFO - Sync 1 DAGs
[2026-06-07T21:35:14.271+0000] {logging_mixin.py:154} INFO - [2026-06-07T21:35:14.271+0000] {dag.py:3722} INFO - Setting next_dagrun for daily_vulnerability_ingestion to 2026-06-07T14:52:05.384041+00:00, run_after=2026-06-08T14:52:05.384041+00:00
[2026-06-07T21:35:14.285+0000] {processor.py:179} INFO - Processing /opt/airflow/dags/S3_UPLOAD_BRONZE_DAG.py took 0.085 seconds
[2026-06-07T21:35:44.442+0000] {processor.py:157} INFO - Started process (PID=1568) to work on /opt/airflow/dags/S3_UPLOAD_BRONZE_DAG.py
[2026-06-07T21:35:44.442+0000] {processor.py:829} INFO - Processing file /opt/airflow/dags/S3_UPLOAD_BRONZE_DAG.py for tasks to queue
[2026-06-07T21:35:44.443+0000] {logging_mixin.py:154} INFO - [2026-06-07T21:35:44.443+0000] {dagbag.py:536} INFO - Filling up the DagBag from /opt/airflow/dags/S3_UPLOAD_BRONZE_DAG.py
[2026-06-07T21:35:44.456+0000] {processor.py:839} INFO - DAG(s) dict_keys(['daily_vulnerability_ingestion']) retrieved from /opt/airflow/dags/S3_UPLOAD_BRONZE_DAG.py
[2026-06-07T21:35:44.477+0000] {logging_mixin.py:154} INFO - [2026-06-07T21:35:44.477+0000] {dag.py:2941} INFO - Sync 1 DAGs
[2026-06-07T21:35:44.495+0000] {logging_mixin.py:154} INFO - [2026-06-07T21:35:44.495+0000] {dag.py:3722} INFO - Setting next_dagrun for daily_vulnerability_ingestion to 2026-06-07T14:52:05.384041+00:00, run_after=2026-06-08T14:52:05.384041+00:00
[2026-06-07T21:35:44.507+0000] {processor.py:179} INFO - Processing /opt/airflow/dags/S3_UPLOAD_BRONZE_DAG.py took 0.067 seconds
[2026-06-07T21:36:14.647+0000] {processor.py:157} INFO - Started process (PID=1573) to work on /opt/airflow/dags/S3_UPLOAD_BRONZE_DAG.py
[2026-06-07T21:36:14.656+0000] {processor.py:829} INFO - Processing file /opt/airflow/dags/S3_UPLOAD_BRONZE_DAG.py for tasks to queue
[2026-06-07T21:36:14.657+0000] {logging_mixin.py:154} INFO - [2026-06-07T21:36:14.657+0000] {dagbag.py:536} INFO - Filling up the DagBag from /opt/airflow/dags/S3_UPLOAD_BRONZE_DAG.py
[2026-06-07T21:36:14.676+0000] {processor.py:839} INFO - DAG(s) dict_keys(['daily_vulnerability_ingestion']) retrieved from /opt/airflow/dags/S3_UPLOAD_BRONZE_DAG.py
[2026-06-07T21:36:14.698+0000] {logging_mixin.py:154} INFO - [2026-06-07T21:36:14.697+0000] {dag.py:2941} INFO - Sync 1 DAGs
[2026-06-07T21:36:14.716+0000] {logging_mixin.py:154} INFO - [2026-06-07T21:36:14.716+0000] {dag.py:3722} INFO - Setting next_dagrun for daily_vulnerability_ingestion to 2026-06-07T14:52:05.384041+00:00, run_after=2026-06-08T14:52:05.384041+00:00
[2026-06-07T21:36:14.730+0000] {processor.py:179} INFO - Processing /opt/airflow/dags/S3_UPLOAD_BRONZE_DAG.py took 0.088 seconds
[2026-06-07T21:36:44.860+0000] {processor.py:157} INFO - Started process (PID=1578) to work on /opt/airflow/dags/S3_UPLOAD_BRONZE_DAG.py
[2026-06-07T21:36:44.861+0000] {processor.py:829} INFO - Processing file /opt/airflow/dags/S3_UPLOAD_BRONZE_DAG.py for tasks to queue
[2026-06-07T21:36:44.862+0000] {logging_mixin.py:154} INFO - [2026-06-07T21:36:44.861+0000] {dagbag.py:536} INFO - Filling up the DagBag from /opt/airflow/dags/S3_UPLOAD_BRONZE_DAG.py
[2026-06-07T21:36:44.880+0000] {processor.py:839} INFO - DAG(s) dict_keys(['daily_vulnerability_ingestion']) retrieved from /opt/airflow/dags/S3_UPLOAD_BRONZE_DAG.py
[2026-06-07T21:36:44.900+0000] {logging_mixin.py:154} INFO - [2026-06-07T21:36:44.900+0000] {dag.py:2941} INFO - Sync 1 DAGs
[2026-06-07T21:36:44.917+0000] {logging_mixin.py:154} INFO - [2026-06-07T21:36:44.917+0000] {dag.py:3722} INFO - Setting next_dagrun for daily_vulnerability_ingestion to 2026-06-07T14:52:05.384041+00:00, run_after=2026-06-08T14:52:05.384041+00:00
[2026-06-07T21:36:44.930+0000] {processor.py:179} INFO - Processing /opt/airflow/dags/S3_UPLOAD_BRONZE_DAG.py took 0.076 seconds
[2026-06-07T21:37:15.098+0000] {processor.py:157} INFO - Started process (PID=1583) to work on /opt/airflow/dags/S3_UPLOAD_BRONZE_DAG.py
[2026-06-07T21:37:15.107+0000] {processor.py:829} INFO - Processing file /opt/airflow/dags/S3_UPLOAD_BRONZE_DAG.py for tasks to queue
[2026-06-07T21:37:15.109+0000] {logging_mixin.py:154} INFO - [2026-06-07T21:37:15.108+0000] {dagbag.py:536} INFO - Filling up the DagBag from /opt/airflow/dags/S3_UPLOAD_BRONZE_DAG.py
[2026-06-07T21:37:15.131+0000] {processor.py:839} INFO - DAG(s) dict_keys(['daily_vulnerability_ingestion']) retrieved from /opt/airflow/dags/S3_UPLOAD_BRONZE_DAG.py
[2026-06-07T21:37:15.151+0000] {logging_mixin.py:154} INFO - [2026-06-07T21:37:15.151+0000] {dag.py:2941} INFO - Sync 1 DAGs
[2026-06-07T21:37:15.167+0000] {logging_mixin.py:154} INFO - [2026-06-07T21:37:15.167+0000] {dag.py:3722} INFO - Setting next_dagrun for daily_vulnerability_ingestion to 2026-06-07T14:52:05.384041+00:00, run_after=2026-06-08T14:52:05.384041+00:00
[2026-06-07T21:37:15.180+0000] {processor.py:179} INFO - Processing /opt/airflow/dags/S3_UPLOAD_BRONZE_DAG.py took 0.089 seconds
[2026-06-07T21:37:45.269+0000] {processor.py:157} INFO - Started process (PID=1588) to work on /opt/airflow/dags/S3_UPLOAD_BRONZE_DAG.py
[2026-06-07T21:37:45.270+0000] {processor.py:829} INFO - Processing file /opt/airflow/dags/S3_UPLOAD_BRONZE_DAG.py for tasks to queue
[2026-06-07T21:37:45.271+0000] {logging_mixin.py:154} INFO - [2026-06-07T21:37:45.270+0000] {dagbag.py:536} INFO - Filling up the DagBag from /opt/airflow/dags/S3_UPLOAD_BRONZE_DAG.py
[2026-06-07T21:37:45.289+0000] {processor.py:839} INFO - DAG(s) dict_keys(['daily_vulnerability_ingestion']) retrieved from /opt/airflow/dags/S3_UPLOAD_BRONZE_DAG.py
[2026-06-07T21:37:45.316+0000] {logging_mixin.py:154} INFO - [2026-06-07T21:37:45.316+0000] {dag.py:2941} INFO - Sync 1 DAGs
[2026-06-07T21:37:45.332+0000] {logging_mixin.py:154} INFO - [2026-06-07T21:37:45.332+0000] {dag.py:3722} INFO - Setting next_dagrun for daily_vulnerability_ingestion to 2026-06-07T14:52:05.384041+00:00, run_after=2026-06-08T14:52:05.384041+00:00
[2026-06-07T21:37:45.352+0000] {processor.py:179} INFO - Processing /opt/airflow/dags/S3_UPLOAD_BRONZE_DAG.py took 0.086 seconds
[2026-06-07T21:38:15.493+0000] {processor.py:157} INFO - Started process (PID=1593) to work on /opt/airflow/dags/S3_UPLOAD_BRONZE_DAG.py
[2026-06-07T21:38:15.502+0000] {processor.py:829} INFO - Processing file /opt/airflow/dags/S3_UPLOAD_BRONZE_DAG.py for tasks to queue
[2026-06-07T21:38:15.503+0000] {logging_mixin.py:154} INFO - [2026-06-07T21:38:15.502+0000] {dagbag.py:536} INFO - Filling up the DagBag from /opt/airflow/dags/S3_UPLOAD_BRONZE_DAG.py
[2026-06-07T21:38:15.523+0000] {processor.py:839} INFO - DAG(s) dict_keys(['daily_vulnerability_ingestion']) retrieved from /opt/airflow/dags/S3_UPLOAD_BRONZE_DAG.py
[2026-06-07T21:38:15.555+0000] {logging_mixin.py:154} INFO - [2026-06-07T21:38:15.554+0000] {dag.py:2941} INFO - Sync 1 DAGs
[2026-06-07T21:38:15.581+0000] {logging_mixin.py:154} INFO - [2026-06-07T21:38:15.580+0000] {dag.py:3722} INFO - Setting next_dagrun for daily_vulnerability_ingestion to 2026-06-07T14:52:05.384041+00:00, run_after=2026-06-08T14:52:05.384041+00:00
[2026-06-07T21:38:15.596+0000] {processor.py:179} INFO - Processing /opt/airflow/dags/S3_UPLOAD_BRONZE_DAG.py took 0.106 seconds
[2026-06-07T21:38:45.692+0000] {processor.py:157} INFO - Started process (PID=1598) to work on /opt/airflow/dags/S3_UPLOAD_BRONZE_DAG.py
[2026-06-07T21:38:45.692+0000] {processor.py:829} INFO - Processing file /opt/airflow/dags/S3_UPLOAD_BRONZE_DAG.py for tasks to queue
[2026-06-07T21:38:45.693+0000] {logging_mixin.py:154} INFO - [2026-06-07T21:38:45.693+0000] {dagbag.py:536} INFO - Filling up the DagBag from /opt/airflow/dags/S3_UPLOAD_BRONZE_DAG.py
[2026-06-07T21:38:45.705+0000] {processor.py:839} INFO - DAG(s) dict_keys(['daily_vulnerability_ingestion']) retrieved from /opt/airflow/dags/S3_UPLOAD_BRONZE_DAG.py
[2026-06-07T21:38:45.725+0000] {logging_mixin.py:154} INFO - [2026-06-07T21:38:45.725+0000] {dag.py:2941} INFO - Sync 1 DAGs
[2026-06-07T21:38:45.742+0000] {logging_mixin.py:154} INFO - [2026-06-07T21:38:45.742+0000] {dag.py:3722} INFO - Setting next_dagrun for daily_vulnerability_ingestion to 2026-06-07T14:52:05.384041+00:00, run_after=2026-06-08T14:52:05.384041+00:00
[2026-06-07T21:38:45.754+0000] {processor.py:179} INFO - Processing /opt/airflow/dags/S3_UPLOAD_BRONZE_DAG.py took 0.065 seconds
[2026-06-07T21:39:15.900+0000] {processor.py:157} INFO - Started process (PID=1603) to work on /opt/airflow/dags/S3_UPLOAD_BRONZE_DAG.py
[2026-06-07T21:39:15.909+0000] {processor.py:829} INFO - Processing file /opt/airflow/dags/S3_UPLOAD_BRONZE_DAG.py for tasks to queue
[2026-06-07T21:39:15.910+0000] {logging_mixin.py:154} INFO - [2026-06-07T21:39:15.909+0000] {dagbag.py:536} INFO - Filling up the DagBag from /opt/airflow/dags/S3_UPLOAD_BRONZE_DAG.py
[2026-06-07T21:39:15.925+0000] {processor.py:839} INFO - DAG(s) dict_keys(['daily_vulnerability_ingestion']) retrieved from /opt/airflow/dags/S3_UPLOAD_BRONZE_DAG.py
[2026-06-07T21:39:15.953+0000] {logging_mixin.py:154} INFO - [2026-06-07T21:39:15.952+0000] {dag.py:2941} INFO - Sync 1 DAGs
[2026-06-07T21:39:15.970+0000] {logging_mixin.py:154} INFO - [2026-06-07T21:39:15.970+0000] {dag.py:3722} INFO - Setting next_dagrun for daily_vulnerability_ingestion to 2026-06-07T14:52:05.384041+00:00, run_after=2026-06-08T14:52:05.384041+00:00
[2026-06-07T21:39:15.982+0000] {processor.py:179} INFO - Processing /opt/airflow/dags/S3_UPLOAD_BRONZE_DAG.py took 0.086 seconds
[2026-06-07T21:39:46.099+0000] {processor.py:157} INFO - Started process (PID=1608) to work on /opt/airflow/dags/S3_UPLOAD_BRONZE_DAG.py
[2026-06-07T21:39:46.100+0000] {processor.py:829} INFO - Processing file /opt/airflow/dags/S3_UPLOAD_BRONZE_DAG.py for tasks to queue
[2026-06-07T21:39:46.101+0000] {logging_mixin.py:154} INFO - [2026-06-07T21:39:46.100+0000] {dagbag.py:536} INFO - Filling up the DagBag from /opt/airflow/dags/S3_UPLOAD_BRONZE_DAG.py
[2026-06-07T21:39:46.113+0000] {processor.py:839} INFO - DAG(s) dict_keys(['daily_vulnerability_ingestion']) retrieved from /opt/airflow/dags/S3_UPLOAD_BRONZE_DAG.py
[2026-06-07T21:39:46.133+0000] {logging_mixin.py:154} INFO - [2026-06-07T21:39:46.133+0000] {dag.py:2941} INFO - Sync 1 DAGs
[2026-06-07T21:39:46.150+0000] {logging_mixin.py:154} INFO - [2026-06-07T21:39:46.150+0000] {dag.py:3722} INFO - Setting next_dagrun for daily_vulnerability_ingestion to 2026-06-07T14:52:05.384041+00:00, run_after=2026-06-08T14:52:05.384041+00:00
[2026-06-07T21:39:46.163+0000] {processor.py:179} INFO - Processing /opt/airflow/dags/S3_UPLOAD_BRONZE_DAG.py took 0.067 seconds
[2026-06-07T21:40:16.350+0000] {processor.py:157} INFO - Started process (PID=1613) to work on /opt/airflow/dags/S3_UPLOAD_BRONZE_DAG.py
[2026-06-07T21:40:16.359+0000] {processor.py:829} INFO - Processing file /opt/airflow/dags/S3_UPLOAD_BRONZE_DAG.py for tasks to queue
[2026-06-07T21:40:16.360+0000] {logging_mixin.py:154} INFO - [2026-06-07T21:40:16.359+0000] {dagbag.py:536} INFO - Filling up the DagBag from /opt/airflow/dags/S3_UPLOAD_BRONZE_DAG.py
[2026-06-07T21:40:16.376+0000] {processor.py:839} INFO - DAG(s) dict_keys(['daily_vulnerability_ingestion']) retrieved from /opt/airflow/dags/S3_UPLOAD_BRONZE_DAG.py
[2026-06-07T21:40:16.397+0000] {logging_mixin.py:154} INFO - [2026-06-07T21:40:16.396+0000] {dag.py:2941} INFO - Sync 1 DAGs
[2026-06-07T21:40:16.414+0000] {logging_mixin.py:154} INFO - [2026-06-07T21:40:16.414+0000] {dag.py:3722} INFO - Setting next_dagrun for daily_vulnerability_ingestion to 2026-06-07T14:52:05.384041+00:00, run_after=2026-06-08T14:52:05.384041+00:00
[2026-06-07T21:40:16.426+0000] {processor.py:179} INFO - Processing /opt/airflow/dags/S3_UPLOAD_BRONZE_DAG.py took 0.080 seconds
[2026-06-07T21:40:46.586+0000] {processor.py:157} INFO - Started process (PID=1618) to work on /opt/airflow/dags/S3_UPLOAD_BRONZE_DAG.py
[2026-06-07T21:40:46.587+0000] {processor.py:829} INFO - Processing file /opt/airflow/dags/S3_UPLOAD_BRONZE_DAG.py for tasks to queue
[2026-06-07T21:40:46.588+0000] {logging_mixin.py:154} INFO - [2026-06-07T21:40:46.588+0000] {dagbag.py:536} INFO - Filling up the DagBag from /opt/airflow/dags/S3_UPLOAD_BRONZE_DAG.py
[2026-06-07T21:40:46.610+0000] {processor.py:839} INFO - DAG(s) dict_keys(['daily_vulnerability_ingestion']) retrieved from /opt/airflow/dags/S3_UPLOAD_BRONZE_DAG.py
[2026-06-07T21:40:46.635+0000] {logging_mixin.py:154} INFO - [2026-06-07T21:40:46.634+0000] {dag.py:2941} INFO - Sync 1 DAGs
[2026-06-07T21:40:46.652+0000] {logging_mixin.py:154} INFO - [2026-06-07T21:40:46.652+0000] {dag.py:3722} INFO - Setting next_dagrun for daily_vulnerability_ingestion to 2026-06-07T14:52:05.384041+00:00, run_after=2026-06-08T14:52:05.384041+00:00
[2026-06-07T21:40:46.664+0000] {processor.py:179} INFO - Processing /opt/airflow/dags/S3_UPLOAD_BRONZE_DAG.py took 0.084 seconds
[2026-06-07T21:41:16.779+0000] {processor.py:157} INFO - Started process (PID=1623) to work on /opt/airflow/dags/S3_UPLOAD_BRONZE_DAG.py
[2026-06-07T21:41:16.789+0000] {processor.py:829} INFO - Processing file /opt/airflow/dags/S3_UPLOAD_BRONZE_DAG.py for tasks to queue
[2026-06-07T21:41:16.791+0000] {logging_mixin.py:154} INFO - [2026-06-07T21:41:16.790+0000] {dagbag.py:536} INFO - Filling up the DagBag from /opt/airflow/dags/S3_UPLOAD_BRONZE_DAG.py
[2026-06-07T21:41:16.819+0000] {processor.py:839} INFO - DAG(s) dict_keys(['daily_vulnerability_ingestion']) retrieved from /opt/airflow/dags/S3_UPLOAD_BRONZE_DAG.py
[2026-06-07T21:41:16.840+0000] {logging_mixin.py:154} INFO - [2026-06-07T21:41:16.840+0000] {dag.py:2941} INFO - Sync 1 DAGs
[2026-06-07T21:41:16.856+0000] {logging_mixin.py:154} INFO - [2026-06-07T21:41:16.856+0000] {dag.py:3722} INFO - Setting next_dagrun for daily_vulnerability_ingestion to 2026-06-07T14:52:05.384041+00:00, run_after=2026-06-08T14:52:05.384041+00:00
[2026-06-07T21:41:16.868+0000] {processor.py:179} INFO - Processing /opt/airflow/dags/S3_UPLOAD_BRONZE_DAG.py took 0.093 seconds
[2026-06-07T21:41:47.032+0000] {processor.py:157} INFO - Started process (PID=1628) to work on /opt/airflow/dags/S3_UPLOAD_BRONZE_DAG.py
[2026-06-07T21:41:47.033+0000] {processor.py:829} INFO - Processing file /opt/airflow/dags/S3_UPLOAD_BRONZE_DAG.py for tasks to queue
[2026-06-07T21:41:47.035+0000] {logging_mixin.py:154} INFO - [2026-06-07T21:41:47.034+0000] {dagbag.py:536} INFO - Filling up the DagBag from /opt/airflow/dags/S3_UPLOAD_BRONZE_DAG.py
[2026-06-07T21:41:47.055+0000] {processor.py:839} INFO - DAG(s) dict_keys(['daily_vulnerability_ingestion']) retrieved from /opt/airflow/dags/S3_UPLOAD_BRONZE_DAG.py
[2026-06-07T21:41:47.075+0000] {logging_mixin.py:154} INFO - [2026-06-07T21:41:47.074+0000] {dag.py:2941} INFO - Sync 1 DAGs
[2026-06-07T21:41:47.090+0000] {logging_mixin.py:154} INFO - [2026-06-07T21:41:47.090+0000] {dag.py:3722} INFO - Setting next_dagrun for daily_vulnerability_ingestion to 2026-06-07T14:52:05.384041+00:00, run_after=2026-06-08T14:52:05.384041+00:00
[2026-06-07T21:41:47.103+0000] {processor.py:179} INFO - Processing /opt/airflow/dags/S3_UPLOAD_BRONZE_DAG.py took 0.079 seconds
[2026-06-07T21:42:17.261+0000] {processor.py:157} INFO - Started process (PID=1633) to work on /opt/airflow/dags/S3_UPLOAD_BRONZE_DAG.py
[2026-06-07T21:42:17.270+0000] {processor.py:829} INFO - Processing file /opt/airflow/dags/S3_UPLOAD_BRONZE_DAG.py for tasks to queue
[2026-06-07T21:42:17.270+0000] {logging_mixin.py:154} INFO - [2026-06-07T21:42:17.270+0000] {dagbag.py:536} INFO - Filling up the DagBag from /opt/airflow/dags/S3_UPLOAD_BRONZE_DAG.py
[2026-06-07T21:42:17.283+0000] {processor.py:839} INFO - DAG(s) dict_keys(['daily_vulnerability_ingestion']) retrieved from /opt/airflow/dags/S3_UPLOAD_BRONZE_DAG.py
[2026-06-07T21:42:17.303+0000] {logging_mixin.py:154} INFO - [2026-06-07T21:42:17.302+0000] {dag.py:2941} INFO - Sync 1 DAGs
[2026-06-07T21:42:17.318+0000] {logging_mixin.py:154} INFO - [2026-06-07T21:42:17.318+0000] {dag.py:3722} INFO - Setting next_dagrun for daily_vulnerability_ingestion to 2026-06-07T14:52:05.384041+00:00, run_after=2026-06-08T14:52:05.384041+00:00
[2026-06-07T21:42:17.331+0000] {processor.py:179} INFO - Processing /opt/airflow/dags/S3_UPLOAD_BRONZE_DAG.py took 0.075 seconds
[2026-06-07T21:42:47.457+0000] {processor.py:157} INFO - Started process (PID=1638) to work on /opt/airflow/dags/S3_UPLOAD_BRONZE_DAG.py
[2026-06-07T21:42:47.458+0000] {processor.py:829} INFO - Processing file /opt/airflow/dags/S3_UPLOAD_BRONZE_DAG.py for tasks to queue
[2026-06-07T21:42:47.459+0000] {logging_mixin.py:154} INFO - [2026-06-07T21:42:47.459+0000] {dagbag.py:536} INFO - Filling up the DagBag from /opt/airflow/dags/S3_UPLOAD_BRONZE_DAG.py
[2026-06-07T21:42:47.475+0000] {processor.py:839} INFO - DAG(s) dict_keys(['daily_vulnerability_ingestion']) retrieved from /opt/airflow/dags/S3_UPLOAD_BRONZE_DAG.py
[2026-06-07T21:42:47.499+0000] {logging_mixin.py:154} INFO - [2026-06-07T21:42:47.499+0000] {dag.py:2941} INFO - Sync 1 DAGs
[2026-06-07T21:42:47.517+0000] {logging_mixin.py:154} INFO - [2026-06-07T21:42:47.517+0000] {dag.py:3722} INFO - Setting next_dagrun for daily_vulnerability_ingestion to 2026-06-07T14:52:05.384041+00:00, run_after=2026-06-08T14:52:05.384041+00:00
[2026-06-07T21:42:47.529+0000] {processor.py:179} INFO - Processing /opt/airflow/dags/S3_UPLOAD_BRONZE_DAG.py took 0.076 seconds
[2026-06-07T21:43:17.708+0000] {processor.py:157} INFO - Started process (PID=1643) to work on /opt/airflow/dags/S3_UPLOAD_BRONZE_DAG.py
[2026-06-07T21:43:17.717+0000] {processor.py:829} INFO - Processing file /opt/airflow/dags/S3_UPLOAD_BRONZE_DAG.py for tasks to queue
[2026-06-07T21:43:17.718+0000] {logging_mixin.py:154} INFO - [2026-06-07T21:43:17.718+0000] {dagbag.py:536} INFO - Filling up the DagBag from /opt/airflow/dags/S3_UPLOAD_BRONZE_DAG.py
[2026-06-07T21:43:17.734+0000] {processor.py:839} INFO - DAG(s) dict_keys(['daily_vulnerability_ingestion']) retrieved from /opt/airflow/dags/S3_UPLOAD_BRONZE_DAG.py
[2026-06-07T21:43:17.753+0000] {logging_mixin.py:154} INFO - [2026-06-07T21:43:17.752+0000] {dag.py:2941} INFO - Sync 1 DAGs
[2026-06-07T21:43:17.768+0000] {logging_mixin.py:154} INFO - [2026-06-07T21:43:17.768+0000] {dag.py:3722} INFO - Setting next_dagrun for daily_vulnerability_ingestion to 2026-06-07T14:52:05.384041+00:00, run_after=2026-06-08T14:52:05.384041+00:00
[2026-06-07T21:43:17.780+0000] {processor.py:179} INFO - Processing /opt/airflow/dags/S3_UPLOAD_BRONZE_DAG.py took 0.078 seconds
[2026-06-07T21:43:47.922+0000] {processor.py:157} INFO - Started process (PID=1648) to work on /opt/airflow/dags/S3_UPLOAD_BRONZE_DAG.py
[2026-06-07T21:43:47.923+0000] {processor.py:829} INFO - Processing file /opt/airflow/dags/S3_UPLOAD_BRONZE_DAG.py for tasks to queue
[2026-06-07T21:43:47.924+0000] {logging_mixin.py:154} INFO - [2026-06-07T21:43:47.924+0000] {dagbag.py:536} INFO - Filling up the DagBag from /opt/airflow/dags/S3_UPLOAD_BRONZE_DAG.py
[2026-06-07T21:43:47.940+0000] {processor.py:839} INFO - DAG(s) dict_keys(['daily_vulnerability_ingestion']) retrieved from /opt/airflow/dags/S3_UPLOAD_BRONZE_DAG.py
[2026-06-07T21:43:47.959+0000] {logging_mixin.py:154} INFO - [2026-06-07T21:43:47.958+0000] {dag.py:2941} INFO - Sync 1 DAGs
[2026-06-07T21:43:47.975+0000] {logging_mixin.py:154} INFO - [2026-06-07T21:43:47.975+0000] {dag.py:3722} INFO - Setting next_dagrun for daily_vulnerability_ingestion to 2026-06-07T14:52:05.384041+00:00, run_after=2026-06-08T14:52:05.384041+00:00
[2026-06-07T21:43:47.987+0000] {processor.py:179} INFO - Processing /opt/airflow/dags/S3_UPLOAD_BRONZE_DAG.py took 0.070 seconds
[2026-06-07T21:44:18.146+0000] {processor.py:157} INFO - Started process (PID=1653) to work on /opt/airflow/dags/S3_UPLOAD_BRONZE_DAG.py
[2026-06-07T21:44:18.155+0000] {processor.py:829} INFO - Processing file /opt/airflow/dags/S3_UPLOAD_BRONZE_DAG.py for tasks to queue
[2026-06-07T21:44:18.156+0000] {logging_mixin.py:154} INFO - [2026-06-07T21:44:18.156+0000] {dagbag.py:536} INFO - Filling up the DagBag from /opt/airflow/dags/S3_UPLOAD_BRONZE_DAG.py
[2026-06-07T21:44:18.174+0000] {processor.py:839} INFO - DAG(s) dict_keys(['daily_vulnerability_ingestion']) retrieved from /opt/airflow/dags/S3_UPLOAD_BRONZE_DAG.py
[2026-06-07T21:44:18.194+0000] {logging_mixin.py:154} INFO - [2026-06-07T21:44:18.194+0000] {dag.py:2941} INFO - Sync 1 DAGs
[2026-06-07T21:44:18.212+0000] {logging_mixin.py:154} INFO - [2026-06-07T21:44:18.212+0000] {dag.py:3722} INFO - Setting next_dagrun for daily_vulnerability_ingestion to 2026-06-07T14:52:05.384041+00:00, run_after=2026-06-08T14:52:05.384041+00:00
[2026-06-07T21:44:18.225+0000] {processor.py:179} INFO - Processing /opt/airflow/dags/S3_UPLOAD_BRONZE_DAG.py took 0.083 seconds
[2026-06-07T21:44:48.374+0000] {processor.py:157} INFO - Started process (PID=1658) to work on /opt/airflow/dags/S3_UPLOAD_BRONZE_DAG.py
[2026-06-07T21:44:48.375+0000] {processor.py:829} INFO - Processing file /opt/airflow/dags/S3_UPLOAD_BRONZE_DAG.py for tasks to queue
[2026-06-07T21:44:48.376+0000] {logging_mixin.py:154} INFO - [2026-06-07T21:44:48.376+0000] {dagbag.py:536} INFO - Filling up the DagBag from /opt/airflow/dags/S3_UPLOAD_BRONZE_DAG.py
[2026-06-07T21:44:48.391+0000] {processor.py:839} INFO - DAG(s) dict_keys(['daily_vulnerability_ingestion']) retrieved from /opt/airflow/dags/S3_UPLOAD_BRONZE_DAG.py
[2026-06-07T21:44:48.411+0000] {logging_mixin.py:154} INFO - [2026-06-07T21:44:48.411+0000] {dag.py:2941} INFO - Sync 1 DAGs
[2026-06-07T21:44:48.426+0000] {logging_mixin.py:154} INFO - [2026-06-07T21:44:48.426+0000] {dag.py:3722} INFO - Setting next_dagrun for daily_vulnerability_ingestion to 2026-06-07T14:52:05.384041+00:00, run_after=2026-06-08T14:52:05.384041+00:00
[2026-06-07T21:44:48.440+0000] {processor.py:179} INFO - Processing /opt/airflow/dags/S3_UPLOAD_BRONZE_DAG.py took 0.070 seconds
[2026-06-07T21:45:18.613+0000] {processor.py:157} INFO - Started process (PID=1663) to work on /opt/airflow/dags/S3_UPLOAD_BRONZE_DAG.py
[2026-06-07T21:45:18.621+0000] {processor.py:829} INFO - Processing file /opt/airflow/dags/S3_UPLOAD_BRONZE_DAG.py for tasks to queue
[2026-06-07T21:45:18.622+0000] {logging_mixin.py:154} INFO - [2026-06-07T21:45:18.622+0000] {dagbag.py:536} INFO - Filling up the DagBag from /opt/airflow/dags/S3_UPLOAD_BRONZE_DAG.py
[2026-06-07T21:45:18.636+0000] {processor.py:839} INFO - DAG(s) dict_keys(['daily_vulnerability_ingestion']) retrieved from /opt/airflow/dags/S3_UPLOAD_BRONZE_DAG.py
[2026-06-07T21:45:18.656+0000] {logging_mixin.py:154} INFO - [2026-06-07T21:45:18.656+0000] {dag.py:2941} INFO - Sync 1 DAGs
[2026-06-07T21:45:18.673+0000] {logging_mixin.py:154} INFO - [2026-06-07T21:45:18.673+0000] {dag.py:3722} INFO - Setting next_dagrun for daily_vulnerability_ingestion to 2026-06-07T14:52:05.384041+00:00, run_after=2026-06-08T14:52:05.384041+00:00
[2026-06-07T21:45:18.685+0000] {processor.py:179} INFO - Processing /opt/airflow/dags/S3_UPLOAD_BRONZE_DAG.py took 0.078 seconds
[2026-06-07T21:45:48.838+0000] {processor.py:157} INFO - Started process (PID=1668) to work on /opt/airflow/dags/S3_UPLOAD_BRONZE_DAG.py
[2026-06-07T21:45:48.839+0000] {processor.py:829} INFO - Processing file /opt/airflow/dags/S3_UPLOAD_BRONZE_DAG.py for tasks to queue
[2026-06-07T21:45:48.840+0000] {logging_mixin.py:154} INFO - [2026-06-07T21:45:48.839+0000] {dagbag.py:536} INFO - Filling up the DagBag from /opt/airflow/dags/S3_UPLOAD_BRONZE_DAG.py
[2026-06-07T21:45:48.856+0000] {processor.py:839} INFO - DAG(s) dict_keys(['daily_vulnerability_ingestion']) retrieved from /opt/airflow/dags/S3_UPLOAD_BRONZE_DAG.py
[2026-06-07T21:45:48.879+0000] {logging_mixin.py:154} INFO - [2026-06-07T21:45:48.878+0000] {dag.py:2941} INFO - Sync 1 DAGs
[2026-06-07T21:45:48.895+0000] {logging_mixin.py:154} INFO - [2026-06-07T21:45:48.895+0000] {dag.py:3722} INFO - Setting next_dagrun for daily_vulnerability_ingestion to 2026-06-07T14:52:05.384041+00:00, run_after=2026-06-08T14:52:05.384041+00:00
[2026-06-07T21:45:48.907+0000] {processor.py:179} INFO - Processing /opt/airflow/dags/S3_UPLOAD_BRONZE_DAG.py took 0.072 seconds
[2026-06-07T21:46:19.036+0000] {processor.py:157} INFO - Started process (PID=1673) to work on /opt/airflow/dags/S3_UPLOAD_BRONZE_DAG.py
[2026-06-07T21:46:19.045+0000] {processor.py:829} INFO - Processing file /opt/airflow/dags/S3_UPLOAD_BRONZE_DAG.py for tasks to queue
[2026-06-07T21:46:19.046+0000] {logging_mixin.py:154} INFO - [2026-06-07T21:46:19.045+0000] {dagbag.py:536} INFO - Filling up the DagBag from /opt/airflow/dags/S3_UPLOAD_BRONZE_DAG.py
[2026-06-07T21:46:19.069+0000] {processor.py:839} INFO - DAG(s) dict_keys(['daily_vulnerability_ingestion']) retrieved from /opt/airflow/dags/S3_UPLOAD_BRONZE_DAG.py
[2026-06-07T21:46:19.089+0000] {logging_mixin.py:154} INFO - [2026-06-07T21:46:19.089+0000] {dag.py:2941} INFO - Sync 1 DAGs
[2026-06-07T21:46:19.105+0000] {logging_mixin.py:154} INFO - [2026-06-07T21:46:19.105+0000] {dag.py:3722} INFO - Setting next_dagrun for daily_vulnerability_ingestion to 2026-06-07T14:52:05.384041+00:00, run_after=2026-06-08T14:52:05.384041+00:00
[2026-06-07T21:46:19.118+0000] {processor.py:179} INFO - Processing /opt/airflow/dags/S3_UPLOAD_BRONZE_DAG.py took 0.088 seconds
[2026-06-07T21:46:49.254+0000] {processor.py:157} INFO - Started process (PID=1678) to work on /opt/airflow/dags/S3_UPLOAD_BRONZE_DAG.py
[2026-06-07T21:46:49.255+0000] {processor.py:829} INFO - Processing file /opt/airflow/dags/S3_UPLOAD_BRONZE_DAG.py for tasks to queue
[2026-06-07T21:46:49.256+0000] {logging_mixin.py:154} INFO - [2026-06-07T21:46:49.256+0000] {dagbag.py:536} INFO - Filling up the DagBag from /opt/airflow/dags/S3_UPLOAD_BRONZE_DAG.py
[2026-06-07T21:46:49.276+0000] {processor.py:839} INFO - DAG(s) dict_keys(['daily_vulnerability_ingestion']) retrieved from /opt/airflow/dags/S3_UPLOAD_BRONZE_DAG.py
[2026-06-07T21:46:49.296+0000] {logging_mixin.py:154} INFO - [2026-06-07T21:46:49.296+0000] {dag.py:2941} INFO - Sync 1 DAGs
[2026-06-07T21:46:49.314+0000] {logging_mixin.py:154} INFO - [2026-06-07T21:46:49.313+0000] {dag.py:3722} INFO - Setting next_dagrun for daily_vulnerability_ingestion to 2026-06-07T14:52:05.384041+00:00, run_after=2026-06-08T14:52:05.384041+00:00
[2026-06-07T21:46:49.325+0000] {processor.py:179} INFO - Processing /opt/airflow/dags/S3_UPLOAD_BRONZE_DAG.py took 0.075 seconds
[2026-06-07T21:47:19.453+0000] {processor.py:157} INFO - Started process (PID=1683) to work on /opt/airflow/dags/S3_UPLOAD_BRONZE_DAG.py
[2026-06-07T21:47:19.463+0000] {processor.py:829} INFO - Processing file /opt/airflow/dags/S3_UPLOAD_BRONZE_DAG.py for tasks to queue
[2026-06-07T21:47:19.464+0000] {logging_mixin.py:154} INFO - [2026-06-07T21:47:19.463+0000] {dagbag.py:536} INFO - Filling up the DagBag from /opt/airflow/dags/S3_UPLOAD_BRONZE_DAG.py
[2026-06-07T21:47:19.478+0000] {processor.py:839} INFO - DAG(s) dict_keys(['daily_vulnerability_ingestion']) retrieved from /opt/airflow/dags/S3_UPLOAD_BRONZE_DAG.py
[2026-06-07T21:47:19.497+0000] {logging_mixin.py:154} INFO - [2026-06-07T21:47:19.497+0000] {dag.py:2941} INFO - Sync 1 DAGs
[2026-06-07T21:47:19.514+0000] {logging_mixin.py:154} INFO - [2026-06-07T21:47:19.513+0000] {dag.py:3722} INFO - Setting next_dagrun for daily_vulnerability_ingestion to 2026-06-07T14:52:05.384041+00:00, run_after=2026-06-08T14:52:05.384041+00:00
[2026-06-07T21:47:19.526+0000] {processor.py:179} INFO - Processing /opt/airflow/dags/S3_UPLOAD_BRONZE_DAG.py took 0.079 seconds
[2026-06-07T21:47:49.686+0000] {processor.py:157} INFO - Started process (PID=1688) to work on /opt/airflow/dags/S3_UPLOAD_BRONZE_DAG.py
[2026-06-07T21:47:49.687+0000] {processor.py:829} INFO - Processing file /opt/airflow/dags/S3_UPLOAD_BRONZE_DAG.py for tasks to queue
[2026-06-07T21:47:49.688+0000] {logging_mixin.py:154} INFO - [2026-06-07T21:47:49.687+0000] {dagbag.py:536} INFO - Filling up the DagBag from /opt/airflow/dags/S3_UPLOAD_BRONZE_DAG.py
[2026-06-07T21:47:49.702+0000] {processor.py:839} INFO - DAG(s) dict_keys(['daily_vulnerability_ingestion']) retrieved from /opt/airflow/dags/S3_UPLOAD_BRONZE_DAG.py
[2026-06-07T21:47:49.722+0000] {logging_mixin.py:154} INFO - [2026-06-07T21:47:49.722+0000] {dag.py:2941} INFO - Sync 1 DAGs
[2026-06-07T21:47:49.738+0000] {logging_mixin.py:154} INFO - [2026-06-07T21:47:49.737+0000] {dag.py:3722} INFO - Setting next_dagrun for daily_vulnerability_ingestion to 2026-06-07T14:52:05.384041+00:00, run_after=2026-06-08T14:52:05.384041+00:00
[2026-06-07T21:47:49.751+0000] {processor.py:179} INFO - Processing /opt/airflow/dags/S3_UPLOAD_BRONZE_DAG.py took 0.070 seconds
[2026-06-07T21:48:19.901+0000] {processor.py:157} INFO - Started process (PID=1693) to work on /opt/airflow/dags/S3_UPLOAD_BRONZE_DAG.py
[2026-06-07T21:48:19.911+0000] {processor.py:829} INFO - Processing file /opt/airflow/dags/S3_UPLOAD_BRONZE_DAG.py for tasks to queue
[2026-06-07T21:48:19.912+0000] {logging_mixin.py:154} INFO - [2026-06-07T21:48:19.912+0000] {dagbag.py:536} INFO - Filling up the DagBag from /opt/airflow/dags/S3_UPLOAD_BRONZE_DAG.py
[2026-06-07T21:48:19.935+0000] {processor.py:839} INFO - DAG(s) dict_keys(['daily_vulnerability_ingestion']) retrieved from /opt/airflow/dags/S3_UPLOAD_BRONZE_DAG.py
[2026-06-07T21:48:19.956+0000] {logging_mixin.py:154} INFO - [2026-06-07T21:48:19.956+0000] {dag.py:2941} INFO - Sync 1 DAGs
[2026-06-07T21:48:19.974+0000] {logging_mixin.py:154} INFO - [2026-06-07T21:48:19.974+0000] {dag.py:3722} INFO - Setting next_dagrun for daily_vulnerability_ingestion to 2026-06-07T14:52:05.384041+00:00, run_after=2026-06-08T14:52:05.384041+00:00
[2026-06-07T21:48:19.988+0000] {processor.py:179} INFO - Processing /opt/airflow/dags/S3_UPLOAD_BRONZE_DAG.py took 0.092 seconds
[2026-06-07T21:48:50.123+0000] {processor.py:157} INFO - Started process (PID=1698) to work on /opt/airflow/dags/S3_UPLOAD_BRONZE_DAG.py
[2026-06-07T21:48:50.124+0000] {processor.py:829} INFO - Processing file /opt/airflow/dags/S3_UPLOAD_BRONZE_DAG.py for tasks to queue
[2026-06-07T21:48:50.124+0000] {logging_mixin.py:154} INFO - [2026-06-07T21:48:50.124+0000] {dagbag.py:536} INFO - Filling up the DagBag from /opt/airflow/dags/S3_UPLOAD_BRONZE_DAG.py
[2026-06-07T21:48:50.139+0000] {processor.py:839} INFO - DAG(s) dict_keys(['daily_vulnerability_ingestion']) retrieved from /opt/airflow/dags/S3_UPLOAD_BRONZE_DAG.py
[2026-06-07T21:48:50.158+0000] {logging_mixin.py:154} INFO - [2026-06-07T21:48:50.158+0000] {dag.py:2941} INFO - Sync 1 DAGs
[2026-06-07T21:48:50.173+0000] {logging_mixin.py:154} INFO - [2026-06-07T21:48:50.173+0000] {dag.py:3722} INFO - Setting next_dagrun for daily_vulnerability_ingestion to 2026-06-07T14:52:05.384041+00:00, run_after=2026-06-08T14:52:05.384041+00:00
[2026-06-07T21:48:50.185+0000] {processor.py:179} INFO - Processing /opt/airflow/dags/S3_UPLOAD_BRONZE_DAG.py took 0.066 seconds
[2026-06-07T21:49:20.350+0000] {processor.py:157} INFO - Started process (PID=1703) to work on /opt/airflow/dags/S3_UPLOAD_BRONZE_DAG.py
[2026-06-07T21:49:20.351+0000] {processor.py:829} INFO - Processing file /opt/airflow/dags/S3_UPLOAD_BRONZE_DAG.py for tasks to queue
[2026-06-07T21:49:20.351+0000] {logging_mixin.py:154} INFO - [2026-06-07T21:49:20.351+0000] {dagbag.py:536} INFO - Filling up the DagBag from /opt/airflow/dags/S3_UPLOAD_BRONZE_DAG.py
[2026-06-07T21:49:20.367+0000] {processor.py:839} INFO - DAG(s) dict_keys(['daily_vulnerability_ingestion']) retrieved from /opt/airflow/dags/S3_UPLOAD_BRONZE_DAG.py
[2026-06-07T21:49:20.386+0000] {logging_mixin.py:154} INFO - [2026-06-07T21:49:20.386+0000] {dag.py:2941} INFO - Sync 1 DAGs
[2026-06-07T21:49:20.402+0000] {logging_mixin.py:154} INFO - [2026-06-07T21:49:20.402+0000] {dag.py:3722} INFO - Setting next_dagrun for daily_vulnerability_ingestion to 2026-06-07T14:52:05.384041+00:00, run_after=2026-06-08T14:52:05.384041+00:00
[2026-06-07T21:49:20.413+0000] {processor.py:179} INFO - Processing /opt/airflow/dags/S3_UPLOAD_BRONZE_DAG.py took 0.068 seconds
[2026-06-07T21:49:50.565+0000] {processor.py:157} INFO - Started process (PID=1708) to work on /opt/airflow/dags/S3_UPLOAD_BRONZE_DAG.py
[2026-06-07T21:49:50.574+0000] {processor.py:829} INFO - Processing file /opt/airflow/dags/S3_UPLOAD_BRONZE_DAG.py for tasks to queue
[2026-06-07T21:49:50.575+0000] {logging_mixin.py:154} INFO - [2026-06-07T21:49:50.575+0000] {dagbag.py:536} INFO - Filling up the DagBag from /opt/airflow/dags/S3_UPLOAD_BRONZE_DAG.py
[2026-06-07T21:49:50.589+0000] {processor.py:839} INFO - DAG(s) dict_keys(['daily_vulnerability_ingestion']) retrieved from /opt/airflow/dags/S3_UPLOAD_BRONZE_DAG.py
[2026-06-07T21:49:50.608+0000] {logging_mixin.py:154} INFO - [2026-06-07T21:49:50.608+0000] {dag.py:2941} INFO - Sync 1 DAGs
[2026-06-07T21:49:50.625+0000] {logging_mixin.py:154} INFO - [2026-06-07T21:49:50.625+0000] {dag.py:3722} INFO - Setting next_dagrun for daily_vulnerability_ingestion to 2026-06-07T14:52:05.384041+00:00, run_after=2026-06-08T14:52:05.384041+00:00
[2026-06-07T21:49:50.637+0000] {processor.py:179} INFO - Processing /opt/airflow/dags/S3_UPLOAD_BRONZE_DAG.py took 0.076 seconds
[2026-06-07T21:50:20.756+0000] {processor.py:157} INFO - Started process (PID=1713) to work on /opt/airflow/dags/S3_UPLOAD_BRONZE_DAG.py
[2026-06-07T21:50:20.757+0000] {processor.py:829} INFO - Processing file /opt/airflow/dags/S3_UPLOAD_BRONZE_DAG.py for tasks to queue
[2026-06-07T21:50:20.758+0000] {logging_mixin.py:154} INFO - [2026-06-07T21:50:20.758+0000] {dagbag.py:536} INFO - Filling up the DagBag from /opt/airflow/dags/S3_UPLOAD_BRONZE_DAG.py
[2026-06-07T21:50:20.778+0000] {processor.py:839} INFO - DAG(s) dict_keys(['daily_vulnerability_ingestion']) retrieved from /opt/airflow/dags/S3_UPLOAD_BRONZE_DAG.py
[2026-06-07T21:50:20.798+0000] {logging_mixin.py:154} INFO - [2026-06-07T21:50:20.797+0000] {dag.py:2941} INFO - Sync 1 DAGs
[2026-06-07T21:50:20.814+0000] {logging_mixin.py:154} INFO - [2026-06-07T21:50:20.813+0000] {dag.py:3722} INFO - Setting next_dagrun for daily_vulnerability_ingestion to 2026-06-07T14:52:05.384041+00:00, run_after=2026-06-08T14:52:05.384041+00:00
[2026-06-07T21:50:20.826+0000] {processor.py:179} INFO - Processing /opt/airflow/dags/S3_UPLOAD_BRONZE_DAG.py took 0.076 seconds
[2026-06-07T21:50:51.031+0000] {processor.py:157} INFO - Started process (PID=1718) to work on /opt/airflow/dags/S3_UPLOAD_BRONZE_DAG.py
[2026-06-07T21:50:51.040+0000] {processor.py:829} INFO - Processing file /opt/airflow/dags/S3_UPLOAD_BRONZE_DAG.py for tasks to queue
[2026-06-07T21:50:51.041+0000] {logging_mixin.py:154} INFO - [2026-06-07T21:50:51.041+0000] {dagbag.py:536} INFO - Filling up the DagBag from /opt/airflow/dags/S3_UPLOAD_BRONZE_DAG.py
[2026-06-07T21:50:51.058+0000] {processor.py:839} INFO - DAG(s) dict_keys(['daily_vulnerability_ingestion']) retrieved from /opt/airflow/dags/S3_UPLOAD_BRONZE_DAG.py
[2026-06-07T21:50:51.079+0000] {logging_mixin.py:154} INFO - [2026-06-07T21:50:51.078+0000] {dag.py:2941} INFO - Sync 1 DAGs
[2026-06-07T21:50:51.096+0000] {logging_mixin.py:154} INFO - [2026-06-07T21:50:51.096+0000] {dag.py:3722} INFO - Setting next_dagrun for daily_vulnerability_ingestion to 2026-06-07T14:52:05.384041+00:00, run_after=2026-06-08T14:52:05.384041+00:00
[2026-06-07T21:50:51.110+0000] {processor.py:179} INFO - Processing /opt/airflow/dags/S3_UPLOAD_BRONZE_DAG.py took 0.083 seconds
[2026-06-07T21:51:21.253+0000] {processor.py:157} INFO - Started process (PID=1723) to work on /opt/airflow/dags/S3_UPLOAD_BRONZE_DAG.py
[2026-06-07T21:51:21.254+0000] {processor.py:829} INFO - Processing file /opt/airflow/dags/S3_UPLOAD_BRONZE_DAG.py for tasks to queue
[2026-06-07T21:51:21.255+0000] {logging_mixin.py:154} INFO - [2026-06-07T21:51:21.254+0000] {dagbag.py:536} INFO - Filling up the DagBag from /opt/airflow/dags/S3_UPLOAD_BRONZE_DAG.py
[2026-06-07T21:51:21.270+0000] {processor.py:839} INFO - DAG(s) dict_keys(['daily_vulnerability_ingestion']) retrieved from /opt/airflow/dags/S3_UPLOAD_BRONZE_DAG.py
[2026-06-07T21:51:21.289+0000] {logging_mixin.py:154} INFO - [2026-06-07T21:51:21.289+0000] {dag.py:2941} INFO - Sync 1 DAGs
[2026-06-07T21:51:21.305+0000] {logging_mixin.py:154} INFO - [2026-06-07T21:51:21.305+0000] {dag.py:3722} INFO - Setting next_dagrun for daily_vulnerability_ingestion to 2026-06-07T14:52:05.384041+00:00, run_after=2026-06-08T14:52:05.384041+00:00
[2026-06-07T21:51:21.316+0000] {processor.py:179} INFO - Processing /opt/airflow/dags/S3_UPLOAD_BRONZE_DAG.py took 0.068 seconds
[2026-06-07T21:51:51.481+0000] {processor.py:157} INFO - Started process (PID=1728) to work on /opt/airflow/dags/S3_UPLOAD_BRONZE_DAG.py
[2026-06-07T21:51:51.490+0000] {processor.py:829} INFO - Processing file /opt/airflow/dags/S3_UPLOAD_BRONZE_DAG.py for tasks to queue
[2026-06-07T21:51:51.490+0000] {logging_mixin.py:154} INFO - [2026-06-07T21:51:51.490+0000] {dagbag.py:536} INFO - Filling up the DagBag from /opt/airflow/dags/S3_UPLOAD_BRONZE_DAG.py
[2026-06-07T21:51:51.502+0000] {processor.py:839} INFO - DAG(s) dict_keys(['daily_vulnerability_ingestion']) retrieved from /opt/airflow/dags/S3_UPLOAD_BRONZE_DAG.py
[2026-06-07T21:51:51.520+0000] {logging_mixin.py:154} INFO - [2026-06-07T21:51:51.520+0000] {dag.py:2941} INFO - Sync 1 DAGs
[2026-06-07T21:51:51.537+0000] {logging_mixin.py:154} INFO - [2026-06-07T21:51:51.537+0000] {dag.py:3722} INFO - Setting next_dagrun for daily_vulnerability_ingestion to 2026-06-07T14:52:05.384041+00:00, run_after=2026-06-08T14:52:05.384041+00:00
[2026-06-07T21:51:51.548+0000] {processor.py:179} INFO - Processing /opt/airflow/dags/S3_UPLOAD_BRONZE_DAG.py took 0.070 seconds
[2026-06-07T21:52:21.697+0000] {processor.py:157} INFO - Started process (PID=1733) to work on /opt/airflow/dags/S3_UPLOAD_BRONZE_DAG.py
[2026-06-07T21:52:21.698+0000] {processor.py:829} INFO - Processing file /opt/airflow/dags/S3_UPLOAD_BRONZE_DAG.py for tasks to queue
[2026-06-07T21:52:21.699+0000] {logging_mixin.py:154} INFO - [2026-06-07T21:52:21.698+0000] {dagbag.py:536} INFO - Filling up the DagBag from /opt/airflow/dags/S3_UPLOAD_BRONZE_DAG.py
[2026-06-07T21:52:21.719+0000] {processor.py:839} INFO - DAG(s) dict_keys(['daily_vulnerability_ingestion']) retrieved from /opt/airflow/dags/S3_UPLOAD_BRONZE_DAG.py
[2026-06-07T21:52:21.742+0000] {logging_mixin.py:154} INFO - [2026-06-07T21:52:21.742+0000] {dag.py:2941} INFO - Sync 1 DAGs
[2026-06-07T21:52:21.759+0000] {logging_mixin.py:154} INFO - [2026-06-07T21:52:21.759+0000] {dag.py:3722} INFO - Setting next_dagrun for daily_vulnerability_ingestion to 2026-06-07T14:52:05.384041+00:00, run_after=2026-06-08T14:52:05.384041+00:00
[2026-06-07T21:52:21.771+0000] {processor.py:179} INFO - Processing /opt/airflow/dags/S3_UPLOAD_BRONZE_DAG.py took 0.079 seconds
[2026-06-07T21:52:51.886+0000] {processor.py:157} INFO - Started process (PID=1738) to work on /opt/airflow/dags/S3_UPLOAD_BRONZE_DAG.py
[2026-06-07T21:52:51.895+0000] {processor.py:829} INFO - Processing file /opt/airflow/dags/S3_UPLOAD_BRONZE_DAG.py for tasks to queue
[2026-06-07T21:52:51.896+0000] {logging_mixin.py:154} INFO - [2026-06-07T21:52:51.896+0000] {dagbag.py:536} INFO - Filling up the DagBag from /opt/airflow/dags/S3_UPLOAD_BRONZE_DAG.py
[2026-06-07T21:52:51.909+0000] {processor.py:839} INFO - DAG(s) dict_keys(['daily_vulnerability_ingestion']) retrieved from /opt/airflow/dags/S3_UPLOAD_BRONZE_DAG.py
[2026-06-07T21:52:51.929+0000] {logging_mixin.py:154} INFO - [2026-06-07T21:52:51.929+0000] {dag.py:2941} INFO - Sync 1 DAGs
[2026-06-07T21:52:51.946+0000] {logging_mixin.py:154} INFO - [2026-06-07T21:52:51.946+0000] {dag.py:3722} INFO - Setting next_dagrun for daily_vulnerability_ingestion to 2026-06-07T14:52:05.384041+00:00, run_after=2026-06-08T14:52:05.384041+00:00
[2026-06-07T21:52:51.958+0000] {processor.py:179} INFO - Processing /opt/airflow/dags/S3_UPLOAD_BRONZE_DAG.py took 0.074 seconds
[2026-06-07T21:53:22.118+0000] {processor.py:157} INFO - Started process (PID=1743) to work on /opt/airflow/dags/S3_UPLOAD_BRONZE_DAG.py
[2026-06-07T21:53:22.118+0000] {processor.py:829} INFO - Processing file /opt/airflow/dags/S3_UPLOAD_BRONZE_DAG.py for tasks to queue
[2026-06-07T21:53:22.119+0000] {logging_mixin.py:154} INFO - [2026-06-07T21:53:22.119+0000] {dagbag.py:536} INFO - Filling up the DagBag from /opt/airflow/dags/S3_UPLOAD_BRONZE_DAG.py
[2026-06-07T21:53:22.135+0000] {processor.py:839} INFO - DAG(s) dict_keys(['daily_vulnerability_ingestion']) retrieved from /opt/airflow/dags/S3_UPLOAD_BRONZE_DAG.py
[2026-06-07T21:53:22.156+0000] {logging_mixin.py:154} INFO - [2026-06-07T21:53:22.156+0000] {dag.py:2941} INFO - Sync 1 DAGs
[2026-06-07T21:53:22.174+0000] {logging_mixin.py:154} INFO - [2026-06-07T21:53:22.174+0000] {dag.py:3722} INFO - Setting next_dagrun for daily_vulnerability_ingestion to 2026-06-07T14:52:05.384041+00:00, run_after=2026-06-08T14:52:05.384041+00:00
[2026-06-07T21:53:22.187+0000] {processor.py:179} INFO - Processing /opt/airflow/dags/S3_UPLOAD_BRONZE_DAG.py took 0.072 seconds
[2026-06-07T21:53:52.337+0000] {processor.py:157} INFO - Started process (PID=1748) to work on /opt/airflow/dags/S3_UPLOAD_BRONZE_DAG.py
[2026-06-07T21:53:52.346+0000] {processor.py:829} INFO - Processing file /opt/airflow/dags/S3_UPLOAD_BRONZE_DAG.py for tasks to queue
[2026-06-07T21:53:52.347+0000] {logging_mixin.py:154} INFO - [2026-06-07T21:53:52.347+0000] {dagbag.py:536} INFO - Filling up the DagBag from /opt/airflow/dags/S3_UPLOAD_BRONZE_DAG.py
[2026-06-07T21:53:52.359+0000] {processor.py:839} INFO - DAG(s) dict_keys(['daily_vulnerability_ingestion']) retrieved from /opt/airflow/dags/S3_UPLOAD_BRONZE_DAG.py
[2026-06-07T21:53:52.378+0000] {logging_mixin.py:154} INFO - [2026-06-07T21:53:52.378+0000] {dag.py:2941} INFO - Sync 1 DAGs
[2026-06-07T21:53:52.393+0000] {logging_mixin.py:154} INFO - [2026-06-07T21:53:52.393+0000] {dag.py:3722} INFO - Setting next_dagrun for daily_vulnerability_ingestion to 2026-06-07T14:52:05.384041+00:00, run_after=2026-06-08T14:52:05.384041+00:00
[2026-06-07T21:53:52.406+0000] {processor.py:179} INFO - Processing /opt/airflow/dags/S3_UPLOAD_BRONZE_DAG.py took 0.073 seconds
[2026-06-07T21:54:22.573+0000] {processor.py:157} INFO - Started process (PID=1753) to work on /opt/airflow/dags/S3_UPLOAD_BRONZE_DAG.py
[2026-06-07T21:54:22.574+0000] {processor.py:829} INFO - Processing file /opt/airflow/dags/S3_UPLOAD_BRONZE_DAG.py for tasks to queue
[2026-06-07T21:54:22.575+0000] {logging_mixin.py:154} INFO - [2026-06-07T21:54:22.575+0000] {dagbag.py:536} INFO - Filling up the DagBag from /opt/airflow/dags/S3_UPLOAD_BRONZE_DAG.py
[2026-06-07T21:54:22.591+0000] {processor.py:839} INFO - DAG(s) dict_keys(['daily_vulnerability_ingestion']) retrieved from /opt/airflow/dags/S3_UPLOAD_BRONZE_DAG.py
[2026-06-07T21:54:22.612+0000] {logging_mixin.py:154} INFO - [2026-06-07T21:54:22.612+0000] {dag.py:2941} INFO - Sync 1 DAGs
[2026-06-07T21:54:22.628+0000] {logging_mixin.py:154} INFO - [2026-06-07T21:54:22.628+0000] {dag.py:3722} INFO - Setting next_dagrun for daily_vulnerability_ingestion to 2026-06-07T14:52:05.384041+00:00, run_after=2026-06-08T14:52:05.384041+00:00
[2026-06-07T21:54:22.641+0000] {processor.py:179} INFO - Processing /opt/airflow/dags/S3_UPLOAD_BRONZE_DAG.py took 0.072 seconds
[2026-06-07T21:54:52.772+0000] {processor.py:157} INFO - Started process (PID=1758) to work on /opt/airflow/dags/S3_UPLOAD_BRONZE_DAG.py
[2026-06-07T21:54:52.781+0000] {processor.py:829} INFO - Processing file /opt/airflow/dags/S3_UPLOAD_BRONZE_DAG.py for tasks to queue
[2026-06-07T21:54:52.782+0000] {logging_mixin.py:154} INFO - [2026-06-07T21:54:52.781+0000] {dagbag.py:536} INFO - Filling up the DagBag from /opt/airflow/dags/S3_UPLOAD_BRONZE_DAG.py
[2026-06-07T21:54:52.797+0000] {processor.py:839} INFO - DAG(s) dict_keys(['daily_vulnerability_ingestion']) retrieved from /opt/airflow/dags/S3_UPLOAD_BRONZE_DAG.py
[2026-06-07T21:54:52.817+0000] {logging_mixin.py:154} INFO - [2026-06-07T21:54:52.817+0000] {dag.py:2941} INFO - Sync 1 DAGs
[2026-06-07T21:54:52.833+0000] {logging_mixin.py:154} INFO - [2026-06-07T21:54:52.833+0000] {dag.py:3722} INFO - Setting next_dagrun for daily_vulnerability_ingestion to 2026-06-07T14:52:05.384041+00:00, run_after=2026-06-08T14:52:05.384041+00:00
[2026-06-07T21:54:52.846+0000] {processor.py:179} INFO - Processing /opt/airflow/dags/S3_UPLOAD_BRONZE_DAG.py took 0.077 seconds
[2026-06-07T21:55:23.007+0000] {processor.py:157} INFO - Started process (PID=1763) to work on /opt/airflow/dags/S3_UPLOAD_BRONZE_DAG.py
[2026-06-07T21:55:23.008+0000] {processor.py:829} INFO - Processing file /opt/airflow/dags/S3_UPLOAD_BRONZE_DAG.py for tasks to queue
[2026-06-07T21:55:23.010+0000] {logging_mixin.py:154} INFO - [2026-06-07T21:55:23.009+0000] {dagbag.py:536} INFO - Filling up the DagBag from /opt/airflow/dags/S3_UPLOAD_BRONZE_DAG.py
[2026-06-07T21:55:23.026+0000] {processor.py:839} INFO - DAG(s) dict_keys(['daily_vulnerability_ingestion']) retrieved from /opt/airflow/dags/S3_UPLOAD_BRONZE_DAG.py
[2026-06-07T21:55:23.045+0000] {logging_mixin.py:154} INFO - [2026-06-07T21:55:23.045+0000] {dag.py:2941} INFO - Sync 1 DAGs
[2026-06-07T21:55:23.061+0000] {logging_mixin.py:154} INFO - [2026-06-07T21:55:23.061+0000] {dag.py:3722} INFO - Setting next_dagrun for daily_vulnerability_ingestion to 2026-06-07T14:52:05.384041+00:00, run_after=2026-06-08T14:52:05.384041+00:00
[2026-06-07T21:55:23.073+0000] {processor.py:179} INFO - Processing /opt/airflow/dags/S3_UPLOAD_BRONZE_DAG.py took 0.070 seconds
[2026-06-07T21:55:53.262+0000] {processor.py:157} INFO - Started process (PID=1768) to work on /opt/airflow/dags/S3_UPLOAD_BRONZE_DAG.py
[2026-06-07T21:55:53.273+0000] {processor.py:829} INFO - Processing file /opt/airflow/dags/S3_UPLOAD_BRONZE_DAG.py for tasks to queue
[2026-06-07T21:55:53.277+0000] {logging_mixin.py:154} INFO - [2026-06-07T21:55:53.276+0000] {dagbag.py:536} INFO - Filling up the DagBag from /opt/airflow/dags/S3_UPLOAD_BRONZE_DAG.py
[2026-06-07T21:55:53.343+0000] {processor.py:839} INFO - DAG(s) dict_keys(['daily_vulnerability_ingestion']) retrieved from /opt/airflow/dags/S3_UPLOAD_BRONZE_DAG.py
[2026-06-07T21:55:53.392+0000] {logging_mixin.py:154} INFO - [2026-06-07T21:55:53.391+0000] {dag.py:2941} INFO - Sync 1 DAGs
[2026-06-07T21:55:53.412+0000] {logging_mixin.py:154} INFO - [2026-06-07T21:55:53.412+0000] {dag.py:3722} INFO - Setting next_dagrun for daily_vulnerability_ingestion to 2026-06-07T14:52:05.384041+00:00, run_after=2026-06-08T14:52:05.384041+00:00
[2026-06-07T21:55:53.427+0000] {processor.py:179} INFO - Processing /opt/airflow/dags/S3_UPLOAD_BRONZE_DAG.py took 0.177 seconds
[2026-06-07T21:56:23.657+0000] {processor.py:157} INFO - Started process (PID=1773) to work on /opt/airflow/dags/S3_UPLOAD_BRONZE_DAG.py
[2026-06-07T21:56:23.660+0000] {processor.py:829} INFO - Processing file /opt/airflow/dags/S3_UPLOAD_BRONZE_DAG.py for tasks to queue
[2026-06-07T21:56:23.663+0000] {logging_mixin.py:154} INFO - [2026-06-07T21:56:23.662+0000] {dagbag.py:536} INFO - Filling up the DagBag from /opt/airflow/dags/S3_UPLOAD_BRONZE_DAG.py
[2026-06-07T21:56:23.725+0000] {processor.py:839} INFO - DAG(s) dict_keys(['daily_vulnerability_ingestion']) retrieved from /opt/airflow/dags/S3_UPLOAD_BRONZE_DAG.py
[2026-06-07T21:56:23.764+0000] {logging_mixin.py:154} INFO - [2026-06-07T21:56:23.764+0000] {dag.py:2941} INFO - Sync 1 DAGs
[2026-06-07T21:56:23.787+0000] {logging_mixin.py:154} INFO - [2026-06-07T21:56:23.787+0000] {dag.py:3722} INFO - Setting next_dagrun for daily_vulnerability_ingestion to 2026-06-07T14:52:05.384041+00:00, run_after=2026-06-08T14:52:05.384041+00:00
[2026-06-07T21:56:23.804+0000] {processor.py:179} INFO - Processing /opt/airflow/dags/S3_UPLOAD_BRONZE_DAG.py took 0.160 seconds
[2026-06-07T21:56:53.956+0000] {processor.py:157} INFO - Started process (PID=1778) to work on /opt/airflow/dags/S3_UPLOAD_BRONZE_DAG.py
[2026-06-07T21:56:53.965+0000] {processor.py:829} INFO - Processing file /opt/airflow/dags/S3_UPLOAD_BRONZE_DAG.py for tasks to queue
[2026-06-07T21:56:53.966+0000] {logging_mixin.py:154} INFO - [2026-06-07T21:56:53.965+0000] {dagbag.py:536} INFO - Filling up the DagBag from /opt/airflow/dags/S3_UPLOAD_BRONZE_DAG.py
[2026-06-07T21:56:53.983+0000] {processor.py:839} INFO - DAG(s) dict_keys(['daily_vulnerability_ingestion']) retrieved from /opt/airflow/dags/S3_UPLOAD_BRONZE_DAG.py
[2026-06-07T21:56:54.008+0000] {logging_mixin.py:154} INFO - [2026-06-07T21:56:54.008+0000] {dag.py:2941} INFO - Sync 1 DAGs
[2026-06-07T21:56:54.032+0000] {logging_mixin.py:154} INFO - [2026-06-07T21:56:54.032+0000] {dag.py:3722} INFO - Setting next_dagrun for daily_vulnerability_ingestion to 2026-06-07T14:52:05.384041+00:00, run_after=2026-06-08T14:52:05.384041+00:00
[2026-06-07T21:56:54.051+0000] {processor.py:179} INFO - Processing /opt/airflow/dags/S3_UPLOAD_BRONZE_DAG.py took 0.099 seconds
[2026-06-07T21:57:24.126+0000] {processor.py:157} INFO - Started process (PID=1783) to work on /opt/airflow/dags/S3_UPLOAD_BRONZE_DAG.py
[2026-06-07T21:57:24.126+0000] {processor.py:829} INFO - Processing file /opt/airflow/dags/S3_UPLOAD_BRONZE_DAG.py for tasks to queue
[2026-06-07T21:57:24.127+0000] {logging_mixin.py:154} INFO - [2026-06-07T21:57:24.127+0000] {dagbag.py:536} INFO - Filling up the DagBag from /opt/airflow/dags/S3_UPLOAD_BRONZE_DAG.py
[2026-06-07T21:57:24.142+0000] {processor.py:839} INFO - DAG(s) dict_keys(['daily_vulnerability_ingestion']) retrieved from /opt/airflow/dags/S3_UPLOAD_BRONZE_DAG.py
[2026-06-07T21:57:24.165+0000] {logging_mixin.py:154} INFO - [2026-06-07T21:57:24.165+0000] {dag.py:2941} INFO - Sync 1 DAGs
[2026-06-07T21:57:24.188+0000] {logging_mixin.py:154} INFO - [2026-06-07T21:57:24.188+0000] {dag.py:3722} INFO - Setting next_dagrun for daily_vulnerability_ingestion to 2026-06-07T14:52:05.384041+00:00, run_after=2026-06-08T14:52:05.384041+00:00
[2026-06-07T21:57:24.203+0000] {processor.py:179} INFO - Processing /opt/airflow/dags/S3_UPLOAD_BRONZE_DAG.py took 0.080 seconds
[2026-06-07T21:57:54.447+0000] {processor.py:157} INFO - Started process (PID=1788) to work on /opt/airflow/dags/S3_UPLOAD_BRONZE_DAG.py
[2026-06-07T21:57:54.458+0000] {processor.py:829} INFO - Processing file /opt/airflow/dags/S3_UPLOAD_BRONZE_DAG.py for tasks to queue
[2026-06-07T21:57:54.460+0000] {logging_mixin.py:154} INFO - [2026-06-07T21:57:54.459+0000] {dagbag.py:536} INFO - Filling up the DagBag from /opt/airflow/dags/S3_UPLOAD_BRONZE_DAG.py
[2026-06-07T21:57:54.484+0000] {processor.py:839} INFO - DAG(s) dict_keys(['daily_vulnerability_ingestion']) retrieved from /opt/airflow/dags/S3_UPLOAD_BRONZE_DAG.py
[2026-06-07T21:57:54.511+0000] {logging_mixin.py:154} INFO - [2026-06-07T21:57:54.511+0000] {dag.py:2941} INFO - Sync 1 DAGs
[2026-06-07T21:57:54.537+0000] {logging_mixin.py:154} INFO - [2026-06-07T21:57:54.537+0000] {dag.py:3722} INFO - Setting next_dagrun for daily_vulnerability_ingestion to 2026-06-07T14:52:05.384041+00:00, run_after=2026-06-08T14:52:05.384041+00:00
[2026-06-07T21:57:54.559+0000] {processor.py:179} INFO - Processing /opt/airflow/dags/S3_UPLOAD_BRONZE_DAG.py took 0.123 seconds
[2026-06-07T21:58:24.617+0000] {processor.py:157} INFO - Started process (PID=1793) to work on /opt/airflow/dags/S3_UPLOAD_BRONZE_DAG.py
[2026-06-07T21:58:24.618+0000] {processor.py:829} INFO - Processing file /opt/airflow/dags/S3_UPLOAD_BRONZE_DAG.py for tasks to queue
[2026-06-07T21:58:24.620+0000] {logging_mixin.py:154} INFO - [2026-06-07T21:58:24.619+0000] {dagbag.py:536} INFO - Filling up the DagBag from /opt/airflow/dags/S3_UPLOAD_BRONZE_DAG.py
[2026-06-07T21:58:24.638+0000] {processor.py:839} INFO - DAG(s) dict_keys(['daily_vulnerability_ingestion']) retrieved from /opt/airflow/dags/S3_UPLOAD_BRONZE_DAG.py
[2026-06-07T21:58:24.663+0000] {logging_mixin.py:154} INFO - [2026-06-07T21:58:24.663+0000] {dag.py:2941} INFO - Sync 1 DAGs
[2026-06-07T21:58:24.682+0000] {logging_mixin.py:154} INFO - [2026-06-07T21:58:24.682+0000] {dag.py:3722} INFO - Setting next_dagrun for daily_vulnerability_ingestion to 2026-06-07T14:52:05.384041+00:00, run_after=2026-06-08T14:52:05.384041+00:00
[2026-06-07T21:58:24.699+0000] {processor.py:179} INFO - Processing /opt/airflow/dags/S3_UPLOAD_BRONZE_DAG.py took 0.087 seconds
[2026-06-07T21:58:54.787+0000] {processor.py:157} INFO - Started process (PID=1798) to work on /opt/airflow/dags/S3_UPLOAD_BRONZE_DAG.py
[2026-06-07T21:58:54.796+0000] {processor.py:829} INFO - Processing file /opt/airflow/dags/S3_UPLOAD_BRONZE_DAG.py for tasks to queue
[2026-06-07T21:58:54.796+0000] {logging_mixin.py:154} INFO - [2026-06-07T21:58:54.796+0000] {dagbag.py:536} INFO - Filling up the DagBag from /opt/airflow/dags/S3_UPLOAD_BRONZE_DAG.py
[2026-06-07T21:58:54.814+0000] {processor.py:839} INFO - DAG(s) dict_keys(['daily_vulnerability_ingestion']) retrieved from /opt/airflow/dags/S3_UPLOAD_BRONZE_DAG.py
[2026-06-07T21:58:54.838+0000] {logging_mixin.py:154} INFO - [2026-06-07T21:58:54.837+0000] {dag.py:2941} INFO - Sync 1 DAGs
[2026-06-07T21:58:54.859+0000] {logging_mixin.py:154} INFO - [2026-06-07T21:58:54.859+0000] {dag.py:3722} INFO - Setting next_dagrun for daily_vulnerability_ingestion to 2026-06-07T14:52:05.384041+00:00, run_after=2026-06-08T14:52:05.384041+00:00
[2026-06-07T21:58:54.876+0000] {processor.py:179} INFO - Processing /opt/airflow/dags/S3_UPLOAD_BRONZE_DAG.py took 0.095 seconds
[2026-06-07T21:59:24.995+0000] {processor.py:157} INFO - Started process (PID=1803) to work on /opt/airflow/dags/S3_UPLOAD_BRONZE_DAG.py
[2026-06-07T21:59:24.996+0000] {processor.py:829} INFO - Processing file /opt/airflow/dags/S3_UPLOAD_BRONZE_DAG.py for tasks to queue
[2026-06-07T21:59:24.997+0000] {logging_mixin.py:154} INFO - [2026-06-07T21:59:24.997+0000] {dagbag.py:536} INFO - Filling up the DagBag from /opt/airflow/dags/S3_UPLOAD_BRONZE_DAG.py
[2026-06-07T21:59:25.012+0000] {processor.py:839} INFO - DAG(s) dict_keys(['daily_vulnerability_ingestion']) retrieved from /opt/airflow/dags/S3_UPLOAD_BRONZE_DAG.py
[2026-06-07T21:59:25.036+0000] {logging_mixin.py:154} INFO - [2026-06-07T21:59:25.036+0000] {dag.py:2941} INFO - Sync 1 DAGs
[2026-06-07T21:59:25.057+0000] {logging_mixin.py:154} INFO - [2026-06-07T21:59:25.057+0000] {dag.py:3722} INFO - Setting next_dagrun for daily_vulnerability_ingestion to 2026-06-07T14:52:05.384041+00:00, run_after=2026-06-08T14:52:05.384041+00:00
[2026-06-07T21:59:25.073+0000] {processor.py:179} INFO - Processing /opt/airflow/dags/S3_UPLOAD_BRONZE_DAG.py took 0.081 seconds
[2026-06-07T21:59:55.152+0000] {processor.py:157} INFO - Started process (PID=1808) to work on /opt/airflow/dags/S3_UPLOAD_BRONZE_DAG.py
[2026-06-07T21:59:55.153+0000] {processor.py:829} INFO - Processing file /opt/airflow/dags/S3_UPLOAD_BRONZE_DAG.py for tasks to queue
[2026-06-07T21:59:55.154+0000] {logging_mixin.py:154} INFO - [2026-06-07T21:59:55.154+0000] {dagbag.py:536} INFO - Filling up the DagBag from /opt/airflow/dags/S3_UPLOAD_BRONZE_DAG.py
[2026-06-07T21:59:55.171+0000] {processor.py:839} INFO - DAG(s) dict_keys(['daily_vulnerability_ingestion']) retrieved from /opt/airflow/dags/S3_UPLOAD_BRONZE_DAG.py
[2026-06-07T21:59:55.195+0000] {logging_mixin.py:154} INFO - [2026-06-07T21:59:55.195+0000] {dag.py:2941} INFO - Sync 1 DAGs
[2026-06-07T21:59:55.216+0000] {logging_mixin.py:154} INFO - [2026-06-07T21:59:55.216+0000] {dag.py:3722} INFO - Setting next_dagrun for daily_vulnerability_ingestion to 2026-06-07T14:52:05.384041+00:00, run_after=2026-06-08T14:52:05.384041+00:00
[2026-06-07T21:59:55.234+0000] {processor.py:179} INFO - Processing /opt/airflow/dags/S3_UPLOAD_BRONZE_DAG.py took 0.086 seconds
[2026-06-07T22:00:25.365+0000] {processor.py:157} INFO - Started process (PID=1813) to work on /opt/airflow/dags/S3_UPLOAD_BRONZE_DAG.py
[2026-06-07T22:00:25.374+0000] {processor.py:829} INFO - Processing file /opt/airflow/dags/S3_UPLOAD_BRONZE_DAG.py for tasks to queue
[2026-06-07T22:00:25.375+0000] {logging_mixin.py:154} INFO - [2026-06-07T22:00:25.374+0000] {dagbag.py:536} INFO - Filling up the DagBag from /opt/airflow/dags/S3_UPLOAD_BRONZE_DAG.py
[2026-06-07T22:00:25.390+0000] {processor.py:839} INFO - DAG(s) dict_keys(['daily_vulnerability_ingestion']) retrieved from /opt/airflow/dags/S3_UPLOAD_BRONZE_DAG.py
[2026-06-07T22:00:25.413+0000] {logging_mixin.py:154} INFO - [2026-06-07T22:00:25.413+0000] {dag.py:2941} INFO - Sync 1 DAGs
[2026-06-07T22:00:25.435+0000] {logging_mixin.py:154} INFO - [2026-06-07T22:00:25.435+0000] {dag.py:3722} INFO - Setting next_dagrun for daily_vulnerability_ingestion to 2026-06-07T14:52:05.384041+00:00, run_after=2026-06-08T14:52:05.384041+00:00
[2026-06-07T22:00:25.451+0000] {processor.py:179} INFO - Processing /opt/airflow/dags/S3_UPLOAD_BRONZE_DAG.py took 0.092 seconds
[2026-06-07T22:00:55.531+0000] {processor.py:157} INFO - Started process (PID=1818) to work on /opt/airflow/dags/S3_UPLOAD_BRONZE_DAG.py
[2026-06-07T22:00:55.531+0000] {processor.py:829} INFO - Processing file /opt/airflow/dags/S3_UPLOAD_BRONZE_DAG.py for tasks to queue
[2026-06-07T22:00:55.532+0000] {logging_mixin.py:154} INFO - [2026-06-07T22:00:55.532+0000] {dagbag.py:536} INFO - Filling up the DagBag from /opt/airflow/dags/S3_UPLOAD_BRONZE_DAG.py
[2026-06-07T22:00:55.545+0000] {processor.py:839} INFO - DAG(s) dict_keys(['daily_vulnerability_ingestion']) retrieved from /opt/airflow/dags/S3_UPLOAD_BRONZE_DAG.py
[2026-06-07T22:00:55.566+0000] {logging_mixin.py:154} INFO - [2026-06-07T22:00:55.566+0000] {dag.py:2941} INFO - Sync 1 DAGs
[2026-06-07T22:00:55.585+0000] {logging_mixin.py:154} INFO - [2026-06-07T22:00:55.585+0000] {dag.py:3722} INFO - Setting next_dagrun for daily_vulnerability_ingestion to 2026-06-07T14:52:05.384041+00:00, run_after=2026-06-08T14:52:05.384041+00:00
[2026-06-07T22:00:55.599+0000] {processor.py:179} INFO - Processing /opt/airflow/dags/S3_UPLOAD_BRONZE_DAG.py took 0.071 seconds
[2026-06-07T22:01:25.747+0000] {processor.py:157} INFO - Started process (PID=1823) to work on /opt/airflow/dags/S3_UPLOAD_BRONZE_DAG.py
[2026-06-07T22:01:25.755+0000] {processor.py:829} INFO - Processing file /opt/airflow/dags/S3_UPLOAD_BRONZE_DAG.py for tasks to queue
[2026-06-07T22:01:25.756+0000] {logging_mixin.py:154} INFO - [2026-06-07T22:01:25.756+0000] {dagbag.py:536} INFO - Filling up the DagBag from /opt/airflow/dags/S3_UPLOAD_BRONZE_DAG.py
[2026-06-07T22:01:25.774+0000] {processor.py:839} INFO - DAG(s) dict_keys(['daily_vulnerability_ingestion']) retrieved from /opt/airflow/dags/S3_UPLOAD_BRONZE_DAG.py
[2026-06-07T22:01:25.800+0000] {logging_mixin.py:154} INFO - [2026-06-07T22:01:25.800+0000] {dag.py:2941} INFO - Sync 1 DAGs
[2026-06-07T22:01:25.822+0000] {logging_mixin.py:154} INFO - [2026-06-07T22:01:25.822+0000] {dag.py:3722} INFO - Setting next_dagrun for daily_vulnerability_ingestion to 2026-06-07T14:52:05.384041+00:00, run_after=2026-06-08T14:52:05.384041+00:00
[2026-06-07T22:01:25.838+0000] {processor.py:179} INFO - Processing /opt/airflow/dags/S3_UPLOAD_BRONZE_DAG.py took 0.097 seconds
[2026-06-07T22:01:55.899+0000] {processor.py:157} INFO - Started process (PID=1828) to work on /opt/airflow/dags/S3_UPLOAD_BRONZE_DAG.py
[2026-06-07T22:01:55.899+0000] {processor.py:829} INFO - Processing file /opt/airflow/dags/S3_UPLOAD_BRONZE_DAG.py for tasks to queue
[2026-06-07T22:01:55.900+0000] {logging_mixin.py:154} INFO - [2026-06-07T22:01:55.900+0000] {dagbag.py:536} INFO - Filling up the DagBag from /opt/airflow/dags/S3_UPLOAD_BRONZE_DAG.py
[2026-06-07T22:01:55.915+0000] {processor.py:839} INFO - DAG(s) dict_keys(['daily_vulnerability_ingestion']) retrieved from /opt/airflow/dags/S3_UPLOAD_BRONZE_DAG.py
[2026-06-07T22:01:55.938+0000] {logging_mixin.py:154} INFO - [2026-06-07T22:01:55.938+0000] {dag.py:2941} INFO - Sync 1 DAGs
[2026-06-07T22:01:55.956+0000] {logging_mixin.py:154} INFO - [2026-06-07T22:01:55.956+0000] {dag.py:3722} INFO - Setting next_dagrun for daily_vulnerability_ingestion to 2026-06-07T14:52:05.384041+00:00, run_after=2026-06-08T14:52:05.384041+00:00
[2026-06-07T22:01:55.973+0000] {processor.py:179} INFO - Processing /opt/airflow/dags/S3_UPLOAD_BRONZE_DAG.py took 0.079 seconds
[2026-06-07T22:02:26.110+0000] {processor.py:157} INFO - Started process (PID=1833) to work on /opt/airflow/dags/S3_UPLOAD_BRONZE_DAG.py
[2026-06-07T22:02:26.111+0000] {processor.py:829} INFO - Processing file /opt/airflow/dags/S3_UPLOAD_BRONZE_DAG.py for tasks to queue
[2026-06-07T22:02:26.111+0000] {logging_mixin.py:154} INFO - [2026-06-07T22:02:26.111+0000] {dagbag.py:536} INFO - Filling up the DagBag from /opt/airflow/dags/S3_UPLOAD_BRONZE_DAG.py
[2026-06-07T22:02:26.124+0000] {processor.py:839} INFO - DAG(s) dict_keys(['daily_vulnerability_ingestion']) retrieved from /opt/airflow/dags/S3_UPLOAD_BRONZE_DAG.py
[2026-06-07T22:02:26.145+0000] {logging_mixin.py:154} INFO - [2026-06-07T22:02:26.145+0000] {dag.py:2941} INFO - Sync 1 DAGs
[2026-06-07T22:02:26.251+0000] {logging_mixin.py:154} INFO - [2026-06-07T22:02:26.251+0000] {dag.py:3722} INFO - Setting next_dagrun for daily_vulnerability_ingestion to 2026-06-07T14:52:05.384041+00:00, run_after=2026-06-08T14:52:05.384041+00:00
[2026-06-07T22:02:26.271+0000] {processor.py:179} INFO - Processing /opt/airflow/dags/S3_UPLOAD_BRONZE_DAG.py took 0.165 seconds
[2026-06-07T22:02:56.436+0000] {processor.py:157} INFO - Started process (PID=1838) to work on /opt/airflow/dags/S3_UPLOAD_BRONZE_DAG.py
[2026-06-07T22:02:56.438+0000] {processor.py:829} INFO - Processing file /opt/airflow/dags/S3_UPLOAD_BRONZE_DAG.py for tasks to queue
[2026-06-07T22:02:56.439+0000] {logging_mixin.py:154} INFO - [2026-06-07T22:02:56.439+0000] {dagbag.py:536} INFO - Filling up the DagBag from /opt/airflow/dags/S3_UPLOAD_BRONZE_DAG.py
[2026-06-07T22:02:56.457+0000] {processor.py:839} INFO - DAG(s) dict_keys(['daily_vulnerability_ingestion']) retrieved from /opt/airflow/dags/S3_UPLOAD_BRONZE_DAG.py
[2026-06-07T22:02:56.479+0000] {logging_mixin.py:154} INFO - [2026-06-07T22:02:56.479+0000] {dag.py:2941} INFO - Sync 1 DAGs
[2026-06-07T22:02:56.498+0000] {logging_mixin.py:154} INFO - [2026-06-07T22:02:56.498+0000] {dag.py:3722} INFO - Setting next_dagrun for daily_vulnerability_ingestion to 2026-06-07T14:52:05.384041+00:00, run_after=2026-06-08T14:52:05.384041+00:00
[2026-06-07T22:02:56.515+0000] {processor.py:179} INFO - Processing /opt/airflow/dags/S3_UPLOAD_BRONZE_DAG.py took 0.085 seconds
[2026-06-07T22:03:26.594+0000] {processor.py:157} INFO - Started process (PID=1843) to work on /opt/airflow/dags/S3_UPLOAD_BRONZE_DAG.py
[2026-06-07T22:03:26.595+0000] {processor.py:829} INFO - Processing file /opt/airflow/dags/S3_UPLOAD_BRONZE_DAG.py for tasks to queue
[2026-06-07T22:03:26.596+0000] {logging_mixin.py:154} INFO - [2026-06-07T22:03:26.596+0000] {dagbag.py:536} INFO - Filling up the DagBag from /opt/airflow/dags/S3_UPLOAD_BRONZE_DAG.py
[2026-06-07T22:03:26.612+0000] {processor.py:839} INFO - DAG(s) dict_keys(['daily_vulnerability_ingestion']) retrieved from /opt/airflow/dags/S3_UPLOAD_BRONZE_DAG.py
[2026-06-07T22:03:26.729+0000] {logging_mixin.py:154} INFO - [2026-06-07T22:03:26.729+0000] {dag.py:2941} INFO - Sync 1 DAGs
[2026-06-07T22:03:26.744+0000] {logging_mixin.py:154} INFO - [2026-06-07T22:03:26.744+0000] {dag.py:3722} INFO - Setting next_dagrun for daily_vulnerability_ingestion to 2026-06-07T14:52:05.384041+00:00, run_after=2026-06-08T14:52:05.384041+00:00
[2026-06-07T22:03:26.766+0000] {processor.py:179} INFO - Processing /opt/airflow/dags/S3_UPLOAD_BRONZE_DAG.py took 0.177 seconds
[2026-06-07T22:03:56.889+0000] {processor.py:157} INFO - Started process (PID=1848) to work on /opt/airflow/dags/S3_UPLOAD_BRONZE_DAG.py
[2026-06-07T22:03:56.890+0000] {processor.py:829} INFO - Processing file /opt/airflow/dags/S3_UPLOAD_BRONZE_DAG.py for tasks to queue
[2026-06-07T22:03:56.890+0000] {logging_mixin.py:154} INFO - [2026-06-07T22:03:56.890+0000] {dagbag.py:536} INFO - Filling up the DagBag from /opt/airflow/dags/S3_UPLOAD_BRONZE_DAG.py
[2026-06-07T22:03:56.905+0000] {processor.py:839} INFO - DAG(s) dict_keys(['daily_vulnerability_ingestion']) retrieved from /opt/airflow/dags/S3_UPLOAD_BRONZE_DAG.py
[2026-06-07T22:03:56.928+0000] {logging_mixin.py:154} INFO - [2026-06-07T22:03:56.927+0000] {dag.py:2941} INFO - Sync 1 DAGs
[2026-06-07T22:03:56.946+0000] {logging_mixin.py:154} INFO - [2026-06-07T22:03:56.946+0000] {dag.py:3722} INFO - Setting next_dagrun for daily_vulnerability_ingestion to 2026-06-07T14:52:05.384041+00:00, run_after=2026-06-08T14:52:05.384041+00:00
[2026-06-07T22:03:56.963+0000] {processor.py:179} INFO - Processing /opt/airflow/dags/S3_UPLOAD_BRONZE_DAG.py took 0.078 seconds
[2026-06-07T22:04:27.066+0000] {processor.py:157} INFO - Started process (PID=1853) to work on /opt/airflow/dags/S3_UPLOAD_BRONZE_DAG.py
[2026-06-07T22:04:27.076+0000] {processor.py:829} INFO - Processing file /opt/airflow/dags/S3_UPLOAD_BRONZE_DAG.py for tasks to queue
[2026-06-07T22:04:27.077+0000] {logging_mixin.py:154} INFO - [2026-06-07T22:04:27.077+0000] {dagbag.py:536} INFO - Filling up the DagBag from /opt/airflow/dags/S3_UPLOAD_BRONZE_DAG.py
[2026-06-07T22:04:27.108+0000] {processor.py:839} INFO - DAG(s) dict_keys(['daily_vulnerability_ingestion']) retrieved from /opt/airflow/dags/S3_UPLOAD_BRONZE_DAG.py
[2026-06-07T22:04:27.136+0000] {logging_mixin.py:154} INFO - [2026-06-07T22:04:27.135+0000] {dag.py:2941} INFO - Sync 1 DAGs
[2026-06-07T22:04:27.156+0000] {logging_mixin.py:154} INFO - [2026-06-07T22:04:27.156+0000] {dag.py:3722} INFO - Setting next_dagrun for daily_vulnerability_ingestion to 2026-06-07T14:52:05.384041+00:00, run_after=2026-06-08T14:52:05.384041+00:00
[2026-06-07T22:04:27.171+0000] {processor.py:179} INFO - Processing /opt/airflow/dags/S3_UPLOAD_BRONZE_DAG.py took 0.111 seconds
[2026-06-07T22:04:57.287+0000] {processor.py:157} INFO - Started process (PID=1858) to work on /opt/airflow/dags/S3_UPLOAD_BRONZE_DAG.py
[2026-06-07T22:04:57.288+0000] {processor.py:829} INFO - Processing file /opt/airflow/dags/S3_UPLOAD_BRONZE_DAG.py for tasks to queue
[2026-06-07T22:04:57.289+0000] {logging_mixin.py:154} INFO - [2026-06-07T22:04:57.289+0000] {dagbag.py:536} INFO - Filling up the DagBag from /opt/airflow/dags/S3_UPLOAD_BRONZE_DAG.py
[2026-06-07T22:04:57.307+0000] {processor.py:839} INFO - DAG(s) dict_keys(['daily_vulnerability_ingestion']) retrieved from /opt/airflow/dags/S3_UPLOAD_BRONZE_DAG.py
[2026-06-07T22:04:57.330+0000] {logging_mixin.py:154} INFO - [2026-06-07T22:04:57.330+0000] {dag.py:2941} INFO - Sync 1 DAGs
[2026-06-07T22:04:57.351+0000] {logging_mixin.py:154} INFO - [2026-06-07T22:04:57.350+0000] {dag.py:3722} INFO - Setting next_dagrun for daily_vulnerability_ingestion to 2026-06-07T14:52:05.384041+00:00, run_after=2026-06-08T14:52:05.384041+00:00
[2026-06-07T22:04:57.367+0000] {processor.py:179} INFO - Processing /opt/airflow/dags/S3_UPLOAD_BRONZE_DAG.py took 0.087 seconds
[2026-06-07T22:05:27.479+0000] {processor.py:157} INFO - Started process (PID=1863) to work on /opt/airflow/dags/S3_UPLOAD_BRONZE_DAG.py
[2026-06-07T22:05:27.488+0000] {processor.py:829} INFO - Processing file /opt/airflow/dags/S3_UPLOAD_BRONZE_DAG.py for tasks to queue
[2026-06-07T22:05:27.490+0000] {logging_mixin.py:154} INFO - [2026-06-07T22:05:27.489+0000] {dagbag.py:536} INFO - Filling up the DagBag from /opt/airflow/dags/S3_UPLOAD_BRONZE_DAG.py
[2026-06-07T22:05:27.509+0000] {processor.py:839} INFO - DAG(s) dict_keys(['daily_vulnerability_ingestion']) retrieved from /opt/airflow/dags/S3_UPLOAD_BRONZE_DAG.py
[2026-06-07T22:05:27.533+0000] {logging_mixin.py:154} INFO - [2026-06-07T22:05:27.533+0000] {dag.py:2941} INFO - Sync 1 DAGs
[2026-06-07T22:05:27.551+0000] {logging_mixin.py:154} INFO - [2026-06-07T22:05:27.551+0000] {dag.py:3722} INFO - Setting next_dagrun for daily_vulnerability_ingestion to 2026-06-07T14:52:05.384041+00:00, run_after=2026-06-08T14:52:05.384041+00:00
[2026-06-07T22:05:27.567+0000] {processor.py:179} INFO - Processing /opt/airflow/dags/S3_UPLOAD_BRONZE_DAG.py took 0.093 seconds
[2026-06-07T22:05:57.692+0000] {processor.py:157} INFO - Started process (PID=1868) to work on /opt/airflow/dags/S3_UPLOAD_BRONZE_DAG.py
[2026-06-07T22:05:57.693+0000] {processor.py:829} INFO - Processing file /opt/airflow/dags/S3_UPLOAD_BRONZE_DAG.py for tasks to queue
[2026-06-07T22:05:57.694+0000] {logging_mixin.py:154} INFO - [2026-06-07T22:05:57.694+0000] {dagbag.py:536} INFO - Filling up the DagBag from /opt/airflow/dags/S3_UPLOAD_BRONZE_DAG.py
[2026-06-07T22:05:57.713+0000] {processor.py:839} INFO - DAG(s) dict_keys(['daily_vulnerability_ingestion']) retrieved from /opt/airflow/dags/S3_UPLOAD_BRONZE_DAG.py
[2026-06-07T22:05:57.737+0000] {logging_mixin.py:154} INFO - [2026-06-07T22:05:57.737+0000] {dag.py:2941} INFO - Sync 1 DAGs
[2026-06-07T22:05:57.756+0000] {logging_mixin.py:154} INFO - [2026-06-07T22:05:57.756+0000] {dag.py:3722} INFO - Setting next_dagrun for daily_vulnerability_ingestion to 2026-06-07T14:52:05.384041+00:00, run_after=2026-06-08T14:52:05.384041+00:00
[2026-06-07T22:05:57.771+0000] {processor.py:179} INFO - Processing /opt/airflow/dags/S3_UPLOAD_BRONZE_DAG.py took 0.084 seconds
[2026-06-07T22:06:27.868+0000] {processor.py:157} INFO - Started process (PID=1873) to work on /opt/airflow/dags/S3_UPLOAD_BRONZE_DAG.py
[2026-06-07T22:06:27.877+0000] {processor.py:829} INFO - Processing file /opt/airflow/dags/S3_UPLOAD_BRONZE_DAG.py for tasks to queue
[2026-06-07T22:06:27.878+0000] {logging_mixin.py:154} INFO - [2026-06-07T22:06:27.877+0000] {dagbag.py:536} INFO - Filling up the DagBag from /opt/airflow/dags/S3_UPLOAD_BRONZE_DAG.py
[2026-06-07T22:06:27.896+0000] {processor.py:839} INFO - DAG(s) dict_keys(['daily_vulnerability_ingestion']) retrieved from /opt/airflow/dags/S3_UPLOAD_BRONZE_DAG.py
[2026-06-07T22:06:27.918+0000] {logging_mixin.py:154} INFO - [2026-06-07T22:06:27.918+0000] {dag.py:2941} INFO - Sync 1 DAGs
[2026-06-07T22:06:27.938+0000] {logging_mixin.py:154} INFO - [2026-06-07T22:06:27.938+0000] {dag.py:3722} INFO - Setting next_dagrun for daily_vulnerability_ingestion to 2026-06-07T14:52:05.384041+00:00, run_after=2026-06-08T14:52:05.384041+00:00
[2026-06-07T22:06:27.953+0000] {processor.py:179} INFO - Processing /opt/airflow/dags/S3_UPLOAD_BRONZE_DAG.py took 0.089 seconds
[2026-06-07T22:06:58.066+0000] {processor.py:157} INFO - Started process (PID=1878) to work on /opt/airflow/dags/S3_UPLOAD_BRONZE_DAG.py
[2026-06-07T22:06:58.067+0000] {processor.py:829} INFO - Processing file /opt/airflow/dags/S3_UPLOAD_BRONZE_DAG.py for tasks to queue
[2026-06-07T22:06:58.068+0000] {logging_mixin.py:154} INFO - [2026-06-07T22:06:58.067+0000] {dagbag.py:536} INFO - Filling up the DagBag from /opt/airflow/dags/S3_UPLOAD_BRONZE_DAG.py
[2026-06-07T22:06:58.084+0000] {processor.py:839} INFO - DAG(s) dict_keys(['daily_vulnerability_ingestion']) retrieved from /opt/airflow/dags/S3_UPLOAD_BRONZE_DAG.py
[2026-06-07T22:06:58.108+0000] {logging_mixin.py:154} INFO - [2026-06-07T22:06:58.108+0000] {dag.py:2941} INFO - Sync 1 DAGs
[2026-06-07T22:06:58.128+0000] {logging_mixin.py:154} INFO - [2026-06-07T22:06:58.127+0000] {dag.py:3722} INFO - Setting next_dagrun for daily_vulnerability_ingestion to 2026-06-07T14:52:05.384041+00:00, run_after=2026-06-08T14:52:05.384041+00:00
[2026-06-07T22:06:58.142+0000] {processor.py:179} INFO - Processing /opt/airflow/dags/S3_UPLOAD_BRONZE_DAG.py took 0.081 seconds
[2026-06-07T22:07:28.299+0000] {processor.py:157} INFO - Started process (PID=1883) to work on /opt/airflow/dags/S3_UPLOAD_BRONZE_DAG.py
[2026-06-07T22:07:28.310+0000] {processor.py:829} INFO - Processing file /opt/airflow/dags/S3_UPLOAD_BRONZE_DAG.py for tasks to queue
[2026-06-07T22:07:28.312+0000] {logging_mixin.py:154} INFO - [2026-06-07T22:07:28.311+0000] {dagbag.py:536} INFO - Filling up the DagBag from /opt/airflow/dags/S3_UPLOAD_BRONZE_DAG.py
[2026-06-07T22:07:28.350+0000] {processor.py:839} INFO - DAG(s) dict_keys(['daily_vulnerability_ingestion']) retrieved from /opt/airflow/dags/S3_UPLOAD_BRONZE_DAG.py
[2026-06-07T22:07:28.377+0000] {logging_mixin.py:154} INFO - [2026-06-07T22:07:28.376+0000] {dag.py:2941} INFO - Sync 1 DAGs
[2026-06-07T22:07:28.397+0000] {logging_mixin.py:154} INFO - [2026-06-07T22:07:28.397+0000] {dag.py:3722} INFO - Setting next_dagrun for daily_vulnerability_ingestion to 2026-06-07T14:52:05.384041+00:00, run_after=2026-06-08T14:52:05.384041+00:00
[2026-06-07T22:07:28.408+0000] {processor.py:179} INFO - Processing /opt/airflow/dags/S3_UPLOAD_BRONZE_DAG.py took 0.123 seconds
[2026-06-07T22:07:58.477+0000] {processor.py:157} INFO - Started process (PID=1888) to work on /opt/airflow/dags/S3_UPLOAD_BRONZE_DAG.py
[2026-06-07T22:07:58.478+0000] {processor.py:829} INFO - Processing file /opt/airflow/dags/S3_UPLOAD_BRONZE_DAG.py for tasks to queue
[2026-06-07T22:07:58.479+0000] {logging_mixin.py:154} INFO - [2026-06-07T22:07:58.479+0000] {dagbag.py:536} INFO - Filling up the DagBag from /opt/airflow/dags/S3_UPLOAD_BRONZE_DAG.py
[2026-06-07T22:07:58.494+0000] {processor.py:839} INFO - DAG(s) dict_keys(['daily_vulnerability_ingestion']) retrieved from /opt/airflow/dags/S3_UPLOAD_BRONZE_DAG.py
[2026-06-07T22:07:58.515+0000] {logging_mixin.py:154} INFO - [2026-06-07T22:07:58.515+0000] {dag.py:2941} INFO - Sync 1 DAGs
[2026-06-07T22:07:58.535+0000] {logging_mixin.py:154} INFO - [2026-06-07T22:07:58.535+0000] {dag.py:3722} INFO - Setting next_dagrun for daily_vulnerability_ingestion to 2026-06-07T14:52:05.384041+00:00, run_after=2026-06-08T14:52:05.384041+00:00
[2026-06-07T22:07:58.552+0000] {processor.py:179} INFO - Processing /opt/airflow/dags/S3_UPLOAD_BRONZE_DAG.py took 0.078 seconds
[2026-06-07T22:08:28.629+0000] {processor.py:157} INFO - Started process (PID=1893) to work on /opt/airflow/dags/S3_UPLOAD_BRONZE_DAG.py
[2026-06-07T22:08:28.630+0000] {processor.py:829} INFO - Processing file /opt/airflow/dags/S3_UPLOAD_BRONZE_DAG.py for tasks to queue
[2026-06-07T22:08:28.631+0000] {logging_mixin.py:154} INFO - [2026-06-07T22:08:28.631+0000] {dagbag.py:536} INFO - Filling up the DagBag from /opt/airflow/dags/S3_UPLOAD_BRONZE_DAG.py
[2026-06-07T22:08:28.645+0000] {processor.py:839} INFO - DAG(s) dict_keys(['daily_vulnerability_ingestion']) retrieved from /opt/airflow/dags/S3_UPLOAD_BRONZE_DAG.py
[2026-06-07T22:08:28.666+0000] {logging_mixin.py:154} INFO - [2026-06-07T22:08:28.665+0000] {dag.py:2941} INFO - Sync 1 DAGs
[2026-06-07T22:08:28.683+0000] {logging_mixin.py:154} INFO - [2026-06-07T22:08:28.683+0000] {dag.py:3722} INFO - Setting next_dagrun for daily_vulnerability_ingestion to 2026-06-07T14:52:05.384041+00:00, run_after=2026-06-08T14:52:05.384041+00:00
[2026-06-07T22:08:28.696+0000] {processor.py:179} INFO - Processing /opt/airflow/dags/S3_UPLOAD_BRONZE_DAG.py took 0.071 seconds
[2026-06-07T22:08:58.805+0000] {processor.py:157} INFO - Started process (PID=1898) to work on /opt/airflow/dags/S3_UPLOAD_BRONZE_DAG.py
[2026-06-07T22:08:58.806+0000] {processor.py:829} INFO - Processing file /opt/airflow/dags/S3_UPLOAD_BRONZE_DAG.py for tasks to queue
[2026-06-07T22:08:58.807+0000] {logging_mixin.py:154} INFO - [2026-06-07T22:08:58.807+0000] {dagbag.py:536} INFO - Filling up the DagBag from /opt/airflow/dags/S3_UPLOAD_BRONZE_DAG.py
[2026-06-07T22:08:58.825+0000] {processor.py:839} INFO - DAG(s) dict_keys(['daily_vulnerability_ingestion']) retrieved from /opt/airflow/dags/S3_UPLOAD_BRONZE_DAG.py
[2026-06-07T22:08:58.844+0000] {logging_mixin.py:154} INFO - [2026-06-07T22:08:58.844+0000] {dag.py:2941} INFO - Sync 1 DAGs
[2026-06-07T22:08:58.863+0000] {logging_mixin.py:154} INFO - [2026-06-07T22:08:58.863+0000] {dag.py:3722} INFO - Setting next_dagrun for daily_vulnerability_ingestion to 2026-06-07T14:52:05.384041+00:00, run_after=2026-06-08T14:52:05.384041+00:00
[2026-06-07T22:08:58.877+0000] {processor.py:179} INFO - Processing /opt/airflow/dags/S3_UPLOAD_BRONZE_DAG.py took 0.076 seconds
[2026-06-07T22:09:29.025+0000] {processor.py:157} INFO - Started process (PID=1903) to work on /opt/airflow/dags/S3_UPLOAD_BRONZE_DAG.py
[2026-06-07T22:09:29.033+0000] {processor.py:829} INFO - Processing file /opt/airflow/dags/S3_UPLOAD_BRONZE_DAG.py for tasks to queue
[2026-06-07T22:09:29.034+0000] {logging_mixin.py:154} INFO - [2026-06-07T22:09:29.034+0000] {dagbag.py:536} INFO - Filling up the DagBag from /opt/airflow/dags/S3_UPLOAD_BRONZE_DAG.py
[2026-06-07T22:09:29.050+0000] {processor.py:839} INFO - DAG(s) dict_keys(['daily_vulnerability_ingestion']) retrieved from /opt/airflow/dags/S3_UPLOAD_BRONZE_DAG.py
[2026-06-07T22:09:29.074+0000] {logging_mixin.py:154} INFO - [2026-06-07T22:09:29.074+0000] {dag.py:2941} INFO - Sync 1 DAGs
[2026-06-07T22:09:29.092+0000] {logging_mixin.py:154} INFO - [2026-06-07T22:09:29.092+0000] {dag.py:3722} INFO - Setting next_dagrun for daily_vulnerability_ingestion to 2026-06-07T14:52:05.384041+00:00, run_after=2026-06-08T14:52:05.384041+00:00
[2026-06-07T22:09:29.106+0000] {processor.py:179} INFO - Processing /opt/airflow/dags/S3_UPLOAD_BRONZE_DAG.py took 0.087 seconds
[2026-06-07T22:09:59.229+0000] {processor.py:157} INFO - Started process (PID=1908) to work on /opt/airflow/dags/S3_UPLOAD_BRONZE_DAG.py
[2026-06-07T22:09:59.231+0000] {processor.py:829} INFO - Processing file /opt/airflow/dags/S3_UPLOAD_BRONZE_DAG.py for tasks to queue
[2026-06-07T22:09:59.234+0000] {logging_mixin.py:154} INFO - [2026-06-07T22:09:59.233+0000] {dagbag.py:536} INFO - Filling up the DagBag from /opt/airflow/dags/S3_UPLOAD_BRONZE_DAG.py
[2026-06-07T22:09:59.278+0000] {processor.py:839} INFO - DAG(s) dict_keys(['daily_vulnerability_ingestion']) retrieved from /opt/airflow/dags/S3_UPLOAD_BRONZE_DAG.py
[2026-06-07T22:09:59.311+0000] {logging_mixin.py:154} INFO - [2026-06-07T22:09:59.311+0000] {dag.py:2941} INFO - Sync 1 DAGs
[2026-06-07T22:09:59.337+0000] {logging_mixin.py:154} INFO - [2026-06-07T22:09:59.336+0000] {dag.py:3722} INFO - Setting next_dagrun for daily_vulnerability_ingestion to 2026-06-07T14:52:05.384041+00:00, run_after=2026-06-08T14:52:05.384041+00:00
[2026-06-07T22:09:59.366+0000] {processor.py:179} INFO - Processing /opt/airflow/dags/S3_UPLOAD_BRONZE_DAG.py took 0.149 seconds
[2026-06-07T22:10:29.504+0000] {processor.py:157} INFO - Started process (PID=1913) to work on /opt/airflow/dags/S3_UPLOAD_BRONZE_DAG.py
[2026-06-07T22:10:29.513+0000] {processor.py:829} INFO - Processing file /opt/airflow/dags/S3_UPLOAD_BRONZE_DAG.py for tasks to queue
[2026-06-07T22:10:29.513+0000] {logging_mixin.py:154} INFO - [2026-06-07T22:10:29.513+0000] {dagbag.py:536} INFO - Filling up the DagBag from /opt/airflow/dags/S3_UPLOAD_BRONZE_DAG.py
[2026-06-07T22:10:29.529+0000] {processor.py:839} INFO - DAG(s) dict_keys(['daily_vulnerability_ingestion']) retrieved from /opt/airflow/dags/S3_UPLOAD_BRONZE_DAG.py
[2026-06-07T22:10:29.554+0000] {logging_mixin.py:154} INFO - [2026-06-07T22:10:29.553+0000] {dag.py:2941} INFO - Sync 1 DAGs
[2026-06-07T22:10:29.573+0000] {logging_mixin.py:154} INFO - [2026-06-07T22:10:29.573+0000] {dag.py:3722} INFO - Setting next_dagrun for daily_vulnerability_ingestion to 2026-06-07T14:52:05.384041+00:00, run_after=2026-06-08T14:52:05.384041+00:00
[2026-06-07T22:10:29.590+0000] {processor.py:179} INFO - Processing /opt/airflow/dags/S3_UPLOAD_BRONZE_DAG.py took 0.089 seconds
[2026-06-07T22:10:59.659+0000] {processor.py:157} INFO - Started process (PID=1918) to work on /opt/airflow/dags/S3_UPLOAD_BRONZE_DAG.py
[2026-06-07T22:10:59.660+0000] {processor.py:829} INFO - Processing file /opt/airflow/dags/S3_UPLOAD_BRONZE_DAG.py for tasks to queue
[2026-06-07T22:10:59.661+0000] {logging_mixin.py:154} INFO - [2026-06-07T22:10:59.661+0000] {dagbag.py:536} INFO - Filling up the DagBag from /opt/airflow/dags/S3_UPLOAD_BRONZE_DAG.py
[2026-06-07T22:10:59.675+0000] {processor.py:839} INFO - DAG(s) dict_keys(['daily_vulnerability_ingestion']) retrieved from /opt/airflow/dags/S3_UPLOAD_BRONZE_DAG.py
[2026-06-07T22:10:59.698+0000] {logging_mixin.py:154} INFO - [2026-06-07T22:10:59.697+0000] {dag.py:2941} INFO - Sync 1 DAGs
[2026-06-07T22:10:59.718+0000] {logging_mixin.py:154} INFO - [2026-06-07T22:10:59.718+0000] {dag.py:3722} INFO - Setting next_dagrun for daily_vulnerability_ingestion to 2026-06-07T14:52:05.384041+00:00, run_after=2026-06-08T14:52:05.384041+00:00
[2026-06-07T22:10:59.734+0000] {processor.py:179} INFO - Processing /opt/airflow/dags/S3_UPLOAD_BRONZE_DAG.py took 0.078 seconds
[2026-06-07T22:11:29.903+0000] {processor.py:157} INFO - Started process (PID=1923) to work on /opt/airflow/dags/S3_UPLOAD_BRONZE_DAG.py
[2026-06-07T22:11:29.913+0000] {processor.py:829} INFO - Processing file /opt/airflow/dags/S3_UPLOAD_BRONZE_DAG.py for tasks to queue
[2026-06-07T22:11:29.913+0000] {logging_mixin.py:154} INFO - [2026-06-07T22:11:29.913+0000] {dagbag.py:536} INFO - Filling up the DagBag from /opt/airflow/dags/S3_UPLOAD_BRONZE_DAG.py
[2026-06-07T22:11:29.930+0000] {processor.py:839} INFO - DAG(s) dict_keys(['daily_vulnerability_ingestion']) retrieved from /opt/airflow/dags/S3_UPLOAD_BRONZE_DAG.py
[2026-06-07T22:11:29.958+0000] {logging_mixin.py:154} INFO - [2026-06-07T22:11:29.958+0000] {dag.py:2941} INFO - Sync 1 DAGs
[2026-06-07T22:11:29.978+0000] {logging_mixin.py:154} INFO - [2026-06-07T22:11:29.977+0000] {dag.py:3722} INFO - Setting next_dagrun for daily_vulnerability_ingestion to 2026-06-07T14:52:05.384041+00:00, run_after=2026-06-08T14:52:05.384041+00:00
[2026-06-07T22:11:30.000+0000] {processor.py:179} INFO - Processing /opt/airflow/dags/S3_UPLOAD_BRONZE_DAG.py took 0.101 seconds
[2026-06-07T22:12:00.066+0000] {processor.py:157} INFO - Started process (PID=1928) to work on /opt/airflow/dags/S3_UPLOAD_BRONZE_DAG.py
[2026-06-07T22:12:00.067+0000] {processor.py:829} INFO - Processing file /opt/airflow/dags/S3_UPLOAD_BRONZE_DAG.py for tasks to queue
[2026-06-07T22:12:00.068+0000] {logging_mixin.py:154} INFO - [2026-06-07T22:12:00.068+0000] {dagbag.py:536} INFO - Filling up the DagBag from /opt/airflow/dags/S3_UPLOAD_BRONZE_DAG.py
[2026-06-07T22:12:00.086+0000] {processor.py:839} INFO - DAG(s) dict_keys(['daily_vulnerability_ingestion']) retrieved from /opt/airflow/dags/S3_UPLOAD_BRONZE_DAG.py
[2026-06-07T22:12:00.108+0000] {logging_mixin.py:154} INFO - [2026-06-07T22:12:00.108+0000] {dag.py:2941} INFO - Sync 1 DAGs
[2026-06-07T22:12:00.125+0000] {logging_mixin.py:154} INFO - [2026-06-07T22:12:00.125+0000] {dag.py:3722} INFO - Setting next_dagrun for daily_vulnerability_ingestion to 2026-06-07T14:52:05.384041+00:00, run_after=2026-06-08T14:52:05.384041+00:00
[2026-06-07T22:12:00.140+0000] {processor.py:179} INFO - Processing /opt/airflow/dags/S3_UPLOAD_BRONZE_DAG.py took 0.078 seconds
[2026-06-07T22:12:30.287+0000] {processor.py:157} INFO - Started process (PID=1933) to work on /opt/airflow/dags/S3_UPLOAD_BRONZE_DAG.py
[2026-06-07T22:12:30.289+0000] {processor.py:829} INFO - Processing file /opt/airflow/dags/S3_UPLOAD_BRONZE_DAG.py for tasks to queue
[2026-06-07T22:12:30.290+0000] {logging_mixin.py:154} INFO - [2026-06-07T22:12:30.289+0000] {dagbag.py:536} INFO - Filling up the DagBag from /opt/airflow/dags/S3_UPLOAD_BRONZE_DAG.py
[2026-06-07T22:12:30.303+0000] {processor.py:839} INFO - DAG(s) dict_keys(['daily_vulnerability_ingestion']) retrieved from /opt/airflow/dags/S3_UPLOAD_BRONZE_DAG.py
[2026-06-07T22:12:30.323+0000] {logging_mixin.py:154} INFO - [2026-06-07T22:12:30.323+0000] {dag.py:2941} INFO - Sync 1 DAGs
[2026-06-07T22:12:30.340+0000] {logging_mixin.py:154} INFO - [2026-06-07T22:12:30.340+0000] {dag.py:3722} INFO - Setting next_dagrun for daily_vulnerability_ingestion to 2026-06-07T14:52:05.384041+00:00, run_after=2026-06-08T14:52:05.384041+00:00
[2026-06-07T22:12:30.358+0000] {processor.py:179} INFO - Processing /opt/airflow/dags/S3_UPLOAD_BRONZE_DAG.py took 0.076 seconds
[2026-06-07T22:13:00.456+0000] {processor.py:157} INFO - Started process (PID=1938) to work on /opt/airflow/dags/S3_UPLOAD_BRONZE_DAG.py
[2026-06-07T22:13:00.457+0000] {processor.py:829} INFO - Processing file /opt/airflow/dags/S3_UPLOAD_BRONZE_DAG.py for tasks to queue
[2026-06-07T22:13:00.457+0000] {logging_mixin.py:154} INFO - [2026-06-07T22:13:00.457+0000] {dagbag.py:536} INFO - Filling up the DagBag from /opt/airflow/dags/S3_UPLOAD_BRONZE_DAG.py
[2026-06-07T22:13:00.473+0000] {processor.py:839} INFO - DAG(s) dict_keys(['daily_vulnerability_ingestion']) retrieved from /opt/airflow/dags/S3_UPLOAD_BRONZE_DAG.py
[2026-06-07T22:13:00.499+0000] {logging_mixin.py:154} INFO - [2026-06-07T22:13:00.499+0000] {dag.py:2941} INFO - Sync 1 DAGs
[2026-06-07T22:13:00.520+0000] {logging_mixin.py:154} INFO - [2026-06-07T22:13:00.519+0000] {dag.py:3722} INFO - Setting next_dagrun for daily_vulnerability_ingestion to 2026-06-07T14:52:05.384041+00:00, run_after=2026-06-08T14:52:05.384041+00:00
[2026-06-07T22:13:00.536+0000] {processor.py:179} INFO - Processing /opt/airflow/dags/S3_UPLOAD_BRONZE_DAG.py took 0.085 seconds
[2026-06-07T22:13:30.682+0000] {processor.py:157} INFO - Started process (PID=1943) to work on /opt/airflow/dags/S3_UPLOAD_BRONZE_DAG.py
[2026-06-07T22:13:30.691+0000] {processor.py:829} INFO - Processing file /opt/airflow/dags/S3_UPLOAD_BRONZE_DAG.py for tasks to queue
[2026-06-07T22:13:30.692+0000] {logging_mixin.py:154} INFO - [2026-06-07T22:13:30.691+0000] {dagbag.py:536} INFO - Filling up the DagBag from /opt/airflow/dags/S3_UPLOAD_BRONZE_DAG.py
[2026-06-07T22:13:30.707+0000] {processor.py:839} INFO - DAG(s) dict_keys(['daily_vulnerability_ingestion']) retrieved from /opt/airflow/dags/S3_UPLOAD_BRONZE_DAG.py
[2026-06-07T22:13:30.730+0000] {logging_mixin.py:154} INFO - [2026-06-07T22:13:30.730+0000] {dag.py:2941} INFO - Sync 1 DAGs
[2026-06-07T22:13:30.750+0000] {logging_mixin.py:154} INFO - [2026-06-07T22:13:30.750+0000] {dag.py:3722} INFO - Setting next_dagrun for daily_vulnerability_ingestion to 2026-06-07T14:52:05.384041+00:00, run_after=2026-06-08T14:52:05.384041+00:00
[2026-06-07T22:13:30.764+0000] {processor.py:179} INFO - Processing /opt/airflow/dags/S3_UPLOAD_BRONZE_DAG.py took 0.087 seconds
[2026-06-07T22:14:00.916+0000] {processor.py:157} INFO - Started process (PID=1948) to work on /opt/airflow/dags/S3_UPLOAD_BRONZE_DAG.py
[2026-06-07T22:14:00.919+0000] {processor.py:829} INFO - Processing file /opt/airflow/dags/S3_UPLOAD_BRONZE_DAG.py for tasks to queue
[2026-06-07T22:14:00.921+0000] {logging_mixin.py:154} INFO - [2026-06-07T22:14:00.920+0000] {dagbag.py:536} INFO - Filling up the DagBag from /opt/airflow/dags/S3_UPLOAD_BRONZE_DAG.py
[2026-06-07T22:14:00.968+0000] {processor.py:839} INFO - DAG(s) dict_keys(['daily_vulnerability_ingestion']) retrieved from /opt/airflow/dags/S3_UPLOAD_BRONZE_DAG.py
[2026-06-07T22:14:01.002+0000] {logging_mixin.py:154} INFO - [2026-06-07T22:14:01.002+0000] {dag.py:2941} INFO - Sync 1 DAGs
[2026-06-07T22:14:01.028+0000] {logging_mixin.py:154} INFO - [2026-06-07T22:14:01.028+0000] {dag.py:3722} INFO - Setting next_dagrun for daily_vulnerability_ingestion to 2026-06-07T14:52:05.384041+00:00, run_after=2026-06-08T14:52:05.384041+00:00
[2026-06-07T22:14:01.056+0000] {processor.py:179} INFO - Processing /opt/airflow/dags/S3_UPLOAD_BRONZE_DAG.py took 0.153 seconds
[2026-06-07T22:14:31.137+0000] {processor.py:157} INFO - Started process (PID=1953) to work on /opt/airflow/dags/S3_UPLOAD_BRONZE_DAG.py
[2026-06-07T22:14:31.147+0000] {processor.py:829} INFO - Processing file /opt/airflow/dags/S3_UPLOAD_BRONZE_DAG.py for tasks to queue
[2026-06-07T22:14:31.150+0000] {logging_mixin.py:154} INFO - [2026-06-07T22:14:31.149+0000] {dagbag.py:536} INFO - Filling up the DagBag from /opt/airflow/dags/S3_UPLOAD_BRONZE_DAG.py
[2026-06-07T22:14:31.211+0000] {processor.py:839} INFO - DAG(s) dict_keys(['daily_vulnerability_ingestion']) retrieved from /opt/airflow/dags/S3_UPLOAD_BRONZE_DAG.py
[2026-06-07T22:14:31.284+0000] {logging_mixin.py:154} INFO - [2026-06-07T22:14:31.283+0000] {dag.py:2941} INFO - Sync 1 DAGs
[2026-06-07T22:14:31.328+0000] {logging_mixin.py:154} INFO - [2026-06-07T22:14:31.328+0000] {dag.py:3722} INFO - Setting next_dagrun for daily_vulnerability_ingestion to 2026-06-07T14:52:05.384041+00:00, run_after=2026-06-08T14:52:05.384041+00:00
[2026-06-07T22:14:31.355+0000] {processor.py:179} INFO - Processing /opt/airflow/dags/S3_UPLOAD_BRONZE_DAG.py took 0.230 seconds
[2026-06-07T22:15:01.401+0000] {processor.py:157} INFO - Started process (PID=1978) to work on /opt/airflow/dags/S3_UPLOAD_BRONZE_DAG.py
[2026-06-07T22:15:01.401+0000] {processor.py:829} INFO - Processing file /opt/airflow/dags/S3_UPLOAD_BRONZE_DAG.py for tasks to queue
[2026-06-07T22:15:01.402+0000] {logging_mixin.py:154} INFO - [2026-06-07T22:15:01.402+0000] {dagbag.py:536} INFO - Filling up the DagBag from /opt/airflow/dags/S3_UPLOAD_BRONZE_DAG.py
[2026-06-07T22:15:01.417+0000] {processor.py:839} INFO - DAG(s) dict_keys(['daily_vulnerability_ingestion']) retrieved from /opt/airflow/dags/S3_UPLOAD_BRONZE_DAG.py
[2026-06-07T22:15:01.438+0000] {logging_mixin.py:154} INFO - [2026-06-07T22:15:01.438+0000] {dag.py:2941} INFO - Sync 1 DAGs
[2026-06-07T22:15:01.455+0000] {logging_mixin.py:154} INFO - [2026-06-07T22:15:01.455+0000] {dag.py:3722} INFO - Setting next_dagrun for daily_vulnerability_ingestion to 2026-06-07T14:52:05.384041+00:00, run_after=2026-06-08T14:52:05.384041+00:00
[2026-06-07T22:15:01.469+0000] {processor.py:179} INFO - Processing /opt/airflow/dags/S3_UPLOAD_BRONZE_DAG.py took 0.072 seconds
[2026-06-07T22:15:31.586+0000] {processor.py:157} INFO - Started process (PID=1983) to work on /opt/airflow/dags/S3_UPLOAD_BRONZE_DAG.py
[2026-06-07T22:15:31.595+0000] {processor.py:829} INFO - Processing file /opt/airflow/dags/S3_UPLOAD_BRONZE_DAG.py for tasks to queue
[2026-06-07T22:15:31.596+0000] {logging_mixin.py:154} INFO - [2026-06-07T22:15:31.596+0000] {dagbag.py:536} INFO - Filling up the DagBag from /opt/airflow/dags/S3_UPLOAD_BRONZE_DAG.py
[2026-06-07T22:15:31.611+0000] {processor.py:839} INFO - DAG(s) dict_keys(['daily_vulnerability_ingestion']) retrieved from /opt/airflow/dags/S3_UPLOAD_BRONZE_DAG.py
[2026-06-07T22:15:31.633+0000] {logging_mixin.py:154} INFO - [2026-06-07T22:15:31.633+0000] {dag.py:2941} INFO - Sync 1 DAGs
[2026-06-07T22:15:31.652+0000] {logging_mixin.py:154} INFO - [2026-06-07T22:15:31.652+0000] {dag.py:3722} INFO - Setting next_dagrun for daily_vulnerability_ingestion to 2026-06-07T14:52:05.384041+00:00, run_after=2026-06-08T14:52:05.384041+00:00
[2026-06-07T22:15:31.666+0000] {processor.py:179} INFO - Processing /opt/airflow/dags/S3_UPLOAD_BRONZE_DAG.py took 0.087 seconds
[2026-06-07T22:16:01.789+0000] {processor.py:157} INFO - Started process (PID=1988) to work on /opt/airflow/dags/S3_UPLOAD_BRONZE_DAG.py
[2026-06-07T22:16:01.790+0000] {processor.py:829} INFO - Processing file /opt/airflow/dags/S3_UPLOAD_BRONZE_DAG.py for tasks to queue
[2026-06-07T22:16:01.791+0000] {logging_mixin.py:154} INFO - [2026-06-07T22:16:01.790+0000] {dagbag.py:536} INFO - Filling up the DagBag from /opt/airflow/dags/S3_UPLOAD_BRONZE_DAG.py
[2026-06-07T22:16:01.808+0000] {processor.py:839} INFO - DAG(s) dict_keys(['daily_vulnerability_ingestion']) retrieved from /opt/airflow/dags/S3_UPLOAD_BRONZE_DAG.py
[2026-06-07T22:16:01.829+0000] {logging_mixin.py:154} INFO - [2026-06-07T22:16:01.828+0000] {dag.py:2941} INFO - Sync 1 DAGs
[2026-06-07T22:16:01.847+0000] {logging_mixin.py:154} INFO - [2026-06-07T22:16:01.846+0000] {dag.py:3722} INFO - Setting next_dagrun for daily_vulnerability_ingestion to 2026-06-07T14:52:05.384041+00:00, run_after=2026-06-08T14:52:05.384041+00:00
[2026-06-07T22:16:01.862+0000] {processor.py:179} INFO - Processing /opt/airflow/dags/S3_UPLOAD_BRONZE_DAG.py took 0.079 seconds
[2026-06-07T22:16:31.943+0000] {processor.py:157} INFO - Started process (PID=1993) to work on /opt/airflow/dags/S3_UPLOAD_BRONZE_DAG.py
[2026-06-07T22:16:31.944+0000] {processor.py:829} INFO - Processing file /opt/airflow/dags/S3_UPLOAD_BRONZE_DAG.py for tasks to queue
[2026-06-07T22:16:31.945+0000] {logging_mixin.py:154} INFO - [2026-06-07T22:16:31.944+0000] {dagbag.py:536} INFO - Filling up the DagBag from /opt/airflow/dags/S3_UPLOAD_BRONZE_DAG.py
[2026-06-07T22:16:31.963+0000] {processor.py:839} INFO - DAG(s) dict_keys(['daily_vulnerability_ingestion']) retrieved from /opt/airflow/dags/S3_UPLOAD_BRONZE_DAG.py
[2026-06-07T22:16:31.984+0000] {logging_mixin.py:154} INFO - [2026-06-07T22:16:31.984+0000] {dag.py:2941} INFO - Sync 1 DAGs
[2026-06-07T22:16:32.005+0000] {logging_mixin.py:154} INFO - [2026-06-07T22:16:32.005+0000] {dag.py:3722} INFO - Setting next_dagrun for daily_vulnerability_ingestion to 2026-06-07T14:52:05.384041+00:00, run_after=2026-06-08T14:52:05.384041+00:00
[2026-06-07T22:16:32.017+0000] {processor.py:179} INFO - Processing /opt/airflow/dags/S3_UPLOAD_BRONZE_DAG.py took 0.079 seconds
[2026-06-07T22:17:02.111+0000] {processor.py:157} INFO - Started process (PID=2006) to work on /opt/airflow/dags/S3_UPLOAD_BRONZE_DAG.py
[2026-06-07T22:17:02.112+0000] {processor.py:829} INFO - Processing file /opt/airflow/dags/S3_UPLOAD_BRONZE_DAG.py for tasks to queue
[2026-06-07T22:17:02.113+0000] {logging_mixin.py:154} INFO - [2026-06-07T22:17:02.112+0000] {dagbag.py:536} INFO - Filling up the DagBag from /opt/airflow/dags/S3_UPLOAD_BRONZE_DAG.py
[2026-06-07T22:17:02.131+0000] {processor.py:839} INFO - DAG(s) dict_keys(['daily_vulnerability_ingestion']) retrieved from /opt/airflow/dags/S3_UPLOAD_BRONZE_DAG.py
[2026-06-07T22:17:02.153+0000] {logging_mixin.py:154} INFO - [2026-06-07T22:17:02.153+0000] {dag.py:2941} INFO - Sync 1 DAGs
[2026-06-07T22:17:02.170+0000] {logging_mixin.py:154} INFO - [2026-06-07T22:17:02.170+0000] {dag.py:3722} INFO - Setting next_dagrun for daily_vulnerability_ingestion to 2026-06-07T14:52:05.384041+00:00, run_after=2026-06-08T14:52:05.384041+00:00
[2026-06-07T22:17:02.184+0000] {processor.py:179} INFO - Processing /opt/airflow/dags/S3_UPLOAD_BRONZE_DAG.py took 0.078 seconds
[2026-06-07T22:17:32.271+0000] {processor.py:157} INFO - Started process (PID=2015) to work on /opt/airflow/dags/S3_UPLOAD_BRONZE_DAG.py
[2026-06-07T22:17:32.281+0000] {processor.py:829} INFO - Processing file /opt/airflow/dags/S3_UPLOAD_BRONZE_DAG.py for tasks to queue
[2026-06-07T22:17:32.282+0000] {logging_mixin.py:154} INFO - [2026-06-07T22:17:32.282+0000] {dagbag.py:536} INFO - Filling up the DagBag from /opt/airflow/dags/S3_UPLOAD_BRONZE_DAG.py
[2026-06-07T22:17:32.306+0000] {processor.py:839} INFO - DAG(s) dict_keys(['daily_vulnerability_ingestion']) retrieved from /opt/airflow/dags/S3_UPLOAD_BRONZE_DAG.py
[2026-06-07T22:17:32.328+0000] {logging_mixin.py:154} INFO - [2026-06-07T22:17:32.327+0000] {dag.py:2941} INFO - Sync 1 DAGs
[2026-06-07T22:17:32.345+0000] {logging_mixin.py:154} INFO - [2026-06-07T22:17:32.345+0000] {dag.py:3722} INFO - Setting next_dagrun for daily_vulnerability_ingestion to 2026-06-07T14:52:05.384041+00:00, run_after=2026-06-08T14:52:05.384041+00:00
[2026-06-07T22:17:32.361+0000] {processor.py:179} INFO - Processing /opt/airflow/dags/S3_UPLOAD_BRONZE_DAG.py took 0.094 seconds
[2026-06-07T22:18:02.446+0000] {processor.py:157} INFO - Started process (PID=2020) to work on /opt/airflow/dags/S3_UPLOAD_BRONZE_DAG.py
[2026-06-07T22:18:02.447+0000] {processor.py:829} INFO - Processing file /opt/airflow/dags/S3_UPLOAD_BRONZE_DAG.py for tasks to queue
[2026-06-07T22:18:02.448+0000] {logging_mixin.py:154} INFO - [2026-06-07T22:18:02.448+0000] {dagbag.py:536} INFO - Filling up the DagBag from /opt/airflow/dags/S3_UPLOAD_BRONZE_DAG.py
[2026-06-07T22:18:02.465+0000] {processor.py:839} INFO - DAG(s) dict_keys(['daily_vulnerability_ingestion']) retrieved from /opt/airflow/dags/S3_UPLOAD_BRONZE_DAG.py
[2026-06-07T22:18:02.489+0000] {logging_mixin.py:154} INFO - [2026-06-07T22:18:02.488+0000] {dag.py:2941} INFO - Sync 1 DAGs
[2026-06-07T22:18:02.511+0000] {logging_mixin.py:154} INFO - [2026-06-07T22:18:02.511+0000] {dag.py:3722} INFO - Setting next_dagrun for daily_vulnerability_ingestion to 2026-06-07T14:52:05.384041+00:00, run_after=2026-06-08T14:52:05.384041+00:00
[2026-06-07T22:18:02.528+0000] {processor.py:179} INFO - Processing /opt/airflow/dags/S3_UPLOAD_BRONZE_DAG.py took 0.085 seconds
[2026-06-07T22:18:32.668+0000] {processor.py:157} INFO - Started process (PID=2025) to work on /opt/airflow/dags/S3_UPLOAD_BRONZE_DAG.py
[2026-06-07T22:18:32.677+0000] {processor.py:829} INFO - Processing file /opt/airflow/dags/S3_UPLOAD_BRONZE_DAG.py for tasks to queue
[2026-06-07T22:18:32.678+0000] {logging_mixin.py:154} INFO - [2026-06-07T22:18:32.678+0000] {dagbag.py:536} INFO - Filling up the DagBag from /opt/airflow/dags/S3_UPLOAD_BRONZE_DAG.py
[2026-06-07T22:18:32.696+0000] {processor.py:839} INFO - DAG(s) dict_keys(['daily_vulnerability_ingestion']) retrieved from /opt/airflow/dags/S3_UPLOAD_BRONZE_DAG.py
[2026-06-07T22:18:32.721+0000] {logging_mixin.py:154} INFO - [2026-06-07T22:18:32.721+0000] {dag.py:2941} INFO - Sync 1 DAGs
[2026-06-07T22:18:32.738+0000] {logging_mixin.py:154} INFO - [2026-06-07T22:18:32.737+0000] {dag.py:3722} INFO - Setting next_dagrun for daily_vulnerability_ingestion to 2026-06-07T14:52:05.384041+00:00, run_after=2026-06-08T14:52:05.384041+00:00
[2026-06-07T22:18:32.751+0000] {processor.py:179} INFO - Processing /opt/airflow/dags/S3_UPLOAD_BRONZE_DAG.py took 0.087 seconds
[2026-06-07T22:19:02.825+0000] {processor.py:157} INFO - Started process (PID=2030) to work on /opt/airflow/dags/S3_UPLOAD_BRONZE_DAG.py
[2026-06-07T22:19:02.825+0000] {processor.py:829} INFO - Processing file /opt/airflow/dags/S3_UPLOAD_BRONZE_DAG.py for tasks to queue
[2026-06-07T22:19:02.826+0000] {logging_mixin.py:154} INFO - [2026-06-07T22:19:02.825+0000] {dagbag.py:536} INFO - Filling up the DagBag from /opt/airflow/dags/S3_UPLOAD_BRONZE_DAG.py
[2026-06-07T22:19:02.840+0000] {processor.py:839} INFO - DAG(s) dict_keys(['daily_vulnerability_ingestion']) retrieved from /opt/airflow/dags/S3_UPLOAD_BRONZE_DAG.py
[2026-06-07T22:19:02.864+0000] {logging_mixin.py:154} INFO - [2026-06-07T22:19:02.864+0000] {dag.py:2941} INFO - Sync 1 DAGs
[2026-06-07T22:19:02.885+0000] {logging_mixin.py:154} INFO - [2026-06-07T22:19:02.885+0000] {dag.py:3722} INFO - Setting next_dagrun for daily_vulnerability_ingestion to 2026-06-07T14:52:05.384041+00:00, run_after=2026-06-08T14:52:05.384041+00:00
[2026-06-07T22:19:02.907+0000] {processor.py:179} INFO - Processing /opt/airflow/dags/S3_UPLOAD_BRONZE_DAG.py took 0.085 seconds
[2026-06-07T22:19:33.015+0000] {processor.py:157} INFO - Started process (PID=2035) to work on /opt/airflow/dags/S3_UPLOAD_BRONZE_DAG.py
[2026-06-07T22:19:33.024+0000] {processor.py:829} INFO - Processing file /opt/airflow/dags/S3_UPLOAD_BRONZE_DAG.py for tasks to queue
[2026-06-07T22:19:33.024+0000] {logging_mixin.py:154} INFO - [2026-06-07T22:19:33.024+0000] {dagbag.py:536} INFO - Filling up the DagBag from /opt/airflow/dags/S3_UPLOAD_BRONZE_DAG.py
[2026-06-07T22:19:33.038+0000] {processor.py:839} INFO - DAG(s) dict_keys(['daily_vulnerability_ingestion']) retrieved from /opt/airflow/dags/S3_UPLOAD_BRONZE_DAG.py
[2026-06-07T22:19:33.061+0000] {logging_mixin.py:154} INFO - [2026-06-07T22:19:33.061+0000] {dag.py:2941} INFO - Sync 1 DAGs
[2026-06-07T22:19:33.081+0000] {logging_mixin.py:154} INFO - [2026-06-07T22:19:33.081+0000] {dag.py:3722} INFO - Setting next_dagrun for daily_vulnerability_ingestion to 2026-06-07T14:52:05.384041+00:00, run_after=2026-06-08T14:52:05.384041+00:00
[2026-06-07T22:19:33.097+0000] {processor.py:179} INFO - Processing /opt/airflow/dags/S3_UPLOAD_BRONZE_DAG.py took 0.086 seconds
[2026-06-07T22:20:03.191+0000] {processor.py:157} INFO - Started process (PID=2040) to work on /opt/airflow/dags/S3_UPLOAD_BRONZE_DAG.py
[2026-06-07T22:20:03.192+0000] {processor.py:829} INFO - Processing file /opt/airflow/dags/S3_UPLOAD_BRONZE_DAG.py for tasks to queue
[2026-06-07T22:20:03.193+0000] {logging_mixin.py:154} INFO - [2026-06-07T22:20:03.193+0000] {dagbag.py:536} INFO - Filling up the DagBag from /opt/airflow/dags/S3_UPLOAD_BRONZE_DAG.py
[2026-06-07T22:20:03.206+0000] {processor.py:839} INFO - DAG(s) dict_keys(['daily_vulnerability_ingestion']) retrieved from /opt/airflow/dags/S3_UPLOAD_BRONZE_DAG.py
[2026-06-07T22:20:03.226+0000] {logging_mixin.py:154} INFO - [2026-06-07T22:20:03.226+0000] {dag.py:2941} INFO - Sync 1 DAGs
[2026-06-07T22:20:03.245+0000] {logging_mixin.py:154} INFO - [2026-06-07T22:20:03.244+0000] {dag.py:3722} INFO - Setting next_dagrun for daily_vulnerability_ingestion to 2026-06-07T14:52:05.384041+00:00, run_after=2026-06-08T14:52:05.384041+00:00
[2026-06-07T22:20:03.258+0000] {processor.py:179} INFO - Processing /opt/airflow/dags/S3_UPLOAD_BRONZE_DAG.py took 0.070 seconds
[2026-06-07T22:20:33.408+0000] {processor.py:157} INFO - Started process (PID=2045) to work on /opt/airflow/dags/S3_UPLOAD_BRONZE_DAG.py
[2026-06-07T22:20:33.417+0000] {processor.py:829} INFO - Processing file /opt/airflow/dags/S3_UPLOAD_BRONZE_DAG.py for tasks to queue
[2026-06-07T22:20:33.419+0000] {logging_mixin.py:154} INFO - [2026-06-07T22:20:33.418+0000] {dagbag.py:536} INFO - Filling up the DagBag from /opt/airflow/dags/S3_UPLOAD_BRONZE_DAG.py
[2026-06-07T22:20:33.437+0000] {processor.py:839} INFO - DAG(s) dict_keys(['daily_vulnerability_ingestion']) retrieved from /opt/airflow/dags/S3_UPLOAD_BRONZE_DAG.py
[2026-06-07T22:20:33.467+0000] {logging_mixin.py:154} INFO - [2026-06-07T22:20:33.467+0000] {dag.py:2941} INFO - Sync 1 DAGs
[2026-06-07T22:20:33.489+0000] {logging_mixin.py:154} INFO - [2026-06-07T22:20:33.488+0000] {dag.py:3722} INFO - Setting next_dagrun for daily_vulnerability_ingestion to 2026-06-07T14:52:05.384041+00:00, run_after=2026-06-08T14:52:05.384041+00:00
[2026-06-07T22:20:33.501+0000] {processor.py:179} INFO - Processing /opt/airflow/dags/S3_UPLOAD_BRONZE_DAG.py took 0.100 seconds
[2026-06-07T22:21:04.061+0000] {processor.py:157} INFO - Started process (PID=2050) to work on /opt/airflow/dags/S3_UPLOAD_BRONZE_DAG.py
[2026-06-07T22:21:04.152+0000] {processor.py:829} INFO - Processing file /opt/airflow/dags/S3_UPLOAD_BRONZE_DAG.py for tasks to queue
[2026-06-07T22:21:04.155+0000] {logging_mixin.py:154} INFO - [2026-06-07T22:21:04.154+0000] {dagbag.py:536} INFO - Filling up the DagBag from /opt/airflow/dags/S3_UPLOAD_BRONZE_DAG.py
[2026-06-07T22:21:04.191+0000] {processor.py:839} INFO - DAG(s) dict_keys(['daily_vulnerability_ingestion']) retrieved from /opt/airflow/dags/S3_UPLOAD_BRONZE_DAG.py
[2026-06-07T22:21:04.218+0000] {logging_mixin.py:154} INFO - [2026-06-07T22:21:04.218+0000] {dag.py:2941} INFO - Sync 1 DAGs
[2026-06-07T22:21:04.237+0000] {logging_mixin.py:154} INFO - [2026-06-07T22:21:04.237+0000] {dag.py:3722} INFO - Setting next_dagrun for daily_vulnerability_ingestion to 2026-06-07T14:52:05.384041+00:00, run_after=2026-06-08T14:52:05.384041+00:00
[2026-06-07T22:21:04.806+0000] {processor.py:179} INFO - Processing /opt/airflow/dags/S3_UPLOAD_BRONZE_DAG.py took 0.755 seconds
[2026-06-07T22:21:34.939+0000] {processor.py:157} INFO - Started process (PID=2055) to work on /opt/airflow/dags/S3_UPLOAD_BRONZE_DAG.py
[2026-06-07T22:21:34.948+0000] {processor.py:829} INFO - Processing file /opt/airflow/dags/S3_UPLOAD_BRONZE_DAG.py for tasks to queue
[2026-06-07T22:21:34.949+0000] {logging_mixin.py:154} INFO - [2026-06-07T22:21:34.949+0000] {dagbag.py:536} INFO - Filling up the DagBag from /opt/airflow/dags/S3_UPLOAD_BRONZE_DAG.py
[2026-06-07T22:21:34.966+0000] {processor.py:839} INFO - DAG(s) dict_keys(['daily_vulnerability_ingestion']) retrieved from /opt/airflow/dags/S3_UPLOAD_BRONZE_DAG.py
[2026-06-07T22:21:34.993+0000] {logging_mixin.py:154} INFO - [2026-06-07T22:21:34.993+0000] {dag.py:2941} INFO - Sync 1 DAGs
[2026-06-07T22:21:35.014+0000] {logging_mixin.py:154} INFO - [2026-06-07T22:21:35.013+0000] {dag.py:3722} INFO - Setting next_dagrun for daily_vulnerability_ingestion to 2026-06-07T14:52:05.384041+00:00, run_after=2026-06-08T14:52:05.384041+00:00
[2026-06-07T22:21:35.031+0000] {processor.py:179} INFO - Processing /opt/airflow/dags/S3_UPLOAD_BRONZE_DAG.py took 0.095 seconds
[2026-06-07T22:22:05.109+0000] {processor.py:157} INFO - Started process (PID=2060) to work on /opt/airflow/dags/S3_UPLOAD_BRONZE_DAG.py
[2026-06-07T22:22:05.109+0000] {processor.py:829} INFO - Processing file /opt/airflow/dags/S3_UPLOAD_BRONZE_DAG.py for tasks to queue
[2026-06-07T22:22:05.110+0000] {logging_mixin.py:154} INFO - [2026-06-07T22:22:05.110+0000] {dagbag.py:536} INFO - Filling up the DagBag from /opt/airflow/dags/S3_UPLOAD_BRONZE_DAG.py
[2026-06-07T22:22:05.124+0000] {processor.py:839} INFO - DAG(s) dict_keys(['daily_vulnerability_ingestion']) retrieved from /opt/airflow/dags/S3_UPLOAD_BRONZE_DAG.py
[2026-06-07T22:22:05.147+0000] {logging_mixin.py:154} INFO - [2026-06-07T22:22:05.147+0000] {dag.py:2941} INFO - Sync 1 DAGs
[2026-06-07T22:22:05.166+0000] {logging_mixin.py:154} INFO - [2026-06-07T22:22:05.166+0000] {dag.py:3722} INFO - Setting next_dagrun for daily_vulnerability_ingestion to 2026-06-07T14:52:05.384041+00:00, run_after=2026-06-08T14:52:05.384041+00:00
[2026-06-07T22:22:05.182+0000] {processor.py:179} INFO - Processing /opt/airflow/dags/S3_UPLOAD_BRONZE_DAG.py took 0.078 seconds
[2026-06-07T22:22:35.346+0000] {processor.py:157} INFO - Started process (PID=2065) to work on /opt/airflow/dags/S3_UPLOAD_BRONZE_DAG.py
[2026-06-07T22:22:35.356+0000] {processor.py:829} INFO - Processing file /opt/airflow/dags/S3_UPLOAD_BRONZE_DAG.py for tasks to queue
[2026-06-07T22:22:35.357+0000] {logging_mixin.py:154} INFO - [2026-06-07T22:22:35.356+0000] {dagbag.py:536} INFO - Filling up the DagBag from /opt/airflow/dags/S3_UPLOAD_BRONZE_DAG.py
[2026-06-07T22:22:35.371+0000] {processor.py:839} INFO - DAG(s) dict_keys(['daily_vulnerability_ingestion']) retrieved from /opt/airflow/dags/S3_UPLOAD_BRONZE_DAG.py
[2026-06-07T22:22:35.394+0000] {logging_mixin.py:154} INFO - [2026-06-07T22:22:35.394+0000] {dag.py:2941} INFO - Sync 1 DAGs
[2026-06-07T22:22:35.411+0000] {logging_mixin.py:154} INFO - [2026-06-07T22:22:35.411+0000] {dag.py:3722} INFO - Setting next_dagrun for daily_vulnerability_ingestion to 2026-06-07T14:52:05.384041+00:00, run_after=2026-06-08T14:52:05.384041+00:00
[2026-06-07T22:22:35.426+0000] {processor.py:179} INFO - Processing /opt/airflow/dags/S3_UPLOAD_BRONZE_DAG.py took 0.084 seconds
[2026-06-07T22:23:05.525+0000] {processor.py:157} INFO - Started process (PID=2070) to work on /opt/airflow/dags/S3_UPLOAD_BRONZE_DAG.py
[2026-06-07T22:23:05.526+0000] {processor.py:829} INFO - Processing file /opt/airflow/dags/S3_UPLOAD_BRONZE_DAG.py for tasks to queue
[2026-06-07T22:23:05.527+0000] {logging_mixin.py:154} INFO - [2026-06-07T22:23:05.526+0000] {dagbag.py:536} INFO - Filling up the DagBag from /opt/airflow/dags/S3_UPLOAD_BRONZE_DAG.py
[2026-06-07T22:23:05.543+0000] {processor.py:839} INFO - DAG(s) dict_keys(['daily_vulnerability_ingestion']) retrieved from /opt/airflow/dags/S3_UPLOAD_BRONZE_DAG.py
[2026-06-07T22:23:05.573+0000] {logging_mixin.py:154} INFO - [2026-06-07T22:23:05.573+0000] {dag.py:2941} INFO - Sync 1 DAGs
[2026-06-07T22:23:05.606+0000] {logging_mixin.py:154} INFO - [2026-06-07T22:23:05.605+0000] {dag.py:3722} INFO - Setting next_dagrun for daily_vulnerability_ingestion to 2026-06-07T14:52:05.384041+00:00, run_after=2026-06-08T14:52:05.384041+00:00
[2026-06-07T22:23:05.629+0000] {processor.py:179} INFO - Processing /opt/airflow/dags/S3_UPLOAD_BRONZE_DAG.py took 0.111 seconds
[2026-06-07T22:23:35.787+0000] {processor.py:157} INFO - Started process (PID=2075) to work on /opt/airflow/dags/S3_UPLOAD_BRONZE_DAG.py
[2026-06-07T22:23:35.798+0000] {processor.py:829} INFO - Processing file /opt/airflow/dags/S3_UPLOAD_BRONZE_DAG.py for tasks to queue
[2026-06-07T22:23:35.801+0000] {logging_mixin.py:154} INFO - [2026-06-07T22:23:35.800+0000] {dagbag.py:536} INFO - Filling up the DagBag from /opt/airflow/dags/S3_UPLOAD_BRONZE_DAG.py
[2026-06-07T22:23:35.848+0000] {processor.py:839} INFO - DAG(s) dict_keys(['daily_vulnerability_ingestion']) retrieved from /opt/airflow/dags/S3_UPLOAD_BRONZE_DAG.py
[2026-06-07T22:23:35.882+0000] {logging_mixin.py:154} INFO - [2026-06-07T22:23:35.882+0000] {dag.py:2941} INFO - Sync 1 DAGs
[2026-06-07T22:23:35.907+0000] {logging_mixin.py:154} INFO - [2026-06-07T22:23:35.907+0000] {dag.py:3722} INFO - Setting next_dagrun for daily_vulnerability_ingestion to 2026-06-07T14:52:05.384041+00:00, run_after=2026-06-08T14:52:05.384041+00:00
[2026-06-07T22:23:35.924+0000] {processor.py:179} INFO - Processing /opt/airflow/dags/S3_UPLOAD_BRONZE_DAG.py took 0.152 seconds
[2026-06-07T22:24:05.980+0000] {processor.py:157} INFO - Started process (PID=2080) to work on /opt/airflow/dags/S3_UPLOAD_BRONZE_DAG.py
[2026-06-07T22:24:05.981+0000] {processor.py:829} INFO - Processing file /opt/airflow/dags/S3_UPLOAD_BRONZE_DAG.py for tasks to queue
[2026-06-07T22:24:05.982+0000] {logging_mixin.py:154} INFO - [2026-06-07T22:24:05.981+0000] {dagbag.py:536} INFO - Filling up the DagBag from /opt/airflow/dags/S3_UPLOAD_BRONZE_DAG.py
[2026-06-07T22:24:05.998+0000] {processor.py:839} INFO - DAG(s) dict_keys(['daily_vulnerability_ingestion']) retrieved from /opt/airflow/dags/S3_UPLOAD_BRONZE_DAG.py
[2026-06-07T22:24:06.023+0000] {logging_mixin.py:154} INFO - [2026-06-07T22:24:06.023+0000] {dag.py:2941} INFO - Sync 1 DAGs
[2026-06-07T22:24:06.043+0000] {logging_mixin.py:154} INFO - [2026-06-07T22:24:06.043+0000] {dag.py:3722} INFO - Setting next_dagrun for daily_vulnerability_ingestion to 2026-06-07T14:52:05.384041+00:00, run_after=2026-06-08T14:52:05.384041+00:00
[2026-06-07T22:24:06.060+0000] {processor.py:179} INFO - Processing /opt/airflow/dags/S3_UPLOAD_BRONZE_DAG.py took 0.084 seconds
[2026-06-07T22:24:36.270+0000] {processor.py:157} INFO - Started process (PID=2085) to work on /opt/airflow/dags/S3_UPLOAD_BRONZE_DAG.py
[2026-06-07T22:24:36.282+0000] {processor.py:829} INFO - Processing file /opt/airflow/dags/S3_UPLOAD_BRONZE_DAG.py for tasks to queue
[2026-06-07T22:24:36.286+0000] {logging_mixin.py:154} INFO - [2026-06-07T22:24:36.285+0000] {dagbag.py:536} INFO - Filling up the DagBag from /opt/airflow/dags/S3_UPLOAD_BRONZE_DAG.py
[2026-06-07T22:24:36.328+0000] {processor.py:839} INFO - DAG(s) dict_keys(['daily_vulnerability_ingestion']) retrieved from /opt/airflow/dags/S3_UPLOAD_BRONZE_DAG.py
[2026-06-07T22:24:36.352+0000] {logging_mixin.py:154} INFO - [2026-06-07T22:24:36.351+0000] {dag.py:2941} INFO - Sync 1 DAGs
[2026-06-07T22:24:36.372+0000] {logging_mixin.py:154} INFO - [2026-06-07T22:24:36.372+0000] {dag.py:3722} INFO - Setting next_dagrun for daily_vulnerability_ingestion to 2026-06-07T14:52:05.384041+00:00, run_after=2026-06-08T14:52:05.384041+00:00
[2026-06-07T22:24:36.389+0000] {processor.py:179} INFO - Processing /opt/airflow/dags/S3_UPLOAD_BRONZE_DAG.py took 0.135 seconds
[2026-06-07T22:25:06.421+0000] {processor.py:157} INFO - Started process (PID=2090) to work on /opt/airflow/dags/S3_UPLOAD_BRONZE_DAG.py
[2026-06-07T22:25:06.422+0000] {processor.py:829} INFO - Processing file /opt/airflow/dags/S3_UPLOAD_BRONZE_DAG.py for tasks to queue
[2026-06-07T22:25:06.422+0000] {logging_mixin.py:154} INFO - [2026-06-07T22:25:06.422+0000] {dagbag.py:536} INFO - Filling up the DagBag from /opt/airflow/dags/S3_UPLOAD_BRONZE_DAG.py
[2026-06-07T22:25:06.441+0000] {processor.py:839} INFO - DAG(s) dict_keys(['daily_vulnerability_ingestion']) retrieved from /opt/airflow/dags/S3_UPLOAD_BRONZE_DAG.py
[2026-06-07T22:25:06.467+0000] {logging_mixin.py:154} INFO - [2026-06-07T22:25:06.467+0000] {dag.py:2941} INFO - Sync 1 DAGs
[2026-06-07T22:25:06.486+0000] {logging_mixin.py:154} INFO - [2026-06-07T22:25:06.486+0000] {dag.py:3722} INFO - Setting next_dagrun for daily_vulnerability_ingestion to 2026-06-07T14:52:05.384041+00:00, run_after=2026-06-08T14:52:05.384041+00:00
[2026-06-07T22:25:06.508+0000] {processor.py:179} INFO - Processing /opt/airflow/dags/S3_UPLOAD_BRONZE_DAG.py took 0.091 seconds
[2026-06-07T22:25:36.585+0000] {processor.py:157} INFO - Started process (PID=2095) to work on /opt/airflow/dags/S3_UPLOAD_BRONZE_DAG.py
[2026-06-07T22:25:36.586+0000] {processor.py:829} INFO - Processing file /opt/airflow/dags/S3_UPLOAD_BRONZE_DAG.py for tasks to queue
[2026-06-07T22:25:36.587+0000] {logging_mixin.py:154} INFO - [2026-06-07T22:25:36.587+0000] {dagbag.py:536} INFO - Filling up the DagBag from /opt/airflow/dags/S3_UPLOAD_BRONZE_DAG.py
[2026-06-07T22:25:36.603+0000] {processor.py:839} INFO - DAG(s) dict_keys(['daily_vulnerability_ingestion']) retrieved from /opt/airflow/dags/S3_UPLOAD_BRONZE_DAG.py
[2026-06-07T22:25:36.625+0000] {logging_mixin.py:154} INFO - [2026-06-07T22:25:36.624+0000] {dag.py:2941} INFO - Sync 1 DAGs
[2026-06-07T22:25:36.643+0000] {logging_mixin.py:154} INFO - [2026-06-07T22:25:36.642+0000] {dag.py:3722} INFO - Setting next_dagrun for daily_vulnerability_ingestion to 2026-06-07T14:52:05.384041+00:00, run_after=2026-06-08T14:52:05.384041+00:00
[2026-06-07T22:25:36.658+0000] {processor.py:179} INFO - Processing /opt/airflow/dags/S3_UPLOAD_BRONZE_DAG.py took 0.079 seconds
[2026-06-07T22:26:06.803+0000] {processor.py:157} INFO - Started process (PID=2100) to work on /opt/airflow/dags/S3_UPLOAD_BRONZE_DAG.py
[2026-06-07T22:26:06.803+0000] {processor.py:829} INFO - Processing file /opt/airflow/dags/S3_UPLOAD_BRONZE_DAG.py for tasks to queue
[2026-06-07T22:26:06.804+0000] {logging_mixin.py:154} INFO - [2026-06-07T22:26:06.804+0000] {dagbag.py:536} INFO - Filling up the DagBag from /opt/airflow/dags/S3_UPLOAD_BRONZE_DAG.py
[2026-06-07T22:26:06.817+0000] {processor.py:839} INFO - DAG(s) dict_keys(['daily_vulnerability_ingestion']) retrieved from /opt/airflow/dags/S3_UPLOAD_BRONZE_DAG.py
[2026-06-07T22:26:06.838+0000] {logging_mixin.py:154} INFO - [2026-06-07T22:26:06.838+0000] {dag.py:2941} INFO - Sync 1 DAGs
[2026-06-07T22:26:06.856+0000] {logging_mixin.py:154} INFO - [2026-06-07T22:26:06.856+0000] {dag.py:3722} INFO - Setting next_dagrun for daily_vulnerability_ingestion to 2026-06-07T14:52:05.384041+00:00, run_after=2026-06-08T14:52:05.384041+00:00
[2026-06-07T22:26:06.871+0000] {processor.py:179} INFO - Processing /opt/airflow/dags/S3_UPLOAD_BRONZE_DAG.py took 0.071 seconds
[2026-06-07T22:26:36.964+0000] {processor.py:157} INFO - Started process (PID=2105) to work on /opt/airflow/dags/S3_UPLOAD_BRONZE_DAG.py
[2026-06-07T22:26:36.965+0000] {processor.py:829} INFO - Processing file /opt/airflow/dags/S3_UPLOAD_BRONZE_DAG.py for tasks to queue
[2026-06-07T22:26:36.966+0000] {logging_mixin.py:154} INFO - [2026-06-07T22:26:36.965+0000] {dagbag.py:536} INFO - Filling up the DagBag from /opt/airflow/dags/S3_UPLOAD_BRONZE_DAG.py
[2026-06-07T22:26:36.984+0000] {processor.py:839} INFO - DAG(s) dict_keys(['daily_vulnerability_ingestion']) retrieved from /opt/airflow/dags/S3_UPLOAD_BRONZE_DAG.py
[2026-06-07T22:26:37.005+0000] {logging_mixin.py:154} INFO - [2026-06-07T22:26:37.005+0000] {dag.py:2941} INFO - Sync 1 DAGs
[2026-06-07T22:26:37.025+0000] {logging_mixin.py:154} INFO - [2026-06-07T22:26:37.025+0000] {dag.py:3722} INFO - Setting next_dagrun for daily_vulnerability_ingestion to 2026-06-07T14:52:05.384041+00:00, run_after=2026-06-08T14:52:05.384041+00:00
[2026-06-07T22:26:37.038+0000] {processor.py:179} INFO - Processing /opt/airflow/dags/S3_UPLOAD_BRONZE_DAG.py took 0.078 seconds
[2026-06-07T22:27:07.151+0000] {processor.py:157} INFO - Started process (PID=2110) to work on /opt/airflow/dags/S3_UPLOAD_BRONZE_DAG.py
[2026-06-07T22:27:07.151+0000] {processor.py:829} INFO - Processing file /opt/airflow/dags/S3_UPLOAD_BRONZE_DAG.py for tasks to queue
[2026-06-07T22:27:07.152+0000] {logging_mixin.py:154} INFO - [2026-06-07T22:27:07.152+0000] {dagbag.py:536} INFO - Filling up the DagBag from /opt/airflow/dags/S3_UPLOAD_BRONZE_DAG.py
[2026-06-07T22:27:07.167+0000] {processor.py:839} INFO - DAG(s) dict_keys(['daily_vulnerability_ingestion']) retrieved from /opt/airflow/dags/S3_UPLOAD_BRONZE_DAG.py
[2026-06-07T22:27:07.193+0000] {logging_mixin.py:154} INFO - [2026-06-07T22:27:07.193+0000] {dag.py:2941} INFO - Sync 1 DAGs
[2026-06-07T22:27:07.216+0000] {logging_mixin.py:154} INFO - [2026-06-07T22:27:07.215+0000] {dag.py:3722} INFO - Setting next_dagrun for daily_vulnerability_ingestion to 2026-06-07T14:52:05.384041+00:00, run_after=2026-06-08T14:52:05.384041+00:00
[2026-06-07T22:27:07.231+0000] {processor.py:179} INFO - Processing /opt/airflow/dags/S3_UPLOAD_BRONZE_DAG.py took 0.085 seconds
[2026-06-07T22:27:37.326+0000] {processor.py:157} INFO - Started process (PID=2115) to work on /opt/airflow/dags/S3_UPLOAD_BRONZE_DAG.py
[2026-06-07T22:27:37.327+0000] {processor.py:829} INFO - Processing file /opt/airflow/dags/S3_UPLOAD_BRONZE_DAG.py for tasks to queue
[2026-06-07T22:27:37.328+0000] {logging_mixin.py:154} INFO - [2026-06-07T22:27:37.328+0000] {dagbag.py:536} INFO - Filling up the DagBag from /opt/airflow/dags/S3_UPLOAD_BRONZE_DAG.py
[2026-06-07T22:27:37.344+0000] {processor.py:839} INFO - DAG(s) dict_keys(['daily_vulnerability_ingestion']) retrieved from /opt/airflow/dags/S3_UPLOAD_BRONZE_DAG.py
[2026-06-07T22:27:37.370+0000] {logging_mixin.py:154} INFO - [2026-06-07T22:27:37.370+0000] {dag.py:2941} INFO - Sync 1 DAGs
[2026-06-07T22:27:37.390+0000] {logging_mixin.py:154} INFO - [2026-06-07T22:27:37.390+0000] {dag.py:3722} INFO - Setting next_dagrun for daily_vulnerability_ingestion to 2026-06-07T14:52:05.384041+00:00, run_after=2026-06-08T14:52:05.384041+00:00
[2026-06-07T22:27:37.406+0000] {processor.py:179} INFO - Processing /opt/airflow/dags/S3_UPLOAD_BRONZE_DAG.py took 0.086 seconds
[2026-06-07T22:28:07.507+0000] {processor.py:157} INFO - Started process (PID=2120) to work on /opt/airflow/dags/S3_UPLOAD_BRONZE_DAG.py
[2026-06-07T22:28:07.508+0000] {processor.py:829} INFO - Processing file /opt/airflow/dags/S3_UPLOAD_BRONZE_DAG.py for tasks to queue
[2026-06-07T22:28:07.509+0000] {logging_mixin.py:154} INFO - [2026-06-07T22:28:07.509+0000] {dagbag.py:536} INFO - Filling up the DagBag from /opt/airflow/dags/S3_UPLOAD_BRONZE_DAG.py
[2026-06-07T22:28:07.525+0000] {processor.py:839} INFO - DAG(s) dict_keys(['daily_vulnerability_ingestion']) retrieved from /opt/airflow/dags/S3_UPLOAD_BRONZE_DAG.py
[2026-06-07T22:28:07.548+0000] {logging_mixin.py:154} INFO - [2026-06-07T22:28:07.547+0000] {dag.py:2941} INFO - Sync 1 DAGs
[2026-06-07T22:28:07.565+0000] {logging_mixin.py:154} INFO - [2026-06-07T22:28:07.565+0000] {dag.py:3722} INFO - Setting next_dagrun for daily_vulnerability_ingestion to 2026-06-07T14:52:05.384041+00:00, run_after=2026-06-08T14:52:05.384041+00:00
[2026-06-07T22:28:07.581+0000] {processor.py:179} INFO - Processing /opt/airflow/dags/S3_UPLOAD_BRONZE_DAG.py took 0.076 seconds
[2026-06-07T22:28:37.674+0000] {processor.py:157} INFO - Started process (PID=2125) to work on /opt/airflow/dags/S3_UPLOAD_BRONZE_DAG.py
[2026-06-07T22:28:37.675+0000] {processor.py:829} INFO - Processing file /opt/airflow/dags/S3_UPLOAD_BRONZE_DAG.py for tasks to queue
[2026-06-07T22:28:37.676+0000] {logging_mixin.py:154} INFO - [2026-06-07T22:28:37.676+0000] {dagbag.py:536} INFO - Filling up the DagBag from /opt/airflow/dags/S3_UPLOAD_BRONZE_DAG.py
[2026-06-07T22:28:37.694+0000] {processor.py:839} INFO - DAG(s) dict_keys(['daily_vulnerability_ingestion']) retrieved from /opt/airflow/dags/S3_UPLOAD_BRONZE_DAG.py
[2026-06-07T22:28:37.716+0000] {logging_mixin.py:154} INFO - [2026-06-07T22:28:37.716+0000] {dag.py:2941} INFO - Sync 1 DAGs
[2026-06-07T22:28:37.740+0000] {logging_mixin.py:154} INFO - [2026-06-07T22:28:37.740+0000] {dag.py:3722} INFO - Setting next_dagrun for daily_vulnerability_ingestion to 2026-06-07T14:52:05.384041+00:00, run_after=2026-06-08T14:52:05.384041+00:00
[2026-06-07T22:28:37.759+0000] {processor.py:179} INFO - Processing /opt/airflow/dags/S3_UPLOAD_BRONZE_DAG.py took 0.089 seconds
[2026-06-07T22:29:07.822+0000] {processor.py:157} INFO - Started process (PID=2130) to work on /opt/airflow/dags/S3_UPLOAD_BRONZE_DAG.py
[2026-06-07T22:29:07.823+0000] {processor.py:829} INFO - Processing file /opt/airflow/dags/S3_UPLOAD_BRONZE_DAG.py for tasks to queue
[2026-06-07T22:29:07.824+0000] {logging_mixin.py:154} INFO - [2026-06-07T22:29:07.823+0000] {dagbag.py:536} INFO - Filling up the DagBag from /opt/airflow/dags/S3_UPLOAD_BRONZE_DAG.py
[2026-06-07T22:29:07.838+0000] {processor.py:839} INFO - DAG(s) dict_keys(['daily_vulnerability_ingestion']) retrieved from /opt/airflow/dags/S3_UPLOAD_BRONZE_DAG.py
[2026-06-07T22:29:07.863+0000] {logging_mixin.py:154} INFO - [2026-06-07T22:29:07.862+0000] {dag.py:2941} INFO - Sync 1 DAGs
[2026-06-07T22:29:07.884+0000] {logging_mixin.py:154} INFO - [2026-06-07T22:29:07.884+0000] {dag.py:3722} INFO - Setting next_dagrun for daily_vulnerability_ingestion to 2026-06-07T14:52:05.384041+00:00, run_after=2026-06-08T14:52:05.384041+00:00
[2026-06-07T22:29:07.898+0000] {processor.py:179} INFO - Processing /opt/airflow/dags/S3_UPLOAD_BRONZE_DAG.py took 0.080 seconds
[2026-06-07T22:29:38.030+0000] {processor.py:157} INFO - Started process (PID=2135) to work on /opt/airflow/dags/S3_UPLOAD_BRONZE_DAG.py
[2026-06-07T22:29:38.039+0000] {processor.py:829} INFO - Processing file /opt/airflow/dags/S3_UPLOAD_BRONZE_DAG.py for tasks to queue
[2026-06-07T22:29:38.040+0000] {logging_mixin.py:154} INFO - [2026-06-07T22:29:38.039+0000] {dagbag.py:536} INFO - Filling up the DagBag from /opt/airflow/dags/S3_UPLOAD_BRONZE_DAG.py
[2026-06-07T22:29:38.054+0000] {processor.py:839} INFO - DAG(s) dict_keys(['daily_vulnerability_ingestion']) retrieved from /opt/airflow/dags/S3_UPLOAD_BRONZE_DAG.py
[2026-06-07T22:29:38.074+0000] {logging_mixin.py:154} INFO - [2026-06-07T22:29:38.074+0000] {dag.py:2941} INFO - Sync 1 DAGs
[2026-06-07T22:29:38.092+0000] {logging_mixin.py:154} INFO - [2026-06-07T22:29:38.092+0000] {dag.py:3722} INFO - Setting next_dagrun for daily_vulnerability_ingestion to 2026-06-07T14:52:05.384041+00:00, run_after=2026-06-08T14:52:05.384041+00:00
[2026-06-07T22:29:38.105+0000] {processor.py:179} INFO - Processing /opt/airflow/dags/S3_UPLOAD_BRONZE_DAG.py took 0.080 seconds
[2026-06-07T22:30:08.181+0000] {processor.py:157} INFO - Started process (PID=2140) to work on /opt/airflow/dags/S3_UPLOAD_BRONZE_DAG.py
[2026-06-07T22:30:08.182+0000] {processor.py:829} INFO - Processing file /opt/airflow/dags/S3_UPLOAD_BRONZE_DAG.py for tasks to queue
[2026-06-07T22:30:08.184+0000] {logging_mixin.py:154} INFO - [2026-06-07T22:30:08.183+0000] {dagbag.py:536} INFO - Filling up the DagBag from /opt/airflow/dags/S3_UPLOAD_BRONZE_DAG.py
[2026-06-07T22:30:08.200+0000] {processor.py:839} INFO - DAG(s) dict_keys(['daily_vulnerability_ingestion']) retrieved from /opt/airflow/dags/S3_UPLOAD_BRONZE_DAG.py
[2026-06-07T22:30:08.226+0000] {logging_mixin.py:154} INFO - [2026-06-07T22:30:08.226+0000] {dag.py:2941} INFO - Sync 1 DAGs
[2026-06-07T22:30:08.245+0000] {logging_mixin.py:154} INFO - [2026-06-07T22:30:08.245+0000] {dag.py:3722} INFO - Setting next_dagrun for daily_vulnerability_ingestion to 2026-06-07T14:52:05.384041+00:00, run_after=2026-06-08T14:52:05.384041+00:00
[2026-06-07T22:30:08.260+0000] {processor.py:179} INFO - Processing /opt/airflow/dags/S3_UPLOAD_BRONZE_DAG.py took 0.085 seconds
[2026-06-07T22:30:38.392+0000] {processor.py:157} INFO - Started process (PID=2145) to work on /opt/airflow/dags/S3_UPLOAD_BRONZE_DAG.py
[2026-06-07T22:30:38.392+0000] {processor.py:829} INFO - Processing file /opt/airflow/dags/S3_UPLOAD_BRONZE_DAG.py for tasks to queue
[2026-06-07T22:30:38.393+0000] {logging_mixin.py:154} INFO - [2026-06-07T22:30:38.393+0000] {dagbag.py:536} INFO - Filling up the DagBag from /opt/airflow/dags/S3_UPLOAD_BRONZE_DAG.py
[2026-06-07T22:30:38.409+0000] {processor.py:839} INFO - DAG(s) dict_keys(['daily_vulnerability_ingestion']) retrieved from /opt/airflow/dags/S3_UPLOAD_BRONZE_DAG.py
[2026-06-07T22:30:38.430+0000] {logging_mixin.py:154} INFO - [2026-06-07T22:30:38.429+0000] {dag.py:2941} INFO - Sync 1 DAGs
[2026-06-07T22:30:38.446+0000] {logging_mixin.py:154} INFO - [2026-06-07T22:30:38.446+0000] {dag.py:3722} INFO - Setting next_dagrun for daily_vulnerability_ingestion to 2026-06-07T14:52:05.384041+00:00, run_after=2026-06-08T14:52:05.384041+00:00
[2026-06-07T22:30:38.461+0000] {processor.py:179} INFO - Processing /opt/airflow/dags/S3_UPLOAD_BRONZE_DAG.py took 0.074 seconds
[2026-06-07T22:31:08.562+0000] {processor.py:157} INFO - Started process (PID=2150) to work on /opt/airflow/dags/S3_UPLOAD_BRONZE_DAG.py
[2026-06-07T22:31:08.571+0000] {processor.py:829} INFO - Processing file /opt/airflow/dags/S3_UPLOAD_BRONZE_DAG.py for tasks to queue
[2026-06-07T22:31:08.571+0000] {logging_mixin.py:154} INFO - [2026-06-07T22:31:08.571+0000] {dagbag.py:536} INFO - Filling up the DagBag from /opt/airflow/dags/S3_UPLOAD_BRONZE_DAG.py
[2026-06-07T22:31:08.587+0000] {processor.py:839} INFO - DAG(s) dict_keys(['daily_vulnerability_ingestion']) retrieved from /opt/airflow/dags/S3_UPLOAD_BRONZE_DAG.py
[2026-06-07T22:31:08.607+0000] {logging_mixin.py:154} INFO - [2026-06-07T22:31:08.607+0000] {dag.py:2941} INFO - Sync 1 DAGs
[2026-06-07T22:31:08.625+0000] {logging_mixin.py:154} INFO - [2026-06-07T22:31:08.625+0000] {dag.py:3722} INFO - Setting next_dagrun for daily_vulnerability_ingestion to 2026-06-07T14:52:05.384041+00:00, run_after=2026-06-08T14:52:05.384041+00:00
[2026-06-07T22:31:08.638+0000] {processor.py:179} INFO - Processing /opt/airflow/dags/S3_UPLOAD_BRONZE_DAG.py took 0.081 seconds
[2026-06-07T22:31:38.752+0000] {processor.py:157} INFO - Started process (PID=2175) to work on /opt/airflow/dags/S3_UPLOAD_BRONZE_DAG.py
[2026-06-07T22:31:38.753+0000] {processor.py:829} INFO - Processing file /opt/airflow/dags/S3_UPLOAD_BRONZE_DAG.py for tasks to queue
[2026-06-07T22:31:38.754+0000] {logging_mixin.py:154} INFO - [2026-06-07T22:31:38.753+0000] {dagbag.py:536} INFO - Filling up the DagBag from /opt/airflow/dags/S3_UPLOAD_BRONZE_DAG.py
[2026-06-07T22:31:38.768+0000] {processor.py:839} INFO - DAG(s) dict_keys(['daily_vulnerability_ingestion']) retrieved from /opt/airflow/dags/S3_UPLOAD_BRONZE_DAG.py
[2026-06-07T22:31:38.792+0000] {logging_mixin.py:154} INFO - [2026-06-07T22:31:38.792+0000] {dag.py:2941} INFO - Sync 1 DAGs
[2026-06-07T22:31:38.810+0000] {logging_mixin.py:154} INFO - [2026-06-07T22:31:38.810+0000] {dag.py:3722} INFO - Setting next_dagrun for daily_vulnerability_ingestion to 2026-06-07T14:52:05.384041+00:00, run_after=2026-06-08T14:52:05.384041+00:00
[2026-06-07T22:31:38.914+0000] {processor.py:179} INFO - Processing /opt/airflow/dags/S3_UPLOAD_BRONZE_DAG.py took 0.165 seconds
[2026-06-07T22:32:09.104+0000] {processor.py:157} INFO - Started process (PID=2180) to work on /opt/airflow/dags/S3_UPLOAD_BRONZE_DAG.py
[2026-06-07T22:32:09.115+0000] {processor.py:829} INFO - Processing file /opt/airflow/dags/S3_UPLOAD_BRONZE_DAG.py for tasks to queue
[2026-06-07T22:32:09.117+0000] {logging_mixin.py:154} INFO - [2026-06-07T22:32:09.116+0000] {dagbag.py:536} INFO - Filling up the DagBag from /opt/airflow/dags/S3_UPLOAD_BRONZE_DAG.py
[2026-06-07T22:32:09.146+0000] {processor.py:839} INFO - DAG(s) dict_keys(['daily_vulnerability_ingestion']) retrieved from /opt/airflow/dags/S3_UPLOAD_BRONZE_DAG.py
[2026-06-07T22:32:09.179+0000] {logging_mixin.py:154} INFO - [2026-06-07T22:32:09.179+0000] {dag.py:2941} INFO - Sync 1 DAGs
[2026-06-07T22:32:09.207+0000] {logging_mixin.py:154} INFO - [2026-06-07T22:32:09.206+0000] {dag.py:3722} INFO - Setting next_dagrun for daily_vulnerability_ingestion to 2026-06-07T14:52:05.384041+00:00, run_after=2026-06-08T14:52:05.384041+00:00
[2026-06-07T22:32:09.226+0000] {processor.py:179} INFO - Processing /opt/airflow/dags/S3_UPLOAD_BRONZE_DAG.py took 0.137 seconds
[2026-06-07T22:32:39.263+0000] {processor.py:157} INFO - Started process (PID=2185) to work on /opt/airflow/dags/S3_UPLOAD_BRONZE_DAG.py
[2026-06-07T22:32:39.264+0000] {processor.py:829} INFO - Processing file /opt/airflow/dags/S3_UPLOAD_BRONZE_DAG.py for tasks to queue
[2026-06-07T22:32:39.265+0000] {logging_mixin.py:154} INFO - [2026-06-07T22:32:39.265+0000] {dagbag.py:536} INFO - Filling up the DagBag from /opt/airflow/dags/S3_UPLOAD_BRONZE_DAG.py
[2026-06-07T22:32:39.278+0000] {processor.py:839} INFO - DAG(s) dict_keys(['daily_vulnerability_ingestion']) retrieved from /opt/airflow/dags/S3_UPLOAD_BRONZE_DAG.py
[2026-06-07T22:32:39.300+0000] {logging_mixin.py:154} INFO - [2026-06-07T22:32:39.300+0000] {dag.py:2941} INFO - Sync 1 DAGs
[2026-06-07T22:32:39.404+0000] {logging_mixin.py:154} INFO - [2026-06-07T22:32:39.404+0000] {dag.py:3722} INFO - Setting next_dagrun for daily_vulnerability_ingestion to 2026-06-07T14:52:05.384041+00:00, run_after=2026-06-08T14:52:05.384041+00:00
[2026-06-07T22:32:39.424+0000] {processor.py:179} INFO - Processing /opt/airflow/dags/S3_UPLOAD_BRONZE_DAG.py took 0.165 seconds
[2026-06-07T22:33:09.548+0000] {processor.py:157} INFO - Started process (PID=2190) to work on /opt/airflow/dags/S3_UPLOAD_BRONZE_DAG.py
[2026-06-07T22:33:09.557+0000] {processor.py:829} INFO - Processing file /opt/airflow/dags/S3_UPLOAD_BRONZE_DAG.py for tasks to queue
[2026-06-07T22:33:09.558+0000] {logging_mixin.py:154} INFO - [2026-06-07T22:33:09.557+0000] {dagbag.py:536} INFO - Filling up the DagBag from /opt/airflow/dags/S3_UPLOAD_BRONZE_DAG.py
[2026-06-07T22:33:09.570+0000] {processor.py:839} INFO - DAG(s) dict_keys(['daily_vulnerability_ingestion']) retrieved from /opt/airflow/dags/S3_UPLOAD_BRONZE_DAG.py
[2026-06-07T22:33:09.590+0000] {logging_mixin.py:154} INFO - [2026-06-07T22:33:09.590+0000] {dag.py:2941} INFO - Sync 1 DAGs
[2026-06-07T22:33:09.607+0000] {logging_mixin.py:154} INFO - [2026-06-07T22:33:09.606+0000] {dag.py:3722} INFO - Setting next_dagrun for daily_vulnerability_ingestion to 2026-06-07T14:52:05.384041+00:00, run_after=2026-06-08T14:52:05.384041+00:00
[2026-06-07T22:33:09.621+0000] {processor.py:179} INFO - Processing /opt/airflow/dags/S3_UPLOAD_BRONZE_DAG.py took 0.077 seconds
[2026-06-07T22:33:39.813+0000] {processor.py:157} INFO - Started process (PID=2195) to work on /opt/airflow/dags/S3_UPLOAD_BRONZE_DAG.py
[2026-06-07T22:33:39.815+0000] {processor.py:829} INFO - Processing file /opt/airflow/dags/S3_UPLOAD_BRONZE_DAG.py for tasks to queue
[2026-06-07T22:33:39.819+0000] {logging_mixin.py:154} INFO - [2026-06-07T22:33:39.818+0000] {dagbag.py:536} INFO - Filling up the DagBag from /opt/airflow/dags/S3_UPLOAD_BRONZE_DAG.py
[2026-06-07T22:33:39.852+0000] {processor.py:839} INFO - DAG(s) dict_keys(['daily_vulnerability_ingestion']) retrieved from /opt/airflow/dags/S3_UPLOAD_BRONZE_DAG.py
[2026-06-07T22:33:39.879+0000] {logging_mixin.py:154} INFO - [2026-06-07T22:33:39.879+0000] {dag.py:2941} INFO - Sync 1 DAGs
[2026-06-07T22:33:39.988+0000] {logging_mixin.py:154} INFO - [2026-06-07T22:33:39.988+0000] {dag.py:3722} INFO - Setting next_dagrun for daily_vulnerability_ingestion to 2026-06-07T14:52:05.384041+00:00, run_after=2026-06-08T14:52:05.384041+00:00
[2026-06-07T22:33:40.010+0000] {processor.py:179} INFO - Processing /opt/airflow/dags/S3_UPLOAD_BRONZE_DAG.py took 0.208 seconds
[2026-06-07T22:34:10.264+0000] {processor.py:157} INFO - Started process (PID=2208) to work on /opt/airflow/dags/S3_UPLOAD_BRONZE_DAG.py
[2026-06-07T22:34:10.273+0000] {processor.py:829} INFO - Processing file /opt/airflow/dags/S3_UPLOAD_BRONZE_DAG.py for tasks to queue
[2026-06-07T22:34:10.273+0000] {logging_mixin.py:154} INFO - [2026-06-07T22:34:10.273+0000] {dagbag.py:536} INFO - Filling up the DagBag from /opt/airflow/dags/S3_UPLOAD_BRONZE_DAG.py
[2026-06-07T22:34:10.286+0000] {processor.py:839} INFO - DAG(s) dict_keys(['daily_vulnerability_ingestion']) retrieved from /opt/airflow/dags/S3_UPLOAD_BRONZE_DAG.py
[2026-06-07T22:34:10.309+0000] {logging_mixin.py:154} INFO - [2026-06-07T22:34:10.309+0000] {dag.py:2941} INFO - Sync 1 DAGs
[2026-06-07T22:34:10.332+0000] {logging_mixin.py:154} INFO - [2026-06-07T22:34:10.331+0000] {dag.py:3722} INFO - Setting next_dagrun for daily_vulnerability_ingestion to 2026-06-07T14:52:05.384041+00:00, run_after=2026-06-08T14:52:05.384041+00:00
[2026-06-07T22:34:10.348+0000] {processor.py:179} INFO - Processing /opt/airflow/dags/S3_UPLOAD_BRONZE_DAG.py took 0.087 seconds
[2026-06-07T22:34:40.416+0000] {processor.py:157} INFO - Started process (PID=2217) to work on /opt/airflow/dags/S3_UPLOAD_BRONZE_DAG.py
[2026-06-07T22:34:40.417+0000] {processor.py:829} INFO - Processing file /opt/airflow/dags/S3_UPLOAD_BRONZE_DAG.py for tasks to queue
[2026-06-07T22:34:40.418+0000] {logging_mixin.py:154} INFO - [2026-06-07T22:34:40.418+0000] {dagbag.py:536} INFO - Filling up the DagBag from /opt/airflow/dags/S3_UPLOAD_BRONZE_DAG.py
[2026-06-07T22:34:40.440+0000] {processor.py:839} INFO - DAG(s) dict_keys(['daily_vulnerability_ingestion']) retrieved from /opt/airflow/dags/S3_UPLOAD_BRONZE_DAG.py
[2026-06-07T22:34:40.464+0000] {logging_mixin.py:154} INFO - [2026-06-07T22:34:40.464+0000] {dag.py:2941} INFO - Sync 1 DAGs
[2026-06-07T22:34:40.483+0000] {logging_mixin.py:154} INFO - [2026-06-07T22:34:40.482+0000] {dag.py:3722} INFO - Setting next_dagrun for daily_vulnerability_ingestion to 2026-06-07T14:52:05.384041+00:00, run_after=2026-06-08T14:52:05.384041+00:00
[2026-06-07T22:34:40.497+0000] {processor.py:179} INFO - Processing /opt/airflow/dags/S3_UPLOAD_BRONZE_DAG.py took 0.086 seconds
[2026-06-07T22:35:10.608+0000] {processor.py:157} INFO - Started process (PID=2222) to work on /opt/airflow/dags/S3_UPLOAD_BRONZE_DAG.py
[2026-06-07T22:35:10.616+0000] {processor.py:829} INFO - Processing file /opt/airflow/dags/S3_UPLOAD_BRONZE_DAG.py for tasks to queue
[2026-06-07T22:35:10.617+0000] {logging_mixin.py:154} INFO - [2026-06-07T22:35:10.617+0000] {dagbag.py:536} INFO - Filling up the DagBag from /opt/airflow/dags/S3_UPLOAD_BRONZE_DAG.py
[2026-06-07T22:35:10.631+0000] {processor.py:839} INFO - DAG(s) dict_keys(['daily_vulnerability_ingestion']) retrieved from /opt/airflow/dags/S3_UPLOAD_BRONZE_DAG.py
[2026-06-07T22:35:10.653+0000] {logging_mixin.py:154} INFO - [2026-06-07T22:35:10.653+0000] {dag.py:2941} INFO - Sync 1 DAGs
[2026-06-07T22:35:10.671+0000] {logging_mixin.py:154} INFO - [2026-06-07T22:35:10.671+0000] {dag.py:3722} INFO - Setting next_dagrun for daily_vulnerability_ingestion to 2026-06-07T14:52:05.384041+00:00, run_after=2026-06-08T14:52:05.384041+00:00
[2026-06-07T22:35:10.684+0000] {processor.py:179} INFO - Processing /opt/airflow/dags/S3_UPLOAD_BRONZE_DAG.py took 0.080 seconds
[2026-06-07T22:35:40.781+0000] {processor.py:157} INFO - Started process (PID=2227) to work on /opt/airflow/dags/S3_UPLOAD_BRONZE_DAG.py
[2026-06-07T22:35:40.783+0000] {processor.py:829} INFO - Processing file /opt/airflow/dags/S3_UPLOAD_BRONZE_DAG.py for tasks to queue
[2026-06-07T22:35:40.783+0000] {logging_mixin.py:154} INFO - [2026-06-07T22:35:40.783+0000] {dagbag.py:536} INFO - Filling up the DagBag from /opt/airflow/dags/S3_UPLOAD_BRONZE_DAG.py
[2026-06-07T22:35:40.797+0000] {processor.py:839} INFO - DAG(s) dict_keys(['daily_vulnerability_ingestion']) retrieved from /opt/airflow/dags/S3_UPLOAD_BRONZE_DAG.py
[2026-06-07T22:35:40.819+0000] {logging_mixin.py:154} INFO - [2026-06-07T22:35:40.819+0000] {dag.py:2941} INFO - Sync 1 DAGs
[2026-06-07T22:35:40.836+0000] {logging_mixin.py:154} INFO - [2026-06-07T22:35:40.836+0000] {dag.py:3722} INFO - Setting next_dagrun for daily_vulnerability_ingestion to 2026-06-07T14:52:05.384041+00:00, run_after=2026-06-08T14:52:05.384041+00:00
[2026-06-07T22:35:40.850+0000] {processor.py:179} INFO - Processing /opt/airflow/dags/S3_UPLOAD_BRONZE_DAG.py took 0.072 seconds
[2026-06-07T22:36:10.973+0000] {processor.py:157} INFO - Started process (PID=2232) to work on /opt/airflow/dags/S3_UPLOAD_BRONZE_DAG.py
[2026-06-07T22:36:10.981+0000] {processor.py:829} INFO - Processing file /opt/airflow/dags/S3_UPLOAD_BRONZE_DAG.py for tasks to queue
[2026-06-07T22:36:10.982+0000] {logging_mixin.py:154} INFO - [2026-06-07T22:36:10.982+0000] {dagbag.py:536} INFO - Filling up the DagBag from /opt/airflow/dags/S3_UPLOAD_BRONZE_DAG.py
[2026-06-07T22:36:10.997+0000] {processor.py:839} INFO - DAG(s) dict_keys(['daily_vulnerability_ingestion']) retrieved from /opt/airflow/dags/S3_UPLOAD_BRONZE_DAG.py
[2026-06-07T22:36:11.019+0000] {logging_mixin.py:154} INFO - [2026-06-07T22:36:11.019+0000] {dag.py:2941} INFO - Sync 1 DAGs
[2026-06-07T22:36:11.035+0000] {logging_mixin.py:154} INFO - [2026-06-07T22:36:11.035+0000] {dag.py:3722} INFO - Setting next_dagrun for daily_vulnerability_ingestion to 2026-06-07T14:52:05.384041+00:00, run_after=2026-06-08T14:52:05.384041+00:00
[2026-06-07T22:36:11.047+0000] {processor.py:179} INFO - Processing /opt/airflow/dags/S3_UPLOAD_BRONZE_DAG.py took 0.079 seconds
[2026-06-07T22:36:41.158+0000] {processor.py:157} INFO - Started process (PID=2237) to work on /opt/airflow/dags/S3_UPLOAD_BRONZE_DAG.py
[2026-06-07T22:36:41.159+0000] {processor.py:829} INFO - Processing file /opt/airflow/dags/S3_UPLOAD_BRONZE_DAG.py for tasks to queue
[2026-06-07T22:36:41.160+0000] {logging_mixin.py:154} INFO - [2026-06-07T22:36:41.160+0000] {dagbag.py:536} INFO - Filling up the DagBag from /opt/airflow/dags/S3_UPLOAD_BRONZE_DAG.py
[2026-06-07T22:36:41.179+0000] {processor.py:839} INFO - DAG(s) dict_keys(['daily_vulnerability_ingestion']) retrieved from /opt/airflow/dags/S3_UPLOAD_BRONZE_DAG.py
[2026-06-07T22:36:41.200+0000] {logging_mixin.py:154} INFO - [2026-06-07T22:36:41.200+0000] {dag.py:2941} INFO - Sync 1 DAGs
[2026-06-07T22:36:41.218+0000] {logging_mixin.py:154} INFO - [2026-06-07T22:36:41.218+0000] {dag.py:3722} INFO - Setting next_dagrun for daily_vulnerability_ingestion to 2026-06-07T14:52:05.384041+00:00, run_after=2026-06-08T14:52:05.384041+00:00
[2026-06-07T22:36:41.231+0000] {processor.py:179} INFO - Processing /opt/airflow/dags/S3_UPLOAD_BRONZE_DAG.py took 0.078 seconds
[2026-06-07T22:37:11.348+0000] {processor.py:157} INFO - Started process (PID=2242) to work on /opt/airflow/dags/S3_UPLOAD_BRONZE_DAG.py
[2026-06-07T22:37:11.357+0000] {processor.py:829} INFO - Processing file /opt/airflow/dags/S3_UPLOAD_BRONZE_DAG.py for tasks to queue
[2026-06-07T22:37:11.358+0000] {logging_mixin.py:154} INFO - [2026-06-07T22:37:11.358+0000] {dagbag.py:536} INFO - Filling up the DagBag from /opt/airflow/dags/S3_UPLOAD_BRONZE_DAG.py
[2026-06-07T22:37:11.376+0000] {processor.py:839} INFO - DAG(s) dict_keys(['daily_vulnerability_ingestion']) retrieved from /opt/airflow/dags/S3_UPLOAD_BRONZE_DAG.py
[2026-06-07T22:37:11.398+0000] {logging_mixin.py:154} INFO - [2026-06-07T22:37:11.398+0000] {dag.py:2941} INFO - Sync 1 DAGs
[2026-06-07T22:37:11.417+0000] {logging_mixin.py:154} INFO - [2026-06-07T22:37:11.416+0000] {dag.py:3722} INFO - Setting next_dagrun for daily_vulnerability_ingestion to 2026-06-07T14:52:05.384041+00:00, run_after=2026-06-08T14:52:05.384041+00:00
[2026-06-07T22:37:11.430+0000] {processor.py:179} INFO - Processing /opt/airflow/dags/S3_UPLOAD_BRONZE_DAG.py took 0.087 seconds
[2026-06-07T22:37:41.538+0000] {processor.py:157} INFO - Started process (PID=2247) to work on /opt/airflow/dags/S3_UPLOAD_BRONZE_DAG.py
[2026-06-07T22:37:41.540+0000] {processor.py:829} INFO - Processing file /opt/airflow/dags/S3_UPLOAD_BRONZE_DAG.py for tasks to queue
[2026-06-07T22:37:41.540+0000] {logging_mixin.py:154} INFO - [2026-06-07T22:37:41.540+0000] {dagbag.py:536} INFO - Filling up the DagBag from /opt/airflow/dags/S3_UPLOAD_BRONZE_DAG.py
[2026-06-07T22:37:41.556+0000] {processor.py:839} INFO - DAG(s) dict_keys(['daily_vulnerability_ingestion']) retrieved from /opt/airflow/dags/S3_UPLOAD_BRONZE_DAG.py
[2026-06-07T22:37:41.577+0000] {logging_mixin.py:154} INFO - [2026-06-07T22:37:41.576+0000] {dag.py:2941} INFO - Sync 1 DAGs
[2026-06-07T22:37:41.595+0000] {logging_mixin.py:154} INFO - [2026-06-07T22:37:41.595+0000] {dag.py:3722} INFO - Setting next_dagrun for daily_vulnerability_ingestion to 2026-06-07T14:52:05.384041+00:00, run_after=2026-06-08T14:52:05.384041+00:00
[2026-06-07T22:37:41.610+0000] {processor.py:179} INFO - Processing /opt/airflow/dags/S3_UPLOAD_BRONZE_DAG.py took 0.076 seconds
[2026-06-07T22:38:11.716+0000] {processor.py:157} INFO - Started process (PID=2252) to work on /opt/airflow/dags/S3_UPLOAD_BRONZE_DAG.py
[2026-06-07T22:38:11.725+0000] {processor.py:829} INFO - Processing file /opt/airflow/dags/S3_UPLOAD_BRONZE_DAG.py for tasks to queue
[2026-06-07T22:38:11.726+0000] {logging_mixin.py:154} INFO - [2026-06-07T22:38:11.726+0000] {dagbag.py:536} INFO - Filling up the DagBag from /opt/airflow/dags/S3_UPLOAD_BRONZE_DAG.py
[2026-06-07T22:38:11.746+0000] {processor.py:839} INFO - DAG(s) dict_keys(['daily_vulnerability_ingestion']) retrieved from /opt/airflow/dags/S3_UPLOAD_BRONZE_DAG.py
[2026-06-07T22:38:11.769+0000] {logging_mixin.py:154} INFO - [2026-06-07T22:38:11.768+0000] {dag.py:2941} INFO - Sync 1 DAGs
[2026-06-07T22:38:11.786+0000] {logging_mixin.py:154} INFO - [2026-06-07T22:38:11.786+0000] {dag.py:3722} INFO - Setting next_dagrun for daily_vulnerability_ingestion to 2026-06-07T14:52:05.384041+00:00, run_after=2026-06-08T14:52:05.384041+00:00
[2026-06-07T22:38:11.803+0000] {processor.py:179} INFO - Processing /opt/airflow/dags/S3_UPLOAD_BRONZE_DAG.py took 0.090 seconds
[2026-06-07T22:38:41.904+0000] {processor.py:157} INFO - Started process (PID=2257) to work on /opt/airflow/dags/S3_UPLOAD_BRONZE_DAG.py
[2026-06-07T22:38:41.905+0000] {processor.py:829} INFO - Processing file /opt/airflow/dags/S3_UPLOAD_BRONZE_DAG.py for tasks to queue
[2026-06-07T22:38:41.905+0000] {logging_mixin.py:154} INFO - [2026-06-07T22:38:41.905+0000] {dagbag.py:536} INFO - Filling up the DagBag from /opt/airflow/dags/S3_UPLOAD_BRONZE_DAG.py
[2026-06-07T22:38:41.921+0000] {processor.py:839} INFO - DAG(s) dict_keys(['daily_vulnerability_ingestion']) retrieved from /opt/airflow/dags/S3_UPLOAD_BRONZE_DAG.py
[2026-06-07T22:38:41.943+0000] {logging_mixin.py:154} INFO - [2026-06-07T22:38:41.942+0000] {dag.py:2941} INFO - Sync 1 DAGs
[2026-06-07T22:38:41.962+0000] {logging_mixin.py:154} INFO - [2026-06-07T22:38:41.962+0000] {dag.py:3722} INFO - Setting next_dagrun for daily_vulnerability_ingestion to 2026-06-07T14:52:05.384041+00:00, run_after=2026-06-08T14:52:05.384041+00:00
[2026-06-07T22:38:41.974+0000] {processor.py:179} INFO - Processing /opt/airflow/dags/S3_UPLOAD_BRONZE_DAG.py took 0.074 seconds
[2026-06-07T22:39:12.083+0000] {processor.py:157} INFO - Started process (PID=2262) to work on /opt/airflow/dags/S3_UPLOAD_BRONZE_DAG.py
[2026-06-07T22:39:12.092+0000] {processor.py:829} INFO - Processing file /opt/airflow/dags/S3_UPLOAD_BRONZE_DAG.py for tasks to queue
[2026-06-07T22:39:12.094+0000] {logging_mixin.py:154} INFO - [2026-06-07T22:39:12.093+0000] {dagbag.py:536} INFO - Filling up the DagBag from /opt/airflow/dags/S3_UPLOAD_BRONZE_DAG.py
[2026-06-07T22:39:12.109+0000] {processor.py:839} INFO - DAG(s) dict_keys(['daily_vulnerability_ingestion']) retrieved from /opt/airflow/dags/S3_UPLOAD_BRONZE_DAG.py
[2026-06-07T22:39:12.132+0000] {logging_mixin.py:154} INFO - [2026-06-07T22:39:12.132+0000] {dag.py:2941} INFO - Sync 1 DAGs
[2026-06-07T22:39:12.150+0000] {logging_mixin.py:154} INFO - [2026-06-07T22:39:12.150+0000] {dag.py:3722} INFO - Setting next_dagrun for daily_vulnerability_ingestion to 2026-06-07T14:52:05.384041+00:00, run_after=2026-06-08T14:52:05.384041+00:00
[2026-06-07T22:39:12.167+0000] {processor.py:179} INFO - Processing /opt/airflow/dags/S3_UPLOAD_BRONZE_DAG.py took 0.088 seconds
[2026-06-07T22:39:42.268+0000] {processor.py:157} INFO - Started process (PID=2267) to work on /opt/airflow/dags/S3_UPLOAD_BRONZE_DAG.py
[2026-06-07T22:39:42.269+0000] {processor.py:829} INFO - Processing file /opt/airflow/dags/S3_UPLOAD_BRONZE_DAG.py for tasks to queue
[2026-06-07T22:39:42.270+0000] {logging_mixin.py:154} INFO - [2026-06-07T22:39:42.270+0000] {dagbag.py:536} INFO - Filling up the DagBag from /opt/airflow/dags/S3_UPLOAD_BRONZE_DAG.py
[2026-06-07T22:39:42.292+0000] {processor.py:839} INFO - DAG(s) dict_keys(['daily_vulnerability_ingestion']) retrieved from /opt/airflow/dags/S3_UPLOAD_BRONZE_DAG.py
[2026-06-07T22:39:42.316+0000] {logging_mixin.py:154} INFO - [2026-06-07T22:39:42.316+0000] {dag.py:2941} INFO - Sync 1 DAGs
[2026-06-07T22:39:42.334+0000] {logging_mixin.py:154} INFO - [2026-06-07T22:39:42.334+0000] {dag.py:3722} INFO - Setting next_dagrun for daily_vulnerability_ingestion to 2026-06-07T14:52:05.384041+00:00, run_after=2026-06-08T14:52:05.384041+00:00
[2026-06-07T22:39:42.347+0000] {processor.py:179} INFO - Processing /opt/airflow/dags/S3_UPLOAD_BRONZE_DAG.py took 0.085 seconds
[2026-06-07T22:40:12.485+0000] {processor.py:157} INFO - Started process (PID=2272) to work on /opt/airflow/dags/S3_UPLOAD_BRONZE_DAG.py
[2026-06-07T22:40:12.495+0000] {processor.py:829} INFO - Processing file /opt/airflow/dags/S3_UPLOAD_BRONZE_DAG.py for tasks to queue
[2026-06-07T22:40:12.496+0000] {logging_mixin.py:154} INFO - [2026-06-07T22:40:12.495+0000] {dagbag.py:536} INFO - Filling up the DagBag from /opt/airflow/dags/S3_UPLOAD_BRONZE_DAG.py
[2026-06-07T22:40:12.518+0000] {processor.py:839} INFO - DAG(s) dict_keys(['daily_vulnerability_ingestion']) retrieved from /opt/airflow/dags/S3_UPLOAD_BRONZE_DAG.py
[2026-06-07T22:40:12.542+0000] {logging_mixin.py:154} INFO - [2026-06-07T22:40:12.542+0000] {dag.py:2941} INFO - Sync 1 DAGs
[2026-06-07T22:40:12.561+0000] {logging_mixin.py:154} INFO - [2026-06-07T22:40:12.561+0000] {dag.py:3722} INFO - Setting next_dagrun for daily_vulnerability_ingestion to 2026-06-07T14:52:05.384041+00:00, run_after=2026-06-08T14:52:05.384041+00:00
[2026-06-07T22:40:12.576+0000] {processor.py:179} INFO - Processing /opt/airflow/dags/S3_UPLOAD_BRONZE_DAG.py took 0.098 seconds
[2026-06-07T22:40:42.672+0000] {processor.py:157} INFO - Started process (PID=2277) to work on /opt/airflow/dags/S3_UPLOAD_BRONZE_DAG.py
[2026-06-07T22:40:42.673+0000] {processor.py:829} INFO - Processing file /opt/airflow/dags/S3_UPLOAD_BRONZE_DAG.py for tasks to queue
[2026-06-07T22:40:42.674+0000] {logging_mixin.py:154} INFO - [2026-06-07T22:40:42.674+0000] {dagbag.py:536} INFO - Filling up the DagBag from /opt/airflow/dags/S3_UPLOAD_BRONZE_DAG.py
[2026-06-07T22:40:42.691+0000] {processor.py:839} INFO - DAG(s) dict_keys(['daily_vulnerability_ingestion']) retrieved from /opt/airflow/dags/S3_UPLOAD_BRONZE_DAG.py
[2026-06-07T22:40:42.712+0000] {logging_mixin.py:154} INFO - [2026-06-07T22:40:42.711+0000] {dag.py:2941} INFO - Sync 1 DAGs
[2026-06-07T22:40:42.732+0000] {logging_mixin.py:154} INFO - [2026-06-07T22:40:42.732+0000] {dag.py:3722} INFO - Setting next_dagrun for daily_vulnerability_ingestion to 2026-06-07T14:52:05.384041+00:00, run_after=2026-06-08T14:52:05.384041+00:00
[2026-06-07T22:40:42.745+0000] {processor.py:179} INFO - Processing /opt/airflow/dags/S3_UPLOAD_BRONZE_DAG.py took 0.078 seconds
[2026-06-07T22:41:12.866+0000] {processor.py:157} INFO - Started process (PID=2282) to work on /opt/airflow/dags/S3_UPLOAD_BRONZE_DAG.py
[2026-06-07T22:41:12.875+0000] {processor.py:829} INFO - Processing file /opt/airflow/dags/S3_UPLOAD_BRONZE_DAG.py for tasks to queue
[2026-06-07T22:41:12.876+0000] {logging_mixin.py:154} INFO - [2026-06-07T22:41:12.876+0000] {dagbag.py:536} INFO - Filling up the DagBag from /opt/airflow/dags/S3_UPLOAD_BRONZE_DAG.py
[2026-06-07T22:41:12.894+0000] {processor.py:839} INFO - DAG(s) dict_keys(['daily_vulnerability_ingestion']) retrieved from /opt/airflow/dags/S3_UPLOAD_BRONZE_DAG.py
[2026-06-07T22:41:12.914+0000] {logging_mixin.py:154} INFO - [2026-06-07T22:41:12.914+0000] {dag.py:2941} INFO - Sync 1 DAGs
[2026-06-07T22:41:12.931+0000] {logging_mixin.py:154} INFO - [2026-06-07T22:41:12.931+0000] {dag.py:3722} INFO - Setting next_dagrun for daily_vulnerability_ingestion to 2026-06-07T14:52:05.384041+00:00, run_after=2026-06-08T14:52:05.384041+00:00
[2026-06-07T22:41:12.943+0000] {processor.py:179} INFO - Processing /opt/airflow/dags/S3_UPLOAD_BRONZE_DAG.py took 0.082 seconds
[2026-06-07T22:41:42.983+0000] {processor.py:157} INFO - Started process (PID=2287) to work on /opt/airflow/dags/S3_UPLOAD_BRONZE_DAG.py
[2026-06-07T22:41:42.983+0000] {processor.py:829} INFO - Processing file /opt/airflow/dags/S3_UPLOAD_BRONZE_DAG.py for tasks to queue
[2026-06-07T22:41:42.984+0000] {logging_mixin.py:154} INFO - [2026-06-07T22:41:42.984+0000] {dagbag.py:536} INFO - Filling up the DagBag from /opt/airflow/dags/S3_UPLOAD_BRONZE_DAG.py
[2026-06-07T22:41:43.000+0000] {processor.py:839} INFO - DAG(s) dict_keys(['daily_vulnerability_ingestion']) retrieved from /opt/airflow/dags/S3_UPLOAD_BRONZE_DAG.py
[2026-06-07T22:41:43.024+0000] {logging_mixin.py:154} INFO - [2026-06-07T22:41:43.024+0000] {dag.py:2941} INFO - Sync 1 DAGs
[2026-06-07T22:41:43.043+0000] {logging_mixin.py:154} INFO - [2026-06-07T22:41:43.042+0000] {dag.py:3722} INFO - Setting next_dagrun for daily_vulnerability_ingestion to 2026-06-07T14:52:05.384041+00:00, run_after=2026-06-08T14:52:05.384041+00:00
[2026-06-07T22:41:43.057+0000] {processor.py:179} INFO - Processing /opt/airflow/dags/S3_UPLOAD_BRONZE_DAG.py took 0.077 seconds
[2026-06-07T22:42:13.188+0000] {processor.py:157} INFO - Started process (PID=2292) to work on /opt/airflow/dags/S3_UPLOAD_BRONZE_DAG.py
[2026-06-07T22:42:13.189+0000] {processor.py:829} INFO - Processing file /opt/airflow/dags/S3_UPLOAD_BRONZE_DAG.py for tasks to queue
[2026-06-07T22:42:13.190+0000] {logging_mixin.py:154} INFO - [2026-06-07T22:42:13.190+0000] {dagbag.py:536} INFO - Filling up the DagBag from /opt/airflow/dags/S3_UPLOAD_BRONZE_DAG.py
[2026-06-07T22:42:13.204+0000] {processor.py:839} INFO - DAG(s) dict_keys(['daily_vulnerability_ingestion']) retrieved from /opt/airflow/dags/S3_UPLOAD_BRONZE_DAG.py
[2026-06-07T22:42:13.224+0000] {logging_mixin.py:154} INFO - [2026-06-07T22:42:13.224+0000] {dag.py:2941} INFO - Sync 1 DAGs
[2026-06-07T22:42:13.242+0000] {logging_mixin.py:154} INFO - [2026-06-07T22:42:13.242+0000] {dag.py:3722} INFO - Setting next_dagrun for daily_vulnerability_ingestion to 2026-06-07T14:52:05.384041+00:00, run_after=2026-06-08T14:52:05.384041+00:00
[2026-06-07T22:42:13.256+0000] {processor.py:179} INFO - Processing /opt/airflow/dags/S3_UPLOAD_BRONZE_DAG.py took 0.071 seconds
[2026-06-07T22:42:43.351+0000] {processor.py:157} INFO - Started process (PID=2297) to work on /opt/airflow/dags/S3_UPLOAD_BRONZE_DAG.py
[2026-06-07T22:42:43.352+0000] {processor.py:829} INFO - Processing file /opt/airflow/dags/S3_UPLOAD_BRONZE_DAG.py for tasks to queue
[2026-06-07T22:42:43.353+0000] {logging_mixin.py:154} INFO - [2026-06-07T22:42:43.352+0000] {dagbag.py:536} INFO - Filling up the DagBag from /opt/airflow/dags/S3_UPLOAD_BRONZE_DAG.py
[2026-06-07T22:42:43.374+0000] {processor.py:839} INFO - DAG(s) dict_keys(['daily_vulnerability_ingestion']) retrieved from /opt/airflow/dags/S3_UPLOAD_BRONZE_DAG.py
[2026-06-07T22:42:43.397+0000] {logging_mixin.py:154} INFO - [2026-06-07T22:42:43.397+0000] {dag.py:2941} INFO - Sync 1 DAGs
[2026-06-07T22:42:43.415+0000] {logging_mixin.py:154} INFO - [2026-06-07T22:42:43.415+0000] {dag.py:3722} INFO - Setting next_dagrun for daily_vulnerability_ingestion to 2026-06-07T14:52:05.384041+00:00, run_after=2026-06-08T14:52:05.384041+00:00
[2026-06-07T22:42:43.429+0000] {processor.py:179} INFO - Processing /opt/airflow/dags/S3_UPLOAD_BRONZE_DAG.py took 0.084 seconds
[2026-06-07T22:43:13.525+0000] {processor.py:157} INFO - Started process (PID=2302) to work on /opt/airflow/dags/S3_UPLOAD_BRONZE_DAG.py
[2026-06-07T22:43:13.526+0000] {processor.py:829} INFO - Processing file /opt/airflow/dags/S3_UPLOAD_BRONZE_DAG.py for tasks to queue
[2026-06-07T22:43:13.527+0000] {logging_mixin.py:154} INFO - [2026-06-07T22:43:13.526+0000] {dagbag.py:536} INFO - Filling up the DagBag from /opt/airflow/dags/S3_UPLOAD_BRONZE_DAG.py
[2026-06-07T22:43:13.541+0000] {processor.py:839} INFO - DAG(s) dict_keys(['daily_vulnerability_ingestion']) retrieved from /opt/airflow/dags/S3_UPLOAD_BRONZE_DAG.py
[2026-06-07T22:43:13.561+0000] {logging_mixin.py:154} INFO - [2026-06-07T22:43:13.561+0000] {dag.py:2941} INFO - Sync 1 DAGs
[2026-06-07T22:43:13.579+0000] {logging_mixin.py:154} INFO - [2026-06-07T22:43:13.579+0000] {dag.py:3722} INFO - Setting next_dagrun for daily_vulnerability_ingestion to 2026-06-07T14:52:05.384041+00:00, run_after=2026-06-08T14:52:05.384041+00:00
[2026-06-07T22:43:13.592+0000] {processor.py:179} INFO - Processing /opt/airflow/dags/S3_UPLOAD_BRONZE_DAG.py took 0.069 seconds
[2026-06-07T22:43:43.708+0000] {processor.py:157} INFO - Started process (PID=2307) to work on /opt/airflow/dags/S3_UPLOAD_BRONZE_DAG.py
[2026-06-07T22:43:43.709+0000] {processor.py:829} INFO - Processing file /opt/airflow/dags/S3_UPLOAD_BRONZE_DAG.py for tasks to queue
[2026-06-07T22:43:43.710+0000] {logging_mixin.py:154} INFO - [2026-06-07T22:43:43.709+0000] {dagbag.py:536} INFO - Filling up the DagBag from /opt/airflow/dags/S3_UPLOAD_BRONZE_DAG.py
[2026-06-07T22:43:43.726+0000] {processor.py:839} INFO - DAG(s) dict_keys(['daily_vulnerability_ingestion']) retrieved from /opt/airflow/dags/S3_UPLOAD_BRONZE_DAG.py
[2026-06-07T22:43:43.751+0000] {logging_mixin.py:154} INFO - [2026-06-07T22:43:43.751+0000] {dag.py:2941} INFO - Sync 1 DAGs
[2026-06-07T22:43:43.770+0000] {logging_mixin.py:154} INFO - [2026-06-07T22:43:43.770+0000] {dag.py:3722} INFO - Setting next_dagrun for daily_vulnerability_ingestion to 2026-06-07T14:52:05.384041+00:00, run_after=2026-06-08T14:52:05.384041+00:00
[2026-06-07T22:43:43.789+0000] {processor.py:179} INFO - Processing /opt/airflow/dags/S3_UPLOAD_BRONZE_DAG.py took 0.084 seconds
[2026-06-07T22:44:13.893+0000] {processor.py:157} INFO - Started process (PID=2312) to work on /opt/airflow/dags/S3_UPLOAD_BRONZE_DAG.py
[2026-06-07T22:44:13.895+0000] {processor.py:829} INFO - Processing file /opt/airflow/dags/S3_UPLOAD_BRONZE_DAG.py for tasks to queue
[2026-06-07T22:44:13.896+0000] {logging_mixin.py:154} INFO - [2026-06-07T22:44:13.896+0000] {dagbag.py:536} INFO - Filling up the DagBag from /opt/airflow/dags/S3_UPLOAD_BRONZE_DAG.py
[2026-06-07T22:44:13.910+0000] {processor.py:839} INFO - DAG(s) dict_keys(['daily_vulnerability_ingestion']) retrieved from /opt/airflow/dags/S3_UPLOAD_BRONZE_DAG.py
[2026-06-07T22:44:13.932+0000] {logging_mixin.py:154} INFO - [2026-06-07T22:44:13.931+0000] {dag.py:2941} INFO - Sync 1 DAGs
[2026-06-07T22:44:13.950+0000] {logging_mixin.py:154} INFO - [2026-06-07T22:44:13.950+0000] {dag.py:3722} INFO - Setting next_dagrun for daily_vulnerability_ingestion to 2026-06-07T14:52:05.384041+00:00, run_after=2026-06-08T14:52:05.384041+00:00
[2026-06-07T22:44:13.964+0000] {processor.py:179} INFO - Processing /opt/airflow/dags/S3_UPLOAD_BRONZE_DAG.py took 0.075 seconds
[2026-06-07T22:44:44.079+0000] {processor.py:157} INFO - Started process (PID=2317) to work on /opt/airflow/dags/S3_UPLOAD_BRONZE_DAG.py
[2026-06-07T22:44:44.082+0000] {processor.py:829} INFO - Processing file /opt/airflow/dags/S3_UPLOAD_BRONZE_DAG.py for tasks to queue
[2026-06-07T22:44:44.084+0000] {logging_mixin.py:154} INFO - [2026-06-07T22:44:44.083+0000] {dagbag.py:536} INFO - Filling up the DagBag from /opt/airflow/dags/S3_UPLOAD_BRONZE_DAG.py
[2026-06-07T22:44:44.107+0000] {processor.py:839} INFO - DAG(s) dict_keys(['daily_vulnerability_ingestion']) retrieved from /opt/airflow/dags/S3_UPLOAD_BRONZE_DAG.py
[2026-06-07T22:44:44.132+0000] {logging_mixin.py:154} INFO - [2026-06-07T22:44:44.131+0000] {dag.py:2941} INFO - Sync 1 DAGs
[2026-06-07T22:44:44.153+0000] {logging_mixin.py:154} INFO - [2026-06-07T22:44:44.153+0000] {dag.py:3722} INFO - Setting next_dagrun for daily_vulnerability_ingestion to 2026-06-07T14:52:05.384041+00:00, run_after=2026-06-08T14:52:05.384041+00:00
[2026-06-07T22:44:44.168+0000] {processor.py:179} INFO - Processing /opt/airflow/dags/S3_UPLOAD_BRONZE_DAG.py took 0.093 seconds
[2026-06-07T22:45:14.329+0000] {processor.py:157} INFO - Started process (PID=2322) to work on /opt/airflow/dags/S3_UPLOAD_BRONZE_DAG.py
[2026-06-07T22:45:14.339+0000] {processor.py:829} INFO - Processing file /opt/airflow/dags/S3_UPLOAD_BRONZE_DAG.py for tasks to queue
[2026-06-07T22:45:14.340+0000] {logging_mixin.py:154} INFO - [2026-06-07T22:45:14.340+0000] {dagbag.py:536} INFO - Filling up the DagBag from /opt/airflow/dags/S3_UPLOAD_BRONZE_DAG.py
[2026-06-07T22:45:14.367+0000] {processor.py:839} INFO - DAG(s) dict_keys(['daily_vulnerability_ingestion']) retrieved from /opt/airflow/dags/S3_UPLOAD_BRONZE_DAG.py
[2026-06-07T22:45:14.394+0000] {logging_mixin.py:154} INFO - [2026-06-07T22:45:14.393+0000] {dag.py:2941} INFO - Sync 1 DAGs
[2026-06-07T22:45:14.417+0000] {logging_mixin.py:154} INFO - [2026-06-07T22:45:14.417+0000] {dag.py:3722} INFO - Setting next_dagrun for daily_vulnerability_ingestion to 2026-06-07T14:52:05.384041+00:00, run_after=2026-06-08T14:52:05.384041+00:00
[2026-06-07T22:45:14.436+0000] {processor.py:179} INFO - Processing /opt/airflow/dags/S3_UPLOAD_BRONZE_DAG.py took 0.120 seconds
[2026-06-07T22:45:44.624+0000] {processor.py:157} INFO - Started process (PID=2327) to work on /opt/airflow/dags/S3_UPLOAD_BRONZE_DAG.py
[2026-06-07T22:45:44.625+0000] {processor.py:829} INFO - Processing file /opt/airflow/dags/S3_UPLOAD_BRONZE_DAG.py for tasks to queue
[2026-06-07T22:45:44.626+0000] {logging_mixin.py:154} INFO - [2026-06-07T22:45:44.626+0000] {dagbag.py:536} INFO - Filling up the DagBag from /opt/airflow/dags/S3_UPLOAD_BRONZE_DAG.py
[2026-06-07T22:45:44.649+0000] {processor.py:839} INFO - DAG(s) dict_keys(['daily_vulnerability_ingestion']) retrieved from /opt/airflow/dags/S3_UPLOAD_BRONZE_DAG.py
[2026-06-07T22:45:44.675+0000] {logging_mixin.py:154} INFO - [2026-06-07T22:45:44.675+0000] {dag.py:2941} INFO - Sync 1 DAGs
[2026-06-07T22:45:44.695+0000] {logging_mixin.py:154} INFO - [2026-06-07T22:45:44.695+0000] {dag.py:3722} INFO - Setting next_dagrun for daily_vulnerability_ingestion to 2026-06-07T14:52:05.384041+00:00, run_after=2026-06-08T14:52:05.384041+00:00
[2026-06-07T22:45:44.707+0000] {processor.py:179} INFO - Processing /opt/airflow/dags/S3_UPLOAD_BRONZE_DAG.py took 0.088 seconds
[2026-06-07T22:46:14.842+0000] {processor.py:157} INFO - Started process (PID=2332) to work on /opt/airflow/dags/S3_UPLOAD_BRONZE_DAG.py
[2026-06-07T22:46:14.853+0000] {processor.py:829} INFO - Processing file /opt/airflow/dags/S3_UPLOAD_BRONZE_DAG.py for tasks to queue
[2026-06-07T22:46:14.857+0000] {logging_mixin.py:154} INFO - [2026-06-07T22:46:14.856+0000] {dagbag.py:536} INFO - Filling up the DagBag from /opt/airflow/dags/S3_UPLOAD_BRONZE_DAG.py
[2026-06-07T22:46:14.917+0000] {processor.py:839} INFO - DAG(s) dict_keys(['daily_vulnerability_ingestion']) retrieved from /opt/airflow/dags/S3_UPLOAD_BRONZE_DAG.py
[2026-06-07T22:46:14.966+0000] {logging_mixin.py:154} INFO - [2026-06-07T22:46:14.966+0000] {dag.py:2941} INFO - Sync 1 DAGs
[2026-06-07T22:46:14.988+0000] {logging_mixin.py:154} INFO - [2026-06-07T22:46:14.987+0000] {dag.py:3722} INFO - Setting next_dagrun for daily_vulnerability_ingestion to 2026-06-07T14:52:05.384041+00:00, run_after=2026-06-08T14:52:05.384041+00:00
[2026-06-07T22:46:15.018+0000] {processor.py:179} INFO - Processing /opt/airflow/dags/S3_UPLOAD_BRONZE_DAG.py took 0.187 seconds
[2026-06-07T22:46:45.089+0000] {processor.py:157} INFO - Started process (PID=2337) to work on /opt/airflow/dags/S3_UPLOAD_BRONZE_DAG.py
[2026-06-07T22:46:45.091+0000] {processor.py:829} INFO - Processing file /opt/airflow/dags/S3_UPLOAD_BRONZE_DAG.py for tasks to queue
[2026-06-07T22:46:45.093+0000] {logging_mixin.py:154} INFO - [2026-06-07T22:46:45.092+0000] {dagbag.py:536} INFO - Filling up the DagBag from /opt/airflow/dags/S3_UPLOAD_BRONZE_DAG.py
[2026-06-07T22:46:45.119+0000] {processor.py:839} INFO - DAG(s) dict_keys(['daily_vulnerability_ingestion']) retrieved from /opt/airflow/dags/S3_UPLOAD_BRONZE_DAG.py
[2026-06-07T22:46:45.146+0000] {logging_mixin.py:154} INFO - [2026-06-07T22:46:45.146+0000] {dag.py:2941} INFO - Sync 1 DAGs
[2026-06-07T22:46:45.167+0000] {logging_mixin.py:154} INFO - [2026-06-07T22:46:45.167+0000] {dag.py:3722} INFO - Setting next_dagrun for daily_vulnerability_ingestion to 2026-06-07T14:52:05.384041+00:00, run_after=2026-06-08T14:52:05.384041+00:00
[2026-06-07T22:46:45.183+0000] {processor.py:179} INFO - Processing /opt/airflow/dags/S3_UPLOAD_BRONZE_DAG.py took 0.101 seconds
[2026-06-07T22:47:15.372+0000] {processor.py:157} INFO - Started process (PID=2342) to work on /opt/airflow/dags/S3_UPLOAD_BRONZE_DAG.py
[2026-06-07T22:47:15.373+0000] {processor.py:829} INFO - Processing file /opt/airflow/dags/S3_UPLOAD_BRONZE_DAG.py for tasks to queue
[2026-06-07T22:47:15.374+0000] {logging_mixin.py:154} INFO - [2026-06-07T22:47:15.374+0000] {dagbag.py:536} INFO - Filling up the DagBag from /opt/airflow/dags/S3_UPLOAD_BRONZE_DAG.py
[2026-06-07T22:47:15.391+0000] {processor.py:839} INFO - DAG(s) dict_keys(['daily_vulnerability_ingestion']) retrieved from /opt/airflow/dags/S3_UPLOAD_BRONZE_DAG.py
[2026-06-07T22:47:15.411+0000] {logging_mixin.py:154} INFO - [2026-06-07T22:47:15.411+0000] {dag.py:2941} INFO - Sync 1 DAGs
[2026-06-07T22:47:15.431+0000] {logging_mixin.py:154} INFO - [2026-06-07T22:47:15.431+0000] {dag.py:3722} INFO - Setting next_dagrun for daily_vulnerability_ingestion to 2026-06-07T14:52:05.384041+00:00, run_after=2026-06-08T14:52:05.384041+00:00
[2026-06-07T22:47:15.445+0000] {processor.py:179} INFO - Processing /opt/airflow/dags/S3_UPLOAD_BRONZE_DAG.py took 0.078 seconds
[2026-06-07T22:47:45.579+0000] {processor.py:157} INFO - Started process (PID=2347) to work on /opt/airflow/dags/S3_UPLOAD_BRONZE_DAG.py
[2026-06-07T22:47:45.580+0000] {processor.py:829} INFO - Processing file /opt/airflow/dags/S3_UPLOAD_BRONZE_DAG.py for tasks to queue
[2026-06-07T22:47:45.580+0000] {logging_mixin.py:154} INFO - [2026-06-07T22:47:45.580+0000] {dagbag.py:536} INFO - Filling up the DagBag from /opt/airflow/dags/S3_UPLOAD_BRONZE_DAG.py
[2026-06-07T22:47:45.597+0000] {processor.py:839} INFO - DAG(s) dict_keys(['daily_vulnerability_ingestion']) retrieved from /opt/airflow/dags/S3_UPLOAD_BRONZE_DAG.py
[2026-06-07T22:47:45.620+0000] {logging_mixin.py:154} INFO - [2026-06-07T22:47:45.620+0000] {dag.py:2941} INFO - Sync 1 DAGs
[2026-06-07T22:47:45.638+0000] {logging_mixin.py:154} INFO - [2026-06-07T22:47:45.637+0000] {dag.py:3722} INFO - Setting next_dagrun for daily_vulnerability_ingestion to 2026-06-07T14:52:05.384041+00:00, run_after=2026-06-08T14:52:05.384041+00:00
[2026-06-07T22:47:45.652+0000] {processor.py:179} INFO - Processing /opt/airflow/dags/S3_UPLOAD_BRONZE_DAG.py took 0.078 seconds
[2026-06-07T22:48:15.827+0000] {processor.py:157} INFO - Started process (PID=2352) to work on /opt/airflow/dags/S3_UPLOAD_BRONZE_DAG.py
[2026-06-07T22:48:15.836+0000] {processor.py:829} INFO - Processing file /opt/airflow/dags/S3_UPLOAD_BRONZE_DAG.py for tasks to queue
[2026-06-07T22:48:15.837+0000] {logging_mixin.py:154} INFO - [2026-06-07T22:48:15.837+0000] {dagbag.py:536} INFO - Filling up the DagBag from /opt/airflow/dags/S3_UPLOAD_BRONZE_DAG.py
[2026-06-07T22:48:15.863+0000] {processor.py:839} INFO - DAG(s) dict_keys(['daily_vulnerability_ingestion']) retrieved from /opt/airflow/dags/S3_UPLOAD_BRONZE_DAG.py
[2026-06-07T22:48:15.896+0000] {logging_mixin.py:154} INFO - [2026-06-07T22:48:15.896+0000] {dag.py:2941} INFO - Sync 1 DAGs
[2026-06-07T22:48:15.920+0000] {logging_mixin.py:154} INFO - [2026-06-07T22:48:15.920+0000] {dag.py:3722} INFO - Setting next_dagrun for daily_vulnerability_ingestion to 2026-06-07T14:52:05.384041+00:00, run_after=2026-06-08T14:52:05.384041+00:00
[2026-06-07T22:48:15.939+0000] {processor.py:179} INFO - Processing /opt/airflow/dags/S3_UPLOAD_BRONZE_DAG.py took 0.117 seconds
[2026-06-07T22:48:46.023+0000] {processor.py:157} INFO - Started process (PID=2357) to work on /opt/airflow/dags/S3_UPLOAD_BRONZE_DAG.py
[2026-06-07T22:48:46.024+0000] {processor.py:829} INFO - Processing file /opt/airflow/dags/S3_UPLOAD_BRONZE_DAG.py for tasks to queue
[2026-06-07T22:48:46.025+0000] {logging_mixin.py:154} INFO - [2026-06-07T22:48:46.024+0000] {dagbag.py:536} INFO - Filling up the DagBag from /opt/airflow/dags/S3_UPLOAD_BRONZE_DAG.py
[2026-06-07T22:48:46.040+0000] {processor.py:839} INFO - DAG(s) dict_keys(['daily_vulnerability_ingestion']) retrieved from /opt/airflow/dags/S3_UPLOAD_BRONZE_DAG.py
[2026-06-07T22:48:46.063+0000] {logging_mixin.py:154} INFO - [2026-06-07T22:48:46.062+0000] {dag.py:2941} INFO - Sync 1 DAGs
[2026-06-07T22:48:46.080+0000] {logging_mixin.py:154} INFO - [2026-06-07T22:48:46.080+0000] {dag.py:3722} INFO - Setting next_dagrun for daily_vulnerability_ingestion to 2026-06-07T14:52:05.384041+00:00, run_after=2026-06-08T14:52:05.384041+00:00
[2026-06-07T22:48:46.096+0000] {processor.py:179} INFO - Processing /opt/airflow/dags/S3_UPLOAD_BRONZE_DAG.py took 0.079 seconds
[2026-06-07T22:49:16.310+0000] {processor.py:157} INFO - Started process (PID=2362) to work on /opt/airflow/dags/S3_UPLOAD_BRONZE_DAG.py
[2026-06-07T22:49:16.320+0000] {processor.py:829} INFO - Processing file /opt/airflow/dags/S3_UPLOAD_BRONZE_DAG.py for tasks to queue
[2026-06-07T22:49:16.323+0000] {logging_mixin.py:154} INFO - [2026-06-07T22:49:16.322+0000] {dagbag.py:536} INFO - Filling up the DagBag from /opt/airflow/dags/S3_UPLOAD_BRONZE_DAG.py
[2026-06-07T22:49:16.378+0000] {processor.py:839} INFO - DAG(s) dict_keys(['daily_vulnerability_ingestion']) retrieved from /opt/airflow/dags/S3_UPLOAD_BRONZE_DAG.py
[2026-06-07T22:49:16.429+0000] {logging_mixin.py:154} INFO - [2026-06-07T22:49:16.429+0000] {dag.py:2941} INFO - Sync 1 DAGs
[2026-06-07T22:49:16.471+0000] {logging_mixin.py:154} INFO - [2026-06-07T22:49:16.470+0000] {dag.py:3722} INFO - Setting next_dagrun for daily_vulnerability_ingestion to 2026-06-07T14:52:05.384041+00:00, run_after=2026-06-08T14:52:05.384041+00:00
[2026-06-07T22:49:16.507+0000] {processor.py:179} INFO - Processing /opt/airflow/dags/S3_UPLOAD_BRONZE_DAG.py took 0.209 seconds
[2026-06-07T22:49:46.703+0000] {processor.py:157} INFO - Started process (PID=2367) to work on /opt/airflow/dags/S3_UPLOAD_BRONZE_DAG.py
[2026-06-07T22:49:46.705+0000] {processor.py:829} INFO - Processing file /opt/airflow/dags/S3_UPLOAD_BRONZE_DAG.py for tasks to queue
[2026-06-07T22:49:46.706+0000] {logging_mixin.py:154} INFO - [2026-06-07T22:49:46.705+0000] {dagbag.py:536} INFO - Filling up the DagBag from /opt/airflow/dags/S3_UPLOAD_BRONZE_DAG.py
[2026-06-07T22:49:46.727+0000] {processor.py:839} INFO - DAG(s) dict_keys(['daily_vulnerability_ingestion']) retrieved from /opt/airflow/dags/S3_UPLOAD_BRONZE_DAG.py
[2026-06-07T22:49:46.749+0000] {logging_mixin.py:154} INFO - [2026-06-07T22:49:46.749+0000] {dag.py:2941} INFO - Sync 1 DAGs
[2026-06-07T22:49:46.769+0000] {logging_mixin.py:154} INFO - [2026-06-07T22:49:46.769+0000] {dag.py:3722} INFO - Setting next_dagrun for daily_vulnerability_ingestion to 2026-06-07T14:52:05.384041+00:00, run_after=2026-06-08T14:52:05.384041+00:00
[2026-06-07T22:49:46.788+0000] {processor.py:179} INFO - Processing /opt/airflow/dags/S3_UPLOAD_BRONZE_DAG.py took 0.089 seconds
[2026-06-07T22:50:16.877+0000] {processor.py:157} INFO - Started process (PID=2372) to work on /opt/airflow/dags/S3_UPLOAD_BRONZE_DAG.py
[2026-06-07T22:50:16.886+0000] {processor.py:829} INFO - Processing file /opt/airflow/dags/S3_UPLOAD_BRONZE_DAG.py for tasks to queue
[2026-06-07T22:50:16.887+0000] {logging_mixin.py:154} INFO - [2026-06-07T22:50:16.887+0000] {dagbag.py:536} INFO - Filling up the DagBag from /opt/airflow/dags/S3_UPLOAD_BRONZE_DAG.py
[2026-06-07T22:50:16.904+0000] {processor.py:839} INFO - DAG(s) dict_keys(['daily_vulnerability_ingestion']) retrieved from /opt/airflow/dags/S3_UPLOAD_BRONZE_DAG.py
[2026-06-07T22:50:16.928+0000] {logging_mixin.py:154} INFO - [2026-06-07T22:50:16.928+0000] {dag.py:2941} INFO - Sync 1 DAGs
[2026-06-07T22:50:16.945+0000] {logging_mixin.py:154} INFO - [2026-06-07T22:50:16.945+0000] {dag.py:3722} INFO - Setting next_dagrun for daily_vulnerability_ingestion to 2026-06-07T14:52:05.384041+00:00, run_after=2026-06-08T14:52:05.384041+00:00
[2026-06-07T22:50:16.960+0000] {processor.py:179} INFO - Processing /opt/airflow/dags/S3_UPLOAD_BRONZE_DAG.py took 0.087 seconds
[2026-06-07T22:50:47.228+0000] {processor.py:157} INFO - Started process (PID=2377) to work on /opt/airflow/dags/S3_UPLOAD_BRONZE_DAG.py
[2026-06-07T22:50:47.233+0000] {processor.py:829} INFO - Processing file /opt/airflow/dags/S3_UPLOAD_BRONZE_DAG.py for tasks to queue
[2026-06-07T22:50:47.234+0000] {logging_mixin.py:154} INFO - [2026-06-07T22:50:47.234+0000] {dagbag.py:536} INFO - Filling up the DagBag from /opt/airflow/dags/S3_UPLOAD_BRONZE_DAG.py
[2026-06-07T22:50:47.255+0000] {processor.py:839} INFO - DAG(s) dict_keys(['daily_vulnerability_ingestion']) retrieved from /opt/airflow/dags/S3_UPLOAD_BRONZE_DAG.py
[2026-06-07T22:50:47.288+0000] {logging_mixin.py:154} INFO - [2026-06-07T22:50:47.288+0000] {dag.py:2941} INFO - Sync 1 DAGs
[2026-06-07T22:50:47.312+0000] {logging_mixin.py:154} INFO - [2026-06-07T22:50:47.312+0000] {dag.py:3722} INFO - Setting next_dagrun for daily_vulnerability_ingestion to 2026-06-07T14:52:05.384041+00:00, run_after=2026-06-08T14:52:05.384041+00:00
[2026-06-07T22:50:47.332+0000] {processor.py:179} INFO - Processing /opt/airflow/dags/S3_UPLOAD_BRONZE_DAG.py took 0.112 seconds
[2026-06-07T22:51:17.425+0000] {processor.py:157} INFO - Started process (PID=2382) to work on /opt/airflow/dags/S3_UPLOAD_BRONZE_DAG.py
[2026-06-07T22:51:17.426+0000] {processor.py:829} INFO - Processing file /opt/airflow/dags/S3_UPLOAD_BRONZE_DAG.py for tasks to queue
[2026-06-07T22:51:17.427+0000] {logging_mixin.py:154} INFO - [2026-06-07T22:51:17.426+0000] {dagbag.py:536} INFO - Filling up the DagBag from /opt/airflow/dags/S3_UPLOAD_BRONZE_DAG.py
[2026-06-07T22:51:17.442+0000] {processor.py:839} INFO - DAG(s) dict_keys(['daily_vulnerability_ingestion']) retrieved from /opt/airflow/dags/S3_UPLOAD_BRONZE_DAG.py
[2026-06-07T22:51:17.467+0000] {logging_mixin.py:154} INFO - [2026-06-07T22:51:17.467+0000] {dag.py:2941} INFO - Sync 1 DAGs
[2026-06-07T22:51:17.487+0000] {logging_mixin.py:154} INFO - [2026-06-07T22:51:17.487+0000] {dag.py:3722} INFO - Setting next_dagrun for daily_vulnerability_ingestion to 2026-06-07T14:52:05.384041+00:00, run_after=2026-06-08T14:52:05.384041+00:00
[2026-06-07T22:51:17.503+0000] {processor.py:179} INFO - Processing /opt/airflow/dags/S3_UPLOAD_BRONZE_DAG.py took 0.083 seconds
[2026-06-07T22:51:47.688+0000] {processor.py:157} INFO - Started process (PID=2387) to work on /opt/airflow/dags/S3_UPLOAD_BRONZE_DAG.py
[2026-06-07T22:51:47.697+0000] {processor.py:829} INFO - Processing file /opt/airflow/dags/S3_UPLOAD_BRONZE_DAG.py for tasks to queue
[2026-06-07T22:51:47.698+0000] {logging_mixin.py:154} INFO - [2026-06-07T22:51:47.697+0000] {dagbag.py:536} INFO - Filling up the DagBag from /opt/airflow/dags/S3_UPLOAD_BRONZE_DAG.py
[2026-06-07T22:51:47.715+0000] {processor.py:839} INFO - DAG(s) dict_keys(['daily_vulnerability_ingestion']) retrieved from /opt/airflow/dags/S3_UPLOAD_BRONZE_DAG.py
[2026-06-07T22:51:47.735+0000] {logging_mixin.py:154} INFO - [2026-06-07T22:51:47.735+0000] {dag.py:2941} INFO - Sync 1 DAGs
[2026-06-07T22:51:47.754+0000] {logging_mixin.py:154} INFO - [2026-06-07T22:51:47.754+0000] {dag.py:3722} INFO - Setting next_dagrun for daily_vulnerability_ingestion to 2026-06-07T14:52:05.384041+00:00, run_after=2026-06-08T14:52:05.384041+00:00
[2026-06-07T22:51:47.768+0000] {processor.py:179} INFO - Processing /opt/airflow/dags/S3_UPLOAD_BRONZE_DAG.py took 0.084 seconds
[2026-06-07T22:52:17.904+0000] {processor.py:157} INFO - Started process (PID=2392) to work on /opt/airflow/dags/S3_UPLOAD_BRONZE_DAG.py
[2026-06-07T22:52:17.905+0000] {processor.py:829} INFO - Processing file /opt/airflow/dags/S3_UPLOAD_BRONZE_DAG.py for tasks to queue
[2026-06-07T22:52:17.906+0000] {logging_mixin.py:154} INFO - [2026-06-07T22:52:17.905+0000] {dagbag.py:536} INFO - Filling up the DagBag from /opt/airflow/dags/S3_UPLOAD_BRONZE_DAG.py
[2026-06-07T22:52:17.921+0000] {processor.py:839} INFO - DAG(s) dict_keys(['daily_vulnerability_ingestion']) retrieved from /opt/airflow/dags/S3_UPLOAD_BRONZE_DAG.py
[2026-06-07T22:52:17.946+0000] {logging_mixin.py:154} INFO - [2026-06-07T22:52:17.946+0000] {dag.py:2941} INFO - Sync 1 DAGs
[2026-06-07T22:52:17.964+0000] {logging_mixin.py:154} INFO - [2026-06-07T22:52:17.963+0000] {dag.py:3722} INFO - Setting next_dagrun for daily_vulnerability_ingestion to 2026-06-07T14:52:05.384041+00:00, run_after=2026-06-08T14:52:05.384041+00:00
[2026-06-07T22:52:17.979+0000] {processor.py:179} INFO - Processing /opt/airflow/dags/S3_UPLOAD_BRONZE_DAG.py took 0.079 seconds
[2026-06-07T22:52:48.171+0000] {processor.py:157} INFO - Started process (PID=2397) to work on /opt/airflow/dags/S3_UPLOAD_BRONZE_DAG.py
[2026-06-07T22:52:48.181+0000] {processor.py:829} INFO - Processing file /opt/airflow/dags/S3_UPLOAD_BRONZE_DAG.py for tasks to queue
[2026-06-07T22:52:48.184+0000] {logging_mixin.py:154} INFO - [2026-06-07T22:52:48.183+0000] {dagbag.py:536} INFO - Filling up the DagBag from /opt/airflow/dags/S3_UPLOAD_BRONZE_DAG.py
[2026-06-07T22:52:48.247+0000] {processor.py:839} INFO - DAG(s) dict_keys(['daily_vulnerability_ingestion']) retrieved from /opt/airflow/dags/S3_UPLOAD_BRONZE_DAG.py
[2026-06-07T22:52:48.311+0000] {logging_mixin.py:154} INFO - [2026-06-07T22:52:48.311+0000] {dag.py:2941} INFO - Sync 1 DAGs
[2026-06-07T22:52:48.338+0000] {logging_mixin.py:154} INFO - [2026-06-07T22:52:48.338+0000] {dag.py:3722} INFO - Setting next_dagrun for daily_vulnerability_ingestion to 2026-06-07T14:52:05.384041+00:00, run_after=2026-06-08T14:52:05.384041+00:00
[2026-06-07T22:52:48.361+0000] {processor.py:179} INFO - Processing /opt/airflow/dags/S3_UPLOAD_BRONZE_DAG.py took 0.201 seconds
[2026-06-07T22:53:18.578+0000] {processor.py:157} INFO - Started process (PID=2402) to work on /opt/airflow/dags/S3_UPLOAD_BRONZE_DAG.py
[2026-06-07T22:53:18.581+0000] {processor.py:829} INFO - Processing file /opt/airflow/dags/S3_UPLOAD_BRONZE_DAG.py for tasks to queue
[2026-06-07T22:53:18.585+0000] {logging_mixin.py:154} INFO - [2026-06-07T22:53:18.583+0000] {dagbag.py:536} INFO - Filling up the DagBag from /opt/airflow/dags/S3_UPLOAD_BRONZE_DAG.py
[2026-06-07T22:53:18.629+0000] {processor.py:839} INFO - DAG(s) dict_keys(['daily_vulnerability_ingestion']) retrieved from /opt/airflow/dags/S3_UPLOAD_BRONZE_DAG.py
[2026-06-07T22:53:18.662+0000] {logging_mixin.py:154} INFO - [2026-06-07T22:53:18.661+0000] {dag.py:2941} INFO - Sync 1 DAGs
[2026-06-07T22:53:18.681+0000] {logging_mixin.py:154} INFO - [2026-06-07T22:53:18.681+0000] {dag.py:3722} INFO - Setting next_dagrun for daily_vulnerability_ingestion to 2026-06-07T14:52:05.384041+00:00, run_after=2026-06-08T14:52:05.384041+00:00
[2026-06-07T22:53:18.699+0000] {processor.py:179} INFO - Processing /opt/airflow/dags/S3_UPLOAD_BRONZE_DAG.py took 0.132 seconds
[2026-06-07T22:53:48.737+0000] {processor.py:157} INFO - Started process (PID=2407) to work on /opt/airflow/dags/S3_UPLOAD_BRONZE_DAG.py
[2026-06-07T22:53:48.747+0000] {processor.py:829} INFO - Processing file /opt/airflow/dags/S3_UPLOAD_BRONZE_DAG.py for tasks to queue
[2026-06-07T22:53:48.748+0000] {logging_mixin.py:154} INFO - [2026-06-07T22:53:48.747+0000] {dagbag.py:536} INFO - Filling up the DagBag from /opt/airflow/dags/S3_UPLOAD_BRONZE_DAG.py
[2026-06-07T22:53:48.771+0000] {processor.py:839} INFO - DAG(s) dict_keys(['daily_vulnerability_ingestion']) retrieved from /opt/airflow/dags/S3_UPLOAD_BRONZE_DAG.py
[2026-06-07T22:53:48.798+0000] {logging_mixin.py:154} INFO - [2026-06-07T22:53:48.798+0000] {dag.py:2941} INFO - Sync 1 DAGs
[2026-06-07T22:53:48.818+0000] {logging_mixin.py:154} INFO - [2026-06-07T22:53:48.818+0000] {dag.py:3722} INFO - Setting next_dagrun for daily_vulnerability_ingestion to 2026-06-07T14:52:05.384041+00:00, run_after=2026-06-08T14:52:05.384041+00:00
[2026-06-07T22:53:48.833+0000] {processor.py:179} INFO - Processing /opt/airflow/dags/S3_UPLOAD_BRONZE_DAG.py took 0.100 seconds
[2026-06-07T22:54:18.923+0000] {processor.py:157} INFO - Started process (PID=2412) to work on /opt/airflow/dags/S3_UPLOAD_BRONZE_DAG.py
[2026-06-07T22:54:18.924+0000] {processor.py:829} INFO - Processing file /opt/airflow/dags/S3_UPLOAD_BRONZE_DAG.py for tasks to queue
[2026-06-07T22:54:18.925+0000] {logging_mixin.py:154} INFO - [2026-06-07T22:54:18.925+0000] {dagbag.py:536} INFO - Filling up the DagBag from /opt/airflow/dags/S3_UPLOAD_BRONZE_DAG.py
[2026-06-07T22:54:18.940+0000] {processor.py:839} INFO - DAG(s) dict_keys(['daily_vulnerability_ingestion']) retrieved from /opt/airflow/dags/S3_UPLOAD_BRONZE_DAG.py
[2026-06-07T22:54:18.961+0000] {logging_mixin.py:154} INFO - [2026-06-07T22:54:18.961+0000] {dag.py:2941} INFO - Sync 1 DAGs
[2026-06-07T22:54:18.980+0000] {logging_mixin.py:154} INFO - [2026-06-07T22:54:18.979+0000] {dag.py:3722} INFO - Setting next_dagrun for daily_vulnerability_ingestion to 2026-06-07T14:52:05.384041+00:00, run_after=2026-06-08T14:52:05.384041+00:00
[2026-06-07T22:54:18.995+0000] {processor.py:179} INFO - Processing /opt/airflow/dags/S3_UPLOAD_BRONZE_DAG.py took 0.076 seconds
[2026-06-07T22:54:49.160+0000] {processor.py:157} INFO - Started process (PID=2417) to work on /opt/airflow/dags/S3_UPLOAD_BRONZE_DAG.py
[2026-06-07T22:54:49.168+0000] {processor.py:829} INFO - Processing file /opt/airflow/dags/S3_UPLOAD_BRONZE_DAG.py for tasks to queue
[2026-06-07T22:54:49.169+0000] {logging_mixin.py:154} INFO - [2026-06-07T22:54:49.169+0000] {dagbag.py:536} INFO - Filling up the DagBag from /opt/airflow/dags/S3_UPLOAD_BRONZE_DAG.py
[2026-06-07T22:54:49.185+0000] {processor.py:839} INFO - DAG(s) dict_keys(['daily_vulnerability_ingestion']) retrieved from /opt/airflow/dags/S3_UPLOAD_BRONZE_DAG.py
[2026-06-07T22:54:49.208+0000] {logging_mixin.py:154} INFO - [2026-06-07T22:54:49.208+0000] {dag.py:2941} INFO - Sync 1 DAGs
[2026-06-07T22:54:49.226+0000] {logging_mixin.py:154} INFO - [2026-06-07T22:54:49.226+0000] {dag.py:3722} INFO - Setting next_dagrun for daily_vulnerability_ingestion to 2026-06-07T14:52:05.384041+00:00, run_after=2026-06-08T14:52:05.384041+00:00
[2026-06-07T22:54:49.242+0000] {processor.py:179} INFO - Processing /opt/airflow/dags/S3_UPLOAD_BRONZE_DAG.py took 0.086 seconds
[2026-06-07T22:55:19.330+0000] {processor.py:157} INFO - Started process (PID=2422) to work on /opt/airflow/dags/S3_UPLOAD_BRONZE_DAG.py
[2026-06-07T22:55:19.330+0000] {processor.py:829} INFO - Processing file /opt/airflow/dags/S3_UPLOAD_BRONZE_DAG.py for tasks to queue
[2026-06-07T22:55:19.331+0000] {logging_mixin.py:154} INFO - [2026-06-07T22:55:19.331+0000] {dagbag.py:536} INFO - Filling up the DagBag from /opt/airflow/dags/S3_UPLOAD_BRONZE_DAG.py
[2026-06-07T22:55:19.345+0000] {processor.py:839} INFO - DAG(s) dict_keys(['daily_vulnerability_ingestion']) retrieved from /opt/airflow/dags/S3_UPLOAD_BRONZE_DAG.py
[2026-06-07T22:55:19.368+0000] {logging_mixin.py:154} INFO - [2026-06-07T22:55:19.368+0000] {dag.py:2941} INFO - Sync 1 DAGs
[2026-06-07T22:55:19.385+0000] {logging_mixin.py:154} INFO - [2026-06-07T22:55:19.385+0000] {dag.py:3722} INFO - Setting next_dagrun for daily_vulnerability_ingestion to 2026-06-07T14:52:05.384041+00:00, run_after=2026-06-08T14:52:05.384041+00:00
[2026-06-07T22:55:19.399+0000] {processor.py:179} INFO - Processing /opt/airflow/dags/S3_UPLOAD_BRONZE_DAG.py took 0.073 seconds
[2026-06-07T22:55:49.574+0000] {processor.py:157} INFO - Started process (PID=2427) to work on /opt/airflow/dags/S3_UPLOAD_BRONZE_DAG.py
[2026-06-07T22:55:49.575+0000] {processor.py:829} INFO - Processing file /opt/airflow/dags/S3_UPLOAD_BRONZE_DAG.py for tasks to queue
[2026-06-07T22:55:49.576+0000] {logging_mixin.py:154} INFO - [2026-06-07T22:55:49.576+0000] {dagbag.py:536} INFO - Filling up the DagBag from /opt/airflow/dags/S3_UPLOAD_BRONZE_DAG.py
[2026-06-07T22:55:49.597+0000] {processor.py:839} INFO - DAG(s) dict_keys(['daily_vulnerability_ingestion']) retrieved from /opt/airflow/dags/S3_UPLOAD_BRONZE_DAG.py
[2026-06-07T22:55:49.620+0000] {logging_mixin.py:154} INFO - [2026-06-07T22:55:49.620+0000] {dag.py:2941} INFO - Sync 1 DAGs
[2026-06-07T22:55:49.637+0000] {logging_mixin.py:154} INFO - [2026-06-07T22:55:49.637+0000] {dag.py:3722} INFO - Setting next_dagrun for daily_vulnerability_ingestion to 2026-06-07T14:52:05.384041+00:00, run_after=2026-06-08T14:52:05.384041+00:00
[2026-06-07T22:55:49.655+0000] {processor.py:179} INFO - Processing /opt/airflow/dags/S3_UPLOAD_BRONZE_DAG.py took 0.085 seconds
[2026-06-07T22:56:19.711+0000] {processor.py:157} INFO - Started process (PID=2432) to work on /opt/airflow/dags/S3_UPLOAD_BRONZE_DAG.py
[2026-06-07T22:56:19.712+0000] {processor.py:829} INFO - Processing file /opt/airflow/dags/S3_UPLOAD_BRONZE_DAG.py for tasks to queue
[2026-06-07T22:56:19.713+0000] {logging_mixin.py:154} INFO - [2026-06-07T22:56:19.712+0000] {dagbag.py:536} INFO - Filling up the DagBag from /opt/airflow/dags/S3_UPLOAD_BRONZE_DAG.py
[2026-06-07T22:56:19.728+0000] {processor.py:839} INFO - DAG(s) dict_keys(['daily_vulnerability_ingestion']) retrieved from /opt/airflow/dags/S3_UPLOAD_BRONZE_DAG.py
[2026-06-07T22:56:19.753+0000] {logging_mixin.py:154} INFO - [2026-06-07T22:56:19.752+0000] {dag.py:2941} INFO - Sync 1 DAGs
[2026-06-07T22:56:19.771+0000] {logging_mixin.py:154} INFO - [2026-06-07T22:56:19.771+0000] {dag.py:3722} INFO - Setting next_dagrun for daily_vulnerability_ingestion to 2026-06-07T14:52:05.384041+00:00, run_after=2026-06-08T14:52:05.384041+00:00
[2026-06-07T22:56:19.788+0000] {processor.py:179} INFO - Processing /opt/airflow/dags/S3_UPLOAD_BRONZE_DAG.py took 0.079 seconds
[2026-06-07T22:56:49.952+0000] {processor.py:157} INFO - Started process (PID=2437) to work on /opt/airflow/dags/S3_UPLOAD_BRONZE_DAG.py
[2026-06-07T22:56:49.961+0000] {processor.py:829} INFO - Processing file /opt/airflow/dags/S3_UPLOAD_BRONZE_DAG.py for tasks to queue
[2026-06-07T22:56:49.963+0000] {logging_mixin.py:154} INFO - [2026-06-07T22:56:49.962+0000] {dagbag.py:536} INFO - Filling up the DagBag from /opt/airflow/dags/S3_UPLOAD_BRONZE_DAG.py
[2026-06-07T22:56:49.977+0000] {processor.py:839} INFO - DAG(s) dict_keys(['daily_vulnerability_ingestion']) retrieved from /opt/airflow/dags/S3_UPLOAD_BRONZE_DAG.py
[2026-06-07T22:56:50.003+0000] {logging_mixin.py:154} INFO - [2026-06-07T22:56:50.003+0000] {dag.py:2941} INFO - Sync 1 DAGs
[2026-06-07T22:56:50.022+0000] {logging_mixin.py:154} INFO - [2026-06-07T22:56:50.022+0000] {dag.py:3722} INFO - Setting next_dagrun for daily_vulnerability_ingestion to 2026-06-07T14:52:05.384041+00:00, run_after=2026-06-08T14:52:05.384041+00:00
[2026-06-07T22:56:50.037+0000] {processor.py:179} INFO - Processing /opt/airflow/dags/S3_UPLOAD_BRONZE_DAG.py took 0.091 seconds
[2026-06-07T22:57:20.141+0000] {processor.py:157} INFO - Started process (PID=2442) to work on /opt/airflow/dags/S3_UPLOAD_BRONZE_DAG.py
[2026-06-07T22:57:20.142+0000] {processor.py:829} INFO - Processing file /opt/airflow/dags/S3_UPLOAD_BRONZE_DAG.py for tasks to queue
[2026-06-07T22:57:20.143+0000] {logging_mixin.py:154} INFO - [2026-06-07T22:57:20.142+0000] {dagbag.py:536} INFO - Filling up the DagBag from /opt/airflow/dags/S3_UPLOAD_BRONZE_DAG.py
[2026-06-07T22:57:20.159+0000] {processor.py:839} INFO - DAG(s) dict_keys(['daily_vulnerability_ingestion']) retrieved from /opt/airflow/dags/S3_UPLOAD_BRONZE_DAG.py
[2026-06-07T22:57:20.181+0000] {logging_mixin.py:154} INFO - [2026-06-07T22:57:20.181+0000] {dag.py:2941} INFO - Sync 1 DAGs
[2026-06-07T22:57:20.201+0000] {logging_mixin.py:154} INFO - [2026-06-07T22:57:20.201+0000] {dag.py:3722} INFO - Setting next_dagrun for daily_vulnerability_ingestion to 2026-06-07T14:52:05.384041+00:00, run_after=2026-06-08T14:52:05.384041+00:00
[2026-06-07T22:57:20.214+0000] {processor.py:179} INFO - Processing /opt/airflow/dags/S3_UPLOAD_BRONZE_DAG.py took 0.078 seconds
[2026-06-07T22:57:50.371+0000] {processor.py:157} INFO - Started process (PID=2447) to work on /opt/airflow/dags/S3_UPLOAD_BRONZE_DAG.py
[2026-06-07T22:57:50.380+0000] {processor.py:829} INFO - Processing file /opt/airflow/dags/S3_UPLOAD_BRONZE_DAG.py for tasks to queue
[2026-06-07T22:57:50.381+0000] {logging_mixin.py:154} INFO - [2026-06-07T22:57:50.381+0000] {dagbag.py:536} INFO - Filling up the DagBag from /opt/airflow/dags/S3_UPLOAD_BRONZE_DAG.py
[2026-06-07T22:57:50.407+0000] {processor.py:839} INFO - DAG(s) dict_keys(['daily_vulnerability_ingestion']) retrieved from /opt/airflow/dags/S3_UPLOAD_BRONZE_DAG.py
[2026-06-07T22:57:50.429+0000] {logging_mixin.py:154} INFO - [2026-06-07T22:57:50.429+0000] {dag.py:2941} INFO - Sync 1 DAGs
[2026-06-07T22:57:50.449+0000] {logging_mixin.py:154} INFO - [2026-06-07T22:57:50.448+0000] {dag.py:3722} INFO - Setting next_dagrun for daily_vulnerability_ingestion to 2026-06-07T14:52:05.384041+00:00, run_after=2026-06-08T14:52:05.384041+00:00
[2026-06-07T22:57:50.464+0000] {processor.py:179} INFO - Processing /opt/airflow/dags/S3_UPLOAD_BRONZE_DAG.py took 0.098 seconds
[2026-06-07T22:58:20.571+0000] {processor.py:157} INFO - Started process (PID=2452) to work on /opt/airflow/dags/S3_UPLOAD_BRONZE_DAG.py
[2026-06-07T22:58:20.573+0000] {processor.py:829} INFO - Processing file /opt/airflow/dags/S3_UPLOAD_BRONZE_DAG.py for tasks to queue
[2026-06-07T22:58:20.574+0000] {logging_mixin.py:154} INFO - [2026-06-07T22:58:20.573+0000] {dagbag.py:536} INFO - Filling up the DagBag from /opt/airflow/dags/S3_UPLOAD_BRONZE_DAG.py
[2026-06-07T22:58:20.593+0000] {processor.py:839} INFO - DAG(s) dict_keys(['daily_vulnerability_ingestion']) retrieved from /opt/airflow/dags/S3_UPLOAD_BRONZE_DAG.py
[2026-06-07T22:58:20.615+0000] {logging_mixin.py:154} INFO - [2026-06-07T22:58:20.615+0000] {dag.py:2941} INFO - Sync 1 DAGs
[2026-06-07T22:58:20.633+0000] {logging_mixin.py:154} INFO - [2026-06-07T22:58:20.633+0000] {dag.py:3722} INFO - Setting next_dagrun for daily_vulnerability_ingestion to 2026-06-07T14:52:05.384041+00:00, run_after=2026-06-08T14:52:05.384041+00:00
[2026-06-07T22:58:20.650+0000] {processor.py:179} INFO - Processing /opt/airflow/dags/S3_UPLOAD_BRONZE_DAG.py took 0.085 seconds
[2026-06-07T22:58:50.818+0000] {processor.py:157} INFO - Started process (PID=2457) to work on /opt/airflow/dags/S3_UPLOAD_BRONZE_DAG.py
[2026-06-07T22:58:50.827+0000] {processor.py:829} INFO - Processing file /opt/airflow/dags/S3_UPLOAD_BRONZE_DAG.py for tasks to queue
[2026-06-07T22:58:50.828+0000] {logging_mixin.py:154} INFO - [2026-06-07T22:58:50.828+0000] {dagbag.py:536} INFO - Filling up the DagBag from /opt/airflow/dags/S3_UPLOAD_BRONZE_DAG.py
[2026-06-07T22:58:50.849+0000] {processor.py:839} INFO - DAG(s) dict_keys(['daily_vulnerability_ingestion']) retrieved from /opt/airflow/dags/S3_UPLOAD_BRONZE_DAG.py
[2026-06-07T22:58:50.872+0000] {logging_mixin.py:154} INFO - [2026-06-07T22:58:50.872+0000] {dag.py:2941} INFO - Sync 1 DAGs
[2026-06-07T22:58:50.890+0000] {logging_mixin.py:154} INFO - [2026-06-07T22:58:50.890+0000] {dag.py:3722} INFO - Setting next_dagrun for daily_vulnerability_ingestion to 2026-06-07T14:52:05.384041+00:00, run_after=2026-06-08T14:52:05.384041+00:00
[2026-06-07T22:58:50.905+0000] {processor.py:179} INFO - Processing /opt/airflow/dags/S3_UPLOAD_BRONZE_DAG.py took 0.091 seconds
[2026-06-07T22:59:20.995+0000] {processor.py:157} INFO - Started process (PID=2462) to work on /opt/airflow/dags/S3_UPLOAD_BRONZE_DAG.py
[2026-06-07T22:59:20.996+0000] {processor.py:829} INFO - Processing file /opt/airflow/dags/S3_UPLOAD_BRONZE_DAG.py for tasks to queue
[2026-06-07T22:59:20.997+0000] {logging_mixin.py:154} INFO - [2026-06-07T22:59:20.996+0000] {dagbag.py:536} INFO - Filling up the DagBag from /opt/airflow/dags/S3_UPLOAD_BRONZE_DAG.py
[2026-06-07T22:59:21.015+0000] {processor.py:839} INFO - DAG(s) dict_keys(['daily_vulnerability_ingestion']) retrieved from /opt/airflow/dags/S3_UPLOAD_BRONZE_DAG.py
[2026-06-07T22:59:21.039+0000] {logging_mixin.py:154} INFO - [2026-06-07T22:59:21.039+0000] {dag.py:2941} INFO - Sync 1 DAGs
[2026-06-07T22:59:21.059+0000] {logging_mixin.py:154} INFO - [2026-06-07T22:59:21.059+0000] {dag.py:3722} INFO - Setting next_dagrun for daily_vulnerability_ingestion to 2026-06-07T14:52:05.384041+00:00, run_after=2026-06-08T14:52:05.384041+00:00
[2026-06-07T22:59:21.075+0000] {processor.py:179} INFO - Processing /opt/airflow/dags/S3_UPLOAD_BRONZE_DAG.py took 0.085 seconds
[2026-06-07T22:59:51.258+0000] {processor.py:157} INFO - Started process (PID=2467) to work on /opt/airflow/dags/S3_UPLOAD_BRONZE_DAG.py
[2026-06-07T22:59:51.267+0000] {processor.py:829} INFO - Processing file /opt/airflow/dags/S3_UPLOAD_BRONZE_DAG.py for tasks to queue
[2026-06-07T22:59:51.267+0000] {logging_mixin.py:154} INFO - [2026-06-07T22:59:51.267+0000] {dagbag.py:536} INFO - Filling up the DagBag from /opt/airflow/dags/S3_UPLOAD_BRONZE_DAG.py
[2026-06-07T22:59:51.285+0000] {processor.py:839} INFO - DAG(s) dict_keys(['daily_vulnerability_ingestion']) retrieved from /opt/airflow/dags/S3_UPLOAD_BRONZE_DAG.py
[2026-06-07T22:59:51.306+0000] {logging_mixin.py:154} INFO - [2026-06-07T22:59:51.306+0000] {dag.py:2941} INFO - Sync 1 DAGs
[2026-06-07T22:59:51.324+0000] {logging_mixin.py:154} INFO - [2026-06-07T22:59:51.324+0000] {dag.py:3722} INFO - Setting next_dagrun for daily_vulnerability_ingestion to 2026-06-07T14:52:05.384041+00:00, run_after=2026-06-08T14:52:05.384041+00:00
[2026-06-07T22:59:51.337+0000] {processor.py:179} INFO - Processing /opt/airflow/dags/S3_UPLOAD_BRONZE_DAG.py took 0.084 seconds
[2026-06-07T23:00:21.439+0000] {processor.py:157} INFO - Started process (PID=2472) to work on /opt/airflow/dags/S3_UPLOAD_BRONZE_DAG.py
[2026-06-07T23:00:21.440+0000] {processor.py:829} INFO - Processing file /opt/airflow/dags/S3_UPLOAD_BRONZE_DAG.py for tasks to queue
[2026-06-07T23:00:21.441+0000] {logging_mixin.py:154} INFO - [2026-06-07T23:00:21.440+0000] {dagbag.py:536} INFO - Filling up the DagBag from /opt/airflow/dags/S3_UPLOAD_BRONZE_DAG.py
[2026-06-07T23:00:21.454+0000] {processor.py:839} INFO - DAG(s) dict_keys(['daily_vulnerability_ingestion']) retrieved from /opt/airflow/dags/S3_UPLOAD_BRONZE_DAG.py
[2026-06-07T23:00:21.475+0000] {logging_mixin.py:154} INFO - [2026-06-07T23:00:21.475+0000] {dag.py:2941} INFO - Sync 1 DAGs
[2026-06-07T23:00:21.495+0000] {logging_mixin.py:154} INFO - [2026-06-07T23:00:21.495+0000] {dag.py:3722} INFO - Setting next_dagrun for daily_vulnerability_ingestion to 2026-06-07T14:52:05.384041+00:00, run_after=2026-06-08T14:52:05.384041+00:00
[2026-06-07T23:00:21.509+0000] {processor.py:179} INFO - Processing /opt/airflow/dags/S3_UPLOAD_BRONZE_DAG.py took 0.073 seconds
[2026-06-07T23:00:51.729+0000] {processor.py:157} INFO - Started process (PID=2477) to work on /opt/airflow/dags/S3_UPLOAD_BRONZE_DAG.py
[2026-06-07T23:00:51.739+0000] {processor.py:829} INFO - Processing file /opt/airflow/dags/S3_UPLOAD_BRONZE_DAG.py for tasks to queue
[2026-06-07T23:00:51.742+0000] {logging_mixin.py:154} INFO - [2026-06-07T23:00:51.741+0000] {dagbag.py:536} INFO - Filling up the DagBag from /opt/airflow/dags/S3_UPLOAD_BRONZE_DAG.py
[2026-06-07T23:00:51.801+0000] {processor.py:839} INFO - DAG(s) dict_keys(['daily_vulnerability_ingestion']) retrieved from /opt/airflow/dags/S3_UPLOAD_BRONZE_DAG.py
[2026-06-07T23:00:51.848+0000] {logging_mixin.py:154} INFO - [2026-06-07T23:00:51.848+0000] {dag.py:2941} INFO - Sync 1 DAGs
[2026-06-07T23:00:51.879+0000] {logging_mixin.py:154} INFO - [2026-06-07T23:00:51.879+0000] {dag.py:3722} INFO - Setting next_dagrun for daily_vulnerability_ingestion to 2026-06-07T14:52:05.384041+00:00, run_after=2026-06-08T14:52:05.384041+00:00
[2026-06-07T23:00:51.904+0000] {processor.py:179} INFO - Processing /opt/airflow/dags/S3_UPLOAD_BRONZE_DAG.py took 0.187 seconds
[2026-06-07T23:01:22.078+0000] {processor.py:157} INFO - Started process (PID=2482) to work on /opt/airflow/dags/S3_UPLOAD_BRONZE_DAG.py
[2026-06-07T23:01:22.079+0000] {processor.py:829} INFO - Processing file /opt/airflow/dags/S3_UPLOAD_BRONZE_DAG.py for tasks to queue
[2026-06-07T23:01:22.080+0000] {logging_mixin.py:154} INFO - [2026-06-07T23:01:22.079+0000] {dagbag.py:536} INFO - Filling up the DagBag from /opt/airflow/dags/S3_UPLOAD_BRONZE_DAG.py
[2026-06-07T23:01:22.099+0000] {processor.py:839} INFO - DAG(s) dict_keys(['daily_vulnerability_ingestion']) retrieved from /opt/airflow/dags/S3_UPLOAD_BRONZE_DAG.py
[2026-06-07T23:01:22.121+0000] {logging_mixin.py:154} INFO - [2026-06-07T23:01:22.121+0000] {dag.py:2941} INFO - Sync 1 DAGs
[2026-06-07T23:01:22.139+0000] {logging_mixin.py:154} INFO - [2026-06-07T23:01:22.139+0000] {dag.py:3722} INFO - Setting next_dagrun for daily_vulnerability_ingestion to 2026-06-07T14:52:05.384041+00:00, run_after=2026-06-08T14:52:05.384041+00:00
[2026-06-07T23:01:22.153+0000] {processor.py:179} INFO - Processing /opt/airflow/dags/S3_UPLOAD_BRONZE_DAG.py took 0.081 seconds
[2026-06-07T23:01:52.253+0000] {processor.py:157} INFO - Started process (PID=2487) to work on /opt/airflow/dags/S3_UPLOAD_BRONZE_DAG.py
[2026-06-07T23:01:52.254+0000] {processor.py:829} INFO - Processing file /opt/airflow/dags/S3_UPLOAD_BRONZE_DAG.py for tasks to queue
[2026-06-07T23:01:52.255+0000] {logging_mixin.py:154} INFO - [2026-06-07T23:01:52.255+0000] {dagbag.py:536} INFO - Filling up the DagBag from /opt/airflow/dags/S3_UPLOAD_BRONZE_DAG.py
[2026-06-07T23:01:52.276+0000] {processor.py:839} INFO - DAG(s) dict_keys(['daily_vulnerability_ingestion']) retrieved from /opt/airflow/dags/S3_UPLOAD_BRONZE_DAG.py
[2026-06-07T23:01:52.299+0000] {logging_mixin.py:154} INFO - [2026-06-07T23:01:52.299+0000] {dag.py:2941} INFO - Sync 1 DAGs
[2026-06-07T23:01:52.319+0000] {logging_mixin.py:154} INFO - [2026-06-07T23:01:52.319+0000] {dag.py:3722} INFO - Setting next_dagrun for daily_vulnerability_ingestion to 2026-06-07T14:52:05.384041+00:00, run_after=2026-06-08T14:52:05.384041+00:00
[2026-06-07T23:01:52.426+0000] {processor.py:179} INFO - Processing /opt/airflow/dags/S3_UPLOAD_BRONZE_DAG.py took 0.179 seconds
[2026-06-07T23:02:22.520+0000] {processor.py:157} INFO - Started process (PID=2492) to work on /opt/airflow/dags/S3_UPLOAD_BRONZE_DAG.py
[2026-06-07T23:02:22.531+0000] {processor.py:829} INFO - Processing file /opt/airflow/dags/S3_UPLOAD_BRONZE_DAG.py for tasks to queue
[2026-06-07T23:02:22.533+0000] {logging_mixin.py:154} INFO - [2026-06-07T23:02:22.532+0000] {dagbag.py:536} INFO - Filling up the DagBag from /opt/airflow/dags/S3_UPLOAD_BRONZE_DAG.py
[2026-06-07T23:02:22.573+0000] {processor.py:839} INFO - DAG(s) dict_keys(['daily_vulnerability_ingestion']) retrieved from /opt/airflow/dags/S3_UPLOAD_BRONZE_DAG.py
[2026-06-07T23:02:22.605+0000] {logging_mixin.py:154} INFO - [2026-06-07T23:02:22.605+0000] {dag.py:2941} INFO - Sync 1 DAGs
[2026-06-07T23:02:22.629+0000] {logging_mixin.py:154} INFO - [2026-06-07T23:02:22.629+0000] {dag.py:3722} INFO - Setting next_dagrun for daily_vulnerability_ingestion to 2026-06-07T14:52:05.384041+00:00, run_after=2026-06-08T14:52:05.384041+00:00
[2026-06-07T23:02:22.644+0000] {processor.py:179} INFO - Processing /opt/airflow/dags/S3_UPLOAD_BRONZE_DAG.py took 0.138 seconds
[2026-06-07T23:02:52.770+0000] {processor.py:157} INFO - Started process (PID=2497) to work on /opt/airflow/dags/S3_UPLOAD_BRONZE_DAG.py
[2026-06-07T23:02:52.771+0000] {processor.py:829} INFO - Processing file /opt/airflow/dags/S3_UPLOAD_BRONZE_DAG.py for tasks to queue
[2026-06-07T23:02:52.771+0000] {logging_mixin.py:154} INFO - [2026-06-07T23:02:52.771+0000] {dagbag.py:536} INFO - Filling up the DagBag from /opt/airflow/dags/S3_UPLOAD_BRONZE_DAG.py
[2026-06-07T23:02:52.787+0000] {processor.py:839} INFO - DAG(s) dict_keys(['daily_vulnerability_ingestion']) retrieved from /opt/airflow/dags/S3_UPLOAD_BRONZE_DAG.py
[2026-06-07T23:02:52.808+0000] {logging_mixin.py:154} INFO - [2026-06-07T23:02:52.808+0000] {dag.py:2941} INFO - Sync 1 DAGs
[2026-06-07T23:02:52.828+0000] {logging_mixin.py:154} INFO - [2026-06-07T23:02:52.828+0000] {dag.py:3722} INFO - Setting next_dagrun for daily_vulnerability_ingestion to 2026-06-07T14:52:05.384041+00:00, run_after=2026-06-08T14:52:05.384041+00:00
[2026-06-07T23:02:52.841+0000] {processor.py:179} INFO - Processing /opt/airflow/dags/S3_UPLOAD_BRONZE_DAG.py took 0.076 seconds
[2026-06-07T23:03:22.991+0000] {processor.py:157} INFO - Started process (PID=2502) to work on /opt/airflow/dags/S3_UPLOAD_BRONZE_DAG.py
[2026-06-07T23:03:23.000+0000] {processor.py:829} INFO - Processing file /opt/airflow/dags/S3_UPLOAD_BRONZE_DAG.py for tasks to queue
[2026-06-07T23:03:23.001+0000] {logging_mixin.py:154} INFO - [2026-06-07T23:03:23.001+0000] {dagbag.py:536} INFO - Filling up the DagBag from /opt/airflow/dags/S3_UPLOAD_BRONZE_DAG.py
[2026-06-07T23:03:23.023+0000] {processor.py:839} INFO - DAG(s) dict_keys(['daily_vulnerability_ingestion']) retrieved from /opt/airflow/dags/S3_UPLOAD_BRONZE_DAG.py
[2026-06-07T23:03:23.044+0000] {logging_mixin.py:154} INFO - [2026-06-07T23:03:23.044+0000] {dag.py:2941} INFO - Sync 1 DAGs
[2026-06-07T23:03:23.062+0000] {logging_mixin.py:154} INFO - [2026-06-07T23:03:23.062+0000] {dag.py:3722} INFO - Setting next_dagrun for daily_vulnerability_ingestion to 2026-06-07T14:52:05.384041+00:00, run_after=2026-06-08T14:52:05.384041+00:00
[2026-06-07T23:03:23.077+0000] {processor.py:179} INFO - Processing /opt/airflow/dags/S3_UPLOAD_BRONZE_DAG.py took 0.091 seconds
[2026-06-07T23:03:53.198+0000] {processor.py:157} INFO - Started process (PID=2507) to work on /opt/airflow/dags/S3_UPLOAD_BRONZE_DAG.py
[2026-06-07T23:03:53.199+0000] {processor.py:829} INFO - Processing file /opt/airflow/dags/S3_UPLOAD_BRONZE_DAG.py for tasks to queue
[2026-06-07T23:03:53.200+0000] {logging_mixin.py:154} INFO - [2026-06-07T23:03:53.199+0000] {dagbag.py:536} INFO - Filling up the DagBag from /opt/airflow/dags/S3_UPLOAD_BRONZE_DAG.py
[2026-06-07T23:03:53.216+0000] {processor.py:839} INFO - DAG(s) dict_keys(['daily_vulnerability_ingestion']) retrieved from /opt/airflow/dags/S3_UPLOAD_BRONZE_DAG.py
[2026-06-07T23:03:53.236+0000] {logging_mixin.py:154} INFO - [2026-06-07T23:03:53.236+0000] {dag.py:2941} INFO - Sync 1 DAGs
[2026-06-07T23:03:53.342+0000] {logging_mixin.py:154} INFO - [2026-06-07T23:03:53.342+0000] {dag.py:3722} INFO - Setting next_dagrun for daily_vulnerability_ingestion to 2026-06-07T14:52:05.384041+00:00, run_after=2026-06-08T14:52:05.384041+00:00
[2026-06-07T23:03:53.367+0000] {processor.py:179} INFO - Processing /opt/airflow/dags/S3_UPLOAD_BRONZE_DAG.py took 0.173 seconds
[2026-06-07T23:04:23.493+0000] {processor.py:157} INFO - Started process (PID=2512) to work on /opt/airflow/dags/S3_UPLOAD_BRONZE_DAG.py
[2026-06-07T23:04:23.502+0000] {processor.py:829} INFO - Processing file /opt/airflow/dags/S3_UPLOAD_BRONZE_DAG.py for tasks to queue
[2026-06-07T23:04:23.503+0000] {logging_mixin.py:154} INFO - [2026-06-07T23:04:23.503+0000] {dagbag.py:536} INFO - Filling up the DagBag from /opt/airflow/dags/S3_UPLOAD_BRONZE_DAG.py
[2026-06-07T23:04:23.516+0000] {processor.py:839} INFO - DAG(s) dict_keys(['daily_vulnerability_ingestion']) retrieved from /opt/airflow/dags/S3_UPLOAD_BRONZE_DAG.py
[2026-06-07T23:04:23.536+0000] {logging_mixin.py:154} INFO - [2026-06-07T23:04:23.535+0000] {dag.py:2941} INFO - Sync 1 DAGs
[2026-06-07T23:04:23.553+0000] {logging_mixin.py:154} INFO - [2026-06-07T23:04:23.553+0000] {dag.py:3722} INFO - Setting next_dagrun for daily_vulnerability_ingestion to 2026-06-07T14:52:05.384041+00:00, run_after=2026-06-08T14:52:05.384041+00:00
[2026-06-07T23:04:23.568+0000] {processor.py:179} INFO - Processing /opt/airflow/dags/S3_UPLOAD_BRONZE_DAG.py took 0.078 seconds
[2026-06-07T23:04:53.764+0000] {processor.py:157} INFO - Started process (PID=2517) to work on /opt/airflow/dags/S3_UPLOAD_BRONZE_DAG.py
[2026-06-07T23:04:53.765+0000] {processor.py:829} INFO - Processing file /opt/airflow/dags/S3_UPLOAD_BRONZE_DAG.py for tasks to queue
[2026-06-07T23:04:53.765+0000] {logging_mixin.py:154} INFO - [2026-06-07T23:04:53.765+0000] {dagbag.py:536} INFO - Filling up the DagBag from /opt/airflow/dags/S3_UPLOAD_BRONZE_DAG.py
[2026-06-07T23:04:53.780+0000] {processor.py:839} INFO - DAG(s) dict_keys(['daily_vulnerability_ingestion']) retrieved from /opt/airflow/dags/S3_UPLOAD_BRONZE_DAG.py
[2026-06-07T23:04:53.802+0000] {logging_mixin.py:154} INFO - [2026-06-07T23:04:53.802+0000] {dag.py:2941} INFO - Sync 1 DAGs
[2026-06-07T23:04:53.822+0000] {logging_mixin.py:154} INFO - [2026-06-07T23:04:53.822+0000] {dag.py:3722} INFO - Setting next_dagrun for daily_vulnerability_ingestion to 2026-06-07T14:52:05.384041+00:00, run_after=2026-06-08T14:52:05.384041+00:00
[2026-06-07T23:04:53.837+0000] {processor.py:179} INFO - Processing /opt/airflow/dags/S3_UPLOAD_BRONZE_DAG.py took 0.077 seconds
[2026-06-07T23:05:23.958+0000] {processor.py:157} INFO - Started process (PID=2522) to work on /opt/airflow/dags/S3_UPLOAD_BRONZE_DAG.py
[2026-06-07T23:05:23.967+0000] {processor.py:829} INFO - Processing file /opt/airflow/dags/S3_UPLOAD_BRONZE_DAG.py for tasks to queue
[2026-06-07T23:05:23.968+0000] {logging_mixin.py:154} INFO - [2026-06-07T23:05:23.968+0000] {dagbag.py:536} INFO - Filling up the DagBag from /opt/airflow/dags/S3_UPLOAD_BRONZE_DAG.py
[2026-06-07T23:05:23.981+0000] {processor.py:839} INFO - DAG(s) dict_keys(['daily_vulnerability_ingestion']) retrieved from /opt/airflow/dags/S3_UPLOAD_BRONZE_DAG.py
[2026-06-07T23:05:24.003+0000] {logging_mixin.py:154} INFO - [2026-06-07T23:05:24.003+0000] {dag.py:2941} INFO - Sync 1 DAGs
[2026-06-07T23:05:24.023+0000] {logging_mixin.py:154} INFO - [2026-06-07T23:05:24.023+0000] {dag.py:3722} INFO - Setting next_dagrun for daily_vulnerability_ingestion to 2026-06-07T14:52:05.384041+00:00, run_after=2026-06-08T14:52:05.384041+00:00
[2026-06-07T23:05:24.039+0000] {processor.py:179} INFO - Processing /opt/airflow/dags/S3_UPLOAD_BRONZE_DAG.py took 0.084 seconds
[2026-06-07T23:05:54.215+0000] {processor.py:157} INFO - Started process (PID=2527) to work on /opt/airflow/dags/S3_UPLOAD_BRONZE_DAG.py
[2026-06-07T23:05:54.216+0000] {processor.py:829} INFO - Processing file /opt/airflow/dags/S3_UPLOAD_BRONZE_DAG.py for tasks to queue
[2026-06-07T23:05:54.217+0000] {logging_mixin.py:154} INFO - [2026-06-07T23:05:54.216+0000] {dagbag.py:536} INFO - Filling up the DagBag from /opt/airflow/dags/S3_UPLOAD_BRONZE_DAG.py
[2026-06-07T23:05:54.232+0000] {processor.py:839} INFO - DAG(s) dict_keys(['daily_vulnerability_ingestion']) retrieved from /opt/airflow/dags/S3_UPLOAD_BRONZE_DAG.py
[2026-06-07T23:05:54.255+0000] {logging_mixin.py:154} INFO - [2026-06-07T23:05:54.255+0000] {dag.py:2941} INFO - Sync 1 DAGs
[2026-06-07T23:05:54.271+0000] {logging_mixin.py:154} INFO - [2026-06-07T23:05:54.271+0000] {dag.py:3722} INFO - Setting next_dagrun for daily_vulnerability_ingestion to 2026-06-07T14:52:05.384041+00:00, run_after=2026-06-08T14:52:05.384041+00:00
[2026-06-07T23:05:54.286+0000] {processor.py:179} INFO - Processing /opt/airflow/dags/S3_UPLOAD_BRONZE_DAG.py took 0.075 seconds
[2026-06-07T23:06:24.391+0000] {processor.py:157} INFO - Started process (PID=2532) to work on /opt/airflow/dags/S3_UPLOAD_BRONZE_DAG.py
[2026-06-07T23:06:24.400+0000] {processor.py:829} INFO - Processing file /opt/airflow/dags/S3_UPLOAD_BRONZE_DAG.py for tasks to queue
[2026-06-07T23:06:24.401+0000] {logging_mixin.py:154} INFO - [2026-06-07T23:06:24.401+0000] {dagbag.py:536} INFO - Filling up the DagBag from /opt/airflow/dags/S3_UPLOAD_BRONZE_DAG.py
[2026-06-07T23:06:24.417+0000] {processor.py:839} INFO - DAG(s) dict_keys(['daily_vulnerability_ingestion']) retrieved from /opt/airflow/dags/S3_UPLOAD_BRONZE_DAG.py
[2026-06-07T23:06:24.446+0000] {logging_mixin.py:154} INFO - [2026-06-07T23:06:24.445+0000] {dag.py:2941} INFO - Sync 1 DAGs
[2026-06-07T23:06:24.468+0000] {logging_mixin.py:154} INFO - [2026-06-07T23:06:24.468+0000] {dag.py:3722} INFO - Setting next_dagrun for daily_vulnerability_ingestion to 2026-06-07T14:52:05.384041+00:00, run_after=2026-06-08T14:52:05.384041+00:00
[2026-06-07T23:06:24.484+0000] {processor.py:179} INFO - Processing /opt/airflow/dags/S3_UPLOAD_BRONZE_DAG.py took 0.096 seconds
[2026-06-07T23:06:54.667+0000] {processor.py:157} INFO - Started process (PID=2537) to work on /opt/airflow/dags/S3_UPLOAD_BRONZE_DAG.py
[2026-06-07T23:06:54.668+0000] {processor.py:829} INFO - Processing file /opt/airflow/dags/S3_UPLOAD_BRONZE_DAG.py for tasks to queue
[2026-06-07T23:06:54.669+0000] {logging_mixin.py:154} INFO - [2026-06-07T23:06:54.669+0000] {dagbag.py:536} INFO - Filling up the DagBag from /opt/airflow/dags/S3_UPLOAD_BRONZE_DAG.py
[2026-06-07T23:06:54.687+0000] {processor.py:839} INFO - DAG(s) dict_keys(['daily_vulnerability_ingestion']) retrieved from /opt/airflow/dags/S3_UPLOAD_BRONZE_DAG.py
[2026-06-07T23:06:54.709+0000] {logging_mixin.py:154} INFO - [2026-06-07T23:06:54.709+0000] {dag.py:2941} INFO - Sync 1 DAGs
[2026-06-07T23:06:54.729+0000] {logging_mixin.py:154} INFO - [2026-06-07T23:06:54.728+0000] {dag.py:3722} INFO - Setting next_dagrun for daily_vulnerability_ingestion to 2026-06-07T14:52:05.384041+00:00, run_after=2026-06-08T14:52:05.384041+00:00
[2026-06-07T23:06:54.744+0000] {processor.py:179} INFO - Processing /opt/airflow/dags/S3_UPLOAD_BRONZE_DAG.py took 0.081 seconds
[2026-06-07T23:07:24.858+0000] {processor.py:157} INFO - Started process (PID=2542) to work on /opt/airflow/dags/S3_UPLOAD_BRONZE_DAG.py
[2026-06-07T23:07:24.868+0000] {processor.py:829} INFO - Processing file /opt/airflow/dags/S3_UPLOAD_BRONZE_DAG.py for tasks to queue
[2026-06-07T23:07:24.868+0000] {logging_mixin.py:154} INFO - [2026-06-07T23:07:24.868+0000] {dagbag.py:536} INFO - Filling up the DagBag from /opt/airflow/dags/S3_UPLOAD_BRONZE_DAG.py
[2026-06-07T23:07:24.884+0000] {processor.py:839} INFO - DAG(s) dict_keys(['daily_vulnerability_ingestion']) retrieved from /opt/airflow/dags/S3_UPLOAD_BRONZE_DAG.py
[2026-06-07T23:07:24.906+0000] {logging_mixin.py:154} INFO - [2026-06-07T23:07:24.906+0000] {dag.py:2941} INFO - Sync 1 DAGs
[2026-06-07T23:07:24.925+0000] {logging_mixin.py:154} INFO - [2026-06-07T23:07:24.925+0000] {dag.py:3722} INFO - Setting next_dagrun for daily_vulnerability_ingestion to 2026-06-07T14:52:05.384041+00:00, run_after=2026-06-08T14:52:05.384041+00:00
[2026-06-07T23:07:24.940+0000] {processor.py:179} INFO - Processing /opt/airflow/dags/S3_UPLOAD_BRONZE_DAG.py took 0.086 seconds
[2026-06-07T23:07:55.103+0000] {processor.py:157} INFO - Started process (PID=2547) to work on /opt/airflow/dags/S3_UPLOAD_BRONZE_DAG.py
[2026-06-07T23:07:55.104+0000] {processor.py:829} INFO - Processing file /opt/airflow/dags/S3_UPLOAD_BRONZE_DAG.py for tasks to queue
[2026-06-07T23:07:55.104+0000] {logging_mixin.py:154} INFO - [2026-06-07T23:07:55.104+0000] {dagbag.py:536} INFO - Filling up the DagBag from /opt/airflow/dags/S3_UPLOAD_BRONZE_DAG.py
[2026-06-07T23:07:55.120+0000] {processor.py:839} INFO - DAG(s) dict_keys(['daily_vulnerability_ingestion']) retrieved from /opt/airflow/dags/S3_UPLOAD_BRONZE_DAG.py
[2026-06-07T23:07:55.139+0000] {logging_mixin.py:154} INFO - [2026-06-07T23:07:55.139+0000] {dag.py:2941} INFO - Sync 1 DAGs
[2026-06-07T23:07:55.157+0000] {logging_mixin.py:154} INFO - [2026-06-07T23:07:55.157+0000] {dag.py:3722} INFO - Setting next_dagrun for daily_vulnerability_ingestion to 2026-06-07T14:52:05.384041+00:00, run_after=2026-06-08T14:52:05.384041+00:00
[2026-06-07T23:07:55.177+0000] {processor.py:179} INFO - Processing /opt/airflow/dags/S3_UPLOAD_BRONZE_DAG.py took 0.078 seconds
[2026-06-07T23:08:25.286+0000] {processor.py:157} INFO - Started process (PID=2552) to work on /opt/airflow/dags/S3_UPLOAD_BRONZE_DAG.py
[2026-06-07T23:08:25.287+0000] {processor.py:829} INFO - Processing file /opt/airflow/dags/S3_UPLOAD_BRONZE_DAG.py for tasks to queue
[2026-06-07T23:08:25.289+0000] {logging_mixin.py:154} INFO - [2026-06-07T23:08:25.288+0000] {dagbag.py:536} INFO - Filling up the DagBag from /opt/airflow/dags/S3_UPLOAD_BRONZE_DAG.py
[2026-06-07T23:08:25.303+0000] {processor.py:839} INFO - DAG(s) dict_keys(['daily_vulnerability_ingestion']) retrieved from /opt/airflow/dags/S3_UPLOAD_BRONZE_DAG.py
[2026-06-07T23:08:25.323+0000] {logging_mixin.py:154} INFO - [2026-06-07T23:08:25.323+0000] {dag.py:2941} INFO - Sync 1 DAGs
[2026-06-07T23:08:25.340+0000] {logging_mixin.py:154} INFO - [2026-06-07T23:08:25.340+0000] {dag.py:3722} INFO - Setting next_dagrun for daily_vulnerability_ingestion to 2026-06-07T14:52:05.384041+00:00, run_after=2026-06-08T14:52:05.384041+00:00
[2026-06-07T23:08:25.356+0000] {processor.py:179} INFO - Processing /opt/airflow/dags/S3_UPLOAD_BRONZE_DAG.py took 0.075 seconds
[2026-06-07T23:08:55.516+0000] {processor.py:157} INFO - Started process (PID=2557) to work on /opt/airflow/dags/S3_UPLOAD_BRONZE_DAG.py
[2026-06-07T23:08:55.517+0000] {processor.py:829} INFO - Processing file /opt/airflow/dags/S3_UPLOAD_BRONZE_DAG.py for tasks to queue
[2026-06-07T23:08:55.518+0000] {logging_mixin.py:154} INFO - [2026-06-07T23:08:55.518+0000] {dagbag.py:536} INFO - Filling up the DagBag from /opt/airflow/dags/S3_UPLOAD_BRONZE_DAG.py
[2026-06-07T23:08:55.536+0000] {processor.py:839} INFO - DAG(s) dict_keys(['daily_vulnerability_ingestion']) retrieved from /opt/airflow/dags/S3_UPLOAD_BRONZE_DAG.py
[2026-06-07T23:08:55.557+0000] {logging_mixin.py:154} INFO - [2026-06-07T23:08:55.557+0000] {dag.py:2941} INFO - Sync 1 DAGs
[2026-06-07T23:08:55.575+0000] {logging_mixin.py:154} INFO - [2026-06-07T23:08:55.575+0000] {dag.py:3722} INFO - Setting next_dagrun for daily_vulnerability_ingestion to 2026-06-07T14:52:05.384041+00:00, run_after=2026-06-08T14:52:05.384041+00:00
[2026-06-07T23:08:55.588+0000] {processor.py:179} INFO - Processing /opt/airflow/dags/S3_UPLOAD_BRONZE_DAG.py took 0.078 seconds
[2026-06-07T23:09:25.701+0000] {processor.py:157} INFO - Started process (PID=2562) to work on /opt/airflow/dags/S3_UPLOAD_BRONZE_DAG.py
[2026-06-07T23:09:25.710+0000] {processor.py:829} INFO - Processing file /opt/airflow/dags/S3_UPLOAD_BRONZE_DAG.py for tasks to queue
[2026-06-07T23:09:25.711+0000] {logging_mixin.py:154} INFO - [2026-06-07T23:09:25.711+0000] {dagbag.py:536} INFO - Filling up the DagBag from /opt/airflow/dags/S3_UPLOAD_BRONZE_DAG.py
[2026-06-07T23:09:25.736+0000] {processor.py:839} INFO - DAG(s) dict_keys(['daily_vulnerability_ingestion']) retrieved from /opt/airflow/dags/S3_UPLOAD_BRONZE_DAG.py
[2026-06-07T23:09:25.759+0000] {logging_mixin.py:154} INFO - [2026-06-07T23:09:25.759+0000] {dag.py:2941} INFO - Sync 1 DAGs
[2026-06-07T23:09:25.776+0000] {logging_mixin.py:154} INFO - [2026-06-07T23:09:25.776+0000] {dag.py:3722} INFO - Setting next_dagrun for daily_vulnerability_ingestion to 2026-06-07T14:52:05.384041+00:00, run_after=2026-06-08T14:52:05.384041+00:00
[2026-06-07T23:09:25.793+0000] {processor.py:179} INFO - Processing /opt/airflow/dags/S3_UPLOAD_BRONZE_DAG.py took 0.098 seconds
[2026-06-07T23:09:55.941+0000] {processor.py:157} INFO - Started process (PID=2567) to work on /opt/airflow/dags/S3_UPLOAD_BRONZE_DAG.py
[2026-06-07T23:09:55.943+0000] {processor.py:829} INFO - Processing file /opt/airflow/dags/S3_UPLOAD_BRONZE_DAG.py for tasks to queue
[2026-06-07T23:09:55.945+0000] {logging_mixin.py:154} INFO - [2026-06-07T23:09:55.945+0000] {dagbag.py:536} INFO - Filling up the DagBag from /opt/airflow/dags/S3_UPLOAD_BRONZE_DAG.py
[2026-06-07T23:09:55.967+0000] {processor.py:839} INFO - DAG(s) dict_keys(['daily_vulnerability_ingestion']) retrieved from /opt/airflow/dags/S3_UPLOAD_BRONZE_DAG.py
[2026-06-07T23:09:55.990+0000] {logging_mixin.py:154} INFO - [2026-06-07T23:09:55.990+0000] {dag.py:2941} INFO - Sync 1 DAGs
[2026-06-07T23:09:56.010+0000] {logging_mixin.py:154} INFO - [2026-06-07T23:09:56.010+0000] {dag.py:3722} INFO - Setting next_dagrun for daily_vulnerability_ingestion to 2026-06-07T14:52:05.384041+00:00, run_after=2026-06-08T14:52:05.384041+00:00
[2026-06-07T23:09:56.025+0000] {processor.py:179} INFO - Processing /opt/airflow/dags/S3_UPLOAD_BRONZE_DAG.py took 0.090 seconds
[2026-06-07T23:10:26.158+0000] {processor.py:157} INFO - Started process (PID=2572) to work on /opt/airflow/dags/S3_UPLOAD_BRONZE_DAG.py
[2026-06-07T23:10:26.167+0000] {processor.py:829} INFO - Processing file /opt/airflow/dags/S3_UPLOAD_BRONZE_DAG.py for tasks to queue
[2026-06-07T23:10:26.167+0000] {logging_mixin.py:154} INFO - [2026-06-07T23:10:26.167+0000] {dagbag.py:536} INFO - Filling up the DagBag from /opt/airflow/dags/S3_UPLOAD_BRONZE_DAG.py
[2026-06-07T23:10:26.184+0000] {processor.py:839} INFO - DAG(s) dict_keys(['daily_vulnerability_ingestion']) retrieved from /opt/airflow/dags/S3_UPLOAD_BRONZE_DAG.py
[2026-06-07T23:10:26.205+0000] {logging_mixin.py:154} INFO - [2026-06-07T23:10:26.204+0000] {dag.py:2941} INFO - Sync 1 DAGs
[2026-06-07T23:10:26.221+0000] {logging_mixin.py:154} INFO - [2026-06-07T23:10:26.221+0000] {dag.py:3722} INFO - Setting next_dagrun for daily_vulnerability_ingestion to 2026-06-07T14:52:05.384041+00:00, run_after=2026-06-08T14:52:05.384041+00:00
[2026-06-07T23:10:26.236+0000] {processor.py:179} INFO - Processing /opt/airflow/dags/S3_UPLOAD_BRONZE_DAG.py took 0.083 seconds
[2026-06-07T23:10:56.422+0000] {processor.py:157} INFO - Started process (PID=2577) to work on /opt/airflow/dags/S3_UPLOAD_BRONZE_DAG.py
[2026-06-07T23:10:56.423+0000] {processor.py:829} INFO - Processing file /opt/airflow/dags/S3_UPLOAD_BRONZE_DAG.py for tasks to queue
[2026-06-07T23:10:56.424+0000] {logging_mixin.py:154} INFO - [2026-06-07T23:10:56.424+0000] {dagbag.py:536} INFO - Filling up the DagBag from /opt/airflow/dags/S3_UPLOAD_BRONZE_DAG.py
[2026-06-07T23:10:56.441+0000] {processor.py:839} INFO - DAG(s) dict_keys(['daily_vulnerability_ingestion']) retrieved from /opt/airflow/dags/S3_UPLOAD_BRONZE_DAG.py
[2026-06-07T23:10:56.462+0000] {logging_mixin.py:154} INFO - [2026-06-07T23:10:56.461+0000] {dag.py:2941} INFO - Sync 1 DAGs
[2026-06-07T23:10:56.480+0000] {logging_mixin.py:154} INFO - [2026-06-07T23:10:56.480+0000] {dag.py:3722} INFO - Setting next_dagrun for daily_vulnerability_ingestion to 2026-06-07T14:52:05.384041+00:00, run_after=2026-06-08T14:52:05.384041+00:00
[2026-06-07T23:10:56.491+0000] {processor.py:179} INFO - Processing /opt/airflow/dags/S3_UPLOAD_BRONZE_DAG.py took 0.073 seconds
[2026-06-07T23:11:26.613+0000] {processor.py:157} INFO - Started process (PID=2582) to work on /opt/airflow/dags/S3_UPLOAD_BRONZE_DAG.py
[2026-06-07T23:11:26.622+0000] {processor.py:829} INFO - Processing file /opt/airflow/dags/S3_UPLOAD_BRONZE_DAG.py for tasks to queue
[2026-06-07T23:11:26.623+0000] {logging_mixin.py:154} INFO - [2026-06-07T23:11:26.622+0000] {dagbag.py:536} INFO - Filling up the DagBag from /opt/airflow/dags/S3_UPLOAD_BRONZE_DAG.py
[2026-06-07T23:11:26.637+0000] {processor.py:839} INFO - DAG(s) dict_keys(['daily_vulnerability_ingestion']) retrieved from /opt/airflow/dags/S3_UPLOAD_BRONZE_DAG.py
[2026-06-07T23:11:26.658+0000] {logging_mixin.py:154} INFO - [2026-06-07T23:11:26.658+0000] {dag.py:2941} INFO - Sync 1 DAGs
[2026-06-07T23:11:26.678+0000] {logging_mixin.py:154} INFO - [2026-06-07T23:11:26.678+0000] {dag.py:3722} INFO - Setting next_dagrun for daily_vulnerability_ingestion to 2026-06-07T14:52:05.384041+00:00, run_after=2026-06-08T14:52:05.384041+00:00
[2026-06-07T23:11:26.693+0000] {processor.py:179} INFO - Processing /opt/airflow/dags/S3_UPLOAD_BRONZE_DAG.py took 0.084 seconds
[2026-06-07T23:11:56.838+0000] {processor.py:157} INFO - Started process (PID=2587) to work on /opt/airflow/dags/S3_UPLOAD_BRONZE_DAG.py
[2026-06-07T23:11:56.839+0000] {processor.py:829} INFO - Processing file /opt/airflow/dags/S3_UPLOAD_BRONZE_DAG.py for tasks to queue
[2026-06-07T23:11:56.840+0000] {logging_mixin.py:154} INFO - [2026-06-07T23:11:56.839+0000] {dagbag.py:536} INFO - Filling up the DagBag from /opt/airflow/dags/S3_UPLOAD_BRONZE_DAG.py
[2026-06-07T23:11:56.857+0000] {processor.py:839} INFO - DAG(s) dict_keys(['daily_vulnerability_ingestion']) retrieved from /opt/airflow/dags/S3_UPLOAD_BRONZE_DAG.py
[2026-06-07T23:11:56.877+0000] {logging_mixin.py:154} INFO - [2026-06-07T23:11:56.876+0000] {dag.py:2941} INFO - Sync 1 DAGs
[2026-06-07T23:11:56.894+0000] {logging_mixin.py:154} INFO - [2026-06-07T23:11:56.894+0000] {dag.py:3722} INFO - Setting next_dagrun for daily_vulnerability_ingestion to 2026-06-07T14:52:05.384041+00:00, run_after=2026-06-08T14:52:05.384041+00:00
[2026-06-07T23:11:56.908+0000] {processor.py:179} INFO - Processing /opt/airflow/dags/S3_UPLOAD_BRONZE_DAG.py took 0.074 seconds
[2026-06-07T23:12:27.063+0000] {processor.py:157} INFO - Started process (PID=2592) to work on /opt/airflow/dags/S3_UPLOAD_BRONZE_DAG.py
[2026-06-07T23:12:27.072+0000] {processor.py:829} INFO - Processing file /opt/airflow/dags/S3_UPLOAD_BRONZE_DAG.py for tasks to queue
[2026-06-07T23:12:27.074+0000] {logging_mixin.py:154} INFO - [2026-06-07T23:12:27.073+0000] {dagbag.py:536} INFO - Filling up the DagBag from /opt/airflow/dags/S3_UPLOAD_BRONZE_DAG.py
[2026-06-07T23:12:27.093+0000] {processor.py:839} INFO - DAG(s) dict_keys(['daily_vulnerability_ingestion']) retrieved from /opt/airflow/dags/S3_UPLOAD_BRONZE_DAG.py
[2026-06-07T23:12:27.114+0000] {logging_mixin.py:154} INFO - [2026-06-07T23:12:27.113+0000] {dag.py:2941} INFO - Sync 1 DAGs
[2026-06-07T23:12:27.132+0000] {logging_mixin.py:154} INFO - [2026-06-07T23:12:27.132+0000] {dag.py:3722} INFO - Setting next_dagrun for daily_vulnerability_ingestion to 2026-06-07T14:52:05.384041+00:00, run_after=2026-06-08T14:52:05.384041+00:00
[2026-06-07T23:12:27.146+0000] {processor.py:179} INFO - Processing /opt/airflow/dags/S3_UPLOAD_BRONZE_DAG.py took 0.086 seconds
[2026-06-07T23:12:57.265+0000] {processor.py:157} INFO - Started process (PID=2597) to work on /opt/airflow/dags/S3_UPLOAD_BRONZE_DAG.py
[2026-06-07T23:12:57.265+0000] {processor.py:829} INFO - Processing file /opt/airflow/dags/S3_UPLOAD_BRONZE_DAG.py for tasks to queue
[2026-06-07T23:12:57.266+0000] {logging_mixin.py:154} INFO - [2026-06-07T23:12:57.266+0000] {dagbag.py:536} INFO - Filling up the DagBag from /opt/airflow/dags/S3_UPLOAD_BRONZE_DAG.py
[2026-06-07T23:12:57.281+0000] {processor.py:839} INFO - DAG(s) dict_keys(['daily_vulnerability_ingestion']) retrieved from /opt/airflow/dags/S3_UPLOAD_BRONZE_DAG.py
[2026-06-07T23:12:57.302+0000] {logging_mixin.py:154} INFO - [2026-06-07T23:12:57.302+0000] {dag.py:2941} INFO - Sync 1 DAGs
[2026-06-07T23:12:57.321+0000] {logging_mixin.py:154} INFO - [2026-06-07T23:12:57.320+0000] {dag.py:3722} INFO - Setting next_dagrun for daily_vulnerability_ingestion to 2026-06-07T14:52:05.384041+00:00, run_after=2026-06-08T14:52:05.384041+00:00
[2026-06-07T23:12:57.335+0000] {processor.py:179} INFO - Processing /opt/airflow/dags/S3_UPLOAD_BRONZE_DAG.py took 0.074 seconds
[2026-06-07T23:13:27.510+0000] {processor.py:157} INFO - Started process (PID=2602) to work on /opt/airflow/dags/S3_UPLOAD_BRONZE_DAG.py
[2026-06-07T23:13:27.519+0000] {processor.py:829} INFO - Processing file /opt/airflow/dags/S3_UPLOAD_BRONZE_DAG.py for tasks to queue
[2026-06-07T23:13:27.520+0000] {logging_mixin.py:154} INFO - [2026-06-07T23:13:27.520+0000] {dagbag.py:536} INFO - Filling up the DagBag from /opt/airflow/dags/S3_UPLOAD_BRONZE_DAG.py
[2026-06-07T23:13:27.540+0000] {processor.py:839} INFO - DAG(s) dict_keys(['daily_vulnerability_ingestion']) retrieved from /opt/airflow/dags/S3_UPLOAD_BRONZE_DAG.py
[2026-06-07T23:13:27.563+0000] {logging_mixin.py:154} INFO - [2026-06-07T23:13:27.563+0000] {dag.py:2941} INFO - Sync 1 DAGs
[2026-06-07T23:13:27.582+0000] {logging_mixin.py:154} INFO - [2026-06-07T23:13:27.582+0000] {dag.py:3722} INFO - Setting next_dagrun for daily_vulnerability_ingestion to 2026-06-07T14:52:05.384041+00:00, run_after=2026-06-08T14:52:05.384041+00:00
[2026-06-07T23:13:27.597+0000] {processor.py:179} INFO - Processing /opt/airflow/dags/S3_UPLOAD_BRONZE_DAG.py took 0.091 seconds
[2026-06-07T23:13:57.740+0000] {processor.py:157} INFO - Started process (PID=2607) to work on /opt/airflow/dags/S3_UPLOAD_BRONZE_DAG.py
[2026-06-07T23:13:57.741+0000] {processor.py:829} INFO - Processing file /opt/airflow/dags/S3_UPLOAD_BRONZE_DAG.py for tasks to queue
[2026-06-07T23:13:57.742+0000] {logging_mixin.py:154} INFO - [2026-06-07T23:13:57.741+0000] {dagbag.py:536} INFO - Filling up the DagBag from /opt/airflow/dags/S3_UPLOAD_BRONZE_DAG.py
[2026-06-07T23:13:57.761+0000] {processor.py:839} INFO - DAG(s) dict_keys(['daily_vulnerability_ingestion']) retrieved from /opt/airflow/dags/S3_UPLOAD_BRONZE_DAG.py
[2026-06-07T23:13:57.781+0000] {logging_mixin.py:154} INFO - [2026-06-07T23:13:57.781+0000] {dag.py:2941} INFO - Sync 1 DAGs
[2026-06-07T23:13:57.799+0000] {logging_mixin.py:154} INFO - [2026-06-07T23:13:57.799+0000] {dag.py:3722} INFO - Setting next_dagrun for daily_vulnerability_ingestion to 2026-06-07T14:52:05.384041+00:00, run_after=2026-06-08T14:52:05.384041+00:00
[2026-06-07T23:13:57.815+0000] {processor.py:179} INFO - Processing /opt/airflow/dags/S3_UPLOAD_BRONZE_DAG.py took 0.081 seconds
[2026-06-07T23:14:27.949+0000] {processor.py:157} INFO - Started process (PID=2612) to work on /opt/airflow/dags/S3_UPLOAD_BRONZE_DAG.py
[2026-06-07T23:14:27.958+0000] {processor.py:829} INFO - Processing file /opt/airflow/dags/S3_UPLOAD_BRONZE_DAG.py for tasks to queue
[2026-06-07T23:14:27.959+0000] {logging_mixin.py:154} INFO - [2026-06-07T23:14:27.959+0000] {dagbag.py:536} INFO - Filling up the DagBag from /opt/airflow/dags/S3_UPLOAD_BRONZE_DAG.py
[2026-06-07T23:14:27.972+0000] {processor.py:839} INFO - DAG(s) dict_keys(['daily_vulnerability_ingestion']) retrieved from /opt/airflow/dags/S3_UPLOAD_BRONZE_DAG.py
[2026-06-07T23:14:27.994+0000] {logging_mixin.py:154} INFO - [2026-06-07T23:14:27.993+0000] {dag.py:2941} INFO - Sync 1 DAGs
[2026-06-07T23:14:28.012+0000] {logging_mixin.py:154} INFO - [2026-06-07T23:14:28.012+0000] {dag.py:3722} INFO - Setting next_dagrun for daily_vulnerability_ingestion to 2026-06-07T14:52:05.384041+00:00, run_after=2026-06-08T14:52:05.384041+00:00
[2026-06-07T23:14:28.027+0000] {processor.py:179} INFO - Processing /opt/airflow/dags/S3_UPLOAD_BRONZE_DAG.py took 0.081 seconds
[2026-06-07T23:14:58.158+0000] {processor.py:157} INFO - Started process (PID=2617) to work on /opt/airflow/dags/S3_UPLOAD_BRONZE_DAG.py
[2026-06-07T23:14:58.159+0000] {processor.py:829} INFO - Processing file /opt/airflow/dags/S3_UPLOAD_BRONZE_DAG.py for tasks to queue
[2026-06-07T23:14:58.160+0000] {logging_mixin.py:154} INFO - [2026-06-07T23:14:58.159+0000] {dagbag.py:536} INFO - Filling up the DagBag from /opt/airflow/dags/S3_UPLOAD_BRONZE_DAG.py
[2026-06-07T23:14:58.174+0000] {processor.py:839} INFO - DAG(s) dict_keys(['daily_vulnerability_ingestion']) retrieved from /opt/airflow/dags/S3_UPLOAD_BRONZE_DAG.py
[2026-06-07T23:14:58.195+0000] {logging_mixin.py:154} INFO - [2026-06-07T23:14:58.195+0000] {dag.py:2941} INFO - Sync 1 DAGs
[2026-06-07T23:14:58.214+0000] {logging_mixin.py:154} INFO - [2026-06-07T23:14:58.214+0000] {dag.py:3722} INFO - Setting next_dagrun for daily_vulnerability_ingestion to 2026-06-07T14:52:05.384041+00:00, run_after=2026-06-08T14:52:05.384041+00:00
[2026-06-07T23:14:58.229+0000] {processor.py:179} INFO - Processing /opt/airflow/dags/S3_UPLOAD_BRONZE_DAG.py took 0.074 seconds
[2026-06-07T23:15:28.363+0000] {processor.py:157} INFO - Started process (PID=2622) to work on /opt/airflow/dags/S3_UPLOAD_BRONZE_DAG.py
[2026-06-07T23:15:28.373+0000] {processor.py:829} INFO - Processing file /opt/airflow/dags/S3_UPLOAD_BRONZE_DAG.py for tasks to queue
[2026-06-07T23:15:28.373+0000] {logging_mixin.py:154} INFO - [2026-06-07T23:15:28.373+0000] {dagbag.py:536} INFO - Filling up the DagBag from /opt/airflow/dags/S3_UPLOAD_BRONZE_DAG.py
[2026-06-07T23:15:28.391+0000] {processor.py:839} INFO - DAG(s) dict_keys(['daily_vulnerability_ingestion']) retrieved from /opt/airflow/dags/S3_UPLOAD_BRONZE_DAG.py
[2026-06-07T23:15:28.412+0000] {logging_mixin.py:154} INFO - [2026-06-07T23:15:28.412+0000] {dag.py:2941} INFO - Sync 1 DAGs
[2026-06-07T23:15:28.431+0000] {logging_mixin.py:154} INFO - [2026-06-07T23:15:28.431+0000] {dag.py:3722} INFO - Setting next_dagrun for daily_vulnerability_ingestion to 2026-06-07T14:52:05.384041+00:00, run_after=2026-06-08T14:52:05.384041+00:00
[2026-06-07T23:15:28.444+0000] {processor.py:179} INFO - Processing /opt/airflow/dags/S3_UPLOAD_BRONZE_DAG.py took 0.085 seconds
[2026-06-07T23:15:58.587+0000] {processor.py:157} INFO - Started process (PID=2627) to work on /opt/airflow/dags/S3_UPLOAD_BRONZE_DAG.py
[2026-06-07T23:15:58.587+0000] {processor.py:829} INFO - Processing file /opt/airflow/dags/S3_UPLOAD_BRONZE_DAG.py for tasks to queue
[2026-06-07T23:15:58.588+0000] {logging_mixin.py:154} INFO - [2026-06-07T23:15:58.588+0000] {dagbag.py:536} INFO - Filling up the DagBag from /opt/airflow/dags/S3_UPLOAD_BRONZE_DAG.py
[2026-06-07T23:15:58.602+0000] {processor.py:839} INFO - DAG(s) dict_keys(['daily_vulnerability_ingestion']) retrieved from /opt/airflow/dags/S3_UPLOAD_BRONZE_DAG.py
[2026-06-07T23:15:58.623+0000] {logging_mixin.py:154} INFO - [2026-06-07T23:15:58.623+0000] {dag.py:2941} INFO - Sync 1 DAGs
[2026-06-07T23:15:58.641+0000] {logging_mixin.py:154} INFO - [2026-06-07T23:15:58.641+0000] {dag.py:3722} INFO - Setting next_dagrun for daily_vulnerability_ingestion to 2026-06-07T14:52:05.384041+00:00, run_after=2026-06-08T14:52:05.384041+00:00
[2026-06-07T23:15:58.668+0000] {processor.py:179} INFO - Processing /opt/airflow/dags/S3_UPLOAD_BRONZE_DAG.py took 0.083 seconds
[2026-06-07T23:16:28.813+0000] {processor.py:157} INFO - Started process (PID=2632) to work on /opt/airflow/dags/S3_UPLOAD_BRONZE_DAG.py
[2026-06-07T23:16:28.822+0000] {processor.py:829} INFO - Processing file /opt/airflow/dags/S3_UPLOAD_BRONZE_DAG.py for tasks to queue
[2026-06-07T23:16:28.823+0000] {logging_mixin.py:154} INFO - [2026-06-07T23:16:28.823+0000] {dagbag.py:536} INFO - Filling up the DagBag from /opt/airflow/dags/S3_UPLOAD_BRONZE_DAG.py
[2026-06-07T23:16:28.837+0000] {processor.py:839} INFO - DAG(s) dict_keys(['daily_vulnerability_ingestion']) retrieved from /opt/airflow/dags/S3_UPLOAD_BRONZE_DAG.py
[2026-06-07T23:16:28.859+0000] {logging_mixin.py:154} INFO - [2026-06-07T23:16:28.859+0000] {dag.py:2941} INFO - Sync 1 DAGs
[2026-06-07T23:16:28.877+0000] {logging_mixin.py:154} INFO - [2026-06-07T23:16:28.877+0000] {dag.py:3722} INFO - Setting next_dagrun for daily_vulnerability_ingestion to 2026-06-07T14:52:05.384041+00:00, run_after=2026-06-08T14:52:05.384041+00:00
[2026-06-07T23:16:28.891+0000] {processor.py:179} INFO - Processing /opt/airflow/dags/S3_UPLOAD_BRONZE_DAG.py took 0.083 seconds
[2026-06-07T23:16:59.053+0000] {processor.py:157} INFO - Started process (PID=2637) to work on /opt/airflow/dags/S3_UPLOAD_BRONZE_DAG.py
[2026-06-07T23:16:59.054+0000] {processor.py:829} INFO - Processing file /opt/airflow/dags/S3_UPLOAD_BRONZE_DAG.py for tasks to queue
[2026-06-07T23:16:59.055+0000] {logging_mixin.py:154} INFO - [2026-06-07T23:16:59.055+0000] {dagbag.py:536} INFO - Filling up the DagBag from /opt/airflow/dags/S3_UPLOAD_BRONZE_DAG.py
[2026-06-07T23:16:59.070+0000] {processor.py:839} INFO - DAG(s) dict_keys(['daily_vulnerability_ingestion']) retrieved from /opt/airflow/dags/S3_UPLOAD_BRONZE_DAG.py
[2026-06-07T23:16:59.092+0000] {logging_mixin.py:154} INFO - [2026-06-07T23:16:59.091+0000] {dag.py:2941} INFO - Sync 1 DAGs
[2026-06-07T23:16:59.110+0000] {logging_mixin.py:154} INFO - [2026-06-07T23:16:59.110+0000] {dag.py:3722} INFO - Setting next_dagrun for daily_vulnerability_ingestion to 2026-06-07T14:52:05.384041+00:00, run_after=2026-06-08T14:52:05.384041+00:00
[2026-06-07T23:16:59.124+0000] {processor.py:179} INFO - Processing /opt/airflow/dags/S3_UPLOAD_BRONZE_DAG.py took 0.074 seconds
[2026-06-07T23:17:29.251+0000] {processor.py:157} INFO - Started process (PID=2642) to work on /opt/airflow/dags/S3_UPLOAD_BRONZE_DAG.py
[2026-06-07T23:17:29.260+0000] {processor.py:829} INFO - Processing file /opt/airflow/dags/S3_UPLOAD_BRONZE_DAG.py for tasks to queue
[2026-06-07T23:17:29.261+0000] {logging_mixin.py:154} INFO - [2026-06-07T23:17:29.261+0000] {dagbag.py:536} INFO - Filling up the DagBag from /opt/airflow/dags/S3_UPLOAD_BRONZE_DAG.py
[2026-06-07T23:17:29.280+0000] {processor.py:839} INFO - DAG(s) dict_keys(['daily_vulnerability_ingestion']) retrieved from /opt/airflow/dags/S3_UPLOAD_BRONZE_DAG.py
[2026-06-07T23:17:29.303+0000] {logging_mixin.py:154} INFO - [2026-06-07T23:17:29.303+0000] {dag.py:2941} INFO - Sync 1 DAGs
[2026-06-07T23:17:29.321+0000] {logging_mixin.py:154} INFO - [2026-06-07T23:17:29.321+0000] {dag.py:3722} INFO - Setting next_dagrun for daily_vulnerability_ingestion to 2026-06-07T14:52:05.384041+00:00, run_after=2026-06-08T14:52:05.384041+00:00
[2026-06-07T23:17:29.336+0000] {processor.py:179} INFO - Processing /opt/airflow/dags/S3_UPLOAD_BRONZE_DAG.py took 0.089 seconds
[2026-06-07T23:17:59.503+0000] {processor.py:157} INFO - Started process (PID=2647) to work on /opt/airflow/dags/S3_UPLOAD_BRONZE_DAG.py
[2026-06-07T23:17:59.503+0000] {processor.py:829} INFO - Processing file /opt/airflow/dags/S3_UPLOAD_BRONZE_DAG.py for tasks to queue
[2026-06-07T23:17:59.504+0000] {logging_mixin.py:154} INFO - [2026-06-07T23:17:59.504+0000] {dagbag.py:536} INFO - Filling up the DagBag from /opt/airflow/dags/S3_UPLOAD_BRONZE_DAG.py
[2026-06-07T23:17:59.519+0000] {processor.py:839} INFO - DAG(s) dict_keys(['daily_vulnerability_ingestion']) retrieved from /opt/airflow/dags/S3_UPLOAD_BRONZE_DAG.py
[2026-06-07T23:17:59.541+0000] {logging_mixin.py:154} INFO - [2026-06-07T23:17:59.541+0000] {dag.py:2941} INFO - Sync 1 DAGs
[2026-06-07T23:17:59.558+0000] {logging_mixin.py:154} INFO - [2026-06-07T23:17:59.558+0000] {dag.py:3722} INFO - Setting next_dagrun for daily_vulnerability_ingestion to 2026-06-07T14:52:05.384041+00:00, run_after=2026-06-08T14:52:05.384041+00:00
[2026-06-07T23:17:59.572+0000] {processor.py:179} INFO - Processing /opt/airflow/dags/S3_UPLOAD_BRONZE_DAG.py took 0.074 seconds
[2026-06-07T23:18:29.729+0000] {processor.py:157} INFO - Started process (PID=2652) to work on /opt/airflow/dags/S3_UPLOAD_BRONZE_DAG.py
[2026-06-07T23:18:29.739+0000] {processor.py:829} INFO - Processing file /opt/airflow/dags/S3_UPLOAD_BRONZE_DAG.py for tasks to queue
[2026-06-07T23:18:29.740+0000] {logging_mixin.py:154} INFO - [2026-06-07T23:18:29.739+0000] {dagbag.py:536} INFO - Filling up the DagBag from /opt/airflow/dags/S3_UPLOAD_BRONZE_DAG.py
[2026-06-07T23:18:29.762+0000] {processor.py:839} INFO - DAG(s) dict_keys(['daily_vulnerability_ingestion']) retrieved from /opt/airflow/dags/S3_UPLOAD_BRONZE_DAG.py
[2026-06-07T23:18:29.783+0000] {logging_mixin.py:154} INFO - [2026-06-07T23:18:29.783+0000] {dag.py:2941} INFO - Sync 1 DAGs
[2026-06-07T23:18:29.801+0000] {logging_mixin.py:154} INFO - [2026-06-07T23:18:29.801+0000] {dag.py:3722} INFO - Setting next_dagrun for daily_vulnerability_ingestion to 2026-06-07T14:52:05.384041+00:00, run_after=2026-06-08T14:52:05.384041+00:00
[2026-06-07T23:18:29.814+0000] {processor.py:179} INFO - Processing /opt/airflow/dags/S3_UPLOAD_BRONZE_DAG.py took 0.090 seconds
[2026-06-07T23:18:59.946+0000] {processor.py:157} INFO - Started process (PID=2657) to work on /opt/airflow/dags/S3_UPLOAD_BRONZE_DAG.py
[2026-06-07T23:18:59.947+0000] {processor.py:829} INFO - Processing file /opt/airflow/dags/S3_UPLOAD_BRONZE_DAG.py for tasks to queue
[2026-06-07T23:18:59.947+0000] {logging_mixin.py:154} INFO - [2026-06-07T23:18:59.947+0000] {dagbag.py:536} INFO - Filling up the DagBag from /opt/airflow/dags/S3_UPLOAD_BRONZE_DAG.py
[2026-06-07T23:18:59.961+0000] {processor.py:839} INFO - DAG(s) dict_keys(['daily_vulnerability_ingestion']) retrieved from /opt/airflow/dags/S3_UPLOAD_BRONZE_DAG.py
[2026-06-07T23:18:59.981+0000] {logging_mixin.py:154} INFO - [2026-06-07T23:18:59.981+0000] {dag.py:2941} INFO - Sync 1 DAGs
[2026-06-07T23:18:59.999+0000] {logging_mixin.py:154} INFO - [2026-06-07T23:18:59.999+0000] {dag.py:3722} INFO - Setting next_dagrun for daily_vulnerability_ingestion to 2026-06-07T14:52:05.384041+00:00, run_after=2026-06-08T14:52:05.384041+00:00
[2026-06-07T23:19:00.015+0000] {processor.py:179} INFO - Processing /opt/airflow/dags/S3_UPLOAD_BRONZE_DAG.py took 0.072 seconds
[2026-06-07T23:19:30.176+0000] {processor.py:157} INFO - Started process (PID=2662) to work on /opt/airflow/dags/S3_UPLOAD_BRONZE_DAG.py
[2026-06-07T23:19:30.186+0000] {processor.py:829} INFO - Processing file /opt/airflow/dags/S3_UPLOAD_BRONZE_DAG.py for tasks to queue
[2026-06-07T23:19:30.187+0000] {logging_mixin.py:154} INFO - [2026-06-07T23:19:30.187+0000] {dagbag.py:536} INFO - Filling up the DagBag from /opt/airflow/dags/S3_UPLOAD_BRONZE_DAG.py
[2026-06-07T23:19:30.220+0000] {processor.py:839} INFO - DAG(s) dict_keys(['daily_vulnerability_ingestion']) retrieved from /opt/airflow/dags/S3_UPLOAD_BRONZE_DAG.py
[2026-06-07T23:19:30.256+0000] {logging_mixin.py:154} INFO - [2026-06-07T23:19:30.256+0000] {dag.py:2941} INFO - Sync 1 DAGs
[2026-06-07T23:19:30.281+0000] {logging_mixin.py:154} INFO - [2026-06-07T23:19:30.281+0000] {dag.py:3722} INFO - Setting next_dagrun for daily_vulnerability_ingestion to 2026-06-07T14:52:05.384041+00:00, run_after=2026-06-08T14:52:05.384041+00:00
[2026-06-07T23:19:30.298+0000] {processor.py:179} INFO - Processing /opt/airflow/dags/S3_UPLOAD_BRONZE_DAG.py took 0.127 seconds
[2026-06-07T23:20:00.375+0000] {processor.py:157} INFO - Started process (PID=2667) to work on /opt/airflow/dags/S3_UPLOAD_BRONZE_DAG.py
[2026-06-07T23:20:00.376+0000] {processor.py:829} INFO - Processing file /opt/airflow/dags/S3_UPLOAD_BRONZE_DAG.py for tasks to queue
[2026-06-07T23:20:00.377+0000] {logging_mixin.py:154} INFO - [2026-06-07T23:20:00.377+0000] {dagbag.py:536} INFO - Filling up the DagBag from /opt/airflow/dags/S3_UPLOAD_BRONZE_DAG.py
[2026-06-07T23:20:00.396+0000] {processor.py:839} INFO - DAG(s) dict_keys(['daily_vulnerability_ingestion']) retrieved from /opt/airflow/dags/S3_UPLOAD_BRONZE_DAG.py
[2026-06-07T23:20:00.419+0000] {logging_mixin.py:154} INFO - [2026-06-07T23:20:00.419+0000] {dag.py:2941} INFO - Sync 1 DAGs
[2026-06-07T23:20:00.439+0000] {logging_mixin.py:154} INFO - [2026-06-07T23:20:00.439+0000] {dag.py:3722} INFO - Setting next_dagrun for daily_vulnerability_ingestion to 2026-06-07T14:52:05.384041+00:00, run_after=2026-06-08T14:52:05.384041+00:00
[2026-06-07T23:20:00.453+0000] {processor.py:179} INFO - Processing /opt/airflow/dags/S3_UPLOAD_BRONZE_DAG.py took 0.081 seconds
[2026-06-07T23:20:30.606+0000] {processor.py:157} INFO - Started process (PID=2672) to work on /opt/airflow/dags/S3_UPLOAD_BRONZE_DAG.py
[2026-06-07T23:20:30.615+0000] {processor.py:829} INFO - Processing file /opt/airflow/dags/S3_UPLOAD_BRONZE_DAG.py for tasks to queue
[2026-06-07T23:20:30.616+0000] {logging_mixin.py:154} INFO - [2026-06-07T23:20:30.616+0000] {dagbag.py:536} INFO - Filling up the DagBag from /opt/airflow/dags/S3_UPLOAD_BRONZE_DAG.py
[2026-06-07T23:20:30.632+0000] {processor.py:839} INFO - DAG(s) dict_keys(['daily_vulnerability_ingestion']) retrieved from /opt/airflow/dags/S3_UPLOAD_BRONZE_DAG.py
[2026-06-07T23:20:30.652+0000] {logging_mixin.py:154} INFO - [2026-06-07T23:20:30.652+0000] {dag.py:2941} INFO - Sync 1 DAGs
[2026-06-07T23:20:30.669+0000] {logging_mixin.py:154} INFO - [2026-06-07T23:20:30.669+0000] {dag.py:3722} INFO - Setting next_dagrun for daily_vulnerability_ingestion to 2026-06-07T14:52:05.384041+00:00, run_after=2026-06-08T14:52:05.384041+00:00
[2026-06-07T23:20:30.682+0000] {processor.py:179} INFO - Processing /opt/airflow/dags/S3_UPLOAD_BRONZE_DAG.py took 0.081 seconds
[2026-06-07T23:21:00.800+0000] {processor.py:157} INFO - Started process (PID=2677) to work on /opt/airflow/dags/S3_UPLOAD_BRONZE_DAG.py
[2026-06-07T23:21:00.800+0000] {processor.py:829} INFO - Processing file /opt/airflow/dags/S3_UPLOAD_BRONZE_DAG.py for tasks to queue
[2026-06-07T23:21:00.801+0000] {logging_mixin.py:154} INFO - [2026-06-07T23:21:00.801+0000] {dagbag.py:536} INFO - Filling up the DagBag from /opt/airflow/dags/S3_UPLOAD_BRONZE_DAG.py
[2026-06-07T23:21:00.815+0000] {processor.py:839} INFO - DAG(s) dict_keys(['daily_vulnerability_ingestion']) retrieved from /opt/airflow/dags/S3_UPLOAD_BRONZE_DAG.py
[2026-06-07T23:21:00.837+0000] {logging_mixin.py:154} INFO - [2026-06-07T23:21:00.837+0000] {dag.py:2941} INFO - Sync 1 DAGs
[2026-06-07T23:21:00.856+0000] {logging_mixin.py:154} INFO - [2026-06-07T23:21:00.856+0000] {dag.py:3722} INFO - Setting next_dagrun for daily_vulnerability_ingestion to 2026-06-07T14:52:05.384041+00:00, run_after=2026-06-08T14:52:05.384041+00:00
[2026-06-07T23:21:00.871+0000] {processor.py:179} INFO - Processing /opt/airflow/dags/S3_UPLOAD_BRONZE_DAG.py took 0.075 seconds
[2026-06-07T23:21:30.967+0000] {processor.py:157} INFO - Started process (PID=2682) to work on /opt/airflow/dags/S3_UPLOAD_BRONZE_DAG.py
[2026-06-07T23:21:30.976+0000] {processor.py:829} INFO - Processing file /opt/airflow/dags/S3_UPLOAD_BRONZE_DAG.py for tasks to queue
[2026-06-07T23:21:30.977+0000] {logging_mixin.py:154} INFO - [2026-06-07T23:21:30.977+0000] {dagbag.py:536} INFO - Filling up the DagBag from /opt/airflow/dags/S3_UPLOAD_BRONZE_DAG.py
[2026-06-07T23:21:30.997+0000] {processor.py:839} INFO - DAG(s) dict_keys(['daily_vulnerability_ingestion']) retrieved from /opt/airflow/dags/S3_UPLOAD_BRONZE_DAG.py
[2026-06-07T23:21:31.020+0000] {logging_mixin.py:154} INFO - [2026-06-07T23:21:31.020+0000] {dag.py:2941} INFO - Sync 1 DAGs
[2026-06-07T23:21:31.037+0000] {logging_mixin.py:154} INFO - [2026-06-07T23:21:31.037+0000] {dag.py:3722} INFO - Setting next_dagrun for daily_vulnerability_ingestion to 2026-06-07T14:52:05.384041+00:00, run_after=2026-06-08T14:52:05.384041+00:00
[2026-06-07T23:21:31.052+0000] {processor.py:179} INFO - Processing /opt/airflow/dags/S3_UPLOAD_BRONZE_DAG.py took 0.089 seconds
[2026-06-07T23:22:01.170+0000] {processor.py:157} INFO - Started process (PID=2687) to work on /opt/airflow/dags/S3_UPLOAD_BRONZE_DAG.py
[2026-06-07T23:22:01.171+0000] {processor.py:829} INFO - Processing file /opt/airflow/dags/S3_UPLOAD_BRONZE_DAG.py for tasks to queue
[2026-06-07T23:22:01.172+0000] {logging_mixin.py:154} INFO - [2026-06-07T23:22:01.171+0000] {dagbag.py:536} INFO - Filling up the DagBag from /opt/airflow/dags/S3_UPLOAD_BRONZE_DAG.py
[2026-06-07T23:22:01.192+0000] {processor.py:839} INFO - DAG(s) dict_keys(['daily_vulnerability_ingestion']) retrieved from /opt/airflow/dags/S3_UPLOAD_BRONZE_DAG.py
[2026-06-07T23:22:01.213+0000] {logging_mixin.py:154} INFO - [2026-06-07T23:22:01.213+0000] {dag.py:2941} INFO - Sync 1 DAGs
[2026-06-07T23:22:01.232+0000] {logging_mixin.py:154} INFO - [2026-06-07T23:22:01.232+0000] {dag.py:3722} INFO - Setting next_dagrun for daily_vulnerability_ingestion to 2026-06-07T14:52:05.384041+00:00, run_after=2026-06-08T14:52:05.384041+00:00
[2026-06-07T23:22:01.246+0000] {processor.py:179} INFO - Processing /opt/airflow/dags/S3_UPLOAD_BRONZE_DAG.py took 0.080 seconds
[2026-06-07T23:22:31.387+0000] {processor.py:157} INFO - Started process (PID=2692) to work on /opt/airflow/dags/S3_UPLOAD_BRONZE_DAG.py
[2026-06-07T23:22:31.388+0000] {processor.py:829} INFO - Processing file /opt/airflow/dags/S3_UPLOAD_BRONZE_DAG.py for tasks to queue
[2026-06-07T23:22:31.390+0000] {logging_mixin.py:154} INFO - [2026-06-07T23:22:31.389+0000] {dagbag.py:536} INFO - Filling up the DagBag from /opt/airflow/dags/S3_UPLOAD_BRONZE_DAG.py
[2026-06-07T23:22:31.408+0000] {processor.py:839} INFO - DAG(s) dict_keys(['daily_vulnerability_ingestion']) retrieved from /opt/airflow/dags/S3_UPLOAD_BRONZE_DAG.py
[2026-06-07T23:22:31.430+0000] {logging_mixin.py:154} INFO - [2026-06-07T23:22:31.429+0000] {dag.py:2941} INFO - Sync 1 DAGs
[2026-06-07T23:22:31.448+0000] {logging_mixin.py:154} INFO - [2026-06-07T23:22:31.448+0000] {dag.py:3722} INFO - Setting next_dagrun for daily_vulnerability_ingestion to 2026-06-07T14:52:05.384041+00:00, run_after=2026-06-08T14:52:05.384041+00:00
[2026-06-07T23:22:31.464+0000] {processor.py:179} INFO - Processing /opt/airflow/dags/S3_UPLOAD_BRONZE_DAG.py took 0.085 seconds
[2026-06-07T23:23:01.571+0000] {processor.py:157} INFO - Started process (PID=2697) to work on /opt/airflow/dags/S3_UPLOAD_BRONZE_DAG.py
[2026-06-07T23:23:01.572+0000] {processor.py:829} INFO - Processing file /opt/airflow/dags/S3_UPLOAD_BRONZE_DAG.py for tasks to queue
[2026-06-07T23:23:01.573+0000] {logging_mixin.py:154} INFO - [2026-06-07T23:23:01.573+0000] {dagbag.py:536} INFO - Filling up the DagBag from /opt/airflow/dags/S3_UPLOAD_BRONZE_DAG.py
[2026-06-07T23:23:01.590+0000] {processor.py:839} INFO - DAG(s) dict_keys(['daily_vulnerability_ingestion']) retrieved from /opt/airflow/dags/S3_UPLOAD_BRONZE_DAG.py
[2026-06-07T23:23:01.611+0000] {logging_mixin.py:154} INFO - [2026-06-07T23:23:01.610+0000] {dag.py:2941} INFO - Sync 1 DAGs
[2026-06-07T23:23:01.629+0000] {logging_mixin.py:154} INFO - [2026-06-07T23:23:01.628+0000] {dag.py:3722} INFO - Setting next_dagrun for daily_vulnerability_ingestion to 2026-06-07T14:52:05.384041+00:00, run_after=2026-06-08T14:52:05.384041+00:00
[2026-06-07T23:23:01.643+0000] {processor.py:179} INFO - Processing /opt/airflow/dags/S3_UPLOAD_BRONZE_DAG.py took 0.076 seconds
[2026-06-07T23:23:31.772+0000] {processor.py:157} INFO - Started process (PID=2702) to work on /opt/airflow/dags/S3_UPLOAD_BRONZE_DAG.py
[2026-06-07T23:23:31.774+0000] {processor.py:829} INFO - Processing file /opt/airflow/dags/S3_UPLOAD_BRONZE_DAG.py for tasks to queue
[2026-06-07T23:23:31.776+0000] {logging_mixin.py:154} INFO - [2026-06-07T23:23:31.775+0000] {dagbag.py:536} INFO - Filling up the DagBag from /opt/airflow/dags/S3_UPLOAD_BRONZE_DAG.py
[2026-06-07T23:23:31.800+0000] {processor.py:839} INFO - DAG(s) dict_keys(['daily_vulnerability_ingestion']) retrieved from /opt/airflow/dags/S3_UPLOAD_BRONZE_DAG.py
[2026-06-07T23:23:31.821+0000] {logging_mixin.py:154} INFO - [2026-06-07T23:23:31.821+0000] {dag.py:2941} INFO - Sync 1 DAGs
[2026-06-07T23:23:31.840+0000] {logging_mixin.py:154} INFO - [2026-06-07T23:23:31.840+0000] {dag.py:3722} INFO - Setting next_dagrun for daily_vulnerability_ingestion to 2026-06-07T14:52:05.384041+00:00, run_after=2026-06-08T14:52:05.384041+00:00
[2026-06-07T23:23:31.856+0000] {processor.py:179} INFO - Processing /opt/airflow/dags/S3_UPLOAD_BRONZE_DAG.py took 0.092 seconds
[2026-06-07T23:24:01.937+0000] {processor.py:157} INFO - Started process (PID=2707) to work on /opt/airflow/dags/S3_UPLOAD_BRONZE_DAG.py
[2026-06-07T23:24:01.946+0000] {processor.py:829} INFO - Processing file /opt/airflow/dags/S3_UPLOAD_BRONZE_DAG.py for tasks to queue
[2026-06-07T23:24:01.947+0000] {logging_mixin.py:154} INFO - [2026-06-07T23:24:01.946+0000] {dagbag.py:536} INFO - Filling up the DagBag from /opt/airflow/dags/S3_UPLOAD_BRONZE_DAG.py
[2026-06-07T23:24:01.960+0000] {processor.py:839} INFO - DAG(s) dict_keys(['daily_vulnerability_ingestion']) retrieved from /opt/airflow/dags/S3_UPLOAD_BRONZE_DAG.py
[2026-06-07T23:24:01.980+0000] {logging_mixin.py:154} INFO - [2026-06-07T23:24:01.980+0000] {dag.py:2941} INFO - Sync 1 DAGs
[2026-06-07T23:24:01.998+0000] {logging_mixin.py:154} INFO - [2026-06-07T23:24:01.998+0000] {dag.py:3722} INFO - Setting next_dagrun for daily_vulnerability_ingestion to 2026-06-07T14:52:05.384041+00:00, run_after=2026-06-08T14:52:05.384041+00:00
[2026-06-07T23:24:02.010+0000] {processor.py:179} INFO - Processing /opt/airflow/dags/S3_UPLOAD_BRONZE_DAG.py took 0.076 seconds
[2026-06-07T23:24:32.148+0000] {processor.py:157} INFO - Started process (PID=2712) to work on /opt/airflow/dags/S3_UPLOAD_BRONZE_DAG.py
[2026-06-07T23:24:32.149+0000] {processor.py:829} INFO - Processing file /opt/airflow/dags/S3_UPLOAD_BRONZE_DAG.py for tasks to queue
[2026-06-07T23:24:32.150+0000] {logging_mixin.py:154} INFO - [2026-06-07T23:24:32.149+0000] {dagbag.py:536} INFO - Filling up the DagBag from /opt/airflow/dags/S3_UPLOAD_BRONZE_DAG.py
[2026-06-07T23:24:32.163+0000] {processor.py:839} INFO - DAG(s) dict_keys(['daily_vulnerability_ingestion']) retrieved from /opt/airflow/dags/S3_UPLOAD_BRONZE_DAG.py
[2026-06-07T23:24:32.183+0000] {logging_mixin.py:154} INFO - [2026-06-07T23:24:32.183+0000] {dag.py:2941} INFO - Sync 1 DAGs
[2026-06-07T23:24:32.202+0000] {logging_mixin.py:154} INFO - [2026-06-07T23:24:32.201+0000] {dag.py:3722} INFO - Setting next_dagrun for daily_vulnerability_ingestion to 2026-06-07T14:52:05.384041+00:00, run_after=2026-06-08T14:52:05.384041+00:00
[2026-06-07T23:24:32.216+0000] {processor.py:179} INFO - Processing /opt/airflow/dags/S3_UPLOAD_BRONZE_DAG.py took 0.071 seconds
[2026-06-07T23:25:02.275+0000] {processor.py:157} INFO - Started process (PID=2717) to work on /opt/airflow/dags/S3_UPLOAD_BRONZE_DAG.py
[2026-06-07T23:25:02.276+0000] {processor.py:829} INFO - Processing file /opt/airflow/dags/S3_UPLOAD_BRONZE_DAG.py for tasks to queue
[2026-06-07T23:25:02.277+0000] {logging_mixin.py:154} INFO - [2026-06-07T23:25:02.276+0000] {dagbag.py:536} INFO - Filling up the DagBag from /opt/airflow/dags/S3_UPLOAD_BRONZE_DAG.py
[2026-06-07T23:25:02.294+0000] {processor.py:839} INFO - DAG(s) dict_keys(['daily_vulnerability_ingestion']) retrieved from /opt/airflow/dags/S3_UPLOAD_BRONZE_DAG.py
[2026-06-07T23:25:02.319+0000] {logging_mixin.py:154} INFO - [2026-06-07T23:25:02.319+0000] {dag.py:2941} INFO - Sync 1 DAGs
[2026-06-07T23:25:02.338+0000] {logging_mixin.py:154} INFO - [2026-06-07T23:25:02.338+0000] {dag.py:3722} INFO - Setting next_dagrun for daily_vulnerability_ingestion to 2026-06-07T14:52:05.384041+00:00, run_after=2026-06-08T14:52:05.384041+00:00
[2026-06-07T23:25:02.356+0000] {processor.py:179} INFO - Processing /opt/airflow/dags/S3_UPLOAD_BRONZE_DAG.py took 0.085 seconds
[2026-06-07T23:25:32.424+0000] {processor.py:157} INFO - Started process (PID=2722) to work on /opt/airflow/dags/S3_UPLOAD_BRONZE_DAG.py
[2026-06-07T23:25:32.425+0000] {processor.py:829} INFO - Processing file /opt/airflow/dags/S3_UPLOAD_BRONZE_DAG.py for tasks to queue
[2026-06-07T23:25:32.425+0000] {logging_mixin.py:154} INFO - [2026-06-07T23:25:32.425+0000] {dagbag.py:536} INFO - Filling up the DagBag from /opt/airflow/dags/S3_UPLOAD_BRONZE_DAG.py
[2026-06-07T23:25:32.441+0000] {processor.py:839} INFO - DAG(s) dict_keys(['daily_vulnerability_ingestion']) retrieved from /opt/airflow/dags/S3_UPLOAD_BRONZE_DAG.py
[2026-06-07T23:25:32.466+0000] {logging_mixin.py:154} INFO - [2026-06-07T23:25:32.465+0000] {dag.py:2941} INFO - Sync 1 DAGs
[2026-06-07T23:25:32.485+0000] {logging_mixin.py:154} INFO - [2026-06-07T23:25:32.485+0000] {dag.py:3722} INFO - Setting next_dagrun for daily_vulnerability_ingestion to 2026-06-07T14:52:05.384041+00:00, run_after=2026-06-08T14:52:05.384041+00:00
[2026-06-07T23:25:32.502+0000] {processor.py:179} INFO - Processing /opt/airflow/dags/S3_UPLOAD_BRONZE_DAG.py took 0.082 seconds
[2026-06-07T23:26:02.575+0000] {processor.py:157} INFO - Started process (PID=2727) to work on /opt/airflow/dags/S3_UPLOAD_BRONZE_DAG.py
[2026-06-07T23:26:02.576+0000] {processor.py:829} INFO - Processing file /opt/airflow/dags/S3_UPLOAD_BRONZE_DAG.py for tasks to queue
[2026-06-07T23:26:02.577+0000] {logging_mixin.py:154} INFO - [2026-06-07T23:26:02.577+0000] {dagbag.py:536} INFO - Filling up the DagBag from /opt/airflow/dags/S3_UPLOAD_BRONZE_DAG.py
[2026-06-07T23:26:02.598+0000] {processor.py:839} INFO - DAG(s) dict_keys(['daily_vulnerability_ingestion']) retrieved from /opt/airflow/dags/S3_UPLOAD_BRONZE_DAG.py
[2026-06-07T23:26:02.623+0000] {logging_mixin.py:154} INFO - [2026-06-07T23:26:02.623+0000] {dag.py:2941} INFO - Sync 1 DAGs
[2026-06-07T23:26:02.644+0000] {logging_mixin.py:154} INFO - [2026-06-07T23:26:02.643+0000] {dag.py:3722} INFO - Setting next_dagrun for daily_vulnerability_ingestion to 2026-06-07T14:52:05.384041+00:00, run_after=2026-06-08T14:52:05.384041+00:00
[2026-06-07T23:26:02.662+0000] {processor.py:179} INFO - Processing /opt/airflow/dags/S3_UPLOAD_BRONZE_DAG.py took 0.091 seconds
[2026-06-07T23:26:32.726+0000] {processor.py:157} INFO - Started process (PID=2732) to work on /opt/airflow/dags/S3_UPLOAD_BRONZE_DAG.py
[2026-06-07T23:26:32.727+0000] {processor.py:829} INFO - Processing file /opt/airflow/dags/S3_UPLOAD_BRONZE_DAG.py for tasks to queue
[2026-06-07T23:26:32.728+0000] {logging_mixin.py:154} INFO - [2026-06-07T23:26:32.728+0000] {dagbag.py:536} INFO - Filling up the DagBag from /opt/airflow/dags/S3_UPLOAD_BRONZE_DAG.py
[2026-06-07T23:26:32.745+0000] {processor.py:839} INFO - DAG(s) dict_keys(['daily_vulnerability_ingestion']) retrieved from /opt/airflow/dags/S3_UPLOAD_BRONZE_DAG.py
[2026-06-07T23:26:32.769+0000] {logging_mixin.py:154} INFO - [2026-06-07T23:26:32.768+0000] {dag.py:2941} INFO - Sync 1 DAGs
[2026-06-07T23:26:32.788+0000] {logging_mixin.py:154} INFO - [2026-06-07T23:26:32.788+0000] {dag.py:3722} INFO - Setting next_dagrun for daily_vulnerability_ingestion to 2026-06-07T14:52:05.384041+00:00, run_after=2026-06-08T14:52:05.384041+00:00
[2026-06-07T23:26:32.807+0000] {processor.py:179} INFO - Processing /opt/airflow/dags/S3_UPLOAD_BRONZE_DAG.py took 0.084 seconds
[2026-06-07T23:27:02.901+0000] {processor.py:157} INFO - Started process (PID=2737) to work on /opt/airflow/dags/S3_UPLOAD_BRONZE_DAG.py
[2026-06-07T23:27:02.902+0000] {processor.py:829} INFO - Processing file /opt/airflow/dags/S3_UPLOAD_BRONZE_DAG.py for tasks to queue
[2026-06-07T23:27:02.903+0000] {logging_mixin.py:154} INFO - [2026-06-07T23:27:02.903+0000] {dagbag.py:536} INFO - Filling up the DagBag from /opt/airflow/dags/S3_UPLOAD_BRONZE_DAG.py
[2026-06-07T23:27:02.923+0000] {processor.py:839} INFO - DAG(s) dict_keys(['daily_vulnerability_ingestion']) retrieved from /opt/airflow/dags/S3_UPLOAD_BRONZE_DAG.py
[2026-06-07T23:27:02.958+0000] {logging_mixin.py:154} INFO - [2026-06-07T23:27:02.958+0000] {dag.py:2941} INFO - Sync 1 DAGs
[2026-06-07T23:27:02.992+0000] {logging_mixin.py:154} INFO - [2026-06-07T23:27:02.992+0000] {dag.py:3722} INFO - Setting next_dagrun for daily_vulnerability_ingestion to 2026-06-07T14:52:05.384041+00:00, run_after=2026-06-08T14:52:05.384041+00:00
[2026-06-07T23:27:03.012+0000] {processor.py:179} INFO - Processing /opt/airflow/dags/S3_UPLOAD_BRONZE_DAG.py took 0.115 seconds
[2026-06-07T23:27:33.128+0000] {processor.py:157} INFO - Started process (PID=2742) to work on /opt/airflow/dags/S3_UPLOAD_BRONZE_DAG.py
[2026-06-07T23:27:33.129+0000] {processor.py:829} INFO - Processing file /opt/airflow/dags/S3_UPLOAD_BRONZE_DAG.py for tasks to queue
[2026-06-07T23:27:33.129+0000] {logging_mixin.py:154} INFO - [2026-06-07T23:27:33.129+0000] {dagbag.py:536} INFO - Filling up the DagBag from /opt/airflow/dags/S3_UPLOAD_BRONZE_DAG.py
[2026-06-07T23:27:33.145+0000] {processor.py:839} INFO - DAG(s) dict_keys(['daily_vulnerability_ingestion']) retrieved from /opt/airflow/dags/S3_UPLOAD_BRONZE_DAG.py
[2026-06-07T23:27:33.176+0000] {logging_mixin.py:154} INFO - [2026-06-07T23:27:33.176+0000] {dag.py:2941} INFO - Sync 1 DAGs
[2026-06-07T23:27:33.208+0000] {logging_mixin.py:154} INFO - [2026-06-07T23:27:33.208+0000] {dag.py:3722} INFO - Setting next_dagrun for daily_vulnerability_ingestion to 2026-06-07T14:52:05.384041+00:00, run_after=2026-06-08T14:52:05.384041+00:00
[2026-06-07T23:27:33.232+0000] {processor.py:179} INFO - Processing /opt/airflow/dags/S3_UPLOAD_BRONZE_DAG.py took 0.107 seconds
[2026-06-07T23:28:03.362+0000] {processor.py:157} INFO - Started process (PID=2747) to work on /opt/airflow/dags/S3_UPLOAD_BRONZE_DAG.py
[2026-06-07T23:28:03.363+0000] {processor.py:829} INFO - Processing file /opt/airflow/dags/S3_UPLOAD_BRONZE_DAG.py for tasks to queue
[2026-06-07T23:28:03.364+0000] {logging_mixin.py:154} INFO - [2026-06-07T23:28:03.364+0000] {dagbag.py:536} INFO - Filling up the DagBag from /opt/airflow/dags/S3_UPLOAD_BRONZE_DAG.py
[2026-06-07T23:28:03.377+0000] {processor.py:839} INFO - DAG(s) dict_keys(['daily_vulnerability_ingestion']) retrieved from /opt/airflow/dags/S3_UPLOAD_BRONZE_DAG.py
[2026-06-07T23:28:03.410+0000] {logging_mixin.py:154} INFO - [2026-06-07T23:28:03.410+0000] {dag.py:2941} INFO - Sync 1 DAGs
[2026-06-07T23:28:03.439+0000] {logging_mixin.py:154} INFO - [2026-06-07T23:28:03.439+0000] {dag.py:3722} INFO - Setting next_dagrun for daily_vulnerability_ingestion to 2026-06-07T14:52:05.384041+00:00, run_after=2026-06-08T14:52:05.384041+00:00
[2026-06-07T23:28:03.460+0000] {processor.py:179} INFO - Processing /opt/airflow/dags/S3_UPLOAD_BRONZE_DAG.py took 0.101 seconds
[2026-06-07T23:28:33.491+0000] {processor.py:157} INFO - Started process (PID=2752) to work on /opt/airflow/dags/S3_UPLOAD_BRONZE_DAG.py
[2026-06-07T23:28:33.491+0000] {processor.py:829} INFO - Processing file /opt/airflow/dags/S3_UPLOAD_BRONZE_DAG.py for tasks to queue
[2026-06-07T23:28:33.492+0000] {logging_mixin.py:154} INFO - [2026-06-07T23:28:33.492+0000] {dagbag.py:536} INFO - Filling up the DagBag from /opt/airflow/dags/S3_UPLOAD_BRONZE_DAG.py
[2026-06-07T23:28:33.508+0000] {processor.py:839} INFO - DAG(s) dict_keys(['daily_vulnerability_ingestion']) retrieved from /opt/airflow/dags/S3_UPLOAD_BRONZE_DAG.py
[2026-06-07T23:28:33.536+0000] {logging_mixin.py:154} INFO - [2026-06-07T23:28:33.535+0000] {dag.py:2941} INFO - Sync 1 DAGs
[2026-06-07T23:28:33.558+0000] {logging_mixin.py:154} INFO - [2026-06-07T23:28:33.558+0000] {dag.py:3722} INFO - Setting next_dagrun for daily_vulnerability_ingestion to 2026-06-07T14:52:05.384041+00:00, run_after=2026-06-08T14:52:05.384041+00:00
[2026-06-07T23:28:33.581+0000] {processor.py:179} INFO - Processing /opt/airflow/dags/S3_UPLOAD_BRONZE_DAG.py took 0.095 seconds
[2026-06-07T23:29:03.678+0000] {processor.py:157} INFO - Started process (PID=2757) to work on /opt/airflow/dags/S3_UPLOAD_BRONZE_DAG.py
[2026-06-07T23:29:03.680+0000] {processor.py:829} INFO - Processing file /opt/airflow/dags/S3_UPLOAD_BRONZE_DAG.py for tasks to queue
[2026-06-07T23:29:03.681+0000] {logging_mixin.py:154} INFO - [2026-06-07T23:29:03.680+0000] {dagbag.py:536} INFO - Filling up the DagBag from /opt/airflow/dags/S3_UPLOAD_BRONZE_DAG.py
[2026-06-07T23:29:03.699+0000] {processor.py:839} INFO - DAG(s) dict_keys(['daily_vulnerability_ingestion']) retrieved from /opt/airflow/dags/S3_UPLOAD_BRONZE_DAG.py
[2026-06-07T23:29:03.726+0000] {logging_mixin.py:154} INFO - [2026-06-07T23:29:03.726+0000] {dag.py:2941} INFO - Sync 1 DAGs
[2026-06-07T23:29:03.752+0000] {logging_mixin.py:154} INFO - [2026-06-07T23:29:03.752+0000] {dag.py:3722} INFO - Setting next_dagrun for daily_vulnerability_ingestion to 2026-06-07T14:52:05.384041+00:00, run_after=2026-06-08T14:52:05.384041+00:00
[2026-06-07T23:29:03.773+0000] {processor.py:179} INFO - Processing /opt/airflow/dags/S3_UPLOAD_BRONZE_DAG.py took 0.099 seconds
[2026-06-07T23:29:33.888+0000] {processor.py:157} INFO - Started process (PID=2762) to work on /opt/airflow/dags/S3_UPLOAD_BRONZE_DAG.py
[2026-06-07T23:29:33.889+0000] {processor.py:829} INFO - Processing file /opt/airflow/dags/S3_UPLOAD_BRONZE_DAG.py for tasks to queue
[2026-06-07T23:29:33.889+0000] {logging_mixin.py:154} INFO - [2026-06-07T23:29:33.889+0000] {dagbag.py:536} INFO - Filling up the DagBag from /opt/airflow/dags/S3_UPLOAD_BRONZE_DAG.py
[2026-06-07T23:29:33.903+0000] {processor.py:839} INFO - DAG(s) dict_keys(['daily_vulnerability_ingestion']) retrieved from /opt/airflow/dags/S3_UPLOAD_BRONZE_DAG.py
[2026-06-07T23:29:33.928+0000] {logging_mixin.py:154} INFO - [2026-06-07T23:29:33.927+0000] {dag.py:2941} INFO - Sync 1 DAGs
[2026-06-07T23:29:33.948+0000] {logging_mixin.py:154} INFO - [2026-06-07T23:29:33.948+0000] {dag.py:3722} INFO - Setting next_dagrun for daily_vulnerability_ingestion to 2026-06-07T14:52:05.384041+00:00, run_after=2026-06-08T14:52:05.384041+00:00
[2026-06-07T23:29:33.969+0000] {processor.py:179} INFO - Processing /opt/airflow/dags/S3_UPLOAD_BRONZE_DAG.py took 0.085 seconds
[2026-06-07T23:30:03.990+0000] {processor.py:157} INFO - Started process (PID=2767) to work on /opt/airflow/dags/S3_UPLOAD_BRONZE_DAG.py
[2026-06-07T23:30:03.991+0000] {processor.py:829} INFO - Processing file /opt/airflow/dags/S3_UPLOAD_BRONZE_DAG.py for tasks to queue
[2026-06-07T23:30:03.992+0000] {logging_mixin.py:154} INFO - [2026-06-07T23:30:03.992+0000] {dagbag.py:536} INFO - Filling up the DagBag from /opt/airflow/dags/S3_UPLOAD_BRONZE_DAG.py
[2026-06-07T23:30:04.009+0000] {processor.py:839} INFO - DAG(s) dict_keys(['daily_vulnerability_ingestion']) retrieved from /opt/airflow/dags/S3_UPLOAD_BRONZE_DAG.py
[2026-06-07T23:30:04.048+0000] {logging_mixin.py:154} INFO - [2026-06-07T23:30:04.048+0000] {dag.py:2941} INFO - Sync 1 DAGs
[2026-06-07T23:30:04.075+0000] {logging_mixin.py:154} INFO - [2026-06-07T23:30:04.075+0000] {dag.py:3722} INFO - Setting next_dagrun for daily_vulnerability_ingestion to 2026-06-07T14:52:05.384041+00:00, run_after=2026-06-08T14:52:05.384041+00:00
[2026-06-07T23:30:04.096+0000] {processor.py:179} INFO - Processing /opt/airflow/dags/S3_UPLOAD_BRONZE_DAG.py took 0.110 seconds
[2026-06-07T23:30:34.173+0000] {processor.py:157} INFO - Started process (PID=2772) to work on /opt/airflow/dags/S3_UPLOAD_BRONZE_DAG.py
[2026-06-07T23:30:34.173+0000] {processor.py:829} INFO - Processing file /opt/airflow/dags/S3_UPLOAD_BRONZE_DAG.py for tasks to queue
[2026-06-07T23:30:34.174+0000] {logging_mixin.py:154} INFO - [2026-06-07T23:30:34.174+0000] {dagbag.py:536} INFO - Filling up the DagBag from /opt/airflow/dags/S3_UPLOAD_BRONZE_DAG.py
[2026-06-07T23:30:34.188+0000] {processor.py:839} INFO - DAG(s) dict_keys(['daily_vulnerability_ingestion']) retrieved from /opt/airflow/dags/S3_UPLOAD_BRONZE_DAG.py
[2026-06-07T23:30:34.222+0000] {logging_mixin.py:154} INFO - [2026-06-07T23:30:34.222+0000] {dag.py:2941} INFO - Sync 1 DAGs
[2026-06-07T23:30:34.276+0000] {logging_mixin.py:154} INFO - [2026-06-07T23:30:34.276+0000] {dag.py:3722} INFO - Setting next_dagrun for daily_vulnerability_ingestion to 2026-06-07T14:52:05.384041+00:00, run_after=2026-06-08T14:52:05.384041+00:00
[2026-06-07T23:30:34.303+0000] {processor.py:179} INFO - Processing /opt/airflow/dags/S3_UPLOAD_BRONZE_DAG.py took 0.133 seconds
[2026-06-07T23:31:04.444+0000] {processor.py:157} INFO - Started process (PID=2777) to work on /opt/airflow/dags/S3_UPLOAD_BRONZE_DAG.py
[2026-06-07T23:31:04.445+0000] {processor.py:829} INFO - Processing file /opt/airflow/dags/S3_UPLOAD_BRONZE_DAG.py for tasks to queue
[2026-06-07T23:31:04.447+0000] {logging_mixin.py:154} INFO - [2026-06-07T23:31:04.446+0000] {dagbag.py:536} INFO - Filling up the DagBag from /opt/airflow/dags/S3_UPLOAD_BRONZE_DAG.py
[2026-06-07T23:31:04.498+0000] {processor.py:839} INFO - DAG(s) dict_keys(['daily_vulnerability_ingestion']) retrieved from /opt/airflow/dags/S3_UPLOAD_BRONZE_DAG.py
[2026-06-07T23:31:04.547+0000] {logging_mixin.py:154} INFO - [2026-06-07T23:31:04.547+0000] {dag.py:2941} INFO - Sync 1 DAGs
[2026-06-07T23:31:04.581+0000] {logging_mixin.py:154} INFO - [2026-06-07T23:31:04.581+0000] {dag.py:3722} INFO - Setting next_dagrun for daily_vulnerability_ingestion to 2026-06-07T14:52:05.384041+00:00, run_after=2026-06-08T14:52:05.384041+00:00
[2026-06-07T23:31:04.607+0000] {processor.py:179} INFO - Processing /opt/airflow/dags/S3_UPLOAD_BRONZE_DAG.py took 0.168 seconds
[2026-06-07T23:31:34.749+0000] {processor.py:157} INFO - Started process (PID=2782) to work on /opt/airflow/dags/S3_UPLOAD_BRONZE_DAG.py
[2026-06-07T23:31:34.750+0000] {processor.py:829} INFO - Processing file /opt/airflow/dags/S3_UPLOAD_BRONZE_DAG.py for tasks to queue
[2026-06-07T23:31:34.752+0000] {logging_mixin.py:154} INFO - [2026-06-07T23:31:34.751+0000] {dagbag.py:536} INFO - Filling up the DagBag from /opt/airflow/dags/S3_UPLOAD_BRONZE_DAG.py
[2026-06-07T23:31:34.780+0000] {processor.py:839} INFO - DAG(s) dict_keys(['daily_vulnerability_ingestion']) retrieved from /opt/airflow/dags/S3_UPLOAD_BRONZE_DAG.py
[2026-06-07T23:31:34.823+0000] {logging_mixin.py:154} INFO - [2026-06-07T23:31:34.822+0000] {dag.py:2941} INFO - Sync 1 DAGs
[2026-06-07T23:31:34.858+0000] {logging_mixin.py:154} INFO - [2026-06-07T23:31:34.857+0000] {dag.py:3722} INFO - Setting next_dagrun for daily_vulnerability_ingestion to 2026-06-07T14:52:05.384041+00:00, run_after=2026-06-08T14:52:05.384041+00:00
[2026-06-07T23:31:34.884+0000] {processor.py:179} INFO - Processing /opt/airflow/dags/S3_UPLOAD_BRONZE_DAG.py took 0.142 seconds
[2026-06-07T23:32:05.004+0000] {processor.py:157} INFO - Started process (PID=2787) to work on /opt/airflow/dags/S3_UPLOAD_BRONZE_DAG.py
[2026-06-07T23:32:05.005+0000] {processor.py:829} INFO - Processing file /opt/airflow/dags/S3_UPLOAD_BRONZE_DAG.py for tasks to queue
[2026-06-07T23:32:05.006+0000] {logging_mixin.py:154} INFO - [2026-06-07T23:32:05.006+0000] {dagbag.py:536} INFO - Filling up the DagBag from /opt/airflow/dags/S3_UPLOAD_BRONZE_DAG.py
[2026-06-07T23:32:05.030+0000] {processor.py:839} INFO - DAG(s) dict_keys(['daily_vulnerability_ingestion']) retrieved from /opt/airflow/dags/S3_UPLOAD_BRONZE_DAG.py
[2026-06-07T23:32:05.057+0000] {logging_mixin.py:154} INFO - [2026-06-07T23:32:05.057+0000] {dag.py:2941} INFO - Sync 1 DAGs
[2026-06-07T23:32:05.082+0000] {logging_mixin.py:154} INFO - [2026-06-07T23:32:05.082+0000] {dag.py:3722} INFO - Setting next_dagrun for daily_vulnerability_ingestion to 2026-06-07T14:52:05.384041+00:00, run_after=2026-06-08T14:52:05.384041+00:00
[2026-06-07T23:32:05.101+0000] {processor.py:179} INFO - Processing /opt/airflow/dags/S3_UPLOAD_BRONZE_DAG.py took 0.101 seconds
[2026-06-07T23:32:35.218+0000] {processor.py:157} INFO - Started process (PID=2792) to work on /opt/airflow/dags/S3_UPLOAD_BRONZE_DAG.py
[2026-06-07T23:32:35.219+0000] {processor.py:829} INFO - Processing file /opt/airflow/dags/S3_UPLOAD_BRONZE_DAG.py for tasks to queue
[2026-06-07T23:32:35.221+0000] {logging_mixin.py:154} INFO - [2026-06-07T23:32:35.220+0000] {dagbag.py:536} INFO - Filling up the DagBag from /opt/airflow/dags/S3_UPLOAD_BRONZE_DAG.py
[2026-06-07T23:32:35.237+0000] {processor.py:839} INFO - DAG(s) dict_keys(['daily_vulnerability_ingestion']) retrieved from /opt/airflow/dags/S3_UPLOAD_BRONZE_DAG.py
[2026-06-07T23:32:35.265+0000] {logging_mixin.py:154} INFO - [2026-06-07T23:32:35.264+0000] {dag.py:2941} INFO - Sync 1 DAGs
[2026-06-07T23:32:35.290+0000] {logging_mixin.py:154} INFO - [2026-06-07T23:32:35.289+0000] {dag.py:3722} INFO - Setting next_dagrun for daily_vulnerability_ingestion to 2026-06-07T14:52:05.384041+00:00, run_after=2026-06-08T14:52:05.384041+00:00
[2026-06-07T23:32:35.310+0000] {processor.py:179} INFO - Processing /opt/airflow/dags/S3_UPLOAD_BRONZE_DAG.py took 0.097 seconds
[2026-06-07T23:33:05.427+0000] {processor.py:157} INFO - Started process (PID=2797) to work on /opt/airflow/dags/S3_UPLOAD_BRONZE_DAG.py
[2026-06-07T23:33:05.428+0000] {processor.py:829} INFO - Processing file /opt/airflow/dags/S3_UPLOAD_BRONZE_DAG.py for tasks to queue
[2026-06-07T23:33:05.429+0000] {logging_mixin.py:154} INFO - [2026-06-07T23:33:05.429+0000] {dagbag.py:536} INFO - Filling up the DagBag from /opt/airflow/dags/S3_UPLOAD_BRONZE_DAG.py
[2026-06-07T23:33:05.445+0000] {processor.py:839} INFO - DAG(s) dict_keys(['daily_vulnerability_ingestion']) retrieved from /opt/airflow/dags/S3_UPLOAD_BRONZE_DAG.py
[2026-06-07T23:33:05.468+0000] {logging_mixin.py:154} INFO - [2026-06-07T23:33:05.468+0000] {dag.py:2941} INFO - Sync 1 DAGs
[2026-06-07T23:33:05.491+0000] {logging_mixin.py:154} INFO - [2026-06-07T23:33:05.490+0000] {dag.py:3722} INFO - Setting next_dagrun for daily_vulnerability_ingestion to 2026-06-07T14:52:05.384041+00:00, run_after=2026-06-08T14:52:05.384041+00:00
[2026-06-07T23:33:05.628+0000] {processor.py:179} INFO - Processing /opt/airflow/dags/S3_UPLOAD_BRONZE_DAG.py took 0.204 seconds
[2026-06-07T23:33:35.748+0000] {processor.py:157} INFO - Started process (PID=2802) to work on /opt/airflow/dags/S3_UPLOAD_BRONZE_DAG.py
[2026-06-07T23:33:35.749+0000] {processor.py:829} INFO - Processing file /opt/airflow/dags/S3_UPLOAD_BRONZE_DAG.py for tasks to queue
[2026-06-07T23:33:35.751+0000] {logging_mixin.py:154} INFO - [2026-06-07T23:33:35.750+0000] {dagbag.py:536} INFO - Filling up the DagBag from /opt/airflow/dags/S3_UPLOAD_BRONZE_DAG.py
[2026-06-07T23:33:35.770+0000] {processor.py:839} INFO - DAG(s) dict_keys(['daily_vulnerability_ingestion']) retrieved from /opt/airflow/dags/S3_UPLOAD_BRONZE_DAG.py
[2026-06-07T23:33:35.795+0000] {logging_mixin.py:154} INFO - [2026-06-07T23:33:35.795+0000] {dag.py:2941} INFO - Sync 1 DAGs
[2026-06-07T23:33:35.817+0000] {logging_mixin.py:154} INFO - [2026-06-07T23:33:35.817+0000] {dag.py:3722} INFO - Setting next_dagrun for daily_vulnerability_ingestion to 2026-06-07T14:52:05.384041+00:00, run_after=2026-06-08T14:52:05.384041+00:00
[2026-06-07T23:33:35.844+0000] {processor.py:179} INFO - Processing /opt/airflow/dags/S3_UPLOAD_BRONZE_DAG.py took 0.101 seconds
[2026-06-07T23:34:05.969+0000] {processor.py:157} INFO - Started process (PID=2807) to work on /opt/airflow/dags/S3_UPLOAD_BRONZE_DAG.py
[2026-06-07T23:34:05.970+0000] {processor.py:829} INFO - Processing file /opt/airflow/dags/S3_UPLOAD_BRONZE_DAG.py for tasks to queue
[2026-06-07T23:34:05.971+0000] {logging_mixin.py:154} INFO - [2026-06-07T23:34:05.970+0000] {dagbag.py:536} INFO - Filling up the DagBag from /opt/airflow/dags/S3_UPLOAD_BRONZE_DAG.py
[2026-06-07T23:34:05.991+0000] {processor.py:839} INFO - DAG(s) dict_keys(['daily_vulnerability_ingestion']) retrieved from /opt/airflow/dags/S3_UPLOAD_BRONZE_DAG.py
[2026-06-07T23:34:06.022+0000] {logging_mixin.py:154} INFO - [2026-06-07T23:34:06.022+0000] {dag.py:2941} INFO - Sync 1 DAGs
[2026-06-07T23:34:06.180+0000] {logging_mixin.py:154} INFO - [2026-06-07T23:34:06.180+0000] {dag.py:3722} INFO - Setting next_dagrun for daily_vulnerability_ingestion to 2026-06-07T14:52:05.384041+00:00, run_after=2026-06-08T14:52:05.384041+00:00
[2026-06-07T23:34:06.199+0000] {processor.py:179} INFO - Processing /opt/airflow/dags/S3_UPLOAD_BRONZE_DAG.py took 0.236 seconds
[2026-06-07T23:34:36.461+0000] {processor.py:157} INFO - Started process (PID=2812) to work on /opt/airflow/dags/S3_UPLOAD_BRONZE_DAG.py
[2026-06-07T23:34:36.462+0000] {processor.py:829} INFO - Processing file /opt/airflow/dags/S3_UPLOAD_BRONZE_DAG.py for tasks to queue
[2026-06-07T23:34:36.463+0000] {logging_mixin.py:154} INFO - [2026-06-07T23:34:36.463+0000] {dagbag.py:536} INFO - Filling up the DagBag from /opt/airflow/dags/S3_UPLOAD_BRONZE_DAG.py
[2026-06-07T23:34:36.479+0000] {processor.py:839} INFO - DAG(s) dict_keys(['daily_vulnerability_ingestion']) retrieved from /opt/airflow/dags/S3_UPLOAD_BRONZE_DAG.py
[2026-06-07T23:34:36.510+0000] {logging_mixin.py:154} INFO - [2026-06-07T23:34:36.510+0000] {dag.py:2941} INFO - Sync 1 DAGs
[2026-06-07T23:34:36.535+0000] {logging_mixin.py:154} INFO - [2026-06-07T23:34:36.535+0000] {dag.py:3722} INFO - Setting next_dagrun for daily_vulnerability_ingestion to 2026-06-07T14:52:05.384041+00:00, run_after=2026-06-08T14:52:05.384041+00:00
[2026-06-07T23:34:36.554+0000] {processor.py:179} INFO - Processing /opt/airflow/dags/S3_UPLOAD_BRONZE_DAG.py took 0.098 seconds
[2026-06-07T23:35:06.588+0000] {processor.py:157} INFO - Started process (PID=2817) to work on /opt/airflow/dags/S3_UPLOAD_BRONZE_DAG.py
[2026-06-07T23:35:06.589+0000] {processor.py:829} INFO - Processing file /opt/airflow/dags/S3_UPLOAD_BRONZE_DAG.py for tasks to queue
[2026-06-07T23:35:06.590+0000] {logging_mixin.py:154} INFO - [2026-06-07T23:35:06.589+0000] {dagbag.py:536} INFO - Filling up the DagBag from /opt/airflow/dags/S3_UPLOAD_BRONZE_DAG.py
[2026-06-07T23:35:06.606+0000] {processor.py:839} INFO - DAG(s) dict_keys(['daily_vulnerability_ingestion']) retrieved from /opt/airflow/dags/S3_UPLOAD_BRONZE_DAG.py
[2026-06-07T23:35:06.631+0000] {logging_mixin.py:154} INFO - [2026-06-07T23:35:06.630+0000] {dag.py:2941} INFO - Sync 1 DAGs
[2026-06-07T23:35:06.653+0000] {logging_mixin.py:154} INFO - [2026-06-07T23:35:06.653+0000] {dag.py:3722} INFO - Setting next_dagrun for daily_vulnerability_ingestion to 2026-06-07T14:52:05.384041+00:00, run_after=2026-06-08T14:52:05.384041+00:00
[2026-06-07T23:35:06.675+0000] {processor.py:179} INFO - Processing /opt/airflow/dags/S3_UPLOAD_BRONZE_DAG.py took 0.093 seconds
[2026-06-07T23:35:36.790+0000] {processor.py:157} INFO - Started process (PID=2822) to work on /opt/airflow/dags/S3_UPLOAD_BRONZE_DAG.py
[2026-06-07T23:35:36.791+0000] {processor.py:829} INFO - Processing file /opt/airflow/dags/S3_UPLOAD_BRONZE_DAG.py for tasks to queue
[2026-06-07T23:35:36.791+0000] {logging_mixin.py:154} INFO - [2026-06-07T23:35:36.791+0000] {dagbag.py:536} INFO - Filling up the DagBag from /opt/airflow/dags/S3_UPLOAD_BRONZE_DAG.py
[2026-06-07T23:35:36.805+0000] {processor.py:839} INFO - DAG(s) dict_keys(['daily_vulnerability_ingestion']) retrieved from /opt/airflow/dags/S3_UPLOAD_BRONZE_DAG.py
[2026-06-07T23:35:36.839+0000] {logging_mixin.py:154} INFO - [2026-06-07T23:35:36.839+0000] {dag.py:2941} INFO - Sync 1 DAGs
[2026-06-07T23:35:36.866+0000] {logging_mixin.py:154} INFO - [2026-06-07T23:35:36.866+0000] {dag.py:3722} INFO - Setting next_dagrun for daily_vulnerability_ingestion to 2026-06-07T14:52:05.384041+00:00, run_after=2026-06-08T14:52:05.384041+00:00
[2026-06-07T23:35:36.890+0000] {processor.py:179} INFO - Processing /opt/airflow/dags/S3_UPLOAD_BRONZE_DAG.py took 0.103 seconds
[2026-06-07T23:36:06.917+0000] {processor.py:157} INFO - Started process (PID=2827) to work on /opt/airflow/dags/S3_UPLOAD_BRONZE_DAG.py
[2026-06-07T23:36:06.918+0000] {processor.py:829} INFO - Processing file /opt/airflow/dags/S3_UPLOAD_BRONZE_DAG.py for tasks to queue
[2026-06-07T23:36:06.919+0000] {logging_mixin.py:154} INFO - [2026-06-07T23:36:06.918+0000] {dagbag.py:536} INFO - Filling up the DagBag from /opt/airflow/dags/S3_UPLOAD_BRONZE_DAG.py
[2026-06-07T23:36:06.934+0000] {processor.py:839} INFO - DAG(s) dict_keys(['daily_vulnerability_ingestion']) retrieved from /opt/airflow/dags/S3_UPLOAD_BRONZE_DAG.py
[2026-06-07T23:36:06.966+0000] {logging_mixin.py:154} INFO - [2026-06-07T23:36:06.966+0000] {dag.py:2941} INFO - Sync 1 DAGs
[2026-06-07T23:36:06.995+0000] {logging_mixin.py:154} INFO - [2026-06-07T23:36:06.994+0000] {dag.py:3722} INFO - Setting next_dagrun for daily_vulnerability_ingestion to 2026-06-07T14:52:05.384041+00:00, run_after=2026-06-08T14:52:05.384041+00:00
[2026-06-07T23:36:07.017+0000] {processor.py:179} INFO - Processing /opt/airflow/dags/S3_UPLOAD_BRONZE_DAG.py took 0.104 seconds
[2026-06-07T23:36:37.156+0000] {processor.py:157} INFO - Started process (PID=2832) to work on /opt/airflow/dags/S3_UPLOAD_BRONZE_DAG.py
[2026-06-07T23:36:37.157+0000] {processor.py:829} INFO - Processing file /opt/airflow/dags/S3_UPLOAD_BRONZE_DAG.py for tasks to queue
[2026-06-07T23:36:37.157+0000] {logging_mixin.py:154} INFO - [2026-06-07T23:36:37.157+0000] {dagbag.py:536} INFO - Filling up the DagBag from /opt/airflow/dags/S3_UPLOAD_BRONZE_DAG.py
[2026-06-07T23:36:37.173+0000] {processor.py:839} INFO - DAG(s) dict_keys(['daily_vulnerability_ingestion']) retrieved from /opt/airflow/dags/S3_UPLOAD_BRONZE_DAG.py
[2026-06-07T23:36:37.193+0000] {logging_mixin.py:154} INFO - [2026-06-07T23:36:37.193+0000] {dag.py:2941} INFO - Sync 1 DAGs
[2026-06-07T23:36:37.211+0000] {logging_mixin.py:154} INFO - [2026-06-07T23:36:37.211+0000] {dag.py:3722} INFO - Setting next_dagrun for daily_vulnerability_ingestion to 2026-06-07T14:52:05.384041+00:00, run_after=2026-06-08T14:52:05.384041+00:00
[2026-06-07T23:36:37.227+0000] {processor.py:179} INFO - Processing /opt/airflow/dags/S3_UPLOAD_BRONZE_DAG.py took 0.075 seconds
[2026-06-07T23:37:07.326+0000] {processor.py:157} INFO - Started process (PID=2837) to work on /opt/airflow/dags/S3_UPLOAD_BRONZE_DAG.py
[2026-06-07T23:37:07.328+0000] {processor.py:829} INFO - Processing file /opt/airflow/dags/S3_UPLOAD_BRONZE_DAG.py for tasks to queue
[2026-06-07T23:37:07.329+0000] {logging_mixin.py:154} INFO - [2026-06-07T23:37:07.328+0000] {dagbag.py:536} INFO - Filling up the DagBag from /opt/airflow/dags/S3_UPLOAD_BRONZE_DAG.py
[2026-06-07T23:37:07.350+0000] {processor.py:839} INFO - DAG(s) dict_keys(['daily_vulnerability_ingestion']) retrieved from /opt/airflow/dags/S3_UPLOAD_BRONZE_DAG.py
[2026-06-07T23:37:07.371+0000] {logging_mixin.py:154} INFO - [2026-06-07T23:37:07.371+0000] {dag.py:2941} INFO - Sync 1 DAGs
[2026-06-07T23:37:07.388+0000] {logging_mixin.py:154} INFO - [2026-06-07T23:37:07.388+0000] {dag.py:3722} INFO - Setting next_dagrun for daily_vulnerability_ingestion to 2026-06-07T14:52:05.384041+00:00, run_after=2026-06-08T14:52:05.384041+00:00
[2026-06-07T23:37:07.402+0000] {processor.py:179} INFO - Processing /opt/airflow/dags/S3_UPLOAD_BRONZE_DAG.py took 0.083 seconds
[2026-06-07T23:37:37.520+0000] {processor.py:157} INFO - Started process (PID=2842) to work on /opt/airflow/dags/S3_UPLOAD_BRONZE_DAG.py
[2026-06-07T23:37:37.520+0000] {processor.py:829} INFO - Processing file /opt/airflow/dags/S3_UPLOAD_BRONZE_DAG.py for tasks to queue
[2026-06-07T23:37:37.521+0000] {logging_mixin.py:154} INFO - [2026-06-07T23:37:37.521+0000] {dagbag.py:536} INFO - Filling up the DagBag from /opt/airflow/dags/S3_UPLOAD_BRONZE_DAG.py
[2026-06-07T23:37:37.538+0000] {processor.py:839} INFO - DAG(s) dict_keys(['daily_vulnerability_ingestion']) retrieved from /opt/airflow/dags/S3_UPLOAD_BRONZE_DAG.py
[2026-06-07T23:37:37.560+0000] {logging_mixin.py:154} INFO - [2026-06-07T23:37:37.560+0000] {dag.py:2941} INFO - Sync 1 DAGs
[2026-06-07T23:37:37.580+0000] {logging_mixin.py:154} INFO - [2026-06-07T23:37:37.580+0000] {dag.py:3722} INFO - Setting next_dagrun for daily_vulnerability_ingestion to 2026-06-07T14:52:05.384041+00:00, run_after=2026-06-08T14:52:05.384041+00:00
[2026-06-07T23:37:37.596+0000] {processor.py:179} INFO - Processing /opt/airflow/dags/S3_UPLOAD_BRONZE_DAG.py took 0.079 seconds
[2026-06-07T23:38:07.677+0000] {processor.py:157} INFO - Started process (PID=2847) to work on /opt/airflow/dags/S3_UPLOAD_BRONZE_DAG.py
[2026-06-07T23:38:07.678+0000] {processor.py:829} INFO - Processing file /opt/airflow/dags/S3_UPLOAD_BRONZE_DAG.py for tasks to queue
[2026-06-07T23:38:07.679+0000] {logging_mixin.py:154} INFO - [2026-06-07T23:38:07.679+0000] {dagbag.py:536} INFO - Filling up the DagBag from /opt/airflow/dags/S3_UPLOAD_BRONZE_DAG.py
[2026-06-07T23:38:07.692+0000] {processor.py:839} INFO - DAG(s) dict_keys(['daily_vulnerability_ingestion']) retrieved from /opt/airflow/dags/S3_UPLOAD_BRONZE_DAG.py
[2026-06-07T23:38:07.723+0000] {logging_mixin.py:154} INFO - [2026-06-07T23:38:07.722+0000] {dag.py:2941} INFO - Sync 1 DAGs
[2026-06-07T23:38:07.751+0000] {logging_mixin.py:154} INFO - [2026-06-07T23:38:07.751+0000] {dag.py:3722} INFO - Setting next_dagrun for daily_vulnerability_ingestion to 2026-06-07T14:52:05.384041+00:00, run_after=2026-06-08T14:52:05.384041+00:00
[2026-06-07T23:38:07.768+0000] {processor.py:179} INFO - Processing /opt/airflow/dags/S3_UPLOAD_BRONZE_DAG.py took 0.094 seconds
[2026-06-07T23:38:37.861+0000] {processor.py:157} INFO - Started process (PID=2852) to work on /opt/airflow/dags/S3_UPLOAD_BRONZE_DAG.py
[2026-06-07T23:38:37.861+0000] {processor.py:829} INFO - Processing file /opt/airflow/dags/S3_UPLOAD_BRONZE_DAG.py for tasks to queue
[2026-06-07T23:38:37.862+0000] {logging_mixin.py:154} INFO - [2026-06-07T23:38:37.862+0000] {dagbag.py:536} INFO - Filling up the DagBag from /opt/airflow/dags/S3_UPLOAD_BRONZE_DAG.py
[2026-06-07T23:38:37.876+0000] {processor.py:839} INFO - DAG(s) dict_keys(['daily_vulnerability_ingestion']) retrieved from /opt/airflow/dags/S3_UPLOAD_BRONZE_DAG.py
[2026-06-07T23:38:37.899+0000] {logging_mixin.py:154} INFO - [2026-06-07T23:38:37.899+0000] {dag.py:2941} INFO - Sync 1 DAGs
[2026-06-07T23:38:37.919+0000] {logging_mixin.py:154} INFO - [2026-06-07T23:38:37.919+0000] {dag.py:3722} INFO - Setting next_dagrun for daily_vulnerability_ingestion to 2026-06-07T14:52:05.384041+00:00, run_after=2026-06-08T14:52:05.384041+00:00
[2026-06-07T23:38:37.933+0000] {processor.py:179} INFO - Processing /opt/airflow/dags/S3_UPLOAD_BRONZE_DAG.py took 0.077 seconds
[2026-06-07T23:39:08.003+0000] {processor.py:157} INFO - Started process (PID=2857) to work on /opt/airflow/dags/S3_UPLOAD_BRONZE_DAG.py
[2026-06-07T23:39:08.004+0000] {processor.py:829} INFO - Processing file /opt/airflow/dags/S3_UPLOAD_BRONZE_DAG.py for tasks to queue
[2026-06-07T23:39:08.005+0000] {logging_mixin.py:154} INFO - [2026-06-07T23:39:08.004+0000] {dagbag.py:536} INFO - Filling up the DagBag from /opt/airflow/dags/S3_UPLOAD_BRONZE_DAG.py
[2026-06-07T23:39:08.029+0000] {processor.py:839} INFO - DAG(s) dict_keys(['daily_vulnerability_ingestion']) retrieved from /opt/airflow/dags/S3_UPLOAD_BRONZE_DAG.py
[2026-06-07T23:39:08.070+0000] {logging_mixin.py:154} INFO - [2026-06-07T23:39:08.070+0000] {dag.py:2941} INFO - Sync 1 DAGs
[2026-06-07T23:39:08.107+0000] {logging_mixin.py:154} INFO - [2026-06-07T23:39:08.107+0000] {dag.py:3722} INFO - Setting next_dagrun for daily_vulnerability_ingestion to 2026-06-07T14:52:05.384041+00:00, run_after=2026-06-08T14:52:05.384041+00:00
[2026-06-07T23:39:08.127+0000] {processor.py:179} INFO - Processing /opt/airflow/dags/S3_UPLOAD_BRONZE_DAG.py took 0.130 seconds
[2026-06-07T23:39:38.246+0000] {processor.py:157} INFO - Started process (PID=2862) to work on /opt/airflow/dags/S3_UPLOAD_BRONZE_DAG.py
[2026-06-07T23:39:38.246+0000] {processor.py:829} INFO - Processing file /opt/airflow/dags/S3_UPLOAD_BRONZE_DAG.py for tasks to queue
[2026-06-07T23:39:38.247+0000] {logging_mixin.py:154} INFO - [2026-06-07T23:39:38.247+0000] {dagbag.py:536} INFO - Filling up the DagBag from /opt/airflow/dags/S3_UPLOAD_BRONZE_DAG.py
[2026-06-07T23:39:38.264+0000] {processor.py:839} INFO - DAG(s) dict_keys(['daily_vulnerability_ingestion']) retrieved from /opt/airflow/dags/S3_UPLOAD_BRONZE_DAG.py
[2026-06-07T23:39:38.289+0000] {logging_mixin.py:154} INFO - [2026-06-07T23:39:38.289+0000] {dag.py:2941} INFO - Sync 1 DAGs
[2026-06-07T23:39:38.311+0000] {logging_mixin.py:154} INFO - [2026-06-07T23:39:38.311+0000] {dag.py:3722} INFO - Setting next_dagrun for daily_vulnerability_ingestion to 2026-06-07T14:52:05.384041+00:00, run_after=2026-06-08T14:52:05.384041+00:00
[2026-06-07T23:39:38.326+0000] {processor.py:179} INFO - Processing /opt/airflow/dags/S3_UPLOAD_BRONZE_DAG.py took 0.084 seconds
[2026-06-07T23:40:08.369+0000] {processor.py:157} INFO - Started process (PID=2867) to work on /opt/airflow/dags/S3_UPLOAD_BRONZE_DAG.py
[2026-06-07T23:40:08.369+0000] {processor.py:829} INFO - Processing file /opt/airflow/dags/S3_UPLOAD_BRONZE_DAG.py for tasks to queue
[2026-06-07T23:40:08.370+0000] {logging_mixin.py:154} INFO - [2026-06-07T23:40:08.370+0000] {dagbag.py:536} INFO - Filling up the DagBag from /opt/airflow/dags/S3_UPLOAD_BRONZE_DAG.py
[2026-06-07T23:40:08.387+0000] {processor.py:839} INFO - DAG(s) dict_keys(['daily_vulnerability_ingestion']) retrieved from /opt/airflow/dags/S3_UPLOAD_BRONZE_DAG.py
[2026-06-07T23:40:08.414+0000] {logging_mixin.py:154} INFO - [2026-06-07T23:40:08.414+0000] {dag.py:2941} INFO - Sync 1 DAGs
[2026-06-07T23:40:08.441+0000] {logging_mixin.py:154} INFO - [2026-06-07T23:40:08.441+0000] {dag.py:3722} INFO - Setting next_dagrun for daily_vulnerability_ingestion to 2026-06-07T14:52:05.384041+00:00, run_after=2026-06-08T14:52:05.384041+00:00
[2026-06-07T23:40:08.460+0000] {processor.py:179} INFO - Processing /opt/airflow/dags/S3_UPLOAD_BRONZE_DAG.py took 0.096 seconds
[2026-06-07T23:40:38.556+0000] {processor.py:157} INFO - Started process (PID=2872) to work on /opt/airflow/dags/S3_UPLOAD_BRONZE_DAG.py
[2026-06-07T23:40:38.556+0000] {processor.py:829} INFO - Processing file /opt/airflow/dags/S3_UPLOAD_BRONZE_DAG.py for tasks to queue
[2026-06-07T23:40:38.557+0000] {logging_mixin.py:154} INFO - [2026-06-07T23:40:38.557+0000] {dagbag.py:536} INFO - Filling up the DagBag from /opt/airflow/dags/S3_UPLOAD_BRONZE_DAG.py
[2026-06-07T23:40:38.579+0000] {processor.py:839} INFO - DAG(s) dict_keys(['daily_vulnerability_ingestion']) retrieved from /opt/airflow/dags/S3_UPLOAD_BRONZE_DAG.py
[2026-06-07T23:40:38.616+0000] {logging_mixin.py:154} INFO - [2026-06-07T23:40:38.616+0000] {dag.py:2941} INFO - Sync 1 DAGs
[2026-06-07T23:40:38.647+0000] {logging_mixin.py:154} INFO - [2026-06-07T23:40:38.647+0000] {dag.py:3722} INFO - Setting next_dagrun for daily_vulnerability_ingestion to 2026-06-07T14:52:05.384041+00:00, run_after=2026-06-08T14:52:05.384041+00:00
[2026-06-07T23:40:38.669+0000] {processor.py:179} INFO - Processing /opt/airflow/dags/S3_UPLOAD_BRONZE_DAG.py took 0.118 seconds
[2026-06-07T23:41:08.791+0000] {processor.py:157} INFO - Started process (PID=2877) to work on /opt/airflow/dags/S3_UPLOAD_BRONZE_DAG.py
[2026-06-07T23:41:08.791+0000] {processor.py:829} INFO - Processing file /opt/airflow/dags/S3_UPLOAD_BRONZE_DAG.py for tasks to queue
[2026-06-07T23:41:08.792+0000] {logging_mixin.py:154} INFO - [2026-06-07T23:41:08.792+0000] {dagbag.py:536} INFO - Filling up the DagBag from /opt/airflow/dags/S3_UPLOAD_BRONZE_DAG.py
[2026-06-07T23:41:08.818+0000] {processor.py:839} INFO - DAG(s) dict_keys(['daily_vulnerability_ingestion']) retrieved from /opt/airflow/dags/S3_UPLOAD_BRONZE_DAG.py
[2026-06-07T23:41:08.858+0000] {logging_mixin.py:154} INFO - [2026-06-07T23:41:08.858+0000] {dag.py:2941} INFO - Sync 1 DAGs
[2026-06-07T23:41:08.895+0000] {logging_mixin.py:154} INFO - [2026-06-07T23:41:08.894+0000] {dag.py:3722} INFO - Setting next_dagrun for daily_vulnerability_ingestion to 2026-06-07T14:52:05.384041+00:00, run_after=2026-06-08T14:52:05.384041+00:00
[2026-06-07T23:41:08.922+0000] {processor.py:179} INFO - Processing /opt/airflow/dags/S3_UPLOAD_BRONZE_DAG.py took 0.136 seconds
[2026-06-07T23:41:39.036+0000] {processor.py:157} INFO - Started process (PID=2882) to work on /opt/airflow/dags/S3_UPLOAD_BRONZE_DAG.py
[2026-06-07T23:41:39.037+0000] {processor.py:829} INFO - Processing file /opt/airflow/dags/S3_UPLOAD_BRONZE_DAG.py for tasks to queue
[2026-06-07T23:41:39.038+0000] {logging_mixin.py:154} INFO - [2026-06-07T23:41:39.038+0000] {dagbag.py:536} INFO - Filling up the DagBag from /opt/airflow/dags/S3_UPLOAD_BRONZE_DAG.py
[2026-06-07T23:41:39.053+0000] {processor.py:839} INFO - DAG(s) dict_keys(['daily_vulnerability_ingestion']) retrieved from /opt/airflow/dags/S3_UPLOAD_BRONZE_DAG.py
[2026-06-07T23:41:39.078+0000] {logging_mixin.py:154} INFO - [2026-06-07T23:41:39.078+0000] {dag.py:2941} INFO - Sync 1 DAGs
[2026-06-07T23:41:39.101+0000] {logging_mixin.py:154} INFO - [2026-06-07T23:41:39.101+0000] {dag.py:3722} INFO - Setting next_dagrun for daily_vulnerability_ingestion to 2026-06-07T14:52:05.384041+00:00, run_after=2026-06-08T14:52:05.384041+00:00
[2026-06-07T23:41:39.120+0000] {processor.py:179} INFO - Processing /opt/airflow/dags/S3_UPLOAD_BRONZE_DAG.py took 0.087 seconds
[2026-06-07T23:42:09.149+0000] {processor.py:157} INFO - Started process (PID=2887) to work on /opt/airflow/dags/S3_UPLOAD_BRONZE_DAG.py
[2026-06-07T23:42:09.150+0000] {processor.py:829} INFO - Processing file /opt/airflow/dags/S3_UPLOAD_BRONZE_DAG.py for tasks to queue
[2026-06-07T23:42:09.151+0000] {logging_mixin.py:154} INFO - [2026-06-07T23:42:09.150+0000] {dagbag.py:536} INFO - Filling up the DagBag from /opt/airflow/dags/S3_UPLOAD_BRONZE_DAG.py
[2026-06-07T23:42:09.168+0000] {processor.py:839} INFO - DAG(s) dict_keys(['daily_vulnerability_ingestion']) retrieved from /opt/airflow/dags/S3_UPLOAD_BRONZE_DAG.py
[2026-06-07T23:42:09.195+0000] {logging_mixin.py:154} INFO - [2026-06-07T23:42:09.195+0000] {dag.py:2941} INFO - Sync 1 DAGs
[2026-06-07T23:42:09.217+0000] {logging_mixin.py:154} INFO - [2026-06-07T23:42:09.217+0000] {dag.py:3722} INFO - Setting next_dagrun for daily_vulnerability_ingestion to 2026-06-07T14:52:05.384041+00:00, run_after=2026-06-08T14:52:05.384041+00:00
[2026-06-07T23:42:09.236+0000] {processor.py:179} INFO - Processing /opt/airflow/dags/S3_UPLOAD_BRONZE_DAG.py took 0.091 seconds
[2026-06-07T23:42:39.330+0000] {processor.py:157} INFO - Started process (PID=2892) to work on /opt/airflow/dags/S3_UPLOAD_BRONZE_DAG.py
[2026-06-07T23:42:39.331+0000] {processor.py:829} INFO - Processing file /opt/airflow/dags/S3_UPLOAD_BRONZE_DAG.py for tasks to queue
[2026-06-07T23:42:39.332+0000] {logging_mixin.py:154} INFO - [2026-06-07T23:42:39.332+0000] {dagbag.py:536} INFO - Filling up the DagBag from /opt/airflow/dags/S3_UPLOAD_BRONZE_DAG.py
[2026-06-07T23:42:39.347+0000] {processor.py:839} INFO - DAG(s) dict_keys(['daily_vulnerability_ingestion']) retrieved from /opt/airflow/dags/S3_UPLOAD_BRONZE_DAG.py
[2026-06-07T23:42:39.374+0000] {logging_mixin.py:154} INFO - [2026-06-07T23:42:39.373+0000] {dag.py:2941} INFO - Sync 1 DAGs
[2026-06-07T23:42:39.398+0000] {logging_mixin.py:154} INFO - [2026-06-07T23:42:39.398+0000] {dag.py:3722} INFO - Setting next_dagrun for daily_vulnerability_ingestion to 2026-06-07T14:52:05.384041+00:00, run_after=2026-06-08T14:52:05.384041+00:00
[2026-06-07T23:42:39.418+0000] {processor.py:179} INFO - Processing /opt/airflow/dags/S3_UPLOAD_BRONZE_DAG.py took 0.091 seconds
[2026-06-07T23:43:09.449+0000] {processor.py:157} INFO - Started process (PID=2897) to work on /opt/airflow/dags/S3_UPLOAD_BRONZE_DAG.py
[2026-06-07T23:43:09.450+0000] {processor.py:829} INFO - Processing file /opt/airflow/dags/S3_UPLOAD_BRONZE_DAG.py for tasks to queue
[2026-06-07T23:43:09.451+0000] {logging_mixin.py:154} INFO - [2026-06-07T23:43:09.450+0000] {dagbag.py:536} INFO - Filling up the DagBag from /opt/airflow/dags/S3_UPLOAD_BRONZE_DAG.py
[2026-06-07T23:43:09.466+0000] {processor.py:839} INFO - DAG(s) dict_keys(['daily_vulnerability_ingestion']) retrieved from /opt/airflow/dags/S3_UPLOAD_BRONZE_DAG.py
[2026-06-07T23:43:09.505+0000] {logging_mixin.py:154} INFO - [2026-06-07T23:43:09.505+0000] {dag.py:2941} INFO - Sync 1 DAGs
[2026-06-07T23:43:09.531+0000] {logging_mixin.py:154} INFO - [2026-06-07T23:43:09.531+0000] {dag.py:3722} INFO - Setting next_dagrun for daily_vulnerability_ingestion to 2026-06-07T14:52:05.384041+00:00, run_after=2026-06-08T14:52:05.384041+00:00
[2026-06-07T23:43:09.552+0000] {processor.py:179} INFO - Processing /opt/airflow/dags/S3_UPLOAD_BRONZE_DAG.py took 0.106 seconds
[2026-06-07T23:43:39.644+0000] {processor.py:157} INFO - Started process (PID=2902) to work on /opt/airflow/dags/S3_UPLOAD_BRONZE_DAG.py
[2026-06-07T23:43:39.645+0000] {processor.py:829} INFO - Processing file /opt/airflow/dags/S3_UPLOAD_BRONZE_DAG.py for tasks to queue
[2026-06-07T23:43:39.647+0000] {logging_mixin.py:154} INFO - [2026-06-07T23:43:39.646+0000] {dagbag.py:536} INFO - Filling up the DagBag from /opt/airflow/dags/S3_UPLOAD_BRONZE_DAG.py
[2026-06-07T23:43:39.665+0000] {processor.py:839} INFO - DAG(s) dict_keys(['daily_vulnerability_ingestion']) retrieved from /opt/airflow/dags/S3_UPLOAD_BRONZE_DAG.py
[2026-06-07T23:43:39.700+0000] {logging_mixin.py:154} INFO - [2026-06-07T23:43:39.700+0000] {dag.py:2941} INFO - Sync 1 DAGs
[2026-06-07T23:43:39.722+0000] {logging_mixin.py:154} INFO - [2026-06-07T23:43:39.722+0000] {dag.py:3722} INFO - Setting next_dagrun for daily_vulnerability_ingestion to 2026-06-07T14:52:05.384041+00:00, run_after=2026-06-08T14:52:05.384041+00:00
[2026-06-07T23:43:39.736+0000] {processor.py:179} INFO - Processing /opt/airflow/dags/S3_UPLOAD_BRONZE_DAG.py took 0.096 seconds
[2026-06-07T23:44:09.799+0000] {processor.py:157} INFO - Started process (PID=2907) to work on /opt/airflow/dags/S3_UPLOAD_BRONZE_DAG.py
[2026-06-07T23:44:09.801+0000] {processor.py:829} INFO - Processing file /opt/airflow/dags/S3_UPLOAD_BRONZE_DAG.py for tasks to queue
[2026-06-07T23:44:09.802+0000] {logging_mixin.py:154} INFO - [2026-06-07T23:44:09.801+0000] {dagbag.py:536} INFO - Filling up the DagBag from /opt/airflow/dags/S3_UPLOAD_BRONZE_DAG.py
[2026-06-07T23:44:09.830+0000] {processor.py:839} INFO - DAG(s) dict_keys(['daily_vulnerability_ingestion']) retrieved from /opt/airflow/dags/S3_UPLOAD_BRONZE_DAG.py
[2026-06-07T23:44:09.867+0000] {logging_mixin.py:154} INFO - [2026-06-07T23:44:09.866+0000] {dag.py:2941} INFO - Sync 1 DAGs
[2026-06-07T23:44:09.899+0000] {logging_mixin.py:154} INFO - [2026-06-07T23:44:09.898+0000] {dag.py:3722} INFO - Setting next_dagrun for daily_vulnerability_ingestion to 2026-06-07T14:52:05.384041+00:00, run_after=2026-06-08T14:52:05.384041+00:00
[2026-06-07T23:44:09.927+0000] {processor.py:179} INFO - Processing /opt/airflow/dags/S3_UPLOAD_BRONZE_DAG.py took 0.134 seconds
[2026-06-07T23:44:39.966+0000] {processor.py:157} INFO - Started process (PID=2912) to work on /opt/airflow/dags/S3_UPLOAD_BRONZE_DAG.py
[2026-06-07T23:44:39.967+0000] {processor.py:829} INFO - Processing file /opt/airflow/dags/S3_UPLOAD_BRONZE_DAG.py for tasks to queue
[2026-06-07T23:44:39.968+0000] {logging_mixin.py:154} INFO - [2026-06-07T23:44:39.968+0000] {dagbag.py:536} INFO - Filling up the DagBag from /opt/airflow/dags/S3_UPLOAD_BRONZE_DAG.py
[2026-06-07T23:44:39.983+0000] {processor.py:839} INFO - DAG(s) dict_keys(['daily_vulnerability_ingestion']) retrieved from /opt/airflow/dags/S3_UPLOAD_BRONZE_DAG.py
[2026-06-07T23:44:40.009+0000] {logging_mixin.py:154} INFO - [2026-06-07T23:44:40.009+0000] {dag.py:2941} INFO - Sync 1 DAGs
[2026-06-07T23:44:40.032+0000] {logging_mixin.py:154} INFO - [2026-06-07T23:44:40.032+0000] {dag.py:3722} INFO - Setting next_dagrun for daily_vulnerability_ingestion to 2026-06-07T14:52:05.384041+00:00, run_after=2026-06-08T14:52:05.384041+00:00
[2026-06-07T23:44:40.052+0000] {processor.py:179} INFO - Processing /opt/airflow/dags/S3_UPLOAD_BRONZE_DAG.py took 0.088 seconds
[2026-06-07T23:45:10.180+0000] {processor.py:157} INFO - Started process (PID=2917) to work on /opt/airflow/dags/S3_UPLOAD_BRONZE_DAG.py
[2026-06-07T23:45:10.180+0000] {processor.py:829} INFO - Processing file /opt/airflow/dags/S3_UPLOAD_BRONZE_DAG.py for tasks to queue
[2026-06-07T23:45:10.181+0000] {logging_mixin.py:154} INFO - [2026-06-07T23:45:10.181+0000] {dagbag.py:536} INFO - Filling up the DagBag from /opt/airflow/dags/S3_UPLOAD_BRONZE_DAG.py
[2026-06-07T23:45:10.198+0000] {processor.py:839} INFO - DAG(s) dict_keys(['daily_vulnerability_ingestion']) retrieved from /opt/airflow/dags/S3_UPLOAD_BRONZE_DAG.py
[2026-06-07T23:45:10.225+0000] {logging_mixin.py:154} INFO - [2026-06-07T23:45:10.224+0000] {dag.py:2941} INFO - Sync 1 DAGs
[2026-06-07T23:45:10.247+0000] {logging_mixin.py:154} INFO - [2026-06-07T23:45:10.247+0000] {dag.py:3722} INFO - Setting next_dagrun for daily_vulnerability_ingestion to 2026-06-07T14:52:05.384041+00:00, run_after=2026-06-08T14:52:05.384041+00:00
[2026-06-07T23:45:10.265+0000] {processor.py:179} INFO - Processing /opt/airflow/dags/S3_UPLOAD_BRONZE_DAG.py took 0.087 seconds
[2026-06-07T23:45:40.341+0000] {processor.py:157} INFO - Started process (PID=2922) to work on /opt/airflow/dags/S3_UPLOAD_BRONZE_DAG.py
[2026-06-07T23:45:40.342+0000] {processor.py:829} INFO - Processing file /opt/airflow/dags/S3_UPLOAD_BRONZE_DAG.py for tasks to queue
[2026-06-07T23:45:40.343+0000] {logging_mixin.py:154} INFO - [2026-06-07T23:45:40.343+0000] {dagbag.py:536} INFO - Filling up the DagBag from /opt/airflow/dags/S3_UPLOAD_BRONZE_DAG.py
[2026-06-07T23:45:40.368+0000] {processor.py:839} INFO - DAG(s) dict_keys(['daily_vulnerability_ingestion']) retrieved from /opt/airflow/dags/S3_UPLOAD_BRONZE_DAG.py
[2026-06-07T23:45:40.397+0000] {logging_mixin.py:154} INFO - [2026-06-07T23:45:40.396+0000] {dag.py:2941} INFO - Sync 1 DAGs
[2026-06-07T23:45:40.422+0000] {logging_mixin.py:154} INFO - [2026-06-07T23:45:40.422+0000] {dag.py:3722} INFO - Setting next_dagrun for daily_vulnerability_ingestion to 2026-06-07T14:52:05.384041+00:00, run_after=2026-06-08T14:52:05.384041+00:00
[2026-06-07T23:45:40.443+0000] {processor.py:179} INFO - Processing /opt/airflow/dags/S3_UPLOAD_BRONZE_DAG.py took 0.106 seconds
[2026-06-07T23:46:10.520+0000] {processor.py:157} INFO - Started process (PID=2927) to work on /opt/airflow/dags/S3_UPLOAD_BRONZE_DAG.py
[2026-06-07T23:46:10.520+0000] {processor.py:829} INFO - Processing file /opt/airflow/dags/S3_UPLOAD_BRONZE_DAG.py for tasks to queue
[2026-06-07T23:46:10.521+0000] {logging_mixin.py:154} INFO - [2026-06-07T23:46:10.521+0000] {dagbag.py:536} INFO - Filling up the DagBag from /opt/airflow/dags/S3_UPLOAD_BRONZE_DAG.py
[2026-06-07T23:46:10.539+0000] {processor.py:839} INFO - DAG(s) dict_keys(['daily_vulnerability_ingestion']) retrieved from /opt/airflow/dags/S3_UPLOAD_BRONZE_DAG.py
[2026-06-07T23:46:10.577+0000] {logging_mixin.py:154} INFO - [2026-06-07T23:46:10.577+0000] {dag.py:2941} INFO - Sync 1 DAGs
[2026-06-07T23:46:10.608+0000] {logging_mixin.py:154} INFO - [2026-06-07T23:46:10.608+0000] {dag.py:3722} INFO - Setting next_dagrun for daily_vulnerability_ingestion to 2026-06-07T14:52:05.384041+00:00, run_after=2026-06-08T14:52:05.384041+00:00
[2026-06-07T23:46:10.625+0000] {processor.py:179} INFO - Processing /opt/airflow/dags/S3_UPLOAD_BRONZE_DAG.py took 0.108 seconds
[2026-06-07T23:46:40.655+0000] {processor.py:157} INFO - Started process (PID=2932) to work on /opt/airflow/dags/S3_UPLOAD_BRONZE_DAG.py
[2026-06-07T23:46:40.655+0000] {processor.py:829} INFO - Processing file /opt/airflow/dags/S3_UPLOAD_BRONZE_DAG.py for tasks to queue
[2026-06-07T23:46:40.656+0000] {logging_mixin.py:154} INFO - [2026-06-07T23:46:40.656+0000] {dagbag.py:536} INFO - Filling up the DagBag from /opt/airflow/dags/S3_UPLOAD_BRONZE_DAG.py
[2026-06-07T23:46:40.671+0000] {processor.py:839} INFO - DAG(s) dict_keys(['daily_vulnerability_ingestion']) retrieved from /opt/airflow/dags/S3_UPLOAD_BRONZE_DAG.py
[2026-06-07T23:46:40.712+0000] {logging_mixin.py:154} INFO - [2026-06-07T23:46:40.712+0000] {dag.py:2941} INFO - Sync 1 DAGs
[2026-06-07T23:46:40.735+0000] {logging_mixin.py:154} INFO - [2026-06-07T23:46:40.735+0000] {dag.py:3722} INFO - Setting next_dagrun for daily_vulnerability_ingestion to 2026-06-07T14:52:05.384041+00:00, run_after=2026-06-08T14:52:05.384041+00:00
[2026-06-07T23:46:40.755+0000] {processor.py:179} INFO - Processing /opt/airflow/dags/S3_UPLOAD_BRONZE_DAG.py took 0.103 seconds
[2026-06-07T23:47:10.856+0000] {processor.py:157} INFO - Started process (PID=2937) to work on /opt/airflow/dags/S3_UPLOAD_BRONZE_DAG.py
[2026-06-07T23:47:10.857+0000] {processor.py:829} INFO - Processing file /opt/airflow/dags/S3_UPLOAD_BRONZE_DAG.py for tasks to queue
[2026-06-07T23:47:10.857+0000] {logging_mixin.py:154} INFO - [2026-06-07T23:47:10.857+0000] {dagbag.py:536} INFO - Filling up the DagBag from /opt/airflow/dags/S3_UPLOAD_BRONZE_DAG.py
[2026-06-07T23:47:10.872+0000] {processor.py:839} INFO - DAG(s) dict_keys(['daily_vulnerability_ingestion']) retrieved from /opt/airflow/dags/S3_UPLOAD_BRONZE_DAG.py
[2026-06-07T23:47:10.896+0000] {logging_mixin.py:154} INFO - [2026-06-07T23:47:10.896+0000] {dag.py:2941} INFO - Sync 1 DAGs
[2026-06-07T23:47:10.917+0000] {logging_mixin.py:154} INFO - [2026-06-07T23:47:10.917+0000] {dag.py:3722} INFO - Setting next_dagrun for daily_vulnerability_ingestion to 2026-06-07T14:52:05.384041+00:00, run_after=2026-06-08T14:52:05.384041+00:00
[2026-06-07T23:47:10.938+0000] {processor.py:179} INFO - Processing /opt/airflow/dags/S3_UPLOAD_BRONZE_DAG.py took 0.085 seconds
[2026-06-07T23:47:40.983+0000] {processor.py:157} INFO - Started process (PID=2942) to work on /opt/airflow/dags/S3_UPLOAD_BRONZE_DAG.py
[2026-06-07T23:47:40.984+0000] {processor.py:829} INFO - Processing file /opt/airflow/dags/S3_UPLOAD_BRONZE_DAG.py for tasks to queue
[2026-06-07T23:47:40.984+0000] {logging_mixin.py:154} INFO - [2026-06-07T23:47:40.984+0000] {dagbag.py:536} INFO - Filling up the DagBag from /opt/airflow/dags/S3_UPLOAD_BRONZE_DAG.py
[2026-06-07T23:47:41.001+0000] {processor.py:839} INFO - DAG(s) dict_keys(['daily_vulnerability_ingestion']) retrieved from /opt/airflow/dags/S3_UPLOAD_BRONZE_DAG.py
[2026-06-07T23:47:41.026+0000] {logging_mixin.py:154} INFO - [2026-06-07T23:47:41.025+0000] {dag.py:2941} INFO - Sync 1 DAGs
[2026-06-07T23:47:41.048+0000] {logging_mixin.py:154} INFO - [2026-06-07T23:47:41.048+0000] {dag.py:3722} INFO - Setting next_dagrun for daily_vulnerability_ingestion to 2026-06-07T14:52:05.384041+00:00, run_after=2026-06-08T14:52:05.384041+00:00
[2026-06-07T23:47:41.066+0000] {processor.py:179} INFO - Processing /opt/airflow/dags/S3_UPLOAD_BRONZE_DAG.py took 0.087 seconds
[2026-06-07T23:48:11.194+0000] {processor.py:157} INFO - Started process (PID=2947) to work on /opt/airflow/dags/S3_UPLOAD_BRONZE_DAG.py
[2026-06-07T23:48:11.195+0000] {processor.py:829} INFO - Processing file /opt/airflow/dags/S3_UPLOAD_BRONZE_DAG.py for tasks to queue
[2026-06-07T23:48:11.196+0000] {logging_mixin.py:154} INFO - [2026-06-07T23:48:11.196+0000] {dagbag.py:536} INFO - Filling up the DagBag from /opt/airflow/dags/S3_UPLOAD_BRONZE_DAG.py
[2026-06-07T23:48:11.217+0000] {processor.py:839} INFO - DAG(s) dict_keys(['daily_vulnerability_ingestion']) retrieved from /opt/airflow/dags/S3_UPLOAD_BRONZE_DAG.py
[2026-06-07T23:48:11.248+0000] {logging_mixin.py:154} INFO - [2026-06-07T23:48:11.247+0000] {dag.py:2941} INFO - Sync 1 DAGs
[2026-06-07T23:48:11.281+0000] {logging_mixin.py:154} INFO - [2026-06-07T23:48:11.280+0000] {dag.py:3722} INFO - Setting next_dagrun for daily_vulnerability_ingestion to 2026-06-07T14:52:05.384041+00:00, run_after=2026-06-08T14:52:05.384041+00:00
[2026-06-07T23:48:11.306+0000] {processor.py:179} INFO - Processing /opt/airflow/dags/S3_UPLOAD_BRONZE_DAG.py took 0.115 seconds
[2026-06-07T23:48:41.339+0000] {processor.py:157} INFO - Started process (PID=2952) to work on /opt/airflow/dags/S3_UPLOAD_BRONZE_DAG.py
[2026-06-07T23:48:41.340+0000] {processor.py:829} INFO - Processing file /opt/airflow/dags/S3_UPLOAD_BRONZE_DAG.py for tasks to queue
[2026-06-07T23:48:41.342+0000] {logging_mixin.py:154} INFO - [2026-06-07T23:48:41.341+0000] {dagbag.py:536} INFO - Filling up the DagBag from /opt/airflow/dags/S3_UPLOAD_BRONZE_DAG.py
[2026-06-07T23:48:41.364+0000] {processor.py:839} INFO - DAG(s) dict_keys(['daily_vulnerability_ingestion']) retrieved from /opt/airflow/dags/S3_UPLOAD_BRONZE_DAG.py
[2026-06-07T23:48:41.389+0000] {logging_mixin.py:154} INFO - [2026-06-07T23:48:41.388+0000] {dag.py:2941} INFO - Sync 1 DAGs
[2026-06-07T23:48:41.417+0000] {logging_mixin.py:154} INFO - [2026-06-07T23:48:41.417+0000] {dag.py:3722} INFO - Setting next_dagrun for daily_vulnerability_ingestion to 2026-06-07T14:52:05.384041+00:00, run_after=2026-06-08T14:52:05.384041+00:00
[2026-06-07T23:48:41.436+0000] {processor.py:179} INFO - Processing /opt/airflow/dags/S3_UPLOAD_BRONZE_DAG.py took 0.101 seconds
[2026-06-07T23:49:11.556+0000] {processor.py:157} INFO - Started process (PID=2957) to work on /opt/airflow/dags/S3_UPLOAD_BRONZE_DAG.py
[2026-06-07T23:49:11.557+0000] {processor.py:829} INFO - Processing file /opt/airflow/dags/S3_UPLOAD_BRONZE_DAG.py for tasks to queue
[2026-06-07T23:49:11.558+0000] {logging_mixin.py:154} INFO - [2026-06-07T23:49:11.558+0000] {dagbag.py:536} INFO - Filling up the DagBag from /opt/airflow/dags/S3_UPLOAD_BRONZE_DAG.py
[2026-06-07T23:49:11.575+0000] {processor.py:839} INFO - DAG(s) dict_keys(['daily_vulnerability_ingestion']) retrieved from /opt/airflow/dags/S3_UPLOAD_BRONZE_DAG.py
[2026-06-07T23:49:11.596+0000] {logging_mixin.py:154} INFO - [2026-06-07T23:49:11.596+0000] {dag.py:2941} INFO - Sync 1 DAGs
[2026-06-07T23:49:11.615+0000] {logging_mixin.py:154} INFO - [2026-06-07T23:49:11.614+0000] {dag.py:3722} INFO - Setting next_dagrun for daily_vulnerability_ingestion to 2026-06-07T14:52:05.384041+00:00, run_after=2026-06-08T14:52:05.384041+00:00
[2026-06-07T23:49:11.632+0000] {processor.py:179} INFO - Processing /opt/airflow/dags/S3_UPLOAD_BRONZE_DAG.py took 0.079 seconds
[2026-06-07T23:49:41.722+0000] {processor.py:157} INFO - Started process (PID=2962) to work on /opt/airflow/dags/S3_UPLOAD_BRONZE_DAG.py
[2026-06-07T23:49:41.731+0000] {processor.py:829} INFO - Processing file /opt/airflow/dags/S3_UPLOAD_BRONZE_DAG.py for tasks to queue
[2026-06-07T23:49:41.732+0000] {logging_mixin.py:154} INFO - [2026-06-07T23:49:41.732+0000] {dagbag.py:536} INFO - Filling up the DagBag from /opt/airflow/dags/S3_UPLOAD_BRONZE_DAG.py
[2026-06-07T23:49:41.748+0000] {processor.py:839} INFO - DAG(s) dict_keys(['daily_vulnerability_ingestion']) retrieved from /opt/airflow/dags/S3_UPLOAD_BRONZE_DAG.py
[2026-06-07T23:49:41.770+0000] {logging_mixin.py:154} INFO - [2026-06-07T23:49:41.770+0000] {dag.py:2941} INFO - Sync 1 DAGs
[2026-06-07T23:49:41.790+0000] {logging_mixin.py:154} INFO - [2026-06-07T23:49:41.790+0000] {dag.py:3722} INFO - Setting next_dagrun for daily_vulnerability_ingestion to 2026-06-07T14:52:05.384041+00:00, run_after=2026-06-08T14:52:05.384041+00:00
[2026-06-07T23:49:41.804+0000] {processor.py:179} INFO - Processing /opt/airflow/dags/S3_UPLOAD_BRONZE_DAG.py took 0.086 seconds
[2026-06-07T23:50:11.895+0000] {processor.py:157} INFO - Started process (PID=2967) to work on /opt/airflow/dags/S3_UPLOAD_BRONZE_DAG.py
[2026-06-07T23:50:11.896+0000] {processor.py:829} INFO - Processing file /opt/airflow/dags/S3_UPLOAD_BRONZE_DAG.py for tasks to queue
[2026-06-07T23:50:11.897+0000] {logging_mixin.py:154} INFO - [2026-06-07T23:50:11.896+0000] {dagbag.py:536} INFO - Filling up the DagBag from /opt/airflow/dags/S3_UPLOAD_BRONZE_DAG.py
[2026-06-07T23:50:11.918+0000] {processor.py:839} INFO - DAG(s) dict_keys(['daily_vulnerability_ingestion']) retrieved from /opt/airflow/dags/S3_UPLOAD_BRONZE_DAG.py
[2026-06-07T23:50:11.942+0000] {logging_mixin.py:154} INFO - [2026-06-07T23:50:11.941+0000] {dag.py:2941} INFO - Sync 1 DAGs
[2026-06-07T23:50:11.965+0000] {logging_mixin.py:154} INFO - [2026-06-07T23:50:11.965+0000] {dag.py:3722} INFO - Setting next_dagrun for daily_vulnerability_ingestion to 2026-06-07T14:52:05.384041+00:00, run_after=2026-06-08T14:52:05.384041+00:00
[2026-06-07T23:50:11.981+0000] {processor.py:179} INFO - Processing /opt/airflow/dags/S3_UPLOAD_BRONZE_DAG.py took 0.092 seconds
[2026-06-07T23:50:42.066+0000] {processor.py:157} INFO - Started process (PID=2972) to work on /opt/airflow/dags/S3_UPLOAD_BRONZE_DAG.py
[2026-06-07T23:50:42.076+0000] {processor.py:829} INFO - Processing file /opt/airflow/dags/S3_UPLOAD_BRONZE_DAG.py for tasks to queue
[2026-06-07T23:50:42.077+0000] {logging_mixin.py:154} INFO - [2026-06-07T23:50:42.077+0000] {dagbag.py:536} INFO - Filling up the DagBag from /opt/airflow/dags/S3_UPLOAD_BRONZE_DAG.py
[2026-06-07T23:50:42.097+0000] {processor.py:839} INFO - DAG(s) dict_keys(['daily_vulnerability_ingestion']) retrieved from /opt/airflow/dags/S3_UPLOAD_BRONZE_DAG.py
[2026-06-07T23:50:42.119+0000] {logging_mixin.py:154} INFO - [2026-06-07T23:50:42.119+0000] {dag.py:2941} INFO - Sync 1 DAGs
[2026-06-07T23:50:42.138+0000] {logging_mixin.py:154} INFO - [2026-06-07T23:50:42.138+0000] {dag.py:3722} INFO - Setting next_dagrun for daily_vulnerability_ingestion to 2026-06-07T14:52:05.384041+00:00, run_after=2026-06-08T14:52:05.384041+00:00
[2026-06-07T23:50:42.150+0000] {processor.py:179} INFO - Processing /opt/airflow/dags/S3_UPLOAD_BRONZE_DAG.py took 0.090 seconds
[2026-06-07T23:51:12.253+0000] {processor.py:157} INFO - Started process (PID=2977) to work on /opt/airflow/dags/S3_UPLOAD_BRONZE_DAG.py
[2026-06-07T23:51:12.254+0000] {processor.py:829} INFO - Processing file /opt/airflow/dags/S3_UPLOAD_BRONZE_DAG.py for tasks to queue
[2026-06-07T23:51:12.255+0000] {logging_mixin.py:154} INFO - [2026-06-07T23:51:12.255+0000] {dagbag.py:536} INFO - Filling up the DagBag from /opt/airflow/dags/S3_UPLOAD_BRONZE_DAG.py
[2026-06-07T23:51:12.276+0000] {processor.py:839} INFO - DAG(s) dict_keys(['daily_vulnerability_ingestion']) retrieved from /opt/airflow/dags/S3_UPLOAD_BRONZE_DAG.py
[2026-06-07T23:51:12.300+0000] {logging_mixin.py:154} INFO - [2026-06-07T23:51:12.299+0000] {dag.py:2941} INFO - Sync 1 DAGs
[2026-06-07T23:51:12.321+0000] {logging_mixin.py:154} INFO - [2026-06-07T23:51:12.321+0000] {dag.py:3722} INFO - Setting next_dagrun for daily_vulnerability_ingestion to 2026-06-07T14:52:05.384041+00:00, run_after=2026-06-08T14:52:05.384041+00:00
[2026-06-07T23:51:12.338+0000] {processor.py:179} INFO - Processing /opt/airflow/dags/S3_UPLOAD_BRONZE_DAG.py took 0.091 seconds
[2026-06-07T23:51:42.442+0000] {processor.py:157} INFO - Started process (PID=2982) to work on /opt/airflow/dags/S3_UPLOAD_BRONZE_DAG.py
[2026-06-07T23:51:42.451+0000] {processor.py:829} INFO - Processing file /opt/airflow/dags/S3_UPLOAD_BRONZE_DAG.py for tasks to queue
[2026-06-07T23:51:42.452+0000] {logging_mixin.py:154} INFO - [2026-06-07T23:51:42.452+0000] {dagbag.py:536} INFO - Filling up the DagBag from /opt/airflow/dags/S3_UPLOAD_BRONZE_DAG.py
[2026-06-07T23:51:42.467+0000] {processor.py:839} INFO - DAG(s) dict_keys(['daily_vulnerability_ingestion']) retrieved from /opt/airflow/dags/S3_UPLOAD_BRONZE_DAG.py
[2026-06-07T23:51:42.489+0000] {logging_mixin.py:154} INFO - [2026-06-07T23:51:42.489+0000] {dag.py:2941} INFO - Sync 1 DAGs
[2026-06-07T23:51:42.507+0000] {logging_mixin.py:154} INFO - [2026-06-07T23:51:42.507+0000] {dag.py:3722} INFO - Setting next_dagrun for daily_vulnerability_ingestion to 2026-06-07T14:52:05.384041+00:00, run_after=2026-06-08T14:52:05.384041+00:00
[2026-06-07T23:51:42.521+0000] {processor.py:179} INFO - Processing /opt/airflow/dags/S3_UPLOAD_BRONZE_DAG.py took 0.084 seconds
[2026-06-07T23:52:12.695+0000] {processor.py:157} INFO - Started process (PID=2987) to work on /opt/airflow/dags/S3_UPLOAD_BRONZE_DAG.py
[2026-06-07T23:52:12.698+0000] {processor.py:829} INFO - Processing file /opt/airflow/dags/S3_UPLOAD_BRONZE_DAG.py for tasks to queue
[2026-06-07T23:52:12.701+0000] {logging_mixin.py:154} INFO - [2026-06-07T23:52:12.700+0000] {dagbag.py:536} INFO - Filling up the DagBag from /opt/airflow/dags/S3_UPLOAD_BRONZE_DAG.py
[2026-06-07T23:52:12.735+0000] {processor.py:839} INFO - DAG(s) dict_keys(['daily_vulnerability_ingestion']) retrieved from /opt/airflow/dags/S3_UPLOAD_BRONZE_DAG.py
[2026-06-07T23:52:12.759+0000] {logging_mixin.py:154} INFO - [2026-06-07T23:52:12.759+0000] {dag.py:2941} INFO - Sync 1 DAGs
[2026-06-07T23:52:12.777+0000] {logging_mixin.py:154} INFO - [2026-06-07T23:52:12.777+0000] {dag.py:3722} INFO - Setting next_dagrun for daily_vulnerability_ingestion to 2026-06-07T14:52:05.384041+00:00, run_after=2026-06-08T14:52:05.384041+00:00
[2026-06-07T23:52:12.793+0000] {processor.py:179} INFO - Processing /opt/airflow/dags/S3_UPLOAD_BRONZE_DAG.py took 0.110 seconds
[2026-06-07T23:52:42.903+0000] {processor.py:157} INFO - Started process (PID=2992) to work on /opt/airflow/dags/S3_UPLOAD_BRONZE_DAG.py
[2026-06-07T23:52:42.913+0000] {processor.py:829} INFO - Processing file /opt/airflow/dags/S3_UPLOAD_BRONZE_DAG.py for tasks to queue
[2026-06-07T23:52:42.914+0000] {logging_mixin.py:154} INFO - [2026-06-07T23:52:42.913+0000] {dagbag.py:536} INFO - Filling up the DagBag from /opt/airflow/dags/S3_UPLOAD_BRONZE_DAG.py
[2026-06-07T23:52:42.932+0000] {processor.py:839} INFO - DAG(s) dict_keys(['daily_vulnerability_ingestion']) retrieved from /opt/airflow/dags/S3_UPLOAD_BRONZE_DAG.py
[2026-06-07T23:52:42.956+0000] {logging_mixin.py:154} INFO - [2026-06-07T23:52:42.956+0000] {dag.py:2941} INFO - Sync 1 DAGs
[2026-06-07T23:52:42.974+0000] {logging_mixin.py:154} INFO - [2026-06-07T23:52:42.974+0000] {dag.py:3722} INFO - Setting next_dagrun for daily_vulnerability_ingestion to 2026-06-07T14:52:05.384041+00:00, run_after=2026-06-08T14:52:05.384041+00:00
[2026-06-07T23:52:42.990+0000] {processor.py:179} INFO - Processing /opt/airflow/dags/S3_UPLOAD_BRONZE_DAG.py took 0.091 seconds
[2026-06-07T23:53:13.124+0000] {processor.py:157} INFO - Started process (PID=2997) to work on /opt/airflow/dags/S3_UPLOAD_BRONZE_DAG.py
[2026-06-07T23:53:13.125+0000] {processor.py:829} INFO - Processing file /opt/airflow/dags/S3_UPLOAD_BRONZE_DAG.py for tasks to queue
[2026-06-07T23:53:13.126+0000] {logging_mixin.py:154} INFO - [2026-06-07T23:53:13.125+0000] {dagbag.py:536} INFO - Filling up the DagBag from /opt/airflow/dags/S3_UPLOAD_BRONZE_DAG.py
[2026-06-07T23:53:13.140+0000] {processor.py:839} INFO - DAG(s) dict_keys(['daily_vulnerability_ingestion']) retrieved from /opt/airflow/dags/S3_UPLOAD_BRONZE_DAG.py
[2026-06-07T23:53:13.161+0000] {logging_mixin.py:154} INFO - [2026-06-07T23:53:13.161+0000] {dag.py:2941} INFO - Sync 1 DAGs
[2026-06-07T23:53:13.181+0000] {logging_mixin.py:154} INFO - [2026-06-07T23:53:13.180+0000] {dag.py:3722} INFO - Setting next_dagrun for daily_vulnerability_ingestion to 2026-06-07T14:52:05.384041+00:00, run_after=2026-06-08T14:52:05.384041+00:00
[2026-06-07T23:53:13.196+0000] {processor.py:179} INFO - Processing /opt/airflow/dags/S3_UPLOAD_BRONZE_DAG.py took 0.075 seconds
[2026-06-07T23:53:43.269+0000] {processor.py:157} INFO - Started process (PID=3002) to work on /opt/airflow/dags/S3_UPLOAD_BRONZE_DAG.py
[2026-06-07T23:53:43.278+0000] {processor.py:829} INFO - Processing file /opt/airflow/dags/S3_UPLOAD_BRONZE_DAG.py for tasks to queue
[2026-06-07T23:53:43.278+0000] {logging_mixin.py:154} INFO - [2026-06-07T23:53:43.278+0000] {dagbag.py:536} INFO - Filling up the DagBag from /opt/airflow/dags/S3_UPLOAD_BRONZE_DAG.py
[2026-06-07T23:53:43.291+0000] {processor.py:839} INFO - DAG(s) dict_keys(['daily_vulnerability_ingestion']) retrieved from /opt/airflow/dags/S3_UPLOAD_BRONZE_DAG.py
[2026-06-07T23:53:43.314+0000] {logging_mixin.py:154} INFO - [2026-06-07T23:53:43.313+0000] {dag.py:2941} INFO - Sync 1 DAGs
[2026-06-07T23:53:43.332+0000] {logging_mixin.py:154} INFO - [2026-06-07T23:53:43.332+0000] {dag.py:3722} INFO - Setting next_dagrun for daily_vulnerability_ingestion to 2026-06-07T14:52:05.384041+00:00, run_after=2026-06-08T14:52:05.384041+00:00
[2026-06-07T23:53:43.347+0000] {processor.py:179} INFO - Processing /opt/airflow/dags/S3_UPLOAD_BRONZE_DAG.py took 0.081 seconds
[2026-06-07T23:54:13.436+0000] {processor.py:157} INFO - Started process (PID=3007) to work on /opt/airflow/dags/S3_UPLOAD_BRONZE_DAG.py
[2026-06-07T23:54:13.436+0000] {processor.py:829} INFO - Processing file /opt/airflow/dags/S3_UPLOAD_BRONZE_DAG.py for tasks to queue
[2026-06-07T23:54:13.437+0000] {logging_mixin.py:154} INFO - [2026-06-07T23:54:13.437+0000] {dagbag.py:536} INFO - Filling up the DagBag from /opt/airflow/dags/S3_UPLOAD_BRONZE_DAG.py
[2026-06-07T23:54:13.451+0000] {processor.py:839} INFO - DAG(s) dict_keys(['daily_vulnerability_ingestion']) retrieved from /opt/airflow/dags/S3_UPLOAD_BRONZE_DAG.py
[2026-06-07T23:54:13.473+0000] {logging_mixin.py:154} INFO - [2026-06-07T23:54:13.473+0000] {dag.py:2941} INFO - Sync 1 DAGs
[2026-06-07T23:54:13.493+0000] {logging_mixin.py:154} INFO - [2026-06-07T23:54:13.493+0000] {dag.py:3722} INFO - Setting next_dagrun for daily_vulnerability_ingestion to 2026-06-07T14:52:05.384041+00:00, run_after=2026-06-08T14:52:05.384041+00:00
[2026-06-07T23:54:13.507+0000] {processor.py:179} INFO - Processing /opt/airflow/dags/S3_UPLOAD_BRONZE_DAG.py took 0.073 seconds
[2026-06-07T23:54:43.633+0000] {processor.py:157} INFO - Started process (PID=3012) to work on /opt/airflow/dags/S3_UPLOAD_BRONZE_DAG.py
[2026-06-07T23:54:43.634+0000] {processor.py:829} INFO - Processing file /opt/airflow/dags/S3_UPLOAD_BRONZE_DAG.py for tasks to queue
[2026-06-07T23:54:43.635+0000] {logging_mixin.py:154} INFO - [2026-06-07T23:54:43.635+0000] {dagbag.py:536} INFO - Filling up the DagBag from /opt/airflow/dags/S3_UPLOAD_BRONZE_DAG.py
[2026-06-07T23:54:43.652+0000] {processor.py:839} INFO - DAG(s) dict_keys(['daily_vulnerability_ingestion']) retrieved from /opt/airflow/dags/S3_UPLOAD_BRONZE_DAG.py
[2026-06-07T23:54:43.675+0000] {logging_mixin.py:154} INFO - [2026-06-07T23:54:43.675+0000] {dag.py:2941} INFO - Sync 1 DAGs
[2026-06-07T23:54:43.697+0000] {logging_mixin.py:154} INFO - [2026-06-07T23:54:43.696+0000] {dag.py:3722} INFO - Setting next_dagrun for daily_vulnerability_ingestion to 2026-06-07T14:52:05.384041+00:00, run_after=2026-06-08T14:52:05.384041+00:00
[2026-06-07T23:54:43.709+0000] {processor.py:179} INFO - Processing /opt/airflow/dags/S3_UPLOAD_BRONZE_DAG.py took 0.081 seconds
[2026-06-07T23:55:13.876+0000] {processor.py:157} INFO - Started process (PID=3017) to work on /opt/airflow/dags/S3_UPLOAD_BRONZE_DAG.py
[2026-06-07T23:55:13.887+0000] {processor.py:829} INFO - Processing file /opt/airflow/dags/S3_UPLOAD_BRONZE_DAG.py for tasks to queue
[2026-06-07T23:55:13.889+0000] {logging_mixin.py:154} INFO - [2026-06-07T23:55:13.888+0000] {dagbag.py:536} INFO - Filling up the DagBag from /opt/airflow/dags/S3_UPLOAD_BRONZE_DAG.py
[2026-06-07T23:55:13.946+0000] {processor.py:839} INFO - DAG(s) dict_keys(['daily_vulnerability_ingestion']) retrieved from /opt/airflow/dags/S3_UPLOAD_BRONZE_DAG.py
[2026-06-07T23:55:13.984+0000] {logging_mixin.py:154} INFO - [2026-06-07T23:55:13.984+0000] {dag.py:2941} INFO - Sync 1 DAGs
[2026-06-07T23:55:14.015+0000] {logging_mixin.py:154} INFO - [2026-06-07T23:55:14.015+0000] {dag.py:3722} INFO - Setting next_dagrun for daily_vulnerability_ingestion to 2026-06-07T14:52:05.384041+00:00, run_after=2026-06-08T14:52:05.384041+00:00
[2026-06-07T23:55:14.046+0000] {processor.py:179} INFO - Processing /opt/airflow/dags/S3_UPLOAD_BRONZE_DAG.py took 0.185 seconds
[2026-06-07T23:55:44.231+0000] {processor.py:157} INFO - Started process (PID=3022) to work on /opt/airflow/dags/S3_UPLOAD_BRONZE_DAG.py
[2026-06-07T23:55:44.232+0000] {processor.py:829} INFO - Processing file /opt/airflow/dags/S3_UPLOAD_BRONZE_DAG.py for tasks to queue
[2026-06-07T23:55:44.233+0000] {logging_mixin.py:154} INFO - [2026-06-07T23:55:44.233+0000] {dagbag.py:536} INFO - Filling up the DagBag from /opt/airflow/dags/S3_UPLOAD_BRONZE_DAG.py
[2026-06-07T23:55:44.254+0000] {processor.py:839} INFO - DAG(s) dict_keys(['daily_vulnerability_ingestion']) retrieved from /opt/airflow/dags/S3_UPLOAD_BRONZE_DAG.py
[2026-06-07T23:55:44.277+0000] {logging_mixin.py:154} INFO - [2026-06-07T23:55:44.277+0000] {dag.py:2941} INFO - Sync 1 DAGs
[2026-06-07T23:55:44.299+0000] {logging_mixin.py:154} INFO - [2026-06-07T23:55:44.298+0000] {dag.py:3722} INFO - Setting next_dagrun for daily_vulnerability_ingestion to 2026-06-07T14:52:05.384041+00:00, run_after=2026-06-08T14:52:05.384041+00:00
[2026-06-07T23:55:44.314+0000] {processor.py:179} INFO - Processing /opt/airflow/dags/S3_UPLOAD_BRONZE_DAG.py took 0.088 seconds
[2026-06-07T23:56:14.453+0000] {processor.py:157} INFO - Started process (PID=3027) to work on /opt/airflow/dags/S3_UPLOAD_BRONZE_DAG.py
[2026-06-07T23:56:14.462+0000] {processor.py:829} INFO - Processing file /opt/airflow/dags/S3_UPLOAD_BRONZE_DAG.py for tasks to queue
[2026-06-07T23:56:14.463+0000] {logging_mixin.py:154} INFO - [2026-06-07T23:56:14.463+0000] {dagbag.py:536} INFO - Filling up the DagBag from /opt/airflow/dags/S3_UPLOAD_BRONZE_DAG.py
[2026-06-07T23:56:14.481+0000] {processor.py:839} INFO - DAG(s) dict_keys(['daily_vulnerability_ingestion']) retrieved from /opt/airflow/dags/S3_UPLOAD_BRONZE_DAG.py
[2026-06-07T23:56:14.504+0000] {logging_mixin.py:154} INFO - [2026-06-07T23:56:14.504+0000] {dag.py:2941} INFO - Sync 1 DAGs
[2026-06-07T23:56:14.523+0000] {logging_mixin.py:154} INFO - [2026-06-07T23:56:14.523+0000] {dag.py:3722} INFO - Setting next_dagrun for daily_vulnerability_ingestion to 2026-06-07T14:52:05.384041+00:00, run_after=2026-06-08T14:52:05.384041+00:00
[2026-06-07T23:56:14.538+0000] {processor.py:179} INFO - Processing /opt/airflow/dags/S3_UPLOAD_BRONZE_DAG.py took 0.090 seconds
[2026-06-07T23:56:44.674+0000] {processor.py:157} INFO - Started process (PID=3032) to work on /opt/airflow/dags/S3_UPLOAD_BRONZE_DAG.py
[2026-06-07T23:56:44.675+0000] {processor.py:829} INFO - Processing file /opt/airflow/dags/S3_UPLOAD_BRONZE_DAG.py for tasks to queue
[2026-06-07T23:56:44.676+0000] {logging_mixin.py:154} INFO - [2026-06-07T23:56:44.676+0000] {dagbag.py:536} INFO - Filling up the DagBag from /opt/airflow/dags/S3_UPLOAD_BRONZE_DAG.py
[2026-06-07T23:56:44.693+0000] {processor.py:839} INFO - DAG(s) dict_keys(['daily_vulnerability_ingestion']) retrieved from /opt/airflow/dags/S3_UPLOAD_BRONZE_DAG.py
[2026-06-07T23:56:44.714+0000] {logging_mixin.py:154} INFO - [2026-06-07T23:56:44.714+0000] {dag.py:2941} INFO - Sync 1 DAGs
[2026-06-07T23:56:44.731+0000] {logging_mixin.py:154} INFO - [2026-06-07T23:56:44.731+0000] {dag.py:3722} INFO - Setting next_dagrun for daily_vulnerability_ingestion to 2026-06-07T14:52:05.384041+00:00, run_after=2026-06-08T14:52:05.384041+00:00
[2026-06-07T23:56:44.745+0000] {processor.py:179} INFO - Processing /opt/airflow/dags/S3_UPLOAD_BRONZE_DAG.py took 0.076 seconds
[2026-06-07T23:57:14.898+0000] {processor.py:157} INFO - Started process (PID=3037) to work on /opt/airflow/dags/S3_UPLOAD_BRONZE_DAG.py
[2026-06-07T23:57:14.907+0000] {processor.py:829} INFO - Processing file /opt/airflow/dags/S3_UPLOAD_BRONZE_DAG.py for tasks to queue
[2026-06-07T23:57:14.907+0000] {logging_mixin.py:154} INFO - [2026-06-07T23:57:14.907+0000] {dagbag.py:536} INFO - Filling up the DagBag from /opt/airflow/dags/S3_UPLOAD_BRONZE_DAG.py
[2026-06-07T23:57:14.924+0000] {processor.py:839} INFO - DAG(s) dict_keys(['daily_vulnerability_ingestion']) retrieved from /opt/airflow/dags/S3_UPLOAD_BRONZE_DAG.py
[2026-06-07T23:57:14.946+0000] {logging_mixin.py:154} INFO - [2026-06-07T23:57:14.946+0000] {dag.py:2941} INFO - Sync 1 DAGs
[2026-06-07T23:57:14.965+0000] {logging_mixin.py:154} INFO - [2026-06-07T23:57:14.965+0000] {dag.py:3722} INFO - Setting next_dagrun for daily_vulnerability_ingestion to 2026-06-07T14:52:05.384041+00:00, run_after=2026-06-08T14:52:05.384041+00:00
[2026-06-07T23:57:14.983+0000] {processor.py:179} INFO - Processing /opt/airflow/dags/S3_UPLOAD_BRONZE_DAG.py took 0.089 seconds
[2026-06-07T23:57:45.022+0000] {processor.py:157} INFO - Started process (PID=3042) to work on /opt/airflow/dags/S3_UPLOAD_BRONZE_DAG.py
[2026-06-07T23:57:45.022+0000] {processor.py:829} INFO - Processing file /opt/airflow/dags/S3_UPLOAD_BRONZE_DAG.py for tasks to queue
[2026-06-07T23:57:45.023+0000] {logging_mixin.py:154} INFO - [2026-06-07T23:57:45.023+0000] {dagbag.py:536} INFO - Filling up the DagBag from /opt/airflow/dags/S3_UPLOAD_BRONZE_DAG.py
[2026-06-07T23:57:45.036+0000] {processor.py:839} INFO - DAG(s) dict_keys(['daily_vulnerability_ingestion']) retrieved from /opt/airflow/dags/S3_UPLOAD_BRONZE_DAG.py
[2026-06-07T23:57:45.067+0000] {logging_mixin.py:154} INFO - [2026-06-07T23:57:45.067+0000] {dag.py:2941} INFO - Sync 1 DAGs
[2026-06-07T23:57:45.094+0000] {logging_mixin.py:154} INFO - [2026-06-07T23:57:45.094+0000] {dag.py:3722} INFO - Setting next_dagrun for daily_vulnerability_ingestion to 2026-06-07T14:52:05.384041+00:00, run_after=2026-06-08T14:52:05.384041+00:00
[2026-06-07T23:57:45.109+0000] {processor.py:179} INFO - Processing /opt/airflow/dags/S3_UPLOAD_BRONZE_DAG.py took 0.090 seconds
[2026-06-07T23:58:15.265+0000] {processor.py:157} INFO - Started process (PID=3047) to work on /opt/airflow/dags/S3_UPLOAD_BRONZE_DAG.py
[2026-06-07T23:58:15.274+0000] {processor.py:829} INFO - Processing file /opt/airflow/dags/S3_UPLOAD_BRONZE_DAG.py for tasks to queue
[2026-06-07T23:58:15.274+0000] {logging_mixin.py:154} INFO - [2026-06-07T23:58:15.274+0000] {dagbag.py:536} INFO - Filling up the DagBag from /opt/airflow/dags/S3_UPLOAD_BRONZE_DAG.py
[2026-06-07T23:58:15.288+0000] {processor.py:839} INFO - DAG(s) dict_keys(['daily_vulnerability_ingestion']) retrieved from /opt/airflow/dags/S3_UPLOAD_BRONZE_DAG.py
[2026-06-07T23:58:15.309+0000] {logging_mixin.py:154} INFO - [2026-06-07T23:58:15.309+0000] {dag.py:2941} INFO - Sync 1 DAGs
[2026-06-07T23:58:15.327+0000] {logging_mixin.py:154} INFO - [2026-06-07T23:58:15.327+0000] {dag.py:3722} INFO - Setting next_dagrun for daily_vulnerability_ingestion to 2026-06-07T14:52:05.384041+00:00, run_after=2026-06-08T14:52:05.384041+00:00
[2026-06-07T23:58:15.341+0000] {processor.py:179} INFO - Processing /opt/airflow/dags/S3_UPLOAD_BRONZE_DAG.py took 0.081 seconds
[2026-06-07T23:58:45.457+0000] {processor.py:157} INFO - Started process (PID=3052) to work on /opt/airflow/dags/S3_UPLOAD_BRONZE_DAG.py
[2026-06-07T23:58:45.458+0000] {processor.py:829} INFO - Processing file /opt/airflow/dags/S3_UPLOAD_BRONZE_DAG.py for tasks to queue
[2026-06-07T23:58:45.459+0000] {logging_mixin.py:154} INFO - [2026-06-07T23:58:45.459+0000] {dagbag.py:536} INFO - Filling up the DagBag from /opt/airflow/dags/S3_UPLOAD_BRONZE_DAG.py
[2026-06-07T23:58:45.477+0000] {processor.py:839} INFO - DAG(s) dict_keys(['daily_vulnerability_ingestion']) retrieved from /opt/airflow/dags/S3_UPLOAD_BRONZE_DAG.py
[2026-06-07T23:58:45.501+0000] {logging_mixin.py:154} INFO - [2026-06-07T23:58:45.500+0000] {dag.py:2941} INFO - Sync 1 DAGs
[2026-06-07T23:58:45.520+0000] {logging_mixin.py:154} INFO - [2026-06-07T23:58:45.520+0000] {dag.py:3722} INFO - Setting next_dagrun for daily_vulnerability_ingestion to 2026-06-07T14:52:05.384041+00:00, run_after=2026-06-08T14:52:05.384041+00:00
[2026-06-07T23:58:45.536+0000] {processor.py:179} INFO - Processing /opt/airflow/dags/S3_UPLOAD_BRONZE_DAG.py took 0.083 seconds
[2026-06-07T23:59:15.667+0000] {processor.py:157} INFO - Started process (PID=3057) to work on /opt/airflow/dags/S3_UPLOAD_BRONZE_DAG.py
[2026-06-07T23:59:15.680+0000] {processor.py:829} INFO - Processing file /opt/airflow/dags/S3_UPLOAD_BRONZE_DAG.py for tasks to queue
[2026-06-07T23:59:15.681+0000] {logging_mixin.py:154} INFO - [2026-06-07T23:59:15.681+0000] {dagbag.py:536} INFO - Filling up the DagBag from /opt/airflow/dags/S3_UPLOAD_BRONZE_DAG.py
[2026-06-07T23:59:15.697+0000] {processor.py:839} INFO - DAG(s) dict_keys(['daily_vulnerability_ingestion']) retrieved from /opt/airflow/dags/S3_UPLOAD_BRONZE_DAG.py
[2026-06-07T23:59:15.723+0000] {logging_mixin.py:154} INFO - [2026-06-07T23:59:15.723+0000] {dag.py:2941} INFO - Sync 1 DAGs
[2026-06-07T23:59:15.743+0000] {logging_mixin.py:154} INFO - [2026-06-07T23:59:15.743+0000] {dag.py:3722} INFO - Setting next_dagrun for daily_vulnerability_ingestion to 2026-06-07T14:52:05.384041+00:00, run_after=2026-06-08T14:52:05.384041+00:00
[2026-06-07T23:59:15.758+0000] {processor.py:179} INFO - Processing /opt/airflow/dags/S3_UPLOAD_BRONZE_DAG.py took 0.093 seconds
[2026-06-07T23:59:45.808+0000] {processor.py:157} INFO - Started process (PID=3062) to work on /opt/airflow/dags/S3_UPLOAD_BRONZE_DAG.py
[2026-06-07T23:59:45.809+0000] {processor.py:829} INFO - Processing file /opt/airflow/dags/S3_UPLOAD_BRONZE_DAG.py for tasks to queue
[2026-06-07T23:59:45.810+0000] {logging_mixin.py:154} INFO - [2026-06-07T23:59:45.809+0000] {dagbag.py:536} INFO - Filling up the DagBag from /opt/airflow/dags/S3_UPLOAD_BRONZE_DAG.py
[2026-06-07T23:59:45.825+0000] {processor.py:839} INFO - DAG(s) dict_keys(['daily_vulnerability_ingestion']) retrieved from /opt/airflow/dags/S3_UPLOAD_BRONZE_DAG.py
[2026-06-07T23:59:45.849+0000] {logging_mixin.py:154} INFO - [2026-06-07T23:59:45.849+0000] {dag.py:2941} INFO - Sync 1 DAGs
[2026-06-07T23:59:45.869+0000] {logging_mixin.py:154} INFO - [2026-06-07T23:59:45.869+0000] {dag.py:3722} INFO - Setting next_dagrun for daily_vulnerability_ingestion to 2026-06-07T14:52:05.384041+00:00, run_after=2026-06-08T14:52:05.384041+00:00
[2026-06-07T23:59:45.888+0000] {processor.py:179} INFO - Processing /opt/airflow/dags/S3_UPLOAD_BRONZE_DAG.py took 0.082 seconds
