[2026-06-07T19:15:22.996+0000] {processor.py:157} INFO - Started process (PID=150) to work on /opt/airflow/dags/S3_UPLOAD_DAG.py
[2026-06-07T19:15:22.997+0000] {processor.py:829} INFO - Processing file /opt/airflow/dags/S3_UPLOAD_DAG.py for tasks to queue
[2026-06-07T19:15:22.998+0000] {logging_mixin.py:154} INFO - [2026-06-07T19:15:22.997+0000] {dagbag.py:536} INFO - Filling up the DagBag from /opt/airflow/dags/S3_UPLOAD_DAG.py
[2026-06-07T19:15:23.013+0000] {processor.py:839} INFO - DAG(s) dict_keys(['daily_vulnerability_ingestion']) retrieved from /opt/airflow/dags/S3_UPLOAD_DAG.py
[2026-06-07T19:15:23.038+0000] {logging_mixin.py:154} INFO - [2026-06-07T19:15:23.038+0000] {dag.py:2941} INFO - Sync 1 DAGs
[2026-06-07T19:15:23.066+0000] {logging_mixin.py:154} INFO - [2026-06-07T19:15:23.066+0000] {dag.py:3722} INFO - Setting next_dagrun for daily_vulnerability_ingestion to 2026-06-07T14:52:05.384041+00:00, run_after=2026-06-08T14:52:05.384041+00:00
[2026-06-07T19:15:23.086+0000] {processor.py:179} INFO - Processing /opt/airflow/dags/S3_UPLOAD_DAG.py took 0.092 seconds
[2026-06-07T19:15:53.186+0000] {processor.py:157} INFO - Started process (PID=174) to work on /opt/airflow/dags/S3_UPLOAD_DAG.py
[2026-06-07T19:15:53.187+0000] {processor.py:829} INFO - Processing file /opt/airflow/dags/S3_UPLOAD_DAG.py for tasks to queue
[2026-06-07T19:15:53.187+0000] {logging_mixin.py:154} INFO - [2026-06-07T19:15:53.187+0000] {dagbag.py:536} INFO - Filling up the DagBag from /opt/airflow/dags/S3_UPLOAD_DAG.py
[2026-06-07T19:15:53.198+0000] {processor.py:839} INFO - DAG(s) dict_keys(['daily_vulnerability_ingestion']) retrieved from /opt/airflow/dags/S3_UPLOAD_DAG.py
[2026-06-07T19:15:53.216+0000] {logging_mixin.py:154} INFO - [2026-06-07T19:15:53.216+0000] {dag.py:2941} INFO - Sync 1 DAGs
[2026-06-07T19:15:53.230+0000] {logging_mixin.py:154} INFO - [2026-06-07T19:15:53.229+0000] {dag.py:3722} INFO - Setting next_dagrun for daily_vulnerability_ingestion to 2026-06-07T14:52:05.384041+00:00, run_after=2026-06-08T14:52:05.384041+00:00
[2026-06-07T19:15:53.241+0000] {processor.py:179} INFO - Processing /opt/airflow/dags/S3_UPLOAD_DAG.py took 0.057 seconds
[2026-06-07T19:16:23.411+0000] {processor.py:157} INFO - Started process (PID=179) to work on /opt/airflow/dags/S3_UPLOAD_DAG.py
[2026-06-07T19:16:23.412+0000] {processor.py:829} INFO - Processing file /opt/airflow/dags/S3_UPLOAD_DAG.py for tasks to queue
[2026-06-07T19:16:23.412+0000] {logging_mixin.py:154} INFO - [2026-06-07T19:16:23.412+0000] {dagbag.py:536} INFO - Filling up the DagBag from /opt/airflow/dags/S3_UPLOAD_DAG.py
[2026-06-07T19:16:23.423+0000] {processor.py:839} INFO - DAG(s) dict_keys(['daily_vulnerability_ingestion']) retrieved from /opt/airflow/dags/S3_UPLOAD_DAG.py
[2026-06-07T19:16:23.440+0000] {logging_mixin.py:154} INFO - [2026-06-07T19:16:23.440+0000] {dag.py:2941} INFO - Sync 1 DAGs
[2026-06-07T19:16:23.454+0000] {logging_mixin.py:154} INFO - [2026-06-07T19:16:23.454+0000] {dag.py:3722} INFO - Setting next_dagrun for daily_vulnerability_ingestion to 2026-06-07T14:52:05.384041+00:00, run_after=2026-06-08T14:52:05.384041+00:00
[2026-06-07T19:16:23.464+0000] {processor.py:179} INFO - Processing /opt/airflow/dags/S3_UPLOAD_DAG.py took 0.055 seconds
[2026-06-07T19:16:53.650+0000] {processor.py:157} INFO - Started process (PID=184) to work on /opt/airflow/dags/S3_UPLOAD_DAG.py
[2026-06-07T19:16:53.651+0000] {processor.py:829} INFO - Processing file /opt/airflow/dags/S3_UPLOAD_DAG.py for tasks to queue
[2026-06-07T19:16:53.651+0000] {logging_mixin.py:154} INFO - [2026-06-07T19:16:53.651+0000] {dagbag.py:536} INFO - Filling up the DagBag from /opt/airflow/dags/S3_UPLOAD_DAG.py
[2026-06-07T19:16:53.662+0000] {processor.py:839} INFO - DAG(s) dict_keys(['daily_vulnerability_ingestion']) retrieved from /opt/airflow/dags/S3_UPLOAD_DAG.py
[2026-06-07T19:16:53.679+0000] {logging_mixin.py:154} INFO - [2026-06-07T19:16:53.678+0000] {dag.py:2941} INFO - Sync 1 DAGs
[2026-06-07T19:16:53.693+0000] {logging_mixin.py:154} INFO - [2026-06-07T19:16:53.693+0000] {dag.py:3722} INFO - Setting next_dagrun for daily_vulnerability_ingestion to 2026-06-07T14:52:05.384041+00:00, run_after=2026-06-08T14:52:05.384041+00:00
[2026-06-07T19:16:53.704+0000] {processor.py:179} INFO - Processing /opt/airflow/dags/S3_UPLOAD_DAG.py took 0.057 seconds
[2026-06-07T19:17:23.866+0000] {processor.py:157} INFO - Started process (PID=189) to work on /opt/airflow/dags/S3_UPLOAD_DAG.py
[2026-06-07T19:17:23.866+0000] {processor.py:829} INFO - Processing file /opt/airflow/dags/S3_UPLOAD_DAG.py for tasks to queue
[2026-06-07T19:17:23.867+0000] {logging_mixin.py:154} INFO - [2026-06-07T19:17:23.867+0000] {dagbag.py:536} INFO - Filling up the DagBag from /opt/airflow/dags/S3_UPLOAD_DAG.py
[2026-06-07T19:17:23.878+0000] {processor.py:839} INFO - DAG(s) dict_keys(['daily_vulnerability_ingestion']) retrieved from /opt/airflow/dags/S3_UPLOAD_DAG.py
[2026-06-07T19:17:23.895+0000] {logging_mixin.py:154} INFO - [2026-06-07T19:17:23.895+0000] {dag.py:2941} INFO - Sync 1 DAGs
[2026-06-07T19:17:23.909+0000] {logging_mixin.py:154} INFO - [2026-06-07T19:17:23.909+0000] {dag.py:3722} INFO - Setting next_dagrun for daily_vulnerability_ingestion to 2026-06-07T14:52:05.384041+00:00, run_after=2026-06-08T14:52:05.384041+00:00
[2026-06-07T19:17:23.920+0000] {processor.py:179} INFO - Processing /opt/airflow/dags/S3_UPLOAD_DAG.py took 0.057 seconds
[2026-06-07T19:17:54.112+0000] {processor.py:157} INFO - Started process (PID=194) to work on /opt/airflow/dags/S3_UPLOAD_DAG.py
[2026-06-07T19:17:54.112+0000] {processor.py:829} INFO - Processing file /opt/airflow/dags/S3_UPLOAD_DAG.py for tasks to queue
[2026-06-07T19:17:54.113+0000] {logging_mixin.py:154} INFO - [2026-06-07T19:17:54.113+0000] {dagbag.py:536} INFO - Filling up the DagBag from /opt/airflow/dags/S3_UPLOAD_DAG.py
[2026-06-07T19:17:54.124+0000] {processor.py:839} INFO - DAG(s) dict_keys(['daily_vulnerability_ingestion']) retrieved from /opt/airflow/dags/S3_UPLOAD_DAG.py
[2026-06-07T19:17:54.141+0000] {logging_mixin.py:154} INFO - [2026-06-07T19:17:54.141+0000] {dag.py:2941} INFO - Sync 1 DAGs
[2026-06-07T19:17:54.155+0000] {logging_mixin.py:154} INFO - [2026-06-07T19:17:54.155+0000] {dag.py:3722} INFO - Setting next_dagrun for daily_vulnerability_ingestion to 2026-06-07T14:52:05.384041+00:00, run_after=2026-06-08T14:52:05.384041+00:00
[2026-06-07T19:17:54.166+0000] {processor.py:179} INFO - Processing /opt/airflow/dags/S3_UPLOAD_DAG.py took 0.057 seconds
[2026-06-07T19:18:24.325+0000] {processor.py:157} INFO - Started process (PID=199) to work on /opt/airflow/dags/S3_UPLOAD_DAG.py
[2026-06-07T19:18:24.331+0000] {processor.py:829} INFO - Processing file /opt/airflow/dags/S3_UPLOAD_DAG.py for tasks to queue
[2026-06-07T19:18:24.331+0000] {logging_mixin.py:154} INFO - [2026-06-07T19:18:24.331+0000] {dagbag.py:536} INFO - Filling up the DagBag from /opt/airflow/dags/S3_UPLOAD_DAG.py
[2026-06-07T19:18:24.342+0000] {processor.py:839} INFO - DAG(s) dict_keys(['daily_vulnerability_ingestion']) retrieved from /opt/airflow/dags/S3_UPLOAD_DAG.py
[2026-06-07T19:18:24.359+0000] {logging_mixin.py:154} INFO - [2026-06-07T19:18:24.359+0000] {dag.py:2941} INFO - Sync 1 DAGs
[2026-06-07T19:18:24.372+0000] {logging_mixin.py:154} INFO - [2026-06-07T19:18:24.372+0000] {dag.py:3722} INFO - Setting next_dagrun for daily_vulnerability_ingestion to 2026-06-07T14:52:05.384041+00:00, run_after=2026-06-08T14:52:05.384041+00:00
[2026-06-07T19:18:24.383+0000] {processor.py:179} INFO - Processing /opt/airflow/dags/S3_UPLOAD_DAG.py took 0.061 seconds
[2026-06-07T19:18:54.515+0000] {processor.py:157} INFO - Started process (PID=204) to work on /opt/airflow/dags/S3_UPLOAD_DAG.py
[2026-06-07T19:18:54.516+0000] {processor.py:829} INFO - Processing file /opt/airflow/dags/S3_UPLOAD_DAG.py for tasks to queue
[2026-06-07T19:18:54.516+0000] {logging_mixin.py:154} INFO - [2026-06-07T19:18:54.516+0000] {dagbag.py:536} INFO - Filling up the DagBag from /opt/airflow/dags/S3_UPLOAD_DAG.py
[2026-06-07T19:18:54.527+0000] {processor.py:839} INFO - DAG(s) dict_keys(['daily_vulnerability_ingestion']) retrieved from /opt/airflow/dags/S3_UPLOAD_DAG.py
[2026-06-07T19:18:54.545+0000] {logging_mixin.py:154} INFO - [2026-06-07T19:18:54.545+0000] {dag.py:2941} INFO - Sync 1 DAGs
[2026-06-07T19:18:54.559+0000] {logging_mixin.py:154} INFO - [2026-06-07T19:18:54.559+0000] {dag.py:3722} INFO - Setting next_dagrun for daily_vulnerability_ingestion to 2026-06-07T14:52:05.384041+00:00, run_after=2026-06-08T14:52:05.384041+00:00
[2026-06-07T19:18:54.570+0000] {processor.py:179} INFO - Processing /opt/airflow/dags/S3_UPLOAD_DAG.py took 0.057 seconds
[2026-06-07T19:19:24.718+0000] {processor.py:157} INFO - Started process (PID=217) to work on /opt/airflow/dags/S3_UPLOAD_DAG.py
[2026-06-07T19:19:24.727+0000] {processor.py:829} INFO - Processing file /opt/airflow/dags/S3_UPLOAD_DAG.py for tasks to queue
[2026-06-07T19:19:24.728+0000] {logging_mixin.py:154} INFO - [2026-06-07T19:19:24.727+0000] {dagbag.py:536} INFO - Filling up the DagBag from /opt/airflow/dags/S3_UPLOAD_DAG.py
[2026-06-07T19:19:24.740+0000] {processor.py:839} INFO - DAG(s) dict_keys(['daily_vulnerability_ingestion']) retrieved from /opt/airflow/dags/S3_UPLOAD_DAG.py
[2026-06-07T19:19:24.760+0000] {logging_mixin.py:154} INFO - [2026-06-07T19:19:24.759+0000] {dag.py:2941} INFO - Sync 1 DAGs
[2026-06-07T19:19:24.776+0000] {logging_mixin.py:154} INFO - [2026-06-07T19:19:24.776+0000] {dag.py:3722} INFO - Setting next_dagrun for daily_vulnerability_ingestion to 2026-06-07T14:52:05.384041+00:00, run_after=2026-06-08T14:52:05.384041+00:00
[2026-06-07T19:19:24.789+0000] {processor.py:179} INFO - Processing /opt/airflow/dags/S3_UPLOAD_DAG.py took 0.074 seconds
[2026-06-07T19:19:54.929+0000] {processor.py:157} INFO - Started process (PID=226) to work on /opt/airflow/dags/S3_UPLOAD_DAG.py
[2026-06-07T19:19:54.929+0000] {processor.py:829} INFO - Processing file /opt/airflow/dags/S3_UPLOAD_DAG.py for tasks to queue
[2026-06-07T19:19:54.930+0000] {logging_mixin.py:154} INFO - [2026-06-07T19:19:54.930+0000] {dagbag.py:536} INFO - Filling up the DagBag from /opt/airflow/dags/S3_UPLOAD_DAG.py
[2026-06-07T19:19:54.945+0000] {processor.py:839} INFO - DAG(s) dict_keys(['daily_vulnerability_ingestion']) retrieved from /opt/airflow/dags/S3_UPLOAD_DAG.py
[2026-06-07T19:19:54.964+0000] {logging_mixin.py:154} INFO - [2026-06-07T19:19:54.964+0000] {dag.py:2941} INFO - Sync 1 DAGs
[2026-06-07T19:19:54.980+0000] {logging_mixin.py:154} INFO - [2026-06-07T19:19:54.980+0000] {dag.py:3722} INFO - Setting next_dagrun for daily_vulnerability_ingestion to 2026-06-07T14:52:05.384041+00:00, run_after=2026-06-08T14:52:05.384041+00:00
[2026-06-07T19:19:54.991+0000] {processor.py:179} INFO - Processing /opt/airflow/dags/S3_UPLOAD_DAG.py took 0.067 seconds
[2026-06-07T19:20:25.193+0000] {processor.py:157} INFO - Started process (PID=231) to work on /opt/airflow/dags/S3_UPLOAD_DAG.py
[2026-06-07T19:20:25.194+0000] {processor.py:829} INFO - Processing file /opt/airflow/dags/S3_UPLOAD_DAG.py for tasks to queue
[2026-06-07T19:20:25.195+0000] {logging_mixin.py:154} INFO - [2026-06-07T19:20:25.194+0000] {dagbag.py:536} INFO - Filling up the DagBag from /opt/airflow/dags/S3_UPLOAD_DAG.py
[2026-06-07T19:20:25.212+0000] {processor.py:839} INFO - DAG(s) dict_keys(['daily_vulnerability_ingestion']) retrieved from /opt/airflow/dags/S3_UPLOAD_DAG.py
[2026-06-07T19:20:25.231+0000] {logging_mixin.py:154} INFO - [2026-06-07T19:20:25.231+0000] {dag.py:2941} INFO - Sync 1 DAGs
[2026-06-07T19:20:25.246+0000] {logging_mixin.py:154} INFO - [2026-06-07T19:20:25.246+0000] {dag.py:3722} INFO - Setting next_dagrun for daily_vulnerability_ingestion to 2026-06-07T14:52:05.384041+00:00, run_after=2026-06-08T14:52:05.384041+00:00
[2026-06-07T19:20:25.257+0000] {processor.py:179} INFO - Processing /opt/airflow/dags/S3_UPLOAD_DAG.py took 0.069 seconds
[2026-06-07T19:20:55.359+0000] {processor.py:157} INFO - Started process (PID=236) to work on /opt/airflow/dags/S3_UPLOAD_DAG.py
[2026-06-07T19:20:55.359+0000] {processor.py:829} INFO - Processing file /opt/airflow/dags/S3_UPLOAD_DAG.py for tasks to queue
[2026-06-07T19:20:55.360+0000] {logging_mixin.py:154} INFO - [2026-06-07T19:20:55.360+0000] {dagbag.py:536} INFO - Filling up the DagBag from /opt/airflow/dags/S3_UPLOAD_DAG.py
[2026-06-07T19:20:55.375+0000] {processor.py:839} INFO - DAG(s) dict_keys(['daily_vulnerability_ingestion']) retrieved from /opt/airflow/dags/S3_UPLOAD_DAG.py
[2026-06-07T19:20:55.402+0000] {logging_mixin.py:154} INFO - [2026-06-07T19:20:55.402+0000] {dag.py:2941} INFO - Sync 1 DAGs
[2026-06-07T19:20:55.426+0000] {logging_mixin.py:154} INFO - [2026-06-07T19:20:55.426+0000] {dag.py:3722} INFO - Setting next_dagrun for daily_vulnerability_ingestion to 2026-06-07T14:52:05.384041+00:00, run_after=2026-06-08T14:52:05.384041+00:00
[2026-06-07T19:20:55.444+0000] {processor.py:179} INFO - Processing /opt/airflow/dags/S3_UPLOAD_DAG.py took 0.089 seconds
[2026-06-07T19:21:25.537+0000] {processor.py:157} INFO - Started process (PID=241) to work on /opt/airflow/dags/S3_UPLOAD_DAG.py
[2026-06-07T19:21:25.538+0000] {processor.py:829} INFO - Processing file /opt/airflow/dags/S3_UPLOAD_DAG.py for tasks to queue
[2026-06-07T19:21:25.539+0000] {logging_mixin.py:154} INFO - [2026-06-07T19:21:25.539+0000] {dagbag.py:536} INFO - Filling up the DagBag from /opt/airflow/dags/S3_UPLOAD_DAG.py
[2026-06-07T19:21:25.556+0000] {processor.py:839} INFO - DAG(s) dict_keys(['daily_vulnerability_ingestion']) retrieved from /opt/airflow/dags/S3_UPLOAD_DAG.py
[2026-06-07T19:21:25.579+0000] {logging_mixin.py:154} INFO - [2026-06-07T19:21:25.579+0000] {dag.py:2941} INFO - Sync 1 DAGs
[2026-06-07T19:21:25.596+0000] {logging_mixin.py:154} INFO - [2026-06-07T19:21:25.596+0000] {dag.py:3722} INFO - Setting next_dagrun for daily_vulnerability_ingestion to 2026-06-07T14:52:05.384041+00:00, run_after=2026-06-08T14:52:05.384041+00:00
[2026-06-07T19:21:25.609+0000] {processor.py:179} INFO - Processing /opt/airflow/dags/S3_UPLOAD_DAG.py took 0.075 seconds
[2026-06-07T19:21:55.723+0000] {processor.py:157} INFO - Started process (PID=246) to work on /opt/airflow/dags/S3_UPLOAD_DAG.py
[2026-06-07T19:21:55.723+0000] {processor.py:829} INFO - Processing file /opt/airflow/dags/S3_UPLOAD_DAG.py for tasks to queue
[2026-06-07T19:21:55.724+0000] {logging_mixin.py:154} INFO - [2026-06-07T19:21:55.724+0000] {dagbag.py:536} INFO - Filling up the DagBag from /opt/airflow/dags/S3_UPLOAD_DAG.py
[2026-06-07T19:21:55.737+0000] {processor.py:839} INFO - DAG(s) dict_keys(['daily_vulnerability_ingestion']) retrieved from /opt/airflow/dags/S3_UPLOAD_DAG.py
[2026-06-07T19:21:55.758+0000] {logging_mixin.py:154} INFO - [2026-06-07T19:21:55.758+0000] {dag.py:2941} INFO - Sync 1 DAGs
[2026-06-07T19:21:55.774+0000] {logging_mixin.py:154} INFO - [2026-06-07T19:21:55.774+0000] {dag.py:3722} INFO - Setting next_dagrun for daily_vulnerability_ingestion to 2026-06-07T14:52:05.384041+00:00, run_after=2026-06-08T14:52:05.384041+00:00
[2026-06-07T19:21:55.789+0000] {processor.py:179} INFO - Processing /opt/airflow/dags/S3_UPLOAD_DAG.py took 0.069 seconds
[2026-06-07T19:22:25.881+0000] {processor.py:157} INFO - Started process (PID=251) to work on /opt/airflow/dags/S3_UPLOAD_DAG.py
[2026-06-07T19:22:25.881+0000] {processor.py:829} INFO - Processing file /opt/airflow/dags/S3_UPLOAD_DAG.py for tasks to queue
[2026-06-07T19:22:25.882+0000] {logging_mixin.py:154} INFO - [2026-06-07T19:22:25.881+0000] {dagbag.py:536} INFO - Filling up the DagBag from /opt/airflow/dags/S3_UPLOAD_DAG.py
[2026-06-07T19:22:25.894+0000] {processor.py:839} INFO - DAG(s) dict_keys(['daily_vulnerability_ingestion']) retrieved from /opt/airflow/dags/S3_UPLOAD_DAG.py
[2026-06-07T19:22:25.914+0000] {logging_mixin.py:154} INFO - [2026-06-07T19:22:25.914+0000] {dag.py:2941} INFO - Sync 1 DAGs
[2026-06-07T19:22:25.933+0000] {logging_mixin.py:154} INFO - [2026-06-07T19:22:25.932+0000] {dag.py:3722} INFO - Setting next_dagrun for daily_vulnerability_ingestion to 2026-06-07T14:52:05.384041+00:00, run_after=2026-06-08T14:52:05.384041+00:00
[2026-06-07T19:22:25.947+0000] {processor.py:179} INFO - Processing /opt/airflow/dags/S3_UPLOAD_DAG.py took 0.070 seconds
[2026-06-07T19:22:56.052+0000] {processor.py:157} INFO - Started process (PID=256) to work on /opt/airflow/dags/S3_UPLOAD_DAG.py
[2026-06-07T19:22:56.053+0000] {processor.py:829} INFO - Processing file /opt/airflow/dags/S3_UPLOAD_DAG.py for tasks to queue
[2026-06-07T19:22:56.053+0000] {logging_mixin.py:154} INFO - [2026-06-07T19:22:56.053+0000] {dagbag.py:536} INFO - Filling up the DagBag from /opt/airflow/dags/S3_UPLOAD_DAG.py
[2026-06-07T19:22:56.071+0000] {processor.py:839} INFO - DAG(s) dict_keys(['daily_vulnerability_ingestion']) retrieved from /opt/airflow/dags/S3_UPLOAD_DAG.py
[2026-06-07T19:22:56.090+0000] {logging_mixin.py:154} INFO - [2026-06-07T19:22:56.090+0000] {dag.py:2941} INFO - Sync 1 DAGs
[2026-06-07T19:22:56.105+0000] {logging_mixin.py:154} INFO - [2026-06-07T19:22:56.105+0000] {dag.py:3722} INFO - Setting next_dagrun for daily_vulnerability_ingestion to 2026-06-07T14:52:05.384041+00:00, run_after=2026-06-08T14:52:05.384041+00:00
[2026-06-07T19:22:56.117+0000] {processor.py:179} INFO - Processing /opt/airflow/dags/S3_UPLOAD_DAG.py took 0.070 seconds
[2026-06-07T19:23:26.234+0000] {processor.py:157} INFO - Started process (PID=261) to work on /opt/airflow/dags/S3_UPLOAD_DAG.py
[2026-06-07T19:23:26.235+0000] {processor.py:829} INFO - Processing file /opt/airflow/dags/S3_UPLOAD_DAG.py for tasks to queue
[2026-06-07T19:23:26.236+0000] {logging_mixin.py:154} INFO - [2026-06-07T19:23:26.236+0000] {dagbag.py:536} INFO - Filling up the DagBag from /opt/airflow/dags/S3_UPLOAD_DAG.py
[2026-06-07T19:23:26.250+0000] {processor.py:839} INFO - DAG(s) dict_keys(['daily_vulnerability_ingestion']) retrieved from /opt/airflow/dags/S3_UPLOAD_DAG.py
[2026-06-07T19:23:26.268+0000] {logging_mixin.py:154} INFO - [2026-06-07T19:23:26.268+0000] {dag.py:2941} INFO - Sync 1 DAGs
[2026-06-07T19:23:26.284+0000] {logging_mixin.py:154} INFO - [2026-06-07T19:23:26.284+0000] {dag.py:3722} INFO - Setting next_dagrun for daily_vulnerability_ingestion to 2026-06-07T14:52:05.384041+00:00, run_after=2026-06-08T14:52:05.384041+00:00
[2026-06-07T19:23:26.296+0000] {processor.py:179} INFO - Processing /opt/airflow/dags/S3_UPLOAD_DAG.py took 0.065 seconds
[2026-06-07T19:23:56.436+0000] {processor.py:157} INFO - Started process (PID=266) to work on /opt/airflow/dags/S3_UPLOAD_DAG.py
[2026-06-07T19:23:56.437+0000] {processor.py:829} INFO - Processing file /opt/airflow/dags/S3_UPLOAD_DAG.py for tasks to queue
[2026-06-07T19:23:56.438+0000] {logging_mixin.py:154} INFO - [2026-06-07T19:23:56.438+0000] {dagbag.py:536} INFO - Filling up the DagBag from /opt/airflow/dags/S3_UPLOAD_DAG.py
[2026-06-07T19:23:56.452+0000] {processor.py:839} INFO - DAG(s) dict_keys(['daily_vulnerability_ingestion']) retrieved from /opt/airflow/dags/S3_UPLOAD_DAG.py
[2026-06-07T19:23:56.470+0000] {logging_mixin.py:154} INFO - [2026-06-07T19:23:56.470+0000] {dag.py:2941} INFO - Sync 1 DAGs
[2026-06-07T19:23:56.486+0000] {logging_mixin.py:154} INFO - [2026-06-07T19:23:56.486+0000] {dag.py:3722} INFO - Setting next_dagrun for daily_vulnerability_ingestion to 2026-06-07T14:52:05.384041+00:00, run_after=2026-06-08T14:52:05.384041+00:00
[2026-06-07T19:23:56.498+0000] {processor.py:179} INFO - Processing /opt/airflow/dags/S3_UPLOAD_DAG.py took 0.065 seconds
[2026-06-07T19:24:26.615+0000] {processor.py:157} INFO - Started process (PID=271) to work on /opt/airflow/dags/S3_UPLOAD_DAG.py
[2026-06-07T19:24:26.616+0000] {processor.py:829} INFO - Processing file /opt/airflow/dags/S3_UPLOAD_DAG.py for tasks to queue
[2026-06-07T19:24:26.618+0000] {logging_mixin.py:154} INFO - [2026-06-07T19:24:26.617+0000] {dagbag.py:536} INFO - Filling up the DagBag from /opt/airflow/dags/S3_UPLOAD_DAG.py
[2026-06-07T19:24:26.640+0000] {processor.py:839} INFO - DAG(s) dict_keys(['daily_vulnerability_ingestion']) retrieved from /opt/airflow/dags/S3_UPLOAD_DAG.py
[2026-06-07T19:24:26.662+0000] {logging_mixin.py:154} INFO - [2026-06-07T19:24:26.662+0000] {dag.py:2941} INFO - Sync 1 DAGs
[2026-06-07T19:24:26.679+0000] {logging_mixin.py:154} INFO - [2026-06-07T19:24:26.679+0000] {dag.py:3722} INFO - Setting next_dagrun for daily_vulnerability_ingestion to 2026-06-07T14:52:05.384041+00:00, run_after=2026-06-08T14:52:05.384041+00:00
[2026-06-07T19:24:26.692+0000] {processor.py:179} INFO - Processing /opt/airflow/dags/S3_UPLOAD_DAG.py took 0.082 seconds
[2026-06-07T19:24:56.745+0000] {processor.py:157} INFO - Started process (PID=276) to work on /opt/airflow/dags/S3_UPLOAD_DAG.py
[2026-06-07T19:24:56.745+0000] {processor.py:829} INFO - Processing file /opt/airflow/dags/S3_UPLOAD_DAG.py for tasks to queue
[2026-06-07T19:24:56.746+0000] {logging_mixin.py:154} INFO - [2026-06-07T19:24:56.746+0000] {dagbag.py:536} INFO - Filling up the DagBag from /opt/airflow/dags/S3_UPLOAD_DAG.py
[2026-06-07T19:24:56.758+0000] {processor.py:839} INFO - DAG(s) dict_keys(['daily_vulnerability_ingestion']) retrieved from /opt/airflow/dags/S3_UPLOAD_DAG.py
[2026-06-07T19:24:56.778+0000] {logging_mixin.py:154} INFO - [2026-06-07T19:24:56.777+0000] {dag.py:2941} INFO - Sync 1 DAGs
[2026-06-07T19:24:56.796+0000] {logging_mixin.py:154} INFO - [2026-06-07T19:24:56.796+0000] {dag.py:3722} INFO - Setting next_dagrun for daily_vulnerability_ingestion to 2026-06-07T14:52:05.384041+00:00, run_after=2026-06-08T14:52:05.384041+00:00
[2026-06-07T19:24:56.809+0000] {processor.py:179} INFO - Processing /opt/airflow/dags/S3_UPLOAD_DAG.py took 0.068 seconds
[2026-06-07T19:25:26.949+0000] {processor.py:157} INFO - Started process (PID=281) to work on /opt/airflow/dags/S3_UPLOAD_DAG.py
[2026-06-07T19:25:26.958+0000] {processor.py:829} INFO - Processing file /opt/airflow/dags/S3_UPLOAD_DAG.py for tasks to queue
[2026-06-07T19:25:26.959+0000] {logging_mixin.py:154} INFO - [2026-06-07T19:25:26.959+0000] {dagbag.py:536} INFO - Filling up the DagBag from /opt/airflow/dags/S3_UPLOAD_DAG.py
[2026-06-07T19:25:26.975+0000] {processor.py:839} INFO - DAG(s) dict_keys(['daily_vulnerability_ingestion']) retrieved from /opt/airflow/dags/S3_UPLOAD_DAG.py
[2026-06-07T19:25:26.993+0000] {logging_mixin.py:154} INFO - [2026-06-07T19:25:26.993+0000] {dag.py:2941} INFO - Sync 1 DAGs
[2026-06-07T19:25:27.009+0000] {logging_mixin.py:154} INFO - [2026-06-07T19:25:27.009+0000] {dag.py:3722} INFO - Setting next_dagrun for daily_vulnerability_ingestion to 2026-06-07T14:52:05.384041+00:00, run_after=2026-06-08T14:52:05.384041+00:00
[2026-06-07T19:25:27.022+0000] {processor.py:179} INFO - Processing /opt/airflow/dags/S3_UPLOAD_DAG.py took 0.077 seconds
[2026-06-07T19:25:57.097+0000] {processor.py:157} INFO - Started process (PID=286) to work on /opt/airflow/dags/S3_UPLOAD_DAG.py
[2026-06-07T19:25:57.097+0000] {processor.py:829} INFO - Processing file /opt/airflow/dags/S3_UPLOAD_DAG.py for tasks to queue
[2026-06-07T19:25:57.098+0000] {logging_mixin.py:154} INFO - [2026-06-07T19:25:57.098+0000] {dagbag.py:536} INFO - Filling up the DagBag from /opt/airflow/dags/S3_UPLOAD_DAG.py
[2026-06-07T19:25:57.111+0000] {processor.py:839} INFO - DAG(s) dict_keys(['daily_vulnerability_ingestion']) retrieved from /opt/airflow/dags/S3_UPLOAD_DAG.py
[2026-06-07T19:25:57.130+0000] {logging_mixin.py:154} INFO - [2026-06-07T19:25:57.130+0000] {dag.py:2941} INFO - Sync 1 DAGs
[2026-06-07T19:25:57.146+0000] {logging_mixin.py:154} INFO - [2026-06-07T19:25:57.146+0000] {dag.py:3722} INFO - Setting next_dagrun for daily_vulnerability_ingestion to 2026-06-07T14:52:05.384041+00:00, run_after=2026-06-08T14:52:05.384041+00:00
[2026-06-07T19:25:57.158+0000] {processor.py:179} INFO - Processing /opt/airflow/dags/S3_UPLOAD_DAG.py took 0.064 seconds
[2026-06-07T19:26:27.363+0000] {processor.py:157} INFO - Started process (PID=291) to work on /opt/airflow/dags/S3_UPLOAD_DAG.py
[2026-06-07T19:26:27.372+0000] {processor.py:829} INFO - Processing file /opt/airflow/dags/S3_UPLOAD_DAG.py for tasks to queue
[2026-06-07T19:26:27.373+0000] {logging_mixin.py:154} INFO - [2026-06-07T19:26:27.373+0000] {dagbag.py:536} INFO - Filling up the DagBag from /opt/airflow/dags/S3_UPLOAD_DAG.py
[2026-06-07T19:26:27.389+0000] {processor.py:839} INFO - DAG(s) dict_keys(['daily_vulnerability_ingestion']) retrieved from /opt/airflow/dags/S3_UPLOAD_DAG.py
[2026-06-07T19:26:27.409+0000] {logging_mixin.py:154} INFO - [2026-06-07T19:26:27.409+0000] {dag.py:2941} INFO - Sync 1 DAGs
[2026-06-07T19:26:27.426+0000] {logging_mixin.py:154} INFO - [2026-06-07T19:26:27.426+0000] {dag.py:3722} INFO - Setting next_dagrun for daily_vulnerability_ingestion to 2026-06-07T14:52:05.384041+00:00, run_after=2026-06-08T14:52:05.384041+00:00
[2026-06-07T19:26:27.438+0000] {processor.py:179} INFO - Processing /opt/airflow/dags/S3_UPLOAD_DAG.py took 0.078 seconds
[2026-06-07T19:26:57.533+0000] {processor.py:157} INFO - Started process (PID=296) to work on /opt/airflow/dags/S3_UPLOAD_DAG.py
[2026-06-07T19:26:57.534+0000] {processor.py:829} INFO - Processing file /opt/airflow/dags/S3_UPLOAD_DAG.py for tasks to queue
[2026-06-07T19:26:57.535+0000] {logging_mixin.py:154} INFO - [2026-06-07T19:26:57.534+0000] {dagbag.py:536} INFO - Filling up the DagBag from /opt/airflow/dags/S3_UPLOAD_DAG.py
[2026-06-07T19:26:57.557+0000] {processor.py:839} INFO - DAG(s) dict_keys(['daily_vulnerability_ingestion']) retrieved from /opt/airflow/dags/S3_UPLOAD_DAG.py
[2026-06-07T19:26:57.579+0000] {logging_mixin.py:154} INFO - [2026-06-07T19:26:57.579+0000] {dag.py:2941} INFO - Sync 1 DAGs
[2026-06-07T19:26:57.599+0000] {logging_mixin.py:154} INFO - [2026-06-07T19:26:57.599+0000] {dag.py:3722} INFO - Setting next_dagrun for daily_vulnerability_ingestion to 2026-06-07T14:52:05.384041+00:00, run_after=2026-06-08T14:52:05.384041+00:00
[2026-06-07T19:26:57.611+0000] {processor.py:179} INFO - Processing /opt/airflow/dags/S3_UPLOAD_DAG.py took 0.083 seconds
[2026-06-07T19:27:27.754+0000] {processor.py:157} INFO - Started process (PID=301) to work on /opt/airflow/dags/S3_UPLOAD_DAG.py
[2026-06-07T19:27:27.763+0000] {processor.py:829} INFO - Processing file /opt/airflow/dags/S3_UPLOAD_DAG.py for tasks to queue
[2026-06-07T19:27:27.764+0000] {logging_mixin.py:154} INFO - [2026-06-07T19:27:27.763+0000] {dagbag.py:536} INFO - Filling up the DagBag from /opt/airflow/dags/S3_UPLOAD_DAG.py
[2026-06-07T19:27:27.775+0000] {processor.py:839} INFO - DAG(s) dict_keys(['daily_vulnerability_ingestion']) retrieved from /opt/airflow/dags/S3_UPLOAD_DAG.py
[2026-06-07T19:27:27.794+0000] {logging_mixin.py:154} INFO - [2026-06-07T19:27:27.794+0000] {dag.py:2941} INFO - Sync 1 DAGs
[2026-06-07T19:27:27.808+0000] {logging_mixin.py:154} INFO - [2026-06-07T19:27:27.808+0000] {dag.py:3722} INFO - Setting next_dagrun for daily_vulnerability_ingestion to 2026-06-07T14:52:05.384041+00:00, run_after=2026-06-08T14:52:05.384041+00:00
[2026-06-07T19:27:27.821+0000] {processor.py:179} INFO - Processing /opt/airflow/dags/S3_UPLOAD_DAG.py took 0.070 seconds
[2026-06-07T19:27:57.950+0000] {processor.py:157} INFO - Started process (PID=306) to work on /opt/airflow/dags/S3_UPLOAD_DAG.py
[2026-06-07T19:27:57.951+0000] {processor.py:829} INFO - Processing file /opt/airflow/dags/S3_UPLOAD_DAG.py for tasks to queue
[2026-06-07T19:27:57.952+0000] {logging_mixin.py:154} INFO - [2026-06-07T19:27:57.951+0000] {dagbag.py:536} INFO - Filling up the DagBag from /opt/airflow/dags/S3_UPLOAD_DAG.py
[2026-06-07T19:27:57.968+0000] {processor.py:839} INFO - DAG(s) dict_keys(['daily_vulnerability_ingestion']) retrieved from /opt/airflow/dags/S3_UPLOAD_DAG.py
[2026-06-07T19:27:57.988+0000] {logging_mixin.py:154} INFO - [2026-06-07T19:27:57.988+0000] {dag.py:2941} INFO - Sync 1 DAGs
[2026-06-07T19:27:58.005+0000] {logging_mixin.py:154} INFO - [2026-06-07T19:27:58.005+0000] {dag.py:3722} INFO - Setting next_dagrun for daily_vulnerability_ingestion to 2026-06-07T14:52:05.384041+00:00, run_after=2026-06-08T14:52:05.384041+00:00
[2026-06-07T19:27:58.018+0000] {processor.py:179} INFO - Processing /opt/airflow/dags/S3_UPLOAD_DAG.py took 0.074 seconds
[2026-06-07T19:28:28.116+0000] {processor.py:157} INFO - Started process (PID=311) to work on /opt/airflow/dags/S3_UPLOAD_DAG.py
[2026-06-07T19:28:28.125+0000] {processor.py:829} INFO - Processing file /opt/airflow/dags/S3_UPLOAD_DAG.py for tasks to queue
[2026-06-07T19:28:28.126+0000] {logging_mixin.py:154} INFO - [2026-06-07T19:28:28.125+0000] {dagbag.py:536} INFO - Filling up the DagBag from /opt/airflow/dags/S3_UPLOAD_DAG.py
[2026-06-07T19:28:28.141+0000] {processor.py:839} INFO - DAG(s) dict_keys(['daily_vulnerability_ingestion']) retrieved from /opt/airflow/dags/S3_UPLOAD_DAG.py
[2026-06-07T19:28:28.161+0000] {logging_mixin.py:154} INFO - [2026-06-07T19:28:28.160+0000] {dag.py:2941} INFO - Sync 1 DAGs
[2026-06-07T19:28:28.176+0000] {logging_mixin.py:154} INFO - [2026-06-07T19:28:28.176+0000] {dag.py:3722} INFO - Setting next_dagrun for daily_vulnerability_ingestion to 2026-06-07T14:52:05.384041+00:00, run_after=2026-06-08T14:52:05.384041+00:00
[2026-06-07T19:28:28.187+0000] {processor.py:179} INFO - Processing /opt/airflow/dags/S3_UPLOAD_DAG.py took 0.076 seconds
[2026-06-07T19:28:58.330+0000] {processor.py:157} INFO - Started process (PID=316) to work on /opt/airflow/dags/S3_UPLOAD_DAG.py
[2026-06-07T19:28:58.330+0000] {processor.py:829} INFO - Processing file /opt/airflow/dags/S3_UPLOAD_DAG.py for tasks to queue
[2026-06-07T19:28:58.331+0000] {logging_mixin.py:154} INFO - [2026-06-07T19:28:58.331+0000] {dagbag.py:536} INFO - Filling up the DagBag from /opt/airflow/dags/S3_UPLOAD_DAG.py
[2026-06-07T19:28:58.345+0000] {processor.py:839} INFO - DAG(s) dict_keys(['daily_vulnerability_ingestion']) retrieved from /opt/airflow/dags/S3_UPLOAD_DAG.py
[2026-06-07T19:28:58.363+0000] {logging_mixin.py:154} INFO - [2026-06-07T19:28:58.363+0000] {dag.py:2941} INFO - Sync 1 DAGs
[2026-06-07T19:28:58.380+0000] {logging_mixin.py:154} INFO - [2026-06-07T19:28:58.380+0000] {dag.py:3722} INFO - Setting next_dagrun for daily_vulnerability_ingestion to 2026-06-07T14:52:05.384041+00:00, run_after=2026-06-08T14:52:05.384041+00:00
[2026-06-07T19:28:58.464+0000] {processor.py:179} INFO - Processing /opt/airflow/dags/S3_UPLOAD_DAG.py took 0.137 seconds
[2026-06-07T19:29:28.563+0000] {processor.py:157} INFO - Started process (PID=321) to work on /opt/airflow/dags/S3_UPLOAD_DAG.py
[2026-06-07T19:29:28.572+0000] {processor.py:829} INFO - Processing file /opt/airflow/dags/S3_UPLOAD_DAG.py for tasks to queue
[2026-06-07T19:29:28.573+0000] {logging_mixin.py:154} INFO - [2026-06-07T19:29:28.573+0000] {dagbag.py:536} INFO - Filling up the DagBag from /opt/airflow/dags/S3_UPLOAD_DAG.py
[2026-06-07T19:29:28.667+0000] {processor.py:839} INFO - DAG(s) dict_keys(['daily_vulnerability_ingestion']) retrieved from /opt/airflow/dags/S3_UPLOAD_DAG.py
[2026-06-07T19:29:28.683+0000] {logging_mixin.py:154} INFO - [2026-06-07T19:29:28.682+0000] {dag.py:2941} INFO - Sync 1 DAGs
[2026-06-07T19:29:28.696+0000] {logging_mixin.py:154} INFO - [2026-06-07T19:29:28.696+0000] {dag.py:3722} INFO - Setting next_dagrun for daily_vulnerability_ingestion to 2026-06-07T14:52:05.384041+00:00, run_after=2026-06-08T14:52:05.384041+00:00
[2026-06-07T19:29:28.714+0000] {processor.py:179} INFO - Processing /opt/airflow/dags/S3_UPLOAD_DAG.py took 0.156 seconds
[2026-06-07T19:29:58.850+0000] {processor.py:157} INFO - Started process (PID=326) to work on /opt/airflow/dags/S3_UPLOAD_DAG.py
[2026-06-07T19:29:58.851+0000] {processor.py:829} INFO - Processing file /opt/airflow/dags/S3_UPLOAD_DAG.py for tasks to queue
[2026-06-07T19:29:58.852+0000] {logging_mixin.py:154} INFO - [2026-06-07T19:29:58.852+0000] {dagbag.py:536} INFO - Filling up the DagBag from /opt/airflow/dags/S3_UPLOAD_DAG.py
[2026-06-07T19:29:58.869+0000] {processor.py:839} INFO - DAG(s) dict_keys(['daily_vulnerability_ingestion']) retrieved from /opt/airflow/dags/S3_UPLOAD_DAG.py
[2026-06-07T19:29:58.889+0000] {logging_mixin.py:154} INFO - [2026-06-07T19:29:58.889+0000] {dag.py:2941} INFO - Sync 1 DAGs
[2026-06-07T19:29:58.905+0000] {logging_mixin.py:154} INFO - [2026-06-07T19:29:58.905+0000] {dag.py:3722} INFO - Setting next_dagrun for daily_vulnerability_ingestion to 2026-06-07T14:52:05.384041+00:00, run_after=2026-06-08T14:52:05.384041+00:00
[2026-06-07T19:29:58.917+0000] {processor.py:179} INFO - Processing /opt/airflow/dags/S3_UPLOAD_DAG.py took 0.072 seconds
[2026-06-07T19:30:29.084+0000] {processor.py:157} INFO - Started process (PID=331) to work on /opt/airflow/dags/S3_UPLOAD_DAG.py
[2026-06-07T19:30:29.093+0000] {processor.py:829} INFO - Processing file /opt/airflow/dags/S3_UPLOAD_DAG.py for tasks to queue
[2026-06-07T19:30:29.094+0000] {logging_mixin.py:154} INFO - [2026-06-07T19:30:29.094+0000] {dagbag.py:536} INFO - Filling up the DagBag from /opt/airflow/dags/S3_UPLOAD_DAG.py
[2026-06-07T19:30:29.113+0000] {processor.py:839} INFO - DAG(s) dict_keys(['daily_vulnerability_ingestion']) retrieved from /opt/airflow/dags/S3_UPLOAD_DAG.py
[2026-06-07T19:30:29.134+0000] {logging_mixin.py:154} INFO - [2026-06-07T19:30:29.133+0000] {dag.py:2941} INFO - Sync 1 DAGs
[2026-06-07T19:30:29.150+0000] {logging_mixin.py:154} INFO - [2026-06-07T19:30:29.149+0000] {dag.py:3722} INFO - Setting next_dagrun for daily_vulnerability_ingestion to 2026-06-07T14:52:05.384041+00:00, run_after=2026-06-08T14:52:05.384041+00:00
[2026-06-07T19:30:29.162+0000] {processor.py:179} INFO - Processing /opt/airflow/dags/S3_UPLOAD_DAG.py took 0.083 seconds
[2026-06-07T19:30:59.302+0000] {processor.py:157} INFO - Started process (PID=336) to work on /opt/airflow/dags/S3_UPLOAD_DAG.py
[2026-06-07T19:30:59.304+0000] {processor.py:829} INFO - Processing file /opt/airflow/dags/S3_UPLOAD_DAG.py for tasks to queue
[2026-06-07T19:30:59.305+0000] {logging_mixin.py:154} INFO - [2026-06-07T19:30:59.305+0000] {dagbag.py:536} INFO - Filling up the DagBag from /opt/airflow/dags/S3_UPLOAD_DAG.py
[2026-06-07T19:30:59.329+0000] {processor.py:839} INFO - DAG(s) dict_keys(['daily_vulnerability_ingestion']) retrieved from /opt/airflow/dags/S3_UPLOAD_DAG.py
[2026-06-07T19:30:59.350+0000] {logging_mixin.py:154} INFO - [2026-06-07T19:30:59.350+0000] {dag.py:2941} INFO - Sync 1 DAGs
[2026-06-07T19:30:59.366+0000] {logging_mixin.py:154} INFO - [2026-06-07T19:30:59.366+0000] {dag.py:3722} INFO - Setting next_dagrun for daily_vulnerability_ingestion to 2026-06-07T14:52:05.384041+00:00, run_after=2026-06-08T14:52:05.384041+00:00
[2026-06-07T19:30:59.378+0000] {processor.py:179} INFO - Processing /opt/airflow/dags/S3_UPLOAD_DAG.py took 0.084 seconds
[2026-06-07T19:31:29.481+0000] {processor.py:157} INFO - Started process (PID=341) to work on /opt/airflow/dags/S3_UPLOAD_DAG.py
[2026-06-07T19:31:29.490+0000] {processor.py:829} INFO - Processing file /opt/airflow/dags/S3_UPLOAD_DAG.py for tasks to queue
[2026-06-07T19:31:29.491+0000] {logging_mixin.py:154} INFO - [2026-06-07T19:31:29.491+0000] {dagbag.py:536} INFO - Filling up the DagBag from /opt/airflow/dags/S3_UPLOAD_DAG.py
[2026-06-07T19:31:29.502+0000] {processor.py:839} INFO - DAG(s) dict_keys(['daily_vulnerability_ingestion']) retrieved from /opt/airflow/dags/S3_UPLOAD_DAG.py
[2026-06-07T19:31:29.522+0000] {logging_mixin.py:154} INFO - [2026-06-07T19:31:29.522+0000] {dag.py:2941} INFO - Sync 1 DAGs
[2026-06-07T19:31:29.538+0000] {logging_mixin.py:154} INFO - [2026-06-07T19:31:29.538+0000] {dag.py:3722} INFO - Setting next_dagrun for daily_vulnerability_ingestion to 2026-06-07T14:52:05.384041+00:00, run_after=2026-06-08T14:52:05.384041+00:00
[2026-06-07T19:31:29.551+0000] {processor.py:179} INFO - Processing /opt/airflow/dags/S3_UPLOAD_DAG.py took 0.072 seconds
[2026-06-07T19:31:59.712+0000] {processor.py:157} INFO - Started process (PID=346) to work on /opt/airflow/dags/S3_UPLOAD_DAG.py
[2026-06-07T19:31:59.713+0000] {processor.py:829} INFO - Processing file /opt/airflow/dags/S3_UPLOAD_DAG.py for tasks to queue
[2026-06-07T19:31:59.714+0000] {logging_mixin.py:154} INFO - [2026-06-07T19:31:59.713+0000] {dagbag.py:536} INFO - Filling up the DagBag from /opt/airflow/dags/S3_UPLOAD_DAG.py
[2026-06-07T19:31:59.728+0000] {processor.py:839} INFO - DAG(s) dict_keys(['daily_vulnerability_ingestion']) retrieved from /opt/airflow/dags/S3_UPLOAD_DAG.py
[2026-06-07T19:31:59.746+0000] {logging_mixin.py:154} INFO - [2026-06-07T19:31:59.746+0000] {dag.py:2941} INFO - Sync 1 DAGs
[2026-06-07T19:31:59.761+0000] {logging_mixin.py:154} INFO - [2026-06-07T19:31:59.761+0000] {dag.py:3722} INFO - Setting next_dagrun for daily_vulnerability_ingestion to 2026-06-07T14:52:05.384041+00:00, run_after=2026-06-08T14:52:05.384041+00:00
[2026-06-07T19:31:59.773+0000] {processor.py:179} INFO - Processing /opt/airflow/dags/S3_UPLOAD_DAG.py took 0.065 seconds
[2026-06-07T19:32:29.885+0000] {processor.py:157} INFO - Started process (PID=351) to work on /opt/airflow/dags/S3_UPLOAD_DAG.py
[2026-06-07T19:32:29.894+0000] {processor.py:829} INFO - Processing file /opt/airflow/dags/S3_UPLOAD_DAG.py for tasks to queue
[2026-06-07T19:32:29.895+0000] {logging_mixin.py:154} INFO - [2026-06-07T19:32:29.895+0000] {dagbag.py:536} INFO - Filling up the DagBag from /opt/airflow/dags/S3_UPLOAD_DAG.py
[2026-06-07T19:32:29.909+0000] {processor.py:839} INFO - DAG(s) dict_keys(['daily_vulnerability_ingestion']) retrieved from /opt/airflow/dags/S3_UPLOAD_DAG.py
[2026-06-07T19:32:29.927+0000] {logging_mixin.py:154} INFO - [2026-06-07T19:32:29.927+0000] {dag.py:2941} INFO - Sync 1 DAGs
[2026-06-07T19:32:29.943+0000] {logging_mixin.py:154} INFO - [2026-06-07T19:32:29.942+0000] {dag.py:3722} INFO - Setting next_dagrun for daily_vulnerability_ingestion to 2026-06-07T14:52:05.384041+00:00, run_after=2026-06-08T14:52:05.384041+00:00
[2026-06-07T19:32:29.955+0000] {processor.py:179} INFO - Processing /opt/airflow/dags/S3_UPLOAD_DAG.py took 0.073 seconds
[2026-06-07T19:33:00.062+0000] {processor.py:157} INFO - Started process (PID=356) to work on /opt/airflow/dags/S3_UPLOAD_DAG.py
[2026-06-07T19:33:00.063+0000] {processor.py:829} INFO - Processing file /opt/airflow/dags/S3_UPLOAD_DAG.py for tasks to queue
[2026-06-07T19:33:00.064+0000] {logging_mixin.py:154} INFO - [2026-06-07T19:33:00.064+0000] {dagbag.py:536} INFO - Filling up the DagBag from /opt/airflow/dags/S3_UPLOAD_DAG.py
[2026-06-07T19:33:00.080+0000] {processor.py:839} INFO - DAG(s) dict_keys(['daily_vulnerability_ingestion']) retrieved from /opt/airflow/dags/S3_UPLOAD_DAG.py
[2026-06-07T19:33:00.099+0000] {logging_mixin.py:154} INFO - [2026-06-07T19:33:00.099+0000] {dag.py:2941} INFO - Sync 1 DAGs
[2026-06-07T19:33:00.114+0000] {logging_mixin.py:154} INFO - [2026-06-07T19:33:00.114+0000] {dag.py:3722} INFO - Setting next_dagrun for daily_vulnerability_ingestion to 2026-06-07T14:52:05.384041+00:00, run_after=2026-06-08T14:52:05.384041+00:00
[2026-06-07T19:33:00.126+0000] {processor.py:179} INFO - Processing /opt/airflow/dags/S3_UPLOAD_DAG.py took 0.067 seconds
[2026-06-07T19:33:30.267+0000] {processor.py:157} INFO - Started process (PID=361) to work on /opt/airflow/dags/S3_UPLOAD_DAG.py
[2026-06-07T19:33:30.276+0000] {processor.py:829} INFO - Processing file /opt/airflow/dags/S3_UPLOAD_DAG.py for tasks to queue
[2026-06-07T19:33:30.277+0000] {logging_mixin.py:154} INFO - [2026-06-07T19:33:30.276+0000] {dagbag.py:536} INFO - Filling up the DagBag from /opt/airflow/dags/S3_UPLOAD_DAG.py
[2026-06-07T19:33:30.289+0000] {processor.py:839} INFO - DAG(s) dict_keys(['daily_vulnerability_ingestion']) retrieved from /opt/airflow/dags/S3_UPLOAD_DAG.py
[2026-06-07T19:33:30.309+0000] {logging_mixin.py:154} INFO - [2026-06-07T19:33:30.308+0000] {dag.py:2941} INFO - Sync 1 DAGs
[2026-06-07T19:33:30.325+0000] {logging_mixin.py:154} INFO - [2026-06-07T19:33:30.324+0000] {dag.py:3722} INFO - Setting next_dagrun for daily_vulnerability_ingestion to 2026-06-07T14:52:05.384041+00:00, run_after=2026-06-08T14:52:05.384041+00:00
[2026-06-07T19:33:30.338+0000] {processor.py:179} INFO - Processing /opt/airflow/dags/S3_UPLOAD_DAG.py took 0.075 seconds
[2026-06-07T19:34:00.448+0000] {processor.py:157} INFO - Started process (PID=366) to work on /opt/airflow/dags/S3_UPLOAD_DAG.py
[2026-06-07T19:34:00.449+0000] {processor.py:829} INFO - Processing file /opt/airflow/dags/S3_UPLOAD_DAG.py for tasks to queue
[2026-06-07T19:34:00.450+0000] {logging_mixin.py:154} INFO - [2026-06-07T19:34:00.449+0000] {dagbag.py:536} INFO - Filling up the DagBag from /opt/airflow/dags/S3_UPLOAD_DAG.py
[2026-06-07T19:34:00.466+0000] {processor.py:839} INFO - DAG(s) dict_keys(['daily_vulnerability_ingestion']) retrieved from /opt/airflow/dags/S3_UPLOAD_DAG.py
[2026-06-07T19:34:00.485+0000] {logging_mixin.py:154} INFO - [2026-06-07T19:34:00.485+0000] {dag.py:2941} INFO - Sync 1 DAGs
[2026-06-07T19:34:00.501+0000] {logging_mixin.py:154} INFO - [2026-06-07T19:34:00.500+0000] {dag.py:3722} INFO - Setting next_dagrun for daily_vulnerability_ingestion to 2026-06-07T14:52:05.384041+00:00, run_after=2026-06-08T14:52:05.384041+00:00
[2026-06-07T19:34:00.513+0000] {processor.py:179} INFO - Processing /opt/airflow/dags/S3_UPLOAD_DAG.py took 0.071 seconds
[2026-06-07T19:34:30.634+0000] {processor.py:157} INFO - Started process (PID=371) to work on /opt/airflow/dags/S3_UPLOAD_DAG.py
[2026-06-07T19:34:30.643+0000] {processor.py:829} INFO - Processing file /opt/airflow/dags/S3_UPLOAD_DAG.py for tasks to queue
[2026-06-07T19:34:30.644+0000] {logging_mixin.py:154} INFO - [2026-06-07T19:34:30.644+0000] {dagbag.py:536} INFO - Filling up the DagBag from /opt/airflow/dags/S3_UPLOAD_DAG.py
[2026-06-07T19:34:30.662+0000] {processor.py:839} INFO - DAG(s) dict_keys(['daily_vulnerability_ingestion']) retrieved from /opt/airflow/dags/S3_UPLOAD_DAG.py
[2026-06-07T19:34:30.681+0000] {logging_mixin.py:154} INFO - [2026-06-07T19:34:30.681+0000] {dag.py:2941} INFO - Sync 1 DAGs
[2026-06-07T19:34:30.697+0000] {logging_mixin.py:154} INFO - [2026-06-07T19:34:30.697+0000] {dag.py:3722} INFO - Setting next_dagrun for daily_vulnerability_ingestion to 2026-06-07T14:52:05.384041+00:00, run_after=2026-06-08T14:52:05.384041+00:00
[2026-06-07T19:34:30.711+0000] {processor.py:179} INFO - Processing /opt/airflow/dags/S3_UPLOAD_DAG.py took 0.082 seconds
[2026-06-07T19:35:00.801+0000] {processor.py:157} INFO - Started process (PID=376) to work on /opt/airflow/dags/S3_UPLOAD_DAG.py
[2026-06-07T19:35:00.802+0000] {processor.py:829} INFO - Processing file /opt/airflow/dags/S3_UPLOAD_DAG.py for tasks to queue
[2026-06-07T19:35:00.803+0000] {logging_mixin.py:154} INFO - [2026-06-07T19:35:00.803+0000] {dagbag.py:536} INFO - Filling up the DagBag from /opt/airflow/dags/S3_UPLOAD_DAG.py
[2026-06-07T19:35:00.818+0000] {processor.py:839} INFO - DAG(s) dict_keys(['daily_vulnerability_ingestion']) retrieved from /opt/airflow/dags/S3_UPLOAD_DAG.py
[2026-06-07T19:35:00.839+0000] {logging_mixin.py:154} INFO - [2026-06-07T19:35:00.839+0000] {dag.py:2941} INFO - Sync 1 DAGs
[2026-06-07T19:35:00.856+0000] {logging_mixin.py:154} INFO - [2026-06-07T19:35:00.856+0000] {dag.py:3722} INFO - Setting next_dagrun for daily_vulnerability_ingestion to 2026-06-07T14:52:05.384041+00:00, run_after=2026-06-08T14:52:05.384041+00:00
[2026-06-07T19:35:00.868+0000] {processor.py:179} INFO - Processing /opt/airflow/dags/S3_UPLOAD_DAG.py took 0.071 seconds
[2026-06-07T19:35:31.066+0000] {processor.py:157} INFO - Started process (PID=381) to work on /opt/airflow/dags/S3_UPLOAD_DAG.py
[2026-06-07T19:35:31.076+0000] {processor.py:829} INFO - Processing file /opt/airflow/dags/S3_UPLOAD_DAG.py for tasks to queue
[2026-06-07T19:35:31.079+0000] {logging_mixin.py:154} INFO - [2026-06-07T19:35:31.078+0000] {dagbag.py:536} INFO - Filling up the DagBag from /opt/airflow/dags/S3_UPLOAD_DAG.py
[2026-06-07T19:35:31.129+0000] {processor.py:839} INFO - DAG(s) dict_keys(['daily_vulnerability_ingestion']) retrieved from /opt/airflow/dags/S3_UPLOAD_DAG.py
[2026-06-07T19:35:31.173+0000] {logging_mixin.py:154} INFO - [2026-06-07T19:35:31.173+0000] {dag.py:2941} INFO - Sync 1 DAGs
[2026-06-07T19:35:31.191+0000] {logging_mixin.py:154} INFO - [2026-06-07T19:35:31.190+0000] {dag.py:3722} INFO - Setting next_dagrun for daily_vulnerability_ingestion to 2026-06-07T14:52:05.384041+00:00, run_after=2026-06-08T14:52:05.384041+00:00
[2026-06-07T19:35:31.211+0000] {processor.py:179} INFO - Processing /opt/airflow/dags/S3_UPLOAD_DAG.py took 0.156 seconds
[2026-06-07T19:36:01.397+0000] {processor.py:157} INFO - Started process (PID=386) to work on /opt/airflow/dags/S3_UPLOAD_DAG.py
[2026-06-07T19:36:01.398+0000] {processor.py:829} INFO - Processing file /opt/airflow/dags/S3_UPLOAD_DAG.py for tasks to queue
[2026-06-07T19:36:01.399+0000] {logging_mixin.py:154} INFO - [2026-06-07T19:36:01.399+0000] {dagbag.py:536} INFO - Filling up the DagBag from /opt/airflow/dags/S3_UPLOAD_DAG.py
[2026-06-07T19:36:01.412+0000] {processor.py:839} INFO - DAG(s) dict_keys(['daily_vulnerability_ingestion']) retrieved from /opt/airflow/dags/S3_UPLOAD_DAG.py
[2026-06-07T19:36:01.430+0000] {logging_mixin.py:154} INFO - [2026-06-07T19:36:01.430+0000] {dag.py:2941} INFO - Sync 1 DAGs
[2026-06-07T19:36:01.446+0000] {logging_mixin.py:154} INFO - [2026-06-07T19:36:01.446+0000] {dag.py:3722} INFO - Setting next_dagrun for daily_vulnerability_ingestion to 2026-06-07T14:52:05.384041+00:00, run_after=2026-06-08T14:52:05.384041+00:00
[2026-06-07T19:36:01.458+0000] {processor.py:179} INFO - Processing /opt/airflow/dags/S3_UPLOAD_DAG.py took 0.064 seconds
[2026-06-07T19:36:31.587+0000] {processor.py:157} INFO - Started process (PID=391) to work on /opt/airflow/dags/S3_UPLOAD_DAG.py
[2026-06-07T19:36:31.596+0000] {processor.py:829} INFO - Processing file /opt/airflow/dags/S3_UPLOAD_DAG.py for tasks to queue
[2026-06-07T19:36:31.597+0000] {logging_mixin.py:154} INFO - [2026-06-07T19:36:31.597+0000] {dagbag.py:536} INFO - Filling up the DagBag from /opt/airflow/dags/S3_UPLOAD_DAG.py
[2026-06-07T19:36:31.611+0000] {processor.py:839} INFO - DAG(s) dict_keys(['daily_vulnerability_ingestion']) retrieved from /opt/airflow/dags/S3_UPLOAD_DAG.py
[2026-06-07T19:36:31.632+0000] {logging_mixin.py:154} INFO - [2026-06-07T19:36:31.631+0000] {dag.py:2941} INFO - Sync 1 DAGs
[2026-06-07T19:36:31.648+0000] {logging_mixin.py:154} INFO - [2026-06-07T19:36:31.648+0000] {dag.py:3722} INFO - Setting next_dagrun for daily_vulnerability_ingestion to 2026-06-07T14:52:05.384041+00:00, run_after=2026-06-08T14:52:05.384041+00:00
[2026-06-07T19:36:31.661+0000] {processor.py:179} INFO - Processing /opt/airflow/dags/S3_UPLOAD_DAG.py took 0.078 seconds
[2026-06-07T19:37:01.773+0000] {processor.py:157} INFO - Started process (PID=396) to work on /opt/airflow/dags/S3_UPLOAD_DAG.py
[2026-06-07T19:37:01.774+0000] {processor.py:829} INFO - Processing file /opt/airflow/dags/S3_UPLOAD_DAG.py for tasks to queue
[2026-06-07T19:37:01.775+0000] {logging_mixin.py:154} INFO - [2026-06-07T19:37:01.774+0000] {dagbag.py:536} INFO - Filling up the DagBag from /opt/airflow/dags/S3_UPLOAD_DAG.py
[2026-06-07T19:37:01.786+0000] {processor.py:839} INFO - DAG(s) dict_keys(['daily_vulnerability_ingestion']) retrieved from /opt/airflow/dags/S3_UPLOAD_DAG.py
[2026-06-07T19:37:01.805+0000] {logging_mixin.py:154} INFO - [2026-06-07T19:37:01.805+0000] {dag.py:2941} INFO - Sync 1 DAGs
[2026-06-07T19:37:01.820+0000] {logging_mixin.py:154} INFO - [2026-06-07T19:37:01.820+0000] {dag.py:3722} INFO - Setting next_dagrun for daily_vulnerability_ingestion to 2026-06-07T14:52:05.384041+00:00, run_after=2026-06-08T14:52:05.384041+00:00
[2026-06-07T19:37:01.832+0000] {processor.py:179} INFO - Processing /opt/airflow/dags/S3_UPLOAD_DAG.py took 0.061 seconds
[2026-06-07T19:37:32.001+0000] {processor.py:157} INFO - Started process (PID=401) to work on /opt/airflow/dags/S3_UPLOAD_DAG.py
[2026-06-07T19:37:32.010+0000] {processor.py:829} INFO - Processing file /opt/airflow/dags/S3_UPLOAD_DAG.py for tasks to queue
[2026-06-07T19:37:32.010+0000] {logging_mixin.py:154} INFO - [2026-06-07T19:37:32.010+0000] {dagbag.py:536} INFO - Filling up the DagBag from /opt/airflow/dags/S3_UPLOAD_DAG.py
[2026-06-07T19:37:32.022+0000] {processor.py:839} INFO - DAG(s) dict_keys(['daily_vulnerability_ingestion']) retrieved from /opt/airflow/dags/S3_UPLOAD_DAG.py
[2026-06-07T19:37:32.040+0000] {logging_mixin.py:154} INFO - [2026-06-07T19:37:32.040+0000] {dag.py:2941} INFO - Sync 1 DAGs
[2026-06-07T19:37:32.055+0000] {logging_mixin.py:154} INFO - [2026-06-07T19:37:32.055+0000] {dag.py:3722} INFO - Setting next_dagrun for daily_vulnerability_ingestion to 2026-06-07T14:52:05.384041+00:00, run_after=2026-06-08T14:52:05.384041+00:00
[2026-06-07T19:37:32.067+0000] {processor.py:179} INFO - Processing /opt/airflow/dags/S3_UPLOAD_DAG.py took 0.071 seconds
[2026-06-07T19:38:02.135+0000] {processor.py:157} INFO - Started process (PID=406) to work on /opt/airflow/dags/S3_UPLOAD_DAG.py
[2026-06-07T19:38:02.135+0000] {processor.py:829} INFO - Processing file /opt/airflow/dags/S3_UPLOAD_DAG.py for tasks to queue
[2026-06-07T19:38:02.136+0000] {logging_mixin.py:154} INFO - [2026-06-07T19:38:02.136+0000] {dagbag.py:536} INFO - Filling up the DagBag from /opt/airflow/dags/S3_UPLOAD_DAG.py
[2026-06-07T19:38:02.147+0000] {processor.py:839} INFO - DAG(s) dict_keys(['daily_vulnerability_ingestion']) retrieved from /opt/airflow/dags/S3_UPLOAD_DAG.py
[2026-06-07T19:38:02.167+0000] {logging_mixin.py:154} INFO - [2026-06-07T19:38:02.167+0000] {dag.py:2941} INFO - Sync 1 DAGs
[2026-06-07T19:38:02.184+0000] {logging_mixin.py:154} INFO - [2026-06-07T19:38:02.184+0000] {dag.py:3722} INFO - Setting next_dagrun for daily_vulnerability_ingestion to 2026-06-07T14:52:05.384041+00:00, run_after=2026-06-08T14:52:05.384041+00:00
[2026-06-07T19:38:02.197+0000] {processor.py:179} INFO - Processing /opt/airflow/dags/S3_UPLOAD_DAG.py took 0.065 seconds
[2026-06-07T19:38:32.279+0000] {processor.py:157} INFO - Started process (PID=411) to work on /opt/airflow/dags/S3_UPLOAD_DAG.py
[2026-06-07T19:38:32.288+0000] {processor.py:829} INFO - Processing file /opt/airflow/dags/S3_UPLOAD_DAG.py for tasks to queue
[2026-06-07T19:38:32.289+0000] {logging_mixin.py:154} INFO - [2026-06-07T19:38:32.288+0000] {dagbag.py:536} INFO - Filling up the DagBag from /opt/airflow/dags/S3_UPLOAD_DAG.py
[2026-06-07T19:38:32.300+0000] {processor.py:839} INFO - DAG(s) dict_keys(['daily_vulnerability_ingestion']) retrieved from /opt/airflow/dags/S3_UPLOAD_DAG.py
[2026-06-07T19:38:32.327+0000] {logging_mixin.py:154} INFO - [2026-06-07T19:38:32.326+0000] {dag.py:2941} INFO - Sync 1 DAGs
[2026-06-07T19:38:32.343+0000] {logging_mixin.py:154} INFO - [2026-06-07T19:38:32.343+0000] {dag.py:3722} INFO - Setting next_dagrun for daily_vulnerability_ingestion to 2026-06-07T14:52:05.384041+00:00, run_after=2026-06-08T14:52:05.384041+00:00
[2026-06-07T19:38:32.356+0000] {processor.py:179} INFO - Processing /opt/airflow/dags/S3_UPLOAD_DAG.py took 0.079 seconds
[2026-06-07T19:39:02.450+0000] {processor.py:157} INFO - Started process (PID=416) to work on /opt/airflow/dags/S3_UPLOAD_DAG.py
[2026-06-07T19:39:02.452+0000] {processor.py:829} INFO - Processing file /opt/airflow/dags/S3_UPLOAD_DAG.py for tasks to queue
[2026-06-07T19:39:02.454+0000] {logging_mixin.py:154} INFO - [2026-06-07T19:39:02.453+0000] {dagbag.py:536} INFO - Filling up the DagBag from /opt/airflow/dags/S3_UPLOAD_DAG.py
[2026-06-07T19:39:02.473+0000] {processor.py:839} INFO - DAG(s) dict_keys(['daily_vulnerability_ingestion']) retrieved from /opt/airflow/dags/S3_UPLOAD_DAG.py
[2026-06-07T19:39:02.493+0000] {logging_mixin.py:154} INFO - [2026-06-07T19:39:02.493+0000] {dag.py:2941} INFO - Sync 1 DAGs
[2026-06-07T19:39:02.509+0000] {logging_mixin.py:154} INFO - [2026-06-07T19:39:02.509+0000] {dag.py:3722} INFO - Setting next_dagrun for daily_vulnerability_ingestion to 2026-06-07T14:52:05.384041+00:00, run_after=2026-06-08T14:52:05.384041+00:00
[2026-06-07T19:39:02.521+0000] {processor.py:179} INFO - Processing /opt/airflow/dags/S3_UPLOAD_DAG.py took 0.077 seconds
[2026-06-07T19:39:32.664+0000] {processor.py:157} INFO - Started process (PID=421) to work on /opt/airflow/dags/S3_UPLOAD_DAG.py
[2026-06-07T19:39:32.672+0000] {processor.py:829} INFO - Processing file /opt/airflow/dags/S3_UPLOAD_DAG.py for tasks to queue
[2026-06-07T19:39:32.673+0000] {logging_mixin.py:154} INFO - [2026-06-07T19:39:32.673+0000] {dagbag.py:536} INFO - Filling up the DagBag from /opt/airflow/dags/S3_UPLOAD_DAG.py
[2026-06-07T19:39:32.688+0000] {processor.py:839} INFO - DAG(s) dict_keys(['daily_vulnerability_ingestion']) retrieved from /opt/airflow/dags/S3_UPLOAD_DAG.py
[2026-06-07T19:39:32.707+0000] {logging_mixin.py:154} INFO - [2026-06-07T19:39:32.707+0000] {dag.py:2941} INFO - Sync 1 DAGs
[2026-06-07T19:39:32.723+0000] {logging_mixin.py:154} INFO - [2026-06-07T19:39:32.723+0000] {dag.py:3722} INFO - Setting next_dagrun for daily_vulnerability_ingestion to 2026-06-07T14:52:05.384041+00:00, run_after=2026-06-08T14:52:05.384041+00:00
[2026-06-07T19:39:32.735+0000] {processor.py:179} INFO - Processing /opt/airflow/dags/S3_UPLOAD_DAG.py took 0.076 seconds
[2026-06-07T19:40:02.844+0000] {processor.py:157} INFO - Started process (PID=426) to work on /opt/airflow/dags/S3_UPLOAD_DAG.py
[2026-06-07T19:40:02.845+0000] {processor.py:829} INFO - Processing file /opt/airflow/dags/S3_UPLOAD_DAG.py for tasks to queue
[2026-06-07T19:40:02.845+0000] {logging_mixin.py:154} INFO - [2026-06-07T19:40:02.845+0000] {dagbag.py:536} INFO - Filling up the DagBag from /opt/airflow/dags/S3_UPLOAD_DAG.py
[2026-06-07T19:40:02.858+0000] {processor.py:839} INFO - DAG(s) dict_keys(['daily_vulnerability_ingestion']) retrieved from /opt/airflow/dags/S3_UPLOAD_DAG.py
[2026-06-07T19:40:02.878+0000] {logging_mixin.py:154} INFO - [2026-06-07T19:40:02.878+0000] {dag.py:2941} INFO - Sync 1 DAGs
[2026-06-07T19:40:02.894+0000] {logging_mixin.py:154} INFO - [2026-06-07T19:40:02.894+0000] {dag.py:3722} INFO - Setting next_dagrun for daily_vulnerability_ingestion to 2026-06-07T14:52:05.384041+00:00, run_after=2026-06-08T14:52:05.384041+00:00
[2026-06-07T19:40:02.907+0000] {processor.py:179} INFO - Processing /opt/airflow/dags/S3_UPLOAD_DAG.py took 0.066 seconds
[2026-06-07T19:40:33.037+0000] {processor.py:157} INFO - Started process (PID=431) to work on /opt/airflow/dags/S3_UPLOAD_DAG.py
[2026-06-07T19:40:33.046+0000] {processor.py:829} INFO - Processing file /opt/airflow/dags/S3_UPLOAD_DAG.py for tasks to queue
[2026-06-07T19:40:33.047+0000] {logging_mixin.py:154} INFO - [2026-06-07T19:40:33.046+0000] {dagbag.py:536} INFO - Filling up the DagBag from /opt/airflow/dags/S3_UPLOAD_DAG.py
[2026-06-07T19:40:33.059+0000] {processor.py:839} INFO - DAG(s) dict_keys(['daily_vulnerability_ingestion']) retrieved from /opt/airflow/dags/S3_UPLOAD_DAG.py
[2026-06-07T19:40:33.077+0000] {logging_mixin.py:154} INFO - [2026-06-07T19:40:33.077+0000] {dag.py:2941} INFO - Sync 1 DAGs
[2026-06-07T19:40:33.093+0000] {logging_mixin.py:154} INFO - [2026-06-07T19:40:33.093+0000] {dag.py:3722} INFO - Setting next_dagrun for daily_vulnerability_ingestion to 2026-06-07T14:52:05.384041+00:00, run_after=2026-06-08T14:52:05.384041+00:00
[2026-06-07T19:40:33.106+0000] {processor.py:179} INFO - Processing /opt/airflow/dags/S3_UPLOAD_DAG.py took 0.073 seconds
[2026-06-07T19:41:03.151+0000] {processor.py:157} INFO - Started process (PID=436) to work on /opt/airflow/dags/S3_UPLOAD_DAG.py
[2026-06-07T19:41:03.152+0000] {processor.py:829} INFO - Processing file /opt/airflow/dags/S3_UPLOAD_DAG.py for tasks to queue
[2026-06-07T19:41:03.152+0000] {logging_mixin.py:154} INFO - [2026-06-07T19:41:03.152+0000] {dagbag.py:536} INFO - Filling up the DagBag from /opt/airflow/dags/S3_UPLOAD_DAG.py
[2026-06-07T19:41:03.164+0000] {processor.py:839} INFO - DAG(s) dict_keys(['daily_vulnerability_ingestion']) retrieved from /opt/airflow/dags/S3_UPLOAD_DAG.py
[2026-06-07T19:41:03.184+0000] {logging_mixin.py:154} INFO - [2026-06-07T19:41:03.183+0000] {dag.py:2941} INFO - Sync 1 DAGs
[2026-06-07T19:41:03.201+0000] {logging_mixin.py:154} INFO - [2026-06-07T19:41:03.201+0000] {dag.py:3722} INFO - Setting next_dagrun for daily_vulnerability_ingestion to 2026-06-07T14:52:05.384041+00:00, run_after=2026-06-08T14:52:05.384041+00:00
[2026-06-07T19:41:03.215+0000] {processor.py:179} INFO - Processing /opt/airflow/dags/S3_UPLOAD_DAG.py took 0.067 seconds
[2026-06-07T19:41:33.293+0000] {processor.py:157} INFO - Started process (PID=441) to work on /opt/airflow/dags/S3_UPLOAD_DAG.py
[2026-06-07T19:41:33.300+0000] {processor.py:829} INFO - Processing file /opt/airflow/dags/S3_UPLOAD_DAG.py for tasks to queue
[2026-06-07T19:41:33.301+0000] {logging_mixin.py:154} INFO - [2026-06-07T19:41:33.301+0000] {dagbag.py:536} INFO - Filling up the DagBag from /opt/airflow/dags/S3_UPLOAD_DAG.py
[2026-06-07T19:41:33.313+0000] {processor.py:839} INFO - DAG(s) dict_keys(['daily_vulnerability_ingestion']) retrieved from /opt/airflow/dags/S3_UPLOAD_DAG.py
[2026-06-07T19:41:33.335+0000] {logging_mixin.py:154} INFO - [2026-06-07T19:41:33.334+0000] {dag.py:2941} INFO - Sync 1 DAGs
[2026-06-07T19:41:33.354+0000] {logging_mixin.py:154} INFO - [2026-06-07T19:41:33.353+0000] {dag.py:3722} INFO - Setting next_dagrun for daily_vulnerability_ingestion to 2026-06-07T14:52:05.384041+00:00, run_after=2026-06-08T14:52:05.384041+00:00
[2026-06-07T19:41:33.367+0000] {processor.py:179} INFO - Processing /opt/airflow/dags/S3_UPLOAD_DAG.py took 0.076 seconds
[2026-06-07T19:42:03.485+0000] {processor.py:157} INFO - Started process (PID=446) to work on /opt/airflow/dags/S3_UPLOAD_DAG.py
[2026-06-07T19:42:03.486+0000] {processor.py:829} INFO - Processing file /opt/airflow/dags/S3_UPLOAD_DAG.py for tasks to queue
[2026-06-07T19:42:03.487+0000] {logging_mixin.py:154} INFO - [2026-06-07T19:42:03.487+0000] {dagbag.py:536} INFO - Filling up the DagBag from /opt/airflow/dags/S3_UPLOAD_DAG.py
[2026-06-07T19:42:03.506+0000] {processor.py:839} INFO - DAG(s) dict_keys(['daily_vulnerability_ingestion']) retrieved from /opt/airflow/dags/S3_UPLOAD_DAG.py
[2026-06-07T19:42:03.524+0000] {logging_mixin.py:154} INFO - [2026-06-07T19:42:03.524+0000] {dag.py:2941} INFO - Sync 1 DAGs
[2026-06-07T19:42:03.540+0000] {logging_mixin.py:154} INFO - [2026-06-07T19:42:03.540+0000] {dag.py:3722} INFO - Setting next_dagrun for daily_vulnerability_ingestion to 2026-06-07T14:52:05.384041+00:00, run_after=2026-06-08T14:52:05.384041+00:00
[2026-06-07T19:42:03.553+0000] {processor.py:179} INFO - Processing /opt/airflow/dags/S3_UPLOAD_DAG.py took 0.074 seconds
[2026-06-07T19:42:33.694+0000] {processor.py:157} INFO - Started process (PID=451) to work on /opt/airflow/dags/S3_UPLOAD_DAG.py
[2026-06-07T19:42:33.703+0000] {processor.py:829} INFO - Processing file /opt/airflow/dags/S3_UPLOAD_DAG.py for tasks to queue
[2026-06-07T19:42:33.704+0000] {logging_mixin.py:154} INFO - [2026-06-07T19:42:33.704+0000] {dagbag.py:536} INFO - Filling up the DagBag from /opt/airflow/dags/S3_UPLOAD_DAG.py
[2026-06-07T19:42:33.719+0000] {processor.py:839} INFO - DAG(s) dict_keys(['daily_vulnerability_ingestion']) retrieved from /opt/airflow/dags/S3_UPLOAD_DAG.py
[2026-06-07T19:42:33.740+0000] {logging_mixin.py:154} INFO - [2026-06-07T19:42:33.740+0000] {dag.py:2941} INFO - Sync 1 DAGs
[2026-06-07T19:42:33.758+0000] {logging_mixin.py:154} INFO - [2026-06-07T19:42:33.757+0000] {dag.py:3722} INFO - Setting next_dagrun for daily_vulnerability_ingestion to 2026-06-07T14:52:05.384041+00:00, run_after=2026-06-08T14:52:05.384041+00:00
[2026-06-07T19:42:33.770+0000] {processor.py:179} INFO - Processing /opt/airflow/dags/S3_UPLOAD_DAG.py took 0.080 seconds
[2026-06-07T19:43:03.858+0000] {processor.py:157} INFO - Started process (PID=456) to work on /opt/airflow/dags/S3_UPLOAD_DAG.py
[2026-06-07T19:43:03.859+0000] {processor.py:829} INFO - Processing file /opt/airflow/dags/S3_UPLOAD_DAG.py for tasks to queue
[2026-06-07T19:43:03.860+0000] {logging_mixin.py:154} INFO - [2026-06-07T19:43:03.859+0000] {dagbag.py:536} INFO - Filling up the DagBag from /opt/airflow/dags/S3_UPLOAD_DAG.py
[2026-06-07T19:43:03.872+0000] {processor.py:839} INFO - DAG(s) dict_keys(['daily_vulnerability_ingestion']) retrieved from /opt/airflow/dags/S3_UPLOAD_DAG.py
[2026-06-07T19:43:03.892+0000] {logging_mixin.py:154} INFO - [2026-06-07T19:43:03.892+0000] {dag.py:2941} INFO - Sync 1 DAGs
[2026-06-07T19:43:03.909+0000] {logging_mixin.py:154} INFO - [2026-06-07T19:43:03.909+0000] {dag.py:3722} INFO - Setting next_dagrun for daily_vulnerability_ingestion to 2026-06-07T14:52:05.384041+00:00, run_after=2026-06-08T14:52:05.384041+00:00
[2026-06-07T19:43:03.922+0000] {processor.py:179} INFO - Processing /opt/airflow/dags/S3_UPLOAD_DAG.py took 0.066 seconds
[2026-06-07T19:43:34.032+0000] {processor.py:157} INFO - Started process (PID=461) to work on /opt/airflow/dags/S3_UPLOAD_DAG.py
[2026-06-07T19:43:34.041+0000] {processor.py:829} INFO - Processing file /opt/airflow/dags/S3_UPLOAD_DAG.py for tasks to queue
[2026-06-07T19:43:34.042+0000] {logging_mixin.py:154} INFO - [2026-06-07T19:43:34.042+0000] {dagbag.py:536} INFO - Filling up the DagBag from /opt/airflow/dags/S3_UPLOAD_DAG.py
[2026-06-07T19:43:34.053+0000] {processor.py:839} INFO - DAG(s) dict_keys(['daily_vulnerability_ingestion']) retrieved from /opt/airflow/dags/S3_UPLOAD_DAG.py
[2026-06-07T19:43:34.072+0000] {logging_mixin.py:154} INFO - [2026-06-07T19:43:34.072+0000] {dag.py:2941} INFO - Sync 1 DAGs
[2026-06-07T19:43:34.089+0000] {logging_mixin.py:154} INFO - [2026-06-07T19:43:34.089+0000] {dag.py:3722} INFO - Setting next_dagrun for daily_vulnerability_ingestion to 2026-06-07T14:52:05.384041+00:00, run_after=2026-06-08T14:52:05.384041+00:00
[2026-06-07T19:43:34.103+0000] {processor.py:179} INFO - Processing /opt/airflow/dags/S3_UPLOAD_DAG.py took 0.073 seconds
[2026-06-07T19:44:04.138+0000] {processor.py:157} INFO - Started process (PID=466) to work on /opt/airflow/dags/S3_UPLOAD_DAG.py
[2026-06-07T19:44:04.139+0000] {processor.py:829} INFO - Processing file /opt/airflow/dags/S3_UPLOAD_DAG.py for tasks to queue
[2026-06-07T19:44:04.140+0000] {logging_mixin.py:154} INFO - [2026-06-07T19:44:04.140+0000] {dagbag.py:536} INFO - Filling up the DagBag from /opt/airflow/dags/S3_UPLOAD_DAG.py
[2026-06-07T19:44:04.158+0000] {processor.py:839} INFO - DAG(s) dict_keys(['daily_vulnerability_ingestion']) retrieved from /opt/airflow/dags/S3_UPLOAD_DAG.py
[2026-06-07T19:44:04.180+0000] {logging_mixin.py:154} INFO - [2026-06-07T19:44:04.180+0000] {dag.py:2941} INFO - Sync 1 DAGs
[2026-06-07T19:44:04.197+0000] {logging_mixin.py:154} INFO - [2026-06-07T19:44:04.197+0000] {dag.py:3722} INFO - Setting next_dagrun for daily_vulnerability_ingestion to 2026-06-07T14:52:05.384041+00:00, run_after=2026-06-08T14:52:05.384041+00:00
[2026-06-07T19:44:04.210+0000] {processor.py:179} INFO - Processing /opt/airflow/dags/S3_UPLOAD_DAG.py took 0.075 seconds
[2026-06-07T19:44:34.348+0000] {processor.py:157} INFO - Started process (PID=471) to work on /opt/airflow/dags/S3_UPLOAD_DAG.py
[2026-06-07T19:44:34.357+0000] {processor.py:829} INFO - Processing file /opt/airflow/dags/S3_UPLOAD_DAG.py for tasks to queue
[2026-06-07T19:44:34.358+0000] {logging_mixin.py:154} INFO - [2026-06-07T19:44:34.358+0000] {dagbag.py:536} INFO - Filling up the DagBag from /opt/airflow/dags/S3_UPLOAD_DAG.py
[2026-06-07T19:44:34.375+0000] {processor.py:839} INFO - DAG(s) dict_keys(['daily_vulnerability_ingestion']) retrieved from /opt/airflow/dags/S3_UPLOAD_DAG.py
[2026-06-07T19:44:34.398+0000] {logging_mixin.py:154} INFO - [2026-06-07T19:44:34.398+0000] {dag.py:2941} INFO - Sync 1 DAGs
[2026-06-07T19:44:34.419+0000] {logging_mixin.py:154} INFO - [2026-06-07T19:44:34.419+0000] {dag.py:3722} INFO - Setting next_dagrun for daily_vulnerability_ingestion to 2026-06-07T14:52:05.384041+00:00, run_after=2026-06-08T14:52:05.384041+00:00
[2026-06-07T19:44:34.439+0000] {processor.py:179} INFO - Processing /opt/airflow/dags/S3_UPLOAD_DAG.py took 0.095 seconds
[2026-06-07T19:45:04.526+0000] {processor.py:157} INFO - Started process (PID=476) to work on /opt/airflow/dags/S3_UPLOAD_DAG.py
[2026-06-07T19:45:04.526+0000] {processor.py:829} INFO - Processing file /opt/airflow/dags/S3_UPLOAD_DAG.py for tasks to queue
[2026-06-07T19:45:04.527+0000] {logging_mixin.py:154} INFO - [2026-06-07T19:45:04.527+0000] {dagbag.py:536} INFO - Filling up the DagBag from /opt/airflow/dags/S3_UPLOAD_DAG.py
[2026-06-07T19:45:04.541+0000] {processor.py:839} INFO - DAG(s) dict_keys(['daily_vulnerability_ingestion']) retrieved from /opt/airflow/dags/S3_UPLOAD_DAG.py
[2026-06-07T19:45:04.562+0000] {logging_mixin.py:154} INFO - [2026-06-07T19:45:04.562+0000] {dag.py:2941} INFO - Sync 1 DAGs
[2026-06-07T19:45:04.577+0000] {logging_mixin.py:154} INFO - [2026-06-07T19:45:04.577+0000] {dag.py:3722} INFO - Setting next_dagrun for daily_vulnerability_ingestion to 2026-06-07T14:52:05.384041+00:00, run_after=2026-06-08T14:52:05.384041+00:00
[2026-06-07T19:45:04.590+0000] {processor.py:179} INFO - Processing /opt/airflow/dags/S3_UPLOAD_DAG.py took 0.067 seconds
[2026-06-07T19:45:34.767+0000] {processor.py:157} INFO - Started process (PID=481) to work on /opt/airflow/dags/S3_UPLOAD_DAG.py
[2026-06-07T19:45:34.768+0000] {processor.py:829} INFO - Processing file /opt/airflow/dags/S3_UPLOAD_DAG.py for tasks to queue
[2026-06-07T19:45:34.769+0000] {logging_mixin.py:154} INFO - [2026-06-07T19:45:34.768+0000] {dagbag.py:536} INFO - Filling up the DagBag from /opt/airflow/dags/S3_UPLOAD_DAG.py
[2026-06-07T19:45:34.781+0000] {processor.py:839} INFO - DAG(s) dict_keys(['daily_vulnerability_ingestion']) retrieved from /opt/airflow/dags/S3_UPLOAD_DAG.py
[2026-06-07T19:45:34.803+0000] {logging_mixin.py:154} INFO - [2026-06-07T19:45:34.803+0000] {dag.py:2941} INFO - Sync 1 DAGs
[2026-06-07T19:45:34.821+0000] {logging_mixin.py:154} INFO - [2026-06-07T19:45:34.820+0000] {dag.py:3722} INFO - Setting next_dagrun for daily_vulnerability_ingestion to 2026-06-07T14:52:05.384041+00:00, run_after=2026-06-08T14:52:05.384041+00:00
[2026-06-07T19:45:34.832+0000] {processor.py:179} INFO - Processing /opt/airflow/dags/S3_UPLOAD_DAG.py took 0.068 seconds
[2026-06-07T19:46:04.932+0000] {processor.py:157} INFO - Started process (PID=486) to work on /opt/airflow/dags/S3_UPLOAD_DAG.py
[2026-06-07T19:46:04.932+0000] {processor.py:829} INFO - Processing file /opt/airflow/dags/S3_UPLOAD_DAG.py for tasks to queue
[2026-06-07T19:46:04.933+0000] {logging_mixin.py:154} INFO - [2026-06-07T19:46:04.933+0000] {dagbag.py:536} INFO - Filling up the DagBag from /opt/airflow/dags/S3_UPLOAD_DAG.py
[2026-06-07T19:46:04.947+0000] {processor.py:839} INFO - DAG(s) dict_keys(['daily_vulnerability_ingestion']) retrieved from /opt/airflow/dags/S3_UPLOAD_DAG.py
[2026-06-07T19:46:04.967+0000] {logging_mixin.py:154} INFO - [2026-06-07T19:46:04.967+0000] {dag.py:2941} INFO - Sync 1 DAGs
[2026-06-07T19:46:04.983+0000] {logging_mixin.py:154} INFO - [2026-06-07T19:46:04.983+0000] {dag.py:3722} INFO - Setting next_dagrun for daily_vulnerability_ingestion to 2026-06-07T14:52:05.384041+00:00, run_after=2026-06-08T14:52:05.384041+00:00
[2026-06-07T19:46:04.996+0000] {processor.py:179} INFO - Processing /opt/airflow/dags/S3_UPLOAD_DAG.py took 0.067 seconds
[2026-06-07T19:46:35.074+0000] {processor.py:157} INFO - Started process (PID=491) to work on /opt/airflow/dags/S3_UPLOAD_DAG.py
[2026-06-07T19:46:35.074+0000] {processor.py:829} INFO - Processing file /opt/airflow/dags/S3_UPLOAD_DAG.py for tasks to queue
[2026-06-07T19:46:35.075+0000] {logging_mixin.py:154} INFO - [2026-06-07T19:46:35.075+0000] {dagbag.py:536} INFO - Filling up the DagBag from /opt/airflow/dags/S3_UPLOAD_DAG.py
[2026-06-07T19:46:35.087+0000] {processor.py:839} INFO - DAG(s) dict_keys(['daily_vulnerability_ingestion']) retrieved from /opt/airflow/dags/S3_UPLOAD_DAG.py
[2026-06-07T19:46:35.106+0000] {logging_mixin.py:154} INFO - [2026-06-07T19:46:35.106+0000] {dag.py:2941} INFO - Sync 1 DAGs
[2026-06-07T19:46:35.124+0000] {logging_mixin.py:154} INFO - [2026-06-07T19:46:35.123+0000] {dag.py:3722} INFO - Setting next_dagrun for daily_vulnerability_ingestion to 2026-06-07T14:52:05.384041+00:00, run_after=2026-06-08T14:52:05.384041+00:00
[2026-06-07T19:46:35.138+0000] {processor.py:179} INFO - Processing /opt/airflow/dags/S3_UPLOAD_DAG.py took 0.066 seconds
[2026-06-07T19:47:05.278+0000] {processor.py:157} INFO - Started process (PID=496) to work on /opt/airflow/dags/S3_UPLOAD_DAG.py
[2026-06-07T19:47:05.279+0000] {processor.py:829} INFO - Processing file /opt/airflow/dags/S3_UPLOAD_DAG.py for tasks to queue
[2026-06-07T19:47:05.280+0000] {logging_mixin.py:154} INFO - [2026-06-07T19:47:05.280+0000] {dagbag.py:536} INFO - Filling up the DagBag from /opt/airflow/dags/S3_UPLOAD_DAG.py
[2026-06-07T19:47:05.299+0000] {processor.py:839} INFO - DAG(s) dict_keys(['daily_vulnerability_ingestion']) retrieved from /opt/airflow/dags/S3_UPLOAD_DAG.py
[2026-06-07T19:47:05.319+0000] {logging_mixin.py:154} INFO - [2026-06-07T19:47:05.319+0000] {dag.py:2941} INFO - Sync 1 DAGs
[2026-06-07T19:47:05.337+0000] {logging_mixin.py:154} INFO - [2026-06-07T19:47:05.337+0000] {dag.py:3722} INFO - Setting next_dagrun for daily_vulnerability_ingestion to 2026-06-07T14:52:05.384041+00:00, run_after=2026-06-08T14:52:05.384041+00:00
[2026-06-07T19:47:05.350+0000] {processor.py:179} INFO - Processing /opt/airflow/dags/S3_UPLOAD_DAG.py took 0.076 seconds
[2026-06-07T19:47:35.482+0000] {processor.py:157} INFO - Started process (PID=501) to work on /opt/airflow/dags/S3_UPLOAD_DAG.py
[2026-06-07T19:47:35.491+0000] {processor.py:829} INFO - Processing file /opt/airflow/dags/S3_UPLOAD_DAG.py for tasks to queue
[2026-06-07T19:47:35.491+0000] {logging_mixin.py:154} INFO - [2026-06-07T19:47:35.491+0000] {dagbag.py:536} INFO - Filling up the DagBag from /opt/airflow/dags/S3_UPLOAD_DAG.py
[2026-06-07T19:47:35.505+0000] {processor.py:839} INFO - DAG(s) dict_keys(['daily_vulnerability_ingestion']) retrieved from /opt/airflow/dags/S3_UPLOAD_DAG.py
[2026-06-07T19:47:35.524+0000] {logging_mixin.py:154} INFO - [2026-06-07T19:47:35.524+0000] {dag.py:2941} INFO - Sync 1 DAGs
[2026-06-07T19:47:35.539+0000] {logging_mixin.py:154} INFO - [2026-06-07T19:47:35.539+0000] {dag.py:3722} INFO - Setting next_dagrun for daily_vulnerability_ingestion to 2026-06-07T14:52:05.384041+00:00, run_after=2026-06-08T14:52:05.384041+00:00
[2026-06-07T19:47:35.552+0000] {processor.py:179} INFO - Processing /opt/airflow/dags/S3_UPLOAD_DAG.py took 0.075 seconds
[2026-06-07T19:48:05.674+0000] {processor.py:157} INFO - Started process (PID=506) to work on /opt/airflow/dags/S3_UPLOAD_DAG.py
[2026-06-07T19:48:05.675+0000] {processor.py:829} INFO - Processing file /opt/airflow/dags/S3_UPLOAD_DAG.py for tasks to queue
[2026-06-07T19:48:05.676+0000] {logging_mixin.py:154} INFO - [2026-06-07T19:48:05.675+0000] {dagbag.py:536} INFO - Filling up the DagBag from /opt/airflow/dags/S3_UPLOAD_DAG.py
[2026-06-07T19:48:05.693+0000] {processor.py:839} INFO - DAG(s) dict_keys(['daily_vulnerability_ingestion']) retrieved from /opt/airflow/dags/S3_UPLOAD_DAG.py
[2026-06-07T19:48:05.715+0000] {logging_mixin.py:154} INFO - [2026-06-07T19:48:05.715+0000] {dag.py:2941} INFO - Sync 1 DAGs
[2026-06-07T19:48:05.733+0000] {logging_mixin.py:154} INFO - [2026-06-07T19:48:05.733+0000] {dag.py:3722} INFO - Setting next_dagrun for daily_vulnerability_ingestion to 2026-06-07T14:52:05.384041+00:00, run_after=2026-06-08T14:52:05.384041+00:00
[2026-06-07T19:48:05.746+0000] {processor.py:179} INFO - Processing /opt/airflow/dags/S3_UPLOAD_DAG.py took 0.076 seconds
[2026-06-07T19:48:35.882+0000] {processor.py:157} INFO - Started process (PID=511) to work on /opt/airflow/dags/S3_UPLOAD_DAG.py
[2026-06-07T19:48:35.891+0000] {processor.py:829} INFO - Processing file /opt/airflow/dags/S3_UPLOAD_DAG.py for tasks to queue
[2026-06-07T19:48:35.891+0000] {logging_mixin.py:154} INFO - [2026-06-07T19:48:35.891+0000] {dagbag.py:536} INFO - Filling up the DagBag from /opt/airflow/dags/S3_UPLOAD_DAG.py
[2026-06-07T19:48:35.907+0000] {processor.py:839} INFO - DAG(s) dict_keys(['daily_vulnerability_ingestion']) retrieved from /opt/airflow/dags/S3_UPLOAD_DAG.py
[2026-06-07T19:48:35.928+0000] {logging_mixin.py:154} INFO - [2026-06-07T19:48:35.928+0000] {dag.py:2941} INFO - Sync 1 DAGs
[2026-06-07T19:48:35.945+0000] {logging_mixin.py:154} INFO - [2026-06-07T19:48:35.945+0000] {dag.py:3722} INFO - Setting next_dagrun for daily_vulnerability_ingestion to 2026-06-07T14:52:05.384041+00:00, run_after=2026-06-08T14:52:05.384041+00:00
[2026-06-07T19:48:35.958+0000] {processor.py:179} INFO - Processing /opt/airflow/dags/S3_UPLOAD_DAG.py took 0.080 seconds
[2026-06-07T19:49:06.093+0000] {processor.py:157} INFO - Started process (PID=516) to work on /opt/airflow/dags/S3_UPLOAD_DAG.py
[2026-06-07T19:49:06.094+0000] {processor.py:829} INFO - Processing file /opt/airflow/dags/S3_UPLOAD_DAG.py for tasks to queue
[2026-06-07T19:49:06.095+0000] {logging_mixin.py:154} INFO - [2026-06-07T19:49:06.094+0000] {dagbag.py:536} INFO - Filling up the DagBag from /opt/airflow/dags/S3_UPLOAD_DAG.py
[2026-06-07T19:49:06.109+0000] {processor.py:839} INFO - DAG(s) dict_keys(['daily_vulnerability_ingestion']) retrieved from /opt/airflow/dags/S3_UPLOAD_DAG.py
[2026-06-07T19:49:06.127+0000] {logging_mixin.py:154} INFO - [2026-06-07T19:49:06.127+0000] {dag.py:2941} INFO - Sync 1 DAGs
[2026-06-07T19:49:06.143+0000] {logging_mixin.py:154} INFO - [2026-06-07T19:49:06.143+0000] {dag.py:3722} INFO - Setting next_dagrun for daily_vulnerability_ingestion to 2026-06-07T14:52:05.384041+00:00, run_after=2026-06-08T14:52:05.384041+00:00
[2026-06-07T19:49:06.154+0000] {processor.py:179} INFO - Processing /opt/airflow/dags/S3_UPLOAD_DAG.py took 0.066 seconds
[2026-06-07T19:49:36.309+0000] {processor.py:157} INFO - Started process (PID=521) to work on /opt/airflow/dags/S3_UPLOAD_DAG.py
[2026-06-07T19:49:36.318+0000] {processor.py:829} INFO - Processing file /opt/airflow/dags/S3_UPLOAD_DAG.py for tasks to queue
[2026-06-07T19:49:36.319+0000] {logging_mixin.py:154} INFO - [2026-06-07T19:49:36.318+0000] {dagbag.py:536} INFO - Filling up the DagBag from /opt/airflow/dags/S3_UPLOAD_DAG.py
[2026-06-07T19:49:36.331+0000] {processor.py:839} INFO - DAG(s) dict_keys(['daily_vulnerability_ingestion']) retrieved from /opt/airflow/dags/S3_UPLOAD_DAG.py
[2026-06-07T19:49:36.352+0000] {logging_mixin.py:154} INFO - [2026-06-07T19:49:36.352+0000] {dag.py:2941} INFO - Sync 1 DAGs
[2026-06-07T19:49:36.369+0000] {logging_mixin.py:154} INFO - [2026-06-07T19:49:36.369+0000] {dag.py:3722} INFO - Setting next_dagrun for daily_vulnerability_ingestion to 2026-06-07T14:52:05.384041+00:00, run_after=2026-06-08T14:52:05.384041+00:00
[2026-06-07T19:49:36.384+0000] {processor.py:179} INFO - Processing /opt/airflow/dags/S3_UPLOAD_DAG.py took 0.080 seconds
[2026-06-07T19:50:06.505+0000] {processor.py:157} INFO - Started process (PID=526) to work on /opt/airflow/dags/S3_UPLOAD_DAG.py
[2026-06-07T19:50:06.507+0000] {processor.py:829} INFO - Processing file /opt/airflow/dags/S3_UPLOAD_DAG.py for tasks to queue
[2026-06-07T19:50:06.508+0000] {logging_mixin.py:154} INFO - [2026-06-07T19:50:06.508+0000] {dagbag.py:536} INFO - Filling up the DagBag from /opt/airflow/dags/S3_UPLOAD_DAG.py
[2026-06-07T19:50:06.527+0000] {processor.py:839} INFO - DAG(s) dict_keys(['daily_vulnerability_ingestion']) retrieved from /opt/airflow/dags/S3_UPLOAD_DAG.py
[2026-06-07T19:50:06.547+0000] {logging_mixin.py:154} INFO - [2026-06-07T19:50:06.547+0000] {dag.py:2941} INFO - Sync 1 DAGs
[2026-06-07T19:50:06.564+0000] {logging_mixin.py:154} INFO - [2026-06-07T19:50:06.564+0000] {dag.py:3722} INFO - Setting next_dagrun for daily_vulnerability_ingestion to 2026-06-07T14:52:05.384041+00:00, run_after=2026-06-08T14:52:05.384041+00:00
[2026-06-07T19:50:06.577+0000] {processor.py:179} INFO - Processing /opt/airflow/dags/S3_UPLOAD_DAG.py took 0.079 seconds
[2026-06-07T19:50:36.727+0000] {processor.py:157} INFO - Started process (PID=531) to work on /opt/airflow/dags/S3_UPLOAD_DAG.py
[2026-06-07T19:50:36.736+0000] {processor.py:829} INFO - Processing file /opt/airflow/dags/S3_UPLOAD_DAG.py for tasks to queue
[2026-06-07T19:50:36.737+0000] {logging_mixin.py:154} INFO - [2026-06-07T19:50:36.737+0000] {dagbag.py:536} INFO - Filling up the DagBag from /opt/airflow/dags/S3_UPLOAD_DAG.py
[2026-06-07T19:50:36.753+0000] {processor.py:839} INFO - DAG(s) dict_keys(['daily_vulnerability_ingestion']) retrieved from /opt/airflow/dags/S3_UPLOAD_DAG.py
[2026-06-07T19:50:36.774+0000] {logging_mixin.py:154} INFO - [2026-06-07T19:50:36.774+0000] {dag.py:2941} INFO - Sync 1 DAGs
[2026-06-07T19:50:36.793+0000] {logging_mixin.py:154} INFO - [2026-06-07T19:50:36.793+0000] {dag.py:3722} INFO - Setting next_dagrun for daily_vulnerability_ingestion to 2026-06-07T14:52:05.384041+00:00, run_after=2026-06-08T14:52:05.384041+00:00
[2026-06-07T19:50:36.807+0000] {processor.py:179} INFO - Processing /opt/airflow/dags/S3_UPLOAD_DAG.py took 0.084 seconds
[2026-06-07T19:51:06.871+0000] {processor.py:157} INFO - Started process (PID=536) to work on /opt/airflow/dags/S3_UPLOAD_DAG.py
[2026-06-07T19:51:06.871+0000] {processor.py:829} INFO - Processing file /opt/airflow/dags/S3_UPLOAD_DAG.py for tasks to queue
[2026-06-07T19:51:06.872+0000] {logging_mixin.py:154} INFO - [2026-06-07T19:51:06.872+0000] {dagbag.py:536} INFO - Filling up the DagBag from /opt/airflow/dags/S3_UPLOAD_DAG.py
[2026-06-07T19:51:06.884+0000] {processor.py:839} INFO - DAG(s) dict_keys(['daily_vulnerability_ingestion']) retrieved from /opt/airflow/dags/S3_UPLOAD_DAG.py
[2026-06-07T19:51:06.906+0000] {logging_mixin.py:154} INFO - [2026-06-07T19:51:06.905+0000] {dag.py:2941} INFO - Sync 1 DAGs
[2026-06-07T19:51:06.923+0000] {logging_mixin.py:154} INFO - [2026-06-07T19:51:06.923+0000] {dag.py:3722} INFO - Setting next_dagrun for daily_vulnerability_ingestion to 2026-06-07T14:52:05.384041+00:00, run_after=2026-06-08T14:52:05.384041+00:00
[2026-06-07T19:51:06.938+0000] {processor.py:179} INFO - Processing /opt/airflow/dags/S3_UPLOAD_DAG.py took 0.070 seconds
[2026-06-07T19:51:36.973+0000] {processor.py:157} INFO - Started process (PID=541) to work on /opt/airflow/dags/S3_UPLOAD_DAG.py
[2026-06-07T19:51:36.982+0000] {processor.py:829} INFO - Processing file /opt/airflow/dags/S3_UPLOAD_DAG.py for tasks to queue
[2026-06-07T19:51:36.982+0000] {logging_mixin.py:154} INFO - [2026-06-07T19:51:36.982+0000] {dagbag.py:536} INFO - Filling up the DagBag from /opt/airflow/dags/S3_UPLOAD_DAG.py
[2026-06-07T19:51:36.996+0000] {processor.py:839} INFO - DAG(s) dict_keys(['daily_vulnerability_ingestion']) retrieved from /opt/airflow/dags/S3_UPLOAD_DAG.py
[2026-06-07T19:51:37.016+0000] {logging_mixin.py:154} INFO - [2026-06-07T19:51:37.016+0000] {dag.py:2941} INFO - Sync 1 DAGs
[2026-06-07T19:51:37.035+0000] {logging_mixin.py:154} INFO - [2026-06-07T19:51:37.035+0000] {dag.py:3722} INFO - Setting next_dagrun for daily_vulnerability_ingestion to 2026-06-07T14:52:05.384041+00:00, run_after=2026-06-08T14:52:05.384041+00:00
[2026-06-07T19:51:37.049+0000] {processor.py:179} INFO - Processing /opt/airflow/dags/S3_UPLOAD_DAG.py took 0.079 seconds
[2026-06-07T19:52:07.138+0000] {processor.py:157} INFO - Started process (PID=546) to work on /opt/airflow/dags/S3_UPLOAD_DAG.py
[2026-06-07T19:52:07.139+0000] {processor.py:829} INFO - Processing file /opt/airflow/dags/S3_UPLOAD_DAG.py for tasks to queue
[2026-06-07T19:52:07.140+0000] {logging_mixin.py:154} INFO - [2026-06-07T19:52:07.140+0000] {dagbag.py:536} INFO - Filling up the DagBag from /opt/airflow/dags/S3_UPLOAD_DAG.py
[2026-06-07T19:52:07.159+0000] {processor.py:839} INFO - DAG(s) dict_keys(['daily_vulnerability_ingestion']) retrieved from /opt/airflow/dags/S3_UPLOAD_DAG.py
[2026-06-07T19:52:07.192+0000] {logging_mixin.py:154} INFO - [2026-06-07T19:52:07.192+0000] {dag.py:2941} INFO - Sync 1 DAGs
[2026-06-07T19:52:07.224+0000] {logging_mixin.py:154} INFO - [2026-06-07T19:52:07.224+0000] {dag.py:3722} INFO - Setting next_dagrun for daily_vulnerability_ingestion to 2026-06-07T14:52:05.384041+00:00, run_after=2026-06-08T14:52:05.384041+00:00
[2026-06-07T19:52:07.246+0000] {processor.py:179} INFO - Processing /opt/airflow/dags/S3_UPLOAD_DAG.py took 0.112 seconds
[2026-06-07T19:52:37.381+0000] {processor.py:157} INFO - Started process (PID=551) to work on /opt/airflow/dags/S3_UPLOAD_DAG.py
[2026-06-07T19:52:37.390+0000] {processor.py:829} INFO - Processing file /opt/airflow/dags/S3_UPLOAD_DAG.py for tasks to queue
[2026-06-07T19:52:37.392+0000] {logging_mixin.py:154} INFO - [2026-06-07T19:52:37.391+0000] {dagbag.py:536} INFO - Filling up the DagBag from /opt/airflow/dags/S3_UPLOAD_DAG.py
[2026-06-07T19:52:37.415+0000] {processor.py:839} INFO - DAG(s) dict_keys(['daily_vulnerability_ingestion']) retrieved from /opt/airflow/dags/S3_UPLOAD_DAG.py
[2026-06-07T19:52:37.437+0000] {logging_mixin.py:154} INFO - [2026-06-07T19:52:37.437+0000] {dag.py:2941} INFO - Sync 1 DAGs
[2026-06-07T19:52:37.453+0000] {logging_mixin.py:154} INFO - [2026-06-07T19:52:37.453+0000] {dag.py:3722} INFO - Setting next_dagrun for daily_vulnerability_ingestion to 2026-06-07T14:52:05.384041+00:00, run_after=2026-06-08T14:52:05.384041+00:00
[2026-06-07T19:52:37.465+0000] {processor.py:179} INFO - Processing /opt/airflow/dags/S3_UPLOAD_DAG.py took 0.091 seconds
[2026-06-07T19:53:07.546+0000] {processor.py:157} INFO - Started process (PID=556) to work on /opt/airflow/dags/S3_UPLOAD_DAG.py
[2026-06-07T19:53:07.546+0000] {processor.py:829} INFO - Processing file /opt/airflow/dags/S3_UPLOAD_DAG.py for tasks to queue
[2026-06-07T19:53:07.547+0000] {logging_mixin.py:154} INFO - [2026-06-07T19:53:07.547+0000] {dagbag.py:536} INFO - Filling up the DagBag from /opt/airflow/dags/S3_UPLOAD_DAG.py
[2026-06-07T19:53:07.564+0000] {processor.py:839} INFO - DAG(s) dict_keys(['daily_vulnerability_ingestion']) retrieved from /opt/airflow/dags/S3_UPLOAD_DAG.py
[2026-06-07T19:53:07.585+0000] {logging_mixin.py:154} INFO - [2026-06-07T19:53:07.584+0000] {dag.py:2941} INFO - Sync 1 DAGs
[2026-06-07T19:53:07.601+0000] {logging_mixin.py:154} INFO - [2026-06-07T19:53:07.601+0000] {dag.py:3722} INFO - Setting next_dagrun for daily_vulnerability_ingestion to 2026-06-07T14:52:05.384041+00:00, run_after=2026-06-08T14:52:05.384041+00:00
[2026-06-07T19:53:07.614+0000] {processor.py:179} INFO - Processing /opt/airflow/dags/S3_UPLOAD_DAG.py took 0.072 seconds
[2026-06-07T19:53:37.773+0000] {processor.py:157} INFO - Started process (PID=561) to work on /opt/airflow/dags/S3_UPLOAD_DAG.py
[2026-06-07T19:53:37.782+0000] {processor.py:829} INFO - Processing file /opt/airflow/dags/S3_UPLOAD_DAG.py for tasks to queue
[2026-06-07T19:53:37.782+0000] {logging_mixin.py:154} INFO - [2026-06-07T19:53:37.782+0000] {dagbag.py:536} INFO - Filling up the DagBag from /opt/airflow/dags/S3_UPLOAD_DAG.py
[2026-06-07T19:53:37.798+0000] {processor.py:839} INFO - DAG(s) dict_keys(['daily_vulnerability_ingestion']) retrieved from /opt/airflow/dags/S3_UPLOAD_DAG.py
[2026-06-07T19:53:37.817+0000] {logging_mixin.py:154} INFO - [2026-06-07T19:53:37.817+0000] {dag.py:2941} INFO - Sync 1 DAGs
[2026-06-07T19:53:37.833+0000] {logging_mixin.py:154} INFO - [2026-06-07T19:53:37.833+0000] {dag.py:3722} INFO - Setting next_dagrun for daily_vulnerability_ingestion to 2026-06-07T14:52:05.384041+00:00, run_after=2026-06-08T14:52:05.384041+00:00
[2026-06-07T19:53:37.846+0000] {processor.py:179} INFO - Processing /opt/airflow/dags/S3_UPLOAD_DAG.py took 0.077 seconds
[2026-06-07T19:54:07.953+0000] {processor.py:157} INFO - Started process (PID=566) to work on /opt/airflow/dags/S3_UPLOAD_DAG.py
[2026-06-07T19:54:07.954+0000] {processor.py:829} INFO - Processing file /opt/airflow/dags/S3_UPLOAD_DAG.py for tasks to queue
[2026-06-07T19:54:07.955+0000] {logging_mixin.py:154} INFO - [2026-06-07T19:54:07.954+0000] {dagbag.py:536} INFO - Filling up the DagBag from /opt/airflow/dags/S3_UPLOAD_DAG.py
[2026-06-07T19:54:07.973+0000] {processor.py:839} INFO - DAG(s) dict_keys(['daily_vulnerability_ingestion']) retrieved from /opt/airflow/dags/S3_UPLOAD_DAG.py
[2026-06-07T19:54:07.994+0000] {logging_mixin.py:154} INFO - [2026-06-07T19:54:07.993+0000] {dag.py:2941} INFO - Sync 1 DAGs
[2026-06-07T19:54:08.012+0000] {logging_mixin.py:154} INFO - [2026-06-07T19:54:08.012+0000] {dag.py:3722} INFO - Setting next_dagrun for daily_vulnerability_ingestion to 2026-06-07T14:52:05.384041+00:00, run_after=2026-06-08T14:52:05.384041+00:00
[2026-06-07T19:54:08.028+0000] {processor.py:179} INFO - Processing /opt/airflow/dags/S3_UPLOAD_DAG.py took 0.080 seconds
[2026-06-07T19:54:38.177+0000] {processor.py:157} INFO - Started process (PID=571) to work on /opt/airflow/dags/S3_UPLOAD_DAG.py
[2026-06-07T19:54:38.179+0000] {processor.py:829} INFO - Processing file /opt/airflow/dags/S3_UPLOAD_DAG.py for tasks to queue
[2026-06-07T19:54:38.180+0000] {logging_mixin.py:154} INFO - [2026-06-07T19:54:38.179+0000] {dagbag.py:536} INFO - Filling up the DagBag from /opt/airflow/dags/S3_UPLOAD_DAG.py
[2026-06-07T19:54:38.199+0000] {processor.py:839} INFO - DAG(s) dict_keys(['daily_vulnerability_ingestion']) retrieved from /opt/airflow/dags/S3_UPLOAD_DAG.py
[2026-06-07T19:54:38.220+0000] {logging_mixin.py:154} INFO - [2026-06-07T19:54:38.219+0000] {dag.py:2941} INFO - Sync 1 DAGs
[2026-06-07T19:54:38.235+0000] {logging_mixin.py:154} INFO - [2026-06-07T19:54:38.235+0000] {dag.py:3722} INFO - Setting next_dagrun for daily_vulnerability_ingestion to 2026-06-07T14:52:05.384041+00:00, run_after=2026-06-08T14:52:05.384041+00:00
[2026-06-07T19:54:38.248+0000] {processor.py:179} INFO - Processing /opt/airflow/dags/S3_UPLOAD_DAG.py took 0.076 seconds
[2026-06-07T19:55:08.391+0000] {processor.py:157} INFO - Started process (PID=576) to work on /opt/airflow/dags/S3_UPLOAD_DAG.py
[2026-06-07T19:55:08.391+0000] {processor.py:829} INFO - Processing file /opt/airflow/dags/S3_UPLOAD_DAG.py for tasks to queue
[2026-06-07T19:55:08.393+0000] {logging_mixin.py:154} INFO - [2026-06-07T19:55:08.392+0000] {dagbag.py:536} INFO - Filling up the DagBag from /opt/airflow/dags/S3_UPLOAD_DAG.py
[2026-06-07T19:55:08.411+0000] {processor.py:839} INFO - DAG(s) dict_keys(['daily_vulnerability_ingestion']) retrieved from /opt/airflow/dags/S3_UPLOAD_DAG.py
[2026-06-07T19:55:08.432+0000] {logging_mixin.py:154} INFO - [2026-06-07T19:55:08.432+0000] {dag.py:2941} INFO - Sync 1 DAGs
[2026-06-07T19:55:08.448+0000] {logging_mixin.py:154} INFO - [2026-06-07T19:55:08.447+0000] {dag.py:3722} INFO - Setting next_dagrun for daily_vulnerability_ingestion to 2026-06-07T14:52:05.384041+00:00, run_after=2026-06-08T14:52:05.384041+00:00
[2026-06-07T19:55:08.460+0000] {processor.py:179} INFO - Processing /opt/airflow/dags/S3_UPLOAD_DAG.py took 0.074 seconds
[2026-06-07T19:55:38.598+0000] {processor.py:157} INFO - Started process (PID=581) to work on /opt/airflow/dags/S3_UPLOAD_DAG.py
[2026-06-07T19:55:38.606+0000] {processor.py:829} INFO - Processing file /opt/airflow/dags/S3_UPLOAD_DAG.py for tasks to queue
[2026-06-07T19:55:38.607+0000] {logging_mixin.py:154} INFO - [2026-06-07T19:55:38.607+0000] {dagbag.py:536} INFO - Filling up the DagBag from /opt/airflow/dags/S3_UPLOAD_DAG.py
[2026-06-07T19:55:38.621+0000] {processor.py:839} INFO - DAG(s) dict_keys(['daily_vulnerability_ingestion']) retrieved from /opt/airflow/dags/S3_UPLOAD_DAG.py
[2026-06-07T19:55:38.640+0000] {logging_mixin.py:154} INFO - [2026-06-07T19:55:38.640+0000] {dag.py:2941} INFO - Sync 1 DAGs
[2026-06-07T19:55:38.656+0000] {logging_mixin.py:154} INFO - [2026-06-07T19:55:38.656+0000] {dag.py:3722} INFO - Setting next_dagrun for daily_vulnerability_ingestion to 2026-06-07T14:52:05.384041+00:00, run_after=2026-06-08T14:52:05.384041+00:00
[2026-06-07T19:55:38.671+0000] {processor.py:179} INFO - Processing /opt/airflow/dags/S3_UPLOAD_DAG.py took 0.075 seconds
[2026-06-07T19:56:08.752+0000] {processor.py:157} INFO - Started process (PID=586) to work on /opt/airflow/dags/S3_UPLOAD_DAG.py
[2026-06-07T19:56:08.752+0000] {processor.py:829} INFO - Processing file /opt/airflow/dags/S3_UPLOAD_DAG.py for tasks to queue
[2026-06-07T19:56:08.753+0000] {logging_mixin.py:154} INFO - [2026-06-07T19:56:08.752+0000] {dagbag.py:536} INFO - Filling up the DagBag from /opt/airflow/dags/S3_UPLOAD_DAG.py
[2026-06-07T19:56:08.768+0000] {processor.py:839} INFO - DAG(s) dict_keys(['daily_vulnerability_ingestion']) retrieved from /opt/airflow/dags/S3_UPLOAD_DAG.py
[2026-06-07T19:56:08.791+0000] {logging_mixin.py:154} INFO - [2026-06-07T19:56:08.791+0000] {dag.py:2941} INFO - Sync 1 DAGs
[2026-06-07T19:56:08.809+0000] {logging_mixin.py:154} INFO - [2026-06-07T19:56:08.809+0000] {dag.py:3722} INFO - Setting next_dagrun for daily_vulnerability_ingestion to 2026-06-07T14:52:05.384041+00:00, run_after=2026-06-08T14:52:05.384041+00:00
[2026-06-07T19:56:08.822+0000] {processor.py:179} INFO - Processing /opt/airflow/dags/S3_UPLOAD_DAG.py took 0.073 seconds
[2026-06-07T19:56:38.994+0000] {processor.py:157} INFO - Started process (PID=591) to work on /opt/airflow/dags/S3_UPLOAD_DAG.py
[2026-06-07T19:56:39.003+0000] {processor.py:829} INFO - Processing file /opt/airflow/dags/S3_UPLOAD_DAG.py for tasks to queue
[2026-06-07T19:56:39.004+0000] {logging_mixin.py:154} INFO - [2026-06-07T19:56:39.004+0000] {dagbag.py:536} INFO - Filling up the DagBag from /opt/airflow/dags/S3_UPLOAD_DAG.py
[2026-06-07T19:56:39.019+0000] {processor.py:839} INFO - DAG(s) dict_keys(['daily_vulnerability_ingestion']) retrieved from /opt/airflow/dags/S3_UPLOAD_DAG.py
[2026-06-07T19:56:39.039+0000] {logging_mixin.py:154} INFO - [2026-06-07T19:56:39.039+0000] {dag.py:2941} INFO - Sync 1 DAGs
[2026-06-07T19:56:39.057+0000] {logging_mixin.py:154} INFO - [2026-06-07T19:56:39.057+0000] {dag.py:3722} INFO - Setting next_dagrun for daily_vulnerability_ingestion to 2026-06-07T14:52:05.384041+00:00, run_after=2026-06-08T14:52:05.384041+00:00
[2026-06-07T19:56:39.070+0000] {processor.py:179} INFO - Processing /opt/airflow/dags/S3_UPLOAD_DAG.py took 0.079 seconds
[2026-06-07T19:57:09.133+0000] {processor.py:157} INFO - Started process (PID=596) to work on /opt/airflow/dags/S3_UPLOAD_DAG.py
[2026-06-07T19:57:09.134+0000] {processor.py:829} INFO - Processing file /opt/airflow/dags/S3_UPLOAD_DAG.py for tasks to queue
[2026-06-07T19:57:09.134+0000] {logging_mixin.py:154} INFO - [2026-06-07T19:57:09.134+0000] {dagbag.py:536} INFO - Filling up the DagBag from /opt/airflow/dags/S3_UPLOAD_DAG.py
[2026-06-07T19:57:09.147+0000] {processor.py:839} INFO - DAG(s) dict_keys(['daily_vulnerability_ingestion']) retrieved from /opt/airflow/dags/S3_UPLOAD_DAG.py
[2026-06-07T19:57:09.167+0000] {logging_mixin.py:154} INFO - [2026-06-07T19:57:09.166+0000] {dag.py:2941} INFO - Sync 1 DAGs
[2026-06-07T19:57:09.183+0000] {logging_mixin.py:154} INFO - [2026-06-07T19:57:09.183+0000] {dag.py:3722} INFO - Setting next_dagrun for daily_vulnerability_ingestion to 2026-06-07T14:52:05.384041+00:00, run_after=2026-06-08T14:52:05.384041+00:00
[2026-06-07T19:57:09.196+0000] {processor.py:179} INFO - Processing /opt/airflow/dags/S3_UPLOAD_DAG.py took 0.066 seconds
[2026-06-07T19:57:39.332+0000] {processor.py:157} INFO - Started process (PID=601) to work on /opt/airflow/dags/S3_UPLOAD_DAG.py
[2026-06-07T19:57:39.333+0000] {processor.py:829} INFO - Processing file /opt/airflow/dags/S3_UPLOAD_DAG.py for tasks to queue
[2026-06-07T19:57:39.334+0000] {logging_mixin.py:154} INFO - [2026-06-07T19:57:39.333+0000] {dagbag.py:536} INFO - Filling up the DagBag from /opt/airflow/dags/S3_UPLOAD_DAG.py
[2026-06-07T19:57:39.351+0000] {processor.py:839} INFO - DAG(s) dict_keys(['daily_vulnerability_ingestion']) retrieved from /opt/airflow/dags/S3_UPLOAD_DAG.py
[2026-06-07T19:57:39.372+0000] {logging_mixin.py:154} INFO - [2026-06-07T19:57:39.372+0000] {dag.py:2941} INFO - Sync 1 DAGs
[2026-06-07T19:57:39.469+0000] {logging_mixin.py:154} INFO - [2026-06-07T19:57:39.468+0000] {dag.py:3722} INFO - Setting next_dagrun for daily_vulnerability_ingestion to 2026-06-07T14:52:05.384041+00:00, run_after=2026-06-08T14:52:05.384041+00:00
[2026-06-07T19:57:39.490+0000] {processor.py:179} INFO - Processing /opt/airflow/dags/S3_UPLOAD_DAG.py took 0.162 seconds
[2026-06-07T19:58:09.653+0000] {processor.py:157} INFO - Started process (PID=606) to work on /opt/airflow/dags/S3_UPLOAD_DAG.py
[2026-06-07T19:58:09.654+0000] {processor.py:829} INFO - Processing file /opt/airflow/dags/S3_UPLOAD_DAG.py for tasks to queue
[2026-06-07T19:58:09.655+0000] {logging_mixin.py:154} INFO - [2026-06-07T19:58:09.655+0000] {dagbag.py:536} INFO - Filling up the DagBag from /opt/airflow/dags/S3_UPLOAD_DAG.py
[2026-06-07T19:58:09.668+0000] {processor.py:839} INFO - DAG(s) dict_keys(['daily_vulnerability_ingestion']) retrieved from /opt/airflow/dags/S3_UPLOAD_DAG.py
[2026-06-07T19:58:09.686+0000] {logging_mixin.py:154} INFO - [2026-06-07T19:58:09.686+0000] {dag.py:2941} INFO - Sync 1 DAGs
[2026-06-07T19:58:09.701+0000] {logging_mixin.py:154} INFO - [2026-06-07T19:58:09.701+0000] {dag.py:3722} INFO - Setting next_dagrun for daily_vulnerability_ingestion to 2026-06-07T14:52:05.384041+00:00, run_after=2026-06-08T14:52:05.384041+00:00
[2026-06-07T19:58:09.713+0000] {processor.py:179} INFO - Processing /opt/airflow/dags/S3_UPLOAD_DAG.py took 0.064 seconds
[2026-06-07T19:58:39.852+0000] {processor.py:157} INFO - Started process (PID=611) to work on /opt/airflow/dags/S3_UPLOAD_DAG.py
[2026-06-07T19:58:39.861+0000] {processor.py:829} INFO - Processing file /opt/airflow/dags/S3_UPLOAD_DAG.py for tasks to queue
[2026-06-07T19:58:39.863+0000] {logging_mixin.py:154} INFO - [2026-06-07T19:58:39.863+0000] {dagbag.py:536} INFO - Filling up the DagBag from /opt/airflow/dags/S3_UPLOAD_DAG.py
[2026-06-07T19:58:39.884+0000] {processor.py:839} INFO - DAG(s) dict_keys(['daily_vulnerability_ingestion']) retrieved from /opt/airflow/dags/S3_UPLOAD_DAG.py
[2026-06-07T19:58:39.975+0000] {logging_mixin.py:154} INFO - [2026-06-07T19:58:39.975+0000] {dag.py:2941} INFO - Sync 1 DAGs
[2026-06-07T19:58:39.989+0000] {logging_mixin.py:154} INFO - [2026-06-07T19:58:39.988+0000] {dag.py:3722} INFO - Setting next_dagrun for daily_vulnerability_ingestion to 2026-06-07T14:52:05.384041+00:00, run_after=2026-06-08T14:52:05.384041+00:00
[2026-06-07T19:58:40.007+0000] {processor.py:179} INFO - Processing /opt/airflow/dags/S3_UPLOAD_DAG.py took 0.161 seconds
[2026-06-07T19:59:10.109+0000] {processor.py:157} INFO - Started process (PID=616) to work on /opt/airflow/dags/S3_UPLOAD_DAG.py
[2026-06-07T19:59:10.110+0000] {processor.py:829} INFO - Processing file /opt/airflow/dags/S3_UPLOAD_DAG.py for tasks to queue
[2026-06-07T19:59:10.110+0000] {logging_mixin.py:154} INFO - [2026-06-07T19:59:10.110+0000] {dagbag.py:536} INFO - Filling up the DagBag from /opt/airflow/dags/S3_UPLOAD_DAG.py
[2026-06-07T19:59:10.122+0000] {processor.py:839} INFO - DAG(s) dict_keys(['daily_vulnerability_ingestion']) retrieved from /opt/airflow/dags/S3_UPLOAD_DAG.py
[2026-06-07T19:59:10.141+0000] {logging_mixin.py:154} INFO - [2026-06-07T19:59:10.141+0000] {dag.py:2941} INFO - Sync 1 DAGs
[2026-06-07T19:59:10.157+0000] {logging_mixin.py:154} INFO - [2026-06-07T19:59:10.157+0000] {dag.py:3722} INFO - Setting next_dagrun for daily_vulnerability_ingestion to 2026-06-07T14:52:05.384041+00:00, run_after=2026-06-08T14:52:05.384041+00:00
[2026-06-07T19:59:10.170+0000] {processor.py:179} INFO - Processing /opt/airflow/dags/S3_UPLOAD_DAG.py took 0.064 seconds
[2026-06-07T19:59:40.285+0000] {processor.py:157} INFO - Started process (PID=621) to work on /opt/airflow/dags/S3_UPLOAD_DAG.py
[2026-06-07T19:59:40.293+0000] {processor.py:829} INFO - Processing file /opt/airflow/dags/S3_UPLOAD_DAG.py for tasks to queue
[2026-06-07T19:59:40.294+0000] {logging_mixin.py:154} INFO - [2026-06-07T19:59:40.294+0000] {dagbag.py:536} INFO - Filling up the DagBag from /opt/airflow/dags/S3_UPLOAD_DAG.py
[2026-06-07T19:59:40.308+0000] {processor.py:839} INFO - DAG(s) dict_keys(['daily_vulnerability_ingestion']) retrieved from /opt/airflow/dags/S3_UPLOAD_DAG.py
[2026-06-07T19:59:40.326+0000] {logging_mixin.py:154} INFO - [2026-06-07T19:59:40.326+0000] {dag.py:2941} INFO - Sync 1 DAGs
[2026-06-07T19:59:40.342+0000] {logging_mixin.py:154} INFO - [2026-06-07T19:59:40.342+0000] {dag.py:3722} INFO - Setting next_dagrun for daily_vulnerability_ingestion to 2026-06-07T14:52:05.384041+00:00, run_after=2026-06-08T14:52:05.384041+00:00
[2026-06-07T19:59:40.355+0000] {processor.py:179} INFO - Processing /opt/airflow/dags/S3_UPLOAD_DAG.py took 0.073 seconds
[2026-06-07T20:00:10.489+0000] {processor.py:157} INFO - Started process (PID=626) to work on /opt/airflow/dags/S3_UPLOAD_DAG.py
[2026-06-07T20:00:10.490+0000] {processor.py:829} INFO - Processing file /opt/airflow/dags/S3_UPLOAD_DAG.py for tasks to queue
[2026-06-07T20:00:10.491+0000] {logging_mixin.py:154} INFO - [2026-06-07T20:00:10.490+0000] {dagbag.py:536} INFO - Filling up the DagBag from /opt/airflow/dags/S3_UPLOAD_DAG.py
[2026-06-07T20:00:10.507+0000] {processor.py:839} INFO - DAG(s) dict_keys(['daily_vulnerability_ingestion']) retrieved from /opt/airflow/dags/S3_UPLOAD_DAG.py
[2026-06-07T20:00:10.526+0000] {logging_mixin.py:154} INFO - [2026-06-07T20:00:10.526+0000] {dag.py:2941} INFO - Sync 1 DAGs
[2026-06-07T20:00:10.544+0000] {logging_mixin.py:154} INFO - [2026-06-07T20:00:10.544+0000] {dag.py:3722} INFO - Setting next_dagrun for daily_vulnerability_ingestion to 2026-06-07T14:52:05.384041+00:00, run_after=2026-06-08T14:52:05.384041+00:00
[2026-06-07T20:00:10.557+0000] {processor.py:179} INFO - Processing /opt/airflow/dags/S3_UPLOAD_DAG.py took 0.072 seconds
[2026-06-07T20:00:40.646+0000] {processor.py:157} INFO - Started process (PID=631) to work on /opt/airflow/dags/S3_UPLOAD_DAG.py
[2026-06-07T20:00:40.647+0000] {processor.py:829} INFO - Processing file /opt/airflow/dags/S3_UPLOAD_DAG.py for tasks to queue
[2026-06-07T20:00:40.647+0000] {logging_mixin.py:154} INFO - [2026-06-07T20:00:40.647+0000] {dagbag.py:536} INFO - Filling up the DagBag from /opt/airflow/dags/S3_UPLOAD_DAG.py
[2026-06-07T20:00:40.658+0000] {processor.py:839} INFO - DAG(s) dict_keys(['daily_vulnerability_ingestion']) retrieved from /opt/airflow/dags/S3_UPLOAD_DAG.py
[2026-06-07T20:00:40.682+0000] {logging_mixin.py:154} INFO - [2026-06-07T20:00:40.682+0000] {dag.py:2941} INFO - Sync 1 DAGs
[2026-06-07T20:00:40.705+0000] {logging_mixin.py:154} INFO - [2026-06-07T20:00:40.705+0000] {dag.py:3722} INFO - Setting next_dagrun for daily_vulnerability_ingestion to 2026-06-07T14:52:05.384041+00:00, run_after=2026-06-08T14:52:05.384041+00:00
[2026-06-07T20:00:40.717+0000] {processor.py:179} INFO - Processing /opt/airflow/dags/S3_UPLOAD_DAG.py took 0.074 seconds
[2026-06-07T20:01:10.830+0000] {processor.py:157} INFO - Started process (PID=636) to work on /opt/airflow/dags/S3_UPLOAD_DAG.py
[2026-06-07T20:01:10.831+0000] {processor.py:829} INFO - Processing file /opt/airflow/dags/S3_UPLOAD_DAG.py for tasks to queue
[2026-06-07T20:01:10.832+0000] {logging_mixin.py:154} INFO - [2026-06-07T20:01:10.832+0000] {dagbag.py:536} INFO - Filling up the DagBag from /opt/airflow/dags/S3_UPLOAD_DAG.py
[2026-06-07T20:01:10.848+0000] {processor.py:839} INFO - DAG(s) dict_keys(['daily_vulnerability_ingestion']) retrieved from /opt/airflow/dags/S3_UPLOAD_DAG.py
[2026-06-07T20:01:10.866+0000] {logging_mixin.py:154} INFO - [2026-06-07T20:01:10.866+0000] {dag.py:2941} INFO - Sync 1 DAGs
[2026-06-07T20:01:10.882+0000] {logging_mixin.py:154} INFO - [2026-06-07T20:01:10.882+0000] {dag.py:3722} INFO - Setting next_dagrun for daily_vulnerability_ingestion to 2026-06-07T14:52:05.384041+00:00, run_after=2026-06-08T14:52:05.384041+00:00
[2026-06-07T20:01:10.898+0000] {processor.py:179} INFO - Processing /opt/airflow/dags/S3_UPLOAD_DAG.py took 0.072 seconds
[2026-06-07T20:01:41.037+0000] {processor.py:157} INFO - Started process (PID=641) to work on /opt/airflow/dags/S3_UPLOAD_DAG.py
[2026-06-07T20:01:41.046+0000] {processor.py:829} INFO - Processing file /opt/airflow/dags/S3_UPLOAD_DAG.py for tasks to queue
[2026-06-07T20:01:41.046+0000] {logging_mixin.py:154} INFO - [2026-06-07T20:01:41.046+0000] {dagbag.py:536} INFO - Filling up the DagBag from /opt/airflow/dags/S3_UPLOAD_DAG.py
[2026-06-07T20:01:41.061+0000] {processor.py:839} INFO - DAG(s) dict_keys(['daily_vulnerability_ingestion']) retrieved from /opt/airflow/dags/S3_UPLOAD_DAG.py
[2026-06-07T20:01:41.079+0000] {logging_mixin.py:154} INFO - [2026-06-07T20:01:41.079+0000] {dag.py:2941} INFO - Sync 1 DAGs
[2026-06-07T20:01:41.094+0000] {logging_mixin.py:154} INFO - [2026-06-07T20:01:41.094+0000] {dag.py:3722} INFO - Setting next_dagrun for daily_vulnerability_ingestion to 2026-06-07T14:52:05.384041+00:00, run_after=2026-06-08T14:52:05.384041+00:00
[2026-06-07T20:01:41.107+0000] {processor.py:179} INFO - Processing /opt/airflow/dags/S3_UPLOAD_DAG.py took 0.074 seconds
[2026-06-07T20:02:11.231+0000] {processor.py:157} INFO - Started process (PID=646) to work on /opt/airflow/dags/S3_UPLOAD_DAG.py
[2026-06-07T20:02:11.231+0000] {processor.py:829} INFO - Processing file /opt/airflow/dags/S3_UPLOAD_DAG.py for tasks to queue
[2026-06-07T20:02:11.232+0000] {logging_mixin.py:154} INFO - [2026-06-07T20:02:11.232+0000] {dagbag.py:536} INFO - Filling up the DagBag from /opt/airflow/dags/S3_UPLOAD_DAG.py
[2026-06-07T20:02:11.247+0000] {processor.py:839} INFO - DAG(s) dict_keys(['daily_vulnerability_ingestion']) retrieved from /opt/airflow/dags/S3_UPLOAD_DAG.py
[2026-06-07T20:02:11.266+0000] {logging_mixin.py:154} INFO - [2026-06-07T20:02:11.266+0000] {dag.py:2941} INFO - Sync 1 DAGs
[2026-06-07T20:02:11.281+0000] {logging_mixin.py:154} INFO - [2026-06-07T20:02:11.281+0000] {dag.py:3722} INFO - Setting next_dagrun for daily_vulnerability_ingestion to 2026-06-07T14:52:05.384041+00:00, run_after=2026-06-08T14:52:05.384041+00:00
[2026-06-07T20:02:11.293+0000] {processor.py:179} INFO - Processing /opt/airflow/dags/S3_UPLOAD_DAG.py took 0.067 seconds
[2026-06-07T20:02:41.457+0000] {processor.py:157} INFO - Started process (PID=651) to work on /opt/airflow/dags/S3_UPLOAD_DAG.py
[2026-06-07T20:02:41.465+0000] {processor.py:829} INFO - Processing file /opt/airflow/dags/S3_UPLOAD_DAG.py for tasks to queue
[2026-06-07T20:02:41.466+0000] {logging_mixin.py:154} INFO - [2026-06-07T20:02:41.466+0000] {dagbag.py:536} INFO - Filling up the DagBag from /opt/airflow/dags/S3_UPLOAD_DAG.py
[2026-06-07T20:02:41.478+0000] {processor.py:839} INFO - DAG(s) dict_keys(['daily_vulnerability_ingestion']) retrieved from /opt/airflow/dags/S3_UPLOAD_DAG.py
[2026-06-07T20:02:41.499+0000] {logging_mixin.py:154} INFO - [2026-06-07T20:02:41.499+0000] {dag.py:2941} INFO - Sync 1 DAGs
[2026-06-07T20:02:41.517+0000] {logging_mixin.py:154} INFO - [2026-06-07T20:02:41.517+0000] {dag.py:3722} INFO - Setting next_dagrun for daily_vulnerability_ingestion to 2026-06-07T14:52:05.384041+00:00, run_after=2026-06-08T14:52:05.384041+00:00
[2026-06-07T20:02:41.529+0000] {processor.py:179} INFO - Processing /opt/airflow/dags/S3_UPLOAD_DAG.py took 0.076 seconds
[2026-06-07T20:03:11.649+0000] {processor.py:157} INFO - Started process (PID=656) to work on /opt/airflow/dags/S3_UPLOAD_DAG.py
[2026-06-07T20:03:11.651+0000] {processor.py:829} INFO - Processing file /opt/airflow/dags/S3_UPLOAD_DAG.py for tasks to queue
[2026-06-07T20:03:11.652+0000] {logging_mixin.py:154} INFO - [2026-06-07T20:03:11.651+0000] {dagbag.py:536} INFO - Filling up the DagBag from /opt/airflow/dags/S3_UPLOAD_DAG.py
[2026-06-07T20:03:11.673+0000] {processor.py:839} INFO - DAG(s) dict_keys(['daily_vulnerability_ingestion']) retrieved from /opt/airflow/dags/S3_UPLOAD_DAG.py
[2026-06-07T20:03:11.692+0000] {logging_mixin.py:154} INFO - [2026-06-07T20:03:11.692+0000] {dag.py:2941} INFO - Sync 1 DAGs
[2026-06-07T20:03:11.708+0000] {logging_mixin.py:154} INFO - [2026-06-07T20:03:11.708+0000] {dag.py:3722} INFO - Setting next_dagrun for daily_vulnerability_ingestion to 2026-06-07T14:52:05.384041+00:00, run_after=2026-06-08T14:52:05.384041+00:00
[2026-06-07T20:03:11.719+0000] {processor.py:179} INFO - Processing /opt/airflow/dags/S3_UPLOAD_DAG.py took 0.076 seconds
[2026-06-07T20:03:41.893+0000] {processor.py:157} INFO - Started process (PID=661) to work on /opt/airflow/dags/S3_UPLOAD_DAG.py
[2026-06-07T20:03:41.901+0000] {processor.py:829} INFO - Processing file /opt/airflow/dags/S3_UPLOAD_DAG.py for tasks to queue
[2026-06-07T20:03:41.902+0000] {logging_mixin.py:154} INFO - [2026-06-07T20:03:41.902+0000] {dagbag.py:536} INFO - Filling up the DagBag from /opt/airflow/dags/S3_UPLOAD_DAG.py
[2026-06-07T20:03:41.915+0000] {processor.py:839} INFO - DAG(s) dict_keys(['daily_vulnerability_ingestion']) retrieved from /opt/airflow/dags/S3_UPLOAD_DAG.py
[2026-06-07T20:03:41.933+0000] {logging_mixin.py:154} INFO - [2026-06-07T20:03:41.933+0000] {dag.py:2941} INFO - Sync 1 DAGs
[2026-06-07T20:03:41.950+0000] {logging_mixin.py:154} INFO - [2026-06-07T20:03:41.949+0000] {dag.py:3722} INFO - Setting next_dagrun for daily_vulnerability_ingestion to 2026-06-07T14:52:05.384041+00:00, run_after=2026-06-08T14:52:05.384041+00:00
[2026-06-07T20:03:41.963+0000] {processor.py:179} INFO - Processing /opt/airflow/dags/S3_UPLOAD_DAG.py took 0.074 seconds
[2026-06-07T20:04:12.110+0000] {processor.py:157} INFO - Started process (PID=666) to work on /opt/airflow/dags/S3_UPLOAD_DAG.py
[2026-06-07T20:04:12.112+0000] {processor.py:829} INFO - Processing file /opt/airflow/dags/S3_UPLOAD_DAG.py for tasks to queue
[2026-06-07T20:04:12.114+0000] {logging_mixin.py:154} INFO - [2026-06-07T20:04:12.113+0000] {dagbag.py:536} INFO - Filling up the DagBag from /opt/airflow/dags/S3_UPLOAD_DAG.py
[2026-06-07T20:04:12.139+0000] {processor.py:839} INFO - DAG(s) dict_keys(['daily_vulnerability_ingestion']) retrieved from /opt/airflow/dags/S3_UPLOAD_DAG.py
[2026-06-07T20:04:12.158+0000] {logging_mixin.py:154} INFO - [2026-06-07T20:04:12.158+0000] {dag.py:2941} INFO - Sync 1 DAGs
[2026-06-07T20:04:12.173+0000] {logging_mixin.py:154} INFO - [2026-06-07T20:04:12.173+0000] {dag.py:3722} INFO - Setting next_dagrun for daily_vulnerability_ingestion to 2026-06-07T14:52:05.384041+00:00, run_after=2026-06-08T14:52:05.384041+00:00
[2026-06-07T20:04:12.185+0000] {processor.py:179} INFO - Processing /opt/airflow/dags/S3_UPLOAD_DAG.py took 0.086 seconds
[2026-06-07T20:04:42.329+0000] {processor.py:157} INFO - Started process (PID=671) to work on /opt/airflow/dags/S3_UPLOAD_DAG.py
[2026-06-07T20:04:42.339+0000] {processor.py:829} INFO - Processing file /opt/airflow/dags/S3_UPLOAD_DAG.py for tasks to queue
[2026-06-07T20:04:42.341+0000] {logging_mixin.py:154} INFO - [2026-06-07T20:04:42.341+0000] {dagbag.py:536} INFO - Filling up the DagBag from /opt/airflow/dags/S3_UPLOAD_DAG.py
[2026-06-07T20:04:42.377+0000] {processor.py:839} INFO - DAG(s) dict_keys(['daily_vulnerability_ingestion']) retrieved from /opt/airflow/dags/S3_UPLOAD_DAG.py
[2026-06-07T20:04:42.399+0000] {logging_mixin.py:154} INFO - [2026-06-07T20:04:42.399+0000] {dag.py:2941} INFO - Sync 1 DAGs
[2026-06-07T20:04:42.415+0000] {logging_mixin.py:154} INFO - [2026-06-07T20:04:42.414+0000] {dag.py:3722} INFO - Setting next_dagrun for daily_vulnerability_ingestion to 2026-06-07T14:52:05.384041+00:00, run_after=2026-06-08T14:52:05.384041+00:00
[2026-06-07T20:04:42.427+0000] {processor.py:179} INFO - Processing /opt/airflow/dags/S3_UPLOAD_DAG.py took 0.103 seconds
[2026-06-07T20:05:12.513+0000] {processor.py:157} INFO - Started process (PID=676) to work on /opt/airflow/dags/S3_UPLOAD_DAG.py
[2026-06-07T20:05:12.514+0000] {processor.py:829} INFO - Processing file /opt/airflow/dags/S3_UPLOAD_DAG.py for tasks to queue
[2026-06-07T20:05:12.514+0000] {logging_mixin.py:154} INFO - [2026-06-07T20:05:12.514+0000] {dagbag.py:536} INFO - Filling up the DagBag from /opt/airflow/dags/S3_UPLOAD_DAG.py
[2026-06-07T20:05:12.531+0000] {processor.py:839} INFO - DAG(s) dict_keys(['daily_vulnerability_ingestion']) retrieved from /opt/airflow/dags/S3_UPLOAD_DAG.py
[2026-06-07T20:05:12.553+0000] {logging_mixin.py:154} INFO - [2026-06-07T20:05:12.553+0000] {dag.py:2941} INFO - Sync 1 DAGs
[2026-06-07T20:05:12.568+0000] {logging_mixin.py:154} INFO - [2026-06-07T20:05:12.568+0000] {dag.py:3722} INFO - Setting next_dagrun for daily_vulnerability_ingestion to 2026-06-07T14:52:05.384041+00:00, run_after=2026-06-08T14:52:05.384041+00:00
[2026-06-07T20:05:12.579+0000] {processor.py:179} INFO - Processing /opt/airflow/dags/S3_UPLOAD_DAG.py took 0.070 seconds
[2026-06-07T20:05:42.752+0000] {processor.py:157} INFO - Started process (PID=681) to work on /opt/airflow/dags/S3_UPLOAD_DAG.py
[2026-06-07T20:05:42.753+0000] {processor.py:829} INFO - Processing file /opt/airflow/dags/S3_UPLOAD_DAG.py for tasks to queue
[2026-06-07T20:05:42.754+0000] {logging_mixin.py:154} INFO - [2026-06-07T20:05:42.753+0000] {dagbag.py:536} INFO - Filling up the DagBag from /opt/airflow/dags/S3_UPLOAD_DAG.py
[2026-06-07T20:05:42.769+0000] {processor.py:839} INFO - DAG(s) dict_keys(['daily_vulnerability_ingestion']) retrieved from /opt/airflow/dags/S3_UPLOAD_DAG.py
[2026-06-07T20:05:42.797+0000] {logging_mixin.py:154} INFO - [2026-06-07T20:05:42.797+0000] {dag.py:2941} INFO - Sync 1 DAGs
[2026-06-07T20:05:42.817+0000] {logging_mixin.py:154} INFO - [2026-06-07T20:05:42.817+0000] {dag.py:3722} INFO - Setting next_dagrun for daily_vulnerability_ingestion to 2026-06-07T14:52:05.384041+00:00, run_after=2026-06-08T14:52:05.384041+00:00
[2026-06-07T20:05:42.830+0000] {processor.py:179} INFO - Processing /opt/airflow/dags/S3_UPLOAD_DAG.py took 0.082 seconds
[2026-06-07T20:06:12.924+0000] {processor.py:157} INFO - Started process (PID=706) to work on /opt/airflow/dags/S3_UPLOAD_DAG.py
[2026-06-07T20:06:12.925+0000] {processor.py:829} INFO - Processing file /opt/airflow/dags/S3_UPLOAD_DAG.py for tasks to queue
[2026-06-07T20:06:12.926+0000] {logging_mixin.py:154} INFO - [2026-06-07T20:06:12.925+0000] {dagbag.py:536} INFO - Filling up the DagBag from /opt/airflow/dags/S3_UPLOAD_DAG.py
[2026-06-07T20:06:12.943+0000] {processor.py:839} INFO - DAG(s) dict_keys(['daily_vulnerability_ingestion']) retrieved from /opt/airflow/dags/S3_UPLOAD_DAG.py
[2026-06-07T20:06:12.962+0000] {logging_mixin.py:154} INFO - [2026-06-07T20:06:12.962+0000] {dag.py:2941} INFO - Sync 1 DAGs
[2026-06-07T20:06:12.977+0000] {logging_mixin.py:154} INFO - [2026-06-07T20:06:12.977+0000] {dag.py:3722} INFO - Setting next_dagrun for daily_vulnerability_ingestion to 2026-06-07T14:52:05.384041+00:00, run_after=2026-06-08T14:52:05.384041+00:00
[2026-06-07T20:06:12.989+0000] {processor.py:179} INFO - Processing /opt/airflow/dags/S3_UPLOAD_DAG.py took 0.069 seconds
[2026-06-07T20:06:43.097+0000] {processor.py:157} INFO - Started process (PID=711) to work on /opt/airflow/dags/S3_UPLOAD_DAG.py
[2026-06-07T20:06:43.098+0000] {processor.py:829} INFO - Processing file /opt/airflow/dags/S3_UPLOAD_DAG.py for tasks to queue
[2026-06-07T20:06:43.098+0000] {logging_mixin.py:154} INFO - [2026-06-07T20:06:43.098+0000] {dagbag.py:536} INFO - Filling up the DagBag from /opt/airflow/dags/S3_UPLOAD_DAG.py
[2026-06-07T20:06:43.111+0000] {processor.py:839} INFO - DAG(s) dict_keys(['daily_vulnerability_ingestion']) retrieved from /opt/airflow/dags/S3_UPLOAD_DAG.py
[2026-06-07T20:06:43.131+0000] {logging_mixin.py:154} INFO - [2026-06-07T20:06:43.131+0000] {dag.py:2941} INFO - Sync 1 DAGs
[2026-06-07T20:06:43.149+0000] {logging_mixin.py:154} INFO - [2026-06-07T20:06:43.149+0000] {dag.py:3722} INFO - Setting next_dagrun for daily_vulnerability_ingestion to 2026-06-07T14:52:05.384041+00:00, run_after=2026-06-08T14:52:05.384041+00:00
[2026-06-07T20:06:43.161+0000] {processor.py:179} INFO - Processing /opt/airflow/dags/S3_UPLOAD_DAG.py took 0.068 seconds
[2026-06-07T20:07:13.282+0000] {processor.py:157} INFO - Started process (PID=716) to work on /opt/airflow/dags/S3_UPLOAD_DAG.py
[2026-06-07T20:07:13.282+0000] {processor.py:829} INFO - Processing file /opt/airflow/dags/S3_UPLOAD_DAG.py for tasks to queue
[2026-06-07T20:07:13.283+0000] {logging_mixin.py:154} INFO - [2026-06-07T20:07:13.283+0000] {dagbag.py:536} INFO - Filling up the DagBag from /opt/airflow/dags/S3_UPLOAD_DAG.py
[2026-06-07T20:07:13.299+0000] {processor.py:839} INFO - DAG(s) dict_keys(['daily_vulnerability_ingestion']) retrieved from /opt/airflow/dags/S3_UPLOAD_DAG.py
[2026-06-07T20:07:13.320+0000] {logging_mixin.py:154} INFO - [2026-06-07T20:07:13.320+0000] {dag.py:2941} INFO - Sync 1 DAGs
[2026-06-07T20:07:13.339+0000] {logging_mixin.py:154} INFO - [2026-06-07T20:07:13.339+0000] {dag.py:3722} INFO - Setting next_dagrun for daily_vulnerability_ingestion to 2026-06-07T14:52:05.384041+00:00, run_after=2026-06-08T14:52:05.384041+00:00
[2026-06-07T20:07:13.354+0000] {processor.py:179} INFO - Processing /opt/airflow/dags/S3_UPLOAD_DAG.py took 0.077 seconds
[2026-06-07T20:07:43.471+0000] {processor.py:157} INFO - Started process (PID=721) to work on /opt/airflow/dags/S3_UPLOAD_DAG.py
[2026-06-07T20:07:43.480+0000] {processor.py:829} INFO - Processing file /opt/airflow/dags/S3_UPLOAD_DAG.py for tasks to queue
[2026-06-07T20:07:43.480+0000] {logging_mixin.py:154} INFO - [2026-06-07T20:07:43.480+0000] {dagbag.py:536} INFO - Filling up the DagBag from /opt/airflow/dags/S3_UPLOAD_DAG.py
[2026-06-07T20:07:43.492+0000] {processor.py:839} INFO - DAG(s) dict_keys(['daily_vulnerability_ingestion']) retrieved from /opt/airflow/dags/S3_UPLOAD_DAG.py
[2026-06-07T20:07:43.512+0000] {logging_mixin.py:154} INFO - [2026-06-07T20:07:43.511+0000] {dag.py:2941} INFO - Sync 1 DAGs
[2026-06-07T20:07:43.527+0000] {logging_mixin.py:154} INFO - [2026-06-07T20:07:43.527+0000] {dag.py:3722} INFO - Setting next_dagrun for daily_vulnerability_ingestion to 2026-06-07T14:52:05.384041+00:00, run_after=2026-06-08T14:52:05.384041+00:00
[2026-06-07T20:07:43.540+0000] {processor.py:179} INFO - Processing /opt/airflow/dags/S3_UPLOAD_DAG.py took 0.074 seconds
[2026-06-07T20:08:13.675+0000] {processor.py:157} INFO - Started process (PID=734) to work on /opt/airflow/dags/S3_UPLOAD_DAG.py
[2026-06-07T20:08:13.676+0000] {processor.py:829} INFO - Processing file /opt/airflow/dags/S3_UPLOAD_DAG.py for tasks to queue
[2026-06-07T20:08:13.677+0000] {logging_mixin.py:154} INFO - [2026-06-07T20:08:13.677+0000] {dagbag.py:536} INFO - Filling up the DagBag from /opt/airflow/dags/S3_UPLOAD_DAG.py
[2026-06-07T20:08:13.690+0000] {processor.py:839} INFO - DAG(s) dict_keys(['daily_vulnerability_ingestion']) retrieved from /opt/airflow/dags/S3_UPLOAD_DAG.py
[2026-06-07T20:08:13.710+0000] {logging_mixin.py:154} INFO - [2026-06-07T20:08:13.710+0000] {dag.py:2941} INFO - Sync 1 DAGs
[2026-06-07T20:08:13.727+0000] {logging_mixin.py:154} INFO - [2026-06-07T20:08:13.727+0000] {dag.py:3722} INFO - Setting next_dagrun for daily_vulnerability_ingestion to 2026-06-07T14:52:05.384041+00:00, run_after=2026-06-08T14:52:05.384041+00:00
[2026-06-07T20:08:13.740+0000] {processor.py:179} INFO - Processing /opt/airflow/dags/S3_UPLOAD_DAG.py took 0.069 seconds
[2026-06-07T20:08:43.877+0000] {processor.py:157} INFO - Started process (PID=739) to work on /opt/airflow/dags/S3_UPLOAD_DAG.py
[2026-06-07T20:08:43.877+0000] {processor.py:829} INFO - Processing file /opt/airflow/dags/S3_UPLOAD_DAG.py for tasks to queue
[2026-06-07T20:08:43.878+0000] {logging_mixin.py:154} INFO - [2026-06-07T20:08:43.878+0000] {dagbag.py:536} INFO - Filling up the DagBag from /opt/airflow/dags/S3_UPLOAD_DAG.py
[2026-06-07T20:08:43.892+0000] {processor.py:839} INFO - DAG(s) dict_keys(['daily_vulnerability_ingestion']) retrieved from /opt/airflow/dags/S3_UPLOAD_DAG.py
[2026-06-07T20:08:43.912+0000] {logging_mixin.py:154} INFO - [2026-06-07T20:08:43.912+0000] {dag.py:2941} INFO - Sync 1 DAGs
[2026-06-07T20:08:43.929+0000] {logging_mixin.py:154} INFO - [2026-06-07T20:08:43.929+0000] {dag.py:3722} INFO - Setting next_dagrun for daily_vulnerability_ingestion to 2026-06-07T14:52:05.384041+00:00, run_after=2026-06-08T14:52:05.384041+00:00
[2026-06-07T20:08:43.941+0000] {processor.py:179} INFO - Processing /opt/airflow/dags/S3_UPLOAD_DAG.py took 0.069 seconds
[2026-06-07T20:09:14.052+0000] {processor.py:157} INFO - Started process (PID=748) to work on /opt/airflow/dags/S3_UPLOAD_DAG.py
[2026-06-07T20:09:14.053+0000] {processor.py:829} INFO - Processing file /opt/airflow/dags/S3_UPLOAD_DAG.py for tasks to queue
[2026-06-07T20:09:14.054+0000] {logging_mixin.py:154} INFO - [2026-06-07T20:09:14.053+0000] {dagbag.py:536} INFO - Filling up the DagBag from /opt/airflow/dags/S3_UPLOAD_DAG.py
[2026-06-07T20:09:14.071+0000] {processor.py:839} INFO - DAG(s) dict_keys(['daily_vulnerability_ingestion']) retrieved from /opt/airflow/dags/S3_UPLOAD_DAG.py
[2026-06-07T20:09:14.092+0000] {logging_mixin.py:154} INFO - [2026-06-07T20:09:14.092+0000] {dag.py:2941} INFO - Sync 1 DAGs
[2026-06-07T20:09:14.108+0000] {logging_mixin.py:154} INFO - [2026-06-07T20:09:14.108+0000] {dag.py:3722} INFO - Setting next_dagrun for daily_vulnerability_ingestion to 2026-06-07T14:52:05.384041+00:00, run_after=2026-06-08T14:52:05.384041+00:00
[2026-06-07T20:09:14.124+0000] {processor.py:179} INFO - Processing /opt/airflow/dags/S3_UPLOAD_DAG.py took 0.076 seconds
[2026-06-07T20:09:44.232+0000] {processor.py:157} INFO - Started process (PID=753) to work on /opt/airflow/dags/S3_UPLOAD_DAG.py
[2026-06-07T20:09:44.241+0000] {processor.py:829} INFO - Processing file /opt/airflow/dags/S3_UPLOAD_DAG.py for tasks to queue
[2026-06-07T20:09:44.242+0000] {logging_mixin.py:154} INFO - [2026-06-07T20:09:44.242+0000] {dagbag.py:536} INFO - Filling up the DagBag from /opt/airflow/dags/S3_UPLOAD_DAG.py
[2026-06-07T20:09:44.264+0000] {processor.py:839} INFO - DAG(s) dict_keys(['daily_vulnerability_ingestion']) retrieved from /opt/airflow/dags/S3_UPLOAD_DAG.py
[2026-06-07T20:09:44.285+0000] {logging_mixin.py:154} INFO - [2026-06-07T20:09:44.285+0000] {dag.py:2941} INFO - Sync 1 DAGs
[2026-06-07T20:09:44.304+0000] {logging_mixin.py:154} INFO - [2026-06-07T20:09:44.304+0000] {dag.py:3722} INFO - Setting next_dagrun for daily_vulnerability_ingestion to 2026-06-07T14:52:05.384041+00:00, run_after=2026-06-08T14:52:05.384041+00:00
[2026-06-07T20:09:44.318+0000] {processor.py:179} INFO - Processing /opt/airflow/dags/S3_UPLOAD_DAG.py took 0.090 seconds
[2026-06-07T20:10:14.433+0000] {processor.py:157} INFO - Started process (PID=758) to work on /opt/airflow/dags/S3_UPLOAD_DAG.py
[2026-06-07T20:10:14.434+0000] {processor.py:829} INFO - Processing file /opt/airflow/dags/S3_UPLOAD_DAG.py for tasks to queue
[2026-06-07T20:10:14.434+0000] {logging_mixin.py:154} INFO - [2026-06-07T20:10:14.434+0000] {dagbag.py:536} INFO - Filling up the DagBag from /opt/airflow/dags/S3_UPLOAD_DAG.py
[2026-06-07T20:10:14.449+0000] {processor.py:839} INFO - DAG(s) dict_keys(['daily_vulnerability_ingestion']) retrieved from /opt/airflow/dags/S3_UPLOAD_DAG.py
[2026-06-07T20:10:14.468+0000] {logging_mixin.py:154} INFO - [2026-06-07T20:10:14.468+0000] {dag.py:2941} INFO - Sync 1 DAGs
[2026-06-07T20:10:14.486+0000] {logging_mixin.py:154} INFO - [2026-06-07T20:10:14.486+0000] {dag.py:3722} INFO - Setting next_dagrun for daily_vulnerability_ingestion to 2026-06-07T14:52:05.384041+00:00, run_after=2026-06-08T14:52:05.384041+00:00
[2026-06-07T20:10:14.500+0000] {processor.py:179} INFO - Processing /opt/airflow/dags/S3_UPLOAD_DAG.py took 0.071 seconds
[2026-06-07T20:10:44.705+0000] {processor.py:157} INFO - Started process (PID=763) to work on /opt/airflow/dags/S3_UPLOAD_DAG.py
[2026-06-07T20:10:44.707+0000] {processor.py:829} INFO - Processing file /opt/airflow/dags/S3_UPLOAD_DAG.py for tasks to queue
[2026-06-07T20:10:44.709+0000] {logging_mixin.py:154} INFO - [2026-06-07T20:10:44.709+0000] {dagbag.py:536} INFO - Filling up the DagBag from /opt/airflow/dags/S3_UPLOAD_DAG.py
[2026-06-07T20:10:44.758+0000] {processor.py:839} INFO - DAG(s) dict_keys(['daily_vulnerability_ingestion']) retrieved from /opt/airflow/dags/S3_UPLOAD_DAG.py
[2026-06-07T20:10:44.789+0000] {logging_mixin.py:154} INFO - [2026-06-07T20:10:44.789+0000] {dag.py:2941} INFO - Sync 1 DAGs
[2026-06-07T20:10:44.807+0000] {logging_mixin.py:154} INFO - [2026-06-07T20:10:44.807+0000] {dag.py:3722} INFO - Setting next_dagrun for daily_vulnerability_ingestion to 2026-06-07T14:52:05.384041+00:00, run_after=2026-06-08T14:52:05.384041+00:00
[2026-06-07T20:10:44.819+0000] {processor.py:179} INFO - Processing /opt/airflow/dags/S3_UPLOAD_DAG.py took 0.124 seconds
[2026-06-07T20:11:14.849+0000] {processor.py:157} INFO - Started process (PID=768) to work on /opt/airflow/dags/S3_UPLOAD_DAG.py
[2026-06-07T20:11:14.849+0000] {processor.py:829} INFO - Processing file /opt/airflow/dags/S3_UPLOAD_DAG.py for tasks to queue
[2026-06-07T20:11:14.850+0000] {logging_mixin.py:154} INFO - [2026-06-07T20:11:14.850+0000] {dagbag.py:536} INFO - Filling up the DagBag from /opt/airflow/dags/S3_UPLOAD_DAG.py
[2026-06-07T20:11:14.864+0000] {processor.py:839} INFO - DAG(s) dict_keys(['daily_vulnerability_ingestion']) retrieved from /opt/airflow/dags/S3_UPLOAD_DAG.py
[2026-06-07T20:11:14.889+0000] {logging_mixin.py:154} INFO - [2026-06-07T20:11:14.889+0000] {dag.py:2941} INFO - Sync 1 DAGs
[2026-06-07T20:11:14.913+0000] {logging_mixin.py:154} INFO - [2026-06-07T20:11:14.913+0000] {dag.py:3722} INFO - Setting next_dagrun for daily_vulnerability_ingestion to 2026-06-07T14:52:05.384041+00:00, run_after=2026-06-08T14:52:05.384041+00:00
[2026-06-07T20:11:14.931+0000] {processor.py:179} INFO - Processing /opt/airflow/dags/S3_UPLOAD_DAG.py took 0.086 seconds
[2026-06-07T20:11:45.029+0000] {processor.py:157} INFO - Started process (PID=773) to work on /opt/airflow/dags/S3_UPLOAD_DAG.py
[2026-06-07T20:11:45.038+0000] {processor.py:829} INFO - Processing file /opt/airflow/dags/S3_UPLOAD_DAG.py for tasks to queue
[2026-06-07T20:11:45.039+0000] {logging_mixin.py:154} INFO - [2026-06-07T20:11:45.039+0000] {dagbag.py:536} INFO - Filling up the DagBag from /opt/airflow/dags/S3_UPLOAD_DAG.py
[2026-06-07T20:11:45.051+0000] {processor.py:839} INFO - DAG(s) dict_keys(['daily_vulnerability_ingestion']) retrieved from /opt/airflow/dags/S3_UPLOAD_DAG.py
[2026-06-07T20:11:45.070+0000] {logging_mixin.py:154} INFO - [2026-06-07T20:11:45.070+0000] {dag.py:2941} INFO - Sync 1 DAGs
[2026-06-07T20:11:45.086+0000] {logging_mixin.py:154} INFO - [2026-06-07T20:11:45.086+0000] {dag.py:3722} INFO - Setting next_dagrun for daily_vulnerability_ingestion to 2026-06-07T14:52:05.384041+00:00, run_after=2026-06-08T14:52:05.384041+00:00
[2026-06-07T20:11:45.097+0000] {processor.py:179} INFO - Processing /opt/airflow/dags/S3_UPLOAD_DAG.py took 0.072 seconds
[2026-06-07T20:12:15.211+0000] {processor.py:157} INFO - Started process (PID=778) to work on /opt/airflow/dags/S3_UPLOAD_DAG.py
[2026-06-07T20:12:15.212+0000] {processor.py:829} INFO - Processing file /opt/airflow/dags/S3_UPLOAD_DAG.py for tasks to queue
[2026-06-07T20:12:15.212+0000] {logging_mixin.py:154} INFO - [2026-06-07T20:12:15.212+0000] {dagbag.py:536} INFO - Filling up the DagBag from /opt/airflow/dags/S3_UPLOAD_DAG.py
[2026-06-07T20:12:15.226+0000] {processor.py:839} INFO - DAG(s) dict_keys(['daily_vulnerability_ingestion']) retrieved from /opt/airflow/dags/S3_UPLOAD_DAG.py
[2026-06-07T20:12:15.246+0000] {logging_mixin.py:154} INFO - [2026-06-07T20:12:15.246+0000] {dag.py:2941} INFO - Sync 1 DAGs
[2026-06-07T20:12:15.265+0000] {logging_mixin.py:154} INFO - [2026-06-07T20:12:15.265+0000] {dag.py:3722} INFO - Setting next_dagrun for daily_vulnerability_ingestion to 2026-06-07T14:52:05.384041+00:00, run_after=2026-06-08T14:52:05.384041+00:00
[2026-06-07T20:12:15.279+0000] {processor.py:179} INFO - Processing /opt/airflow/dags/S3_UPLOAD_DAG.py took 0.071 seconds
[2026-06-07T20:12:45.428+0000] {processor.py:157} INFO - Started process (PID=783) to work on /opt/airflow/dags/S3_UPLOAD_DAG.py
[2026-06-07T20:12:45.437+0000] {processor.py:829} INFO - Processing file /opt/airflow/dags/S3_UPLOAD_DAG.py for tasks to queue
[2026-06-07T20:12:45.438+0000] {logging_mixin.py:154} INFO - [2026-06-07T20:12:45.438+0000] {dagbag.py:536} INFO - Filling up the DagBag from /opt/airflow/dags/S3_UPLOAD_DAG.py
[2026-06-07T20:12:45.456+0000] {processor.py:839} INFO - DAG(s) dict_keys(['daily_vulnerability_ingestion']) retrieved from /opt/airflow/dags/S3_UPLOAD_DAG.py
[2026-06-07T20:12:45.475+0000] {logging_mixin.py:154} INFO - [2026-06-07T20:12:45.474+0000] {dag.py:2941} INFO - Sync 1 DAGs
[2026-06-07T20:12:45.491+0000] {logging_mixin.py:154} INFO - [2026-06-07T20:12:45.491+0000] {dag.py:3722} INFO - Setting next_dagrun for daily_vulnerability_ingestion to 2026-06-07T14:52:05.384041+00:00, run_after=2026-06-08T14:52:05.384041+00:00
[2026-06-07T20:12:45.504+0000] {processor.py:179} INFO - Processing /opt/airflow/dags/S3_UPLOAD_DAG.py took 0.084 seconds
[2026-06-07T20:13:15.575+0000] {processor.py:157} INFO - Started process (PID=788) to work on /opt/airflow/dags/S3_UPLOAD_DAG.py
[2026-06-07T20:13:15.576+0000] {processor.py:829} INFO - Processing file /opt/airflow/dags/S3_UPLOAD_DAG.py for tasks to queue
[2026-06-07T20:13:15.577+0000] {logging_mixin.py:154} INFO - [2026-06-07T20:13:15.576+0000] {dagbag.py:536} INFO - Filling up the DagBag from /opt/airflow/dags/S3_UPLOAD_DAG.py
[2026-06-07T20:13:15.590+0000] {processor.py:839} INFO - DAG(s) dict_keys(['daily_vulnerability_ingestion']) retrieved from /opt/airflow/dags/S3_UPLOAD_DAG.py
[2026-06-07T20:13:15.609+0000] {logging_mixin.py:154} INFO - [2026-06-07T20:13:15.609+0000] {dag.py:2941} INFO - Sync 1 DAGs
[2026-06-07T20:13:15.625+0000] {logging_mixin.py:154} INFO - [2026-06-07T20:13:15.625+0000] {dag.py:3722} INFO - Setting next_dagrun for daily_vulnerability_ingestion to 2026-06-07T14:52:05.384041+00:00, run_after=2026-06-08T14:52:05.384041+00:00
[2026-06-07T20:13:15.638+0000] {processor.py:179} INFO - Processing /opt/airflow/dags/S3_UPLOAD_DAG.py took 0.066 seconds
[2026-06-07T20:13:45.774+0000] {processor.py:157} INFO - Started process (PID=793) to work on /opt/airflow/dags/S3_UPLOAD_DAG.py
[2026-06-07T20:13:45.775+0000] {processor.py:829} INFO - Processing file /opt/airflow/dags/S3_UPLOAD_DAG.py for tasks to queue
[2026-06-07T20:13:45.776+0000] {logging_mixin.py:154} INFO - [2026-06-07T20:13:45.776+0000] {dagbag.py:536} INFO - Filling up the DagBag from /opt/airflow/dags/S3_UPLOAD_DAG.py
[2026-06-07T20:13:45.795+0000] {processor.py:839} INFO - DAG(s) dict_keys(['daily_vulnerability_ingestion']) retrieved from /opt/airflow/dags/S3_UPLOAD_DAG.py
[2026-06-07T20:13:45.819+0000] {logging_mixin.py:154} INFO - [2026-06-07T20:13:45.819+0000] {dag.py:2941} INFO - Sync 1 DAGs
[2026-06-07T20:13:45.838+0000] {logging_mixin.py:154} INFO - [2026-06-07T20:13:45.838+0000] {dag.py:3722} INFO - Setting next_dagrun for daily_vulnerability_ingestion to 2026-06-07T14:52:05.384041+00:00, run_after=2026-06-08T14:52:05.384041+00:00
[2026-06-07T20:13:45.850+0000] {processor.py:179} INFO - Processing /opt/airflow/dags/S3_UPLOAD_DAG.py took 0.080 seconds
[2026-06-07T20:14:15.938+0000] {processor.py:157} INFO - Started process (PID=798) to work on /opt/airflow/dags/S3_UPLOAD_DAG.py
[2026-06-07T20:14:15.939+0000] {processor.py:829} INFO - Processing file /opt/airflow/dags/S3_UPLOAD_DAG.py for tasks to queue
[2026-06-07T20:14:15.940+0000] {logging_mixin.py:154} INFO - [2026-06-07T20:14:15.939+0000] {dagbag.py:536} INFO - Filling up the DagBag from /opt/airflow/dags/S3_UPLOAD_DAG.py
[2026-06-07T20:14:15.954+0000] {processor.py:839} INFO - DAG(s) dict_keys(['daily_vulnerability_ingestion']) retrieved from /opt/airflow/dags/S3_UPLOAD_DAG.py
[2026-06-07T20:14:15.974+0000] {logging_mixin.py:154} INFO - [2026-06-07T20:14:15.974+0000] {dag.py:2941} INFO - Sync 1 DAGs
[2026-06-07T20:14:15.990+0000] {logging_mixin.py:154} INFO - [2026-06-07T20:14:15.989+0000] {dag.py:3722} INFO - Setting next_dagrun for daily_vulnerability_ingestion to 2026-06-07T14:52:05.384041+00:00, run_after=2026-06-08T14:52:05.384041+00:00
[2026-06-07T20:14:16.002+0000] {processor.py:179} INFO - Processing /opt/airflow/dags/S3_UPLOAD_DAG.py took 0.067 seconds
[2026-06-07T20:14:46.161+0000] {processor.py:157} INFO - Started process (PID=803) to work on /opt/airflow/dags/S3_UPLOAD_DAG.py
[2026-06-07T20:14:46.171+0000] {processor.py:829} INFO - Processing file /opt/airflow/dags/S3_UPLOAD_DAG.py for tasks to queue
[2026-06-07T20:14:46.172+0000] {logging_mixin.py:154} INFO - [2026-06-07T20:14:46.172+0000] {dagbag.py:536} INFO - Filling up the DagBag from /opt/airflow/dags/S3_UPLOAD_DAG.py
[2026-06-07T20:14:46.196+0000] {processor.py:839} INFO - DAG(s) dict_keys(['daily_vulnerability_ingestion']) retrieved from /opt/airflow/dags/S3_UPLOAD_DAG.py
[2026-06-07T20:14:46.217+0000] {logging_mixin.py:154} INFO - [2026-06-07T20:14:46.217+0000] {dag.py:2941} INFO - Sync 1 DAGs
[2026-06-07T20:14:46.235+0000] {logging_mixin.py:154} INFO - [2026-06-07T20:14:46.235+0000] {dag.py:3722} INFO - Setting next_dagrun for daily_vulnerability_ingestion to 2026-06-07T14:52:05.384041+00:00, run_after=2026-06-08T14:52:05.384041+00:00
[2026-06-07T20:14:46.247+0000] {processor.py:179} INFO - Processing /opt/airflow/dags/S3_UPLOAD_DAG.py took 0.092 seconds
[2026-06-07T20:15:16.279+0000] {processor.py:157} INFO - Started process (PID=808) to work on /opt/airflow/dags/S3_UPLOAD_DAG.py
[2026-06-07T20:15:16.280+0000] {processor.py:829} INFO - Processing file /opt/airflow/dags/S3_UPLOAD_DAG.py for tasks to queue
[2026-06-07T20:15:16.281+0000] {logging_mixin.py:154} INFO - [2026-06-07T20:15:16.280+0000] {dagbag.py:536} INFO - Filling up the DagBag from /opt/airflow/dags/S3_UPLOAD_DAG.py
[2026-06-07T20:15:16.297+0000] {processor.py:839} INFO - DAG(s) dict_keys(['daily_vulnerability_ingestion']) retrieved from /opt/airflow/dags/S3_UPLOAD_DAG.py
[2026-06-07T20:15:16.318+0000] {logging_mixin.py:154} INFO - [2026-06-07T20:15:16.318+0000] {dag.py:2941} INFO - Sync 1 DAGs
[2026-06-07T20:15:16.338+0000] {logging_mixin.py:154} INFO - [2026-06-07T20:15:16.337+0000] {dag.py:3722} INFO - Setting next_dagrun for daily_vulnerability_ingestion to 2026-06-07T14:52:05.384041+00:00, run_after=2026-06-08T14:52:05.384041+00:00
[2026-06-07T20:15:16.354+0000] {processor.py:179} INFO - Processing /opt/airflow/dags/S3_UPLOAD_DAG.py took 0.077 seconds
[2026-06-07T20:15:46.473+0000] {processor.py:157} INFO - Started process (PID=813) to work on /opt/airflow/dags/S3_UPLOAD_DAG.py
[2026-06-07T20:15:46.482+0000] {processor.py:829} INFO - Processing file /opt/airflow/dags/S3_UPLOAD_DAG.py for tasks to queue
[2026-06-07T20:15:46.483+0000] {logging_mixin.py:154} INFO - [2026-06-07T20:15:46.482+0000] {dagbag.py:536} INFO - Filling up the DagBag from /opt/airflow/dags/S3_UPLOAD_DAG.py
[2026-06-07T20:15:46.495+0000] {processor.py:839} INFO - DAG(s) dict_keys(['daily_vulnerability_ingestion']) retrieved from /opt/airflow/dags/S3_UPLOAD_DAG.py
[2026-06-07T20:15:46.517+0000] {logging_mixin.py:154} INFO - [2026-06-07T20:15:46.517+0000] {dag.py:2941} INFO - Sync 1 DAGs
[2026-06-07T20:15:46.536+0000] {logging_mixin.py:154} INFO - [2026-06-07T20:15:46.535+0000] {dag.py:3722} INFO - Setting next_dagrun for daily_vulnerability_ingestion to 2026-06-07T14:52:05.384041+00:00, run_after=2026-06-08T14:52:05.384041+00:00
[2026-06-07T20:15:46.550+0000] {processor.py:179} INFO - Processing /opt/airflow/dags/S3_UPLOAD_DAG.py took 0.080 seconds
[2026-06-07T20:16:16.588+0000] {processor.py:157} INFO - Started process (PID=818) to work on /opt/airflow/dags/S3_UPLOAD_DAG.py
[2026-06-07T20:16:16.589+0000] {processor.py:829} INFO - Processing file /opt/airflow/dags/S3_UPLOAD_DAG.py for tasks to queue
[2026-06-07T20:16:16.589+0000] {logging_mixin.py:154} INFO - [2026-06-07T20:16:16.589+0000] {dagbag.py:536} INFO - Filling up the DagBag from /opt/airflow/dags/S3_UPLOAD_DAG.py
[2026-06-07T20:16:16.601+0000] {processor.py:839} INFO - DAG(s) dict_keys(['daily_vulnerability_ingestion']) retrieved from /opt/airflow/dags/S3_UPLOAD_DAG.py
[2026-06-07T20:16:16.622+0000] {logging_mixin.py:154} INFO - [2026-06-07T20:16:16.622+0000] {dag.py:2941} INFO - Sync 1 DAGs
[2026-06-07T20:16:16.641+0000] {logging_mixin.py:154} INFO - [2026-06-07T20:16:16.641+0000] {dag.py:3722} INFO - Setting next_dagrun for daily_vulnerability_ingestion to 2026-06-07T14:52:05.384041+00:00, run_after=2026-06-08T14:52:05.384041+00:00
[2026-06-07T20:16:16.654+0000] {processor.py:179} INFO - Processing /opt/airflow/dags/S3_UPLOAD_DAG.py took 0.069 seconds
[2026-06-07T20:16:46.807+0000] {processor.py:157} INFO - Started process (PID=823) to work on /opt/airflow/dags/S3_UPLOAD_DAG.py
[2026-06-07T20:16:46.815+0000] {processor.py:829} INFO - Processing file /opt/airflow/dags/S3_UPLOAD_DAG.py for tasks to queue
[2026-06-07T20:16:46.816+0000] {logging_mixin.py:154} INFO - [2026-06-07T20:16:46.816+0000] {dagbag.py:536} INFO - Filling up the DagBag from /opt/airflow/dags/S3_UPLOAD_DAG.py
[2026-06-07T20:16:46.829+0000] {processor.py:839} INFO - DAG(s) dict_keys(['daily_vulnerability_ingestion']) retrieved from /opt/airflow/dags/S3_UPLOAD_DAG.py
[2026-06-07T20:16:46.854+0000] {logging_mixin.py:154} INFO - [2026-06-07T20:16:46.854+0000] {dag.py:2941} INFO - Sync 1 DAGs
[2026-06-07T20:16:46.872+0000] {logging_mixin.py:154} INFO - [2026-06-07T20:16:46.872+0000] {dag.py:3722} INFO - Setting next_dagrun for daily_vulnerability_ingestion to 2026-06-07T14:52:05.384041+00:00, run_after=2026-06-08T14:52:05.384041+00:00
[2026-06-07T20:16:46.887+0000] {processor.py:179} INFO - Processing /opt/airflow/dags/S3_UPLOAD_DAG.py took 0.083 seconds
[2026-06-07T20:17:16.951+0000] {processor.py:157} INFO - Started process (PID=828) to work on /opt/airflow/dags/S3_UPLOAD_DAG.py
[2026-06-07T20:17:16.953+0000] {processor.py:829} INFO - Processing file /opt/airflow/dags/S3_UPLOAD_DAG.py for tasks to queue
[2026-06-07T20:17:16.954+0000] {logging_mixin.py:154} INFO - [2026-06-07T20:17:16.953+0000] {dagbag.py:536} INFO - Filling up the DagBag from /opt/airflow/dags/S3_UPLOAD_DAG.py
[2026-06-07T20:17:16.972+0000] {processor.py:839} INFO - DAG(s) dict_keys(['daily_vulnerability_ingestion']) retrieved from /opt/airflow/dags/S3_UPLOAD_DAG.py
[2026-06-07T20:17:16.993+0000] {logging_mixin.py:154} INFO - [2026-06-07T20:17:16.993+0000] {dag.py:2941} INFO - Sync 1 DAGs
[2026-06-07T20:17:17.010+0000] {logging_mixin.py:154} INFO - [2026-06-07T20:17:17.010+0000] {dag.py:3722} INFO - Setting next_dagrun for daily_vulnerability_ingestion to 2026-06-07T14:52:05.384041+00:00, run_after=2026-06-08T14:52:05.384041+00:00
[2026-06-07T20:17:17.025+0000] {processor.py:179} INFO - Processing /opt/airflow/dags/S3_UPLOAD_DAG.py took 0.081 seconds
[2026-06-07T20:17:47.110+0000] {processor.py:157} INFO - Started process (PID=833) to work on /opt/airflow/dags/S3_UPLOAD_DAG.py
[2026-06-07T20:17:47.119+0000] {processor.py:829} INFO - Processing file /opt/airflow/dags/S3_UPLOAD_DAG.py for tasks to queue
[2026-06-07T20:17:47.120+0000] {logging_mixin.py:154} INFO - [2026-06-07T20:17:47.120+0000] {dagbag.py:536} INFO - Filling up the DagBag from /opt/airflow/dags/S3_UPLOAD_DAG.py
[2026-06-07T20:17:47.132+0000] {processor.py:839} INFO - DAG(s) dict_keys(['daily_vulnerability_ingestion']) retrieved from /opt/airflow/dags/S3_UPLOAD_DAG.py
[2026-06-07T20:17:47.152+0000] {logging_mixin.py:154} INFO - [2026-06-07T20:17:47.152+0000] {dag.py:2941} INFO - Sync 1 DAGs
[2026-06-07T20:17:47.169+0000] {logging_mixin.py:154} INFO - [2026-06-07T20:17:47.169+0000] {dag.py:3722} INFO - Setting next_dagrun for daily_vulnerability_ingestion to 2026-06-07T14:52:05.384041+00:00, run_after=2026-06-08T14:52:05.384041+00:00
[2026-06-07T20:17:47.181+0000] {processor.py:179} INFO - Processing /opt/airflow/dags/S3_UPLOAD_DAG.py took 0.074 seconds
[2026-06-07T20:18:17.280+0000] {processor.py:157} INFO - Started process (PID=838) to work on /opt/airflow/dags/S3_UPLOAD_DAG.py
[2026-06-07T20:18:17.280+0000] {processor.py:829} INFO - Processing file /opt/airflow/dags/S3_UPLOAD_DAG.py for tasks to queue
[2026-06-07T20:18:17.282+0000] {logging_mixin.py:154} INFO - [2026-06-07T20:18:17.281+0000] {dagbag.py:536} INFO - Filling up the DagBag from /opt/airflow/dags/S3_UPLOAD_DAG.py
[2026-06-07T20:18:17.294+0000] {processor.py:839} INFO - DAG(s) dict_keys(['daily_vulnerability_ingestion']) retrieved from /opt/airflow/dags/S3_UPLOAD_DAG.py
[2026-06-07T20:18:17.315+0000] {logging_mixin.py:154} INFO - [2026-06-07T20:18:17.315+0000] {dag.py:2941} INFO - Sync 1 DAGs
[2026-06-07T20:18:17.333+0000] {logging_mixin.py:154} INFO - [2026-06-07T20:18:17.333+0000] {dag.py:3722} INFO - Setting next_dagrun for daily_vulnerability_ingestion to 2026-06-07T14:52:05.384041+00:00, run_after=2026-06-08T14:52:05.384041+00:00
[2026-06-07T20:18:17.346+0000] {processor.py:179} INFO - Processing /opt/airflow/dags/S3_UPLOAD_DAG.py took 0.070 seconds
[2026-06-07T20:18:47.445+0000] {processor.py:157} INFO - Started process (PID=843) to work on /opt/airflow/dags/S3_UPLOAD_DAG.py
[2026-06-07T20:18:47.446+0000] {processor.py:829} INFO - Processing file /opt/airflow/dags/S3_UPLOAD_DAG.py for tasks to queue
[2026-06-07T20:18:47.447+0000] {logging_mixin.py:154} INFO - [2026-06-07T20:18:47.447+0000] {dagbag.py:536} INFO - Filling up the DagBag from /opt/airflow/dags/S3_UPLOAD_DAG.py
[2026-06-07T20:18:47.460+0000] {processor.py:839} INFO - DAG(s) dict_keys(['daily_vulnerability_ingestion']) retrieved from /opt/airflow/dags/S3_UPLOAD_DAG.py
[2026-06-07T20:18:47.479+0000] {logging_mixin.py:154} INFO - [2026-06-07T20:18:47.479+0000] {dag.py:2941} INFO - Sync 1 DAGs
[2026-06-07T20:18:47.499+0000] {logging_mixin.py:154} INFO - [2026-06-07T20:18:47.499+0000] {dag.py:3722} INFO - Setting next_dagrun for daily_vulnerability_ingestion to 2026-06-07T14:52:05.384041+00:00, run_after=2026-06-08T14:52:05.384041+00:00
[2026-06-07T20:18:47.514+0000] {processor.py:179} INFO - Processing /opt/airflow/dags/S3_UPLOAD_DAG.py took 0.073 seconds
[2026-06-07T20:19:17.622+0000] {processor.py:157} INFO - Started process (PID=848) to work on /opt/airflow/dags/S3_UPLOAD_DAG.py
[2026-06-07T20:19:17.624+0000] {processor.py:829} INFO - Processing file /opt/airflow/dags/S3_UPLOAD_DAG.py for tasks to queue
[2026-06-07T20:19:17.625+0000] {logging_mixin.py:154} INFO - [2026-06-07T20:19:17.625+0000] {dagbag.py:536} INFO - Filling up the DagBag from /opt/airflow/dags/S3_UPLOAD_DAG.py
[2026-06-07T20:19:17.647+0000] {processor.py:839} INFO - DAG(s) dict_keys(['daily_vulnerability_ingestion']) retrieved from /opt/airflow/dags/S3_UPLOAD_DAG.py
[2026-06-07T20:19:17.669+0000] {logging_mixin.py:154} INFO - [2026-06-07T20:19:17.669+0000] {dag.py:2941} INFO - Sync 1 DAGs
[2026-06-07T20:19:17.686+0000] {logging_mixin.py:154} INFO - [2026-06-07T20:19:17.686+0000] {dag.py:3722} INFO - Setting next_dagrun for daily_vulnerability_ingestion to 2026-06-07T14:52:05.384041+00:00, run_after=2026-06-08T14:52:05.384041+00:00
[2026-06-07T20:19:17.701+0000] {processor.py:179} INFO - Processing /opt/airflow/dags/S3_UPLOAD_DAG.py took 0.086 seconds
[2026-06-07T20:19:47.756+0000] {processor.py:157} INFO - Started process (PID=853) to work on /opt/airflow/dags/S3_UPLOAD_DAG.py
[2026-06-07T20:19:47.756+0000] {processor.py:829} INFO - Processing file /opt/airflow/dags/S3_UPLOAD_DAG.py for tasks to queue
[2026-06-07T20:19:47.757+0000] {logging_mixin.py:154} INFO - [2026-06-07T20:19:47.757+0000] {dagbag.py:536} INFO - Filling up the DagBag from /opt/airflow/dags/S3_UPLOAD_DAG.py
[2026-06-07T20:19:47.768+0000] {processor.py:839} INFO - DAG(s) dict_keys(['daily_vulnerability_ingestion']) retrieved from /opt/airflow/dags/S3_UPLOAD_DAG.py
[2026-06-07T20:19:47.788+0000] {logging_mixin.py:154} INFO - [2026-06-07T20:19:47.788+0000] {dag.py:2941} INFO - Sync 1 DAGs
[2026-06-07T20:19:47.806+0000] {logging_mixin.py:154} INFO - [2026-06-07T20:19:47.806+0000] {dag.py:3722} INFO - Setting next_dagrun for daily_vulnerability_ingestion to 2026-06-07T14:52:05.384041+00:00, run_after=2026-06-08T14:52:05.384041+00:00
[2026-06-07T20:19:47.821+0000] {processor.py:179} INFO - Processing /opt/airflow/dags/S3_UPLOAD_DAG.py took 0.068 seconds
[2026-06-07T20:20:17.908+0000] {processor.py:157} INFO - Started process (PID=858) to work on /opt/airflow/dags/S3_UPLOAD_DAG.py
[2026-06-07T20:20:17.908+0000] {processor.py:829} INFO - Processing file /opt/airflow/dags/S3_UPLOAD_DAG.py for tasks to queue
[2026-06-07T20:20:17.909+0000] {logging_mixin.py:154} INFO - [2026-06-07T20:20:17.909+0000] {dagbag.py:536} INFO - Filling up the DagBag from /opt/airflow/dags/S3_UPLOAD_DAG.py
[2026-06-07T20:20:17.923+0000] {processor.py:839} INFO - DAG(s) dict_keys(['daily_vulnerability_ingestion']) retrieved from /opt/airflow/dags/S3_UPLOAD_DAG.py
[2026-06-07T20:20:17.945+0000] {logging_mixin.py:154} INFO - [2026-06-07T20:20:17.945+0000] {dag.py:2941} INFO - Sync 1 DAGs
[2026-06-07T20:20:17.963+0000] {logging_mixin.py:154} INFO - [2026-06-07T20:20:17.963+0000] {dag.py:3722} INFO - Setting next_dagrun for daily_vulnerability_ingestion to 2026-06-07T14:52:05.384041+00:00, run_after=2026-06-08T14:52:05.384041+00:00
[2026-06-07T20:20:17.979+0000] {processor.py:179} INFO - Processing /opt/airflow/dags/S3_UPLOAD_DAG.py took 0.074 seconds
[2026-06-07T20:20:48.021+0000] {processor.py:157} INFO - Started process (PID=863) to work on /opt/airflow/dags/S3_UPLOAD_DAG.py
[2026-06-07T20:20:48.022+0000] {processor.py:829} INFO - Processing file /opt/airflow/dags/S3_UPLOAD_DAG.py for tasks to queue
[2026-06-07T20:20:48.022+0000] {logging_mixin.py:154} INFO - [2026-06-07T20:20:48.022+0000] {dagbag.py:536} INFO - Filling up the DagBag from /opt/airflow/dags/S3_UPLOAD_DAG.py
[2026-06-07T20:20:48.036+0000] {processor.py:839} INFO - DAG(s) dict_keys(['daily_vulnerability_ingestion']) retrieved from /opt/airflow/dags/S3_UPLOAD_DAG.py
[2026-06-07T20:20:48.056+0000] {logging_mixin.py:154} INFO - [2026-06-07T20:20:48.056+0000] {dag.py:2941} INFO - Sync 1 DAGs
[2026-06-07T20:20:48.076+0000] {logging_mixin.py:154} INFO - [2026-06-07T20:20:48.076+0000] {dag.py:3722} INFO - Setting next_dagrun for daily_vulnerability_ingestion to 2026-06-07T14:52:05.384041+00:00, run_after=2026-06-08T14:52:05.384041+00:00
[2026-06-07T20:20:48.090+0000] {processor.py:179} INFO - Processing /opt/airflow/dags/S3_UPLOAD_DAG.py took 0.072 seconds
[2026-06-07T20:21:18.193+0000] {processor.py:157} INFO - Started process (PID=868) to work on /opt/airflow/dags/S3_UPLOAD_DAG.py
[2026-06-07T20:21:18.193+0000] {processor.py:829} INFO - Processing file /opt/airflow/dags/S3_UPLOAD_DAG.py for tasks to queue
[2026-06-07T20:21:18.194+0000] {logging_mixin.py:154} INFO - [2026-06-07T20:21:18.194+0000] {dagbag.py:536} INFO - Filling up the DagBag from /opt/airflow/dags/S3_UPLOAD_DAG.py
[2026-06-07T20:21:18.208+0000] {processor.py:839} INFO - DAG(s) dict_keys(['daily_vulnerability_ingestion']) retrieved from /opt/airflow/dags/S3_UPLOAD_DAG.py
[2026-06-07T20:21:18.230+0000] {logging_mixin.py:154} INFO - [2026-06-07T20:21:18.230+0000] {dag.py:2941} INFO - Sync 1 DAGs
[2026-06-07T20:21:18.247+0000] {logging_mixin.py:154} INFO - [2026-06-07T20:21:18.247+0000] {dag.py:3722} INFO - Setting next_dagrun for daily_vulnerability_ingestion to 2026-06-07T14:52:05.384041+00:00, run_after=2026-06-08T14:52:05.384041+00:00
[2026-06-07T20:21:18.262+0000] {processor.py:179} INFO - Processing /opt/airflow/dags/S3_UPLOAD_DAG.py took 0.073 seconds
[2026-06-07T20:21:48.336+0000] {processor.py:157} INFO - Started process (PID=873) to work on /opt/airflow/dags/S3_UPLOAD_DAG.py
[2026-06-07T20:21:48.345+0000] {processor.py:829} INFO - Processing file /opt/airflow/dags/S3_UPLOAD_DAG.py for tasks to queue
[2026-06-07T20:21:48.346+0000] {logging_mixin.py:154} INFO - [2026-06-07T20:21:48.345+0000] {dagbag.py:536} INFO - Filling up the DagBag from /opt/airflow/dags/S3_UPLOAD_DAG.py
[2026-06-07T20:21:48.358+0000] {processor.py:839} INFO - DAG(s) dict_keys(['daily_vulnerability_ingestion']) retrieved from /opt/airflow/dags/S3_UPLOAD_DAG.py
[2026-06-07T20:21:48.378+0000] {logging_mixin.py:154} INFO - [2026-06-07T20:21:48.377+0000] {dag.py:2941} INFO - Sync 1 DAGs
[2026-06-07T20:21:48.396+0000] {logging_mixin.py:154} INFO - [2026-06-07T20:21:48.396+0000] {dag.py:3722} INFO - Setting next_dagrun for daily_vulnerability_ingestion to 2026-06-07T14:52:05.384041+00:00, run_after=2026-06-08T14:52:05.384041+00:00
[2026-06-07T20:21:48.412+0000] {processor.py:179} INFO - Processing /opt/airflow/dags/S3_UPLOAD_DAG.py took 0.078 seconds
[2026-06-07T20:22:18.497+0000] {processor.py:157} INFO - Started process (PID=878) to work on /opt/airflow/dags/S3_UPLOAD_DAG.py
[2026-06-07T20:22:18.498+0000] {processor.py:829} INFO - Processing file /opt/airflow/dags/S3_UPLOAD_DAG.py for tasks to queue
[2026-06-07T20:22:18.498+0000] {logging_mixin.py:154} INFO - [2026-06-07T20:22:18.498+0000] {dagbag.py:536} INFO - Filling up the DagBag from /opt/airflow/dags/S3_UPLOAD_DAG.py
[2026-06-07T20:22:18.511+0000] {processor.py:839} INFO - DAG(s) dict_keys(['daily_vulnerability_ingestion']) retrieved from /opt/airflow/dags/S3_UPLOAD_DAG.py
[2026-06-07T20:22:18.533+0000] {logging_mixin.py:154} INFO - [2026-06-07T20:22:18.533+0000] {dag.py:2941} INFO - Sync 1 DAGs
[2026-06-07T20:22:18.552+0000] {logging_mixin.py:154} INFO - [2026-06-07T20:22:18.552+0000] {dag.py:3722} INFO - Setting next_dagrun for daily_vulnerability_ingestion to 2026-06-07T14:52:05.384041+00:00, run_after=2026-06-08T14:52:05.384041+00:00
[2026-06-07T20:22:18.567+0000] {processor.py:179} INFO - Processing /opt/airflow/dags/S3_UPLOAD_DAG.py took 0.073 seconds
[2026-06-07T20:22:48.601+0000] {processor.py:157} INFO - Started process (PID=883) to work on /opt/airflow/dags/S3_UPLOAD_DAG.py
[2026-06-07T20:22:48.610+0000] {processor.py:829} INFO - Processing file /opt/airflow/dags/S3_UPLOAD_DAG.py for tasks to queue
[2026-06-07T20:22:48.611+0000] {logging_mixin.py:154} INFO - [2026-06-07T20:22:48.611+0000] {dagbag.py:536} INFO - Filling up the DagBag from /opt/airflow/dags/S3_UPLOAD_DAG.py
[2026-06-07T20:22:48.623+0000] {processor.py:839} INFO - DAG(s) dict_keys(['daily_vulnerability_ingestion']) retrieved from /opt/airflow/dags/S3_UPLOAD_DAG.py
[2026-06-07T20:22:48.644+0000] {logging_mixin.py:154} INFO - [2026-06-07T20:22:48.644+0000] {dag.py:2941} INFO - Sync 1 DAGs
[2026-06-07T20:22:48.661+0000] {logging_mixin.py:154} INFO - [2026-06-07T20:22:48.661+0000] {dag.py:3722} INFO - Setting next_dagrun for daily_vulnerability_ingestion to 2026-06-07T14:52:05.384041+00:00, run_after=2026-06-08T14:52:05.384041+00:00
[2026-06-07T20:22:48.675+0000] {processor.py:179} INFO - Processing /opt/airflow/dags/S3_UPLOAD_DAG.py took 0.077 seconds
[2026-06-07T20:23:18.762+0000] {processor.py:157} INFO - Started process (PID=888) to work on /opt/airflow/dags/S3_UPLOAD_DAG.py
[2026-06-07T20:23:18.763+0000] {processor.py:829} INFO - Processing file /opt/airflow/dags/S3_UPLOAD_DAG.py for tasks to queue
[2026-06-07T20:23:18.763+0000] {logging_mixin.py:154} INFO - [2026-06-07T20:23:18.763+0000] {dagbag.py:536} INFO - Filling up the DagBag from /opt/airflow/dags/S3_UPLOAD_DAG.py
[2026-06-07T20:23:18.776+0000] {processor.py:839} INFO - DAG(s) dict_keys(['daily_vulnerability_ingestion']) retrieved from /opt/airflow/dags/S3_UPLOAD_DAG.py
[2026-06-07T20:23:18.794+0000] {logging_mixin.py:154} INFO - [2026-06-07T20:23:18.793+0000] {dag.py:2941} INFO - Sync 1 DAGs
[2026-06-07T20:23:18.809+0000] {logging_mixin.py:154} INFO - [2026-06-07T20:23:18.809+0000] {dag.py:3722} INFO - Setting next_dagrun for daily_vulnerability_ingestion to 2026-06-07T14:52:05.384041+00:00, run_after=2026-06-08T14:52:05.384041+00:00
[2026-06-07T20:23:18.822+0000] {processor.py:179} INFO - Processing /opt/airflow/dags/S3_UPLOAD_DAG.py took 0.063 seconds
[2026-06-07T20:23:48.910+0000] {processor.py:157} INFO - Started process (PID=893) to work on /opt/airflow/dags/S3_UPLOAD_DAG.py
[2026-06-07T20:23:48.919+0000] {processor.py:829} INFO - Processing file /opt/airflow/dags/S3_UPLOAD_DAG.py for tasks to queue
[2026-06-07T20:23:48.920+0000] {logging_mixin.py:154} INFO - [2026-06-07T20:23:48.919+0000] {dagbag.py:536} INFO - Filling up the DagBag from /opt/airflow/dags/S3_UPLOAD_DAG.py
[2026-06-07T20:23:48.933+0000] {processor.py:839} INFO - DAG(s) dict_keys(['daily_vulnerability_ingestion']) retrieved from /opt/airflow/dags/S3_UPLOAD_DAG.py
[2026-06-07T20:23:48.957+0000] {logging_mixin.py:154} INFO - [2026-06-07T20:23:48.957+0000] {dag.py:2941} INFO - Sync 1 DAGs
[2026-06-07T20:23:48.977+0000] {logging_mixin.py:154} INFO - [2026-06-07T20:23:48.976+0000] {dag.py:3722} INFO - Setting next_dagrun for daily_vulnerability_ingestion to 2026-06-07T14:52:05.384041+00:00, run_after=2026-06-08T14:52:05.384041+00:00
[2026-06-07T20:23:48.993+0000] {processor.py:179} INFO - Processing /opt/airflow/dags/S3_UPLOAD_DAG.py took 0.085 seconds
[2026-06-07T20:24:19.087+0000] {processor.py:157} INFO - Started process (PID=898) to work on /opt/airflow/dags/S3_UPLOAD_DAG.py
[2026-06-07T20:24:19.088+0000] {processor.py:829} INFO - Processing file /opt/airflow/dags/S3_UPLOAD_DAG.py for tasks to queue
[2026-06-07T20:24:19.089+0000] {logging_mixin.py:154} INFO - [2026-06-07T20:24:19.089+0000] {dagbag.py:536} INFO - Filling up the DagBag from /opt/airflow/dags/S3_UPLOAD_DAG.py
[2026-06-07T20:24:19.111+0000] {processor.py:839} INFO - DAG(s) dict_keys(['daily_vulnerability_ingestion']) retrieved from /opt/airflow/dags/S3_UPLOAD_DAG.py
[2026-06-07T20:24:19.133+0000] {logging_mixin.py:154} INFO - [2026-06-07T20:24:19.133+0000] {dag.py:2941} INFO - Sync 1 DAGs
[2026-06-07T20:24:19.152+0000] {logging_mixin.py:154} INFO - [2026-06-07T20:24:19.152+0000] {dag.py:3722} INFO - Setting next_dagrun for daily_vulnerability_ingestion to 2026-06-07T14:52:05.384041+00:00, run_after=2026-06-08T14:52:05.384041+00:00
[2026-06-07T20:24:19.166+0000] {processor.py:179} INFO - Processing /opt/airflow/dags/S3_UPLOAD_DAG.py took 0.084 seconds
[2026-06-07T20:24:49.273+0000] {processor.py:157} INFO - Started process (PID=903) to work on /opt/airflow/dags/S3_UPLOAD_DAG.py
[2026-06-07T20:24:49.282+0000] {processor.py:829} INFO - Processing file /opt/airflow/dags/S3_UPLOAD_DAG.py for tasks to queue
[2026-06-07T20:24:49.283+0000] {logging_mixin.py:154} INFO - [2026-06-07T20:24:49.282+0000] {dagbag.py:536} INFO - Filling up the DagBag from /opt/airflow/dags/S3_UPLOAD_DAG.py
[2026-06-07T20:24:49.294+0000] {processor.py:839} INFO - DAG(s) dict_keys(['daily_vulnerability_ingestion']) retrieved from /opt/airflow/dags/S3_UPLOAD_DAG.py
[2026-06-07T20:24:49.316+0000] {logging_mixin.py:154} INFO - [2026-06-07T20:24:49.315+0000] {dag.py:2941} INFO - Sync 1 DAGs
[2026-06-07T20:24:49.335+0000] {logging_mixin.py:154} INFO - [2026-06-07T20:24:49.335+0000] {dag.py:3722} INFO - Setting next_dagrun for daily_vulnerability_ingestion to 2026-06-07T14:52:05.384041+00:00, run_after=2026-06-08T14:52:05.384041+00:00
[2026-06-07T20:24:49.349+0000] {processor.py:179} INFO - Processing /opt/airflow/dags/S3_UPLOAD_DAG.py took 0.080 seconds
[2026-06-07T20:25:19.404+0000] {processor.py:157} INFO - Started process (PID=908) to work on /opt/airflow/dags/S3_UPLOAD_DAG.py
[2026-06-07T20:25:19.404+0000] {processor.py:829} INFO - Processing file /opt/airflow/dags/S3_UPLOAD_DAG.py for tasks to queue
[2026-06-07T20:25:19.405+0000] {logging_mixin.py:154} INFO - [2026-06-07T20:25:19.405+0000] {dagbag.py:536} INFO - Filling up the DagBag from /opt/airflow/dags/S3_UPLOAD_DAG.py
[2026-06-07T20:25:19.416+0000] {processor.py:839} INFO - DAG(s) dict_keys(['daily_vulnerability_ingestion']) retrieved from /opt/airflow/dags/S3_UPLOAD_DAG.py
[2026-06-07T20:25:19.435+0000] {logging_mixin.py:154} INFO - [2026-06-07T20:25:19.435+0000] {dag.py:2941} INFO - Sync 1 DAGs
[2026-06-07T20:25:19.451+0000] {logging_mixin.py:154} INFO - [2026-06-07T20:25:19.451+0000] {dag.py:3722} INFO - Setting next_dagrun for daily_vulnerability_ingestion to 2026-06-07T14:52:05.384041+00:00, run_after=2026-06-08T14:52:05.384041+00:00
[2026-06-07T20:25:19.464+0000] {processor.py:179} INFO - Processing /opt/airflow/dags/S3_UPLOAD_DAG.py took 0.063 seconds
[2026-06-07T20:25:49.585+0000] {processor.py:157} INFO - Started process (PID=913) to work on /opt/airflow/dags/S3_UPLOAD_DAG.py
[2026-06-07T20:25:49.593+0000] {processor.py:829} INFO - Processing file /opt/airflow/dags/S3_UPLOAD_DAG.py for tasks to queue
[2026-06-07T20:25:49.594+0000] {logging_mixin.py:154} INFO - [2026-06-07T20:25:49.594+0000] {dagbag.py:536} INFO - Filling up the DagBag from /opt/airflow/dags/S3_UPLOAD_DAG.py
[2026-06-07T20:25:49.608+0000] {processor.py:839} INFO - DAG(s) dict_keys(['daily_vulnerability_ingestion']) retrieved from /opt/airflow/dags/S3_UPLOAD_DAG.py
[2026-06-07T20:25:49.632+0000] {logging_mixin.py:154} INFO - [2026-06-07T20:25:49.631+0000] {dag.py:2941} INFO - Sync 1 DAGs
[2026-06-07T20:25:49.652+0000] {logging_mixin.py:154} INFO - [2026-06-07T20:25:49.652+0000] {dag.py:3722} INFO - Setting next_dagrun for daily_vulnerability_ingestion to 2026-06-07T14:52:05.384041+00:00, run_after=2026-06-08T14:52:05.384041+00:00
[2026-06-07T20:25:49.668+0000] {processor.py:179} INFO - Processing /opt/airflow/dags/S3_UPLOAD_DAG.py took 0.086 seconds
[2026-06-07T20:26:19.717+0000] {processor.py:157} INFO - Started process (PID=918) to work on /opt/airflow/dags/S3_UPLOAD_DAG.py
[2026-06-07T20:26:19.718+0000] {processor.py:829} INFO - Processing file /opt/airflow/dags/S3_UPLOAD_DAG.py for tasks to queue
[2026-06-07T20:26:19.718+0000] {logging_mixin.py:154} INFO - [2026-06-07T20:26:19.718+0000] {dagbag.py:536} INFO - Filling up the DagBag from /opt/airflow/dags/S3_UPLOAD_DAG.py
[2026-06-07T20:26:19.734+0000] {processor.py:839} INFO - DAG(s) dict_keys(['daily_vulnerability_ingestion']) retrieved from /opt/airflow/dags/S3_UPLOAD_DAG.py
[2026-06-07T20:26:19.756+0000] {logging_mixin.py:154} INFO - [2026-06-07T20:26:19.756+0000] {dag.py:2941} INFO - Sync 1 DAGs
[2026-06-07T20:26:19.775+0000] {logging_mixin.py:154} INFO - [2026-06-07T20:26:19.775+0000] {dag.py:3722} INFO - Setting next_dagrun for daily_vulnerability_ingestion to 2026-06-07T14:52:05.384041+00:00, run_after=2026-06-08T14:52:05.384041+00:00
[2026-06-07T20:26:19.789+0000] {processor.py:179} INFO - Processing /opt/airflow/dags/S3_UPLOAD_DAG.py took 0.075 seconds
[2026-06-07T20:26:49.922+0000] {processor.py:157} INFO - Started process (PID=923) to work on /opt/airflow/dags/S3_UPLOAD_DAG.py
[2026-06-07T20:26:49.923+0000] {processor.py:829} INFO - Processing file /opt/airflow/dags/S3_UPLOAD_DAG.py for tasks to queue
[2026-06-07T20:26:49.924+0000] {logging_mixin.py:154} INFO - [2026-06-07T20:26:49.924+0000] {dagbag.py:536} INFO - Filling up the DagBag from /opt/airflow/dags/S3_UPLOAD_DAG.py
[2026-06-07T20:26:49.939+0000] {processor.py:839} INFO - DAG(s) dict_keys(['daily_vulnerability_ingestion']) retrieved from /opt/airflow/dags/S3_UPLOAD_DAG.py
[2026-06-07T20:26:49.962+0000] {logging_mixin.py:154} INFO - [2026-06-07T20:26:49.962+0000] {dag.py:2941} INFO - Sync 1 DAGs
[2026-06-07T20:26:49.982+0000] {logging_mixin.py:154} INFO - [2026-06-07T20:26:49.981+0000] {dag.py:3722} INFO - Setting next_dagrun for daily_vulnerability_ingestion to 2026-06-07T14:52:05.384041+00:00, run_after=2026-06-08T14:52:05.384041+00:00
[2026-06-07T20:26:50.080+0000] {processor.py:179} INFO - Processing /opt/airflow/dags/S3_UPLOAD_DAG.py took 0.162 seconds
[2026-06-07T20:27:20.220+0000] {processor.py:157} INFO - Started process (PID=928) to work on /opt/airflow/dags/S3_UPLOAD_DAG.py
[2026-06-07T20:27:20.221+0000] {processor.py:829} INFO - Processing file /opt/airflow/dags/S3_UPLOAD_DAG.py for tasks to queue
[2026-06-07T20:27:20.221+0000] {logging_mixin.py:154} INFO - [2026-06-07T20:27:20.221+0000] {dagbag.py:536} INFO - Filling up the DagBag from /opt/airflow/dags/S3_UPLOAD_DAG.py
[2026-06-07T20:27:20.238+0000] {processor.py:839} INFO - DAG(s) dict_keys(['daily_vulnerability_ingestion']) retrieved from /opt/airflow/dags/S3_UPLOAD_DAG.py
[2026-06-07T20:27:20.256+0000] {logging_mixin.py:154} INFO - [2026-06-07T20:27:20.256+0000] {dag.py:2941} INFO - Sync 1 DAGs
[2026-06-07T20:27:20.273+0000] {logging_mixin.py:154} INFO - [2026-06-07T20:27:20.273+0000] {dag.py:3722} INFO - Setting next_dagrun for daily_vulnerability_ingestion to 2026-06-07T14:52:05.384041+00:00, run_after=2026-06-08T14:52:05.384041+00:00
[2026-06-07T20:27:20.287+0000] {processor.py:179} INFO - Processing /opt/airflow/dags/S3_UPLOAD_DAG.py took 0.072 seconds
[2026-06-07T20:27:50.344+0000] {processor.py:157} INFO - Started process (PID=933) to work on /opt/airflow/dags/S3_UPLOAD_DAG.py
[2026-06-07T20:27:50.345+0000] {processor.py:829} INFO - Processing file /opt/airflow/dags/S3_UPLOAD_DAG.py for tasks to queue
[2026-06-07T20:27:50.346+0000] {logging_mixin.py:154} INFO - [2026-06-07T20:27:50.346+0000] {dagbag.py:536} INFO - Filling up the DagBag from /opt/airflow/dags/S3_UPLOAD_DAG.py
[2026-06-07T20:27:50.361+0000] {processor.py:839} INFO - DAG(s) dict_keys(['daily_vulnerability_ingestion']) retrieved from /opt/airflow/dags/S3_UPLOAD_DAG.py
[2026-06-07T20:27:50.381+0000] {logging_mixin.py:154} INFO - [2026-06-07T20:27:50.381+0000] {dag.py:2941} INFO - Sync 1 DAGs
[2026-06-07T20:27:50.481+0000] {logging_mixin.py:154} INFO - [2026-06-07T20:27:50.481+0000] {dag.py:3722} INFO - Setting next_dagrun for daily_vulnerability_ingestion to 2026-06-07T14:52:05.384041+00:00, run_after=2026-06-08T14:52:05.384041+00:00
[2026-06-07T20:27:50.501+0000] {processor.py:179} INFO - Processing /opt/airflow/dags/S3_UPLOAD_DAG.py took 0.161 seconds
[2026-06-07T20:28:20.554+0000] {processor.py:157} INFO - Started process (PID=938) to work on /opt/airflow/dags/S3_UPLOAD_DAG.py
[2026-06-07T20:28:20.555+0000] {processor.py:829} INFO - Processing file /opt/airflow/dags/S3_UPLOAD_DAG.py for tasks to queue
[2026-06-07T20:28:20.556+0000] {logging_mixin.py:154} INFO - [2026-06-07T20:28:20.555+0000] {dagbag.py:536} INFO - Filling up the DagBag from /opt/airflow/dags/S3_UPLOAD_DAG.py
[2026-06-07T20:28:20.576+0000] {processor.py:839} INFO - DAG(s) dict_keys(['daily_vulnerability_ingestion']) retrieved from /opt/airflow/dags/S3_UPLOAD_DAG.py
[2026-06-07T20:28:20.596+0000] {logging_mixin.py:154} INFO - [2026-06-07T20:28:20.595+0000] {dag.py:2941} INFO - Sync 1 DAGs
[2026-06-07T20:28:20.612+0000] {logging_mixin.py:154} INFO - [2026-06-07T20:28:20.612+0000] {dag.py:3722} INFO - Setting next_dagrun for daily_vulnerability_ingestion to 2026-06-07T14:52:05.384041+00:00, run_after=2026-06-08T14:52:05.384041+00:00
[2026-06-07T20:28:20.625+0000] {processor.py:179} INFO - Processing /opt/airflow/dags/S3_UPLOAD_DAG.py took 0.075 seconds
[2026-06-07T20:28:50.744+0000] {processor.py:157} INFO - Started process (PID=943) to work on /opt/airflow/dags/S3_UPLOAD_DAG.py
[2026-06-07T20:28:50.753+0000] {processor.py:829} INFO - Processing file /opt/airflow/dags/S3_UPLOAD_DAG.py for tasks to queue
[2026-06-07T20:28:50.754+0000] {logging_mixin.py:154} INFO - [2026-06-07T20:28:50.754+0000] {dagbag.py:536} INFO - Filling up the DagBag from /opt/airflow/dags/S3_UPLOAD_DAG.py
[2026-06-07T20:28:50.773+0000] {processor.py:839} INFO - DAG(s) dict_keys(['daily_vulnerability_ingestion']) retrieved from /opt/airflow/dags/S3_UPLOAD_DAG.py
[2026-06-07T20:28:50.795+0000] {logging_mixin.py:154} INFO - [2026-06-07T20:28:50.795+0000] {dag.py:2941} INFO - Sync 1 DAGs
[2026-06-07T20:28:50.891+0000] {logging_mixin.py:154} INFO - [2026-06-07T20:28:50.890+0000] {dag.py:3722} INFO - Setting next_dagrun for daily_vulnerability_ingestion to 2026-06-07T14:52:05.384041+00:00, run_after=2026-06-08T14:52:05.384041+00:00
[2026-06-07T20:28:50.918+0000] {processor.py:179} INFO - Processing /opt/airflow/dags/S3_UPLOAD_DAG.py took 0.177 seconds
[2026-06-07T20:29:21.124+0000] {processor.py:157} INFO - Started process (PID=948) to work on /opt/airflow/dags/S3_UPLOAD_DAG.py
[2026-06-07T20:29:21.124+0000] {processor.py:829} INFO - Processing file /opt/airflow/dags/S3_UPLOAD_DAG.py for tasks to queue
[2026-06-07T20:29:21.125+0000] {logging_mixin.py:154} INFO - [2026-06-07T20:29:21.125+0000] {dagbag.py:536} INFO - Filling up the DagBag from /opt/airflow/dags/S3_UPLOAD_DAG.py
[2026-06-07T20:29:21.137+0000] {processor.py:839} INFO - DAG(s) dict_keys(['daily_vulnerability_ingestion']) retrieved from /opt/airflow/dags/S3_UPLOAD_DAG.py
[2026-06-07T20:29:21.159+0000] {logging_mixin.py:154} INFO - [2026-06-07T20:29:21.159+0000] {dag.py:2941} INFO - Sync 1 DAGs
[2026-06-07T20:29:21.177+0000] {logging_mixin.py:154} INFO - [2026-06-07T20:29:21.177+0000] {dag.py:3722} INFO - Setting next_dagrun for daily_vulnerability_ingestion to 2026-06-07T14:52:05.384041+00:00, run_after=2026-06-08T14:52:05.384041+00:00
[2026-06-07T20:29:21.193+0000] {processor.py:179} INFO - Processing /opt/airflow/dags/S3_UPLOAD_DAG.py took 0.072 seconds
[2026-06-07T20:29:51.251+0000] {processor.py:157} INFO - Started process (PID=953) to work on /opt/airflow/dags/S3_UPLOAD_DAG.py
[2026-06-07T20:29:51.260+0000] {processor.py:829} INFO - Processing file /opt/airflow/dags/S3_UPLOAD_DAG.py for tasks to queue
[2026-06-07T20:29:51.261+0000] {logging_mixin.py:154} INFO - [2026-06-07T20:29:51.260+0000] {dagbag.py:536} INFO - Filling up the DagBag from /opt/airflow/dags/S3_UPLOAD_DAG.py
[2026-06-07T20:29:51.274+0000] {processor.py:839} INFO - DAG(s) dict_keys(['daily_vulnerability_ingestion']) retrieved from /opt/airflow/dags/S3_UPLOAD_DAG.py
[2026-06-07T20:29:51.298+0000] {logging_mixin.py:154} INFO - [2026-06-07T20:29:51.298+0000] {dag.py:2941} INFO - Sync 1 DAGs
[2026-06-07T20:29:51.318+0000] {logging_mixin.py:154} INFO - [2026-06-07T20:29:51.318+0000] {dag.py:3722} INFO - Setting next_dagrun for daily_vulnerability_ingestion to 2026-06-07T14:52:05.384041+00:00, run_after=2026-06-08T14:52:05.384041+00:00
[2026-06-07T20:29:51.333+0000] {processor.py:179} INFO - Processing /opt/airflow/dags/S3_UPLOAD_DAG.py took 0.085 seconds
[2026-06-07T20:30:21.443+0000] {processor.py:157} INFO - Started process (PID=958) to work on /opt/airflow/dags/S3_UPLOAD_DAG.py
[2026-06-07T20:30:21.443+0000] {processor.py:829} INFO - Processing file /opt/airflow/dags/S3_UPLOAD_DAG.py for tasks to queue
[2026-06-07T20:30:21.444+0000] {logging_mixin.py:154} INFO - [2026-06-07T20:30:21.444+0000] {dagbag.py:536} INFO - Filling up the DagBag from /opt/airflow/dags/S3_UPLOAD_DAG.py
[2026-06-07T20:30:21.457+0000] {processor.py:839} INFO - DAG(s) dict_keys(['daily_vulnerability_ingestion']) retrieved from /opt/airflow/dags/S3_UPLOAD_DAG.py
[2026-06-07T20:30:21.479+0000] {logging_mixin.py:154} INFO - [2026-06-07T20:30:21.478+0000] {dag.py:2941} INFO - Sync 1 DAGs
[2026-06-07T20:30:21.497+0000] {logging_mixin.py:154} INFO - [2026-06-07T20:30:21.497+0000] {dag.py:3722} INFO - Setting next_dagrun for daily_vulnerability_ingestion to 2026-06-07T14:52:05.384041+00:00, run_after=2026-06-08T14:52:05.384041+00:00
[2026-06-07T20:30:21.513+0000] {processor.py:179} INFO - Processing /opt/airflow/dags/S3_UPLOAD_DAG.py took 0.073 seconds
[2026-06-07T20:30:51.584+0000] {processor.py:157} INFO - Started process (PID=963) to work on /opt/airflow/dags/S3_UPLOAD_DAG.py
[2026-06-07T20:30:51.585+0000] {processor.py:829} INFO - Processing file /opt/airflow/dags/S3_UPLOAD_DAG.py for tasks to queue
[2026-06-07T20:30:51.586+0000] {logging_mixin.py:154} INFO - [2026-06-07T20:30:51.586+0000] {dagbag.py:536} INFO - Filling up the DagBag from /opt/airflow/dags/S3_UPLOAD_DAG.py
[2026-06-07T20:30:51.607+0000] {processor.py:839} INFO - DAG(s) dict_keys(['daily_vulnerability_ingestion']) retrieved from /opt/airflow/dags/S3_UPLOAD_DAG.py
[2026-06-07T20:30:51.642+0000] {logging_mixin.py:154} INFO - [2026-06-07T20:30:51.641+0000] {dag.py:2941} INFO - Sync 1 DAGs
[2026-06-07T20:30:51.675+0000] {logging_mixin.py:154} INFO - [2026-06-07T20:30:51.675+0000] {dag.py:3722} INFO - Setting next_dagrun for daily_vulnerability_ingestion to 2026-06-07T14:52:05.384041+00:00, run_after=2026-06-08T14:52:05.384041+00:00
[2026-06-07T20:30:51.701+0000] {processor.py:179} INFO - Processing /opt/airflow/dags/S3_UPLOAD_DAG.py took 0.121 seconds
[2026-06-07T20:31:21.764+0000] {processor.py:157} INFO - Started process (PID=968) to work on /opt/airflow/dags/S3_UPLOAD_DAG.py
[2026-06-07T20:31:21.766+0000] {processor.py:829} INFO - Processing file /opt/airflow/dags/S3_UPLOAD_DAG.py for tasks to queue
[2026-06-07T20:31:21.767+0000] {logging_mixin.py:154} INFO - [2026-06-07T20:31:21.767+0000] {dagbag.py:536} INFO - Filling up the DagBag from /opt/airflow/dags/S3_UPLOAD_DAG.py
[2026-06-07T20:31:21.787+0000] {processor.py:839} INFO - DAG(s) dict_keys(['daily_vulnerability_ingestion']) retrieved from /opt/airflow/dags/S3_UPLOAD_DAG.py
[2026-06-07T20:31:21.808+0000] {logging_mixin.py:154} INFO - [2026-06-07T20:31:21.808+0000] {dag.py:2941} INFO - Sync 1 DAGs
[2026-06-07T20:31:21.825+0000] {logging_mixin.py:154} INFO - [2026-06-07T20:31:21.825+0000] {dag.py:3722} INFO - Setting next_dagrun for daily_vulnerability_ingestion to 2026-06-07T14:52:05.384041+00:00, run_after=2026-06-08T14:52:05.384041+00:00
[2026-06-07T20:31:21.837+0000] {processor.py:179} INFO - Processing /opt/airflow/dags/S3_UPLOAD_DAG.py took 0.081 seconds
[2026-06-07T20:31:51.977+0000] {processor.py:157} INFO - Started process (PID=973) to work on /opt/airflow/dags/S3_UPLOAD_DAG.py
[2026-06-07T20:31:51.986+0000] {processor.py:829} INFO - Processing file /opt/airflow/dags/S3_UPLOAD_DAG.py for tasks to queue
[2026-06-07T20:31:51.987+0000] {logging_mixin.py:154} INFO - [2026-06-07T20:31:51.986+0000] {dagbag.py:536} INFO - Filling up the DagBag from /opt/airflow/dags/S3_UPLOAD_DAG.py
[2026-06-07T20:31:52.000+0000] {processor.py:839} INFO - DAG(s) dict_keys(['daily_vulnerability_ingestion']) retrieved from /opt/airflow/dags/S3_UPLOAD_DAG.py
[2026-06-07T20:31:52.020+0000] {logging_mixin.py:154} INFO - [2026-06-07T20:31:52.020+0000] {dag.py:2941} INFO - Sync 1 DAGs
[2026-06-07T20:31:52.039+0000] {logging_mixin.py:154} INFO - [2026-06-07T20:31:52.039+0000] {dag.py:3722} INFO - Setting next_dagrun for daily_vulnerability_ingestion to 2026-06-07T14:52:05.384041+00:00, run_after=2026-06-08T14:52:05.384041+00:00
[2026-06-07T20:31:52.053+0000] {processor.py:179} INFO - Processing /opt/airflow/dags/S3_UPLOAD_DAG.py took 0.080 seconds
[2026-06-07T20:32:22.128+0000] {processor.py:157} INFO - Started process (PID=978) to work on /opt/airflow/dags/S3_UPLOAD_DAG.py
[2026-06-07T20:32:22.129+0000] {processor.py:829} INFO - Processing file /opt/airflow/dags/S3_UPLOAD_DAG.py for tasks to queue
[2026-06-07T20:32:22.130+0000] {logging_mixin.py:154} INFO - [2026-06-07T20:32:22.129+0000] {dagbag.py:536} INFO - Filling up the DagBag from /opt/airflow/dags/S3_UPLOAD_DAG.py
[2026-06-07T20:32:22.143+0000] {processor.py:839} INFO - DAG(s) dict_keys(['daily_vulnerability_ingestion']) retrieved from /opt/airflow/dags/S3_UPLOAD_DAG.py
[2026-06-07T20:32:22.168+0000] {logging_mixin.py:154} INFO - [2026-06-07T20:32:22.168+0000] {dag.py:2941} INFO - Sync 1 DAGs
[2026-06-07T20:32:22.187+0000] {logging_mixin.py:154} INFO - [2026-06-07T20:32:22.187+0000] {dag.py:3722} INFO - Setting next_dagrun for daily_vulnerability_ingestion to 2026-06-07T14:52:05.384041+00:00, run_after=2026-06-08T14:52:05.384041+00:00
[2026-06-07T20:32:22.202+0000] {processor.py:179} INFO - Processing /opt/airflow/dags/S3_UPLOAD_DAG.py took 0.076 seconds
[2026-06-07T20:32:52.339+0000] {processor.py:157} INFO - Started process (PID=983) to work on /opt/airflow/dags/S3_UPLOAD_DAG.py
[2026-06-07T20:32:52.339+0000] {processor.py:829} INFO - Processing file /opt/airflow/dags/S3_UPLOAD_DAG.py for tasks to queue
[2026-06-07T20:32:52.340+0000] {logging_mixin.py:154} INFO - [2026-06-07T20:32:52.340+0000] {dagbag.py:536} INFO - Filling up the DagBag from /opt/airflow/dags/S3_UPLOAD_DAG.py
[2026-06-07T20:32:52.355+0000] {processor.py:839} INFO - DAG(s) dict_keys(['daily_vulnerability_ingestion']) retrieved from /opt/airflow/dags/S3_UPLOAD_DAG.py
[2026-06-07T20:32:52.377+0000] {logging_mixin.py:154} INFO - [2026-06-07T20:32:52.376+0000] {dag.py:2941} INFO - Sync 1 DAGs
[2026-06-07T20:32:52.399+0000] {logging_mixin.py:154} INFO - [2026-06-07T20:32:52.399+0000] {dag.py:3722} INFO - Setting next_dagrun for daily_vulnerability_ingestion to 2026-06-07T14:52:05.384041+00:00, run_after=2026-06-08T14:52:05.384041+00:00
[2026-06-07T20:32:52.415+0000] {processor.py:179} INFO - Processing /opt/airflow/dags/S3_UPLOAD_DAG.py took 0.079 seconds
[2026-06-07T20:33:22.470+0000] {processor.py:157} INFO - Started process (PID=988) to work on /opt/airflow/dags/S3_UPLOAD_DAG.py
[2026-06-07T20:33:22.471+0000] {processor.py:829} INFO - Processing file /opt/airflow/dags/S3_UPLOAD_DAG.py for tasks to queue
[2026-06-07T20:33:22.471+0000] {logging_mixin.py:154} INFO - [2026-06-07T20:33:22.471+0000] {dagbag.py:536} INFO - Filling up the DagBag from /opt/airflow/dags/S3_UPLOAD_DAG.py
[2026-06-07T20:33:22.484+0000] {processor.py:839} INFO - DAG(s) dict_keys(['daily_vulnerability_ingestion']) retrieved from /opt/airflow/dags/S3_UPLOAD_DAG.py
[2026-06-07T20:33:22.509+0000] {logging_mixin.py:154} INFO - [2026-06-07T20:33:22.508+0000] {dag.py:2941} INFO - Sync 1 DAGs
[2026-06-07T20:33:22.528+0000] {logging_mixin.py:154} INFO - [2026-06-07T20:33:22.528+0000] {dag.py:3722} INFO - Setting next_dagrun for daily_vulnerability_ingestion to 2026-06-07T14:52:05.384041+00:00, run_after=2026-06-08T14:52:05.384041+00:00
[2026-06-07T20:33:22.540+0000] {processor.py:179} INFO - Processing /opt/airflow/dags/S3_UPLOAD_DAG.py took 0.073 seconds
[2026-06-07T20:33:52.657+0000] {processor.py:157} INFO - Started process (PID=993) to work on /opt/airflow/dags/S3_UPLOAD_DAG.py
[2026-06-07T20:33:52.666+0000] {processor.py:829} INFO - Processing file /opt/airflow/dags/S3_UPLOAD_DAG.py for tasks to queue
[2026-06-07T20:33:52.667+0000] {logging_mixin.py:154} INFO - [2026-06-07T20:33:52.667+0000] {dagbag.py:536} INFO - Filling up the DagBag from /opt/airflow/dags/S3_UPLOAD_DAG.py
[2026-06-07T20:33:52.681+0000] {processor.py:839} INFO - DAG(s) dict_keys(['daily_vulnerability_ingestion']) retrieved from /opt/airflow/dags/S3_UPLOAD_DAG.py
[2026-06-07T20:33:52.700+0000] {logging_mixin.py:154} INFO - [2026-06-07T20:33:52.700+0000] {dag.py:2941} INFO - Sync 1 DAGs
[2026-06-07T20:33:52.717+0000] {logging_mixin.py:154} INFO - [2026-06-07T20:33:52.717+0000] {dag.py:3722} INFO - Setting next_dagrun for daily_vulnerability_ingestion to 2026-06-07T14:52:05.384041+00:00, run_after=2026-06-08T14:52:05.384041+00:00
[2026-06-07T20:33:52.730+0000] {processor.py:179} INFO - Processing /opt/airflow/dags/S3_UPLOAD_DAG.py took 0.076 seconds
[2026-06-07T20:34:22.795+0000] {processor.py:157} INFO - Started process (PID=998) to work on /opt/airflow/dags/S3_UPLOAD_DAG.py
[2026-06-07T20:34:22.796+0000] {processor.py:829} INFO - Processing file /opt/airflow/dags/S3_UPLOAD_DAG.py for tasks to queue
[2026-06-07T20:34:22.797+0000] {logging_mixin.py:154} INFO - [2026-06-07T20:34:22.797+0000] {dagbag.py:536} INFO - Filling up the DagBag from /opt/airflow/dags/S3_UPLOAD_DAG.py
[2026-06-07T20:34:22.812+0000] {processor.py:839} INFO - DAG(s) dict_keys(['daily_vulnerability_ingestion']) retrieved from /opt/airflow/dags/S3_UPLOAD_DAG.py
[2026-06-07T20:34:22.834+0000] {logging_mixin.py:154} INFO - [2026-06-07T20:34:22.834+0000] {dag.py:2941} INFO - Sync 1 DAGs
[2026-06-07T20:34:22.852+0000] {logging_mixin.py:154} INFO - [2026-06-07T20:34:22.851+0000] {dag.py:3722} INFO - Setting next_dagrun for daily_vulnerability_ingestion to 2026-06-07T14:52:05.384041+00:00, run_after=2026-06-08T14:52:05.384041+00:00
[2026-06-07T20:34:22.867+0000] {processor.py:179} INFO - Processing /opt/airflow/dags/S3_UPLOAD_DAG.py took 0.075 seconds
[2026-06-07T20:34:52.948+0000] {processor.py:157} INFO - Started process (PID=1003) to work on /opt/airflow/dags/S3_UPLOAD_DAG.py
[2026-06-07T20:34:52.957+0000] {processor.py:829} INFO - Processing file /opt/airflow/dags/S3_UPLOAD_DAG.py for tasks to queue
[2026-06-07T20:34:52.957+0000] {logging_mixin.py:154} INFO - [2026-06-07T20:34:52.957+0000] {dagbag.py:536} INFO - Filling up the DagBag from /opt/airflow/dags/S3_UPLOAD_DAG.py
[2026-06-07T20:34:52.971+0000] {processor.py:839} INFO - DAG(s) dict_keys(['daily_vulnerability_ingestion']) retrieved from /opt/airflow/dags/S3_UPLOAD_DAG.py
[2026-06-07T20:34:52.993+0000] {logging_mixin.py:154} INFO - [2026-06-07T20:34:52.993+0000] {dag.py:2941} INFO - Sync 1 DAGs
[2026-06-07T20:34:53.013+0000] {logging_mixin.py:154} INFO - [2026-06-07T20:34:53.013+0000] {dag.py:3722} INFO - Setting next_dagrun for daily_vulnerability_ingestion to 2026-06-07T14:52:05.384041+00:00, run_after=2026-06-08T14:52:05.384041+00:00
[2026-06-07T20:34:53.029+0000] {processor.py:179} INFO - Processing /opt/airflow/dags/S3_UPLOAD_DAG.py took 0.084 seconds
[2026-06-07T20:35:23.153+0000] {processor.py:157} INFO - Started process (PID=1008) to work on /opt/airflow/dags/S3_UPLOAD_DAG.py
[2026-06-07T20:35:23.156+0000] {processor.py:829} INFO - Processing file /opt/airflow/dags/S3_UPLOAD_DAG.py for tasks to queue
[2026-06-07T20:35:23.158+0000] {logging_mixin.py:154} INFO - [2026-06-07T20:35:23.157+0000] {dagbag.py:536} INFO - Filling up the DagBag from /opt/airflow/dags/S3_UPLOAD_DAG.py
[2026-06-07T20:35:23.195+0000] {processor.py:839} INFO - DAG(s) dict_keys(['daily_vulnerability_ingestion']) retrieved from /opt/airflow/dags/S3_UPLOAD_DAG.py
[2026-06-07T20:35:23.223+0000] {logging_mixin.py:154} INFO - [2026-06-07T20:35:23.223+0000] {dag.py:2941} INFO - Sync 1 DAGs
[2026-06-07T20:35:23.242+0000] {logging_mixin.py:154} INFO - [2026-06-07T20:35:23.242+0000] {dag.py:3722} INFO - Setting next_dagrun for daily_vulnerability_ingestion to 2026-06-07T14:52:05.384041+00:00, run_after=2026-06-08T14:52:05.384041+00:00
[2026-06-07T20:35:23.272+0000] {processor.py:179} INFO - Processing /opt/airflow/dags/S3_UPLOAD_DAG.py took 0.133 seconds
[2026-06-07T20:35:53.301+0000] {processor.py:157} INFO - Started process (PID=1013) to work on /opt/airflow/dags/S3_UPLOAD_DAG.py
[2026-06-07T20:35:53.309+0000] {processor.py:829} INFO - Processing file /opt/airflow/dags/S3_UPLOAD_DAG.py for tasks to queue
[2026-06-07T20:35:53.310+0000] {logging_mixin.py:154} INFO - [2026-06-07T20:35:53.310+0000] {dagbag.py:536} INFO - Filling up the DagBag from /opt/airflow/dags/S3_UPLOAD_DAG.py
[2026-06-07T20:35:53.323+0000] {processor.py:839} INFO - DAG(s) dict_keys(['daily_vulnerability_ingestion']) retrieved from /opt/airflow/dags/S3_UPLOAD_DAG.py
[2026-06-07T20:35:53.346+0000] {logging_mixin.py:154} INFO - [2026-06-07T20:35:53.346+0000] {dag.py:2941} INFO - Sync 1 DAGs
[2026-06-07T20:35:53.363+0000] {logging_mixin.py:154} INFO - [2026-06-07T20:35:53.363+0000] {dag.py:3722} INFO - Setting next_dagrun for daily_vulnerability_ingestion to 2026-06-07T14:52:05.384041+00:00, run_after=2026-06-08T14:52:05.384041+00:00
[2026-06-07T20:35:53.377+0000] {processor.py:179} INFO - Processing /opt/airflow/dags/S3_UPLOAD_DAG.py took 0.080 seconds
[2026-06-07T20:36:23.419+0000] {processor.py:157} INFO - Started process (PID=1018) to work on /opt/airflow/dags/S3_UPLOAD_DAG.py
[2026-06-07T20:36:23.420+0000] {processor.py:829} INFO - Processing file /opt/airflow/dags/S3_UPLOAD_DAG.py for tasks to queue
[2026-06-07T20:36:23.421+0000] {logging_mixin.py:154} INFO - [2026-06-07T20:36:23.421+0000] {dagbag.py:536} INFO - Filling up the DagBag from /opt/airflow/dags/S3_UPLOAD_DAG.py
[2026-06-07T20:36:23.434+0000] {processor.py:839} INFO - DAG(s) dict_keys(['daily_vulnerability_ingestion']) retrieved from /opt/airflow/dags/S3_UPLOAD_DAG.py
[2026-06-07T20:36:23.457+0000] {logging_mixin.py:154} INFO - [2026-06-07T20:36:23.457+0000] {dag.py:2941} INFO - Sync 1 DAGs
[2026-06-07T20:36:23.478+0000] {logging_mixin.py:154} INFO - [2026-06-07T20:36:23.477+0000] {dag.py:3722} INFO - Setting next_dagrun for daily_vulnerability_ingestion to 2026-06-07T14:52:05.384041+00:00, run_after=2026-06-08T14:52:05.384041+00:00
[2026-06-07T20:36:23.495+0000] {processor.py:179} INFO - Processing /opt/airflow/dags/S3_UPLOAD_DAG.py took 0.079 seconds
[2026-06-07T20:36:53.629+0000] {processor.py:157} INFO - Started process (PID=1023) to work on /opt/airflow/dags/S3_UPLOAD_DAG.py
[2026-06-07T20:36:53.638+0000] {processor.py:829} INFO - Processing file /opt/airflow/dags/S3_UPLOAD_DAG.py for tasks to queue
[2026-06-07T20:36:53.639+0000] {logging_mixin.py:154} INFO - [2026-06-07T20:36:53.638+0000] {dagbag.py:536} INFO - Filling up the DagBag from /opt/airflow/dags/S3_UPLOAD_DAG.py
[2026-06-07T20:36:53.657+0000] {processor.py:839} INFO - DAG(s) dict_keys(['daily_vulnerability_ingestion']) retrieved from /opt/airflow/dags/S3_UPLOAD_DAG.py
[2026-06-07T20:36:53.676+0000] {logging_mixin.py:154} INFO - [2026-06-07T20:36:53.676+0000] {dag.py:2941} INFO - Sync 1 DAGs
[2026-06-07T20:36:53.693+0000] {logging_mixin.py:154} INFO - [2026-06-07T20:36:53.692+0000] {dag.py:3722} INFO - Setting next_dagrun for daily_vulnerability_ingestion to 2026-06-07T14:52:05.384041+00:00, run_after=2026-06-08T14:52:05.384041+00:00
[2026-06-07T20:36:53.706+0000] {processor.py:179} INFO - Processing /opt/airflow/dags/S3_UPLOAD_DAG.py took 0.082 seconds
[2026-06-07T20:37:23.746+0000] {processor.py:157} INFO - Started process (PID=1028) to work on /opt/airflow/dags/S3_UPLOAD_DAG.py
[2026-06-07T20:37:23.747+0000] {processor.py:829} INFO - Processing file /opt/airflow/dags/S3_UPLOAD_DAG.py for tasks to queue
[2026-06-07T20:37:23.748+0000] {logging_mixin.py:154} INFO - [2026-06-07T20:37:23.747+0000] {dagbag.py:536} INFO - Filling up the DagBag from /opt/airflow/dags/S3_UPLOAD_DAG.py
[2026-06-07T20:37:23.762+0000] {processor.py:839} INFO - DAG(s) dict_keys(['daily_vulnerability_ingestion']) retrieved from /opt/airflow/dags/S3_UPLOAD_DAG.py
[2026-06-07T20:37:23.785+0000] {logging_mixin.py:154} INFO - [2026-06-07T20:37:23.785+0000] {dag.py:2941} INFO - Sync 1 DAGs
[2026-06-07T20:37:23.805+0000] {logging_mixin.py:154} INFO - [2026-06-07T20:37:23.805+0000] {dag.py:3722} INFO - Setting next_dagrun for daily_vulnerability_ingestion to 2026-06-07T14:52:05.384041+00:00, run_after=2026-06-08T14:52:05.384041+00:00
[2026-06-07T20:37:23.820+0000] {processor.py:179} INFO - Processing /opt/airflow/dags/S3_UPLOAD_DAG.py took 0.077 seconds
[2026-06-07T20:37:53.913+0000] {processor.py:157} INFO - Started process (PID=1033) to work on /opt/airflow/dags/S3_UPLOAD_DAG.py
[2026-06-07T20:37:53.914+0000] {processor.py:829} INFO - Processing file /opt/airflow/dags/S3_UPLOAD_DAG.py for tasks to queue
[2026-06-07T20:37:53.914+0000] {logging_mixin.py:154} INFO - [2026-06-07T20:37:53.914+0000] {dagbag.py:536} INFO - Filling up the DagBag from /opt/airflow/dags/S3_UPLOAD_DAG.py
[2026-06-07T20:37:53.926+0000] {processor.py:839} INFO - DAG(s) dict_keys(['daily_vulnerability_ingestion']) retrieved from /opt/airflow/dags/S3_UPLOAD_DAG.py
[2026-06-07T20:37:53.948+0000] {logging_mixin.py:154} INFO - [2026-06-07T20:37:53.948+0000] {dag.py:2941} INFO - Sync 1 DAGs
[2026-06-07T20:37:53.967+0000] {logging_mixin.py:154} INFO - [2026-06-07T20:37:53.967+0000] {dag.py:3722} INFO - Setting next_dagrun for daily_vulnerability_ingestion to 2026-06-07T14:52:05.384041+00:00, run_after=2026-06-08T14:52:05.384041+00:00
[2026-06-07T20:37:53.984+0000] {processor.py:179} INFO - Processing /opt/airflow/dags/S3_UPLOAD_DAG.py took 0.074 seconds
[2026-06-07T20:38:24.046+0000] {processor.py:157} INFO - Started process (PID=1038) to work on /opt/airflow/dags/S3_UPLOAD_DAG.py
[2026-06-07T20:38:24.047+0000] {processor.py:829} INFO - Processing file /opt/airflow/dags/S3_UPLOAD_DAG.py for tasks to queue
[2026-06-07T20:38:24.048+0000] {logging_mixin.py:154} INFO - [2026-06-07T20:38:24.047+0000] {dagbag.py:536} INFO - Filling up the DagBag from /opt/airflow/dags/S3_UPLOAD_DAG.py
[2026-06-07T20:38:24.062+0000] {processor.py:839} INFO - DAG(s) dict_keys(['daily_vulnerability_ingestion']) retrieved from /opt/airflow/dags/S3_UPLOAD_DAG.py
[2026-06-07T20:38:24.086+0000] {logging_mixin.py:154} INFO - [2026-06-07T20:38:24.085+0000] {dag.py:2941} INFO - Sync 1 DAGs
[2026-06-07T20:38:24.106+0000] {logging_mixin.py:154} INFO - [2026-06-07T20:38:24.106+0000] {dag.py:3722} INFO - Setting next_dagrun for daily_vulnerability_ingestion to 2026-06-07T14:52:05.384041+00:00, run_after=2026-06-08T14:52:05.384041+00:00
[2026-06-07T20:38:24.122+0000] {processor.py:179} INFO - Processing /opt/airflow/dags/S3_UPLOAD_DAG.py took 0.080 seconds
[2026-06-07T20:38:54.221+0000] {processor.py:157} INFO - Started process (PID=1043) to work on /opt/airflow/dags/S3_UPLOAD_DAG.py
[2026-06-07T20:38:54.232+0000] {processor.py:829} INFO - Processing file /opt/airflow/dags/S3_UPLOAD_DAG.py for tasks to queue
[2026-06-07T20:38:54.233+0000] {logging_mixin.py:154} INFO - [2026-06-07T20:38:54.233+0000] {dagbag.py:536} INFO - Filling up the DagBag from /opt/airflow/dags/S3_UPLOAD_DAG.py
[2026-06-07T20:38:54.255+0000] {processor.py:839} INFO - DAG(s) dict_keys(['daily_vulnerability_ingestion']) retrieved from /opt/airflow/dags/S3_UPLOAD_DAG.py
[2026-06-07T20:38:54.283+0000] {logging_mixin.py:154} INFO - [2026-06-07T20:38:54.283+0000] {dag.py:2941} INFO - Sync 1 DAGs
[2026-06-07T20:38:54.301+0000] {logging_mixin.py:154} INFO - [2026-06-07T20:38:54.301+0000] {dag.py:3722} INFO - Setting next_dagrun for daily_vulnerability_ingestion to 2026-06-07T14:52:05.384041+00:00, run_after=2026-06-08T14:52:05.384041+00:00
[2026-06-07T20:38:54.318+0000] {processor.py:179} INFO - Processing /opt/airflow/dags/S3_UPLOAD_DAG.py took 0.100 seconds
[2026-06-07T20:39:24.378+0000] {processor.py:157} INFO - Started process (PID=1048) to work on /opt/airflow/dags/S3_UPLOAD_DAG.py
[2026-06-07T20:39:24.379+0000] {processor.py:829} INFO - Processing file /opt/airflow/dags/S3_UPLOAD_DAG.py for tasks to queue
[2026-06-07T20:39:24.380+0000] {logging_mixin.py:154} INFO - [2026-06-07T20:39:24.380+0000] {dagbag.py:536} INFO - Filling up the DagBag from /opt/airflow/dags/S3_UPLOAD_DAG.py
[2026-06-07T20:39:24.394+0000] {processor.py:839} INFO - DAG(s) dict_keys(['daily_vulnerability_ingestion']) retrieved from /opt/airflow/dags/S3_UPLOAD_DAG.py
[2026-06-07T20:39:24.414+0000] {logging_mixin.py:154} INFO - [2026-06-07T20:39:24.414+0000] {dag.py:2941} INFO - Sync 1 DAGs
[2026-06-07T20:39:24.430+0000] {logging_mixin.py:154} INFO - [2026-06-07T20:39:24.429+0000] {dag.py:3722} INFO - Setting next_dagrun for daily_vulnerability_ingestion to 2026-06-07T14:52:05.384041+00:00, run_after=2026-06-08T14:52:05.384041+00:00
[2026-06-07T20:39:24.441+0000] {processor.py:179} INFO - Processing /opt/airflow/dags/S3_UPLOAD_DAG.py took 0.068 seconds
[2026-06-07T20:39:54.610+0000] {processor.py:157} INFO - Started process (PID=1053) to work on /opt/airflow/dags/S3_UPLOAD_DAG.py
[2026-06-07T20:39:54.619+0000] {processor.py:829} INFO - Processing file /opt/airflow/dags/S3_UPLOAD_DAG.py for tasks to queue
[2026-06-07T20:39:54.619+0000] {logging_mixin.py:154} INFO - [2026-06-07T20:39:54.619+0000] {dagbag.py:536} INFO - Filling up the DagBag from /opt/airflow/dags/S3_UPLOAD_DAG.py
[2026-06-07T20:39:54.632+0000] {processor.py:839} INFO - DAG(s) dict_keys(['daily_vulnerability_ingestion']) retrieved from /opt/airflow/dags/S3_UPLOAD_DAG.py
[2026-06-07T20:39:54.652+0000] {logging_mixin.py:154} INFO - [2026-06-07T20:39:54.652+0000] {dag.py:2941} INFO - Sync 1 DAGs
[2026-06-07T20:39:54.670+0000] {logging_mixin.py:154} INFO - [2026-06-07T20:39:54.670+0000] {dag.py:3722} INFO - Setting next_dagrun for daily_vulnerability_ingestion to 2026-06-07T14:52:05.384041+00:00, run_after=2026-06-08T14:52:05.384041+00:00
[2026-06-07T20:39:54.684+0000] {processor.py:179} INFO - Processing /opt/airflow/dags/S3_UPLOAD_DAG.py took 0.078 seconds
[2026-06-07T20:40:24.729+0000] {processor.py:157} INFO - Started process (PID=1058) to work on /opt/airflow/dags/S3_UPLOAD_DAG.py
[2026-06-07T20:40:24.730+0000] {processor.py:829} INFO - Processing file /opt/airflow/dags/S3_UPLOAD_DAG.py for tasks to queue
[2026-06-07T20:40:24.730+0000] {logging_mixin.py:154} INFO - [2026-06-07T20:40:24.730+0000] {dagbag.py:536} INFO - Filling up the DagBag from /opt/airflow/dags/S3_UPLOAD_DAG.py
[2026-06-07T20:40:24.743+0000] {processor.py:839} INFO - DAG(s) dict_keys(['daily_vulnerability_ingestion']) retrieved from /opt/airflow/dags/S3_UPLOAD_DAG.py
[2026-06-07T20:40:24.762+0000] {logging_mixin.py:154} INFO - [2026-06-07T20:40:24.762+0000] {dag.py:2941} INFO - Sync 1 DAGs
[2026-06-07T20:40:24.782+0000] {logging_mixin.py:154} INFO - [2026-06-07T20:40:24.781+0000] {dag.py:3722} INFO - Setting next_dagrun for daily_vulnerability_ingestion to 2026-06-07T14:52:05.384041+00:00, run_after=2026-06-08T14:52:05.384041+00:00
[2026-06-07T20:40:24.797+0000] {processor.py:179} INFO - Processing /opt/airflow/dags/S3_UPLOAD_DAG.py took 0.071 seconds
[2026-06-07T20:40:54.941+0000] {processor.py:157} INFO - Started process (PID=1063) to work on /opt/airflow/dags/S3_UPLOAD_DAG.py
[2026-06-07T20:40:54.950+0000] {processor.py:829} INFO - Processing file /opt/airflow/dags/S3_UPLOAD_DAG.py for tasks to queue
[2026-06-07T20:40:54.951+0000] {logging_mixin.py:154} INFO - [2026-06-07T20:40:54.950+0000] {dagbag.py:536} INFO - Filling up the DagBag from /opt/airflow/dags/S3_UPLOAD_DAG.py
[2026-06-07T20:40:54.966+0000] {processor.py:839} INFO - DAG(s) dict_keys(['daily_vulnerability_ingestion']) retrieved from /opt/airflow/dags/S3_UPLOAD_DAG.py
[2026-06-07T20:40:54.986+0000] {logging_mixin.py:154} INFO - [2026-06-07T20:40:54.986+0000] {dag.py:2941} INFO - Sync 1 DAGs
[2026-06-07T20:40:55.003+0000] {logging_mixin.py:154} INFO - [2026-06-07T20:40:55.003+0000] {dag.py:3722} INFO - Setting next_dagrun for daily_vulnerability_ingestion to 2026-06-07T14:52:05.384041+00:00, run_after=2026-06-08T14:52:05.384041+00:00
[2026-06-07T20:40:55.017+0000] {processor.py:179} INFO - Processing /opt/airflow/dags/S3_UPLOAD_DAG.py took 0.080 seconds
[2026-06-07T20:41:25.065+0000] {processor.py:157} INFO - Started process (PID=1068) to work on /opt/airflow/dags/S3_UPLOAD_DAG.py
[2026-06-07T20:41:25.066+0000] {processor.py:829} INFO - Processing file /opt/airflow/dags/S3_UPLOAD_DAG.py for tasks to queue
[2026-06-07T20:41:25.067+0000] {logging_mixin.py:154} INFO - [2026-06-07T20:41:25.066+0000] {dagbag.py:536} INFO - Filling up the DagBag from /opt/airflow/dags/S3_UPLOAD_DAG.py
[2026-06-07T20:41:25.083+0000] {processor.py:839} INFO - DAG(s) dict_keys(['daily_vulnerability_ingestion']) retrieved from /opt/airflow/dags/S3_UPLOAD_DAG.py
[2026-06-07T20:41:25.111+0000] {logging_mixin.py:154} INFO - [2026-06-07T20:41:25.111+0000] {dag.py:2941} INFO - Sync 1 DAGs
[2026-06-07T20:41:25.130+0000] {logging_mixin.py:154} INFO - [2026-06-07T20:41:25.130+0000] {dag.py:3722} INFO - Setting next_dagrun for daily_vulnerability_ingestion to 2026-06-07T14:52:05.384041+00:00, run_after=2026-06-08T14:52:05.384041+00:00
[2026-06-07T20:41:25.147+0000] {processor.py:179} INFO - Processing /opt/airflow/dags/S3_UPLOAD_DAG.py took 0.086 seconds
[2026-06-07T20:41:55.253+0000] {processor.py:157} INFO - Started process (PID=1073) to work on /opt/airflow/dags/S3_UPLOAD_DAG.py
[2026-06-07T20:41:55.254+0000] {processor.py:829} INFO - Processing file /opt/airflow/dags/S3_UPLOAD_DAG.py for tasks to queue
[2026-06-07T20:41:55.255+0000] {logging_mixin.py:154} INFO - [2026-06-07T20:41:55.255+0000] {dagbag.py:536} INFO - Filling up the DagBag from /opt/airflow/dags/S3_UPLOAD_DAG.py
[2026-06-07T20:41:55.271+0000] {processor.py:839} INFO - DAG(s) dict_keys(['daily_vulnerability_ingestion']) retrieved from /opt/airflow/dags/S3_UPLOAD_DAG.py
[2026-06-07T20:41:55.292+0000] {logging_mixin.py:154} INFO - [2026-06-07T20:41:55.292+0000] {dag.py:2941} INFO - Sync 1 DAGs
[2026-06-07T20:41:55.310+0000] {logging_mixin.py:154} INFO - [2026-06-07T20:41:55.310+0000] {dag.py:3722} INFO - Setting next_dagrun for daily_vulnerability_ingestion to 2026-06-07T14:52:05.384041+00:00, run_after=2026-06-08T14:52:05.384041+00:00
[2026-06-07T20:41:55.325+0000] {processor.py:179} INFO - Processing /opt/airflow/dags/S3_UPLOAD_DAG.py took 0.076 seconds
[2026-06-07T20:42:25.376+0000] {processor.py:157} INFO - Started process (PID=1078) to work on /opt/airflow/dags/S3_UPLOAD_DAG.py
[2026-06-07T20:42:25.377+0000] {processor.py:829} INFO - Processing file /opt/airflow/dags/S3_UPLOAD_DAG.py for tasks to queue
[2026-06-07T20:42:25.378+0000] {logging_mixin.py:154} INFO - [2026-06-07T20:42:25.378+0000] {dagbag.py:536} INFO - Filling up the DagBag from /opt/airflow/dags/S3_UPLOAD_DAG.py
[2026-06-07T20:42:25.393+0000] {processor.py:839} INFO - DAG(s) dict_keys(['daily_vulnerability_ingestion']) retrieved from /opt/airflow/dags/S3_UPLOAD_DAG.py
[2026-06-07T20:42:25.416+0000] {logging_mixin.py:154} INFO - [2026-06-07T20:42:25.416+0000] {dag.py:2941} INFO - Sync 1 DAGs
[2026-06-07T20:42:25.434+0000] {logging_mixin.py:154} INFO - [2026-06-07T20:42:25.434+0000] {dag.py:3722} INFO - Setting next_dagrun for daily_vulnerability_ingestion to 2026-06-07T14:52:05.384041+00:00, run_after=2026-06-08T14:52:05.384041+00:00
[2026-06-07T20:42:25.453+0000] {processor.py:179} INFO - Processing /opt/airflow/dags/S3_UPLOAD_DAG.py took 0.079 seconds
[2026-06-07T20:42:55.545+0000] {processor.py:157} INFO - Started process (PID=1083) to work on /opt/airflow/dags/S3_UPLOAD_DAG.py
[2026-06-07T20:42:55.554+0000] {processor.py:829} INFO - Processing file /opt/airflow/dags/S3_UPLOAD_DAG.py for tasks to queue
[2026-06-07T20:42:55.555+0000] {logging_mixin.py:154} INFO - [2026-06-07T20:42:55.555+0000] {dagbag.py:536} INFO - Filling up the DagBag from /opt/airflow/dags/S3_UPLOAD_DAG.py
[2026-06-07T20:42:55.568+0000] {processor.py:839} INFO - DAG(s) dict_keys(['daily_vulnerability_ingestion']) retrieved from /opt/airflow/dags/S3_UPLOAD_DAG.py
[2026-06-07T20:42:55.588+0000] {logging_mixin.py:154} INFO - [2026-06-07T20:42:55.588+0000] {dag.py:2941} INFO - Sync 1 DAGs
[2026-06-07T20:42:55.607+0000] {logging_mixin.py:154} INFO - [2026-06-07T20:42:55.607+0000] {dag.py:3722} INFO - Setting next_dagrun for daily_vulnerability_ingestion to 2026-06-07T14:52:05.384041+00:00, run_after=2026-06-08T14:52:05.384041+00:00
[2026-06-07T20:42:55.622+0000] {processor.py:179} INFO - Processing /opt/airflow/dags/S3_UPLOAD_DAG.py took 0.081 seconds
[2026-06-07T20:43:25.687+0000] {processor.py:157} INFO - Started process (PID=1088) to work on /opt/airflow/dags/S3_UPLOAD_DAG.py
[2026-06-07T20:43:25.687+0000] {processor.py:829} INFO - Processing file /opt/airflow/dags/S3_UPLOAD_DAG.py for tasks to queue
[2026-06-07T20:43:25.689+0000] {logging_mixin.py:154} INFO - [2026-06-07T20:43:25.688+0000] {dagbag.py:536} INFO - Filling up the DagBag from /opt/airflow/dags/S3_UPLOAD_DAG.py
[2026-06-07T20:43:25.703+0000] {processor.py:839} INFO - DAG(s) dict_keys(['daily_vulnerability_ingestion']) retrieved from /opt/airflow/dags/S3_UPLOAD_DAG.py
[2026-06-07T20:43:25.724+0000] {logging_mixin.py:154} INFO - [2026-06-07T20:43:25.724+0000] {dag.py:2941} INFO - Sync 1 DAGs
[2026-06-07T20:43:25.742+0000] {logging_mixin.py:154} INFO - [2026-06-07T20:43:25.742+0000] {dag.py:3722} INFO - Setting next_dagrun for daily_vulnerability_ingestion to 2026-06-07T14:52:05.384041+00:00, run_after=2026-06-08T14:52:05.384041+00:00
[2026-06-07T20:43:25.755+0000] {processor.py:179} INFO - Processing /opt/airflow/dags/S3_UPLOAD_DAG.py took 0.073 seconds
[2026-06-07T20:43:55.866+0000] {processor.py:157} INFO - Started process (PID=1093) to work on /opt/airflow/dags/S3_UPLOAD_DAG.py
[2026-06-07T20:43:55.875+0000] {processor.py:829} INFO - Processing file /opt/airflow/dags/S3_UPLOAD_DAG.py for tasks to queue
[2026-06-07T20:43:55.876+0000] {logging_mixin.py:154} INFO - [2026-06-07T20:43:55.876+0000] {dagbag.py:536} INFO - Filling up the DagBag from /opt/airflow/dags/S3_UPLOAD_DAG.py
[2026-06-07T20:43:55.894+0000] {processor.py:839} INFO - DAG(s) dict_keys(['daily_vulnerability_ingestion']) retrieved from /opt/airflow/dags/S3_UPLOAD_DAG.py
[2026-06-07T20:43:55.915+0000] {logging_mixin.py:154} INFO - [2026-06-07T20:43:55.915+0000] {dag.py:2941} INFO - Sync 1 DAGs
[2026-06-07T20:43:55.932+0000] {logging_mixin.py:154} INFO - [2026-06-07T20:43:55.932+0000] {dag.py:3722} INFO - Setting next_dagrun for daily_vulnerability_ingestion to 2026-06-07T14:52:05.384041+00:00, run_after=2026-06-08T14:52:05.384041+00:00
[2026-06-07T20:43:55.946+0000] {processor.py:179} INFO - Processing /opt/airflow/dags/S3_UPLOAD_DAG.py took 0.083 seconds
[2026-06-07T20:44:26.010+0000] {processor.py:157} INFO - Started process (PID=1098) to work on /opt/airflow/dags/S3_UPLOAD_DAG.py
[2026-06-07T20:44:26.011+0000] {processor.py:829} INFO - Processing file /opt/airflow/dags/S3_UPLOAD_DAG.py for tasks to queue
[2026-06-07T20:44:26.012+0000] {logging_mixin.py:154} INFO - [2026-06-07T20:44:26.011+0000] {dagbag.py:536} INFO - Filling up the DagBag from /opt/airflow/dags/S3_UPLOAD_DAG.py
[2026-06-07T20:44:26.026+0000] {processor.py:839} INFO - DAG(s) dict_keys(['daily_vulnerability_ingestion']) retrieved from /opt/airflow/dags/S3_UPLOAD_DAG.py
[2026-06-07T20:44:26.047+0000] {logging_mixin.py:154} INFO - [2026-06-07T20:44:26.047+0000] {dag.py:2941} INFO - Sync 1 DAGs
[2026-06-07T20:44:26.063+0000] {logging_mixin.py:154} INFO - [2026-06-07T20:44:26.063+0000] {dag.py:3722} INFO - Setting next_dagrun for daily_vulnerability_ingestion to 2026-06-07T14:52:05.384041+00:00, run_after=2026-06-08T14:52:05.384041+00:00
[2026-06-07T20:44:26.076+0000] {processor.py:179} INFO - Processing /opt/airflow/dags/S3_UPLOAD_DAG.py took 0.070 seconds
[2026-06-07T20:44:56.167+0000] {processor.py:157} INFO - Started process (PID=1103) to work on /opt/airflow/dags/S3_UPLOAD_DAG.py
[2026-06-07T20:44:56.176+0000] {processor.py:829} INFO - Processing file /opt/airflow/dags/S3_UPLOAD_DAG.py for tasks to queue
[2026-06-07T20:44:56.179+0000] {logging_mixin.py:154} INFO - [2026-06-07T20:44:56.178+0000] {dagbag.py:536} INFO - Filling up the DagBag from /opt/airflow/dags/S3_UPLOAD_DAG.py
[2026-06-07T20:44:56.213+0000] {processor.py:839} INFO - DAG(s) dict_keys(['daily_vulnerability_ingestion']) retrieved from /opt/airflow/dags/S3_UPLOAD_DAG.py
[2026-06-07T20:44:56.235+0000] {logging_mixin.py:154} INFO - [2026-06-07T20:44:56.235+0000] {dag.py:2941} INFO - Sync 1 DAGs
[2026-06-07T20:44:56.251+0000] {logging_mixin.py:154} INFO - [2026-06-07T20:44:56.251+0000] {dag.py:3722} INFO - Setting next_dagrun for daily_vulnerability_ingestion to 2026-06-07T14:52:05.384041+00:00, run_after=2026-06-08T14:52:05.384041+00:00
[2026-06-07T20:44:56.274+0000] {processor.py:179} INFO - Processing /opt/airflow/dags/S3_UPLOAD_DAG.py took 0.109 seconds
[2026-06-07T20:45:26.305+0000] {processor.py:157} INFO - Started process (PID=1108) to work on /opt/airflow/dags/S3_UPLOAD_DAG.py
[2026-06-07T20:45:26.306+0000] {processor.py:829} INFO - Processing file /opt/airflow/dags/S3_UPLOAD_DAG.py for tasks to queue
[2026-06-07T20:45:26.307+0000] {logging_mixin.py:154} INFO - [2026-06-07T20:45:26.307+0000] {dagbag.py:536} INFO - Filling up the DagBag from /opt/airflow/dags/S3_UPLOAD_DAG.py
[2026-06-07T20:45:26.323+0000] {processor.py:839} INFO - DAG(s) dict_keys(['daily_vulnerability_ingestion']) retrieved from /opt/airflow/dags/S3_UPLOAD_DAG.py
[2026-06-07T20:45:26.346+0000] {logging_mixin.py:154} INFO - [2026-06-07T20:45:26.345+0000] {dag.py:2941} INFO - Sync 1 DAGs
[2026-06-07T20:45:26.364+0000] {logging_mixin.py:154} INFO - [2026-06-07T20:45:26.364+0000] {dag.py:3722} INFO - Setting next_dagrun for daily_vulnerability_ingestion to 2026-06-07T14:52:05.384041+00:00, run_after=2026-06-08T14:52:05.384041+00:00
[2026-06-07T20:45:26.376+0000] {processor.py:179} INFO - Processing /opt/airflow/dags/S3_UPLOAD_DAG.py took 0.074 seconds
[2026-06-07T20:45:56.466+0000] {processor.py:157} INFO - Started process (PID=1113) to work on /opt/airflow/dags/S3_UPLOAD_DAG.py
[2026-06-07T20:45:56.468+0000] {processor.py:829} INFO - Processing file /opt/airflow/dags/S3_UPLOAD_DAG.py for tasks to queue
[2026-06-07T20:45:56.469+0000] {logging_mixin.py:154} INFO - [2026-06-07T20:45:56.469+0000] {dagbag.py:536} INFO - Filling up the DagBag from /opt/airflow/dags/S3_UPLOAD_DAG.py
[2026-06-07T20:45:56.487+0000] {processor.py:839} INFO - DAG(s) dict_keys(['daily_vulnerability_ingestion']) retrieved from /opt/airflow/dags/S3_UPLOAD_DAG.py
[2026-06-07T20:45:56.511+0000] {logging_mixin.py:154} INFO - [2026-06-07T20:45:56.511+0000] {dag.py:2941} INFO - Sync 1 DAGs
[2026-06-07T20:45:56.531+0000] {logging_mixin.py:154} INFO - [2026-06-07T20:45:56.531+0000] {dag.py:3722} INFO - Setting next_dagrun for daily_vulnerability_ingestion to 2026-06-07T14:52:05.384041+00:00, run_after=2026-06-08T14:52:05.384041+00:00
[2026-06-07T20:45:56.546+0000] {processor.py:179} INFO - Processing /opt/airflow/dags/S3_UPLOAD_DAG.py took 0.084 seconds
[2026-06-07T20:46:26.628+0000] {processor.py:157} INFO - Started process (PID=1118) to work on /opt/airflow/dags/S3_UPLOAD_DAG.py
[2026-06-07T20:46:26.628+0000] {processor.py:829} INFO - Processing file /opt/airflow/dags/S3_UPLOAD_DAG.py for tasks to queue
[2026-06-07T20:46:26.629+0000] {logging_mixin.py:154} INFO - [2026-06-07T20:46:26.629+0000] {dagbag.py:536} INFO - Filling up the DagBag from /opt/airflow/dags/S3_UPLOAD_DAG.py
[2026-06-07T20:46:26.641+0000] {processor.py:839} INFO - DAG(s) dict_keys(['daily_vulnerability_ingestion']) retrieved from /opt/airflow/dags/S3_UPLOAD_DAG.py
[2026-06-07T20:46:26.660+0000] {logging_mixin.py:154} INFO - [2026-06-07T20:46:26.660+0000] {dag.py:2941} INFO - Sync 1 DAGs
[2026-06-07T20:46:26.677+0000] {logging_mixin.py:154} INFO - [2026-06-07T20:46:26.677+0000] {dag.py:3722} INFO - Setting next_dagrun for daily_vulnerability_ingestion to 2026-06-07T14:52:05.384041+00:00, run_after=2026-06-08T14:52:05.384041+00:00
[2026-06-07T20:46:26.692+0000] {processor.py:179} INFO - Processing /opt/airflow/dags/S3_UPLOAD_DAG.py took 0.068 seconds
[2026-06-07T20:46:56.769+0000] {processor.py:157} INFO - Started process (PID=1123) to work on /opt/airflow/dags/S3_UPLOAD_DAG.py
[2026-06-07T20:46:56.778+0000] {processor.py:829} INFO - Processing file /opt/airflow/dags/S3_UPLOAD_DAG.py for tasks to queue
[2026-06-07T20:46:56.778+0000] {logging_mixin.py:154} INFO - [2026-06-07T20:46:56.778+0000] {dagbag.py:536} INFO - Filling up the DagBag from /opt/airflow/dags/S3_UPLOAD_DAG.py
[2026-06-07T20:46:56.792+0000] {processor.py:839} INFO - DAG(s) dict_keys(['daily_vulnerability_ingestion']) retrieved from /opt/airflow/dags/S3_UPLOAD_DAG.py
[2026-06-07T20:46:56.812+0000] {logging_mixin.py:154} INFO - [2026-06-07T20:46:56.812+0000] {dag.py:2941} INFO - Sync 1 DAGs
[2026-06-07T20:46:56.829+0000] {logging_mixin.py:154} INFO - [2026-06-07T20:46:56.829+0000] {dag.py:3722} INFO - Setting next_dagrun for daily_vulnerability_ingestion to 2026-06-07T14:52:05.384041+00:00, run_after=2026-06-08T14:52:05.384041+00:00
[2026-06-07T20:46:56.843+0000] {processor.py:179} INFO - Processing /opt/airflow/dags/S3_UPLOAD_DAG.py took 0.078 seconds
[2026-06-07T20:47:26.969+0000] {processor.py:157} INFO - Started process (PID=1128) to work on /opt/airflow/dags/S3_UPLOAD_DAG.py
[2026-06-07T20:47:26.969+0000] {processor.py:829} INFO - Processing file /opt/airflow/dags/S3_UPLOAD_DAG.py for tasks to queue
[2026-06-07T20:47:26.970+0000] {logging_mixin.py:154} INFO - [2026-06-07T20:47:26.970+0000] {dagbag.py:536} INFO - Filling up the DagBag from /opt/airflow/dags/S3_UPLOAD_DAG.py
[2026-06-07T20:47:26.985+0000] {processor.py:839} INFO - DAG(s) dict_keys(['daily_vulnerability_ingestion']) retrieved from /opt/airflow/dags/S3_UPLOAD_DAG.py
[2026-06-07T20:47:27.005+0000] {logging_mixin.py:154} INFO - [2026-06-07T20:47:27.005+0000] {dag.py:2941} INFO - Sync 1 DAGs
[2026-06-07T20:47:27.020+0000] {logging_mixin.py:154} INFO - [2026-06-07T20:47:27.020+0000] {dag.py:3722} INFO - Setting next_dagrun for daily_vulnerability_ingestion to 2026-06-07T14:52:05.384041+00:00, run_after=2026-06-08T14:52:05.384041+00:00
[2026-06-07T20:47:27.034+0000] {processor.py:179} INFO - Processing /opt/airflow/dags/S3_UPLOAD_DAG.py took 0.069 seconds
[2026-06-07T20:47:57.121+0000] {processor.py:157} INFO - Started process (PID=1133) to work on /opt/airflow/dags/S3_UPLOAD_DAG.py
[2026-06-07T20:47:57.130+0000] {processor.py:829} INFO - Processing file /opt/airflow/dags/S3_UPLOAD_DAG.py for tasks to queue
[2026-06-07T20:47:57.131+0000] {logging_mixin.py:154} INFO - [2026-06-07T20:47:57.131+0000] {dagbag.py:536} INFO - Filling up the DagBag from /opt/airflow/dags/S3_UPLOAD_DAG.py
[2026-06-07T20:47:57.150+0000] {processor.py:839} INFO - DAG(s) dict_keys(['daily_vulnerability_ingestion']) retrieved from /opt/airflow/dags/S3_UPLOAD_DAG.py
[2026-06-07T20:47:57.174+0000] {logging_mixin.py:154} INFO - [2026-06-07T20:47:57.174+0000] {dag.py:2941} INFO - Sync 1 DAGs
[2026-06-07T20:47:57.193+0000] {logging_mixin.py:154} INFO - [2026-06-07T20:47:57.193+0000] {dag.py:3722} INFO - Setting next_dagrun for daily_vulnerability_ingestion to 2026-06-07T14:52:05.384041+00:00, run_after=2026-06-08T14:52:05.384041+00:00
[2026-06-07T20:47:57.208+0000] {processor.py:179} INFO - Processing /opt/airflow/dags/S3_UPLOAD_DAG.py took 0.090 seconds
[2026-06-07T20:48:27.295+0000] {processor.py:157} INFO - Started process (PID=1138) to work on /opt/airflow/dags/S3_UPLOAD_DAG.py
[2026-06-07T20:48:27.296+0000] {processor.py:829} INFO - Processing file /opt/airflow/dags/S3_UPLOAD_DAG.py for tasks to queue
[2026-06-07T20:48:27.296+0000] {logging_mixin.py:154} INFO - [2026-06-07T20:48:27.296+0000] {dagbag.py:536} INFO - Filling up the DagBag from /opt/airflow/dags/S3_UPLOAD_DAG.py
[2026-06-07T20:48:27.310+0000] {processor.py:839} INFO - DAG(s) dict_keys(['daily_vulnerability_ingestion']) retrieved from /opt/airflow/dags/S3_UPLOAD_DAG.py
[2026-06-07T20:48:27.331+0000] {logging_mixin.py:154} INFO - [2026-06-07T20:48:27.331+0000] {dag.py:2941} INFO - Sync 1 DAGs
[2026-06-07T20:48:27.351+0000] {logging_mixin.py:154} INFO - [2026-06-07T20:48:27.351+0000] {dag.py:3722} INFO - Setting next_dagrun for daily_vulnerability_ingestion to 2026-06-07T14:52:05.384041+00:00, run_after=2026-06-08T14:52:05.384041+00:00
[2026-06-07T20:48:27.365+0000] {processor.py:179} INFO - Processing /opt/airflow/dags/S3_UPLOAD_DAG.py took 0.072 seconds
[2026-06-07T20:48:57.446+0000] {processor.py:157} INFO - Started process (PID=1143) to work on /opt/airflow/dags/S3_UPLOAD_DAG.py
[2026-06-07T20:48:57.448+0000] {processor.py:829} INFO - Processing file /opt/airflow/dags/S3_UPLOAD_DAG.py for tasks to queue
[2026-06-07T20:48:57.449+0000] {logging_mixin.py:154} INFO - [2026-06-07T20:48:57.448+0000] {dagbag.py:536} INFO - Filling up the DagBag from /opt/airflow/dags/S3_UPLOAD_DAG.py
[2026-06-07T20:48:57.468+0000] {processor.py:839} INFO - DAG(s) dict_keys(['daily_vulnerability_ingestion']) retrieved from /opt/airflow/dags/S3_UPLOAD_DAG.py
[2026-06-07T20:48:57.488+0000] {logging_mixin.py:154} INFO - [2026-06-07T20:48:57.487+0000] {dag.py:2941} INFO - Sync 1 DAGs
[2026-06-07T20:48:57.505+0000] {logging_mixin.py:154} INFO - [2026-06-07T20:48:57.505+0000] {dag.py:3722} INFO - Setting next_dagrun for daily_vulnerability_ingestion to 2026-06-07T14:52:05.384041+00:00, run_after=2026-06-08T14:52:05.384041+00:00
[2026-06-07T20:48:57.519+0000] {processor.py:179} INFO - Processing /opt/airflow/dags/S3_UPLOAD_DAG.py took 0.078 seconds
[2026-06-07T20:49:27.585+0000] {processor.py:157} INFO - Started process (PID=1148) to work on /opt/airflow/dags/S3_UPLOAD_DAG.py
[2026-06-07T20:49:27.585+0000] {processor.py:829} INFO - Processing file /opt/airflow/dags/S3_UPLOAD_DAG.py for tasks to queue
[2026-06-07T20:49:27.586+0000] {logging_mixin.py:154} INFO - [2026-06-07T20:49:27.586+0000] {dagbag.py:536} INFO - Filling up the DagBag from /opt/airflow/dags/S3_UPLOAD_DAG.py
[2026-06-07T20:49:27.602+0000] {processor.py:839} INFO - DAG(s) dict_keys(['daily_vulnerability_ingestion']) retrieved from /opt/airflow/dags/S3_UPLOAD_DAG.py
[2026-06-07T20:49:27.627+0000] {logging_mixin.py:154} INFO - [2026-06-07T20:49:27.627+0000] {dag.py:2941} INFO - Sync 1 DAGs
[2026-06-07T20:49:27.649+0000] {logging_mixin.py:154} INFO - [2026-06-07T20:49:27.649+0000] {dag.py:3722} INFO - Setting next_dagrun for daily_vulnerability_ingestion to 2026-06-07T14:52:05.384041+00:00, run_after=2026-06-08T14:52:05.384041+00:00
[2026-06-07T20:49:27.667+0000] {processor.py:179} INFO - Processing /opt/airflow/dags/S3_UPLOAD_DAG.py took 0.086 seconds
[2026-06-07T20:49:57.748+0000] {processor.py:157} INFO - Started process (PID=1153) to work on /opt/airflow/dags/S3_UPLOAD_DAG.py
[2026-06-07T20:49:57.749+0000] {processor.py:829} INFO - Processing file /opt/airflow/dags/S3_UPLOAD_DAG.py for tasks to queue
[2026-06-07T20:49:57.750+0000] {logging_mixin.py:154} INFO - [2026-06-07T20:49:57.749+0000] {dagbag.py:536} INFO - Filling up the DagBag from /opt/airflow/dags/S3_UPLOAD_DAG.py
[2026-06-07T20:49:57.767+0000] {processor.py:839} INFO - DAG(s) dict_keys(['daily_vulnerability_ingestion']) retrieved from /opt/airflow/dags/S3_UPLOAD_DAG.py
[2026-06-07T20:49:57.789+0000] {logging_mixin.py:154} INFO - [2026-06-07T20:49:57.789+0000] {dag.py:2941} INFO - Sync 1 DAGs
[2026-06-07T20:49:57.807+0000] {logging_mixin.py:154} INFO - [2026-06-07T20:49:57.807+0000] {dag.py:3722} INFO - Setting next_dagrun for daily_vulnerability_ingestion to 2026-06-07T14:52:05.384041+00:00, run_after=2026-06-08T14:52:05.384041+00:00
[2026-06-07T20:49:57.822+0000] {processor.py:179} INFO - Processing /opt/airflow/dags/S3_UPLOAD_DAG.py took 0.078 seconds
[2026-06-07T20:50:27.907+0000] {processor.py:157} INFO - Started process (PID=1158) to work on /opt/airflow/dags/S3_UPLOAD_DAG.py
[2026-06-07T20:50:27.907+0000] {processor.py:829} INFO - Processing file /opt/airflow/dags/S3_UPLOAD_DAG.py for tasks to queue
[2026-06-07T20:50:27.908+0000] {logging_mixin.py:154} INFO - [2026-06-07T20:50:27.908+0000] {dagbag.py:536} INFO - Filling up the DagBag from /opt/airflow/dags/S3_UPLOAD_DAG.py
[2026-06-07T20:50:27.924+0000] {processor.py:839} INFO - DAG(s) dict_keys(['daily_vulnerability_ingestion']) retrieved from /opt/airflow/dags/S3_UPLOAD_DAG.py
[2026-06-07T20:50:27.945+0000] {logging_mixin.py:154} INFO - [2026-06-07T20:50:27.945+0000] {dag.py:2941} INFO - Sync 1 DAGs
[2026-06-07T20:50:27.962+0000] {logging_mixin.py:154} INFO - [2026-06-07T20:50:27.962+0000] {dag.py:3722} INFO - Setting next_dagrun for daily_vulnerability_ingestion to 2026-06-07T14:52:05.384041+00:00, run_after=2026-06-08T14:52:05.384041+00:00
[2026-06-07T20:50:27.976+0000] {processor.py:179} INFO - Processing /opt/airflow/dags/S3_UPLOAD_DAG.py took 0.074 seconds
[2026-06-07T20:50:58.054+0000] {processor.py:157} INFO - Started process (PID=1163) to work on /opt/airflow/dags/S3_UPLOAD_DAG.py
[2026-06-07T20:50:58.063+0000] {processor.py:829} INFO - Processing file /opt/airflow/dags/S3_UPLOAD_DAG.py for tasks to queue
[2026-06-07T20:50:58.064+0000] {logging_mixin.py:154} INFO - [2026-06-07T20:50:58.063+0000] {dagbag.py:536} INFO - Filling up the DagBag from /opt/airflow/dags/S3_UPLOAD_DAG.py
[2026-06-07T20:50:58.082+0000] {processor.py:839} INFO - DAG(s) dict_keys(['daily_vulnerability_ingestion']) retrieved from /opt/airflow/dags/S3_UPLOAD_DAG.py
[2026-06-07T20:50:58.107+0000] {logging_mixin.py:154} INFO - [2026-06-07T20:50:58.107+0000] {dag.py:2941} INFO - Sync 1 DAGs
[2026-06-07T20:50:58.125+0000] {logging_mixin.py:154} INFO - [2026-06-07T20:50:58.125+0000] {dag.py:3722} INFO - Setting next_dagrun for daily_vulnerability_ingestion to 2026-06-07T14:52:05.384041+00:00, run_after=2026-06-08T14:52:05.384041+00:00
[2026-06-07T20:50:58.139+0000] {processor.py:179} INFO - Processing /opt/airflow/dags/S3_UPLOAD_DAG.py took 0.089 seconds
[2026-06-07T20:51:28.213+0000] {processor.py:157} INFO - Started process (PID=1168) to work on /opt/airflow/dags/S3_UPLOAD_DAG.py
[2026-06-07T20:51:28.214+0000] {processor.py:829} INFO - Processing file /opt/airflow/dags/S3_UPLOAD_DAG.py for tasks to queue
[2026-06-07T20:51:28.215+0000] {logging_mixin.py:154} INFO - [2026-06-07T20:51:28.215+0000] {dagbag.py:536} INFO - Filling up the DagBag from /opt/airflow/dags/S3_UPLOAD_DAG.py
[2026-06-07T20:51:28.229+0000] {processor.py:839} INFO - DAG(s) dict_keys(['daily_vulnerability_ingestion']) retrieved from /opt/airflow/dags/S3_UPLOAD_DAG.py
[2026-06-07T20:51:28.253+0000] {logging_mixin.py:154} INFO - [2026-06-07T20:51:28.253+0000] {dag.py:2941} INFO - Sync 1 DAGs
[2026-06-07T20:51:28.270+0000] {logging_mixin.py:154} INFO - [2026-06-07T20:51:28.270+0000] {dag.py:3722} INFO - Setting next_dagrun for daily_vulnerability_ingestion to 2026-06-07T14:52:05.384041+00:00, run_after=2026-06-08T14:52:05.384041+00:00
[2026-06-07T20:51:28.283+0000] {processor.py:179} INFO - Processing /opt/airflow/dags/S3_UPLOAD_DAG.py took 0.074 seconds
[2026-06-07T20:51:58.358+0000] {processor.py:157} INFO - Started process (PID=1173) to work on /opt/airflow/dags/S3_UPLOAD_DAG.py
[2026-06-07T20:51:58.359+0000] {processor.py:829} INFO - Processing file /opt/airflow/dags/S3_UPLOAD_DAG.py for tasks to queue
[2026-06-07T20:51:58.360+0000] {logging_mixin.py:154} INFO - [2026-06-07T20:51:58.360+0000] {dagbag.py:536} INFO - Filling up the DagBag from /opt/airflow/dags/S3_UPLOAD_DAG.py
[2026-06-07T20:51:58.374+0000] {processor.py:839} INFO - DAG(s) dict_keys(['daily_vulnerability_ingestion']) retrieved from /opt/airflow/dags/S3_UPLOAD_DAG.py
[2026-06-07T20:51:58.397+0000] {logging_mixin.py:154} INFO - [2026-06-07T20:51:58.396+0000] {dag.py:2941} INFO - Sync 1 DAGs
[2026-06-07T20:51:58.417+0000] {logging_mixin.py:154} INFO - [2026-06-07T20:51:58.417+0000] {dag.py:3722} INFO - Setting next_dagrun for daily_vulnerability_ingestion to 2026-06-07T14:52:05.384041+00:00, run_after=2026-06-08T14:52:05.384041+00:00
[2026-06-07T20:51:58.431+0000] {processor.py:179} INFO - Processing /opt/airflow/dags/S3_UPLOAD_DAG.py took 0.076 seconds
[2026-06-07T20:52:28.506+0000] {processor.py:157} INFO - Started process (PID=1178) to work on /opt/airflow/dags/S3_UPLOAD_DAG.py
[2026-06-07T20:52:28.507+0000] {processor.py:829} INFO - Processing file /opt/airflow/dags/S3_UPLOAD_DAG.py for tasks to queue
[2026-06-07T20:52:28.508+0000] {logging_mixin.py:154} INFO - [2026-06-07T20:52:28.508+0000] {dagbag.py:536} INFO - Filling up the DagBag from /opt/airflow/dags/S3_UPLOAD_DAG.py
[2026-06-07T20:52:28.525+0000] {processor.py:839} INFO - DAG(s) dict_keys(['daily_vulnerability_ingestion']) retrieved from /opt/airflow/dags/S3_UPLOAD_DAG.py
[2026-06-07T20:52:28.547+0000] {logging_mixin.py:154} INFO - [2026-06-07T20:52:28.546+0000] {dag.py:2941} INFO - Sync 1 DAGs
[2026-06-07T20:52:28.563+0000] {logging_mixin.py:154} INFO - [2026-06-07T20:52:28.563+0000] {dag.py:3722} INFO - Setting next_dagrun for daily_vulnerability_ingestion to 2026-06-07T14:52:05.384041+00:00, run_after=2026-06-08T14:52:05.384041+00:00
[2026-06-07T20:52:28.577+0000] {processor.py:179} INFO - Processing /opt/airflow/dags/S3_UPLOAD_DAG.py took 0.076 seconds
[2026-06-07T20:52:58.651+0000] {processor.py:157} INFO - Started process (PID=1183) to work on /opt/airflow/dags/S3_UPLOAD_DAG.py
[2026-06-07T20:52:58.660+0000] {processor.py:829} INFO - Processing file /opt/airflow/dags/S3_UPLOAD_DAG.py for tasks to queue
[2026-06-07T20:52:58.661+0000] {logging_mixin.py:154} INFO - [2026-06-07T20:52:58.661+0000] {dagbag.py:536} INFO - Filling up the DagBag from /opt/airflow/dags/S3_UPLOAD_DAG.py
[2026-06-07T20:52:58.675+0000] {processor.py:839} INFO - DAG(s) dict_keys(['daily_vulnerability_ingestion']) retrieved from /opt/airflow/dags/S3_UPLOAD_DAG.py
[2026-06-07T20:52:58.694+0000] {logging_mixin.py:154} INFO - [2026-06-07T20:52:58.694+0000] {dag.py:2941} INFO - Sync 1 DAGs
[2026-06-07T20:52:58.711+0000] {logging_mixin.py:154} INFO - [2026-06-07T20:52:58.711+0000] {dag.py:3722} INFO - Setting next_dagrun for daily_vulnerability_ingestion to 2026-06-07T14:52:05.384041+00:00, run_after=2026-06-08T14:52:05.384041+00:00
[2026-06-07T20:52:58.725+0000] {processor.py:179} INFO - Processing /opt/airflow/dags/S3_UPLOAD_DAG.py took 0.077 seconds
[2026-06-07T20:53:28.803+0000] {processor.py:157} INFO - Started process (PID=1188) to work on /opt/airflow/dags/S3_UPLOAD_DAG.py
[2026-06-07T20:53:28.804+0000] {processor.py:829} INFO - Processing file /opt/airflow/dags/S3_UPLOAD_DAG.py for tasks to queue
[2026-06-07T20:53:28.805+0000] {logging_mixin.py:154} INFO - [2026-06-07T20:53:28.804+0000] {dagbag.py:536} INFO - Filling up the DagBag from /opt/airflow/dags/S3_UPLOAD_DAG.py
[2026-06-07T20:53:28.818+0000] {processor.py:839} INFO - DAG(s) dict_keys(['daily_vulnerability_ingestion']) retrieved from /opt/airflow/dags/S3_UPLOAD_DAG.py
[2026-06-07T20:53:28.837+0000] {logging_mixin.py:154} INFO - [2026-06-07T20:53:28.837+0000] {dag.py:2941} INFO - Sync 1 DAGs
[2026-06-07T20:53:28.853+0000] {logging_mixin.py:154} INFO - [2026-06-07T20:53:28.853+0000] {dag.py:3722} INFO - Setting next_dagrun for daily_vulnerability_ingestion to 2026-06-07T14:52:05.384041+00:00, run_after=2026-06-08T14:52:05.384041+00:00
[2026-06-07T20:53:28.867+0000] {processor.py:179} INFO - Processing /opt/airflow/dags/S3_UPLOAD_DAG.py took 0.066 seconds
[2026-06-07T20:53:58.955+0000] {processor.py:157} INFO - Started process (PID=1193) to work on /opt/airflow/dags/S3_UPLOAD_DAG.py
[2026-06-07T20:53:58.964+0000] {processor.py:829} INFO - Processing file /opt/airflow/dags/S3_UPLOAD_DAG.py for tasks to queue
[2026-06-07T20:53:58.965+0000] {logging_mixin.py:154} INFO - [2026-06-07T20:53:58.965+0000] {dagbag.py:536} INFO - Filling up the DagBag from /opt/airflow/dags/S3_UPLOAD_DAG.py
[2026-06-07T20:53:58.982+0000] {processor.py:839} INFO - DAG(s) dict_keys(['daily_vulnerability_ingestion']) retrieved from /opt/airflow/dags/S3_UPLOAD_DAG.py
[2026-06-07T20:53:59.008+0000] {logging_mixin.py:154} INFO - [2026-06-07T20:53:59.008+0000] {dag.py:2941} INFO - Sync 1 DAGs
[2026-06-07T20:53:59.035+0000] {logging_mixin.py:154} INFO - [2026-06-07T20:53:59.034+0000] {dag.py:3722} INFO - Setting next_dagrun for daily_vulnerability_ingestion to 2026-06-07T14:52:05.384041+00:00, run_after=2026-06-08T14:52:05.384041+00:00
[2026-06-07T20:53:59.053+0000] {processor.py:179} INFO - Processing /opt/airflow/dags/S3_UPLOAD_DAG.py took 0.104 seconds
[2026-06-07T20:54:29.149+0000] {processor.py:157} INFO - Started process (PID=1198) to work on /opt/airflow/dags/S3_UPLOAD_DAG.py
[2026-06-07T20:54:29.149+0000] {processor.py:829} INFO - Processing file /opt/airflow/dags/S3_UPLOAD_DAG.py for tasks to queue
[2026-06-07T20:54:29.150+0000] {logging_mixin.py:154} INFO - [2026-06-07T20:54:29.150+0000] {dagbag.py:536} INFO - Filling up the DagBag from /opt/airflow/dags/S3_UPLOAD_DAG.py
[2026-06-07T20:54:29.162+0000] {processor.py:839} INFO - DAG(s) dict_keys(['daily_vulnerability_ingestion']) retrieved from /opt/airflow/dags/S3_UPLOAD_DAG.py
[2026-06-07T20:54:29.183+0000] {logging_mixin.py:154} INFO - [2026-06-07T20:54:29.183+0000] {dag.py:2941} INFO - Sync 1 DAGs
[2026-06-07T20:54:29.202+0000] {logging_mixin.py:154} INFO - [2026-06-07T20:54:29.202+0000] {dag.py:3722} INFO - Setting next_dagrun for daily_vulnerability_ingestion to 2026-06-07T14:52:05.384041+00:00, run_after=2026-06-08T14:52:05.384041+00:00
[2026-06-07T20:54:29.220+0000] {processor.py:179} INFO - Processing /opt/airflow/dags/S3_UPLOAD_DAG.py took 0.074 seconds
[2026-06-07T20:54:59.260+0000] {processor.py:157} INFO - Started process (PID=1203) to work on /opt/airflow/dags/S3_UPLOAD_DAG.py
[2026-06-07T20:54:59.269+0000] {processor.py:829} INFO - Processing file /opt/airflow/dags/S3_UPLOAD_DAG.py for tasks to queue
[2026-06-07T20:54:59.270+0000] {logging_mixin.py:154} INFO - [2026-06-07T20:54:59.269+0000] {dagbag.py:536} INFO - Filling up the DagBag from /opt/airflow/dags/S3_UPLOAD_DAG.py
[2026-06-07T20:54:59.284+0000] {processor.py:839} INFO - DAG(s) dict_keys(['daily_vulnerability_ingestion']) retrieved from /opt/airflow/dags/S3_UPLOAD_DAG.py
[2026-06-07T20:54:59.304+0000] {logging_mixin.py:154} INFO - [2026-06-07T20:54:59.304+0000] {dag.py:2941} INFO - Sync 1 DAGs
[2026-06-07T20:54:59.320+0000] {logging_mixin.py:154} INFO - [2026-06-07T20:54:59.320+0000] {dag.py:3722} INFO - Setting next_dagrun for daily_vulnerability_ingestion to 2026-06-07T14:52:05.384041+00:00, run_after=2026-06-08T14:52:05.384041+00:00
[2026-06-07T20:54:59.333+0000] {processor.py:179} INFO - Processing /opt/airflow/dags/S3_UPLOAD_DAG.py took 0.077 seconds
[2026-06-07T20:55:29.422+0000] {processor.py:157} INFO - Started process (PID=1208) to work on /opt/airflow/dags/S3_UPLOAD_DAG.py
[2026-06-07T20:55:29.422+0000] {processor.py:829} INFO - Processing file /opt/airflow/dags/S3_UPLOAD_DAG.py for tasks to queue
[2026-06-07T20:55:29.423+0000] {logging_mixin.py:154} INFO - [2026-06-07T20:55:29.423+0000] {dagbag.py:536} INFO - Filling up the DagBag from /opt/airflow/dags/S3_UPLOAD_DAG.py
[2026-06-07T20:55:29.438+0000] {processor.py:839} INFO - DAG(s) dict_keys(['daily_vulnerability_ingestion']) retrieved from /opt/airflow/dags/S3_UPLOAD_DAG.py
[2026-06-07T20:55:29.459+0000] {logging_mixin.py:154} INFO - [2026-06-07T20:55:29.459+0000] {dag.py:2941} INFO - Sync 1 DAGs
[2026-06-07T20:55:29.475+0000] {logging_mixin.py:154} INFO - [2026-06-07T20:55:29.475+0000] {dag.py:3722} INFO - Setting next_dagrun for daily_vulnerability_ingestion to 2026-06-07T14:52:05.384041+00:00, run_after=2026-06-08T14:52:05.384041+00:00
[2026-06-07T20:55:29.488+0000] {processor.py:179} INFO - Processing /opt/airflow/dags/S3_UPLOAD_DAG.py took 0.068 seconds
[2026-06-07T20:55:59.599+0000] {processor.py:157} INFO - Started process (PID=1213) to work on /opt/airflow/dags/S3_UPLOAD_DAG.py
[2026-06-07T20:55:59.608+0000] {processor.py:829} INFO - Processing file /opt/airflow/dags/S3_UPLOAD_DAG.py for tasks to queue
[2026-06-07T20:55:59.608+0000] {logging_mixin.py:154} INFO - [2026-06-07T20:55:59.608+0000] {dagbag.py:536} INFO - Filling up the DagBag from /opt/airflow/dags/S3_UPLOAD_DAG.py
[2026-06-07T20:55:59.622+0000] {processor.py:839} INFO - DAG(s) dict_keys(['daily_vulnerability_ingestion']) retrieved from /opt/airflow/dags/S3_UPLOAD_DAG.py
[2026-06-07T20:55:59.641+0000] {logging_mixin.py:154} INFO - [2026-06-07T20:55:59.641+0000] {dag.py:2941} INFO - Sync 1 DAGs
[2026-06-07T20:55:59.658+0000] {logging_mixin.py:154} INFO - [2026-06-07T20:55:59.658+0000] {dag.py:3722} INFO - Setting next_dagrun for daily_vulnerability_ingestion to 2026-06-07T14:52:05.384041+00:00, run_after=2026-06-08T14:52:05.384041+00:00
[2026-06-07T20:55:59.671+0000] {processor.py:179} INFO - Processing /opt/airflow/dags/S3_UPLOAD_DAG.py took 0.077 seconds
[2026-06-07T20:56:29.740+0000] {processor.py:157} INFO - Started process (PID=1218) to work on /opt/airflow/dags/S3_UPLOAD_DAG.py
[2026-06-07T20:56:29.741+0000] {processor.py:829} INFO - Processing file /opt/airflow/dags/S3_UPLOAD_DAG.py for tasks to queue
[2026-06-07T20:56:29.742+0000] {logging_mixin.py:154} INFO - [2026-06-07T20:56:29.742+0000] {dagbag.py:536} INFO - Filling up the DagBag from /opt/airflow/dags/S3_UPLOAD_DAG.py
[2026-06-07T20:56:29.760+0000] {processor.py:839} INFO - DAG(s) dict_keys(['daily_vulnerability_ingestion']) retrieved from /opt/airflow/dags/S3_UPLOAD_DAG.py
[2026-06-07T20:56:29.781+0000] {logging_mixin.py:154} INFO - [2026-06-07T20:56:29.781+0000] {dag.py:2941} INFO - Sync 1 DAGs
[2026-06-07T20:56:29.797+0000] {logging_mixin.py:154} INFO - [2026-06-07T20:56:29.797+0000] {dag.py:3722} INFO - Setting next_dagrun for daily_vulnerability_ingestion to 2026-06-07T14:52:05.384041+00:00, run_after=2026-06-08T14:52:05.384041+00:00
[2026-06-07T20:56:29.809+0000] {processor.py:179} INFO - Processing /opt/airflow/dags/S3_UPLOAD_DAG.py took 0.074 seconds
[2026-06-07T20:56:59.997+0000] {processor.py:157} INFO - Started process (PID=1223) to work on /opt/airflow/dags/S3_UPLOAD_DAG.py
[2026-06-07T20:57:00.006+0000] {processor.py:829} INFO - Processing file /opt/airflow/dags/S3_UPLOAD_DAG.py for tasks to queue
[2026-06-07T20:57:00.007+0000] {logging_mixin.py:154} INFO - [2026-06-07T20:57:00.006+0000] {dagbag.py:536} INFO - Filling up the DagBag from /opt/airflow/dags/S3_UPLOAD_DAG.py
[2026-06-07T20:57:00.022+0000] {processor.py:839} INFO - DAG(s) dict_keys(['daily_vulnerability_ingestion']) retrieved from /opt/airflow/dags/S3_UPLOAD_DAG.py
[2026-06-07T20:57:00.042+0000] {logging_mixin.py:154} INFO - [2026-06-07T20:57:00.042+0000] {dag.py:2941} INFO - Sync 1 DAGs
[2026-06-07T20:57:00.059+0000] {logging_mixin.py:154} INFO - [2026-06-07T20:57:00.058+0000] {dag.py:3722} INFO - Setting next_dagrun for daily_vulnerability_ingestion to 2026-06-07T14:52:05.384041+00:00, run_after=2026-06-08T14:52:05.384041+00:00
[2026-06-07T20:57:00.147+0000] {processor.py:179} INFO - Processing /opt/airflow/dags/S3_UPLOAD_DAG.py took 0.154 seconds
[2026-06-07T20:57:30.197+0000] {processor.py:157} INFO - Started process (PID=1228) to work on /opt/airflow/dags/S3_UPLOAD_DAG.py
[2026-06-07T20:57:30.198+0000] {processor.py:829} INFO - Processing file /opt/airflow/dags/S3_UPLOAD_DAG.py for tasks to queue
[2026-06-07T20:57:30.199+0000] {logging_mixin.py:154} INFO - [2026-06-07T20:57:30.198+0000] {dagbag.py:536} INFO - Filling up the DagBag from /opt/airflow/dags/S3_UPLOAD_DAG.py
[2026-06-07T20:57:30.213+0000] {processor.py:839} INFO - DAG(s) dict_keys(['daily_vulnerability_ingestion']) retrieved from /opt/airflow/dags/S3_UPLOAD_DAG.py
[2026-06-07T20:57:30.231+0000] {logging_mixin.py:154} INFO - [2026-06-07T20:57:30.231+0000] {dag.py:2941} INFO - Sync 1 DAGs
[2026-06-07T20:57:30.247+0000] {logging_mixin.py:154} INFO - [2026-06-07T20:57:30.247+0000] {dag.py:3722} INFO - Setting next_dagrun for daily_vulnerability_ingestion to 2026-06-07T14:52:05.384041+00:00, run_after=2026-06-08T14:52:05.384041+00:00
[2026-06-07T20:57:30.259+0000] {processor.py:179} INFO - Processing /opt/airflow/dags/S3_UPLOAD_DAG.py took 0.066 seconds
[2026-06-07T20:58:00.396+0000] {processor.py:157} INFO - Started process (PID=1233) to work on /opt/airflow/dags/S3_UPLOAD_DAG.py
[2026-06-07T20:58:00.405+0000] {processor.py:829} INFO - Processing file /opt/airflow/dags/S3_UPLOAD_DAG.py for tasks to queue
[2026-06-07T20:58:00.406+0000] {logging_mixin.py:154} INFO - [2026-06-07T20:58:00.406+0000] {dagbag.py:536} INFO - Filling up the DagBag from /opt/airflow/dags/S3_UPLOAD_DAG.py
[2026-06-07T20:58:00.424+0000] {processor.py:839} INFO - DAG(s) dict_keys(['daily_vulnerability_ingestion']) retrieved from /opt/airflow/dags/S3_UPLOAD_DAG.py
[2026-06-07T20:58:00.443+0000] {logging_mixin.py:154} INFO - [2026-06-07T20:58:00.443+0000] {dag.py:2941} INFO - Sync 1 DAGs
[2026-06-07T20:58:00.459+0000] {logging_mixin.py:154} INFO - [2026-06-07T20:58:00.459+0000] {dag.py:3722} INFO - Setting next_dagrun for daily_vulnerability_ingestion to 2026-06-07T14:52:05.384041+00:00, run_after=2026-06-08T14:52:05.384041+00:00
[2026-06-07T20:58:00.471+0000] {processor.py:179} INFO - Processing /opt/airflow/dags/S3_UPLOAD_DAG.py took 0.079 seconds
[2026-06-07T20:58:30.624+0000] {processor.py:157} INFO - Started process (PID=1238) to work on /opt/airflow/dags/S3_UPLOAD_DAG.py
[2026-06-07T20:58:30.625+0000] {processor.py:829} INFO - Processing file /opt/airflow/dags/S3_UPLOAD_DAG.py for tasks to queue
[2026-06-07T20:58:30.626+0000] {logging_mixin.py:154} INFO - [2026-06-07T20:58:30.626+0000] {dagbag.py:536} INFO - Filling up the DagBag from /opt/airflow/dags/S3_UPLOAD_DAG.py
[2026-06-07T20:58:30.645+0000] {processor.py:839} INFO - DAG(s) dict_keys(['daily_vulnerability_ingestion']) retrieved from /opt/airflow/dags/S3_UPLOAD_DAG.py
[2026-06-07T20:58:30.665+0000] {logging_mixin.py:154} INFO - [2026-06-07T20:58:30.665+0000] {dag.py:2941} INFO - Sync 1 DAGs
[2026-06-07T20:58:30.680+0000] {logging_mixin.py:154} INFO - [2026-06-07T20:58:30.680+0000] {dag.py:3722} INFO - Setting next_dagrun for daily_vulnerability_ingestion to 2026-06-07T14:52:05.384041+00:00, run_after=2026-06-08T14:52:05.384041+00:00
[2026-06-07T20:58:30.691+0000] {processor.py:179} INFO - Processing /opt/airflow/dags/S3_UPLOAD_DAG.py took 0.072 seconds
[2026-06-07T20:59:00.840+0000] {processor.py:157} INFO - Started process (PID=1243) to work on /opt/airflow/dags/S3_UPLOAD_DAG.py
[2026-06-07T20:59:00.849+0000] {processor.py:829} INFO - Processing file /opt/airflow/dags/S3_UPLOAD_DAG.py for tasks to queue
[2026-06-07T20:59:00.850+0000] {logging_mixin.py:154} INFO - [2026-06-07T20:59:00.849+0000] {dagbag.py:536} INFO - Filling up the DagBag from /opt/airflow/dags/S3_UPLOAD_DAG.py
[2026-06-07T20:59:00.870+0000] {processor.py:839} INFO - DAG(s) dict_keys(['daily_vulnerability_ingestion']) retrieved from /opt/airflow/dags/S3_UPLOAD_DAG.py
[2026-06-07T20:59:00.891+0000] {logging_mixin.py:154} INFO - [2026-06-07T20:59:00.890+0000] {dag.py:2941} INFO - Sync 1 DAGs
[2026-06-07T20:59:00.979+0000] {logging_mixin.py:154} INFO - [2026-06-07T20:59:00.979+0000] {dag.py:3722} INFO - Setting next_dagrun for daily_vulnerability_ingestion to 2026-06-07T14:52:05.384041+00:00, run_after=2026-06-08T14:52:05.384041+00:00
[2026-06-07T20:59:00.998+0000] {processor.py:179} INFO - Processing /opt/airflow/dags/S3_UPLOAD_DAG.py took 0.163 seconds
[2026-06-07T20:59:31.107+0000] {processor.py:157} INFO - Started process (PID=1248) to work on /opt/airflow/dags/S3_UPLOAD_DAG.py
[2026-06-07T20:59:31.108+0000] {processor.py:829} INFO - Processing file /opt/airflow/dags/S3_UPLOAD_DAG.py for tasks to queue
[2026-06-07T20:59:31.109+0000] {logging_mixin.py:154} INFO - [2026-06-07T20:59:31.109+0000] {dagbag.py:536} INFO - Filling up the DagBag from /opt/airflow/dags/S3_UPLOAD_DAG.py
[2026-06-07T20:59:31.121+0000] {processor.py:839} INFO - DAG(s) dict_keys(['daily_vulnerability_ingestion']) retrieved from /opt/airflow/dags/S3_UPLOAD_DAG.py
[2026-06-07T20:59:31.141+0000] {logging_mixin.py:154} INFO - [2026-06-07T20:59:31.141+0000] {dag.py:2941} INFO - Sync 1 DAGs
[2026-06-07T20:59:31.159+0000] {logging_mixin.py:154} INFO - [2026-06-07T20:59:31.159+0000] {dag.py:3722} INFO - Setting next_dagrun for daily_vulnerability_ingestion to 2026-06-07T14:52:05.384041+00:00, run_after=2026-06-08T14:52:05.384041+00:00
[2026-06-07T20:59:31.173+0000] {processor.py:179} INFO - Processing /opt/airflow/dags/S3_UPLOAD_DAG.py took 0.069 seconds
[2026-06-07T21:00:01.328+0000] {processor.py:157} INFO - Started process (PID=1253) to work on /opt/airflow/dags/S3_UPLOAD_DAG.py
[2026-06-07T21:00:01.337+0000] {processor.py:829} INFO - Processing file /opt/airflow/dags/S3_UPLOAD_DAG.py for tasks to queue
[2026-06-07T21:00:01.338+0000] {logging_mixin.py:154} INFO - [2026-06-07T21:00:01.337+0000] {dagbag.py:536} INFO - Filling up the DagBag from /opt/airflow/dags/S3_UPLOAD_DAG.py
[2026-06-07T21:00:01.349+0000] {processor.py:839} INFO - DAG(s) dict_keys(['daily_vulnerability_ingestion']) retrieved from /opt/airflow/dags/S3_UPLOAD_DAG.py
[2026-06-07T21:00:01.368+0000] {logging_mixin.py:154} INFO - [2026-06-07T21:00:01.368+0000] {dag.py:2941} INFO - Sync 1 DAGs
[2026-06-07T21:00:01.383+0000] {logging_mixin.py:154} INFO - [2026-06-07T21:00:01.383+0000] {dag.py:3722} INFO - Setting next_dagrun for daily_vulnerability_ingestion to 2026-06-07T14:52:05.384041+00:00, run_after=2026-06-08T14:52:05.384041+00:00
[2026-06-07T21:00:01.395+0000] {processor.py:179} INFO - Processing /opt/airflow/dags/S3_UPLOAD_DAG.py took 0.069 seconds
[2026-06-07T21:00:31.492+0000] {processor.py:157} INFO - Started process (PID=1258) to work on /opt/airflow/dags/S3_UPLOAD_DAG.py
[2026-06-07T21:00:31.493+0000] {processor.py:829} INFO - Processing file /opt/airflow/dags/S3_UPLOAD_DAG.py for tasks to queue
[2026-06-07T21:00:31.493+0000] {logging_mixin.py:154} INFO - [2026-06-07T21:00:31.493+0000] {dagbag.py:536} INFO - Filling up the DagBag from /opt/airflow/dags/S3_UPLOAD_DAG.py
[2026-06-07T21:00:31.507+0000] {processor.py:839} INFO - DAG(s) dict_keys(['daily_vulnerability_ingestion']) retrieved from /opt/airflow/dags/S3_UPLOAD_DAG.py
[2026-06-07T21:00:31.526+0000] {logging_mixin.py:154} INFO - [2026-06-07T21:00:31.526+0000] {dag.py:2941} INFO - Sync 1 DAGs
[2026-06-07T21:00:31.543+0000] {logging_mixin.py:154} INFO - [2026-06-07T21:00:31.543+0000] {dag.py:3722} INFO - Setting next_dagrun for daily_vulnerability_ingestion to 2026-06-07T14:52:05.384041+00:00, run_after=2026-06-08T14:52:05.384041+00:00
[2026-06-07T21:00:31.557+0000] {processor.py:179} INFO - Processing /opt/airflow/dags/S3_UPLOAD_DAG.py took 0.067 seconds
[2026-06-07T21:01:01.770+0000] {processor.py:157} INFO - Started process (PID=1263) to work on /opt/airflow/dags/S3_UPLOAD_DAG.py
[2026-06-07T21:01:01.779+0000] {processor.py:829} INFO - Processing file /opt/airflow/dags/S3_UPLOAD_DAG.py for tasks to queue
[2026-06-07T21:01:01.780+0000] {logging_mixin.py:154} INFO - [2026-06-07T21:01:01.780+0000] {dagbag.py:536} INFO - Filling up the DagBag from /opt/airflow/dags/S3_UPLOAD_DAG.py
[2026-06-07T21:01:01.798+0000] {processor.py:839} INFO - DAG(s) dict_keys(['daily_vulnerability_ingestion']) retrieved from /opt/airflow/dags/S3_UPLOAD_DAG.py
[2026-06-07T21:01:01.817+0000] {logging_mixin.py:154} INFO - [2026-06-07T21:01:01.817+0000] {dag.py:2941} INFO - Sync 1 DAGs
[2026-06-07T21:01:01.833+0000] {logging_mixin.py:154} INFO - [2026-06-07T21:01:01.832+0000] {dag.py:3722} INFO - Setting next_dagrun for daily_vulnerability_ingestion to 2026-06-07T14:52:05.384041+00:00, run_after=2026-06-08T14:52:05.384041+00:00
[2026-06-07T21:01:01.844+0000] {processor.py:179} INFO - Processing /opt/airflow/dags/S3_UPLOAD_DAG.py took 0.079 seconds
[2026-06-07T21:01:31.957+0000] {processor.py:157} INFO - Started process (PID=1268) to work on /opt/airflow/dags/S3_UPLOAD_DAG.py
[2026-06-07T21:01:31.958+0000] {processor.py:829} INFO - Processing file /opt/airflow/dags/S3_UPLOAD_DAG.py for tasks to queue
[2026-06-07T21:01:31.959+0000] {logging_mixin.py:154} INFO - [2026-06-07T21:01:31.959+0000] {dagbag.py:536} INFO - Filling up the DagBag from /opt/airflow/dags/S3_UPLOAD_DAG.py
[2026-06-07T21:01:31.974+0000] {processor.py:839} INFO - DAG(s) dict_keys(['daily_vulnerability_ingestion']) retrieved from /opt/airflow/dags/S3_UPLOAD_DAG.py
[2026-06-07T21:01:31.992+0000] {logging_mixin.py:154} INFO - [2026-06-07T21:01:31.992+0000] {dag.py:2941} INFO - Sync 1 DAGs
[2026-06-07T21:01:32.008+0000] {logging_mixin.py:154} INFO - [2026-06-07T21:01:32.008+0000] {dag.py:3722} INFO - Setting next_dagrun for daily_vulnerability_ingestion to 2026-06-07T14:52:05.384041+00:00, run_after=2026-06-08T14:52:05.384041+00:00
[2026-06-07T21:01:32.020+0000] {processor.py:179} INFO - Processing /opt/airflow/dags/S3_UPLOAD_DAG.py took 0.067 seconds
[2026-06-07T21:02:02.206+0000] {processor.py:157} INFO - Started process (PID=1273) to work on /opt/airflow/dags/S3_UPLOAD_DAG.py
[2026-06-07T21:02:02.215+0000] {processor.py:829} INFO - Processing file /opt/airflow/dags/S3_UPLOAD_DAG.py for tasks to queue
[2026-06-07T21:02:02.216+0000] {logging_mixin.py:154} INFO - [2026-06-07T21:02:02.215+0000] {dagbag.py:536} INFO - Filling up the DagBag from /opt/airflow/dags/S3_UPLOAD_DAG.py
[2026-06-07T21:02:02.233+0000] {processor.py:839} INFO - DAG(s) dict_keys(['daily_vulnerability_ingestion']) retrieved from /opt/airflow/dags/S3_UPLOAD_DAG.py
[2026-06-07T21:02:02.253+0000] {logging_mixin.py:154} INFO - [2026-06-07T21:02:02.253+0000] {dag.py:2941} INFO - Sync 1 DAGs
[2026-06-07T21:02:02.270+0000] {logging_mixin.py:154} INFO - [2026-06-07T21:02:02.270+0000] {dag.py:3722} INFO - Setting next_dagrun for daily_vulnerability_ingestion to 2026-06-07T14:52:05.384041+00:00, run_after=2026-06-08T14:52:05.384041+00:00
[2026-06-07T21:02:02.283+0000] {processor.py:179} INFO - Processing /opt/airflow/dags/S3_UPLOAD_DAG.py took 0.081 seconds
[2026-06-07T21:02:32.331+0000] {processor.py:157} INFO - Started process (PID=1278) to work on /opt/airflow/dags/S3_UPLOAD_DAG.py
[2026-06-07T21:02:32.331+0000] {processor.py:829} INFO - Processing file /opt/airflow/dags/S3_UPLOAD_DAG.py for tasks to queue
[2026-06-07T21:02:32.332+0000] {logging_mixin.py:154} INFO - [2026-06-07T21:02:32.332+0000] {dagbag.py:536} INFO - Filling up the DagBag from /opt/airflow/dags/S3_UPLOAD_DAG.py
[2026-06-07T21:02:32.345+0000] {processor.py:839} INFO - DAG(s) dict_keys(['daily_vulnerability_ingestion']) retrieved from /opt/airflow/dags/S3_UPLOAD_DAG.py
[2026-06-07T21:02:32.366+0000] {logging_mixin.py:154} INFO - [2026-06-07T21:02:32.366+0000] {dag.py:2941} INFO - Sync 1 DAGs
[2026-06-07T21:02:32.386+0000] {logging_mixin.py:154} INFO - [2026-06-07T21:02:32.386+0000] {dag.py:3722} INFO - Setting next_dagrun for daily_vulnerability_ingestion to 2026-06-07T14:52:05.384041+00:00, run_after=2026-06-08T14:52:05.384041+00:00
[2026-06-07T21:02:32.402+0000] {processor.py:179} INFO - Processing /opt/airflow/dags/S3_UPLOAD_DAG.py took 0.074 seconds
[2026-06-07T21:03:02.536+0000] {processor.py:157} INFO - Started process (PID=1283) to work on /opt/airflow/dags/S3_UPLOAD_DAG.py
[2026-06-07T21:03:02.545+0000] {processor.py:829} INFO - Processing file /opt/airflow/dags/S3_UPLOAD_DAG.py for tasks to queue
[2026-06-07T21:03:02.546+0000] {logging_mixin.py:154} INFO - [2026-06-07T21:03:02.546+0000] {dagbag.py:536} INFO - Filling up the DagBag from /opt/airflow/dags/S3_UPLOAD_DAG.py
[2026-06-07T21:03:02.563+0000] {processor.py:839} INFO - DAG(s) dict_keys(['daily_vulnerability_ingestion']) retrieved from /opt/airflow/dags/S3_UPLOAD_DAG.py
[2026-06-07T21:03:02.583+0000] {logging_mixin.py:154} INFO - [2026-06-07T21:03:02.583+0000] {dag.py:2941} INFO - Sync 1 DAGs
[2026-06-07T21:03:02.599+0000] {logging_mixin.py:154} INFO - [2026-06-07T21:03:02.599+0000] {dag.py:3722} INFO - Setting next_dagrun for daily_vulnerability_ingestion to 2026-06-07T14:52:05.384041+00:00, run_after=2026-06-08T14:52:05.384041+00:00
[2026-06-07T21:03:02.612+0000] {processor.py:179} INFO - Processing /opt/airflow/dags/S3_UPLOAD_DAG.py took 0.079 seconds
[2026-06-07T21:03:32.687+0000] {processor.py:157} INFO - Started process (PID=1288) to work on /opt/airflow/dags/S3_UPLOAD_DAG.py
[2026-06-07T21:03:32.688+0000] {processor.py:829} INFO - Processing file /opt/airflow/dags/S3_UPLOAD_DAG.py for tasks to queue
[2026-06-07T21:03:32.689+0000] {logging_mixin.py:154} INFO - [2026-06-07T21:03:32.688+0000] {dagbag.py:536} INFO - Filling up the DagBag from /opt/airflow/dags/S3_UPLOAD_DAG.py
[2026-06-07T21:03:32.703+0000] {processor.py:839} INFO - DAG(s) dict_keys(['daily_vulnerability_ingestion']) retrieved from /opt/airflow/dags/S3_UPLOAD_DAG.py
[2026-06-07T21:03:32.726+0000] {logging_mixin.py:154} INFO - [2026-06-07T21:03:32.725+0000] {dag.py:2941} INFO - Sync 1 DAGs
[2026-06-07T21:03:32.745+0000] {logging_mixin.py:154} INFO - [2026-06-07T21:03:32.745+0000] {dag.py:3722} INFO - Setting next_dagrun for daily_vulnerability_ingestion to 2026-06-07T14:52:05.384041+00:00, run_after=2026-06-08T14:52:05.384041+00:00
[2026-06-07T21:03:32.758+0000] {processor.py:179} INFO - Processing /opt/airflow/dags/S3_UPLOAD_DAG.py took 0.075 seconds
[2026-06-07T21:04:02.938+0000] {processor.py:157} INFO - Started process (PID=1293) to work on /opt/airflow/dags/S3_UPLOAD_DAG.py
[2026-06-07T21:04:02.947+0000] {processor.py:829} INFO - Processing file /opt/airflow/dags/S3_UPLOAD_DAG.py for tasks to queue
[2026-06-07T21:04:02.948+0000] {logging_mixin.py:154} INFO - [2026-06-07T21:04:02.948+0000] {dagbag.py:536} INFO - Filling up the DagBag from /opt/airflow/dags/S3_UPLOAD_DAG.py
[2026-06-07T21:04:02.961+0000] {processor.py:839} INFO - DAG(s) dict_keys(['daily_vulnerability_ingestion']) retrieved from /opt/airflow/dags/S3_UPLOAD_DAG.py
[2026-06-07T21:04:02.983+0000] {logging_mixin.py:154} INFO - [2026-06-07T21:04:02.983+0000] {dag.py:2941} INFO - Sync 1 DAGs
[2026-06-07T21:04:03.002+0000] {logging_mixin.py:154} INFO - [2026-06-07T21:04:03.002+0000] {dag.py:3722} INFO - Setting next_dagrun for daily_vulnerability_ingestion to 2026-06-07T14:52:05.384041+00:00, run_after=2026-06-08T14:52:05.384041+00:00
[2026-06-07T21:04:03.015+0000] {processor.py:179} INFO - Processing /opt/airflow/dags/S3_UPLOAD_DAG.py took 0.080 seconds
[2026-06-07T21:04:33.146+0000] {processor.py:157} INFO - Started process (PID=1298) to work on /opt/airflow/dags/S3_UPLOAD_DAG.py
[2026-06-07T21:04:33.148+0000] {processor.py:829} INFO - Processing file /opt/airflow/dags/S3_UPLOAD_DAG.py for tasks to queue
[2026-06-07T21:04:33.149+0000] {logging_mixin.py:154} INFO - [2026-06-07T21:04:33.148+0000] {dagbag.py:536} INFO - Filling up the DagBag from /opt/airflow/dags/S3_UPLOAD_DAG.py
[2026-06-07T21:04:33.168+0000] {processor.py:839} INFO - DAG(s) dict_keys(['daily_vulnerability_ingestion']) retrieved from /opt/airflow/dags/S3_UPLOAD_DAG.py
[2026-06-07T21:04:33.189+0000] {logging_mixin.py:154} INFO - [2026-06-07T21:04:33.189+0000] {dag.py:2941} INFO - Sync 1 DAGs
[2026-06-07T21:04:33.206+0000] {logging_mixin.py:154} INFO - [2026-06-07T21:04:33.206+0000] {dag.py:3722} INFO - Setting next_dagrun for daily_vulnerability_ingestion to 2026-06-07T14:52:05.384041+00:00, run_after=2026-06-08T14:52:05.384041+00:00
[2026-06-07T21:04:33.220+0000] {processor.py:179} INFO - Processing /opt/airflow/dags/S3_UPLOAD_DAG.py took 0.083 seconds
[2026-06-07T21:05:03.351+0000] {processor.py:157} INFO - Started process (PID=1303) to work on /opt/airflow/dags/S3_UPLOAD_DAG.py
[2026-06-07T21:05:03.360+0000] {processor.py:829} INFO - Processing file /opt/airflow/dags/S3_UPLOAD_DAG.py for tasks to queue
[2026-06-07T21:05:03.361+0000] {logging_mixin.py:154} INFO - [2026-06-07T21:05:03.360+0000] {dagbag.py:536} INFO - Filling up the DagBag from /opt/airflow/dags/S3_UPLOAD_DAG.py
[2026-06-07T21:05:03.373+0000] {processor.py:839} INFO - DAG(s) dict_keys(['daily_vulnerability_ingestion']) retrieved from /opt/airflow/dags/S3_UPLOAD_DAG.py
[2026-06-07T21:05:03.393+0000] {logging_mixin.py:154} INFO - [2026-06-07T21:05:03.393+0000] {dag.py:2941} INFO - Sync 1 DAGs
[2026-06-07T21:05:03.411+0000] {logging_mixin.py:154} INFO - [2026-06-07T21:05:03.411+0000] {dag.py:3722} INFO - Setting next_dagrun for daily_vulnerability_ingestion to 2026-06-07T14:52:05.384041+00:00, run_after=2026-06-08T14:52:05.384041+00:00
[2026-06-07T21:05:03.424+0000] {processor.py:179} INFO - Processing /opt/airflow/dags/S3_UPLOAD_DAG.py took 0.075 seconds
[2026-06-07T21:05:33.549+0000] {processor.py:157} INFO - Started process (PID=1308) to work on /opt/airflow/dags/S3_UPLOAD_DAG.py
[2026-06-07T21:05:33.550+0000] {processor.py:829} INFO - Processing file /opt/airflow/dags/S3_UPLOAD_DAG.py for tasks to queue
[2026-06-07T21:05:33.552+0000] {logging_mixin.py:154} INFO - [2026-06-07T21:05:33.551+0000] {dagbag.py:536} INFO - Filling up the DagBag from /opt/airflow/dags/S3_UPLOAD_DAG.py
[2026-06-07T21:05:33.570+0000] {processor.py:839} INFO - DAG(s) dict_keys(['daily_vulnerability_ingestion']) retrieved from /opt/airflow/dags/S3_UPLOAD_DAG.py
[2026-06-07T21:05:33.590+0000] {logging_mixin.py:154} INFO - [2026-06-07T21:05:33.590+0000] {dag.py:2941} INFO - Sync 1 DAGs
[2026-06-07T21:05:33.607+0000] {logging_mixin.py:154} INFO - [2026-06-07T21:05:33.607+0000] {dag.py:3722} INFO - Setting next_dagrun for daily_vulnerability_ingestion to 2026-06-07T14:52:05.384041+00:00, run_after=2026-06-08T14:52:05.384041+00:00
[2026-06-07T21:05:33.621+0000] {processor.py:179} INFO - Processing /opt/airflow/dags/S3_UPLOAD_DAG.py took 0.077 seconds
[2026-06-07T21:06:03.759+0000] {processor.py:157} INFO - Started process (PID=1313) to work on /opt/airflow/dags/S3_UPLOAD_DAG.py
[2026-06-07T21:06:03.768+0000] {processor.py:829} INFO - Processing file /opt/airflow/dags/S3_UPLOAD_DAG.py for tasks to queue
[2026-06-07T21:06:03.769+0000] {logging_mixin.py:154} INFO - [2026-06-07T21:06:03.768+0000] {dagbag.py:536} INFO - Filling up the DagBag from /opt/airflow/dags/S3_UPLOAD_DAG.py
[2026-06-07T21:06:03.782+0000] {processor.py:839} INFO - DAG(s) dict_keys(['daily_vulnerability_ingestion']) retrieved from /opt/airflow/dags/S3_UPLOAD_DAG.py
[2026-06-07T21:06:03.805+0000] {logging_mixin.py:154} INFO - [2026-06-07T21:06:03.805+0000] {dag.py:2941} INFO - Sync 1 DAGs
[2026-06-07T21:06:03.823+0000] {logging_mixin.py:154} INFO - [2026-06-07T21:06:03.822+0000] {dag.py:3722} INFO - Setting next_dagrun for daily_vulnerability_ingestion to 2026-06-07T14:52:05.384041+00:00, run_after=2026-06-08T14:52:05.384041+00:00
[2026-06-07T21:06:03.836+0000] {processor.py:179} INFO - Processing /opt/airflow/dags/S3_UPLOAD_DAG.py took 0.080 seconds
