[2026-06-19T18:16:41.336+0000] {processor.py:157} INFO - Started process (PID=153) to work on /opt/airflow/dags/report_hourly_dag.py
[2026-06-19T18:16:41.337+0000] {processor.py:829} INFO - Processing file /opt/airflow/dags/report_hourly_dag.py for tasks to queue
[2026-06-19T18:16:41.338+0000] {logging_mixin.py:154} INFO - [2026-06-19T18:16:41.338+0000] {dagbag.py:536} INFO - Filling up the DagBag from /opt/airflow/dags/report_hourly_dag.py
[2026-06-19T18:16:41.362+0000] {processor.py:839} INFO - DAG(s) dict_keys(['report_hourly_dag']) retrieved from /opt/airflow/dags/report_hourly_dag.py
[2026-06-19T18:16:41.407+0000] {logging_mixin.py:154} INFO - [2026-06-19T18:16:41.407+0000] {dag.py:2941} INFO - Sync 1 DAGs
[2026-06-19T18:16:41.437+0000] {logging_mixin.py:154} INFO - [2026-06-19T18:16:41.437+0000] {dag.py:3722} INFO - Setting next_dagrun for report_hourly_dag to 2026-06-19T01:58:00+00:00, run_after=2026-06-19T01:59:00+00:00
[2026-06-19T18:16:41.459+0000] {processor.py:179} INFO - Processing /opt/airflow/dags/report_hourly_dag.py took 0.126 seconds
[2026-06-19T18:17:11.752+0000] {processor.py:157} INFO - Started process (PID=168) to work on /opt/airflow/dags/report_hourly_dag.py
[2026-06-19T18:17:11.755+0000] {processor.py:829} INFO - Processing file /opt/airflow/dags/report_hourly_dag.py for tasks to queue
[2026-06-19T18:17:11.756+0000] {logging_mixin.py:154} INFO - [2026-06-19T18:17:11.756+0000] {dagbag.py:536} INFO - Filling up the DagBag from /opt/airflow/dags/report_hourly_dag.py
[2026-06-19T18:17:11.765+0000] {processor.py:839} INFO - DAG(s) dict_keys(['report_hourly_dag']) retrieved from /opt/airflow/dags/report_hourly_dag.py
[2026-06-19T18:17:11.784+0000] {logging_mixin.py:154} INFO - [2026-06-19T18:17:11.784+0000] {dag.py:2941} INFO - Sync 1 DAGs
[2026-06-19T18:17:11.808+0000] {logging_mixin.py:154} INFO - [2026-06-19T18:17:11.808+0000] {dag.py:3722} INFO - Setting next_dagrun for report_hourly_dag to 2026-06-19T01:58:00+00:00, run_after=2026-06-19T01:59:00+00:00
[2026-06-19T18:17:11.820+0000] {processor.py:179} INFO - Processing /opt/airflow/dags/report_hourly_dag.py took 0.072 seconds
[2026-06-19T18:17:42.048+0000] {processor.py:157} INFO - Started process (PID=183) to work on /opt/airflow/dags/report_hourly_dag.py
[2026-06-19T18:17:42.051+0000] {processor.py:829} INFO - Processing file /opt/airflow/dags/report_hourly_dag.py for tasks to queue
[2026-06-19T18:17:42.052+0000] {logging_mixin.py:154} INFO - [2026-06-19T18:17:42.052+0000] {dagbag.py:536} INFO - Filling up the DagBag from /opt/airflow/dags/report_hourly_dag.py
[2026-06-19T18:17:42.062+0000] {processor.py:839} INFO - DAG(s) dict_keys(['report_hourly_dag']) retrieved from /opt/airflow/dags/report_hourly_dag.py
[2026-06-19T18:17:42.082+0000] {logging_mixin.py:154} INFO - [2026-06-19T18:17:42.082+0000] {dag.py:2941} INFO - Sync 1 DAGs
[2026-06-19T18:17:42.098+0000] {logging_mixin.py:154} INFO - [2026-06-19T18:17:42.098+0000] {dag.py:3722} INFO - Setting next_dagrun for report_hourly_dag to 2026-06-19T01:58:00+00:00, run_after=2026-06-19T01:59:00+00:00
[2026-06-19T18:17:42.111+0000] {processor.py:179} INFO - Processing /opt/airflow/dags/report_hourly_dag.py took 0.067 seconds
[2026-06-19T18:18:12.345+0000] {processor.py:157} INFO - Started process (PID=198) to work on /opt/airflow/dags/report_hourly_dag.py
[2026-06-19T18:18:12.346+0000] {processor.py:829} INFO - Processing file /opt/airflow/dags/report_hourly_dag.py for tasks to queue
[2026-06-19T18:18:12.347+0000] {logging_mixin.py:154} INFO - [2026-06-19T18:18:12.347+0000] {dagbag.py:536} INFO - Filling up the DagBag from /opt/airflow/dags/report_hourly_dag.py
[2026-06-19T18:18:12.361+0000] {processor.py:839} INFO - DAG(s) dict_keys(['report_hourly_dag']) retrieved from /opt/airflow/dags/report_hourly_dag.py
[2026-06-19T18:18:12.376+0000] {logging_mixin.py:154} INFO - [2026-06-19T18:18:12.376+0000] {dag.py:2941} INFO - Sync 1 DAGs
[2026-06-19T18:18:12.392+0000] {logging_mixin.py:154} INFO - [2026-06-19T18:18:12.392+0000] {dag.py:3722} INFO - Setting next_dagrun for report_hourly_dag to 2026-06-19T01:58:00+00:00, run_after=2026-06-19T01:59:00+00:00
[2026-06-19T18:18:12.405+0000] {processor.py:179} INFO - Processing /opt/airflow/dags/report_hourly_dag.py took 0.065 seconds
[2026-06-19T18:18:42.608+0000] {processor.py:157} INFO - Started process (PID=213) to work on /opt/airflow/dags/report_hourly_dag.py
[2026-06-19T18:18:42.609+0000] {processor.py:829} INFO - Processing file /opt/airflow/dags/report_hourly_dag.py for tasks to queue
[2026-06-19T18:18:42.610+0000] {logging_mixin.py:154} INFO - [2026-06-19T18:18:42.609+0000] {dagbag.py:536} INFO - Filling up the DagBag from /opt/airflow/dags/report_hourly_dag.py
[2026-06-19T18:18:42.620+0000] {processor.py:839} INFO - DAG(s) dict_keys(['report_hourly_dag']) retrieved from /opt/airflow/dags/report_hourly_dag.py
[2026-06-19T18:18:42.637+0000] {logging_mixin.py:154} INFO - [2026-06-19T18:18:42.637+0000] {dag.py:2941} INFO - Sync 1 DAGs
[2026-06-19T18:18:42.657+0000] {logging_mixin.py:154} INFO - [2026-06-19T18:18:42.656+0000] {dag.py:3722} INFO - Setting next_dagrun for report_hourly_dag to 2026-06-19T01:58:00+00:00, run_after=2026-06-19T01:59:00+00:00
[2026-06-19T18:18:42.673+0000] {processor.py:179} INFO - Processing /opt/airflow/dags/report_hourly_dag.py took 0.068 seconds
[2026-06-19T18:19:12.900+0000] {processor.py:157} INFO - Started process (PID=228) to work on /opt/airflow/dags/report_hourly_dag.py
[2026-06-19T18:19:12.901+0000] {processor.py:829} INFO - Processing file /opt/airflow/dags/report_hourly_dag.py for tasks to queue
[2026-06-19T18:19:12.902+0000] {logging_mixin.py:154} INFO - [2026-06-19T18:19:12.901+0000] {dagbag.py:536} INFO - Filling up the DagBag from /opt/airflow/dags/report_hourly_dag.py
[2026-06-19T18:19:12.914+0000] {processor.py:839} INFO - DAG(s) dict_keys(['report_hourly_dag']) retrieved from /opt/airflow/dags/report_hourly_dag.py
[2026-06-19T18:19:12.931+0000] {logging_mixin.py:154} INFO - [2026-06-19T18:19:12.930+0000] {dag.py:2941} INFO - Sync 1 DAGs
[2026-06-19T18:19:12.947+0000] {logging_mixin.py:154} INFO - [2026-06-19T18:19:12.946+0000] {dag.py:3722} INFO - Setting next_dagrun for report_hourly_dag to 2026-06-19T01:58:00+00:00, run_after=2026-06-19T01:59:00+00:00
[2026-06-19T18:19:12.959+0000] {processor.py:179} INFO - Processing /opt/airflow/dags/report_hourly_dag.py took 0.064 seconds
[2026-06-19T18:19:43.161+0000] {processor.py:157} INFO - Started process (PID=243) to work on /opt/airflow/dags/report_hourly_dag.py
[2026-06-19T18:19:43.161+0000] {processor.py:829} INFO - Processing file /opt/airflow/dags/report_hourly_dag.py for tasks to queue
[2026-06-19T18:19:43.162+0000] {logging_mixin.py:154} INFO - [2026-06-19T18:19:43.162+0000] {dagbag.py:536} INFO - Filling up the DagBag from /opt/airflow/dags/report_hourly_dag.py
[2026-06-19T18:19:43.170+0000] {processor.py:839} INFO - DAG(s) dict_keys(['report_hourly_dag']) retrieved from /opt/airflow/dags/report_hourly_dag.py
[2026-06-19T18:19:43.186+0000] {logging_mixin.py:154} INFO - [2026-06-19T18:19:43.185+0000] {dag.py:2941} INFO - Sync 1 DAGs
[2026-06-19T18:19:43.206+0000] {logging_mixin.py:154} INFO - [2026-06-19T18:19:43.206+0000] {dag.py:3722} INFO - Setting next_dagrun for report_hourly_dag to 2026-06-19T01:58:00+00:00, run_after=2026-06-19T01:59:00+00:00
[2026-06-19T18:19:43.221+0000] {processor.py:179} INFO - Processing /opt/airflow/dags/report_hourly_dag.py took 0.063 seconds
[2026-06-19T18:20:13.443+0000] {processor.py:157} INFO - Started process (PID=258) to work on /opt/airflow/dags/report_hourly_dag.py
[2026-06-19T18:20:13.445+0000] {processor.py:829} INFO - Processing file /opt/airflow/dags/report_hourly_dag.py for tasks to queue
[2026-06-19T18:20:13.445+0000] {logging_mixin.py:154} INFO - [2026-06-19T18:20:13.445+0000] {dagbag.py:536} INFO - Filling up the DagBag from /opt/airflow/dags/report_hourly_dag.py
[2026-06-19T18:20:13.453+0000] {processor.py:839} INFO - DAG(s) dict_keys(['report_hourly_dag']) retrieved from /opt/airflow/dags/report_hourly_dag.py
[2026-06-19T18:20:13.473+0000] {logging_mixin.py:154} INFO - [2026-06-19T18:20:13.472+0000] {dag.py:2941} INFO - Sync 1 DAGs
[2026-06-19T18:20:13.495+0000] {logging_mixin.py:154} INFO - [2026-06-19T18:20:13.495+0000] {dag.py:3722} INFO - Setting next_dagrun for report_hourly_dag to 2026-06-19T01:58:00+00:00, run_after=2026-06-19T01:59:00+00:00
[2026-06-19T18:20:13.508+0000] {processor.py:179} INFO - Processing /opt/airflow/dags/report_hourly_dag.py took 0.066 seconds
[2026-06-19T18:20:43.725+0000] {processor.py:157} INFO - Started process (PID=273) to work on /opt/airflow/dags/report_hourly_dag.py
[2026-06-19T18:20:43.726+0000] {processor.py:829} INFO - Processing file /opt/airflow/dags/report_hourly_dag.py for tasks to queue
[2026-06-19T18:20:43.726+0000] {logging_mixin.py:154} INFO - [2026-06-19T18:20:43.726+0000] {dagbag.py:536} INFO - Filling up the DagBag from /opt/airflow/dags/report_hourly_dag.py
[2026-06-19T18:20:43.735+0000] {processor.py:839} INFO - DAG(s) dict_keys(['report_hourly_dag']) retrieved from /opt/airflow/dags/report_hourly_dag.py
[2026-06-19T18:20:43.749+0000] {logging_mixin.py:154} INFO - [2026-06-19T18:20:43.749+0000] {dag.py:2941} INFO - Sync 1 DAGs
[2026-06-19T18:20:43.765+0000] {logging_mixin.py:154} INFO - [2026-06-19T18:20:43.765+0000] {dag.py:3722} INFO - Setting next_dagrun for report_hourly_dag to 2026-06-19T01:58:00+00:00, run_after=2026-06-19T01:59:00+00:00
[2026-06-19T18:20:43.778+0000] {processor.py:179} INFO - Processing /opt/airflow/dags/report_hourly_dag.py took 0.056 seconds
[2026-06-19T18:21:14.019+0000] {processor.py:157} INFO - Started process (PID=288) to work on /opt/airflow/dags/report_hourly_dag.py
[2026-06-19T18:21:14.021+0000] {processor.py:829} INFO - Processing file /opt/airflow/dags/report_hourly_dag.py for tasks to queue
[2026-06-19T18:21:14.022+0000] {logging_mixin.py:154} INFO - [2026-06-19T18:21:14.021+0000] {dagbag.py:536} INFO - Filling up the DagBag from /opt/airflow/dags/report_hourly_dag.py
[2026-06-19T18:21:14.031+0000] {processor.py:839} INFO - DAG(s) dict_keys(['report_hourly_dag']) retrieved from /opt/airflow/dags/report_hourly_dag.py
[2026-06-19T18:21:14.048+0000] {logging_mixin.py:154} INFO - [2026-06-19T18:21:14.047+0000] {dag.py:2941} INFO - Sync 1 DAGs
[2026-06-19T18:21:14.064+0000] {logging_mixin.py:154} INFO - [2026-06-19T18:21:14.064+0000] {dag.py:3722} INFO - Setting next_dagrun for report_hourly_dag to 2026-06-19T01:58:00+00:00, run_after=2026-06-19T01:59:00+00:00
[2026-06-19T18:21:14.076+0000] {processor.py:179} INFO - Processing /opt/airflow/dags/report_hourly_dag.py took 0.061 seconds
[2026-06-19T18:21:44.338+0000] {processor.py:157} INFO - Started process (PID=303) to work on /opt/airflow/dags/report_hourly_dag.py
[2026-06-19T18:21:44.339+0000] {processor.py:829} INFO - Processing file /opt/airflow/dags/report_hourly_dag.py for tasks to queue
[2026-06-19T18:21:44.339+0000] {logging_mixin.py:154} INFO - [2026-06-19T18:21:44.339+0000] {dagbag.py:536} INFO - Filling up the DagBag from /opt/airflow/dags/report_hourly_dag.py
[2026-06-19T18:21:44.348+0000] {processor.py:839} INFO - DAG(s) dict_keys(['report_hourly_dag']) retrieved from /opt/airflow/dags/report_hourly_dag.py
[2026-06-19T18:21:44.366+0000] {logging_mixin.py:154} INFO - [2026-06-19T18:21:44.365+0000] {dag.py:2941} INFO - Sync 1 DAGs
[2026-06-19T18:21:44.382+0000] {logging_mixin.py:154} INFO - [2026-06-19T18:21:44.382+0000] {dag.py:3722} INFO - Setting next_dagrun for report_hourly_dag to 2026-06-19T01:58:00+00:00, run_after=2026-06-19T01:59:00+00:00
[2026-06-19T18:21:44.394+0000] {processor.py:179} INFO - Processing /opt/airflow/dags/report_hourly_dag.py took 0.059 seconds
[2026-06-19T18:22:14.596+0000] {processor.py:157} INFO - Started process (PID=318) to work on /opt/airflow/dags/report_hourly_dag.py
[2026-06-19T18:22:14.600+0000] {processor.py:829} INFO - Processing file /opt/airflow/dags/report_hourly_dag.py for tasks to queue
[2026-06-19T18:22:14.601+0000] {logging_mixin.py:154} INFO - [2026-06-19T18:22:14.601+0000] {dagbag.py:536} INFO - Filling up the DagBag from /opt/airflow/dags/report_hourly_dag.py
[2026-06-19T18:22:14.608+0000] {processor.py:839} INFO - DAG(s) dict_keys(['report_hourly_dag']) retrieved from /opt/airflow/dags/report_hourly_dag.py
[2026-06-19T18:22:14.625+0000] {logging_mixin.py:154} INFO - [2026-06-19T18:22:14.625+0000] {dag.py:2941} INFO - Sync 1 DAGs
[2026-06-19T18:22:14.642+0000] {logging_mixin.py:154} INFO - [2026-06-19T18:22:14.642+0000] {dag.py:3722} INFO - Setting next_dagrun for report_hourly_dag to 2026-06-19T01:58:00+00:00, run_after=2026-06-19T01:59:00+00:00
[2026-06-19T18:22:14.654+0000] {processor.py:179} INFO - Processing /opt/airflow/dags/report_hourly_dag.py took 0.060 seconds
[2026-06-19T18:22:44.875+0000] {processor.py:157} INFO - Started process (PID=333) to work on /opt/airflow/dags/report_hourly_dag.py
[2026-06-19T18:22:44.876+0000] {processor.py:829} INFO - Processing file /opt/airflow/dags/report_hourly_dag.py for tasks to queue
[2026-06-19T18:22:44.877+0000] {logging_mixin.py:154} INFO - [2026-06-19T18:22:44.876+0000] {dagbag.py:536} INFO - Filling up the DagBag from /opt/airflow/dags/report_hourly_dag.py
[2026-06-19T18:22:44.886+0000] {processor.py:839} INFO - DAG(s) dict_keys(['report_hourly_dag']) retrieved from /opt/airflow/dags/report_hourly_dag.py
[2026-06-19T18:22:44.902+0000] {logging_mixin.py:154} INFO - [2026-06-19T18:22:44.902+0000] {dag.py:2941} INFO - Sync 1 DAGs
[2026-06-19T18:22:44.918+0000] {logging_mixin.py:154} INFO - [2026-06-19T18:22:44.918+0000] {dag.py:3722} INFO - Setting next_dagrun for report_hourly_dag to 2026-06-19T01:58:00+00:00, run_after=2026-06-19T01:59:00+00:00
[2026-06-19T18:22:44.930+0000] {processor.py:179} INFO - Processing /opt/airflow/dags/report_hourly_dag.py took 0.060 seconds
[2026-06-19T18:23:15.147+0000] {processor.py:157} INFO - Started process (PID=348) to work on /opt/airflow/dags/report_hourly_dag.py
[2026-06-19T18:23:15.151+0000] {processor.py:829} INFO - Processing file /opt/airflow/dags/report_hourly_dag.py for tasks to queue
[2026-06-19T18:23:15.151+0000] {logging_mixin.py:154} INFO - [2026-06-19T18:23:15.151+0000] {dagbag.py:536} INFO - Filling up the DagBag from /opt/airflow/dags/report_hourly_dag.py
[2026-06-19T18:23:15.159+0000] {processor.py:839} INFO - DAG(s) dict_keys(['report_hourly_dag']) retrieved from /opt/airflow/dags/report_hourly_dag.py
[2026-06-19T18:23:15.175+0000] {logging_mixin.py:154} INFO - [2026-06-19T18:23:15.175+0000] {dag.py:2941} INFO - Sync 1 DAGs
[2026-06-19T18:23:15.193+0000] {logging_mixin.py:154} INFO - [2026-06-19T18:23:15.193+0000] {dag.py:3722} INFO - Setting next_dagrun for report_hourly_dag to 2026-06-19T01:58:00+00:00, run_after=2026-06-19T01:59:00+00:00
[2026-06-19T18:23:15.213+0000] {processor.py:179} INFO - Processing /opt/airflow/dags/report_hourly_dag.py took 0.068 seconds
[2026-06-19T18:23:45.450+0000] {processor.py:157} INFO - Started process (PID=363) to work on /opt/airflow/dags/report_hourly_dag.py
[2026-06-19T18:23:45.453+0000] {processor.py:829} INFO - Processing file /opt/airflow/dags/report_hourly_dag.py for tasks to queue
[2026-06-19T18:23:45.453+0000] {logging_mixin.py:154} INFO - [2026-06-19T18:23:45.453+0000] {dagbag.py:536} INFO - Filling up the DagBag from /opt/airflow/dags/report_hourly_dag.py
[2026-06-19T18:23:45.463+0000] {processor.py:839} INFO - DAG(s) dict_keys(['report_hourly_dag']) retrieved from /opt/airflow/dags/report_hourly_dag.py
[2026-06-19T18:23:45.488+0000] {logging_mixin.py:154} INFO - [2026-06-19T18:23:45.488+0000] {dag.py:2941} INFO - Sync 1 DAGs
[2026-06-19T18:23:45.505+0000] {logging_mixin.py:154} INFO - [2026-06-19T18:23:45.505+0000] {dag.py:3722} INFO - Setting next_dagrun for report_hourly_dag to 2026-06-19T01:58:00+00:00, run_after=2026-06-19T01:59:00+00:00
[2026-06-19T18:23:45.518+0000] {processor.py:179} INFO - Processing /opt/airflow/dags/report_hourly_dag.py took 0.072 seconds
[2026-06-19T18:24:15.747+0000] {processor.py:157} INFO - Started process (PID=378) to work on /opt/airflow/dags/report_hourly_dag.py
[2026-06-19T18:24:15.750+0000] {processor.py:829} INFO - Processing file /opt/airflow/dags/report_hourly_dag.py for tasks to queue
[2026-06-19T18:24:15.750+0000] {logging_mixin.py:154} INFO - [2026-06-19T18:24:15.750+0000] {dagbag.py:536} INFO - Filling up the DagBag from /opt/airflow/dags/report_hourly_dag.py
[2026-06-19T18:24:15.760+0000] {processor.py:839} INFO - DAG(s) dict_keys(['report_hourly_dag']) retrieved from /opt/airflow/dags/report_hourly_dag.py
[2026-06-19T18:24:15.777+0000] {logging_mixin.py:154} INFO - [2026-06-19T18:24:15.776+0000] {dag.py:2941} INFO - Sync 1 DAGs
[2026-06-19T18:24:15.795+0000] {logging_mixin.py:154} INFO - [2026-06-19T18:24:15.795+0000] {dag.py:3722} INFO - Setting next_dagrun for report_hourly_dag to 2026-06-19T01:58:00+00:00, run_after=2026-06-19T01:59:00+00:00
[2026-06-19T18:24:15.808+0000] {processor.py:179} INFO - Processing /opt/airflow/dags/report_hourly_dag.py took 0.065 seconds
[2026-06-19T18:24:46.033+0000] {processor.py:157} INFO - Started process (PID=393) to work on /opt/airflow/dags/report_hourly_dag.py
[2026-06-19T18:24:46.034+0000] {processor.py:829} INFO - Processing file /opt/airflow/dags/report_hourly_dag.py for tasks to queue
[2026-06-19T18:24:46.034+0000] {logging_mixin.py:154} INFO - [2026-06-19T18:24:46.034+0000] {dagbag.py:536} INFO - Filling up the DagBag from /opt/airflow/dags/report_hourly_dag.py
[2026-06-19T18:24:46.044+0000] {processor.py:839} INFO - DAG(s) dict_keys(['report_hourly_dag']) retrieved from /opt/airflow/dags/report_hourly_dag.py
[2026-06-19T18:24:46.059+0000] {logging_mixin.py:154} INFO - [2026-06-19T18:24:46.059+0000] {dag.py:2941} INFO - Sync 1 DAGs
[2026-06-19T18:24:46.075+0000] {logging_mixin.py:154} INFO - [2026-06-19T18:24:46.075+0000] {dag.py:3722} INFO - Setting next_dagrun for report_hourly_dag to 2026-06-19T01:58:00+00:00, run_after=2026-06-19T01:59:00+00:00
[2026-06-19T18:24:46.087+0000] {processor.py:179} INFO - Processing /opt/airflow/dags/report_hourly_dag.py took 0.058 seconds
[2026-06-19T18:25:16.288+0000] {processor.py:157} INFO - Started process (PID=408) to work on /opt/airflow/dags/report_hourly_dag.py
[2026-06-19T18:25:16.290+0000] {processor.py:829} INFO - Processing file /opt/airflow/dags/report_hourly_dag.py for tasks to queue
[2026-06-19T18:25:16.291+0000] {logging_mixin.py:154} INFO - [2026-06-19T18:25:16.291+0000] {dagbag.py:536} INFO - Filling up the DagBag from /opt/airflow/dags/report_hourly_dag.py
[2026-06-19T18:25:16.304+0000] {processor.py:839} INFO - DAG(s) dict_keys(['report_hourly_dag']) retrieved from /opt/airflow/dags/report_hourly_dag.py
[2026-06-19T18:25:16.322+0000] {logging_mixin.py:154} INFO - [2026-06-19T18:25:16.322+0000] {dag.py:2941} INFO - Sync 1 DAGs
[2026-06-19T18:25:16.339+0000] {logging_mixin.py:154} INFO - [2026-06-19T18:25:16.338+0000] {dag.py:3722} INFO - Setting next_dagrun for report_hourly_dag to 2026-06-19T01:58:00+00:00, run_after=2026-06-19T01:59:00+00:00
[2026-06-19T18:25:16.350+0000] {processor.py:179} INFO - Processing /opt/airflow/dags/report_hourly_dag.py took 0.067 seconds
[2026-06-19T18:25:46.571+0000] {processor.py:157} INFO - Started process (PID=423) to work on /opt/airflow/dags/report_hourly_dag.py
[2026-06-19T18:25:46.571+0000] {processor.py:829} INFO - Processing file /opt/airflow/dags/report_hourly_dag.py for tasks to queue
[2026-06-19T18:25:46.572+0000] {logging_mixin.py:154} INFO - [2026-06-19T18:25:46.572+0000] {dagbag.py:536} INFO - Filling up the DagBag from /opt/airflow/dags/report_hourly_dag.py
[2026-06-19T18:25:46.582+0000] {processor.py:839} INFO - DAG(s) dict_keys(['report_hourly_dag']) retrieved from /opt/airflow/dags/report_hourly_dag.py
[2026-06-19T18:25:46.598+0000] {logging_mixin.py:154} INFO - [2026-06-19T18:25:46.598+0000] {dag.py:2941} INFO - Sync 1 DAGs
[2026-06-19T18:25:46.693+0000] {logging_mixin.py:154} INFO - [2026-06-19T18:25:46.693+0000] {dag.py:3722} INFO - Setting next_dagrun for report_hourly_dag to 2026-06-19T01:58:00+00:00, run_after=2026-06-19T01:59:00+00:00
[2026-06-19T18:25:46.704+0000] {processor.py:179} INFO - Processing /opt/airflow/dags/report_hourly_dag.py took 0.137 seconds
[2026-06-19T18:26:17.002+0000] {processor.py:157} INFO - Started process (PID=438) to work on /opt/airflow/dags/report_hourly_dag.py
[2026-06-19T18:26:17.003+0000] {processor.py:829} INFO - Processing file /opt/airflow/dags/report_hourly_dag.py for tasks to queue
[2026-06-19T18:26:17.004+0000] {logging_mixin.py:154} INFO - [2026-06-19T18:26:17.003+0000] {dagbag.py:536} INFO - Filling up the DagBag from /opt/airflow/dags/report_hourly_dag.py
[2026-06-19T18:26:17.018+0000] {processor.py:839} INFO - DAG(s) dict_keys(['report_hourly_dag']) retrieved from /opt/airflow/dags/report_hourly_dag.py
[2026-06-19T18:26:17.036+0000] {logging_mixin.py:154} INFO - [2026-06-19T18:26:17.036+0000] {dag.py:2941} INFO - Sync 1 DAGs
[2026-06-19T18:26:17.053+0000] {logging_mixin.py:154} INFO - [2026-06-19T18:26:17.053+0000] {dag.py:3722} INFO - Setting next_dagrun for report_hourly_dag to 2026-06-19T01:58:00+00:00, run_after=2026-06-19T01:59:00+00:00
[2026-06-19T18:26:17.066+0000] {processor.py:179} INFO - Processing /opt/airflow/dags/report_hourly_dag.py took 0.070 seconds
[2026-06-19T18:26:47.299+0000] {processor.py:157} INFO - Started process (PID=453) to work on /opt/airflow/dags/report_hourly_dag.py
[2026-06-19T18:26:47.300+0000] {processor.py:829} INFO - Processing file /opt/airflow/dags/report_hourly_dag.py for tasks to queue
[2026-06-19T18:26:47.301+0000] {logging_mixin.py:154} INFO - [2026-06-19T18:26:47.301+0000] {dagbag.py:536} INFO - Filling up the DagBag from /opt/airflow/dags/report_hourly_dag.py
[2026-06-19T18:26:47.315+0000] {processor.py:839} INFO - DAG(s) dict_keys(['report_hourly_dag']) retrieved from /opt/airflow/dags/report_hourly_dag.py
[2026-06-19T18:26:47.335+0000] {logging_mixin.py:154} INFO - [2026-06-19T18:26:47.335+0000] {dag.py:2941} INFO - Sync 1 DAGs
[2026-06-19T18:26:47.352+0000] {logging_mixin.py:154} INFO - [2026-06-19T18:26:47.352+0000] {dag.py:3722} INFO - Setting next_dagrun for report_hourly_dag to 2026-06-19T01:58:00+00:00, run_after=2026-06-19T01:59:00+00:00
[2026-06-19T18:26:47.368+0000] {processor.py:179} INFO - Processing /opt/airflow/dags/report_hourly_dag.py took 0.073 seconds
[2026-06-19T18:27:17.576+0000] {processor.py:157} INFO - Started process (PID=468) to work on /opt/airflow/dags/report_hourly_dag.py
[2026-06-19T18:27:17.581+0000] {processor.py:829} INFO - Processing file /opt/airflow/dags/report_hourly_dag.py for tasks to queue
[2026-06-19T18:27:17.582+0000] {logging_mixin.py:154} INFO - [2026-06-19T18:27:17.581+0000] {dagbag.py:536} INFO - Filling up the DagBag from /opt/airflow/dags/report_hourly_dag.py
[2026-06-19T18:27:17.589+0000] {processor.py:839} INFO - DAG(s) dict_keys(['report_hourly_dag']) retrieved from /opt/airflow/dags/report_hourly_dag.py
[2026-06-19T18:27:17.605+0000] {logging_mixin.py:154} INFO - [2026-06-19T18:27:17.605+0000] {dag.py:2941} INFO - Sync 1 DAGs
[2026-06-19T18:27:17.622+0000] {logging_mixin.py:154} INFO - [2026-06-19T18:27:17.622+0000] {dag.py:3722} INFO - Setting next_dagrun for report_hourly_dag to 2026-06-19T01:58:00+00:00, run_after=2026-06-19T01:59:00+00:00
[2026-06-19T18:27:17.635+0000] {processor.py:179} INFO - Processing /opt/airflow/dags/report_hourly_dag.py took 0.061 seconds
[2026-06-19T18:27:47.853+0000] {processor.py:157} INFO - Started process (PID=483) to work on /opt/airflow/dags/report_hourly_dag.py
[2026-06-19T18:27:47.854+0000] {processor.py:829} INFO - Processing file /opt/airflow/dags/report_hourly_dag.py for tasks to queue
[2026-06-19T18:27:47.854+0000] {logging_mixin.py:154} INFO - [2026-06-19T18:27:47.854+0000] {dagbag.py:536} INFO - Filling up the DagBag from /opt/airflow/dags/report_hourly_dag.py
[2026-06-19T18:27:47.863+0000] {processor.py:839} INFO - DAG(s) dict_keys(['report_hourly_dag']) retrieved from /opt/airflow/dags/report_hourly_dag.py
[2026-06-19T18:27:47.878+0000] {logging_mixin.py:154} INFO - [2026-06-19T18:27:47.878+0000] {dag.py:2941} INFO - Sync 1 DAGs
[2026-06-19T18:27:47.895+0000] {logging_mixin.py:154} INFO - [2026-06-19T18:27:47.894+0000] {dag.py:3722} INFO - Setting next_dagrun for report_hourly_dag to 2026-06-19T01:58:00+00:00, run_after=2026-06-19T01:59:00+00:00
[2026-06-19T18:27:47.906+0000] {processor.py:179} INFO - Processing /opt/airflow/dags/report_hourly_dag.py took 0.056 seconds
[2026-06-19T18:28:18.094+0000] {processor.py:157} INFO - Started process (PID=498) to work on /opt/airflow/dags/report_hourly_dag.py
[2026-06-19T18:28:18.095+0000] {processor.py:829} INFO - Processing file /opt/airflow/dags/report_hourly_dag.py for tasks to queue
[2026-06-19T18:28:18.095+0000] {logging_mixin.py:154} INFO - [2026-06-19T18:28:18.095+0000] {dagbag.py:536} INFO - Filling up the DagBag from /opt/airflow/dags/report_hourly_dag.py
[2026-06-19T18:28:18.102+0000] {processor.py:839} INFO - DAG(s) dict_keys(['report_hourly_dag']) retrieved from /opt/airflow/dags/report_hourly_dag.py
[2026-06-19T18:28:18.122+0000] {logging_mixin.py:154} INFO - [2026-06-19T18:28:18.122+0000] {dag.py:2941} INFO - Sync 1 DAGs
[2026-06-19T18:28:18.144+0000] {logging_mixin.py:154} INFO - [2026-06-19T18:28:18.143+0000] {dag.py:3722} INFO - Setting next_dagrun for report_hourly_dag to 2026-06-19T01:58:00+00:00, run_after=2026-06-19T01:59:00+00:00
[2026-06-19T18:28:18.156+0000] {processor.py:179} INFO - Processing /opt/airflow/dags/report_hourly_dag.py took 0.064 seconds
[2026-06-19T18:28:48.389+0000] {processor.py:157} INFO - Started process (PID=513) to work on /opt/airflow/dags/report_hourly_dag.py
[2026-06-19T18:28:48.390+0000] {processor.py:829} INFO - Processing file /opt/airflow/dags/report_hourly_dag.py for tasks to queue
[2026-06-19T18:28:48.390+0000] {logging_mixin.py:154} INFO - [2026-06-19T18:28:48.390+0000] {dagbag.py:536} INFO - Filling up the DagBag from /opt/airflow/dags/report_hourly_dag.py
[2026-06-19T18:28:48.398+0000] {processor.py:839} INFO - DAG(s) dict_keys(['report_hourly_dag']) retrieved from /opt/airflow/dags/report_hourly_dag.py
[2026-06-19T18:28:48.415+0000] {logging_mixin.py:154} INFO - [2026-06-19T18:28:48.415+0000] {dag.py:2941} INFO - Sync 1 DAGs
[2026-06-19T18:28:48.434+0000] {logging_mixin.py:154} INFO - [2026-06-19T18:28:48.433+0000] {dag.py:3722} INFO - Setting next_dagrun for report_hourly_dag to 2026-06-19T01:58:00+00:00, run_after=2026-06-19T01:59:00+00:00
[2026-06-19T18:28:48.446+0000] {processor.py:179} INFO - Processing /opt/airflow/dags/report_hourly_dag.py took 0.060 seconds
[2026-06-19T18:29:18.670+0000] {processor.py:157} INFO - Started process (PID=528) to work on /opt/airflow/dags/report_hourly_dag.py
[2026-06-19T18:29:18.674+0000] {processor.py:829} INFO - Processing file /opt/airflow/dags/report_hourly_dag.py for tasks to queue
[2026-06-19T18:29:18.674+0000] {logging_mixin.py:154} INFO - [2026-06-19T18:29:18.674+0000] {dagbag.py:536} INFO - Filling up the DagBag from /opt/airflow/dags/report_hourly_dag.py
[2026-06-19T18:29:18.683+0000] {processor.py:839} INFO - DAG(s) dict_keys(['report_hourly_dag']) retrieved from /opt/airflow/dags/report_hourly_dag.py
[2026-06-19T18:29:18.700+0000] {logging_mixin.py:154} INFO - [2026-06-19T18:29:18.700+0000] {dag.py:2941} INFO - Sync 1 DAGs
[2026-06-19T18:29:18.720+0000] {logging_mixin.py:154} INFO - [2026-06-19T18:29:18.719+0000] {dag.py:3722} INFO - Setting next_dagrun for report_hourly_dag to 2026-06-19T01:58:00+00:00, run_after=2026-06-19T01:59:00+00:00
[2026-06-19T18:29:18.742+0000] {processor.py:179} INFO - Processing /opt/airflow/dags/report_hourly_dag.py took 0.076 seconds
[2026-06-19T18:29:48.982+0000] {processor.py:157} INFO - Started process (PID=543) to work on /opt/airflow/dags/report_hourly_dag.py
[2026-06-19T18:29:48.983+0000] {processor.py:829} INFO - Processing file /opt/airflow/dags/report_hourly_dag.py for tasks to queue
[2026-06-19T18:29:48.984+0000] {logging_mixin.py:154} INFO - [2026-06-19T18:29:48.983+0000] {dagbag.py:536} INFO - Filling up the DagBag from /opt/airflow/dags/report_hourly_dag.py
[2026-06-19T18:29:48.995+0000] {processor.py:839} INFO - DAG(s) dict_keys(['report_hourly_dag']) retrieved from /opt/airflow/dags/report_hourly_dag.py
[2026-06-19T18:29:49.011+0000] {logging_mixin.py:154} INFO - [2026-06-19T18:29:49.011+0000] {dag.py:2941} INFO - Sync 1 DAGs
[2026-06-19T18:29:49.027+0000] {logging_mixin.py:154} INFO - [2026-06-19T18:29:49.027+0000] {dag.py:3722} INFO - Setting next_dagrun for report_hourly_dag to 2026-06-19T01:58:00+00:00, run_after=2026-06-19T01:59:00+00:00
[2026-06-19T18:29:49.039+0000] {processor.py:179} INFO - Processing /opt/airflow/dags/report_hourly_dag.py took 0.061 seconds
[2026-06-19T18:30:19.277+0000] {processor.py:157} INFO - Started process (PID=558) to work on /opt/airflow/dags/report_hourly_dag.py
[2026-06-19T18:30:19.278+0000] {processor.py:829} INFO - Processing file /opt/airflow/dags/report_hourly_dag.py for tasks to queue
[2026-06-19T18:30:19.279+0000] {logging_mixin.py:154} INFO - [2026-06-19T18:30:19.278+0000] {dagbag.py:536} INFO - Filling up the DagBag from /opt/airflow/dags/report_hourly_dag.py
[2026-06-19T18:30:19.290+0000] {processor.py:839} INFO - DAG(s) dict_keys(['report_hourly_dag']) retrieved from /opt/airflow/dags/report_hourly_dag.py
[2026-06-19T18:30:19.309+0000] {logging_mixin.py:154} INFO - [2026-06-19T18:30:19.309+0000] {dag.py:2941} INFO - Sync 1 DAGs
[2026-06-19T18:30:19.332+0000] {logging_mixin.py:154} INFO - [2026-06-19T18:30:19.331+0000] {dag.py:3722} INFO - Setting next_dagrun for report_hourly_dag to 2026-06-19T01:58:00+00:00, run_after=2026-06-19T01:59:00+00:00
[2026-06-19T18:30:19.345+0000] {processor.py:179} INFO - Processing /opt/airflow/dags/report_hourly_dag.py took 0.073 seconds
[2026-06-19T18:30:49.580+0000] {processor.py:157} INFO - Started process (PID=573) to work on /opt/airflow/dags/report_hourly_dag.py
[2026-06-19T18:30:49.580+0000] {processor.py:829} INFO - Processing file /opt/airflow/dags/report_hourly_dag.py for tasks to queue
[2026-06-19T18:30:49.581+0000] {logging_mixin.py:154} INFO - [2026-06-19T18:30:49.581+0000] {dagbag.py:536} INFO - Filling up the DagBag from /opt/airflow/dags/report_hourly_dag.py
[2026-06-19T18:30:49.591+0000] {processor.py:839} INFO - DAG(s) dict_keys(['report_hourly_dag']) retrieved from /opt/airflow/dags/report_hourly_dag.py
[2026-06-19T18:30:49.611+0000] {logging_mixin.py:154} INFO - [2026-06-19T18:30:49.611+0000] {dag.py:2941} INFO - Sync 1 DAGs
[2026-06-19T18:30:49.633+0000] {logging_mixin.py:154} INFO - [2026-06-19T18:30:49.633+0000] {dag.py:3722} INFO - Setting next_dagrun for report_hourly_dag to 2026-06-19T01:58:00+00:00, run_after=2026-06-19T01:59:00+00:00
[2026-06-19T18:30:49.648+0000] {processor.py:179} INFO - Processing /opt/airflow/dags/report_hourly_dag.py took 0.072 seconds
[2026-06-19T18:31:19.852+0000] {processor.py:157} INFO - Started process (PID=588) to work on /opt/airflow/dags/report_hourly_dag.py
[2026-06-19T18:31:19.856+0000] {processor.py:829} INFO - Processing file /opt/airflow/dags/report_hourly_dag.py for tasks to queue
[2026-06-19T18:31:19.857+0000] {logging_mixin.py:154} INFO - [2026-06-19T18:31:19.857+0000] {dagbag.py:536} INFO - Filling up the DagBag from /opt/airflow/dags/report_hourly_dag.py
[2026-06-19T18:31:19.866+0000] {processor.py:839} INFO - DAG(s) dict_keys(['report_hourly_dag']) retrieved from /opt/airflow/dags/report_hourly_dag.py
[2026-06-19T18:31:19.884+0000] {logging_mixin.py:154} INFO - [2026-06-19T18:31:19.884+0000] {dag.py:2941} INFO - Sync 1 DAGs
[2026-06-19T18:31:19.905+0000] {logging_mixin.py:154} INFO - [2026-06-19T18:31:19.905+0000] {dag.py:3722} INFO - Setting next_dagrun for report_hourly_dag to 2026-06-19T01:58:00+00:00, run_after=2026-06-19T01:59:00+00:00
[2026-06-19T18:31:19.919+0000] {processor.py:179} INFO - Processing /opt/airflow/dags/report_hourly_dag.py took 0.070 seconds
[2026-06-19T18:31:50.135+0000] {processor.py:157} INFO - Started process (PID=603) to work on /opt/airflow/dags/report_hourly_dag.py
[2026-06-19T18:31:50.136+0000] {processor.py:829} INFO - Processing file /opt/airflow/dags/report_hourly_dag.py for tasks to queue
[2026-06-19T18:31:50.137+0000] {logging_mixin.py:154} INFO - [2026-06-19T18:31:50.136+0000] {dagbag.py:536} INFO - Filling up the DagBag from /opt/airflow/dags/report_hourly_dag.py
[2026-06-19T18:31:50.146+0000] {processor.py:839} INFO - DAG(s) dict_keys(['report_hourly_dag']) retrieved from /opt/airflow/dags/report_hourly_dag.py
[2026-06-19T18:31:50.164+0000] {logging_mixin.py:154} INFO - [2026-06-19T18:31:50.164+0000] {dag.py:2941} INFO - Sync 1 DAGs
[2026-06-19T18:31:50.181+0000] {logging_mixin.py:154} INFO - [2026-06-19T18:31:50.181+0000] {dag.py:3722} INFO - Setting next_dagrun for report_hourly_dag to 2026-06-19T01:58:00+00:00, run_after=2026-06-19T01:59:00+00:00
[2026-06-19T18:31:50.192+0000] {processor.py:179} INFO - Processing /opt/airflow/dags/report_hourly_dag.py took 0.060 seconds
[2026-06-19T18:32:20.384+0000] {processor.py:157} INFO - Started process (PID=618) to work on /opt/airflow/dags/report_hourly_dag.py
[2026-06-19T18:32:20.388+0000] {processor.py:829} INFO - Processing file /opt/airflow/dags/report_hourly_dag.py for tasks to queue
[2026-06-19T18:32:20.389+0000] {logging_mixin.py:154} INFO - [2026-06-19T18:32:20.389+0000] {dagbag.py:536} INFO - Filling up the DagBag from /opt/airflow/dags/report_hourly_dag.py
[2026-06-19T18:32:20.396+0000] {processor.py:839} INFO - DAG(s) dict_keys(['report_hourly_dag']) retrieved from /opt/airflow/dags/report_hourly_dag.py
[2026-06-19T18:32:20.413+0000] {logging_mixin.py:154} INFO - [2026-06-19T18:32:20.413+0000] {dag.py:2941} INFO - Sync 1 DAGs
[2026-06-19T18:32:20.431+0000] {logging_mixin.py:154} INFO - [2026-06-19T18:32:20.430+0000] {dag.py:3722} INFO - Setting next_dagrun for report_hourly_dag to 2026-06-19T01:58:00+00:00, run_after=2026-06-19T01:59:00+00:00
[2026-06-19T18:32:20.442+0000] {processor.py:179} INFO - Processing /opt/airflow/dags/report_hourly_dag.py took 0.061 seconds
[2026-06-19T18:32:50.689+0000] {processor.py:157} INFO - Started process (PID=633) to work on /opt/airflow/dags/report_hourly_dag.py
[2026-06-19T18:32:50.689+0000] {processor.py:829} INFO - Processing file /opt/airflow/dags/report_hourly_dag.py for tasks to queue
[2026-06-19T18:32:50.690+0000] {logging_mixin.py:154} INFO - [2026-06-19T18:32:50.690+0000] {dagbag.py:536} INFO - Filling up the DagBag from /opt/airflow/dags/report_hourly_dag.py
[2026-06-19T18:32:50.700+0000] {processor.py:839} INFO - DAG(s) dict_keys(['report_hourly_dag']) retrieved from /opt/airflow/dags/report_hourly_dag.py
[2026-06-19T18:32:50.717+0000] {logging_mixin.py:154} INFO - [2026-06-19T18:32:50.717+0000] {dag.py:2941} INFO - Sync 1 DAGs
[2026-06-19T18:32:50.734+0000] {logging_mixin.py:154} INFO - [2026-06-19T18:32:50.733+0000] {dag.py:3722} INFO - Setting next_dagrun for report_hourly_dag to 2026-06-19T01:58:00+00:00, run_after=2026-06-19T01:59:00+00:00
[2026-06-19T18:32:50.756+0000] {processor.py:179} INFO - Processing /opt/airflow/dags/report_hourly_dag.py took 0.071 seconds
[2026-06-19T18:33:20.989+0000] {processor.py:157} INFO - Started process (PID=648) to work on /opt/airflow/dags/report_hourly_dag.py
[2026-06-19T18:33:20.992+0000] {processor.py:829} INFO - Processing file /opt/airflow/dags/report_hourly_dag.py for tasks to queue
[2026-06-19T18:33:20.992+0000] {logging_mixin.py:154} INFO - [2026-06-19T18:33:20.992+0000] {dagbag.py:536} INFO - Filling up the DagBag from /opt/airflow/dags/report_hourly_dag.py
[2026-06-19T18:33:21.003+0000] {processor.py:839} INFO - DAG(s) dict_keys(['report_hourly_dag']) retrieved from /opt/airflow/dags/report_hourly_dag.py
[2026-06-19T18:33:21.024+0000] {logging_mixin.py:154} INFO - [2026-06-19T18:33:21.023+0000] {dag.py:2941} INFO - Sync 1 DAGs
[2026-06-19T18:33:21.041+0000] {logging_mixin.py:154} INFO - [2026-06-19T18:33:21.041+0000] {dag.py:3722} INFO - Setting next_dagrun for report_hourly_dag to 2026-06-19T01:58:00+00:00, run_after=2026-06-19T01:59:00+00:00
[2026-06-19T18:33:21.064+0000] {processor.py:179} INFO - Processing /opt/airflow/dags/report_hourly_dag.py took 0.079 seconds
[2026-06-19T18:33:51.290+0000] {processor.py:157} INFO - Started process (PID=663) to work on /opt/airflow/dags/report_hourly_dag.py
[2026-06-19T18:33:51.290+0000] {processor.py:829} INFO - Processing file /opt/airflow/dags/report_hourly_dag.py for tasks to queue
[2026-06-19T18:33:51.291+0000] {logging_mixin.py:154} INFO - [2026-06-19T18:33:51.291+0000] {dagbag.py:536} INFO - Filling up the DagBag from /opt/airflow/dags/report_hourly_dag.py
[2026-06-19T18:33:51.299+0000] {processor.py:839} INFO - DAG(s) dict_keys(['report_hourly_dag']) retrieved from /opt/airflow/dags/report_hourly_dag.py
[2026-06-19T18:33:51.314+0000] {logging_mixin.py:154} INFO - [2026-06-19T18:33:51.314+0000] {dag.py:2941} INFO - Sync 1 DAGs
[2026-06-19T18:33:51.332+0000] {logging_mixin.py:154} INFO - [2026-06-19T18:33:51.332+0000] {dag.py:3722} INFO - Setting next_dagrun for report_hourly_dag to 2026-06-19T01:58:00+00:00, run_after=2026-06-19T01:59:00+00:00
[2026-06-19T18:33:51.344+0000] {processor.py:179} INFO - Processing /opt/airflow/dags/report_hourly_dag.py took 0.056 seconds
[2026-06-19T18:34:21.562+0000] {processor.py:157} INFO - Started process (PID=678) to work on /opt/airflow/dags/report_hourly_dag.py
[2026-06-19T18:34:21.566+0000] {processor.py:829} INFO - Processing file /opt/airflow/dags/report_hourly_dag.py for tasks to queue
[2026-06-19T18:34:21.566+0000] {logging_mixin.py:154} INFO - [2026-06-19T18:34:21.566+0000] {dagbag.py:536} INFO - Filling up the DagBag from /opt/airflow/dags/report_hourly_dag.py
[2026-06-19T18:34:21.574+0000] {processor.py:839} INFO - DAG(s) dict_keys(['report_hourly_dag']) retrieved from /opt/airflow/dags/report_hourly_dag.py
[2026-06-19T18:34:21.595+0000] {logging_mixin.py:154} INFO - [2026-06-19T18:34:21.595+0000] {dag.py:2941} INFO - Sync 1 DAGs
[2026-06-19T18:34:21.618+0000] {logging_mixin.py:154} INFO - [2026-06-19T18:34:21.618+0000] {dag.py:3722} INFO - Setting next_dagrun for report_hourly_dag to 2026-06-19T01:58:00+00:00, run_after=2026-06-19T01:59:00+00:00
[2026-06-19T18:34:21.631+0000] {processor.py:179} INFO - Processing /opt/airflow/dags/report_hourly_dag.py took 0.072 seconds
[2026-06-19T18:34:51.864+0000] {processor.py:157} INFO - Started process (PID=693) to work on /opt/airflow/dags/report_hourly_dag.py
[2026-06-19T18:34:51.865+0000] {processor.py:829} INFO - Processing file /opt/airflow/dags/report_hourly_dag.py for tasks to queue
[2026-06-19T18:34:51.865+0000] {logging_mixin.py:154} INFO - [2026-06-19T18:34:51.865+0000] {dagbag.py:536} INFO - Filling up the DagBag from /opt/airflow/dags/report_hourly_dag.py
[2026-06-19T18:34:51.876+0000] {processor.py:839} INFO - DAG(s) dict_keys(['report_hourly_dag']) retrieved from /opt/airflow/dags/report_hourly_dag.py
[2026-06-19T18:34:51.894+0000] {logging_mixin.py:154} INFO - [2026-06-19T18:34:51.894+0000] {dag.py:2941} INFO - Sync 1 DAGs
[2026-06-19T18:34:51.911+0000] {logging_mixin.py:154} INFO - [2026-06-19T18:34:51.911+0000] {dag.py:3722} INFO - Setting next_dagrun for report_hourly_dag to 2026-06-19T01:58:00+00:00, run_after=2026-06-19T01:59:00+00:00
[2026-06-19T18:34:51.924+0000] {processor.py:179} INFO - Processing /opt/airflow/dags/report_hourly_dag.py took 0.063 seconds
[2026-06-19T18:35:22.154+0000] {processor.py:157} INFO - Started process (PID=708) to work on /opt/airflow/dags/report_hourly_dag.py
[2026-06-19T18:35:22.155+0000] {processor.py:829} INFO - Processing file /opt/airflow/dags/report_hourly_dag.py for tasks to queue
[2026-06-19T18:35:22.156+0000] {logging_mixin.py:154} INFO - [2026-06-19T18:35:22.156+0000] {dagbag.py:536} INFO - Filling up the DagBag from /opt/airflow/dags/report_hourly_dag.py
[2026-06-19T18:35:22.167+0000] {processor.py:839} INFO - DAG(s) dict_keys(['report_hourly_dag']) retrieved from /opt/airflow/dags/report_hourly_dag.py
[2026-06-19T18:35:22.184+0000] {logging_mixin.py:154} INFO - [2026-06-19T18:35:22.183+0000] {dag.py:2941} INFO - Sync 1 DAGs
[2026-06-19T18:35:22.201+0000] {logging_mixin.py:154} INFO - [2026-06-19T18:35:22.200+0000] {dag.py:3722} INFO - Setting next_dagrun for report_hourly_dag to 2026-06-19T01:58:00+00:00, run_after=2026-06-19T01:59:00+00:00
[2026-06-19T18:35:22.213+0000] {processor.py:179} INFO - Processing /opt/airflow/dags/report_hourly_dag.py took 0.063 seconds
[2026-06-19T18:35:52.439+0000] {processor.py:157} INFO - Started process (PID=723) to work on /opt/airflow/dags/report_hourly_dag.py
[2026-06-19T18:35:52.441+0000] {processor.py:829} INFO - Processing file /opt/airflow/dags/report_hourly_dag.py for tasks to queue
[2026-06-19T18:35:52.442+0000] {logging_mixin.py:154} INFO - [2026-06-19T18:35:52.441+0000] {dagbag.py:536} INFO - Filling up the DagBag from /opt/airflow/dags/report_hourly_dag.py
[2026-06-19T18:35:52.453+0000] {processor.py:839} INFO - DAG(s) dict_keys(['report_hourly_dag']) retrieved from /opt/airflow/dags/report_hourly_dag.py
[2026-06-19T18:35:52.468+0000] {logging_mixin.py:154} INFO - [2026-06-19T18:35:52.468+0000] {dag.py:2941} INFO - Sync 1 DAGs
[2026-06-19T18:35:52.484+0000] {logging_mixin.py:154} INFO - [2026-06-19T18:35:52.484+0000] {dag.py:3722} INFO - Setting next_dagrun for report_hourly_dag to 2026-06-19T01:58:00+00:00, run_after=2026-06-19T01:59:00+00:00
[2026-06-19T18:35:52.499+0000] {processor.py:179} INFO - Processing /opt/airflow/dags/report_hourly_dag.py took 0.065 seconds
[2026-06-19T18:36:22.714+0000] {processor.py:157} INFO - Started process (PID=738) to work on /opt/airflow/dags/report_hourly_dag.py
[2026-06-19T18:36:22.719+0000] {processor.py:829} INFO - Processing file /opt/airflow/dags/report_hourly_dag.py for tasks to queue
[2026-06-19T18:36:22.719+0000] {logging_mixin.py:154} INFO - [2026-06-19T18:36:22.719+0000] {dagbag.py:536} INFO - Filling up the DagBag from /opt/airflow/dags/report_hourly_dag.py
[2026-06-19T18:36:22.727+0000] {processor.py:839} INFO - DAG(s) dict_keys(['report_hourly_dag']) retrieved from /opt/airflow/dags/report_hourly_dag.py
[2026-06-19T18:36:22.744+0000] {logging_mixin.py:154} INFO - [2026-06-19T18:36:22.744+0000] {dag.py:2941} INFO - Sync 1 DAGs
[2026-06-19T18:36:22.761+0000] {logging_mixin.py:154} INFO - [2026-06-19T18:36:22.761+0000] {dag.py:3722} INFO - Setting next_dagrun for report_hourly_dag to 2026-06-19T01:58:00+00:00, run_after=2026-06-19T01:59:00+00:00
[2026-06-19T18:36:22.774+0000] {processor.py:179} INFO - Processing /opt/airflow/dags/report_hourly_dag.py took 0.063 seconds
[2026-06-19T18:36:53.008+0000] {processor.py:157} INFO - Started process (PID=753) to work on /opt/airflow/dags/report_hourly_dag.py
[2026-06-19T18:36:53.009+0000] {processor.py:829} INFO - Processing file /opt/airflow/dags/report_hourly_dag.py for tasks to queue
[2026-06-19T18:36:53.009+0000] {logging_mixin.py:154} INFO - [2026-06-19T18:36:53.009+0000] {dagbag.py:536} INFO - Filling up the DagBag from /opt/airflow/dags/report_hourly_dag.py
[2026-06-19T18:36:53.020+0000] {processor.py:839} INFO - DAG(s) dict_keys(['report_hourly_dag']) retrieved from /opt/airflow/dags/report_hourly_dag.py
[2026-06-19T18:36:53.036+0000] {logging_mixin.py:154} INFO - [2026-06-19T18:36:53.036+0000] {dag.py:2941} INFO - Sync 1 DAGs
[2026-06-19T18:36:53.053+0000] {logging_mixin.py:154} INFO - [2026-06-19T18:36:53.053+0000] {dag.py:3722} INFO - Setting next_dagrun for report_hourly_dag to 2026-06-19T01:58:00+00:00, run_after=2026-06-19T01:59:00+00:00
[2026-06-19T18:36:53.065+0000] {processor.py:179} INFO - Processing /opt/airflow/dags/report_hourly_dag.py took 0.061 seconds
[2026-06-19T18:37:23.289+0000] {processor.py:157} INFO - Started process (PID=768) to work on /opt/airflow/dags/report_hourly_dag.py
[2026-06-19T18:37:23.291+0000] {processor.py:829} INFO - Processing file /opt/airflow/dags/report_hourly_dag.py for tasks to queue
[2026-06-19T18:37:23.292+0000] {logging_mixin.py:154} INFO - [2026-06-19T18:37:23.292+0000] {dagbag.py:536} INFO - Filling up the DagBag from /opt/airflow/dags/report_hourly_dag.py
[2026-06-19T18:37:23.303+0000] {processor.py:839} INFO - DAG(s) dict_keys(['report_hourly_dag']) retrieved from /opt/airflow/dags/report_hourly_dag.py
[2026-06-19T18:37:23.326+0000] {logging_mixin.py:154} INFO - [2026-06-19T18:37:23.326+0000] {dag.py:2941} INFO - Sync 1 DAGs
[2026-06-19T18:37:23.344+0000] {logging_mixin.py:154} INFO - [2026-06-19T18:37:23.344+0000] {dag.py:3722} INFO - Setting next_dagrun for report_hourly_dag to 2026-06-19T01:58:00+00:00, run_after=2026-06-19T01:59:00+00:00
[2026-06-19T18:37:23.357+0000] {processor.py:179} INFO - Processing /opt/airflow/dags/report_hourly_dag.py took 0.072 seconds
[2026-06-19T18:37:53.578+0000] {processor.py:157} INFO - Started process (PID=783) to work on /opt/airflow/dags/report_hourly_dag.py
[2026-06-19T18:37:53.579+0000] {processor.py:829} INFO - Processing file /opt/airflow/dags/report_hourly_dag.py for tasks to queue
[2026-06-19T18:37:53.579+0000] {logging_mixin.py:154} INFO - [2026-06-19T18:37:53.579+0000] {dagbag.py:536} INFO - Filling up the DagBag from /opt/airflow/dags/report_hourly_dag.py
[2026-06-19T18:37:53.591+0000] {processor.py:839} INFO - DAG(s) dict_keys(['report_hourly_dag']) retrieved from /opt/airflow/dags/report_hourly_dag.py
[2026-06-19T18:37:53.609+0000] {logging_mixin.py:154} INFO - [2026-06-19T18:37:53.608+0000] {dag.py:2941} INFO - Sync 1 DAGs
[2026-06-19T18:37:53.625+0000] {logging_mixin.py:154} INFO - [2026-06-19T18:37:53.625+0000] {dag.py:3722} INFO - Setting next_dagrun for report_hourly_dag to 2026-06-19T01:58:00+00:00, run_after=2026-06-19T01:59:00+00:00
[2026-06-19T18:37:53.638+0000] {processor.py:179} INFO - Processing /opt/airflow/dags/report_hourly_dag.py took 0.063 seconds
[2026-06-19T18:38:23.851+0000] {processor.py:157} INFO - Started process (PID=798) to work on /opt/airflow/dags/report_hourly_dag.py
[2026-06-19T18:38:23.851+0000] {processor.py:829} INFO - Processing file /opt/airflow/dags/report_hourly_dag.py for tasks to queue
[2026-06-19T18:38:23.852+0000] {logging_mixin.py:154} INFO - [2026-06-19T18:38:23.852+0000] {dagbag.py:536} INFO - Filling up the DagBag from /opt/airflow/dags/report_hourly_dag.py
[2026-06-19T18:38:23.860+0000] {processor.py:839} INFO - DAG(s) dict_keys(['report_hourly_dag']) retrieved from /opt/airflow/dags/report_hourly_dag.py
[2026-06-19T18:38:23.876+0000] {logging_mixin.py:154} INFO - [2026-06-19T18:38:23.876+0000] {dag.py:2941} INFO - Sync 1 DAGs
[2026-06-19T18:38:23.895+0000] {logging_mixin.py:154} INFO - [2026-06-19T18:38:23.895+0000] {dag.py:3722} INFO - Setting next_dagrun for report_hourly_dag to 2026-06-19T01:58:00+00:00, run_after=2026-06-19T01:59:00+00:00
[2026-06-19T18:38:23.909+0000] {processor.py:179} INFO - Processing /opt/airflow/dags/report_hourly_dag.py took 0.061 seconds
[2026-06-19T18:38:54.131+0000] {processor.py:157} INFO - Started process (PID=813) to work on /opt/airflow/dags/report_hourly_dag.py
[2026-06-19T18:38:54.132+0000] {processor.py:829} INFO - Processing file /opt/airflow/dags/report_hourly_dag.py for tasks to queue
[2026-06-19T18:38:54.132+0000] {logging_mixin.py:154} INFO - [2026-06-19T18:38:54.132+0000] {dagbag.py:536} INFO - Filling up the DagBag from /opt/airflow/dags/report_hourly_dag.py
[2026-06-19T18:38:54.140+0000] {processor.py:839} INFO - DAG(s) dict_keys(['report_hourly_dag']) retrieved from /opt/airflow/dags/report_hourly_dag.py
[2026-06-19T18:38:54.154+0000] {logging_mixin.py:154} INFO - [2026-06-19T18:38:54.154+0000] {dag.py:2941} INFO - Sync 1 DAGs
[2026-06-19T18:38:54.170+0000] {logging_mixin.py:154} INFO - [2026-06-19T18:38:54.170+0000] {dag.py:3722} INFO - Setting next_dagrun for report_hourly_dag to 2026-06-19T01:58:00+00:00, run_after=2026-06-19T01:59:00+00:00
[2026-06-19T18:38:54.184+0000] {processor.py:179} INFO - Processing /opt/airflow/dags/report_hourly_dag.py took 0.055 seconds
[2026-06-19T18:39:24.423+0000] {processor.py:157} INFO - Started process (PID=828) to work on /opt/airflow/dags/report_hourly_dag.py
[2026-06-19T18:39:24.425+0000] {processor.py:829} INFO - Processing file /opt/airflow/dags/report_hourly_dag.py for tasks to queue
[2026-06-19T18:39:24.426+0000] {logging_mixin.py:154} INFO - [2026-06-19T18:39:24.426+0000] {dagbag.py:536} INFO - Filling up the DagBag from /opt/airflow/dags/report_hourly_dag.py
[2026-06-19T18:39:24.435+0000] {processor.py:839} INFO - DAG(s) dict_keys(['report_hourly_dag']) retrieved from /opt/airflow/dags/report_hourly_dag.py
[2026-06-19T18:39:24.451+0000] {logging_mixin.py:154} INFO - [2026-06-19T18:39:24.451+0000] {dag.py:2941} INFO - Sync 1 DAGs
[2026-06-19T18:39:24.471+0000] {logging_mixin.py:154} INFO - [2026-06-19T18:39:24.471+0000] {dag.py:3722} INFO - Setting next_dagrun for report_hourly_dag to 2026-06-19T01:58:00+00:00, run_after=2026-06-19T01:59:00+00:00
[2026-06-19T18:39:24.486+0000] {processor.py:179} INFO - Processing /opt/airflow/dags/report_hourly_dag.py took 0.067 seconds
[2026-06-19T18:39:54.728+0000] {processor.py:157} INFO - Started process (PID=843) to work on /opt/airflow/dags/report_hourly_dag.py
[2026-06-19T18:39:54.729+0000] {processor.py:829} INFO - Processing file /opt/airflow/dags/report_hourly_dag.py for tasks to queue
[2026-06-19T18:39:54.730+0000] {logging_mixin.py:154} INFO - [2026-06-19T18:39:54.730+0000] {dagbag.py:536} INFO - Filling up the DagBag from /opt/airflow/dags/report_hourly_dag.py
[2026-06-19T18:39:54.740+0000] {processor.py:839} INFO - DAG(s) dict_keys(['report_hourly_dag']) retrieved from /opt/airflow/dags/report_hourly_dag.py
[2026-06-19T18:39:54.757+0000] {logging_mixin.py:154} INFO - [2026-06-19T18:39:54.757+0000] {dag.py:2941} INFO - Sync 1 DAGs
[2026-06-19T18:39:54.774+0000] {logging_mixin.py:154} INFO - [2026-06-19T18:39:54.774+0000] {dag.py:3722} INFO - Setting next_dagrun for report_hourly_dag to 2026-06-19T01:58:00+00:00, run_after=2026-06-19T01:59:00+00:00
[2026-06-19T18:39:54.788+0000] {processor.py:179} INFO - Processing /opt/airflow/dags/report_hourly_dag.py took 0.063 seconds
[2026-06-19T18:40:24.984+0000] {processor.py:157} INFO - Started process (PID=858) to work on /opt/airflow/dags/report_hourly_dag.py
[2026-06-19T18:40:24.988+0000] {processor.py:829} INFO - Processing file /opt/airflow/dags/report_hourly_dag.py for tasks to queue
[2026-06-19T18:40:24.989+0000] {logging_mixin.py:154} INFO - [2026-06-19T18:40:24.988+0000] {dagbag.py:536} INFO - Filling up the DagBag from /opt/airflow/dags/report_hourly_dag.py
[2026-06-19T18:40:24.997+0000] {processor.py:839} INFO - DAG(s) dict_keys(['report_hourly_dag']) retrieved from /opt/airflow/dags/report_hourly_dag.py
[2026-06-19T18:40:25.014+0000] {logging_mixin.py:154} INFO - [2026-06-19T18:40:25.014+0000] {dag.py:2941} INFO - Sync 1 DAGs
[2026-06-19T18:40:25.030+0000] {logging_mixin.py:154} INFO - [2026-06-19T18:40:25.030+0000] {dag.py:3722} INFO - Setting next_dagrun for report_hourly_dag to 2026-06-19T01:58:00+00:00, run_after=2026-06-19T01:59:00+00:00
[2026-06-19T18:40:25.044+0000] {processor.py:179} INFO - Processing /opt/airflow/dags/report_hourly_dag.py took 0.062 seconds
[2026-06-19T18:40:55.250+0000] {processor.py:157} INFO - Started process (PID=873) to work on /opt/airflow/dags/report_hourly_dag.py
[2026-06-19T18:40:55.251+0000] {processor.py:829} INFO - Processing file /opt/airflow/dags/report_hourly_dag.py for tasks to queue
[2026-06-19T18:40:55.251+0000] {logging_mixin.py:154} INFO - [2026-06-19T18:40:55.251+0000] {dagbag.py:536} INFO - Filling up the DagBag from /opt/airflow/dags/report_hourly_dag.py
[2026-06-19T18:40:55.260+0000] {processor.py:839} INFO - DAG(s) dict_keys(['report_hourly_dag']) retrieved from /opt/airflow/dags/report_hourly_dag.py
[2026-06-19T18:40:55.276+0000] {logging_mixin.py:154} INFO - [2026-06-19T18:40:55.276+0000] {dag.py:2941} INFO - Sync 1 DAGs
[2026-06-19T18:40:55.294+0000] {logging_mixin.py:154} INFO - [2026-06-19T18:40:55.294+0000] {dag.py:3722} INFO - Setting next_dagrun for report_hourly_dag to 2026-06-19T01:58:00+00:00, run_after=2026-06-19T01:59:00+00:00
[2026-06-19T18:40:55.307+0000] {processor.py:179} INFO - Processing /opt/airflow/dags/report_hourly_dag.py took 0.059 seconds
[2026-06-19T18:41:25.529+0000] {processor.py:157} INFO - Started process (PID=888) to work on /opt/airflow/dags/report_hourly_dag.py
[2026-06-19T18:41:25.530+0000] {processor.py:829} INFO - Processing file /opt/airflow/dags/report_hourly_dag.py for tasks to queue
[2026-06-19T18:41:25.531+0000] {logging_mixin.py:154} INFO - [2026-06-19T18:41:25.531+0000] {dagbag.py:536} INFO - Filling up the DagBag from /opt/airflow/dags/report_hourly_dag.py
[2026-06-19T18:41:25.543+0000] {processor.py:839} INFO - DAG(s) dict_keys(['report_hourly_dag']) retrieved from /opt/airflow/dags/report_hourly_dag.py
[2026-06-19T18:41:25.559+0000] {logging_mixin.py:154} INFO - [2026-06-19T18:41:25.559+0000] {dag.py:2941} INFO - Sync 1 DAGs
[2026-06-19T18:41:25.577+0000] {logging_mixin.py:154} INFO - [2026-06-19T18:41:25.577+0000] {dag.py:3722} INFO - Setting next_dagrun for report_hourly_dag to 2026-06-19T01:58:00+00:00, run_after=2026-06-19T01:59:00+00:00
[2026-06-19T18:41:25.590+0000] {processor.py:179} INFO - Processing /opt/airflow/dags/report_hourly_dag.py took 0.065 seconds
[2026-06-19T18:41:55.853+0000] {processor.py:157} INFO - Started process (PID=903) to work on /opt/airflow/dags/report_hourly_dag.py
[2026-06-19T18:41:55.853+0000] {processor.py:829} INFO - Processing file /opt/airflow/dags/report_hourly_dag.py for tasks to queue
[2026-06-19T18:41:55.854+0000] {logging_mixin.py:154} INFO - [2026-06-19T18:41:55.854+0000] {dagbag.py:536} INFO - Filling up the DagBag from /opt/airflow/dags/report_hourly_dag.py
[2026-06-19T18:41:55.863+0000] {processor.py:839} INFO - DAG(s) dict_keys(['report_hourly_dag']) retrieved from /opt/airflow/dags/report_hourly_dag.py
[2026-06-19T18:41:55.880+0000] {logging_mixin.py:154} INFO - [2026-06-19T18:41:55.879+0000] {dag.py:2941} INFO - Sync 1 DAGs
[2026-06-19T18:41:55.897+0000] {logging_mixin.py:154} INFO - [2026-06-19T18:41:55.897+0000] {dag.py:3722} INFO - Setting next_dagrun for report_hourly_dag to 2026-06-19T01:58:00+00:00, run_after=2026-06-19T01:59:00+00:00
[2026-06-19T18:41:55.914+0000] {processor.py:179} INFO - Processing /opt/airflow/dags/report_hourly_dag.py took 0.064 seconds
[2026-06-19T18:42:26.141+0000] {processor.py:157} INFO - Started process (PID=918) to work on /opt/airflow/dags/report_hourly_dag.py
[2026-06-19T18:42:26.146+0000] {processor.py:829} INFO - Processing file /opt/airflow/dags/report_hourly_dag.py for tasks to queue
[2026-06-19T18:42:26.146+0000] {logging_mixin.py:154} INFO - [2026-06-19T18:42:26.146+0000] {dagbag.py:536} INFO - Filling up the DagBag from /opt/airflow/dags/report_hourly_dag.py
[2026-06-19T18:42:26.154+0000] {processor.py:839} INFO - DAG(s) dict_keys(['report_hourly_dag']) retrieved from /opt/airflow/dags/report_hourly_dag.py
[2026-06-19T18:42:26.170+0000] {logging_mixin.py:154} INFO - [2026-06-19T18:42:26.170+0000] {dag.py:2941} INFO - Sync 1 DAGs
[2026-06-19T18:42:26.188+0000] {logging_mixin.py:154} INFO - [2026-06-19T18:42:26.188+0000] {dag.py:3722} INFO - Setting next_dagrun for report_hourly_dag to 2026-06-19T01:58:00+00:00, run_after=2026-06-19T01:59:00+00:00
[2026-06-19T18:42:26.204+0000] {processor.py:179} INFO - Processing /opt/airflow/dags/report_hourly_dag.py took 0.065 seconds
[2026-06-19T18:42:56.435+0000] {processor.py:157} INFO - Started process (PID=933) to work on /opt/airflow/dags/report_hourly_dag.py
[2026-06-19T18:42:56.436+0000] {processor.py:829} INFO - Processing file /opt/airflow/dags/report_hourly_dag.py for tasks to queue
[2026-06-19T18:42:56.437+0000] {logging_mixin.py:154} INFO - [2026-06-19T18:42:56.437+0000] {dagbag.py:536} INFO - Filling up the DagBag from /opt/airflow/dags/report_hourly_dag.py
[2026-06-19T18:42:56.447+0000] {processor.py:839} INFO - DAG(s) dict_keys(['report_hourly_dag']) retrieved from /opt/airflow/dags/report_hourly_dag.py
[2026-06-19T18:42:56.466+0000] {logging_mixin.py:154} INFO - [2026-06-19T18:42:56.465+0000] {dag.py:2941} INFO - Sync 1 DAGs
[2026-06-19T18:42:56.486+0000] {logging_mixin.py:154} INFO - [2026-06-19T18:42:56.486+0000] {dag.py:3722} INFO - Setting next_dagrun for report_hourly_dag to 2026-06-19T01:58:00+00:00, run_after=2026-06-19T01:59:00+00:00
[2026-06-19T18:42:56.503+0000] {processor.py:179} INFO - Processing /opt/airflow/dags/report_hourly_dag.py took 0.073 seconds
[2026-06-19T18:43:26.734+0000] {processor.py:157} INFO - Started process (PID=948) to work on /opt/airflow/dags/report_hourly_dag.py
[2026-06-19T18:43:26.736+0000] {processor.py:829} INFO - Processing file /opt/airflow/dags/report_hourly_dag.py for tasks to queue
[2026-06-19T18:43:26.737+0000] {logging_mixin.py:154} INFO - [2026-06-19T18:43:26.736+0000] {dagbag.py:536} INFO - Filling up the DagBag from /opt/airflow/dags/report_hourly_dag.py
[2026-06-19T18:43:26.747+0000] {processor.py:839} INFO - DAG(s) dict_keys(['report_hourly_dag']) retrieved from /opt/airflow/dags/report_hourly_dag.py
[2026-06-19T18:43:26.764+0000] {logging_mixin.py:154} INFO - [2026-06-19T18:43:26.764+0000] {dag.py:2941} INFO - Sync 1 DAGs
[2026-06-19T18:43:26.780+0000] {logging_mixin.py:154} INFO - [2026-06-19T18:43:26.780+0000] {dag.py:3722} INFO - Setting next_dagrun for report_hourly_dag to 2026-06-19T01:58:00+00:00, run_after=2026-06-19T01:59:00+00:00
[2026-06-19T18:43:26.793+0000] {processor.py:179} INFO - Processing /opt/airflow/dags/report_hourly_dag.py took 0.063 seconds
[2026-06-19T18:43:57.028+0000] {processor.py:157} INFO - Started process (PID=963) to work on /opt/airflow/dags/report_hourly_dag.py
[2026-06-19T18:43:57.028+0000] {processor.py:829} INFO - Processing file /opt/airflow/dags/report_hourly_dag.py for tasks to queue
[2026-06-19T18:43:57.029+0000] {logging_mixin.py:154} INFO - [2026-06-19T18:43:57.029+0000] {dagbag.py:536} INFO - Filling up the DagBag from /opt/airflow/dags/report_hourly_dag.py
[2026-06-19T18:43:57.039+0000] {processor.py:839} INFO - DAG(s) dict_keys(['report_hourly_dag']) retrieved from /opt/airflow/dags/report_hourly_dag.py
[2026-06-19T18:43:57.054+0000] {logging_mixin.py:154} INFO - [2026-06-19T18:43:57.054+0000] {dag.py:2941} INFO - Sync 1 DAGs
[2026-06-19T18:43:57.071+0000] {logging_mixin.py:154} INFO - [2026-06-19T18:43:57.071+0000] {dag.py:3722} INFO - Setting next_dagrun for report_hourly_dag to 2026-06-19T01:58:00+00:00, run_after=2026-06-19T01:59:00+00:00
[2026-06-19T18:43:57.084+0000] {processor.py:179} INFO - Processing /opt/airflow/dags/report_hourly_dag.py took 0.060 seconds
[2026-06-19T18:44:27.290+0000] {processor.py:157} INFO - Started process (PID=978) to work on /opt/airflow/dags/report_hourly_dag.py
[2026-06-19T18:44:27.295+0000] {processor.py:829} INFO - Processing file /opt/airflow/dags/report_hourly_dag.py for tasks to queue
[2026-06-19T18:44:27.295+0000] {logging_mixin.py:154} INFO - [2026-06-19T18:44:27.295+0000] {dagbag.py:536} INFO - Filling up the DagBag from /opt/airflow/dags/report_hourly_dag.py
[2026-06-19T18:44:27.303+0000] {processor.py:839} INFO - DAG(s) dict_keys(['report_hourly_dag']) retrieved from /opt/airflow/dags/report_hourly_dag.py
[2026-06-19T18:44:27.319+0000] {logging_mixin.py:154} INFO - [2026-06-19T18:44:27.319+0000] {dag.py:2941} INFO - Sync 1 DAGs
[2026-06-19T18:44:27.337+0000] {logging_mixin.py:154} INFO - [2026-06-19T18:44:27.337+0000] {dag.py:3722} INFO - Setting next_dagrun for report_hourly_dag to 2026-06-19T01:58:00+00:00, run_after=2026-06-19T01:59:00+00:00
[2026-06-19T18:44:27.350+0000] {processor.py:179} INFO - Processing /opt/airflow/dags/report_hourly_dag.py took 0.062 seconds
[2026-06-19T18:44:57.586+0000] {processor.py:157} INFO - Started process (PID=993) to work on /opt/airflow/dags/report_hourly_dag.py
[2026-06-19T18:44:57.587+0000] {processor.py:829} INFO - Processing file /opt/airflow/dags/report_hourly_dag.py for tasks to queue
[2026-06-19T18:44:57.588+0000] {logging_mixin.py:154} INFO - [2026-06-19T18:44:57.587+0000] {dagbag.py:536} INFO - Filling up the DagBag from /opt/airflow/dags/report_hourly_dag.py
[2026-06-19T18:44:57.597+0000] {processor.py:839} INFO - DAG(s) dict_keys(['report_hourly_dag']) retrieved from /opt/airflow/dags/report_hourly_dag.py
[2026-06-19T18:44:57.612+0000] {logging_mixin.py:154} INFO - [2026-06-19T18:44:57.612+0000] {dag.py:2941} INFO - Sync 1 DAGs
[2026-06-19T18:44:57.629+0000] {logging_mixin.py:154} INFO - [2026-06-19T18:44:57.629+0000] {dag.py:3722} INFO - Setting next_dagrun for report_hourly_dag to 2026-06-19T01:58:00+00:00, run_after=2026-06-19T01:59:00+00:00
[2026-06-19T18:44:57.642+0000] {processor.py:179} INFO - Processing /opt/airflow/dags/report_hourly_dag.py took 0.060 seconds
[2026-06-19T18:45:27.838+0000] {processor.py:157} INFO - Started process (PID=1008) to work on /opt/airflow/dags/report_hourly_dag.py
[2026-06-19T18:45:27.838+0000] {processor.py:829} INFO - Processing file /opt/airflow/dags/report_hourly_dag.py for tasks to queue
[2026-06-19T18:45:27.839+0000] {logging_mixin.py:154} INFO - [2026-06-19T18:45:27.839+0000] {dagbag.py:536} INFO - Filling up the DagBag from /opt/airflow/dags/report_hourly_dag.py
[2026-06-19T18:45:27.847+0000] {processor.py:839} INFO - DAG(s) dict_keys(['report_hourly_dag']) retrieved from /opt/airflow/dags/report_hourly_dag.py
[2026-06-19T18:45:27.866+0000] {logging_mixin.py:154} INFO - [2026-06-19T18:45:27.866+0000] {dag.py:2941} INFO - Sync 1 DAGs
[2026-06-19T18:45:27.885+0000] {logging_mixin.py:154} INFO - [2026-06-19T18:45:27.885+0000] {dag.py:3722} INFO - Setting next_dagrun for report_hourly_dag to 2026-06-19T01:58:00+00:00, run_after=2026-06-19T01:59:00+00:00
[2026-06-19T18:45:27.896+0000] {processor.py:179} INFO - Processing /opt/airflow/dags/report_hourly_dag.py took 0.061 seconds
[2026-06-19T18:45:58.132+0000] {processor.py:157} INFO - Started process (PID=1023) to work on /opt/airflow/dags/report_hourly_dag.py
[2026-06-19T18:45:58.133+0000] {processor.py:829} INFO - Processing file /opt/airflow/dags/report_hourly_dag.py for tasks to queue
[2026-06-19T18:45:58.134+0000] {logging_mixin.py:154} INFO - [2026-06-19T18:45:58.133+0000] {dagbag.py:536} INFO - Filling up the DagBag from /opt/airflow/dags/report_hourly_dag.py
[2026-06-19T18:45:58.145+0000] {processor.py:839} INFO - DAG(s) dict_keys(['report_hourly_dag']) retrieved from /opt/airflow/dags/report_hourly_dag.py
[2026-06-19T18:45:58.162+0000] {logging_mixin.py:154} INFO - [2026-06-19T18:45:58.162+0000] {dag.py:2941} INFO - Sync 1 DAGs
[2026-06-19T18:45:58.179+0000] {logging_mixin.py:154} INFO - [2026-06-19T18:45:58.179+0000] {dag.py:3722} INFO - Setting next_dagrun for report_hourly_dag to 2026-06-19T01:58:00+00:00, run_after=2026-06-19T01:59:00+00:00
[2026-06-19T18:45:58.191+0000] {processor.py:179} INFO - Processing /opt/airflow/dags/report_hourly_dag.py took 0.064 seconds
[2026-06-19T18:46:28.426+0000] {processor.py:157} INFO - Started process (PID=1038) to work on /opt/airflow/dags/report_hourly_dag.py
[2026-06-19T18:46:28.428+0000] {processor.py:829} INFO - Processing file /opt/airflow/dags/report_hourly_dag.py for tasks to queue
[2026-06-19T18:46:28.429+0000] {logging_mixin.py:154} INFO - [2026-06-19T18:46:28.429+0000] {dagbag.py:536} INFO - Filling up the DagBag from /opt/airflow/dags/report_hourly_dag.py
[2026-06-19T18:46:28.439+0000] {processor.py:839} INFO - DAG(s) dict_keys(['report_hourly_dag']) retrieved from /opt/airflow/dags/report_hourly_dag.py
[2026-06-19T18:46:28.456+0000] {logging_mixin.py:154} INFO - [2026-06-19T18:46:28.456+0000] {dag.py:2941} INFO - Sync 1 DAGs
[2026-06-19T18:46:28.472+0000] {logging_mixin.py:154} INFO - [2026-06-19T18:46:28.472+0000] {dag.py:3722} INFO - Setting next_dagrun for report_hourly_dag to 2026-06-19T01:58:00+00:00, run_after=2026-06-19T01:59:00+00:00
[2026-06-19T18:46:28.485+0000] {processor.py:179} INFO - Processing /opt/airflow/dags/report_hourly_dag.py took 0.063 seconds
[2026-06-19T18:46:58.714+0000] {processor.py:157} INFO - Started process (PID=1053) to work on /opt/airflow/dags/report_hourly_dag.py
[2026-06-19T18:46:58.715+0000] {processor.py:829} INFO - Processing file /opt/airflow/dags/report_hourly_dag.py for tasks to queue
[2026-06-19T18:46:58.716+0000] {logging_mixin.py:154} INFO - [2026-06-19T18:46:58.715+0000] {dagbag.py:536} INFO - Filling up the DagBag from /opt/airflow/dags/report_hourly_dag.py
[2026-06-19T18:46:58.728+0000] {processor.py:839} INFO - DAG(s) dict_keys(['report_hourly_dag']) retrieved from /opt/airflow/dags/report_hourly_dag.py
[2026-06-19T18:46:58.744+0000] {logging_mixin.py:154} INFO - [2026-06-19T18:46:58.743+0000] {dag.py:2941} INFO - Sync 1 DAGs
[2026-06-19T18:46:58.834+0000] {logging_mixin.py:154} INFO - [2026-06-19T18:46:58.834+0000] {dag.py:3722} INFO - Setting next_dagrun for report_hourly_dag to 2026-06-19T01:58:00+00:00, run_after=2026-06-19T01:59:00+00:00
[2026-06-19T18:46:58.846+0000] {processor.py:179} INFO - Processing /opt/airflow/dags/report_hourly_dag.py took 0.136 seconds
[2026-06-19T18:47:29.039+0000] {processor.py:157} INFO - Started process (PID=1068) to work on /opt/airflow/dags/report_hourly_dag.py
[2026-06-19T18:47:29.040+0000] {processor.py:829} INFO - Processing file /opt/airflow/dags/report_hourly_dag.py for tasks to queue
[2026-06-19T18:47:29.041+0000] {logging_mixin.py:154} INFO - [2026-06-19T18:47:29.041+0000] {dagbag.py:536} INFO - Filling up the DagBag from /opt/airflow/dags/report_hourly_dag.py
[2026-06-19T18:47:29.053+0000] {processor.py:839} INFO - DAG(s) dict_keys(['report_hourly_dag']) retrieved from /opt/airflow/dags/report_hourly_dag.py
[2026-06-19T18:47:29.072+0000] {logging_mixin.py:154} INFO - [2026-06-19T18:47:29.072+0000] {dag.py:2941} INFO - Sync 1 DAGs
[2026-06-19T18:47:29.091+0000] {logging_mixin.py:154} INFO - [2026-06-19T18:47:29.091+0000] {dag.py:3722} INFO - Setting next_dagrun for report_hourly_dag to 2026-06-19T01:58:00+00:00, run_after=2026-06-19T01:59:00+00:00
[2026-06-19T18:47:29.105+0000] {processor.py:179} INFO - Processing /opt/airflow/dags/report_hourly_dag.py took 0.071 seconds
[2026-06-19T18:47:59.278+0000] {processor.py:157} INFO - Started process (PID=1083) to work on /opt/airflow/dags/report_hourly_dag.py
[2026-06-19T18:47:59.279+0000] {processor.py:829} INFO - Processing file /opt/airflow/dags/report_hourly_dag.py for tasks to queue
[2026-06-19T18:47:59.279+0000] {logging_mixin.py:154} INFO - [2026-06-19T18:47:59.279+0000] {dagbag.py:536} INFO - Filling up the DagBag from /opt/airflow/dags/report_hourly_dag.py
[2026-06-19T18:47:59.288+0000] {processor.py:839} INFO - DAG(s) dict_keys(['report_hourly_dag']) retrieved from /opt/airflow/dags/report_hourly_dag.py
[2026-06-19T18:47:59.303+0000] {logging_mixin.py:154} INFO - [2026-06-19T18:47:59.303+0000] {dag.py:2941} INFO - Sync 1 DAGs
[2026-06-19T18:47:59.321+0000] {logging_mixin.py:154} INFO - [2026-06-19T18:47:59.321+0000] {dag.py:3722} INFO - Setting next_dagrun for report_hourly_dag to 2026-06-19T01:58:00+00:00, run_after=2026-06-19T01:59:00+00:00
[2026-06-19T18:47:59.335+0000] {processor.py:179} INFO - Processing /opt/airflow/dags/report_hourly_dag.py took 0.060 seconds
[2026-06-19T18:48:29.561+0000] {processor.py:157} INFO - Started process (PID=1098) to work on /opt/airflow/dags/report_hourly_dag.py
[2026-06-19T18:48:29.564+0000] {processor.py:829} INFO - Processing file /opt/airflow/dags/report_hourly_dag.py for tasks to queue
[2026-06-19T18:48:29.565+0000] {logging_mixin.py:154} INFO - [2026-06-19T18:48:29.565+0000] {dagbag.py:536} INFO - Filling up the DagBag from /opt/airflow/dags/report_hourly_dag.py
[2026-06-19T18:48:29.577+0000] {processor.py:839} INFO - DAG(s) dict_keys(['report_hourly_dag']) retrieved from /opt/airflow/dags/report_hourly_dag.py
[2026-06-19T18:48:29.602+0000] {logging_mixin.py:154} INFO - [2026-06-19T18:48:29.602+0000] {dag.py:2941} INFO - Sync 1 DAGs
[2026-06-19T18:48:29.626+0000] {logging_mixin.py:154} INFO - [2026-06-19T18:48:29.625+0000] {dag.py:3722} INFO - Setting next_dagrun for report_hourly_dag to 2026-06-19T01:58:00+00:00, run_after=2026-06-19T01:59:00+00:00
[2026-06-19T18:48:29.641+0000] {processor.py:179} INFO - Processing /opt/airflow/dags/report_hourly_dag.py took 0.083 seconds
[2026-06-19T18:48:59.848+0000] {processor.py:157} INFO - Started process (PID=1113) to work on /opt/airflow/dags/report_hourly_dag.py
[2026-06-19T18:48:59.848+0000] {processor.py:829} INFO - Processing file /opt/airflow/dags/report_hourly_dag.py for tasks to queue
[2026-06-19T18:48:59.849+0000] {logging_mixin.py:154} INFO - [2026-06-19T18:48:59.849+0000] {dagbag.py:536} INFO - Filling up the DagBag from /opt/airflow/dags/report_hourly_dag.py
[2026-06-19T18:48:59.862+0000] {processor.py:839} INFO - DAG(s) dict_keys(['report_hourly_dag']) retrieved from /opt/airflow/dags/report_hourly_dag.py
[2026-06-19T18:48:59.882+0000] {logging_mixin.py:154} INFO - [2026-06-19T18:48:59.882+0000] {dag.py:2941} INFO - Sync 1 DAGs
[2026-06-19T18:48:59.900+0000] {logging_mixin.py:154} INFO - [2026-06-19T18:48:59.900+0000] {dag.py:3722} INFO - Setting next_dagrun for report_hourly_dag to 2026-06-19T01:58:00+00:00, run_after=2026-06-19T01:59:00+00:00
[2026-06-19T18:48:59.914+0000] {processor.py:179} INFO - Processing /opt/airflow/dags/report_hourly_dag.py took 0.071 seconds
[2026-06-19T18:49:30.137+0000] {processor.py:157} INFO - Started process (PID=1128) to work on /opt/airflow/dags/report_hourly_dag.py
[2026-06-19T18:49:30.140+0000] {processor.py:829} INFO - Processing file /opt/airflow/dags/report_hourly_dag.py for tasks to queue
[2026-06-19T18:49:30.141+0000] {logging_mixin.py:154} INFO - [2026-06-19T18:49:30.140+0000] {dagbag.py:536} INFO - Filling up the DagBag from /opt/airflow/dags/report_hourly_dag.py
[2026-06-19T18:49:30.151+0000] {processor.py:839} INFO - DAG(s) dict_keys(['report_hourly_dag']) retrieved from /opt/airflow/dags/report_hourly_dag.py
[2026-06-19T18:49:30.170+0000] {logging_mixin.py:154} INFO - [2026-06-19T18:49:30.170+0000] {dag.py:2941} INFO - Sync 1 DAGs
[2026-06-19T18:49:30.189+0000] {logging_mixin.py:154} INFO - [2026-06-19T18:49:30.189+0000] {dag.py:3722} INFO - Setting next_dagrun for report_hourly_dag to 2026-06-19T01:58:00+00:00, run_after=2026-06-19T01:59:00+00:00
[2026-06-19T18:49:30.201+0000] {processor.py:179} INFO - Processing /opt/airflow/dags/report_hourly_dag.py took 0.068 seconds
[2026-06-19T18:50:00.394+0000] {processor.py:157} INFO - Started process (PID=1143) to work on /opt/airflow/dags/report_hourly_dag.py
[2026-06-19T18:50:00.395+0000] {processor.py:829} INFO - Processing file /opt/airflow/dags/report_hourly_dag.py for tasks to queue
[2026-06-19T18:50:00.396+0000] {logging_mixin.py:154} INFO - [2026-06-19T18:50:00.396+0000] {dagbag.py:536} INFO - Filling up the DagBag from /opt/airflow/dags/report_hourly_dag.py
[2026-06-19T18:50:00.407+0000] {processor.py:839} INFO - DAG(s) dict_keys(['report_hourly_dag']) retrieved from /opt/airflow/dags/report_hourly_dag.py
[2026-06-19T18:50:00.423+0000] {logging_mixin.py:154} INFO - [2026-06-19T18:50:00.423+0000] {dag.py:2941} INFO - Sync 1 DAGs
[2026-06-19T18:50:00.442+0000] {logging_mixin.py:154} INFO - [2026-06-19T18:50:00.442+0000] {dag.py:3722} INFO - Setting next_dagrun for report_hourly_dag to 2026-06-19T01:58:00+00:00, run_after=2026-06-19T01:59:00+00:00
[2026-06-19T18:50:00.456+0000] {processor.py:179} INFO - Processing /opt/airflow/dags/report_hourly_dag.py took 0.067 seconds
[2026-06-19T18:50:30.648+0000] {processor.py:157} INFO - Started process (PID=1158) to work on /opt/airflow/dags/report_hourly_dag.py
[2026-06-19T18:50:30.650+0000] {processor.py:829} INFO - Processing file /opt/airflow/dags/report_hourly_dag.py for tasks to queue
[2026-06-19T18:50:30.651+0000] {logging_mixin.py:154} INFO - [2026-06-19T18:50:30.651+0000] {dagbag.py:536} INFO - Filling up the DagBag from /opt/airflow/dags/report_hourly_dag.py
[2026-06-19T18:50:30.665+0000] {processor.py:839} INFO - DAG(s) dict_keys(['report_hourly_dag']) retrieved from /opt/airflow/dags/report_hourly_dag.py
[2026-06-19T18:50:30.683+0000] {logging_mixin.py:154} INFO - [2026-06-19T18:50:30.683+0000] {dag.py:2941} INFO - Sync 1 DAGs
[2026-06-19T18:50:30.701+0000] {logging_mixin.py:154} INFO - [2026-06-19T18:50:30.701+0000] {dag.py:3722} INFO - Setting next_dagrun for report_hourly_dag to 2026-06-19T01:58:00+00:00, run_after=2026-06-19T01:59:00+00:00
[2026-06-19T18:50:30.719+0000] {processor.py:179} INFO - Processing /opt/airflow/dags/report_hourly_dag.py took 0.076 seconds
[2026-06-19T18:51:00.943+0000] {processor.py:157} INFO - Started process (PID=1173) to work on /opt/airflow/dags/report_hourly_dag.py
[2026-06-19T18:51:00.944+0000] {processor.py:829} INFO - Processing file /opt/airflow/dags/report_hourly_dag.py for tasks to queue
[2026-06-19T18:51:00.944+0000] {logging_mixin.py:154} INFO - [2026-06-19T18:51:00.944+0000] {dagbag.py:536} INFO - Filling up the DagBag from /opt/airflow/dags/report_hourly_dag.py
[2026-06-19T18:51:00.953+0000] {processor.py:839} INFO - DAG(s) dict_keys(['report_hourly_dag']) retrieved from /opt/airflow/dags/report_hourly_dag.py
[2026-06-19T18:51:00.973+0000] {logging_mixin.py:154} INFO - [2026-06-19T18:51:00.973+0000] {dag.py:2941} INFO - Sync 1 DAGs
[2026-06-19T18:51:00.998+0000] {logging_mixin.py:154} INFO - [2026-06-19T18:51:00.998+0000] {dag.py:3722} INFO - Setting next_dagrun for report_hourly_dag to 2026-06-19T01:58:00+00:00, run_after=2026-06-19T01:59:00+00:00
[2026-06-19T18:51:01.017+0000] {processor.py:179} INFO - Processing /opt/airflow/dags/report_hourly_dag.py took 0.077 seconds
[2026-06-19T18:51:31.239+0000] {processor.py:157} INFO - Started process (PID=1188) to work on /opt/airflow/dags/report_hourly_dag.py
[2026-06-19T18:51:31.240+0000] {processor.py:829} INFO - Processing file /opt/airflow/dags/report_hourly_dag.py for tasks to queue
[2026-06-19T18:51:31.240+0000] {logging_mixin.py:154} INFO - [2026-06-19T18:51:31.240+0000] {dagbag.py:536} INFO - Filling up the DagBag from /opt/airflow/dags/report_hourly_dag.py
[2026-06-19T18:51:31.251+0000] {processor.py:839} INFO - DAG(s) dict_keys(['report_hourly_dag']) retrieved from /opt/airflow/dags/report_hourly_dag.py
[2026-06-19T18:51:31.267+0000] {logging_mixin.py:154} INFO - [2026-06-19T18:51:31.267+0000] {dag.py:2941} INFO - Sync 1 DAGs
[2026-06-19T18:51:31.284+0000] {logging_mixin.py:154} INFO - [2026-06-19T18:51:31.284+0000] {dag.py:3722} INFO - Setting next_dagrun for report_hourly_dag to 2026-06-19T01:58:00+00:00, run_after=2026-06-19T01:59:00+00:00
[2026-06-19T18:51:31.295+0000] {processor.py:179} INFO - Processing /opt/airflow/dags/report_hourly_dag.py took 0.061 seconds
[2026-06-19T18:52:01.556+0000] {processor.py:157} INFO - Started process (PID=1203) to work on /opt/airflow/dags/report_hourly_dag.py
[2026-06-19T18:52:01.556+0000] {processor.py:829} INFO - Processing file /opt/airflow/dags/report_hourly_dag.py for tasks to queue
[2026-06-19T18:52:01.557+0000] {logging_mixin.py:154} INFO - [2026-06-19T18:52:01.557+0000] {dagbag.py:536} INFO - Filling up the DagBag from /opt/airflow/dags/report_hourly_dag.py
[2026-06-19T18:52:01.567+0000] {processor.py:839} INFO - DAG(s) dict_keys(['report_hourly_dag']) retrieved from /opt/airflow/dags/report_hourly_dag.py
[2026-06-19T18:52:01.583+0000] {logging_mixin.py:154} INFO - [2026-06-19T18:52:01.583+0000] {dag.py:2941} INFO - Sync 1 DAGs
[2026-06-19T18:52:01.599+0000] {logging_mixin.py:154} INFO - [2026-06-19T18:52:01.599+0000] {dag.py:3722} INFO - Setting next_dagrun for report_hourly_dag to 2026-06-19T01:58:00+00:00, run_after=2026-06-19T01:59:00+00:00
[2026-06-19T18:52:01.611+0000] {processor.py:179} INFO - Processing /opt/airflow/dags/report_hourly_dag.py took 0.059 seconds
[2026-06-19T18:52:31.851+0000] {processor.py:157} INFO - Started process (PID=1218) to work on /opt/airflow/dags/report_hourly_dag.py
[2026-06-19T18:52:31.853+0000] {processor.py:829} INFO - Processing file /opt/airflow/dags/report_hourly_dag.py for tasks to queue
[2026-06-19T18:52:31.853+0000] {logging_mixin.py:154} INFO - [2026-06-19T18:52:31.853+0000] {dagbag.py:536} INFO - Filling up the DagBag from /opt/airflow/dags/report_hourly_dag.py
[2026-06-19T18:52:31.864+0000] {processor.py:839} INFO - DAG(s) dict_keys(['report_hourly_dag']) retrieved from /opt/airflow/dags/report_hourly_dag.py
[2026-06-19T18:52:31.879+0000] {logging_mixin.py:154} INFO - [2026-06-19T18:52:31.879+0000] {dag.py:2941} INFO - Sync 1 DAGs
[2026-06-19T18:52:31.896+0000] {logging_mixin.py:154} INFO - [2026-06-19T18:52:31.896+0000] {dag.py:3722} INFO - Setting next_dagrun for report_hourly_dag to 2026-06-19T01:58:00+00:00, run_after=2026-06-19T01:59:00+00:00
[2026-06-19T18:52:31.910+0000] {processor.py:179} INFO - Processing /opt/airflow/dags/report_hourly_dag.py took 0.063 seconds
[2026-06-19T18:53:02.134+0000] {processor.py:157} INFO - Started process (PID=1233) to work on /opt/airflow/dags/report_hourly_dag.py
[2026-06-19T18:53:02.134+0000] {processor.py:829} INFO - Processing file /opt/airflow/dags/report_hourly_dag.py for tasks to queue
[2026-06-19T18:53:02.135+0000] {logging_mixin.py:154} INFO - [2026-06-19T18:53:02.135+0000] {dagbag.py:536} INFO - Filling up the DagBag from /opt/airflow/dags/report_hourly_dag.py
[2026-06-19T18:53:02.146+0000] {processor.py:839} INFO - DAG(s) dict_keys(['report_hourly_dag']) retrieved from /opt/airflow/dags/report_hourly_dag.py
[2026-06-19T18:53:02.161+0000] {logging_mixin.py:154} INFO - [2026-06-19T18:53:02.161+0000] {dag.py:2941} INFO - Sync 1 DAGs
[2026-06-19T18:53:02.178+0000] {logging_mixin.py:154} INFO - [2026-06-19T18:53:02.177+0000] {dag.py:3722} INFO - Setting next_dagrun for report_hourly_dag to 2026-06-19T01:58:00+00:00, run_after=2026-06-19T01:59:00+00:00
[2026-06-19T18:53:02.190+0000] {processor.py:179} INFO - Processing /opt/airflow/dags/report_hourly_dag.py took 0.060 seconds
[2026-06-19T18:53:32.409+0000] {processor.py:157} INFO - Started process (PID=1248) to work on /opt/airflow/dags/report_hourly_dag.py
[2026-06-19T18:53:32.412+0000] {processor.py:829} INFO - Processing file /opt/airflow/dags/report_hourly_dag.py for tasks to queue
[2026-06-19T18:53:32.413+0000] {logging_mixin.py:154} INFO - [2026-06-19T18:53:32.413+0000] {dagbag.py:536} INFO - Filling up the DagBag from /opt/airflow/dags/report_hourly_dag.py
[2026-06-19T18:53:32.422+0000] {processor.py:839} INFO - DAG(s) dict_keys(['report_hourly_dag']) retrieved from /opt/airflow/dags/report_hourly_dag.py
[2026-06-19T18:53:32.438+0000] {logging_mixin.py:154} INFO - [2026-06-19T18:53:32.437+0000] {dag.py:2941} INFO - Sync 1 DAGs
[2026-06-19T18:53:32.454+0000] {logging_mixin.py:154} INFO - [2026-06-19T18:53:32.454+0000] {dag.py:3722} INFO - Setting next_dagrun for report_hourly_dag to 2026-06-19T01:58:00+00:00, run_after=2026-06-19T01:59:00+00:00
[2026-06-19T18:53:32.466+0000] {processor.py:179} INFO - Processing /opt/airflow/dags/report_hourly_dag.py took 0.061 seconds
[2026-06-19T18:54:02.700+0000] {processor.py:157} INFO - Started process (PID=1263) to work on /opt/airflow/dags/report_hourly_dag.py
[2026-06-19T18:54:02.701+0000] {processor.py:829} INFO - Processing file /opt/airflow/dags/report_hourly_dag.py for tasks to queue
[2026-06-19T18:54:02.701+0000] {logging_mixin.py:154} INFO - [2026-06-19T18:54:02.701+0000] {dagbag.py:536} INFO - Filling up the DagBag from /opt/airflow/dags/report_hourly_dag.py
[2026-06-19T18:54:02.710+0000] {processor.py:839} INFO - DAG(s) dict_keys(['report_hourly_dag']) retrieved from /opt/airflow/dags/report_hourly_dag.py
[2026-06-19T18:54:02.725+0000] {logging_mixin.py:154} INFO - [2026-06-19T18:54:02.725+0000] {dag.py:2941} INFO - Sync 1 DAGs
[2026-06-19T18:54:02.741+0000] {logging_mixin.py:154} INFO - [2026-06-19T18:54:02.741+0000] {dag.py:3722} INFO - Setting next_dagrun for report_hourly_dag to 2026-06-19T01:58:00+00:00, run_after=2026-06-19T01:59:00+00:00
[2026-06-19T18:54:02.753+0000] {processor.py:179} INFO - Processing /opt/airflow/dags/report_hourly_dag.py took 0.057 seconds
[2026-06-19T18:54:32.973+0000] {processor.py:157} INFO - Started process (PID=1278) to work on /opt/airflow/dags/report_hourly_dag.py
[2026-06-19T18:54:32.981+0000] {processor.py:829} INFO - Processing file /opt/airflow/dags/report_hourly_dag.py for tasks to queue
[2026-06-19T18:54:32.981+0000] {logging_mixin.py:154} INFO - [2026-06-19T18:54:32.981+0000] {dagbag.py:536} INFO - Filling up the DagBag from /opt/airflow/dags/report_hourly_dag.py
[2026-06-19T18:54:32.993+0000] {processor.py:839} INFO - DAG(s) dict_keys(['report_hourly_dag']) retrieved from /opt/airflow/dags/report_hourly_dag.py
[2026-06-19T18:54:33.011+0000] {logging_mixin.py:154} INFO - [2026-06-19T18:54:33.011+0000] {dag.py:2941} INFO - Sync 1 DAGs
[2026-06-19T18:54:33.028+0000] {logging_mixin.py:154} INFO - [2026-06-19T18:54:33.028+0000] {dag.py:3722} INFO - Setting next_dagrun for report_hourly_dag to 2026-06-19T01:58:00+00:00, run_after=2026-06-19T01:59:00+00:00
[2026-06-19T18:54:33.042+0000] {processor.py:179} INFO - Processing /opt/airflow/dags/report_hourly_dag.py took 0.071 seconds
[2026-06-19T18:55:03.271+0000] {processor.py:157} INFO - Started process (PID=1293) to work on /opt/airflow/dags/report_hourly_dag.py
[2026-06-19T18:55:03.272+0000] {processor.py:829} INFO - Processing file /opt/airflow/dags/report_hourly_dag.py for tasks to queue
[2026-06-19T18:55:03.272+0000] {logging_mixin.py:154} INFO - [2026-06-19T18:55:03.272+0000] {dagbag.py:536} INFO - Filling up the DagBag from /opt/airflow/dags/report_hourly_dag.py
[2026-06-19T18:55:03.283+0000] {processor.py:839} INFO - DAG(s) dict_keys(['report_hourly_dag']) retrieved from /opt/airflow/dags/report_hourly_dag.py
[2026-06-19T18:55:03.300+0000] {logging_mixin.py:154} INFO - [2026-06-19T18:55:03.300+0000] {dag.py:2941} INFO - Sync 1 DAGs
[2026-06-19T18:55:03.318+0000] {logging_mixin.py:154} INFO - [2026-06-19T18:55:03.318+0000] {dag.py:3722} INFO - Setting next_dagrun for report_hourly_dag to 2026-06-19T01:58:00+00:00, run_after=2026-06-19T01:59:00+00:00
[2026-06-19T18:55:03.341+0000] {processor.py:179} INFO - Processing /opt/airflow/dags/report_hourly_dag.py took 0.074 seconds
[2026-06-19T18:55:33.577+0000] {processor.py:157} INFO - Started process (PID=1308) to work on /opt/airflow/dags/report_hourly_dag.py
[2026-06-19T18:55:33.578+0000] {processor.py:829} INFO - Processing file /opt/airflow/dags/report_hourly_dag.py for tasks to queue
[2026-06-19T18:55:33.579+0000] {logging_mixin.py:154} INFO - [2026-06-19T18:55:33.578+0000] {dagbag.py:536} INFO - Filling up the DagBag from /opt/airflow/dags/report_hourly_dag.py
[2026-06-19T18:55:33.590+0000] {processor.py:839} INFO - DAG(s) dict_keys(['report_hourly_dag']) retrieved from /opt/airflow/dags/report_hourly_dag.py
[2026-06-19T18:55:33.606+0000] {logging_mixin.py:154} INFO - [2026-06-19T18:55:33.606+0000] {dag.py:2941} INFO - Sync 1 DAGs
[2026-06-19T18:55:33.624+0000] {logging_mixin.py:154} INFO - [2026-06-19T18:55:33.624+0000] {dag.py:3722} INFO - Setting next_dagrun for report_hourly_dag to 2026-06-19T01:58:00+00:00, run_after=2026-06-19T01:59:00+00:00
[2026-06-19T18:55:33.637+0000] {processor.py:179} INFO - Processing /opt/airflow/dags/report_hourly_dag.py took 0.065 seconds
[2026-06-19T18:56:03.875+0000] {processor.py:157} INFO - Started process (PID=1323) to work on /opt/airflow/dags/report_hourly_dag.py
[2026-06-19T18:56:03.878+0000] {processor.py:829} INFO - Processing file /opt/airflow/dags/report_hourly_dag.py for tasks to queue
[2026-06-19T18:56:03.878+0000] {logging_mixin.py:154} INFO - [2026-06-19T18:56:03.878+0000] {dagbag.py:536} INFO - Filling up the DagBag from /opt/airflow/dags/report_hourly_dag.py
[2026-06-19T18:56:03.889+0000] {processor.py:839} INFO - DAG(s) dict_keys(['report_hourly_dag']) retrieved from /opt/airflow/dags/report_hourly_dag.py
[2026-06-19T18:56:03.910+0000] {logging_mixin.py:154} INFO - [2026-06-19T18:56:03.910+0000] {dag.py:2941} INFO - Sync 1 DAGs
[2026-06-19T18:56:03.929+0000] {logging_mixin.py:154} INFO - [2026-06-19T18:56:03.928+0000] {dag.py:3722} INFO - Setting next_dagrun for report_hourly_dag to 2026-06-19T01:58:00+00:00, run_after=2026-06-19T01:59:00+00:00
[2026-06-19T18:56:03.941+0000] {processor.py:179} INFO - Processing /opt/airflow/dags/report_hourly_dag.py took 0.069 seconds
[2026-06-19T18:56:34.141+0000] {processor.py:157} INFO - Started process (PID=1338) to work on /opt/airflow/dags/report_hourly_dag.py
[2026-06-19T18:56:34.141+0000] {processor.py:829} INFO - Processing file /opt/airflow/dags/report_hourly_dag.py for tasks to queue
[2026-06-19T18:56:34.142+0000] {logging_mixin.py:154} INFO - [2026-06-19T18:56:34.142+0000] {dagbag.py:536} INFO - Filling up the DagBag from /opt/airflow/dags/report_hourly_dag.py
[2026-06-19T18:56:34.153+0000] {processor.py:839} INFO - DAG(s) dict_keys(['report_hourly_dag']) retrieved from /opt/airflow/dags/report_hourly_dag.py
[2026-06-19T18:56:34.169+0000] {logging_mixin.py:154} INFO - [2026-06-19T18:56:34.169+0000] {dag.py:2941} INFO - Sync 1 DAGs
[2026-06-19T18:56:34.189+0000] {logging_mixin.py:154} INFO - [2026-06-19T18:56:34.189+0000] {dag.py:3722} INFO - Setting next_dagrun for report_hourly_dag to 2026-06-19T01:58:00+00:00, run_after=2026-06-19T01:59:00+00:00
[2026-06-19T18:56:34.203+0000] {processor.py:179} INFO - Processing /opt/airflow/dags/report_hourly_dag.py took 0.066 seconds
[2026-06-19T18:57:04.467+0000] {processor.py:157} INFO - Started process (PID=1353) to work on /opt/airflow/dags/report_hourly_dag.py
[2026-06-19T18:57:04.470+0000] {processor.py:829} INFO - Processing file /opt/airflow/dags/report_hourly_dag.py for tasks to queue
[2026-06-19T18:57:04.471+0000] {logging_mixin.py:154} INFO - [2026-06-19T18:57:04.471+0000] {dagbag.py:536} INFO - Filling up the DagBag from /opt/airflow/dags/report_hourly_dag.py
[2026-06-19T18:57:04.482+0000] {processor.py:839} INFO - DAG(s) dict_keys(['report_hourly_dag']) retrieved from /opt/airflow/dags/report_hourly_dag.py
[2026-06-19T18:57:04.499+0000] {logging_mixin.py:154} INFO - [2026-06-19T18:57:04.499+0000] {dag.py:2941} INFO - Sync 1 DAGs
[2026-06-19T18:57:04.516+0000] {logging_mixin.py:154} INFO - [2026-06-19T18:57:04.516+0000] {dag.py:3722} INFO - Setting next_dagrun for report_hourly_dag to 2026-06-19T01:58:00+00:00, run_after=2026-06-19T01:59:00+00:00
[2026-06-19T18:57:04.528+0000] {processor.py:179} INFO - Processing /opt/airflow/dags/report_hourly_dag.py took 0.065 seconds
[2026-06-19T18:57:34.769+0000] {processor.py:157} INFO - Started process (PID=1368) to work on /opt/airflow/dags/report_hourly_dag.py
[2026-06-19T18:57:34.769+0000] {processor.py:829} INFO - Processing file /opt/airflow/dags/report_hourly_dag.py for tasks to queue
[2026-06-19T18:57:34.770+0000] {logging_mixin.py:154} INFO - [2026-06-19T18:57:34.770+0000] {dagbag.py:536} INFO - Filling up the DagBag from /opt/airflow/dags/report_hourly_dag.py
[2026-06-19T18:57:34.780+0000] {processor.py:839} INFO - DAG(s) dict_keys(['report_hourly_dag']) retrieved from /opt/airflow/dags/report_hourly_dag.py
[2026-06-19T18:57:34.795+0000] {logging_mixin.py:154} INFO - [2026-06-19T18:57:34.795+0000] {dag.py:2941} INFO - Sync 1 DAGs
[2026-06-19T18:57:34.812+0000] {logging_mixin.py:154} INFO - [2026-06-19T18:57:34.812+0000] {dag.py:3722} INFO - Setting next_dagrun for report_hourly_dag to 2026-06-19T01:58:00+00:00, run_after=2026-06-19T01:59:00+00:00
[2026-06-19T18:57:34.825+0000] {processor.py:179} INFO - Processing /opt/airflow/dags/report_hourly_dag.py took 0.060 seconds
[2026-06-19T18:58:05.062+0000] {processor.py:157} INFO - Started process (PID=1383) to work on /opt/airflow/dags/report_hourly_dag.py
[2026-06-19T18:58:05.063+0000] {processor.py:829} INFO - Processing file /opt/airflow/dags/report_hourly_dag.py for tasks to queue
[2026-06-19T18:58:05.064+0000] {logging_mixin.py:154} INFO - [2026-06-19T18:58:05.063+0000] {dagbag.py:536} INFO - Filling up the DagBag from /opt/airflow/dags/report_hourly_dag.py
[2026-06-19T18:58:05.074+0000] {processor.py:839} INFO - DAG(s) dict_keys(['report_hourly_dag']) retrieved from /opt/airflow/dags/report_hourly_dag.py
[2026-06-19T18:58:05.090+0000] {logging_mixin.py:154} INFO - [2026-06-19T18:58:05.090+0000] {dag.py:2941} INFO - Sync 1 DAGs
[2026-06-19T18:58:05.108+0000] {logging_mixin.py:154} INFO - [2026-06-19T18:58:05.108+0000] {dag.py:3722} INFO - Setting next_dagrun for report_hourly_dag to 2026-06-19T01:58:00+00:00, run_after=2026-06-19T01:59:00+00:00
[2026-06-19T18:58:05.130+0000] {processor.py:179} INFO - Processing /opt/airflow/dags/report_hourly_dag.py took 0.074 seconds
[2026-06-19T18:58:35.373+0000] {processor.py:157} INFO - Started process (PID=1398) to work on /opt/airflow/dags/report_hourly_dag.py
[2026-06-19T18:58:35.374+0000] {processor.py:829} INFO - Processing file /opt/airflow/dags/report_hourly_dag.py for tasks to queue
[2026-06-19T18:58:35.375+0000] {logging_mixin.py:154} INFO - [2026-06-19T18:58:35.374+0000] {dagbag.py:536} INFO - Filling up the DagBag from /opt/airflow/dags/report_hourly_dag.py
[2026-06-19T18:58:35.387+0000] {processor.py:839} INFO - DAG(s) dict_keys(['report_hourly_dag']) retrieved from /opt/airflow/dags/report_hourly_dag.py
[2026-06-19T18:58:35.403+0000] {logging_mixin.py:154} INFO - [2026-06-19T18:58:35.403+0000] {dag.py:2941} INFO - Sync 1 DAGs
[2026-06-19T18:58:35.420+0000] {logging_mixin.py:154} INFO - [2026-06-19T18:58:35.420+0000] {dag.py:3722} INFO - Setting next_dagrun for report_hourly_dag to 2026-06-19T01:58:00+00:00, run_after=2026-06-19T01:59:00+00:00
[2026-06-19T18:58:35.436+0000] {processor.py:179} INFO - Processing /opt/airflow/dags/report_hourly_dag.py took 0.068 seconds
[2026-06-19T18:59:05.667+0000] {processor.py:157} INFO - Started process (PID=1413) to work on /opt/airflow/dags/report_hourly_dag.py
[2026-06-19T18:59:05.668+0000] {processor.py:829} INFO - Processing file /opt/airflow/dags/report_hourly_dag.py for tasks to queue
[2026-06-19T18:59:05.669+0000] {logging_mixin.py:154} INFO - [2026-06-19T18:59:05.669+0000] {dagbag.py:536} INFO - Filling up the DagBag from /opt/airflow/dags/report_hourly_dag.py
[2026-06-19T18:59:05.679+0000] {processor.py:839} INFO - DAG(s) dict_keys(['report_hourly_dag']) retrieved from /opt/airflow/dags/report_hourly_dag.py
[2026-06-19T18:59:05.695+0000] {logging_mixin.py:154} INFO - [2026-06-19T18:59:05.695+0000] {dag.py:2941} INFO - Sync 1 DAGs
[2026-06-19T18:59:05.713+0000] {logging_mixin.py:154} INFO - [2026-06-19T18:59:05.713+0000] {dag.py:3722} INFO - Setting next_dagrun for report_hourly_dag to 2026-06-19T01:58:00+00:00, run_after=2026-06-19T01:59:00+00:00
[2026-06-19T18:59:05.735+0000] {processor.py:179} INFO - Processing /opt/airflow/dags/report_hourly_dag.py took 0.073 seconds
[2026-06-19T18:59:35.962+0000] {processor.py:157} INFO - Started process (PID=1428) to work on /opt/airflow/dags/report_hourly_dag.py
[2026-06-19T18:59:35.963+0000] {processor.py:829} INFO - Processing file /opt/airflow/dags/report_hourly_dag.py for tasks to queue
[2026-06-19T18:59:35.964+0000] {logging_mixin.py:154} INFO - [2026-06-19T18:59:35.964+0000] {dagbag.py:536} INFO - Filling up the DagBag from /opt/airflow/dags/report_hourly_dag.py
[2026-06-19T18:59:35.973+0000] {processor.py:839} INFO - DAG(s) dict_keys(['report_hourly_dag']) retrieved from /opt/airflow/dags/report_hourly_dag.py
[2026-06-19T18:59:35.988+0000] {logging_mixin.py:154} INFO - [2026-06-19T18:59:35.988+0000] {dag.py:2941} INFO - Sync 1 DAGs
[2026-06-19T18:59:36.006+0000] {logging_mixin.py:154} INFO - [2026-06-19T18:59:36.005+0000] {dag.py:3722} INFO - Setting next_dagrun for report_hourly_dag to 2026-06-19T01:58:00+00:00, run_after=2026-06-19T01:59:00+00:00
[2026-06-19T18:59:36.019+0000] {processor.py:179} INFO - Processing /opt/airflow/dags/report_hourly_dag.py took 0.060 seconds
[2026-06-19T19:00:06.248+0000] {processor.py:157} INFO - Started process (PID=1443) to work on /opt/airflow/dags/report_hourly_dag.py
[2026-06-19T19:00:06.252+0000] {processor.py:829} INFO - Processing file /opt/airflow/dags/report_hourly_dag.py for tasks to queue
[2026-06-19T19:00:06.253+0000] {logging_mixin.py:154} INFO - [2026-06-19T19:00:06.253+0000] {dagbag.py:536} INFO - Filling up the DagBag from /opt/airflow/dags/report_hourly_dag.py
[2026-06-19T19:00:06.268+0000] {processor.py:839} INFO - DAG(s) dict_keys(['report_hourly_dag']) retrieved from /opt/airflow/dags/report_hourly_dag.py
[2026-06-19T19:00:06.285+0000] {logging_mixin.py:154} INFO - [2026-06-19T19:00:06.285+0000] {dag.py:2941} INFO - Sync 1 DAGs
[2026-06-19T19:00:06.302+0000] {logging_mixin.py:154} INFO - [2026-06-19T19:00:06.302+0000] {dag.py:3722} INFO - Setting next_dagrun for report_hourly_dag to 2026-06-19T01:58:00+00:00, run_after=2026-06-19T01:59:00+00:00
[2026-06-19T19:00:06.315+0000] {processor.py:179} INFO - Processing /opt/airflow/dags/report_hourly_dag.py took 0.071 seconds
[2026-06-19T19:00:36.531+0000] {processor.py:157} INFO - Started process (PID=1458) to work on /opt/airflow/dags/report_hourly_dag.py
[2026-06-19T19:00:36.532+0000] {processor.py:829} INFO - Processing file /opt/airflow/dags/report_hourly_dag.py for tasks to queue
[2026-06-19T19:00:36.532+0000] {logging_mixin.py:154} INFO - [2026-06-19T19:00:36.532+0000] {dagbag.py:536} INFO - Filling up the DagBag from /opt/airflow/dags/report_hourly_dag.py
[2026-06-19T19:00:36.543+0000] {processor.py:839} INFO - DAG(s) dict_keys(['report_hourly_dag']) retrieved from /opt/airflow/dags/report_hourly_dag.py
[2026-06-19T19:00:36.559+0000] {logging_mixin.py:154} INFO - [2026-06-19T19:00:36.559+0000] {dag.py:2941} INFO - Sync 1 DAGs
[2026-06-19T19:00:36.576+0000] {logging_mixin.py:154} INFO - [2026-06-19T19:00:36.576+0000] {dag.py:3722} INFO - Setting next_dagrun for report_hourly_dag to 2026-06-19T01:58:00+00:00, run_after=2026-06-19T01:59:00+00:00
[2026-06-19T19:00:36.588+0000] {processor.py:179} INFO - Processing /opt/airflow/dags/report_hourly_dag.py took 0.061 seconds
[2026-06-19T19:01:06.829+0000] {processor.py:157} INFO - Started process (PID=1473) to work on /opt/airflow/dags/report_hourly_dag.py
[2026-06-19T19:01:06.831+0000] {processor.py:829} INFO - Processing file /opt/airflow/dags/report_hourly_dag.py for tasks to queue
[2026-06-19T19:01:06.832+0000] {logging_mixin.py:154} INFO - [2026-06-19T19:01:06.831+0000] {dagbag.py:536} INFO - Filling up the DagBag from /opt/airflow/dags/report_hourly_dag.py
[2026-06-19T19:01:06.843+0000] {processor.py:839} INFO - DAG(s) dict_keys(['report_hourly_dag']) retrieved from /opt/airflow/dags/report_hourly_dag.py
[2026-06-19T19:01:06.863+0000] {logging_mixin.py:154} INFO - [2026-06-19T19:01:06.863+0000] {dag.py:2941} INFO - Sync 1 DAGs
[2026-06-19T19:01:06.881+0000] {logging_mixin.py:154} INFO - [2026-06-19T19:01:06.881+0000] {dag.py:3722} INFO - Setting next_dagrun for report_hourly_dag to 2026-06-19T01:58:00+00:00, run_after=2026-06-19T01:59:00+00:00
[2026-06-19T19:01:06.894+0000] {processor.py:179} INFO - Processing /opt/airflow/dags/report_hourly_dag.py took 0.069 seconds
[2026-06-19T19:01:37.138+0000] {processor.py:157} INFO - Started process (PID=1488) to work on /opt/airflow/dags/report_hourly_dag.py
[2026-06-19T19:01:37.139+0000] {processor.py:829} INFO - Processing file /opt/airflow/dags/report_hourly_dag.py for tasks to queue
[2026-06-19T19:01:37.140+0000] {logging_mixin.py:154} INFO - [2026-06-19T19:01:37.139+0000] {dagbag.py:536} INFO - Filling up the DagBag from /opt/airflow/dags/report_hourly_dag.py
[2026-06-19T19:01:37.154+0000] {processor.py:839} INFO - DAG(s) dict_keys(['report_hourly_dag']) retrieved from /opt/airflow/dags/report_hourly_dag.py
[2026-06-19T19:01:37.175+0000] {logging_mixin.py:154} INFO - [2026-06-19T19:01:37.175+0000] {dag.py:2941} INFO - Sync 1 DAGs
[2026-06-19T19:01:37.194+0000] {logging_mixin.py:154} INFO - [2026-06-19T19:01:37.194+0000] {dag.py:3722} INFO - Setting next_dagrun for report_hourly_dag to 2026-06-19T01:58:00+00:00, run_after=2026-06-19T01:59:00+00:00
[2026-06-19T19:01:37.208+0000] {processor.py:179} INFO - Processing /opt/airflow/dags/report_hourly_dag.py took 0.075 seconds
[2026-06-19T19:02:07.434+0000] {processor.py:157} INFO - Started process (PID=1503) to work on /opt/airflow/dags/report_hourly_dag.py
[2026-06-19T19:02:07.436+0000] {processor.py:829} INFO - Processing file /opt/airflow/dags/report_hourly_dag.py for tasks to queue
[2026-06-19T19:02:07.437+0000] {logging_mixin.py:154} INFO - [2026-06-19T19:02:07.437+0000] {dagbag.py:536} INFO - Filling up the DagBag from /opt/airflow/dags/report_hourly_dag.py
[2026-06-19T19:02:07.447+0000] {processor.py:839} INFO - DAG(s) dict_keys(['report_hourly_dag']) retrieved from /opt/airflow/dags/report_hourly_dag.py
[2026-06-19T19:02:07.464+0000] {logging_mixin.py:154} INFO - [2026-06-19T19:02:07.464+0000] {dag.py:2941} INFO - Sync 1 DAGs
[2026-06-19T19:02:07.483+0000] {logging_mixin.py:154} INFO - [2026-06-19T19:02:07.483+0000] {dag.py:3722} INFO - Setting next_dagrun for report_hourly_dag to 2026-06-19T01:58:00+00:00, run_after=2026-06-19T01:59:00+00:00
[2026-06-19T19:02:07.497+0000] {processor.py:179} INFO - Processing /opt/airflow/dags/report_hourly_dag.py took 0.067 seconds
[2026-06-19T19:02:37.733+0000] {processor.py:157} INFO - Started process (PID=1518) to work on /opt/airflow/dags/report_hourly_dag.py
[2026-06-19T19:02:37.734+0000] {processor.py:829} INFO - Processing file /opt/airflow/dags/report_hourly_dag.py for tasks to queue
[2026-06-19T19:02:37.735+0000] {logging_mixin.py:154} INFO - [2026-06-19T19:02:37.734+0000] {dagbag.py:536} INFO - Filling up the DagBag from /opt/airflow/dags/report_hourly_dag.py
[2026-06-19T19:02:37.746+0000] {processor.py:839} INFO - DAG(s) dict_keys(['report_hourly_dag']) retrieved from /opt/airflow/dags/report_hourly_dag.py
[2026-06-19T19:02:37.762+0000] {logging_mixin.py:154} INFO - [2026-06-19T19:02:37.762+0000] {dag.py:2941} INFO - Sync 1 DAGs
[2026-06-19T19:02:37.780+0000] {logging_mixin.py:154} INFO - [2026-06-19T19:02:37.780+0000] {dag.py:3722} INFO - Setting next_dagrun for report_hourly_dag to 2026-06-19T01:58:00+00:00, run_after=2026-06-19T01:59:00+00:00
[2026-06-19T19:02:37.793+0000] {processor.py:179} INFO - Processing /opt/airflow/dags/report_hourly_dag.py took 0.064 seconds
[2026-06-19T19:03:08.037+0000] {processor.py:157} INFO - Started process (PID=1533) to work on /opt/airflow/dags/report_hourly_dag.py
[2026-06-19T19:03:08.039+0000] {processor.py:829} INFO - Processing file /opt/airflow/dags/report_hourly_dag.py for tasks to queue
[2026-06-19T19:03:08.040+0000] {logging_mixin.py:154} INFO - [2026-06-19T19:03:08.040+0000] {dagbag.py:536} INFO - Filling up the DagBag from /opt/airflow/dags/report_hourly_dag.py
[2026-06-19T19:03:08.050+0000] {processor.py:839} INFO - DAG(s) dict_keys(['report_hourly_dag']) retrieved from /opt/airflow/dags/report_hourly_dag.py
[2026-06-19T19:03:08.070+0000] {logging_mixin.py:154} INFO - [2026-06-19T19:03:08.070+0000] {dag.py:2941} INFO - Sync 1 DAGs
[2026-06-19T19:03:08.088+0000] {logging_mixin.py:154} INFO - [2026-06-19T19:03:08.088+0000] {dag.py:3722} INFO - Setting next_dagrun for report_hourly_dag to 2026-06-19T01:58:00+00:00, run_after=2026-06-19T01:59:00+00:00
[2026-06-19T19:03:08.101+0000] {processor.py:179} INFO - Processing /opt/airflow/dags/report_hourly_dag.py took 0.067 seconds
[2026-06-19T19:03:38.332+0000] {processor.py:157} INFO - Started process (PID=1548) to work on /opt/airflow/dags/report_hourly_dag.py
[2026-06-19T19:03:38.333+0000] {processor.py:829} INFO - Processing file /opt/airflow/dags/report_hourly_dag.py for tasks to queue
[2026-06-19T19:03:38.334+0000] {logging_mixin.py:154} INFO - [2026-06-19T19:03:38.333+0000] {dagbag.py:536} INFO - Filling up the DagBag from /opt/airflow/dags/report_hourly_dag.py
[2026-06-19T19:03:38.343+0000] {processor.py:839} INFO - DAG(s) dict_keys(['report_hourly_dag']) retrieved from /opt/airflow/dags/report_hourly_dag.py
[2026-06-19T19:03:38.361+0000] {logging_mixin.py:154} INFO - [2026-06-19T19:03:38.361+0000] {dag.py:2941} INFO - Sync 1 DAGs
[2026-06-19T19:03:38.378+0000] {logging_mixin.py:154} INFO - [2026-06-19T19:03:38.378+0000] {dag.py:3722} INFO - Setting next_dagrun for report_hourly_dag to 2026-06-19T01:58:00+00:00, run_after=2026-06-19T01:59:00+00:00
[2026-06-19T19:03:38.390+0000] {processor.py:179} INFO - Processing /opt/airflow/dags/report_hourly_dag.py took 0.062 seconds
[2026-06-19T19:04:08.619+0000] {processor.py:157} INFO - Started process (PID=1563) to work on /opt/airflow/dags/report_hourly_dag.py
[2026-06-19T19:04:08.622+0000] {processor.py:829} INFO - Processing file /opt/airflow/dags/report_hourly_dag.py for tasks to queue
[2026-06-19T19:04:08.622+0000] {logging_mixin.py:154} INFO - [2026-06-19T19:04:08.622+0000] {dagbag.py:536} INFO - Filling up the DagBag from /opt/airflow/dags/report_hourly_dag.py
[2026-06-19T19:04:08.632+0000] {processor.py:839} INFO - DAG(s) dict_keys(['report_hourly_dag']) retrieved from /opt/airflow/dags/report_hourly_dag.py
[2026-06-19T19:04:08.654+0000] {logging_mixin.py:154} INFO - [2026-06-19T19:04:08.653+0000] {dag.py:2941} INFO - Sync 1 DAGs
[2026-06-19T19:04:08.672+0000] {logging_mixin.py:154} INFO - [2026-06-19T19:04:08.672+0000] {dag.py:3722} INFO - Setting next_dagrun for report_hourly_dag to 2026-06-19T01:58:00+00:00, run_after=2026-06-19T01:59:00+00:00
[2026-06-19T19:04:08.684+0000] {processor.py:179} INFO - Processing /opt/airflow/dags/report_hourly_dag.py took 0.069 seconds
[2026-06-19T19:04:38.911+0000] {processor.py:157} INFO - Started process (PID=1578) to work on /opt/airflow/dags/report_hourly_dag.py
[2026-06-19T19:04:38.912+0000] {processor.py:829} INFO - Processing file /opt/airflow/dags/report_hourly_dag.py for tasks to queue
[2026-06-19T19:04:38.913+0000] {logging_mixin.py:154} INFO - [2026-06-19T19:04:38.912+0000] {dagbag.py:536} INFO - Filling up the DagBag from /opt/airflow/dags/report_hourly_dag.py
[2026-06-19T19:04:38.922+0000] {processor.py:839} INFO - DAG(s) dict_keys(['report_hourly_dag']) retrieved from /opt/airflow/dags/report_hourly_dag.py
[2026-06-19T19:04:38.938+0000] {logging_mixin.py:154} INFO - [2026-06-19T19:04:38.938+0000] {dag.py:2941} INFO - Sync 1 DAGs
[2026-06-19T19:04:38.953+0000] {logging_mixin.py:154} INFO - [2026-06-19T19:04:38.953+0000] {dag.py:3722} INFO - Setting next_dagrun for report_hourly_dag to 2026-06-19T01:58:00+00:00, run_after=2026-06-19T01:59:00+00:00
[2026-06-19T19:04:38.965+0000] {processor.py:179} INFO - Processing /opt/airflow/dags/report_hourly_dag.py took 0.057 seconds
[2026-06-19T19:05:09.195+0000] {processor.py:157} INFO - Started process (PID=1593) to work on /opt/airflow/dags/report_hourly_dag.py
[2026-06-19T19:05:09.196+0000] {processor.py:829} INFO - Processing file /opt/airflow/dags/report_hourly_dag.py for tasks to queue
[2026-06-19T19:05:09.197+0000] {logging_mixin.py:154} INFO - [2026-06-19T19:05:09.197+0000] {dagbag.py:536} INFO - Filling up the DagBag from /opt/airflow/dags/report_hourly_dag.py
[2026-06-19T19:05:09.207+0000] {processor.py:839} INFO - DAG(s) dict_keys(['report_hourly_dag']) retrieved from /opt/airflow/dags/report_hourly_dag.py
[2026-06-19T19:05:09.223+0000] {logging_mixin.py:154} INFO - [2026-06-19T19:05:09.223+0000] {dag.py:2941} INFO - Sync 1 DAGs
[2026-06-19T19:05:09.240+0000] {logging_mixin.py:154} INFO - [2026-06-19T19:05:09.240+0000] {dag.py:3722} INFO - Setting next_dagrun for report_hourly_dag to 2026-06-19T01:58:00+00:00, run_after=2026-06-19T01:59:00+00:00
[2026-06-19T19:05:09.253+0000] {processor.py:179} INFO - Processing /opt/airflow/dags/report_hourly_dag.py took 0.063 seconds
[2026-06-19T19:05:39.456+0000] {processor.py:157} INFO - Started process (PID=1608) to work on /opt/airflow/dags/report_hourly_dag.py
[2026-06-19T19:05:39.456+0000] {processor.py:829} INFO - Processing file /opt/airflow/dags/report_hourly_dag.py for tasks to queue
[2026-06-19T19:05:39.457+0000] {logging_mixin.py:154} INFO - [2026-06-19T19:05:39.457+0000] {dagbag.py:536} INFO - Filling up the DagBag from /opt/airflow/dags/report_hourly_dag.py
[2026-06-19T19:05:39.465+0000] {processor.py:839} INFO - DAG(s) dict_keys(['report_hourly_dag']) retrieved from /opt/airflow/dags/report_hourly_dag.py
[2026-06-19T19:05:39.481+0000] {logging_mixin.py:154} INFO - [2026-06-19T19:05:39.481+0000] {dag.py:2941} INFO - Sync 1 DAGs
[2026-06-19T19:05:39.498+0000] {logging_mixin.py:154} INFO - [2026-06-19T19:05:39.498+0000] {dag.py:3722} INFO - Setting next_dagrun for report_hourly_dag to 2026-06-19T01:58:00+00:00, run_after=2026-06-19T01:59:00+00:00
[2026-06-19T19:05:39.518+0000] {processor.py:179} INFO - Processing /opt/airflow/dags/report_hourly_dag.py took 0.065 seconds
[2026-06-19T19:06:09.762+0000] {processor.py:157} INFO - Started process (PID=1623) to work on /opt/airflow/dags/report_hourly_dag.py
[2026-06-19T19:06:09.763+0000] {processor.py:829} INFO - Processing file /opt/airflow/dags/report_hourly_dag.py for tasks to queue
[2026-06-19T19:06:09.764+0000] {logging_mixin.py:154} INFO - [2026-06-19T19:06:09.764+0000] {dagbag.py:536} INFO - Filling up the DagBag from /opt/airflow/dags/report_hourly_dag.py
[2026-06-19T19:06:09.777+0000] {processor.py:839} INFO - DAG(s) dict_keys(['report_hourly_dag']) retrieved from /opt/airflow/dags/report_hourly_dag.py
[2026-06-19T19:06:09.794+0000] {logging_mixin.py:154} INFO - [2026-06-19T19:06:09.794+0000] {dag.py:2941} INFO - Sync 1 DAGs
[2026-06-19T19:06:09.811+0000] {logging_mixin.py:154} INFO - [2026-06-19T19:06:09.811+0000] {dag.py:3722} INFO - Setting next_dagrun for report_hourly_dag to 2026-06-19T01:58:00+00:00, run_after=2026-06-19T01:59:00+00:00
[2026-06-19T19:06:09.823+0000] {processor.py:179} INFO - Processing /opt/airflow/dags/report_hourly_dag.py took 0.064 seconds
[2026-06-19T19:06:40.062+0000] {processor.py:157} INFO - Started process (PID=1638) to work on /opt/airflow/dags/report_hourly_dag.py
[2026-06-19T19:06:40.063+0000] {processor.py:829} INFO - Processing file /opt/airflow/dags/report_hourly_dag.py for tasks to queue
[2026-06-19T19:06:40.064+0000] {logging_mixin.py:154} INFO - [2026-06-19T19:06:40.063+0000] {dagbag.py:536} INFO - Filling up the DagBag from /opt/airflow/dags/report_hourly_dag.py
[2026-06-19T19:06:40.073+0000] {processor.py:839} INFO - DAG(s) dict_keys(['report_hourly_dag']) retrieved from /opt/airflow/dags/report_hourly_dag.py
[2026-06-19T19:06:40.088+0000] {logging_mixin.py:154} INFO - [2026-06-19T19:06:40.088+0000] {dag.py:2941} INFO - Sync 1 DAGs
[2026-06-19T19:06:40.104+0000] {logging_mixin.py:154} INFO - [2026-06-19T19:06:40.104+0000] {dag.py:3722} INFO - Setting next_dagrun for report_hourly_dag to 2026-06-19T01:58:00+00:00, run_after=2026-06-19T01:59:00+00:00
[2026-06-19T19:06:40.117+0000] {processor.py:179} INFO - Processing /opt/airflow/dags/report_hourly_dag.py took 0.058 seconds
[2026-06-19T19:07:10.349+0000] {processor.py:157} INFO - Started process (PID=1653) to work on /opt/airflow/dags/report_hourly_dag.py
[2026-06-19T19:07:10.353+0000] {processor.py:829} INFO - Processing file /opt/airflow/dags/report_hourly_dag.py for tasks to queue
[2026-06-19T19:07:10.353+0000] {logging_mixin.py:154} INFO - [2026-06-19T19:07:10.353+0000] {dagbag.py:536} INFO - Filling up the DagBag from /opt/airflow/dags/report_hourly_dag.py
[2026-06-19T19:07:10.362+0000] {processor.py:839} INFO - DAG(s) dict_keys(['report_hourly_dag']) retrieved from /opt/airflow/dags/report_hourly_dag.py
[2026-06-19T19:07:10.383+0000] {logging_mixin.py:154} INFO - [2026-06-19T19:07:10.383+0000] {dag.py:2941} INFO - Sync 1 DAGs
[2026-06-19T19:07:10.406+0000] {logging_mixin.py:154} INFO - [2026-06-19T19:07:10.406+0000] {dag.py:3722} INFO - Setting next_dagrun for report_hourly_dag to 2026-06-19T01:58:00+00:00, run_after=2026-06-19T01:59:00+00:00
[2026-06-19T19:07:10.418+0000] {processor.py:179} INFO - Processing /opt/airflow/dags/report_hourly_dag.py took 0.071 seconds
[2026-06-19T19:07:40.643+0000] {processor.py:157} INFO - Started process (PID=1668) to work on /opt/airflow/dags/report_hourly_dag.py
[2026-06-19T19:07:40.643+0000] {processor.py:829} INFO - Processing file /opt/airflow/dags/report_hourly_dag.py for tasks to queue
[2026-06-19T19:07:40.644+0000] {logging_mixin.py:154} INFO - [2026-06-19T19:07:40.644+0000] {dagbag.py:536} INFO - Filling up the DagBag from /opt/airflow/dags/report_hourly_dag.py
[2026-06-19T19:07:40.654+0000] {processor.py:839} INFO - DAG(s) dict_keys(['report_hourly_dag']) retrieved from /opt/airflow/dags/report_hourly_dag.py
[2026-06-19T19:07:40.669+0000] {logging_mixin.py:154} INFO - [2026-06-19T19:07:40.669+0000] {dag.py:2941} INFO - Sync 1 DAGs
[2026-06-19T19:07:40.685+0000] {logging_mixin.py:154} INFO - [2026-06-19T19:07:40.685+0000] {dag.py:3722} INFO - Setting next_dagrun for report_hourly_dag to 2026-06-19T01:58:00+00:00, run_after=2026-06-19T01:59:00+00:00
[2026-06-19T19:07:40.698+0000] {processor.py:179} INFO - Processing /opt/airflow/dags/report_hourly_dag.py took 0.060 seconds
[2026-06-19T19:08:10.932+0000] {processor.py:157} INFO - Started process (PID=1683) to work on /opt/airflow/dags/report_hourly_dag.py
[2026-06-19T19:08:10.933+0000] {processor.py:829} INFO - Processing file /opt/airflow/dags/report_hourly_dag.py for tasks to queue
[2026-06-19T19:08:10.934+0000] {logging_mixin.py:154} INFO - [2026-06-19T19:08:10.933+0000] {dagbag.py:536} INFO - Filling up the DagBag from /opt/airflow/dags/report_hourly_dag.py
[2026-06-19T19:08:10.944+0000] {processor.py:839} INFO - DAG(s) dict_keys(['report_hourly_dag']) retrieved from /opt/airflow/dags/report_hourly_dag.py
[2026-06-19T19:08:10.962+0000] {logging_mixin.py:154} INFO - [2026-06-19T19:08:10.962+0000] {dag.py:2941} INFO - Sync 1 DAGs
[2026-06-19T19:08:11.059+0000] {logging_mixin.py:154} INFO - [2026-06-19T19:08:11.059+0000] {dag.py:3722} INFO - Setting next_dagrun for report_hourly_dag to 2026-06-19T01:58:00+00:00, run_after=2026-06-19T01:59:00+00:00
[2026-06-19T19:08:11.084+0000] {processor.py:179} INFO - Processing /opt/airflow/dags/report_hourly_dag.py took 0.156 seconds
[2026-06-19T19:08:41.320+0000] {processor.py:157} INFO - Started process (PID=1698) to work on /opt/airflow/dags/report_hourly_dag.py
[2026-06-19T19:08:41.321+0000] {processor.py:829} INFO - Processing file /opt/airflow/dags/report_hourly_dag.py for tasks to queue
[2026-06-19T19:08:41.322+0000] {logging_mixin.py:154} INFO - [2026-06-19T19:08:41.321+0000] {dagbag.py:536} INFO - Filling up the DagBag from /opt/airflow/dags/report_hourly_dag.py
[2026-06-19T19:08:41.332+0000] {processor.py:839} INFO - DAG(s) dict_keys(['report_hourly_dag']) retrieved from /opt/airflow/dags/report_hourly_dag.py
[2026-06-19T19:08:41.351+0000] {logging_mixin.py:154} INFO - [2026-06-19T19:08:41.351+0000] {dag.py:2941} INFO - Sync 1 DAGs
[2026-06-19T19:08:41.373+0000] {logging_mixin.py:154} INFO - [2026-06-19T19:08:41.373+0000] {dag.py:3722} INFO - Setting next_dagrun for report_hourly_dag to 2026-06-19T01:58:00+00:00, run_after=2026-06-19T01:59:00+00:00
[2026-06-19T19:08:41.459+0000] {processor.py:179} INFO - Processing /opt/airflow/dags/report_hourly_dag.py took 0.143 seconds
[2026-06-19T19:09:11.669+0000] {processor.py:157} INFO - Started process (PID=1713) to work on /opt/airflow/dags/report_hourly_dag.py
[2026-06-19T19:09:11.670+0000] {processor.py:829} INFO - Processing file /opt/airflow/dags/report_hourly_dag.py for tasks to queue
[2026-06-19T19:09:11.671+0000] {logging_mixin.py:154} INFO - [2026-06-19T19:09:11.670+0000] {dagbag.py:536} INFO - Filling up the DagBag from /opt/airflow/dags/report_hourly_dag.py
[2026-06-19T19:09:11.680+0000] {processor.py:839} INFO - DAG(s) dict_keys(['report_hourly_dag']) retrieved from /opt/airflow/dags/report_hourly_dag.py
[2026-06-19T19:09:11.696+0000] {logging_mixin.py:154} INFO - [2026-06-19T19:09:11.696+0000] {dag.py:2941} INFO - Sync 1 DAGs
[2026-06-19T19:09:11.712+0000] {logging_mixin.py:154} INFO - [2026-06-19T19:09:11.711+0000] {dag.py:3722} INFO - Setting next_dagrun for report_hourly_dag to 2026-06-19T01:58:00+00:00, run_after=2026-06-19T01:59:00+00:00
[2026-06-19T19:09:11.723+0000] {processor.py:179} INFO - Processing /opt/airflow/dags/report_hourly_dag.py took 0.059 seconds
[2026-06-19T19:09:41.941+0000] {processor.py:157} INFO - Started process (PID=1728) to work on /opt/airflow/dags/report_hourly_dag.py
[2026-06-19T19:09:41.941+0000] {processor.py:829} INFO - Processing file /opt/airflow/dags/report_hourly_dag.py for tasks to queue
[2026-06-19T19:09:41.942+0000] {logging_mixin.py:154} INFO - [2026-06-19T19:09:41.942+0000] {dagbag.py:536} INFO - Filling up the DagBag from /opt/airflow/dags/report_hourly_dag.py
[2026-06-19T19:09:41.952+0000] {processor.py:839} INFO - DAG(s) dict_keys(['report_hourly_dag']) retrieved from /opt/airflow/dags/report_hourly_dag.py
[2026-06-19T19:09:41.972+0000] {logging_mixin.py:154} INFO - [2026-06-19T19:09:41.971+0000] {dag.py:2941} INFO - Sync 1 DAGs
[2026-06-19T19:09:41.994+0000] {logging_mixin.py:154} INFO - [2026-06-19T19:09:41.994+0000] {dag.py:3722} INFO - Setting next_dagrun for report_hourly_dag to 2026-06-19T01:58:00+00:00, run_after=2026-06-19T01:59:00+00:00
[2026-06-19T19:09:42.012+0000] {processor.py:179} INFO - Processing /opt/airflow/dags/report_hourly_dag.py took 0.076 seconds
[2026-06-19T19:10:12.246+0000] {processor.py:157} INFO - Started process (PID=1743) to work on /opt/airflow/dags/report_hourly_dag.py
[2026-06-19T19:10:12.248+0000] {processor.py:829} INFO - Processing file /opt/airflow/dags/report_hourly_dag.py for tasks to queue
[2026-06-19T19:10:12.249+0000] {logging_mixin.py:154} INFO - [2026-06-19T19:10:12.249+0000] {dagbag.py:536} INFO - Filling up the DagBag from /opt/airflow/dags/report_hourly_dag.py
[2026-06-19T19:10:12.259+0000] {processor.py:839} INFO - DAG(s) dict_keys(['report_hourly_dag']) retrieved from /opt/airflow/dags/report_hourly_dag.py
[2026-06-19T19:10:12.357+0000] {logging_mixin.py:154} INFO - [2026-06-19T19:10:12.357+0000] {dag.py:2941} INFO - Sync 1 DAGs
[2026-06-19T19:10:12.372+0000] {logging_mixin.py:154} INFO - [2026-06-19T19:10:12.371+0000] {dag.py:3722} INFO - Setting next_dagrun for report_hourly_dag to 2026-06-19T01:58:00+00:00, run_after=2026-06-19T01:59:00+00:00
[2026-06-19T19:10:12.392+0000] {processor.py:179} INFO - Processing /opt/airflow/dags/report_hourly_dag.py took 0.150 seconds
[2026-06-19T19:10:42.698+0000] {processor.py:157} INFO - Started process (PID=1758) to work on /opt/airflow/dags/report_hourly_dag.py
[2026-06-19T19:10:42.699+0000] {processor.py:829} INFO - Processing file /opt/airflow/dags/report_hourly_dag.py for tasks to queue
[2026-06-19T19:10:42.699+0000] {logging_mixin.py:154} INFO - [2026-06-19T19:10:42.699+0000] {dagbag.py:536} INFO - Filling up the DagBag from /opt/airflow/dags/report_hourly_dag.py
[2026-06-19T19:10:42.711+0000] {processor.py:839} INFO - DAG(s) dict_keys(['report_hourly_dag']) retrieved from /opt/airflow/dags/report_hourly_dag.py
[2026-06-19T19:10:42.727+0000] {logging_mixin.py:154} INFO - [2026-06-19T19:10:42.727+0000] {dag.py:2941} INFO - Sync 1 DAGs
[2026-06-19T19:10:42.743+0000] {logging_mixin.py:154} INFO - [2026-06-19T19:10:42.743+0000] {dag.py:3722} INFO - Setting next_dagrun for report_hourly_dag to 2026-06-19T01:58:00+00:00, run_after=2026-06-19T01:59:00+00:00
[2026-06-19T19:10:42.756+0000] {processor.py:179} INFO - Processing /opt/airflow/dags/report_hourly_dag.py took 0.063 seconds
[2026-06-19T19:11:12.999+0000] {processor.py:157} INFO - Started process (PID=1773) to work on /opt/airflow/dags/report_hourly_dag.py
[2026-06-19T19:11:13.004+0000] {processor.py:829} INFO - Processing file /opt/airflow/dags/report_hourly_dag.py for tasks to queue
[2026-06-19T19:11:13.005+0000] {logging_mixin.py:154} INFO - [2026-06-19T19:11:13.004+0000] {dagbag.py:536} INFO - Filling up the DagBag from /opt/airflow/dags/report_hourly_dag.py
[2026-06-19T19:11:13.013+0000] {processor.py:839} INFO - DAG(s) dict_keys(['report_hourly_dag']) retrieved from /opt/airflow/dags/report_hourly_dag.py
[2026-06-19T19:11:13.032+0000] {logging_mixin.py:154} INFO - [2026-06-19T19:11:13.032+0000] {dag.py:2941} INFO - Sync 1 DAGs
[2026-06-19T19:11:13.051+0000] {logging_mixin.py:154} INFO - [2026-06-19T19:11:13.051+0000] {dag.py:3722} INFO - Setting next_dagrun for report_hourly_dag to 2026-06-19T01:58:00+00:00, run_after=2026-06-19T01:59:00+00:00
[2026-06-19T19:11:13.065+0000] {processor.py:179} INFO - Processing /opt/airflow/dags/report_hourly_dag.py took 0.070 seconds
[2026-06-19T19:11:43.296+0000] {processor.py:157} INFO - Started process (PID=1788) to work on /opt/airflow/dags/report_hourly_dag.py
[2026-06-19T19:11:43.297+0000] {processor.py:829} INFO - Processing file /opt/airflow/dags/report_hourly_dag.py for tasks to queue
[2026-06-19T19:11:43.298+0000] {logging_mixin.py:154} INFO - [2026-06-19T19:11:43.298+0000] {dagbag.py:536} INFO - Filling up the DagBag from /opt/airflow/dags/report_hourly_dag.py
[2026-06-19T19:11:43.308+0000] {processor.py:839} INFO - DAG(s) dict_keys(['report_hourly_dag']) retrieved from /opt/airflow/dags/report_hourly_dag.py
[2026-06-19T19:11:43.328+0000] {logging_mixin.py:154} INFO - [2026-06-19T19:11:43.328+0000] {dag.py:2941} INFO - Sync 1 DAGs
[2026-06-19T19:11:43.349+0000] {logging_mixin.py:154} INFO - [2026-06-19T19:11:43.349+0000] {dag.py:3722} INFO - Setting next_dagrun for report_hourly_dag to 2026-06-19T01:58:00+00:00, run_after=2026-06-19T01:59:00+00:00
[2026-06-19T19:11:43.362+0000] {processor.py:179} INFO - Processing /opt/airflow/dags/report_hourly_dag.py took 0.070 seconds
[2026-06-19T19:12:13.628+0000] {processor.py:157} INFO - Started process (PID=1803) to work on /opt/airflow/dags/report_hourly_dag.py
[2026-06-19T19:12:13.630+0000] {processor.py:829} INFO - Processing file /opt/airflow/dags/report_hourly_dag.py for tasks to queue
[2026-06-19T19:12:13.631+0000] {logging_mixin.py:154} INFO - [2026-06-19T19:12:13.631+0000] {dagbag.py:536} INFO - Filling up the DagBag from /opt/airflow/dags/report_hourly_dag.py
[2026-06-19T19:12:13.640+0000] {processor.py:839} INFO - DAG(s) dict_keys(['report_hourly_dag']) retrieved from /opt/airflow/dags/report_hourly_dag.py
[2026-06-19T19:12:13.658+0000] {logging_mixin.py:154} INFO - [2026-06-19T19:12:13.658+0000] {dag.py:2941} INFO - Sync 1 DAGs
[2026-06-19T19:12:13.674+0000] {logging_mixin.py:154} INFO - [2026-06-19T19:12:13.674+0000] {dag.py:3722} INFO - Setting next_dagrun for report_hourly_dag to 2026-06-19T01:58:00+00:00, run_after=2026-06-19T01:59:00+00:00
[2026-06-19T19:12:13.700+0000] {processor.py:179} INFO - Processing /opt/airflow/dags/report_hourly_dag.py took 0.076 seconds
[2026-06-19T19:12:43.925+0000] {processor.py:157} INFO - Started process (PID=1818) to work on /opt/airflow/dags/report_hourly_dag.py
[2026-06-19T19:12:43.926+0000] {processor.py:829} INFO - Processing file /opt/airflow/dags/report_hourly_dag.py for tasks to queue
[2026-06-19T19:12:43.927+0000] {logging_mixin.py:154} INFO - [2026-06-19T19:12:43.927+0000] {dagbag.py:536} INFO - Filling up the DagBag from /opt/airflow/dags/report_hourly_dag.py
[2026-06-19T19:12:43.938+0000] {processor.py:839} INFO - DAG(s) dict_keys(['report_hourly_dag']) retrieved from /opt/airflow/dags/report_hourly_dag.py
[2026-06-19T19:12:43.953+0000] {logging_mixin.py:154} INFO - [2026-06-19T19:12:43.953+0000] {dag.py:2941} INFO - Sync 1 DAGs
[2026-06-19T19:12:43.969+0000] {logging_mixin.py:154} INFO - [2026-06-19T19:12:43.969+0000] {dag.py:3722} INFO - Setting next_dagrun for report_hourly_dag to 2026-06-19T01:58:00+00:00, run_after=2026-06-19T01:59:00+00:00
[2026-06-19T19:12:43.981+0000] {processor.py:179} INFO - Processing /opt/airflow/dags/report_hourly_dag.py took 0.059 seconds
[2026-06-19T19:13:14.199+0000] {processor.py:157} INFO - Started process (PID=1833) to work on /opt/airflow/dags/report_hourly_dag.py
[2026-06-19T19:13:14.204+0000] {processor.py:829} INFO - Processing file /opt/airflow/dags/report_hourly_dag.py for tasks to queue
[2026-06-19T19:13:14.205+0000] {logging_mixin.py:154} INFO - [2026-06-19T19:13:14.204+0000] {dagbag.py:536} INFO - Filling up the DagBag from /opt/airflow/dags/report_hourly_dag.py
[2026-06-19T19:13:14.213+0000] {processor.py:839} INFO - DAG(s) dict_keys(['report_hourly_dag']) retrieved from /opt/airflow/dags/report_hourly_dag.py
[2026-06-19T19:13:14.230+0000] {logging_mixin.py:154} INFO - [2026-06-19T19:13:14.230+0000] {dag.py:2941} INFO - Sync 1 DAGs
[2026-06-19T19:13:14.246+0000] {logging_mixin.py:154} INFO - [2026-06-19T19:13:14.246+0000] {dag.py:3722} INFO - Setting next_dagrun for report_hourly_dag to 2026-06-19T01:58:00+00:00, run_after=2026-06-19T01:59:00+00:00
[2026-06-19T19:13:14.258+0000] {processor.py:179} INFO - Processing /opt/airflow/dags/report_hourly_dag.py took 0.062 seconds
[2026-06-19T19:13:44.483+0000] {processor.py:157} INFO - Started process (PID=1848) to work on /opt/airflow/dags/report_hourly_dag.py
[2026-06-19T19:13:44.484+0000] {processor.py:829} INFO - Processing file /opt/airflow/dags/report_hourly_dag.py for tasks to queue
[2026-06-19T19:13:44.485+0000] {logging_mixin.py:154} INFO - [2026-06-19T19:13:44.485+0000] {dagbag.py:536} INFO - Filling up the DagBag from /opt/airflow/dags/report_hourly_dag.py
[2026-06-19T19:13:44.495+0000] {processor.py:839} INFO - DAG(s) dict_keys(['report_hourly_dag']) retrieved from /opt/airflow/dags/report_hourly_dag.py
[2026-06-19T19:13:44.511+0000] {logging_mixin.py:154} INFO - [2026-06-19T19:13:44.511+0000] {dag.py:2941} INFO - Sync 1 DAGs
[2026-06-19T19:13:44.528+0000] {logging_mixin.py:154} INFO - [2026-06-19T19:13:44.528+0000] {dag.py:3722} INFO - Setting next_dagrun for report_hourly_dag to 2026-06-19T01:58:00+00:00, run_after=2026-06-19T01:59:00+00:00
[2026-06-19T19:13:44.541+0000] {processor.py:179} INFO - Processing /opt/airflow/dags/report_hourly_dag.py took 0.062 seconds
[2026-06-19T19:14:14.775+0000] {processor.py:157} INFO - Started process (PID=1863) to work on /opt/airflow/dags/report_hourly_dag.py
[2026-06-19T19:14:14.776+0000] {processor.py:829} INFO - Processing file /opt/airflow/dags/report_hourly_dag.py for tasks to queue
[2026-06-19T19:14:14.776+0000] {logging_mixin.py:154} INFO - [2026-06-19T19:14:14.776+0000] {dagbag.py:536} INFO - Filling up the DagBag from /opt/airflow/dags/report_hourly_dag.py
[2026-06-19T19:14:14.788+0000] {processor.py:839} INFO - DAG(s) dict_keys(['report_hourly_dag']) retrieved from /opt/airflow/dags/report_hourly_dag.py
[2026-06-19T19:14:14.805+0000] {logging_mixin.py:154} INFO - [2026-06-19T19:14:14.805+0000] {dag.py:2941} INFO - Sync 1 DAGs
[2026-06-19T19:14:14.822+0000] {logging_mixin.py:154} INFO - [2026-06-19T19:14:14.822+0000] {dag.py:3722} INFO - Setting next_dagrun for report_hourly_dag to 2026-06-19T01:58:00+00:00, run_after=2026-06-19T01:59:00+00:00
[2026-06-19T19:14:14.835+0000] {processor.py:179} INFO - Processing /opt/airflow/dags/report_hourly_dag.py took 0.063 seconds
[2026-06-19T19:14:45.051+0000] {processor.py:157} INFO - Started process (PID=1878) to work on /opt/airflow/dags/report_hourly_dag.py
[2026-06-19T19:14:45.052+0000] {processor.py:829} INFO - Processing file /opt/airflow/dags/report_hourly_dag.py for tasks to queue
[2026-06-19T19:14:45.053+0000] {logging_mixin.py:154} INFO - [2026-06-19T19:14:45.052+0000] {dagbag.py:536} INFO - Filling up the DagBag from /opt/airflow/dags/report_hourly_dag.py
[2026-06-19T19:14:45.060+0000] {processor.py:839} INFO - DAG(s) dict_keys(['report_hourly_dag']) retrieved from /opt/airflow/dags/report_hourly_dag.py
[2026-06-19T19:14:45.079+0000] {logging_mixin.py:154} INFO - [2026-06-19T19:14:45.079+0000] {dag.py:2941} INFO - Sync 1 DAGs
[2026-06-19T19:14:45.102+0000] {logging_mixin.py:154} INFO - [2026-06-19T19:14:45.102+0000] {dag.py:3722} INFO - Setting next_dagrun for report_hourly_dag to 2026-06-19T01:58:00+00:00, run_after=2026-06-19T01:59:00+00:00
[2026-06-19T19:14:45.118+0000] {processor.py:179} INFO - Processing /opt/airflow/dags/report_hourly_dag.py took 0.069 seconds
[2026-06-19T19:15:15.340+0000] {processor.py:157} INFO - Started process (PID=1893) to work on /opt/airflow/dags/report_hourly_dag.py
[2026-06-19T19:15:15.344+0000] {processor.py:829} INFO - Processing file /opt/airflow/dags/report_hourly_dag.py for tasks to queue
[2026-06-19T19:15:15.344+0000] {logging_mixin.py:154} INFO - [2026-06-19T19:15:15.344+0000] {dagbag.py:536} INFO - Filling up the DagBag from /opt/airflow/dags/report_hourly_dag.py
[2026-06-19T19:15:15.353+0000] {processor.py:839} INFO - DAG(s) dict_keys(['report_hourly_dag']) retrieved from /opt/airflow/dags/report_hourly_dag.py
[2026-06-19T19:15:15.369+0000] {logging_mixin.py:154} INFO - [2026-06-19T19:15:15.369+0000] {dag.py:2941} INFO - Sync 1 DAGs
[2026-06-19T19:15:15.387+0000] {logging_mixin.py:154} INFO - [2026-06-19T19:15:15.386+0000] {dag.py:3722} INFO - Setting next_dagrun for report_hourly_dag to 2026-06-19T01:58:00+00:00, run_after=2026-06-19T01:59:00+00:00
[2026-06-19T19:15:15.400+0000] {processor.py:179} INFO - Processing /opt/airflow/dags/report_hourly_dag.py took 0.064 seconds
[2026-06-19T19:15:45.627+0000] {processor.py:157} INFO - Started process (PID=1908) to work on /opt/airflow/dags/report_hourly_dag.py
[2026-06-19T19:15:45.628+0000] {processor.py:829} INFO - Processing file /opt/airflow/dags/report_hourly_dag.py for tasks to queue
[2026-06-19T19:15:45.629+0000] {logging_mixin.py:154} INFO - [2026-06-19T19:15:45.628+0000] {dagbag.py:536} INFO - Filling up the DagBag from /opt/airflow/dags/report_hourly_dag.py
[2026-06-19T19:15:45.640+0000] {processor.py:839} INFO - DAG(s) dict_keys(['report_hourly_dag']) retrieved from /opt/airflow/dags/report_hourly_dag.py
[2026-06-19T19:15:45.656+0000] {logging_mixin.py:154} INFO - [2026-06-19T19:15:45.656+0000] {dag.py:2941} INFO - Sync 1 DAGs
[2026-06-19T19:15:45.672+0000] {logging_mixin.py:154} INFO - [2026-06-19T19:15:45.672+0000] {dag.py:3722} INFO - Setting next_dagrun for report_hourly_dag to 2026-06-19T01:58:00+00:00, run_after=2026-06-19T01:59:00+00:00
[2026-06-19T19:15:45.684+0000] {processor.py:179} INFO - Processing /opt/airflow/dags/report_hourly_dag.py took 0.062 seconds
[2026-06-19T19:16:15.918+0000] {processor.py:157} INFO - Started process (PID=1923) to work on /opt/airflow/dags/report_hourly_dag.py
[2026-06-19T19:16:15.921+0000] {processor.py:829} INFO - Processing file /opt/airflow/dags/report_hourly_dag.py for tasks to queue
[2026-06-19T19:16:15.921+0000] {logging_mixin.py:154} INFO - [2026-06-19T19:16:15.921+0000] {dagbag.py:536} INFO - Filling up the DagBag from /opt/airflow/dags/report_hourly_dag.py
[2026-06-19T19:16:15.931+0000] {processor.py:839} INFO - DAG(s) dict_keys(['report_hourly_dag']) retrieved from /opt/airflow/dags/report_hourly_dag.py
[2026-06-19T19:16:15.947+0000] {logging_mixin.py:154} INFO - [2026-06-19T19:16:15.947+0000] {dag.py:2941} INFO - Sync 1 DAGs
[2026-06-19T19:16:15.963+0000] {logging_mixin.py:154} INFO - [2026-06-19T19:16:15.963+0000] {dag.py:3722} INFO - Setting next_dagrun for report_hourly_dag to 2026-06-19T01:58:00+00:00, run_after=2026-06-19T01:59:00+00:00
[2026-06-19T19:16:15.975+0000] {processor.py:179} INFO - Processing /opt/airflow/dags/report_hourly_dag.py took 0.061 seconds
[2026-06-19T19:16:46.218+0000] {processor.py:157} INFO - Started process (PID=1938) to work on /opt/airflow/dags/report_hourly_dag.py
[2026-06-19T19:16:46.218+0000] {processor.py:829} INFO - Processing file /opt/airflow/dags/report_hourly_dag.py for tasks to queue
[2026-06-19T19:16:46.219+0000] {logging_mixin.py:154} INFO - [2026-06-19T19:16:46.219+0000] {dagbag.py:536} INFO - Filling up the DagBag from /opt/airflow/dags/report_hourly_dag.py
[2026-06-19T19:16:46.229+0000] {processor.py:839} INFO - DAG(s) dict_keys(['report_hourly_dag']) retrieved from /opt/airflow/dags/report_hourly_dag.py
[2026-06-19T19:16:46.245+0000] {logging_mixin.py:154} INFO - [2026-06-19T19:16:46.245+0000] {dag.py:2941} INFO - Sync 1 DAGs
[2026-06-19T19:16:46.262+0000] {logging_mixin.py:154} INFO - [2026-06-19T19:16:46.261+0000] {dag.py:3722} INFO - Setting next_dagrun for report_hourly_dag to 2026-06-19T01:58:00+00:00, run_after=2026-06-19T01:59:00+00:00
[2026-06-19T19:16:46.277+0000] {processor.py:179} INFO - Processing /opt/airflow/dags/report_hourly_dag.py took 0.063 seconds
[2026-06-19T19:17:16.535+0000] {processor.py:157} INFO - Started process (PID=1953) to work on /opt/airflow/dags/report_hourly_dag.py
[2026-06-19T19:17:16.538+0000] {processor.py:829} INFO - Processing file /opt/airflow/dags/report_hourly_dag.py for tasks to queue
[2026-06-19T19:17:16.538+0000] {logging_mixin.py:154} INFO - [2026-06-19T19:17:16.538+0000] {dagbag.py:536} INFO - Filling up the DagBag from /opt/airflow/dags/report_hourly_dag.py
[2026-06-19T19:17:16.549+0000] {processor.py:839} INFO - DAG(s) dict_keys(['report_hourly_dag']) retrieved from /opt/airflow/dags/report_hourly_dag.py
[2026-06-19T19:17:16.565+0000] {logging_mixin.py:154} INFO - [2026-06-19T19:17:16.565+0000] {dag.py:2941} INFO - Sync 1 DAGs
[2026-06-19T19:17:16.582+0000] {logging_mixin.py:154} INFO - [2026-06-19T19:17:16.582+0000] {dag.py:3722} INFO - Setting next_dagrun for report_hourly_dag to 2026-06-19T01:58:00+00:00, run_after=2026-06-19T01:59:00+00:00
[2026-06-19T19:17:16.594+0000] {processor.py:179} INFO - Processing /opt/airflow/dags/report_hourly_dag.py took 0.063 seconds
[2026-06-19T19:17:46.825+0000] {processor.py:157} INFO - Started process (PID=1968) to work on /opt/airflow/dags/report_hourly_dag.py
[2026-06-19T19:17:46.826+0000] {processor.py:829} INFO - Processing file /opt/airflow/dags/report_hourly_dag.py for tasks to queue
[2026-06-19T19:17:46.827+0000] {logging_mixin.py:154} INFO - [2026-06-19T19:17:46.827+0000] {dagbag.py:536} INFO - Filling up the DagBag from /opt/airflow/dags/report_hourly_dag.py
[2026-06-19T19:17:46.839+0000] {processor.py:839} INFO - DAG(s) dict_keys(['report_hourly_dag']) retrieved from /opt/airflow/dags/report_hourly_dag.py
[2026-06-19T19:17:46.854+0000] {logging_mixin.py:154} INFO - [2026-06-19T19:17:46.854+0000] {dag.py:2941} INFO - Sync 1 DAGs
[2026-06-19T19:17:46.870+0000] {logging_mixin.py:154} INFO - [2026-06-19T19:17:46.870+0000] {dag.py:3722} INFO - Setting next_dagrun for report_hourly_dag to 2026-06-19T01:58:00+00:00, run_after=2026-06-19T01:59:00+00:00
[2026-06-19T19:17:46.884+0000] {processor.py:179} INFO - Processing /opt/airflow/dags/report_hourly_dag.py took 0.064 seconds
[2026-06-19T19:18:17.126+0000] {processor.py:157} INFO - Started process (PID=1983) to work on /opt/airflow/dags/report_hourly_dag.py
[2026-06-19T19:18:17.128+0000] {processor.py:829} INFO - Processing file /opt/airflow/dags/report_hourly_dag.py for tasks to queue
[2026-06-19T19:18:17.129+0000] {logging_mixin.py:154} INFO - [2026-06-19T19:18:17.128+0000] {dagbag.py:536} INFO - Filling up the DagBag from /opt/airflow/dags/report_hourly_dag.py
[2026-06-19T19:18:17.144+0000] {processor.py:839} INFO - DAG(s) dict_keys(['report_hourly_dag']) retrieved from /opt/airflow/dags/report_hourly_dag.py
[2026-06-19T19:18:17.161+0000] {logging_mixin.py:154} INFO - [2026-06-19T19:18:17.161+0000] {dag.py:2941} INFO - Sync 1 DAGs
[2026-06-19T19:18:17.177+0000] {logging_mixin.py:154} INFO - [2026-06-19T19:18:17.177+0000] {dag.py:3722} INFO - Setting next_dagrun for report_hourly_dag to 2026-06-19T01:58:00+00:00, run_after=2026-06-19T01:59:00+00:00
[2026-06-19T19:18:17.198+0000] {processor.py:179} INFO - Processing /opt/airflow/dags/report_hourly_dag.py took 0.077 seconds
[2026-06-19T19:18:47.407+0000] {processor.py:157} INFO - Started process (PID=1998) to work on /opt/airflow/dags/report_hourly_dag.py
[2026-06-19T19:18:47.408+0000] {processor.py:829} INFO - Processing file /opt/airflow/dags/report_hourly_dag.py for tasks to queue
[2026-06-19T19:18:47.408+0000] {logging_mixin.py:154} INFO - [2026-06-19T19:18:47.408+0000] {dagbag.py:536} INFO - Filling up the DagBag from /opt/airflow/dags/report_hourly_dag.py
[2026-06-19T19:18:47.417+0000] {processor.py:839} INFO - DAG(s) dict_keys(['report_hourly_dag']) retrieved from /opt/airflow/dags/report_hourly_dag.py
[2026-06-19T19:18:47.436+0000] {logging_mixin.py:154} INFO - [2026-06-19T19:18:47.436+0000] {dag.py:2941} INFO - Sync 1 DAGs
[2026-06-19T19:18:47.458+0000] {logging_mixin.py:154} INFO - [2026-06-19T19:18:47.458+0000] {dag.py:3722} INFO - Setting next_dagrun for report_hourly_dag to 2026-06-19T01:58:00+00:00, run_after=2026-06-19T01:59:00+00:00
[2026-06-19T19:18:47.471+0000] {processor.py:179} INFO - Processing /opt/airflow/dags/report_hourly_dag.py took 0.066 seconds
[2026-06-19T19:19:17.699+0000] {processor.py:157} INFO - Started process (PID=2013) to work on /opt/airflow/dags/report_hourly_dag.py
[2026-06-19T19:19:17.703+0000] {processor.py:829} INFO - Processing file /opt/airflow/dags/report_hourly_dag.py for tasks to queue
[2026-06-19T19:19:17.703+0000] {logging_mixin.py:154} INFO - [2026-06-19T19:19:17.703+0000] {dagbag.py:536} INFO - Filling up the DagBag from /opt/airflow/dags/report_hourly_dag.py
[2026-06-19T19:19:17.716+0000] {processor.py:839} INFO - DAG(s) dict_keys(['report_hourly_dag']) retrieved from /opt/airflow/dags/report_hourly_dag.py
[2026-06-19T19:19:17.734+0000] {logging_mixin.py:154} INFO - [2026-06-19T19:19:17.734+0000] {dag.py:2941} INFO - Sync 1 DAGs
[2026-06-19T19:19:17.751+0000] {logging_mixin.py:154} INFO - [2026-06-19T19:19:17.751+0000] {dag.py:3722} INFO - Setting next_dagrun for report_hourly_dag to 2026-06-19T01:58:00+00:00, run_after=2026-06-19T01:59:00+00:00
[2026-06-19T19:19:17.764+0000] {processor.py:179} INFO - Processing /opt/airflow/dags/report_hourly_dag.py took 0.069 seconds
[2026-06-19T19:19:48.002+0000] {processor.py:157} INFO - Started process (PID=2028) to work on /opt/airflow/dags/report_hourly_dag.py
[2026-06-19T19:19:48.003+0000] {processor.py:829} INFO - Processing file /opt/airflow/dags/report_hourly_dag.py for tasks to queue
[2026-06-19T19:19:48.004+0000] {logging_mixin.py:154} INFO - [2026-06-19T19:19:48.003+0000] {dagbag.py:536} INFO - Filling up the DagBag from /opt/airflow/dags/report_hourly_dag.py
[2026-06-19T19:19:48.014+0000] {processor.py:839} INFO - DAG(s) dict_keys(['report_hourly_dag']) retrieved from /opt/airflow/dags/report_hourly_dag.py
[2026-06-19T19:19:48.030+0000] {logging_mixin.py:154} INFO - [2026-06-19T19:19:48.030+0000] {dag.py:2941} INFO - Sync 1 DAGs
[2026-06-19T19:19:48.049+0000] {logging_mixin.py:154} INFO - [2026-06-19T19:19:48.049+0000] {dag.py:3722} INFO - Setting next_dagrun for report_hourly_dag to 2026-06-19T01:58:00+00:00, run_after=2026-06-19T01:59:00+00:00
[2026-06-19T19:19:48.061+0000] {processor.py:179} INFO - Processing /opt/airflow/dags/report_hourly_dag.py took 0.062 seconds
[2026-06-19T19:20:18.302+0000] {processor.py:157} INFO - Started process (PID=2043) to work on /opt/airflow/dags/report_hourly_dag.py
[2026-06-19T19:20:18.304+0000] {processor.py:829} INFO - Processing file /opt/airflow/dags/report_hourly_dag.py for tasks to queue
[2026-06-19T19:20:18.305+0000] {logging_mixin.py:154} INFO - [2026-06-19T19:20:18.305+0000] {dagbag.py:536} INFO - Filling up the DagBag from /opt/airflow/dags/report_hourly_dag.py
[2026-06-19T19:20:18.315+0000] {processor.py:839} INFO - DAG(s) dict_keys(['report_hourly_dag']) retrieved from /opt/airflow/dags/report_hourly_dag.py
[2026-06-19T19:20:18.336+0000] {logging_mixin.py:154} INFO - [2026-06-19T19:20:18.335+0000] {dag.py:2941} INFO - Sync 1 DAGs
[2026-06-19T19:20:18.353+0000] {logging_mixin.py:154} INFO - [2026-06-19T19:20:18.353+0000] {dag.py:3722} INFO - Setting next_dagrun for report_hourly_dag to 2026-06-19T01:58:00+00:00, run_after=2026-06-19T01:59:00+00:00
[2026-06-19T19:20:18.366+0000] {processor.py:179} INFO - Processing /opt/airflow/dags/report_hourly_dag.py took 0.067 seconds
[2026-06-19T19:20:48.590+0000] {processor.py:157} INFO - Started process (PID=2058) to work on /opt/airflow/dags/report_hourly_dag.py
[2026-06-19T19:20:48.591+0000] {processor.py:829} INFO - Processing file /opt/airflow/dags/report_hourly_dag.py for tasks to queue
[2026-06-19T19:20:48.592+0000] {logging_mixin.py:154} INFO - [2026-06-19T19:20:48.591+0000] {dagbag.py:536} INFO - Filling up the DagBag from /opt/airflow/dags/report_hourly_dag.py
[2026-06-19T19:20:48.601+0000] {processor.py:839} INFO - DAG(s) dict_keys(['report_hourly_dag']) retrieved from /opt/airflow/dags/report_hourly_dag.py
[2026-06-19T19:20:48.619+0000] {logging_mixin.py:154} INFO - [2026-06-19T19:20:48.619+0000] {dag.py:2941} INFO - Sync 1 DAGs
[2026-06-19T19:20:48.637+0000] {logging_mixin.py:154} INFO - [2026-06-19T19:20:48.637+0000] {dag.py:3722} INFO - Setting next_dagrun for report_hourly_dag to 2026-06-19T01:58:00+00:00, run_after=2026-06-19T01:59:00+00:00
[2026-06-19T19:20:48.652+0000] {processor.py:179} INFO - Processing /opt/airflow/dags/report_hourly_dag.py took 0.065 seconds
[2026-06-19T19:21:18.870+0000] {processor.py:157} INFO - Started process (PID=2073) to work on /opt/airflow/dags/report_hourly_dag.py
[2026-06-19T19:21:18.873+0000] {processor.py:829} INFO - Processing file /opt/airflow/dags/report_hourly_dag.py for tasks to queue
[2026-06-19T19:21:18.874+0000] {logging_mixin.py:154} INFO - [2026-06-19T19:21:18.873+0000] {dagbag.py:536} INFO - Filling up the DagBag from /opt/airflow/dags/report_hourly_dag.py
[2026-06-19T19:21:18.886+0000] {processor.py:839} INFO - DAG(s) dict_keys(['report_hourly_dag']) retrieved from /opt/airflow/dags/report_hourly_dag.py
[2026-06-19T19:21:18.905+0000] {logging_mixin.py:154} INFO - [2026-06-19T19:21:18.905+0000] {dag.py:2941} INFO - Sync 1 DAGs
[2026-06-19T19:21:18.921+0000] {logging_mixin.py:154} INFO - [2026-06-19T19:21:18.921+0000] {dag.py:3722} INFO - Setting next_dagrun for report_hourly_dag to 2026-06-19T01:58:00+00:00, run_after=2026-06-19T01:59:00+00:00
[2026-06-19T19:21:18.946+0000] {processor.py:179} INFO - Processing /opt/airflow/dags/report_hourly_dag.py took 0.080 seconds
[2026-06-19T19:21:49.191+0000] {processor.py:157} INFO - Started process (PID=2088) to work on /opt/airflow/dags/report_hourly_dag.py
[2026-06-19T19:21:49.191+0000] {processor.py:829} INFO - Processing file /opt/airflow/dags/report_hourly_dag.py for tasks to queue
[2026-06-19T19:21:49.192+0000] {logging_mixin.py:154} INFO - [2026-06-19T19:21:49.192+0000] {dagbag.py:536} INFO - Filling up the DagBag from /opt/airflow/dags/report_hourly_dag.py
[2026-06-19T19:21:49.204+0000] {processor.py:839} INFO - DAG(s) dict_keys(['report_hourly_dag']) retrieved from /opt/airflow/dags/report_hourly_dag.py
[2026-06-19T19:21:49.219+0000] {logging_mixin.py:154} INFO - [2026-06-19T19:21:49.219+0000] {dag.py:2941} INFO - Sync 1 DAGs
[2026-06-19T19:21:49.235+0000] {logging_mixin.py:154} INFO - [2026-06-19T19:21:49.235+0000] {dag.py:3722} INFO - Setting next_dagrun for report_hourly_dag to 2026-06-19T01:58:00+00:00, run_after=2026-06-19T01:59:00+00:00
[2026-06-19T19:21:49.251+0000] {processor.py:179} INFO - Processing /opt/airflow/dags/report_hourly_dag.py took 0.065 seconds
[2026-06-19T19:22:19.494+0000] {processor.py:157} INFO - Started process (PID=2103) to work on /opt/airflow/dags/report_hourly_dag.py
[2026-06-19T19:22:19.496+0000] {processor.py:829} INFO - Processing file /opt/airflow/dags/report_hourly_dag.py for tasks to queue
[2026-06-19T19:22:19.496+0000] {logging_mixin.py:154} INFO - [2026-06-19T19:22:19.496+0000] {dagbag.py:536} INFO - Filling up the DagBag from /opt/airflow/dags/report_hourly_dag.py
[2026-06-19T19:22:19.508+0000] {processor.py:839} INFO - DAG(s) dict_keys(['report_hourly_dag']) retrieved from /opt/airflow/dags/report_hourly_dag.py
[2026-06-19T19:22:19.529+0000] {logging_mixin.py:154} INFO - [2026-06-19T19:22:19.529+0000] {dag.py:2941} INFO - Sync 1 DAGs
[2026-06-19T19:22:19.545+0000] {logging_mixin.py:154} INFO - [2026-06-19T19:22:19.545+0000] {dag.py:3722} INFO - Setting next_dagrun for report_hourly_dag to 2026-06-19T01:58:00+00:00, run_after=2026-06-19T01:59:00+00:00
[2026-06-19T19:22:19.557+0000] {processor.py:179} INFO - Processing /opt/airflow/dags/report_hourly_dag.py took 0.067 seconds
[2026-06-19T19:22:49.789+0000] {processor.py:157} INFO - Started process (PID=2118) to work on /opt/airflow/dags/report_hourly_dag.py
[2026-06-19T19:22:49.790+0000] {processor.py:829} INFO - Processing file /opt/airflow/dags/report_hourly_dag.py for tasks to queue
[2026-06-19T19:22:49.791+0000] {logging_mixin.py:154} INFO - [2026-06-19T19:22:49.790+0000] {dagbag.py:536} INFO - Filling up the DagBag from /opt/airflow/dags/report_hourly_dag.py
[2026-06-19T19:22:49.801+0000] {processor.py:839} INFO - DAG(s) dict_keys(['report_hourly_dag']) retrieved from /opt/airflow/dags/report_hourly_dag.py
[2026-06-19T19:22:49.815+0000] {logging_mixin.py:154} INFO - [2026-06-19T19:22:49.815+0000] {dag.py:2941} INFO - Sync 1 DAGs
[2026-06-19T19:22:49.832+0000] {logging_mixin.py:154} INFO - [2026-06-19T19:22:49.832+0000] {dag.py:3722} INFO - Setting next_dagrun for report_hourly_dag to 2026-06-19T01:58:00+00:00, run_after=2026-06-19T01:59:00+00:00
[2026-06-19T19:22:49.844+0000] {processor.py:179} INFO - Processing /opt/airflow/dags/report_hourly_dag.py took 0.058 seconds
[2026-06-19T19:23:20.079+0000] {processor.py:157} INFO - Started process (PID=2133) to work on /opt/airflow/dags/report_hourly_dag.py
[2026-06-19T19:23:20.082+0000] {processor.py:829} INFO - Processing file /opt/airflow/dags/report_hourly_dag.py for tasks to queue
[2026-06-19T19:23:20.082+0000] {logging_mixin.py:154} INFO - [2026-06-19T19:23:20.082+0000] {dagbag.py:536} INFO - Filling up the DagBag from /opt/airflow/dags/report_hourly_dag.py
[2026-06-19T19:23:20.092+0000] {processor.py:839} INFO - DAG(s) dict_keys(['report_hourly_dag']) retrieved from /opt/airflow/dags/report_hourly_dag.py
[2026-06-19T19:23:20.109+0000] {logging_mixin.py:154} INFO - [2026-06-19T19:23:20.109+0000] {dag.py:2941} INFO - Sync 1 DAGs
[2026-06-19T19:23:20.126+0000] {logging_mixin.py:154} INFO - [2026-06-19T19:23:20.126+0000] {dag.py:3722} INFO - Setting next_dagrun for report_hourly_dag to 2026-06-19T01:58:00+00:00, run_after=2026-06-19T01:59:00+00:00
[2026-06-19T19:23:20.139+0000] {processor.py:179} INFO - Processing /opt/airflow/dags/report_hourly_dag.py took 0.064 seconds
[2026-06-19T19:23:50.369+0000] {processor.py:157} INFO - Started process (PID=2148) to work on /opt/airflow/dags/report_hourly_dag.py
[2026-06-19T19:23:50.370+0000] {processor.py:829} INFO - Processing file /opt/airflow/dags/report_hourly_dag.py for tasks to queue
[2026-06-19T19:23:50.370+0000] {logging_mixin.py:154} INFO - [2026-06-19T19:23:50.370+0000] {dagbag.py:536} INFO - Filling up the DagBag from /opt/airflow/dags/report_hourly_dag.py
[2026-06-19T19:23:50.380+0000] {processor.py:839} INFO - DAG(s) dict_keys(['report_hourly_dag']) retrieved from /opt/airflow/dags/report_hourly_dag.py
[2026-06-19T19:23:50.395+0000] {logging_mixin.py:154} INFO - [2026-06-19T19:23:50.395+0000] {dag.py:2941} INFO - Sync 1 DAGs
[2026-06-19T19:23:50.411+0000] {logging_mixin.py:154} INFO - [2026-06-19T19:23:50.411+0000] {dag.py:3722} INFO - Setting next_dagrun for report_hourly_dag to 2026-06-19T01:58:00+00:00, run_after=2026-06-19T01:59:00+00:00
[2026-06-19T19:23:50.424+0000] {processor.py:179} INFO - Processing /opt/airflow/dags/report_hourly_dag.py took 0.061 seconds
[2026-06-19T19:24:20.639+0000] {processor.py:157} INFO - Started process (PID=2163) to work on /opt/airflow/dags/report_hourly_dag.py
[2026-06-19T19:24:20.642+0000] {processor.py:829} INFO - Processing file /opt/airflow/dags/report_hourly_dag.py for tasks to queue
[2026-06-19T19:24:20.643+0000] {logging_mixin.py:154} INFO - [2026-06-19T19:24:20.642+0000] {dagbag.py:536} INFO - Filling up the DagBag from /opt/airflow/dags/report_hourly_dag.py
[2026-06-19T19:24:20.654+0000] {processor.py:839} INFO - DAG(s) dict_keys(['report_hourly_dag']) retrieved from /opt/airflow/dags/report_hourly_dag.py
[2026-06-19T19:24:20.674+0000] {logging_mixin.py:154} INFO - [2026-06-19T19:24:20.674+0000] {dag.py:2941} INFO - Sync 1 DAGs
[2026-06-19T19:24:20.697+0000] {logging_mixin.py:154} INFO - [2026-06-19T19:24:20.697+0000] {dag.py:3722} INFO - Setting next_dagrun for report_hourly_dag to 2026-06-19T01:58:00+00:00, run_after=2026-06-19T01:59:00+00:00
[2026-06-19T19:24:20.710+0000] {processor.py:179} INFO - Processing /opt/airflow/dags/report_hourly_dag.py took 0.075 seconds
[2026-06-19T19:24:50.924+0000] {processor.py:157} INFO - Started process (PID=2178) to work on /opt/airflow/dags/report_hourly_dag.py
[2026-06-19T19:24:50.926+0000] {processor.py:829} INFO - Processing file /opt/airflow/dags/report_hourly_dag.py for tasks to queue
[2026-06-19T19:24:50.927+0000] {logging_mixin.py:154} INFO - [2026-06-19T19:24:50.926+0000] {dagbag.py:536} INFO - Filling up the DagBag from /opt/airflow/dags/report_hourly_dag.py
[2026-06-19T19:24:50.939+0000] {processor.py:839} INFO - DAG(s) dict_keys(['report_hourly_dag']) retrieved from /opt/airflow/dags/report_hourly_dag.py
[2026-06-19T19:24:50.956+0000] {logging_mixin.py:154} INFO - [2026-06-19T19:24:50.956+0000] {dag.py:2941} INFO - Sync 1 DAGs
[2026-06-19T19:24:50.974+0000] {logging_mixin.py:154} INFO - [2026-06-19T19:24:50.974+0000] {dag.py:3722} INFO - Setting next_dagrun for report_hourly_dag to 2026-06-19T01:58:00+00:00, run_after=2026-06-19T01:59:00+00:00
[2026-06-19T19:24:50.988+0000] {processor.py:179} INFO - Processing /opt/airflow/dags/report_hourly_dag.py took 0.068 seconds
[2026-06-19T19:25:21.232+0000] {processor.py:157} INFO - Started process (PID=2193) to work on /opt/airflow/dags/report_hourly_dag.py
[2026-06-19T19:25:21.233+0000] {processor.py:829} INFO - Processing file /opt/airflow/dags/report_hourly_dag.py for tasks to queue
[2026-06-19T19:25:21.234+0000] {logging_mixin.py:154} INFO - [2026-06-19T19:25:21.234+0000] {dagbag.py:536} INFO - Filling up the DagBag from /opt/airflow/dags/report_hourly_dag.py
[2026-06-19T19:25:21.243+0000] {processor.py:839} INFO - DAG(s) dict_keys(['report_hourly_dag']) retrieved from /opt/airflow/dags/report_hourly_dag.py
[2026-06-19T19:25:21.263+0000] {logging_mixin.py:154} INFO - [2026-06-19T19:25:21.263+0000] {dag.py:2941} INFO - Sync 1 DAGs
[2026-06-19T19:25:21.286+0000] {logging_mixin.py:154} INFO - [2026-06-19T19:25:21.286+0000] {dag.py:3722} INFO - Setting next_dagrun for report_hourly_dag to 2026-06-19T01:58:00+00:00, run_after=2026-06-19T01:59:00+00:00
[2026-06-19T19:25:21.300+0000] {processor.py:179} INFO - Processing /opt/airflow/dags/report_hourly_dag.py took 0.072 seconds
[2026-06-19T19:25:51.522+0000] {processor.py:157} INFO - Started process (PID=2208) to work on /opt/airflow/dags/report_hourly_dag.py
[2026-06-19T19:25:51.523+0000] {processor.py:829} INFO - Processing file /opt/airflow/dags/report_hourly_dag.py for tasks to queue
[2026-06-19T19:25:51.524+0000] {logging_mixin.py:154} INFO - [2026-06-19T19:25:51.524+0000] {dagbag.py:536} INFO - Filling up the DagBag from /opt/airflow/dags/report_hourly_dag.py
[2026-06-19T19:25:51.538+0000] {processor.py:839} INFO - DAG(s) dict_keys(['report_hourly_dag']) retrieved from /opt/airflow/dags/report_hourly_dag.py
[2026-06-19T19:25:51.559+0000] {logging_mixin.py:154} INFO - [2026-06-19T19:25:51.559+0000] {dag.py:2941} INFO - Sync 1 DAGs
[2026-06-19T19:25:51.576+0000] {logging_mixin.py:154} INFO - [2026-06-19T19:25:51.576+0000] {dag.py:3722} INFO - Setting next_dagrun for report_hourly_dag to 2026-06-19T01:58:00+00:00, run_after=2026-06-19T01:59:00+00:00
[2026-06-19T19:25:51.589+0000] {processor.py:179} INFO - Processing /opt/airflow/dags/report_hourly_dag.py took 0.072 seconds
[2026-06-19T19:26:21.782+0000] {processor.py:157} INFO - Started process (PID=2223) to work on /opt/airflow/dags/report_hourly_dag.py
[2026-06-19T19:26:21.786+0000] {processor.py:829} INFO - Processing file /opt/airflow/dags/report_hourly_dag.py for tasks to queue
[2026-06-19T19:26:21.787+0000] {logging_mixin.py:154} INFO - [2026-06-19T19:26:21.787+0000] {dagbag.py:536} INFO - Filling up the DagBag from /opt/airflow/dags/report_hourly_dag.py
[2026-06-19T19:26:21.795+0000] {processor.py:839} INFO - DAG(s) dict_keys(['report_hourly_dag']) retrieved from /opt/airflow/dags/report_hourly_dag.py
[2026-06-19T19:26:21.811+0000] {logging_mixin.py:154} INFO - [2026-06-19T19:26:21.811+0000] {dag.py:2941} INFO - Sync 1 DAGs
[2026-06-19T19:26:21.829+0000] {logging_mixin.py:154} INFO - [2026-06-19T19:26:21.829+0000] {dag.py:3722} INFO - Setting next_dagrun for report_hourly_dag to 2026-06-19T01:58:00+00:00, run_after=2026-06-19T01:59:00+00:00
[2026-06-19T19:26:21.841+0000] {processor.py:179} INFO - Processing /opt/airflow/dags/report_hourly_dag.py took 0.061 seconds
[2026-06-19T19:26:52.096+0000] {processor.py:157} INFO - Started process (PID=2238) to work on /opt/airflow/dags/report_hourly_dag.py
[2026-06-19T19:26:52.097+0000] {processor.py:829} INFO - Processing file /opt/airflow/dags/report_hourly_dag.py for tasks to queue
[2026-06-19T19:26:52.098+0000] {logging_mixin.py:154} INFO - [2026-06-19T19:26:52.097+0000] {dagbag.py:536} INFO - Filling up the DagBag from /opt/airflow/dags/report_hourly_dag.py
[2026-06-19T19:26:52.107+0000] {processor.py:839} INFO - DAG(s) dict_keys(['report_hourly_dag']) retrieved from /opt/airflow/dags/report_hourly_dag.py
[2026-06-19T19:26:52.123+0000] {logging_mixin.py:154} INFO - [2026-06-19T19:26:52.123+0000] {dag.py:2941} INFO - Sync 1 DAGs
[2026-06-19T19:26:52.140+0000] {logging_mixin.py:154} INFO - [2026-06-19T19:26:52.140+0000] {dag.py:3722} INFO - Setting next_dagrun for report_hourly_dag to 2026-06-19T01:58:00+00:00, run_after=2026-06-19T01:59:00+00:00
[2026-06-19T19:26:52.154+0000] {processor.py:179} INFO - Processing /opt/airflow/dags/report_hourly_dag.py took 0.061 seconds
[2026-06-19T19:27:22.393+0000] {processor.py:157} INFO - Started process (PID=2253) to work on /opt/airflow/dags/report_hourly_dag.py
[2026-06-19T19:27:22.395+0000] {processor.py:829} INFO - Processing file /opt/airflow/dags/report_hourly_dag.py for tasks to queue
[2026-06-19T19:27:22.396+0000] {logging_mixin.py:154} INFO - [2026-06-19T19:27:22.395+0000] {dagbag.py:536} INFO - Filling up the DagBag from /opt/airflow/dags/report_hourly_dag.py
[2026-06-19T19:27:22.406+0000] {processor.py:839} INFO - DAG(s) dict_keys(['report_hourly_dag']) retrieved from /opt/airflow/dags/report_hourly_dag.py
[2026-06-19T19:27:22.423+0000] {logging_mixin.py:154} INFO - [2026-06-19T19:27:22.423+0000] {dag.py:2941} INFO - Sync 1 DAGs
[2026-06-19T19:27:22.440+0000] {logging_mixin.py:154} INFO - [2026-06-19T19:27:22.440+0000] {dag.py:3722} INFO - Setting next_dagrun for report_hourly_dag to 2026-06-19T01:58:00+00:00, run_after=2026-06-19T01:59:00+00:00
[2026-06-19T19:27:22.452+0000] {processor.py:179} INFO - Processing /opt/airflow/dags/report_hourly_dag.py took 0.064 seconds
[2026-06-19T19:27:52.690+0000] {processor.py:157} INFO - Started process (PID=2268) to work on /opt/airflow/dags/report_hourly_dag.py
[2026-06-19T19:27:52.691+0000] {processor.py:829} INFO - Processing file /opt/airflow/dags/report_hourly_dag.py for tasks to queue
[2026-06-19T19:27:52.692+0000] {logging_mixin.py:154} INFO - [2026-06-19T19:27:52.692+0000] {dagbag.py:536} INFO - Filling up the DagBag from /opt/airflow/dags/report_hourly_dag.py
[2026-06-19T19:27:52.702+0000] {processor.py:839} INFO - DAG(s) dict_keys(['report_hourly_dag']) retrieved from /opt/airflow/dags/report_hourly_dag.py
[2026-06-19T19:27:52.717+0000] {logging_mixin.py:154} INFO - [2026-06-19T19:27:52.717+0000] {dag.py:2941} INFO - Sync 1 DAGs
[2026-06-19T19:27:52.734+0000] {logging_mixin.py:154} INFO - [2026-06-19T19:27:52.734+0000] {dag.py:3722} INFO - Setting next_dagrun for report_hourly_dag to 2026-06-19T01:58:00+00:00, run_after=2026-06-19T01:59:00+00:00
[2026-06-19T19:27:52.746+0000] {processor.py:179} INFO - Processing /opt/airflow/dags/report_hourly_dag.py took 0.059 seconds
[2026-06-19T19:28:22.960+0000] {processor.py:157} INFO - Started process (PID=2283) to work on /opt/airflow/dags/report_hourly_dag.py
[2026-06-19T19:28:22.964+0000] {processor.py:829} INFO - Processing file /opt/airflow/dags/report_hourly_dag.py for tasks to queue
[2026-06-19T19:28:22.965+0000] {logging_mixin.py:154} INFO - [2026-06-19T19:28:22.965+0000] {dagbag.py:536} INFO - Filling up the DagBag from /opt/airflow/dags/report_hourly_dag.py
[2026-06-19T19:28:22.978+0000] {processor.py:839} INFO - DAG(s) dict_keys(['report_hourly_dag']) retrieved from /opt/airflow/dags/report_hourly_dag.py
[2026-06-19T19:28:22.995+0000] {logging_mixin.py:154} INFO - [2026-06-19T19:28:22.995+0000] {dag.py:2941} INFO - Sync 1 DAGs
[2026-06-19T19:28:23.013+0000] {logging_mixin.py:154} INFO - [2026-06-19T19:28:23.012+0000] {dag.py:3722} INFO - Setting next_dagrun for report_hourly_dag to 2026-06-19T01:58:00+00:00, run_after=2026-06-19T01:59:00+00:00
[2026-06-19T19:28:23.024+0000] {processor.py:179} INFO - Processing /opt/airflow/dags/report_hourly_dag.py took 0.068 seconds
[2026-06-19T19:28:53.252+0000] {processor.py:157} INFO - Started process (PID=2298) to work on /opt/airflow/dags/report_hourly_dag.py
[2026-06-19T19:28:53.253+0000] {processor.py:829} INFO - Processing file /opt/airflow/dags/report_hourly_dag.py for tasks to queue
[2026-06-19T19:28:53.254+0000] {logging_mixin.py:154} INFO - [2026-06-19T19:28:53.253+0000] {dagbag.py:536} INFO - Filling up the DagBag from /opt/airflow/dags/report_hourly_dag.py
[2026-06-19T19:28:53.263+0000] {processor.py:839} INFO - DAG(s) dict_keys(['report_hourly_dag']) retrieved from /opt/airflow/dags/report_hourly_dag.py
[2026-06-19T19:28:53.279+0000] {logging_mixin.py:154} INFO - [2026-06-19T19:28:53.279+0000] {dag.py:2941} INFO - Sync 1 DAGs
[2026-06-19T19:28:53.296+0000] {logging_mixin.py:154} INFO - [2026-06-19T19:28:53.296+0000] {dag.py:3722} INFO - Setting next_dagrun for report_hourly_dag to 2026-06-19T01:58:00+00:00, run_after=2026-06-19T01:59:00+00:00
[2026-06-19T19:28:53.309+0000] {processor.py:179} INFO - Processing /opt/airflow/dags/report_hourly_dag.py took 0.061 seconds
[2026-06-19T19:29:23.542+0000] {processor.py:157} INFO - Started process (PID=2313) to work on /opt/airflow/dags/report_hourly_dag.py
[2026-06-19T19:29:23.545+0000] {processor.py:829} INFO - Processing file /opt/airflow/dags/report_hourly_dag.py for tasks to queue
[2026-06-19T19:29:23.546+0000] {logging_mixin.py:154} INFO - [2026-06-19T19:29:23.545+0000] {dagbag.py:536} INFO - Filling up the DagBag from /opt/airflow/dags/report_hourly_dag.py
[2026-06-19T19:29:23.555+0000] {processor.py:839} INFO - DAG(s) dict_keys(['report_hourly_dag']) retrieved from /opt/airflow/dags/report_hourly_dag.py
[2026-06-19T19:29:23.571+0000] {logging_mixin.py:154} INFO - [2026-06-19T19:29:23.571+0000] {dag.py:2941} INFO - Sync 1 DAGs
[2026-06-19T19:29:23.662+0000] {logging_mixin.py:154} INFO - [2026-06-19T19:29:23.662+0000] {dag.py:3722} INFO - Setting next_dagrun for report_hourly_dag to 2026-06-19T01:58:00+00:00, run_after=2026-06-19T01:59:00+00:00
[2026-06-19T19:29:23.674+0000] {processor.py:179} INFO - Processing /opt/airflow/dags/report_hourly_dag.py took 0.136 seconds
[2026-06-19T19:29:53.827+0000] {processor.py:157} INFO - Started process (PID=2328) to work on /opt/airflow/dags/report_hourly_dag.py
[2026-06-19T19:29:53.828+0000] {processor.py:829} INFO - Processing file /opt/airflow/dags/report_hourly_dag.py for tasks to queue
[2026-06-19T19:29:53.829+0000] {logging_mixin.py:154} INFO - [2026-06-19T19:29:53.829+0000] {dagbag.py:536} INFO - Filling up the DagBag from /opt/airflow/dags/report_hourly_dag.py
[2026-06-19T19:29:53.839+0000] {processor.py:839} INFO - DAG(s) dict_keys(['report_hourly_dag']) retrieved from /opt/airflow/dags/report_hourly_dag.py
[2026-06-19T19:29:53.854+0000] {logging_mixin.py:154} INFO - [2026-06-19T19:29:53.854+0000] {dag.py:2941} INFO - Sync 1 DAGs
[2026-06-19T19:29:53.870+0000] {logging_mixin.py:154} INFO - [2026-06-19T19:29:53.870+0000] {dag.py:3722} INFO - Setting next_dagrun for report_hourly_dag to 2026-06-19T01:58:00+00:00, run_after=2026-06-19T01:59:00+00:00
[2026-06-19T19:29:53.883+0000] {processor.py:179} INFO - Processing /opt/airflow/dags/report_hourly_dag.py took 0.060 seconds
[2026-06-19T19:30:24.109+0000] {processor.py:157} INFO - Started process (PID=2343) to work on /opt/airflow/dags/report_hourly_dag.py
[2026-06-19T19:30:24.112+0000] {processor.py:829} INFO - Processing file /opt/airflow/dags/report_hourly_dag.py for tasks to queue
[2026-06-19T19:30:24.113+0000] {logging_mixin.py:154} INFO - [2026-06-19T19:30:24.113+0000] {dagbag.py:536} INFO - Filling up the DagBag from /opt/airflow/dags/report_hourly_dag.py
[2026-06-19T19:30:24.126+0000] {processor.py:839} INFO - DAG(s) dict_keys(['report_hourly_dag']) retrieved from /opt/airflow/dags/report_hourly_dag.py
[2026-06-19T19:30:24.146+0000] {logging_mixin.py:154} INFO - [2026-06-19T19:30:24.145+0000] {dag.py:2941} INFO - Sync 1 DAGs
[2026-06-19T19:30:24.164+0000] {logging_mixin.py:154} INFO - [2026-06-19T19:30:24.164+0000] {dag.py:3722} INFO - Setting next_dagrun for report_hourly_dag to 2026-06-19T01:58:00+00:00, run_after=2026-06-19T01:59:00+00:00
[2026-06-19T19:30:24.183+0000] {processor.py:179} INFO - Processing /opt/airflow/dags/report_hourly_dag.py took 0.078 seconds
[2026-06-19T19:30:54.411+0000] {processor.py:157} INFO - Started process (PID=2358) to work on /opt/airflow/dags/report_hourly_dag.py
[2026-06-19T19:30:54.412+0000] {processor.py:829} INFO - Processing file /opt/airflow/dags/report_hourly_dag.py for tasks to queue
[2026-06-19T19:30:54.413+0000] {logging_mixin.py:154} INFO - [2026-06-19T19:30:54.413+0000] {dagbag.py:536} INFO - Filling up the DagBag from /opt/airflow/dags/report_hourly_dag.py
[2026-06-19T19:30:54.423+0000] {processor.py:839} INFO - DAG(s) dict_keys(['report_hourly_dag']) retrieved from /opt/airflow/dags/report_hourly_dag.py
[2026-06-19T19:30:54.439+0000] {logging_mixin.py:154} INFO - [2026-06-19T19:30:54.439+0000] {dag.py:2941} INFO - Sync 1 DAGs
[2026-06-19T19:30:54.456+0000] {logging_mixin.py:154} INFO - [2026-06-19T19:30:54.456+0000] {dag.py:3722} INFO - Setting next_dagrun for report_hourly_dag to 2026-06-19T01:58:00+00:00, run_after=2026-06-19T01:59:00+00:00
[2026-06-19T19:30:54.469+0000] {processor.py:179} INFO - Processing /opt/airflow/dags/report_hourly_dag.py took 0.062 seconds
[2026-06-19T19:31:24.688+0000] {processor.py:157} INFO - Started process (PID=2373) to work on /opt/airflow/dags/report_hourly_dag.py
[2026-06-19T19:31:24.689+0000] {processor.py:829} INFO - Processing file /opt/airflow/dags/report_hourly_dag.py for tasks to queue
[2026-06-19T19:31:24.689+0000] {logging_mixin.py:154} INFO - [2026-06-19T19:31:24.689+0000] {dagbag.py:536} INFO - Filling up the DagBag from /opt/airflow/dags/report_hourly_dag.py
[2026-06-19T19:31:24.699+0000] {processor.py:839} INFO - DAG(s) dict_keys(['report_hourly_dag']) retrieved from /opt/airflow/dags/report_hourly_dag.py
[2026-06-19T19:31:24.716+0000] {logging_mixin.py:154} INFO - [2026-06-19T19:31:24.716+0000] {dag.py:2941} INFO - Sync 1 DAGs
[2026-06-19T19:31:24.806+0000] {logging_mixin.py:154} INFO - [2026-06-19T19:31:24.806+0000] {dag.py:3722} INFO - Setting next_dagrun for report_hourly_dag to 2026-06-19T01:58:00+00:00, run_after=2026-06-19T01:59:00+00:00
[2026-06-19T19:31:24.820+0000] {processor.py:179} INFO - Processing /opt/airflow/dags/report_hourly_dag.py took 0.136 seconds
[2026-06-19T19:31:55.089+0000] {processor.py:157} INFO - Started process (PID=2388) to work on /opt/airflow/dags/report_hourly_dag.py
[2026-06-19T19:31:55.090+0000] {processor.py:829} INFO - Processing file /opt/airflow/dags/report_hourly_dag.py for tasks to queue
[2026-06-19T19:31:55.091+0000] {logging_mixin.py:154} INFO - [2026-06-19T19:31:55.091+0000] {dagbag.py:536} INFO - Filling up the DagBag from /opt/airflow/dags/report_hourly_dag.py
[2026-06-19T19:31:55.101+0000] {processor.py:839} INFO - DAG(s) dict_keys(['report_hourly_dag']) retrieved from /opt/airflow/dags/report_hourly_dag.py
[2026-06-19T19:31:55.121+0000] {logging_mixin.py:154} INFO - [2026-06-19T19:31:55.121+0000] {dag.py:2941} INFO - Sync 1 DAGs
[2026-06-19T19:31:55.147+0000] {logging_mixin.py:154} INFO - [2026-06-19T19:31:55.147+0000] {dag.py:3722} INFO - Setting next_dagrun for report_hourly_dag to 2026-06-19T01:58:00+00:00, run_after=2026-06-19T01:59:00+00:00
[2026-06-19T19:31:55.162+0000] {processor.py:179} INFO - Processing /opt/airflow/dags/report_hourly_dag.py took 0.076 seconds
[2026-06-19T19:32:25.390+0000] {processor.py:157} INFO - Started process (PID=2403) to work on /opt/airflow/dags/report_hourly_dag.py
[2026-06-19T19:32:25.392+0000] {processor.py:829} INFO - Processing file /opt/airflow/dags/report_hourly_dag.py for tasks to queue
[2026-06-19T19:32:25.392+0000] {logging_mixin.py:154} INFO - [2026-06-19T19:32:25.392+0000] {dagbag.py:536} INFO - Filling up the DagBag from /opt/airflow/dags/report_hourly_dag.py
[2026-06-19T19:32:25.401+0000] {processor.py:839} INFO - DAG(s) dict_keys(['report_hourly_dag']) retrieved from /opt/airflow/dags/report_hourly_dag.py
[2026-06-19T19:32:25.421+0000] {logging_mixin.py:154} INFO - [2026-06-19T19:32:25.421+0000] {dag.py:2941} INFO - Sync 1 DAGs
[2026-06-19T19:32:25.443+0000] {logging_mixin.py:154} INFO - [2026-06-19T19:32:25.443+0000] {dag.py:3722} INFO - Setting next_dagrun for report_hourly_dag to 2026-06-19T01:58:00+00:00, run_after=2026-06-19T01:59:00+00:00
[2026-06-19T19:32:25.463+0000] {processor.py:179} INFO - Processing /opt/airflow/dags/report_hourly_dag.py took 0.078 seconds
[2026-06-19T19:32:55.698+0000] {processor.py:157} INFO - Started process (PID=2418) to work on /opt/airflow/dags/report_hourly_dag.py
[2026-06-19T19:32:55.699+0000] {processor.py:829} INFO - Processing file /opt/airflow/dags/report_hourly_dag.py for tasks to queue
[2026-06-19T19:32:55.699+0000] {logging_mixin.py:154} INFO - [2026-06-19T19:32:55.699+0000] {dagbag.py:536} INFO - Filling up the DagBag from /opt/airflow/dags/report_hourly_dag.py
[2026-06-19T19:32:55.710+0000] {processor.py:839} INFO - DAG(s) dict_keys(['report_hourly_dag']) retrieved from /opt/airflow/dags/report_hourly_dag.py
[2026-06-19T19:32:55.726+0000] {logging_mixin.py:154} INFO - [2026-06-19T19:32:55.726+0000] {dag.py:2941} INFO - Sync 1 DAGs
[2026-06-19T19:32:55.745+0000] {logging_mixin.py:154} INFO - [2026-06-19T19:32:55.745+0000] {dag.py:3722} INFO - Setting next_dagrun for report_hourly_dag to 2026-06-19T01:58:00+00:00, run_after=2026-06-19T01:59:00+00:00
[2026-06-19T19:32:55.760+0000] {processor.py:179} INFO - Processing /opt/airflow/dags/report_hourly_dag.py took 0.066 seconds
[2026-06-19T19:33:25.995+0000] {processor.py:157} INFO - Started process (PID=2433) to work on /opt/airflow/dags/report_hourly_dag.py
[2026-06-19T19:33:25.999+0000] {processor.py:829} INFO - Processing file /opt/airflow/dags/report_hourly_dag.py for tasks to queue
[2026-06-19T19:33:26.000+0000] {logging_mixin.py:154} INFO - [2026-06-19T19:33:25.999+0000] {dagbag.py:536} INFO - Filling up the DagBag from /opt/airflow/dags/report_hourly_dag.py
[2026-06-19T19:33:26.014+0000] {processor.py:839} INFO - DAG(s) dict_keys(['report_hourly_dag']) retrieved from /opt/airflow/dags/report_hourly_dag.py
[2026-06-19T19:33:26.033+0000] {logging_mixin.py:154} INFO - [2026-06-19T19:33:26.032+0000] {dag.py:2941} INFO - Sync 1 DAGs
[2026-06-19T19:33:26.050+0000] {logging_mixin.py:154} INFO - [2026-06-19T19:33:26.049+0000] {dag.py:3722} INFO - Setting next_dagrun for report_hourly_dag to 2026-06-19T01:58:00+00:00, run_after=2026-06-19T01:59:00+00:00
[2026-06-19T19:33:26.061+0000] {processor.py:179} INFO - Processing /opt/airflow/dags/report_hourly_dag.py took 0.069 seconds
[2026-06-19T19:33:56.293+0000] {processor.py:157} INFO - Started process (PID=2448) to work on /opt/airflow/dags/report_hourly_dag.py
[2026-06-19T19:33:56.294+0000] {processor.py:829} INFO - Processing file /opt/airflow/dags/report_hourly_dag.py for tasks to queue
[2026-06-19T19:33:56.296+0000] {logging_mixin.py:154} INFO - [2026-06-19T19:33:56.295+0000] {dagbag.py:536} INFO - Filling up the DagBag from /opt/airflow/dags/report_hourly_dag.py
[2026-06-19T19:33:56.309+0000] {processor.py:839} INFO - DAG(s) dict_keys(['report_hourly_dag']) retrieved from /opt/airflow/dags/report_hourly_dag.py
[2026-06-19T19:33:56.326+0000] {logging_mixin.py:154} INFO - [2026-06-19T19:33:56.326+0000] {dag.py:2941} INFO - Sync 1 DAGs
[2026-06-19T19:33:56.344+0000] {logging_mixin.py:154} INFO - [2026-06-19T19:33:56.344+0000] {dag.py:3722} INFO - Setting next_dagrun for report_hourly_dag to 2026-06-19T01:58:00+00:00, run_after=2026-06-19T01:59:00+00:00
[2026-06-19T19:33:56.359+0000] {processor.py:179} INFO - Processing /opt/airflow/dags/report_hourly_dag.py took 0.072 seconds
[2026-06-19T19:34:26.594+0000] {processor.py:157} INFO - Started process (PID=2463) to work on /opt/airflow/dags/report_hourly_dag.py
[2026-06-19T19:34:26.597+0000] {processor.py:829} INFO - Processing file /opt/airflow/dags/report_hourly_dag.py for tasks to queue
[2026-06-19T19:34:26.598+0000] {logging_mixin.py:154} INFO - [2026-06-19T19:34:26.597+0000] {dagbag.py:536} INFO - Filling up the DagBag from /opt/airflow/dags/report_hourly_dag.py
[2026-06-19T19:34:26.608+0000] {processor.py:839} INFO - DAG(s) dict_keys(['report_hourly_dag']) retrieved from /opt/airflow/dags/report_hourly_dag.py
[2026-06-19T19:34:26.632+0000] {logging_mixin.py:154} INFO - [2026-06-19T19:34:26.631+0000] {dag.py:2941} INFO - Sync 1 DAGs
[2026-06-19T19:34:26.652+0000] {logging_mixin.py:154} INFO - [2026-06-19T19:34:26.652+0000] {dag.py:3722} INFO - Setting next_dagrun for report_hourly_dag to 2026-06-19T01:58:00+00:00, run_after=2026-06-19T01:59:00+00:00
[2026-06-19T19:34:26.664+0000] {processor.py:179} INFO - Processing /opt/airflow/dags/report_hourly_dag.py took 0.074 seconds
[2026-06-19T19:34:56.891+0000] {processor.py:157} INFO - Started process (PID=2478) to work on /opt/airflow/dags/report_hourly_dag.py
[2026-06-19T19:34:56.891+0000] {processor.py:829} INFO - Processing file /opt/airflow/dags/report_hourly_dag.py for tasks to queue
[2026-06-19T19:34:56.892+0000] {logging_mixin.py:154} INFO - [2026-06-19T19:34:56.892+0000] {dagbag.py:536} INFO - Filling up the DagBag from /opt/airflow/dags/report_hourly_dag.py
[2026-06-19T19:34:56.905+0000] {processor.py:839} INFO - DAG(s) dict_keys(['report_hourly_dag']) retrieved from /opt/airflow/dags/report_hourly_dag.py
[2026-06-19T19:34:56.923+0000] {logging_mixin.py:154} INFO - [2026-06-19T19:34:56.923+0000] {dag.py:2941} INFO - Sync 1 DAGs
[2026-06-19T19:34:56.940+0000] {logging_mixin.py:154} INFO - [2026-06-19T19:34:56.940+0000] {dag.py:3722} INFO - Setting next_dagrun for report_hourly_dag to 2026-06-19T01:58:00+00:00, run_after=2026-06-19T01:59:00+00:00
[2026-06-19T19:34:56.952+0000] {processor.py:179} INFO - Processing /opt/airflow/dags/report_hourly_dag.py took 0.066 seconds
[2026-06-19T19:35:27.173+0000] {processor.py:157} INFO - Started process (PID=2493) to work on /opt/airflow/dags/report_hourly_dag.py
[2026-06-19T19:35:27.176+0000] {processor.py:829} INFO - Processing file /opt/airflow/dags/report_hourly_dag.py for tasks to queue
[2026-06-19T19:35:27.177+0000] {logging_mixin.py:154} INFO - [2026-06-19T19:35:27.177+0000] {dagbag.py:536} INFO - Filling up the DagBag from /opt/airflow/dags/report_hourly_dag.py
[2026-06-19T19:35:27.186+0000] {processor.py:839} INFO - DAG(s) dict_keys(['report_hourly_dag']) retrieved from /opt/airflow/dags/report_hourly_dag.py
[2026-06-19T19:35:27.202+0000] {logging_mixin.py:154} INFO - [2026-06-19T19:35:27.202+0000] {dag.py:2941} INFO - Sync 1 DAGs
[2026-06-19T19:35:27.219+0000] {logging_mixin.py:154} INFO - [2026-06-19T19:35:27.218+0000] {dag.py:3722} INFO - Setting next_dagrun for report_hourly_dag to 2026-06-19T01:58:00+00:00, run_after=2026-06-19T01:59:00+00:00
[2026-06-19T19:35:27.231+0000] {processor.py:179} INFO - Processing /opt/airflow/dags/report_hourly_dag.py took 0.062 seconds
[2026-06-19T19:35:57.459+0000] {processor.py:157} INFO - Started process (PID=2508) to work on /opt/airflow/dags/report_hourly_dag.py
[2026-06-19T19:35:57.460+0000] {processor.py:829} INFO - Processing file /opt/airflow/dags/report_hourly_dag.py for tasks to queue
[2026-06-19T19:35:57.461+0000] {logging_mixin.py:154} INFO - [2026-06-19T19:35:57.460+0000] {dagbag.py:536} INFO - Filling up the DagBag from /opt/airflow/dags/report_hourly_dag.py
[2026-06-19T19:35:57.471+0000] {processor.py:839} INFO - DAG(s) dict_keys(['report_hourly_dag']) retrieved from /opt/airflow/dags/report_hourly_dag.py
[2026-06-19T19:35:57.487+0000] {logging_mixin.py:154} INFO - [2026-06-19T19:35:57.487+0000] {dag.py:2941} INFO - Sync 1 DAGs
[2026-06-19T19:35:57.503+0000] {logging_mixin.py:154} INFO - [2026-06-19T19:35:57.503+0000] {dag.py:3722} INFO - Setting next_dagrun for report_hourly_dag to 2026-06-19T01:58:00+00:00, run_after=2026-06-19T01:59:00+00:00
[2026-06-19T19:35:57.516+0000] {processor.py:179} INFO - Processing /opt/airflow/dags/report_hourly_dag.py took 0.061 seconds
[2026-06-19T19:36:27.743+0000] {processor.py:157} INFO - Started process (PID=2523) to work on /opt/airflow/dags/report_hourly_dag.py
[2026-06-19T19:36:27.746+0000] {processor.py:829} INFO - Processing file /opt/airflow/dags/report_hourly_dag.py for tasks to queue
[2026-06-19T19:36:27.747+0000] {logging_mixin.py:154} INFO - [2026-06-19T19:36:27.747+0000] {dagbag.py:536} INFO - Filling up the DagBag from /opt/airflow/dags/report_hourly_dag.py
[2026-06-19T19:36:27.758+0000] {processor.py:839} INFO - DAG(s) dict_keys(['report_hourly_dag']) retrieved from /opt/airflow/dags/report_hourly_dag.py
[2026-06-19T19:36:27.777+0000] {logging_mixin.py:154} INFO - [2026-06-19T19:36:27.777+0000] {dag.py:2941} INFO - Sync 1 DAGs
[2026-06-19T19:36:27.794+0000] {logging_mixin.py:154} INFO - [2026-06-19T19:36:27.793+0000] {dag.py:3722} INFO - Setting next_dagrun for report_hourly_dag to 2026-06-19T01:58:00+00:00, run_after=2026-06-19T01:59:00+00:00
[2026-06-19T19:36:27.811+0000] {processor.py:179} INFO - Processing /opt/airflow/dags/report_hourly_dag.py took 0.073 seconds
[2026-06-19T19:36:58.045+0000] {processor.py:157} INFO - Started process (PID=2538) to work on /opt/airflow/dags/report_hourly_dag.py
[2026-06-19T19:36:58.046+0000] {processor.py:829} INFO - Processing file /opt/airflow/dags/report_hourly_dag.py for tasks to queue
[2026-06-19T19:36:58.046+0000] {logging_mixin.py:154} INFO - [2026-06-19T19:36:58.046+0000] {dagbag.py:536} INFO - Filling up the DagBag from /opt/airflow/dags/report_hourly_dag.py
[2026-06-19T19:36:58.054+0000] {processor.py:839} INFO - DAG(s) dict_keys(['report_hourly_dag']) retrieved from /opt/airflow/dags/report_hourly_dag.py
[2026-06-19T19:36:58.070+0000] {logging_mixin.py:154} INFO - [2026-06-19T19:36:58.070+0000] {dag.py:2941} INFO - Sync 1 DAGs
[2026-06-19T19:36:58.087+0000] {logging_mixin.py:154} INFO - [2026-06-19T19:36:58.087+0000] {dag.py:3722} INFO - Setting next_dagrun for report_hourly_dag to 2026-06-19T01:58:00+00:00, run_after=2026-06-19T01:59:00+00:00
[2026-06-19T19:36:58.102+0000] {processor.py:179} INFO - Processing /opt/airflow/dags/report_hourly_dag.py took 0.059 seconds
[2026-06-19T19:37:28.329+0000] {processor.py:157} INFO - Started process (PID=2553) to work on /opt/airflow/dags/report_hourly_dag.py
[2026-06-19T19:37:28.332+0000] {processor.py:829} INFO - Processing file /opt/airflow/dags/report_hourly_dag.py for tasks to queue
[2026-06-19T19:37:28.333+0000] {logging_mixin.py:154} INFO - [2026-06-19T19:37:28.332+0000] {dagbag.py:536} INFO - Filling up the DagBag from /opt/airflow/dags/report_hourly_dag.py
[2026-06-19T19:37:28.343+0000] {processor.py:839} INFO - DAG(s) dict_keys(['report_hourly_dag']) retrieved from /opt/airflow/dags/report_hourly_dag.py
[2026-06-19T19:37:28.363+0000] {logging_mixin.py:154} INFO - [2026-06-19T19:37:28.363+0000] {dag.py:2941} INFO - Sync 1 DAGs
[2026-06-19T19:37:28.380+0000] {logging_mixin.py:154} INFO - [2026-06-19T19:37:28.380+0000] {dag.py:3722} INFO - Setting next_dagrun for report_hourly_dag to 2026-06-19T01:58:00+00:00, run_after=2026-06-19T01:59:00+00:00
[2026-06-19T19:37:28.395+0000] {processor.py:179} INFO - Processing /opt/airflow/dags/report_hourly_dag.py took 0.070 seconds
[2026-06-19T19:37:58.620+0000] {processor.py:157} INFO - Started process (PID=2568) to work on /opt/airflow/dags/report_hourly_dag.py
[2026-06-19T19:37:58.621+0000] {processor.py:829} INFO - Processing file /opt/airflow/dags/report_hourly_dag.py for tasks to queue
[2026-06-19T19:37:58.622+0000] {logging_mixin.py:154} INFO - [2026-06-19T19:37:58.622+0000] {dagbag.py:536} INFO - Filling up the DagBag from /opt/airflow/dags/report_hourly_dag.py
[2026-06-19T19:37:58.633+0000] {processor.py:839} INFO - DAG(s) dict_keys(['report_hourly_dag']) retrieved from /opt/airflow/dags/report_hourly_dag.py
[2026-06-19T19:37:58.650+0000] {logging_mixin.py:154} INFO - [2026-06-19T19:37:58.650+0000] {dag.py:2941} INFO - Sync 1 DAGs
[2026-06-19T19:37:58.666+0000] {logging_mixin.py:154} INFO - [2026-06-19T19:37:58.666+0000] {dag.py:3722} INFO - Setting next_dagrun for report_hourly_dag to 2026-06-19T01:58:00+00:00, run_after=2026-06-19T01:59:00+00:00
[2026-06-19T19:37:58.679+0000] {processor.py:179} INFO - Processing /opt/airflow/dags/report_hourly_dag.py took 0.062 seconds
[2026-06-19T19:38:28.922+0000] {processor.py:157} INFO - Started process (PID=2583) to work on /opt/airflow/dags/report_hourly_dag.py
[2026-06-19T19:38:28.924+0000] {processor.py:829} INFO - Processing file /opt/airflow/dags/report_hourly_dag.py for tasks to queue
[2026-06-19T19:38:28.925+0000] {logging_mixin.py:154} INFO - [2026-06-19T19:38:28.924+0000] {dagbag.py:536} INFO - Filling up the DagBag from /opt/airflow/dags/report_hourly_dag.py
[2026-06-19T19:38:28.935+0000] {processor.py:839} INFO - DAG(s) dict_keys(['report_hourly_dag']) retrieved from /opt/airflow/dags/report_hourly_dag.py
[2026-06-19T19:38:28.951+0000] {logging_mixin.py:154} INFO - [2026-06-19T19:38:28.951+0000] {dag.py:2941} INFO - Sync 1 DAGs
[2026-06-19T19:38:28.969+0000] {logging_mixin.py:154} INFO - [2026-06-19T19:38:28.969+0000] {dag.py:3722} INFO - Setting next_dagrun for report_hourly_dag to 2026-06-19T01:58:00+00:00, run_after=2026-06-19T01:59:00+00:00
[2026-06-19T19:38:28.984+0000] {processor.py:179} INFO - Processing /opt/airflow/dags/report_hourly_dag.py took 0.067 seconds
[2026-06-19T19:38:59.221+0000] {processor.py:157} INFO - Started process (PID=2598) to work on /opt/airflow/dags/report_hourly_dag.py
[2026-06-19T19:38:59.222+0000] {processor.py:829} INFO - Processing file /opt/airflow/dags/report_hourly_dag.py for tasks to queue
[2026-06-19T19:38:59.223+0000] {logging_mixin.py:154} INFO - [2026-06-19T19:38:59.222+0000] {dagbag.py:536} INFO - Filling up the DagBag from /opt/airflow/dags/report_hourly_dag.py
[2026-06-19T19:38:59.233+0000] {processor.py:839} INFO - DAG(s) dict_keys(['report_hourly_dag']) retrieved from /opt/airflow/dags/report_hourly_dag.py
[2026-06-19T19:38:59.248+0000] {logging_mixin.py:154} INFO - [2026-06-19T19:38:59.248+0000] {dag.py:2941} INFO - Sync 1 DAGs
[2026-06-19T19:38:59.264+0000] {logging_mixin.py:154} INFO - [2026-06-19T19:38:59.264+0000] {dag.py:3722} INFO - Setting next_dagrun for report_hourly_dag to 2026-06-19T01:58:00+00:00, run_after=2026-06-19T01:59:00+00:00
[2026-06-19T19:38:59.286+0000] {processor.py:179} INFO - Processing /opt/airflow/dags/report_hourly_dag.py took 0.069 seconds
[2026-06-19T19:39:29.517+0000] {processor.py:157} INFO - Started process (PID=2613) to work on /opt/airflow/dags/report_hourly_dag.py
[2026-06-19T19:39:29.518+0000] {processor.py:829} INFO - Processing file /opt/airflow/dags/report_hourly_dag.py for tasks to queue
[2026-06-19T19:39:29.519+0000] {logging_mixin.py:154} INFO - [2026-06-19T19:39:29.518+0000] {dagbag.py:536} INFO - Filling up the DagBag from /opt/airflow/dags/report_hourly_dag.py
[2026-06-19T19:39:29.528+0000] {processor.py:839} INFO - DAG(s) dict_keys(['report_hourly_dag']) retrieved from /opt/airflow/dags/report_hourly_dag.py
[2026-06-19T19:39:29.547+0000] {logging_mixin.py:154} INFO - [2026-06-19T19:39:29.547+0000] {dag.py:2941} INFO - Sync 1 DAGs
[2026-06-19T19:39:29.570+0000] {logging_mixin.py:154} INFO - [2026-06-19T19:39:29.569+0000] {dag.py:3722} INFO - Setting next_dagrun for report_hourly_dag to 2026-06-19T01:58:00+00:00, run_after=2026-06-19T01:59:00+00:00
[2026-06-19T19:39:29.584+0000] {processor.py:179} INFO - Processing /opt/airflow/dags/report_hourly_dag.py took 0.070 seconds
[2026-06-19T19:39:59.821+0000] {processor.py:157} INFO - Started process (PID=2628) to work on /opt/airflow/dags/report_hourly_dag.py
[2026-06-19T19:39:59.822+0000] {processor.py:829} INFO - Processing file /opt/airflow/dags/report_hourly_dag.py for tasks to queue
[2026-06-19T19:39:59.822+0000] {logging_mixin.py:154} INFO - [2026-06-19T19:39:59.822+0000] {dagbag.py:536} INFO - Filling up the DagBag from /opt/airflow/dags/report_hourly_dag.py
[2026-06-19T19:39:59.831+0000] {processor.py:839} INFO - DAG(s) dict_keys(['report_hourly_dag']) retrieved from /opt/airflow/dags/report_hourly_dag.py
[2026-06-19T19:39:59.846+0000] {logging_mixin.py:154} INFO - [2026-06-19T19:39:59.846+0000] {dag.py:2941} INFO - Sync 1 DAGs
[2026-06-19T19:39:59.862+0000] {logging_mixin.py:154} INFO - [2026-06-19T19:39:59.862+0000] {dag.py:3722} INFO - Setting next_dagrun for report_hourly_dag to 2026-06-19T01:58:00+00:00, run_after=2026-06-19T01:59:00+00:00
[2026-06-19T19:39:59.874+0000] {processor.py:179} INFO - Processing /opt/airflow/dags/report_hourly_dag.py took 0.057 seconds
[2026-06-19T19:40:30.112+0000] {processor.py:157} INFO - Started process (PID=2643) to work on /opt/airflow/dags/report_hourly_dag.py
[2026-06-19T19:40:30.114+0000] {processor.py:829} INFO - Processing file /opt/airflow/dags/report_hourly_dag.py for tasks to queue
[2026-06-19T19:40:30.115+0000] {logging_mixin.py:154} INFO - [2026-06-19T19:40:30.115+0000] {dagbag.py:536} INFO - Filling up the DagBag from /opt/airflow/dags/report_hourly_dag.py
[2026-06-19T19:40:30.127+0000] {processor.py:839} INFO - DAG(s) dict_keys(['report_hourly_dag']) retrieved from /opt/airflow/dags/report_hourly_dag.py
[2026-06-19T19:40:30.150+0000] {logging_mixin.py:154} INFO - [2026-06-19T19:40:30.150+0000] {dag.py:2941} INFO - Sync 1 DAGs
[2026-06-19T19:40:30.170+0000] {logging_mixin.py:154} INFO - [2026-06-19T19:40:30.170+0000] {dag.py:3722} INFO - Setting next_dagrun for report_hourly_dag to 2026-06-19T01:58:00+00:00, run_after=2026-06-19T01:59:00+00:00
[2026-06-19T19:40:30.181+0000] {processor.py:179} INFO - Processing /opt/airflow/dags/report_hourly_dag.py took 0.073 seconds
[2026-06-19T19:41:00.368+0000] {processor.py:157} INFO - Started process (PID=2658) to work on /opt/airflow/dags/report_hourly_dag.py
[2026-06-19T19:41:00.368+0000] {processor.py:829} INFO - Processing file /opt/airflow/dags/report_hourly_dag.py for tasks to queue
[2026-06-19T19:41:00.369+0000] {logging_mixin.py:154} INFO - [2026-06-19T19:41:00.368+0000] {dagbag.py:536} INFO - Filling up the DagBag from /opt/airflow/dags/report_hourly_dag.py
[2026-06-19T19:41:00.377+0000] {processor.py:839} INFO - DAG(s) dict_keys(['report_hourly_dag']) retrieved from /opt/airflow/dags/report_hourly_dag.py
[2026-06-19T19:41:00.393+0000] {logging_mixin.py:154} INFO - [2026-06-19T19:41:00.393+0000] {dag.py:2941} INFO - Sync 1 DAGs
[2026-06-19T19:41:00.410+0000] {logging_mixin.py:154} INFO - [2026-06-19T19:41:00.410+0000] {dag.py:3722} INFO - Setting next_dagrun for report_hourly_dag to 2026-06-19T01:58:00+00:00, run_after=2026-06-19T01:59:00+00:00
[2026-06-19T19:41:00.422+0000] {processor.py:179} INFO - Processing /opt/airflow/dags/report_hourly_dag.py took 0.057 seconds
[2026-06-19T19:41:30.650+0000] {processor.py:157} INFO - Started process (PID=2673) to work on /opt/airflow/dags/report_hourly_dag.py
[2026-06-19T19:41:30.651+0000] {processor.py:829} INFO - Processing file /opt/airflow/dags/report_hourly_dag.py for tasks to queue
[2026-06-19T19:41:30.652+0000] {logging_mixin.py:154} INFO - [2026-06-19T19:41:30.652+0000] {dagbag.py:536} INFO - Filling up the DagBag from /opt/airflow/dags/report_hourly_dag.py
[2026-06-19T19:41:30.662+0000] {processor.py:839} INFO - DAG(s) dict_keys(['report_hourly_dag']) retrieved from /opt/airflow/dags/report_hourly_dag.py
[2026-06-19T19:41:30.678+0000] {logging_mixin.py:154} INFO - [2026-06-19T19:41:30.678+0000] {dag.py:2941} INFO - Sync 1 DAGs
[2026-06-19T19:41:30.695+0000] {logging_mixin.py:154} INFO - [2026-06-19T19:41:30.695+0000] {dag.py:3722} INFO - Setting next_dagrun for report_hourly_dag to 2026-06-19T01:58:00+00:00, run_after=2026-06-19T01:59:00+00:00
[2026-06-19T19:41:30.708+0000] {processor.py:179} INFO - Processing /opt/airflow/dags/report_hourly_dag.py took 0.062 seconds
[2026-06-19T19:42:00.968+0000] {processor.py:157} INFO - Started process (PID=2688) to work on /opt/airflow/dags/report_hourly_dag.py
[2026-06-19T19:42:00.969+0000] {processor.py:829} INFO - Processing file /opt/airflow/dags/report_hourly_dag.py for tasks to queue
[2026-06-19T19:42:00.970+0000] {logging_mixin.py:154} INFO - [2026-06-19T19:42:00.970+0000] {dagbag.py:536} INFO - Filling up the DagBag from /opt/airflow/dags/report_hourly_dag.py
[2026-06-19T19:42:00.980+0000] {processor.py:839} INFO - DAG(s) dict_keys(['report_hourly_dag']) retrieved from /opt/airflow/dags/report_hourly_dag.py
[2026-06-19T19:42:00.997+0000] {logging_mixin.py:154} INFO - [2026-06-19T19:42:00.996+0000] {dag.py:2941} INFO - Sync 1 DAGs
[2026-06-19T19:42:01.013+0000] {logging_mixin.py:154} INFO - [2026-06-19T19:42:01.013+0000] {dag.py:3722} INFO - Setting next_dagrun for report_hourly_dag to 2026-06-19T01:58:00+00:00, run_after=2026-06-19T01:59:00+00:00
[2026-06-19T19:42:01.028+0000] {processor.py:179} INFO - Processing /opt/airflow/dags/report_hourly_dag.py took 0.064 seconds
[2026-06-19T19:42:31.237+0000] {processor.py:157} INFO - Started process (PID=2703) to work on /opt/airflow/dags/report_hourly_dag.py
[2026-06-19T19:42:31.238+0000] {processor.py:829} INFO - Processing file /opt/airflow/dags/report_hourly_dag.py for tasks to queue
[2026-06-19T19:42:31.238+0000] {logging_mixin.py:154} INFO - [2026-06-19T19:42:31.238+0000] {dagbag.py:536} INFO - Filling up the DagBag from /opt/airflow/dags/report_hourly_dag.py
[2026-06-19T19:42:31.250+0000] {processor.py:839} INFO - DAG(s) dict_keys(['report_hourly_dag']) retrieved from /opt/airflow/dags/report_hourly_dag.py
[2026-06-19T19:42:31.267+0000] {logging_mixin.py:154} INFO - [2026-06-19T19:42:31.267+0000] {dag.py:2941} INFO - Sync 1 DAGs
[2026-06-19T19:42:31.284+0000] {logging_mixin.py:154} INFO - [2026-06-19T19:42:31.284+0000] {dag.py:3722} INFO - Setting next_dagrun for report_hourly_dag to 2026-06-19T01:58:00+00:00, run_after=2026-06-19T01:59:00+00:00
[2026-06-19T19:42:31.297+0000] {processor.py:179} INFO - Processing /opt/airflow/dags/report_hourly_dag.py took 0.064 seconds
[2026-06-19T19:43:01.530+0000] {processor.py:157} INFO - Started process (PID=2718) to work on /opt/airflow/dags/report_hourly_dag.py
[2026-06-19T19:43:01.530+0000] {processor.py:829} INFO - Processing file /opt/airflow/dags/report_hourly_dag.py for tasks to queue
[2026-06-19T19:43:01.531+0000] {logging_mixin.py:154} INFO - [2026-06-19T19:43:01.531+0000] {dagbag.py:536} INFO - Filling up the DagBag from /opt/airflow/dags/report_hourly_dag.py
[2026-06-19T19:43:01.541+0000] {processor.py:839} INFO - DAG(s) dict_keys(['report_hourly_dag']) retrieved from /opt/airflow/dags/report_hourly_dag.py
[2026-06-19T19:43:01.556+0000] {logging_mixin.py:154} INFO - [2026-06-19T19:43:01.556+0000] {dag.py:2941} INFO - Sync 1 DAGs
[2026-06-19T19:43:01.572+0000] {logging_mixin.py:154} INFO - [2026-06-19T19:43:01.572+0000] {dag.py:3722} INFO - Setting next_dagrun for report_hourly_dag to 2026-06-19T01:58:00+00:00, run_after=2026-06-19T01:59:00+00:00
[2026-06-19T19:43:01.584+0000] {processor.py:179} INFO - Processing /opt/airflow/dags/report_hourly_dag.py took 0.059 seconds
[2026-06-19T19:43:31.805+0000] {processor.py:157} INFO - Started process (PID=2733) to work on /opt/airflow/dags/report_hourly_dag.py
[2026-06-19T19:43:31.806+0000] {processor.py:829} INFO - Processing file /opt/airflow/dags/report_hourly_dag.py for tasks to queue
[2026-06-19T19:43:31.807+0000] {logging_mixin.py:154} INFO - [2026-06-19T19:43:31.806+0000] {dagbag.py:536} INFO - Filling up the DagBag from /opt/airflow/dags/report_hourly_dag.py
[2026-06-19T19:43:31.816+0000] {processor.py:839} INFO - DAG(s) dict_keys(['report_hourly_dag']) retrieved from /opt/airflow/dags/report_hourly_dag.py
[2026-06-19T19:43:31.832+0000] {logging_mixin.py:154} INFO - [2026-06-19T19:43:31.832+0000] {dag.py:2941} INFO - Sync 1 DAGs
[2026-06-19T19:43:31.849+0000] {logging_mixin.py:154} INFO - [2026-06-19T19:43:31.849+0000] {dag.py:3722} INFO - Setting next_dagrun for report_hourly_dag to 2026-06-19T01:58:00+00:00, run_after=2026-06-19T01:59:00+00:00
[2026-06-19T19:43:31.862+0000] {processor.py:179} INFO - Processing /opt/airflow/dags/report_hourly_dag.py took 0.061 seconds
[2026-06-19T19:44:02.096+0000] {processor.py:157} INFO - Started process (PID=2748) to work on /opt/airflow/dags/report_hourly_dag.py
[2026-06-19T19:44:02.097+0000] {processor.py:829} INFO - Processing file /opt/airflow/dags/report_hourly_dag.py for tasks to queue
[2026-06-19T19:44:02.098+0000] {logging_mixin.py:154} INFO - [2026-06-19T19:44:02.098+0000] {dagbag.py:536} INFO - Filling up the DagBag from /opt/airflow/dags/report_hourly_dag.py
[2026-06-19T19:44:02.108+0000] {processor.py:839} INFO - DAG(s) dict_keys(['report_hourly_dag']) retrieved from /opt/airflow/dags/report_hourly_dag.py
[2026-06-19T19:44:02.123+0000] {logging_mixin.py:154} INFO - [2026-06-19T19:44:02.123+0000] {dag.py:2941} INFO - Sync 1 DAGs
[2026-06-19T19:44:02.141+0000] {logging_mixin.py:154} INFO - [2026-06-19T19:44:02.140+0000] {dag.py:3722} INFO - Setting next_dagrun for report_hourly_dag to 2026-06-19T01:58:00+00:00, run_after=2026-06-19T01:59:00+00:00
[2026-06-19T19:44:02.154+0000] {processor.py:179} INFO - Processing /opt/airflow/dags/report_hourly_dag.py took 0.063 seconds
[2026-06-19T19:44:32.379+0000] {processor.py:157} INFO - Started process (PID=2763) to work on /opt/airflow/dags/report_hourly_dag.py
[2026-06-19T19:44:32.382+0000] {processor.py:829} INFO - Processing file /opt/airflow/dags/report_hourly_dag.py for tasks to queue
[2026-06-19T19:44:32.383+0000] {logging_mixin.py:154} INFO - [2026-06-19T19:44:32.383+0000] {dagbag.py:536} INFO - Filling up the DagBag from /opt/airflow/dags/report_hourly_dag.py
[2026-06-19T19:44:32.394+0000] {processor.py:839} INFO - DAG(s) dict_keys(['report_hourly_dag']) retrieved from /opt/airflow/dags/report_hourly_dag.py
[2026-06-19T19:44:32.414+0000] {logging_mixin.py:154} INFO - [2026-06-19T19:44:32.414+0000] {dag.py:2941} INFO - Sync 1 DAGs
[2026-06-19T19:44:32.431+0000] {logging_mixin.py:154} INFO - [2026-06-19T19:44:32.431+0000] {dag.py:3722} INFO - Setting next_dagrun for report_hourly_dag to 2026-06-19T01:58:00+00:00, run_after=2026-06-19T01:59:00+00:00
[2026-06-19T19:44:32.443+0000] {processor.py:179} INFO - Processing /opt/airflow/dags/report_hourly_dag.py took 0.068 seconds
[2026-06-19T19:45:02.676+0000] {processor.py:157} INFO - Started process (PID=2778) to work on /opt/airflow/dags/report_hourly_dag.py
[2026-06-19T19:45:02.676+0000] {processor.py:829} INFO - Processing file /opt/airflow/dags/report_hourly_dag.py for tasks to queue
[2026-06-19T19:45:02.677+0000] {logging_mixin.py:154} INFO - [2026-06-19T19:45:02.677+0000] {dagbag.py:536} INFO - Filling up the DagBag from /opt/airflow/dags/report_hourly_dag.py
[2026-06-19T19:45:02.687+0000] {processor.py:839} INFO - DAG(s) dict_keys(['report_hourly_dag']) retrieved from /opt/airflow/dags/report_hourly_dag.py
[2026-06-19T19:45:02.703+0000] {logging_mixin.py:154} INFO - [2026-06-19T19:45:02.703+0000] {dag.py:2941} INFO - Sync 1 DAGs
[2026-06-19T19:45:02.720+0000] {logging_mixin.py:154} INFO - [2026-06-19T19:45:02.720+0000] {dag.py:3722} INFO - Setting next_dagrun for report_hourly_dag to 2026-06-19T01:58:00+00:00, run_after=2026-06-19T01:59:00+00:00
[2026-06-19T19:45:02.733+0000] {processor.py:179} INFO - Processing /opt/airflow/dags/report_hourly_dag.py took 0.062 seconds
[2026-06-19T19:45:32.964+0000] {processor.py:157} INFO - Started process (PID=2793) to work on /opt/airflow/dags/report_hourly_dag.py
[2026-06-19T19:45:32.968+0000] {processor.py:829} INFO - Processing file /opt/airflow/dags/report_hourly_dag.py for tasks to queue
[2026-06-19T19:45:32.969+0000] {logging_mixin.py:154} INFO - [2026-06-19T19:45:32.968+0000] {dagbag.py:536} INFO - Filling up the DagBag from /opt/airflow/dags/report_hourly_dag.py
[2026-06-19T19:45:32.977+0000] {processor.py:839} INFO - DAG(s) dict_keys(['report_hourly_dag']) retrieved from /opt/airflow/dags/report_hourly_dag.py
[2026-06-19T19:45:32.993+0000] {logging_mixin.py:154} INFO - [2026-06-19T19:45:32.993+0000] {dag.py:2941} INFO - Sync 1 DAGs
[2026-06-19T19:45:33.009+0000] {logging_mixin.py:154} INFO - [2026-06-19T19:45:33.009+0000] {dag.py:3722} INFO - Setting next_dagrun for report_hourly_dag to 2026-06-19T01:58:00+00:00, run_after=2026-06-19T01:59:00+00:00
[2026-06-19T19:45:33.028+0000] {processor.py:179} INFO - Processing /opt/airflow/dags/report_hourly_dag.py took 0.067 seconds
[2026-06-19T19:46:03.254+0000] {processor.py:157} INFO - Started process (PID=2808) to work on /opt/airflow/dags/report_hourly_dag.py
[2026-06-19T19:46:03.255+0000] {processor.py:829} INFO - Processing file /opt/airflow/dags/report_hourly_dag.py for tasks to queue
[2026-06-19T19:46:03.255+0000] {logging_mixin.py:154} INFO - [2026-06-19T19:46:03.255+0000] {dagbag.py:536} INFO - Filling up the DagBag from /opt/airflow/dags/report_hourly_dag.py
[2026-06-19T19:46:03.268+0000] {processor.py:839} INFO - DAG(s) dict_keys(['report_hourly_dag']) retrieved from /opt/airflow/dags/report_hourly_dag.py
[2026-06-19T19:46:03.283+0000] {logging_mixin.py:154} INFO - [2026-06-19T19:46:03.283+0000] {dag.py:2941} INFO - Sync 1 DAGs
[2026-06-19T19:46:03.299+0000] {logging_mixin.py:154} INFO - [2026-06-19T19:46:03.299+0000] {dag.py:3722} INFO - Setting next_dagrun for report_hourly_dag to 2026-06-19T01:58:00+00:00, run_after=2026-06-19T01:59:00+00:00
[2026-06-19T19:46:03.312+0000] {processor.py:179} INFO - Processing /opt/airflow/dags/report_hourly_dag.py took 0.063 seconds
[2026-06-19T19:46:33.513+0000] {processor.py:157} INFO - Started process (PID=2823) to work on /opt/airflow/dags/report_hourly_dag.py
[2026-06-19T19:46:33.513+0000] {processor.py:829} INFO - Processing file /opt/airflow/dags/report_hourly_dag.py for tasks to queue
[2026-06-19T19:46:33.514+0000] {logging_mixin.py:154} INFO - [2026-06-19T19:46:33.514+0000] {dagbag.py:536} INFO - Filling up the DagBag from /opt/airflow/dags/report_hourly_dag.py
[2026-06-19T19:46:33.523+0000] {processor.py:839} INFO - DAG(s) dict_keys(['report_hourly_dag']) retrieved from /opt/airflow/dags/report_hourly_dag.py
[2026-06-19T19:46:33.541+0000] {logging_mixin.py:154} INFO - [2026-06-19T19:46:33.541+0000] {dag.py:2941} INFO - Sync 1 DAGs
[2026-06-19T19:46:33.559+0000] {logging_mixin.py:154} INFO - [2026-06-19T19:46:33.559+0000] {dag.py:3722} INFO - Setting next_dagrun for report_hourly_dag to 2026-06-19T01:58:00+00:00, run_after=2026-06-19T01:59:00+00:00
[2026-06-19T19:46:33.575+0000] {processor.py:179} INFO - Processing /opt/airflow/dags/report_hourly_dag.py took 0.065 seconds
[2026-06-19T19:47:03.843+0000] {processor.py:157} INFO - Started process (PID=2838) to work on /opt/airflow/dags/report_hourly_dag.py
[2026-06-19T19:47:03.848+0000] {processor.py:829} INFO - Processing file /opt/airflow/dags/report_hourly_dag.py for tasks to queue
[2026-06-19T19:47:03.849+0000] {logging_mixin.py:154} INFO - [2026-06-19T19:47:03.849+0000] {dagbag.py:536} INFO - Filling up the DagBag from /opt/airflow/dags/report_hourly_dag.py
[2026-06-19T19:47:03.859+0000] {processor.py:839} INFO - DAG(s) dict_keys(['report_hourly_dag']) retrieved from /opt/airflow/dags/report_hourly_dag.py
[2026-06-19T19:47:03.874+0000] {logging_mixin.py:154} INFO - [2026-06-19T19:47:03.874+0000] {dag.py:2941} INFO - Sync 1 DAGs
[2026-06-19T19:47:03.892+0000] {logging_mixin.py:154} INFO - [2026-06-19T19:47:03.891+0000] {dag.py:3722} INFO - Setting next_dagrun for report_hourly_dag to 2026-06-19T01:58:00+00:00, run_after=2026-06-19T01:59:00+00:00
[2026-06-19T19:47:03.904+0000] {processor.py:179} INFO - Processing /opt/airflow/dags/report_hourly_dag.py took 0.064 seconds
[2026-06-19T19:47:34.132+0000] {processor.py:157} INFO - Started process (PID=2853) to work on /opt/airflow/dags/report_hourly_dag.py
[2026-06-19T19:47:34.133+0000] {processor.py:829} INFO - Processing file /opt/airflow/dags/report_hourly_dag.py for tasks to queue
[2026-06-19T19:47:34.134+0000] {logging_mixin.py:154} INFO - [2026-06-19T19:47:34.134+0000] {dagbag.py:536} INFO - Filling up the DagBag from /opt/airflow/dags/report_hourly_dag.py
[2026-06-19T19:47:34.147+0000] {processor.py:839} INFO - DAG(s) dict_keys(['report_hourly_dag']) retrieved from /opt/airflow/dags/report_hourly_dag.py
[2026-06-19T19:47:34.163+0000] {logging_mixin.py:154} INFO - [2026-06-19T19:47:34.163+0000] {dag.py:2941} INFO - Sync 1 DAGs
[2026-06-19T19:47:34.184+0000] {logging_mixin.py:154} INFO - [2026-06-19T19:47:34.184+0000] {dag.py:3722} INFO - Setting next_dagrun for report_hourly_dag to 2026-06-19T01:58:00+00:00, run_after=2026-06-19T01:59:00+00:00
[2026-06-19T19:47:34.197+0000] {processor.py:179} INFO - Processing /opt/airflow/dags/report_hourly_dag.py took 0.070 seconds
[2026-06-19T19:48:04.435+0000] {processor.py:157} INFO - Started process (PID=2868) to work on /opt/airflow/dags/report_hourly_dag.py
[2026-06-19T19:48:04.436+0000] {processor.py:829} INFO - Processing file /opt/airflow/dags/report_hourly_dag.py for tasks to queue
[2026-06-19T19:48:04.436+0000] {logging_mixin.py:154} INFO - [2026-06-19T19:48:04.436+0000] {dagbag.py:536} INFO - Filling up the DagBag from /opt/airflow/dags/report_hourly_dag.py
[2026-06-19T19:48:04.448+0000] {processor.py:839} INFO - DAG(s) dict_keys(['report_hourly_dag']) retrieved from /opt/airflow/dags/report_hourly_dag.py
[2026-06-19T19:48:04.465+0000] {logging_mixin.py:154} INFO - [2026-06-19T19:48:04.465+0000] {dag.py:2941} INFO - Sync 1 DAGs
[2026-06-19T19:48:04.481+0000] {logging_mixin.py:154} INFO - [2026-06-19T19:48:04.481+0000] {dag.py:3722} INFO - Setting next_dagrun for report_hourly_dag to 2026-06-19T01:58:00+00:00, run_after=2026-06-19T01:59:00+00:00
[2026-06-19T19:48:04.493+0000] {processor.py:179} INFO - Processing /opt/airflow/dags/report_hourly_dag.py took 0.063 seconds
[2026-06-19T19:48:34.720+0000] {processor.py:157} INFO - Started process (PID=2883) to work on /opt/airflow/dags/report_hourly_dag.py
[2026-06-19T19:48:34.724+0000] {processor.py:829} INFO - Processing file /opt/airflow/dags/report_hourly_dag.py for tasks to queue
[2026-06-19T19:48:34.724+0000] {logging_mixin.py:154} INFO - [2026-06-19T19:48:34.724+0000] {dagbag.py:536} INFO - Filling up the DagBag from /opt/airflow/dags/report_hourly_dag.py
[2026-06-19T19:48:34.734+0000] {processor.py:839} INFO - DAG(s) dict_keys(['report_hourly_dag']) retrieved from /opt/airflow/dags/report_hourly_dag.py
[2026-06-19T19:48:34.756+0000] {logging_mixin.py:154} INFO - [2026-06-19T19:48:34.756+0000] {dag.py:2941} INFO - Sync 1 DAGs
[2026-06-19T19:48:34.774+0000] {logging_mixin.py:154} INFO - [2026-06-19T19:48:34.774+0000] {dag.py:3722} INFO - Setting next_dagrun for report_hourly_dag to 2026-06-19T01:58:00+00:00, run_after=2026-06-19T01:59:00+00:00
[2026-06-19T19:48:34.791+0000] {processor.py:179} INFO - Processing /opt/airflow/dags/report_hourly_dag.py took 0.074 seconds
[2026-06-19T19:49:05.031+0000] {processor.py:157} INFO - Started process (PID=2898) to work on /opt/airflow/dags/report_hourly_dag.py
[2026-06-19T19:49:05.035+0000] {processor.py:829} INFO - Processing file /opt/airflow/dags/report_hourly_dag.py for tasks to queue
[2026-06-19T19:49:05.036+0000] {logging_mixin.py:154} INFO - [2026-06-19T19:49:05.036+0000] {dagbag.py:536} INFO - Filling up the DagBag from /opt/airflow/dags/report_hourly_dag.py
[2026-06-19T19:49:05.051+0000] {processor.py:839} INFO - DAG(s) dict_keys(['report_hourly_dag']) retrieved from /opt/airflow/dags/report_hourly_dag.py
[2026-06-19T19:49:05.067+0000] {logging_mixin.py:154} INFO - [2026-06-19T19:49:05.067+0000] {dag.py:2941} INFO - Sync 1 DAGs
[2026-06-19T19:49:05.083+0000] {logging_mixin.py:154} INFO - [2026-06-19T19:49:05.083+0000] {dag.py:3722} INFO - Setting next_dagrun for report_hourly_dag to 2026-06-19T01:58:00+00:00, run_after=2026-06-19T01:59:00+00:00
[2026-06-19T19:49:05.096+0000] {processor.py:179} INFO - Processing /opt/airflow/dags/report_hourly_dag.py took 0.068 seconds
[2026-06-19T19:49:35.304+0000] {processor.py:157} INFO - Started process (PID=2913) to work on /opt/airflow/dags/report_hourly_dag.py
[2026-06-19T19:49:35.305+0000] {processor.py:829} INFO - Processing file /opt/airflow/dags/report_hourly_dag.py for tasks to queue
[2026-06-19T19:49:35.305+0000] {logging_mixin.py:154} INFO - [2026-06-19T19:49:35.305+0000] {dagbag.py:536} INFO - Filling up the DagBag from /opt/airflow/dags/report_hourly_dag.py
[2026-06-19T19:49:35.313+0000] {processor.py:839} INFO - DAG(s) dict_keys(['report_hourly_dag']) retrieved from /opt/airflow/dags/report_hourly_dag.py
[2026-06-19T19:49:35.332+0000] {logging_mixin.py:154} INFO - [2026-06-19T19:49:35.332+0000] {dag.py:2941} INFO - Sync 1 DAGs
[2026-06-19T19:49:35.354+0000] {logging_mixin.py:154} INFO - [2026-06-19T19:49:35.354+0000] {dag.py:3722} INFO - Setting next_dagrun for report_hourly_dag to 2026-06-19T01:58:00+00:00, run_after=2026-06-19T01:59:00+00:00
[2026-06-19T19:49:35.368+0000] {processor.py:179} INFO - Processing /opt/airflow/dags/report_hourly_dag.py took 0.066 seconds
[2026-06-19T19:50:05.576+0000] {processor.py:157} INFO - Started process (PID=2928) to work on /opt/airflow/dags/report_hourly_dag.py
[2026-06-19T19:50:05.578+0000] {processor.py:829} INFO - Processing file /opt/airflow/dags/report_hourly_dag.py for tasks to queue
[2026-06-19T19:50:05.579+0000] {logging_mixin.py:154} INFO - [2026-06-19T19:50:05.579+0000] {dagbag.py:536} INFO - Filling up the DagBag from /opt/airflow/dags/report_hourly_dag.py
[2026-06-19T19:50:05.588+0000] {processor.py:839} INFO - DAG(s) dict_keys(['report_hourly_dag']) retrieved from /opt/airflow/dags/report_hourly_dag.py
[2026-06-19T19:50:05.604+0000] {logging_mixin.py:154} INFO - [2026-06-19T19:50:05.604+0000] {dag.py:2941} INFO - Sync 1 DAGs
[2026-06-19T19:50:05.621+0000] {logging_mixin.py:154} INFO - [2026-06-19T19:50:05.621+0000] {dag.py:3722} INFO - Setting next_dagrun for report_hourly_dag to 2026-06-19T01:58:00+00:00, run_after=2026-06-19T01:59:00+00:00
[2026-06-19T19:50:05.633+0000] {processor.py:179} INFO - Processing /opt/airflow/dags/report_hourly_dag.py took 0.062 seconds
[2026-06-19T19:50:35.866+0000] {processor.py:157} INFO - Started process (PID=2943) to work on /opt/airflow/dags/report_hourly_dag.py
[2026-06-19T19:50:35.867+0000] {processor.py:829} INFO - Processing file /opt/airflow/dags/report_hourly_dag.py for tasks to queue
[2026-06-19T19:50:35.868+0000] {logging_mixin.py:154} INFO - [2026-06-19T19:50:35.867+0000] {dagbag.py:536} INFO - Filling up the DagBag from /opt/airflow/dags/report_hourly_dag.py
[2026-06-19T19:50:35.878+0000] {processor.py:839} INFO - DAG(s) dict_keys(['report_hourly_dag']) retrieved from /opt/airflow/dags/report_hourly_dag.py
[2026-06-19T19:50:35.893+0000] {logging_mixin.py:154} INFO - [2026-06-19T19:50:35.893+0000] {dag.py:2941} INFO - Sync 1 DAGs
[2026-06-19T19:50:35.985+0000] {logging_mixin.py:154} INFO - [2026-06-19T19:50:35.985+0000] {dag.py:3722} INFO - Setting next_dagrun for report_hourly_dag to 2026-06-19T01:58:00+00:00, run_after=2026-06-19T01:59:00+00:00
[2026-06-19T19:50:35.997+0000] {processor.py:179} INFO - Processing /opt/airflow/dags/report_hourly_dag.py took 0.134 seconds
[2026-06-19T19:51:06.209+0000] {processor.py:157} INFO - Started process (PID=2958) to work on /opt/airflow/dags/report_hourly_dag.py
[2026-06-19T19:51:06.212+0000] {processor.py:829} INFO - Processing file /opt/airflow/dags/report_hourly_dag.py for tasks to queue
[2026-06-19T19:51:06.213+0000] {logging_mixin.py:154} INFO - [2026-06-19T19:51:06.213+0000] {dagbag.py:536} INFO - Filling up the DagBag from /opt/airflow/dags/report_hourly_dag.py
[2026-06-19T19:51:06.223+0000] {processor.py:839} INFO - DAG(s) dict_keys(['report_hourly_dag']) retrieved from /opt/airflow/dags/report_hourly_dag.py
[2026-06-19T19:51:06.239+0000] {logging_mixin.py:154} INFO - [2026-06-19T19:51:06.239+0000] {dag.py:2941} INFO - Sync 1 DAGs
[2026-06-19T19:51:06.255+0000] {logging_mixin.py:154} INFO - [2026-06-19T19:51:06.255+0000] {dag.py:3722} INFO - Setting next_dagrun for report_hourly_dag to 2026-06-19T01:58:00+00:00, run_after=2026-06-19T01:59:00+00:00
[2026-06-19T19:51:06.269+0000] {processor.py:179} INFO - Processing /opt/airflow/dags/report_hourly_dag.py took 0.064 seconds
[2026-06-19T19:51:36.493+0000] {processor.py:157} INFO - Started process (PID=2973) to work on /opt/airflow/dags/report_hourly_dag.py
[2026-06-19T19:51:36.497+0000] {processor.py:829} INFO - Processing file /opt/airflow/dags/report_hourly_dag.py for tasks to queue
[2026-06-19T19:51:36.498+0000] {logging_mixin.py:154} INFO - [2026-06-19T19:51:36.498+0000] {dagbag.py:536} INFO - Filling up the DagBag from /opt/airflow/dags/report_hourly_dag.py
[2026-06-19T19:51:36.510+0000] {processor.py:839} INFO - DAG(s) dict_keys(['report_hourly_dag']) retrieved from /opt/airflow/dags/report_hourly_dag.py
[2026-06-19T19:51:36.530+0000] {logging_mixin.py:154} INFO - [2026-06-19T19:51:36.530+0000] {dag.py:2941} INFO - Sync 1 DAGs
[2026-06-19T19:51:36.549+0000] {logging_mixin.py:154} INFO - [2026-06-19T19:51:36.549+0000] {dag.py:3722} INFO - Setting next_dagrun for report_hourly_dag to 2026-06-19T01:58:00+00:00, run_after=2026-06-19T01:59:00+00:00
[2026-06-19T19:51:36.563+0000] {processor.py:179} INFO - Processing /opt/airflow/dags/report_hourly_dag.py took 0.074 seconds
[2026-06-19T19:52:06.786+0000] {processor.py:157} INFO - Started process (PID=2988) to work on /opt/airflow/dags/report_hourly_dag.py
[2026-06-19T19:52:06.788+0000] {processor.py:829} INFO - Processing file /opt/airflow/dags/report_hourly_dag.py for tasks to queue
[2026-06-19T19:52:06.789+0000] {logging_mixin.py:154} INFO - [2026-06-19T19:52:06.788+0000] {dagbag.py:536} INFO - Filling up the DagBag from /opt/airflow/dags/report_hourly_dag.py
[2026-06-19T19:52:06.804+0000] {processor.py:839} INFO - DAG(s) dict_keys(['report_hourly_dag']) retrieved from /opt/airflow/dags/report_hourly_dag.py
[2026-06-19T19:52:06.823+0000] {logging_mixin.py:154} INFO - [2026-06-19T19:52:06.823+0000] {dag.py:2941} INFO - Sync 1 DAGs
[2026-06-19T19:52:06.839+0000] {logging_mixin.py:154} INFO - [2026-06-19T19:52:06.839+0000] {dag.py:3722} INFO - Setting next_dagrun for report_hourly_dag to 2026-06-19T01:58:00+00:00, run_after=2026-06-19T01:59:00+00:00
[2026-06-19T19:52:06.853+0000] {processor.py:179} INFO - Processing /opt/airflow/dags/report_hourly_dag.py took 0.073 seconds
[2026-06-19T19:52:37.087+0000] {processor.py:157} INFO - Started process (PID=3003) to work on /opt/airflow/dags/report_hourly_dag.py
[2026-06-19T19:52:37.088+0000] {processor.py:829} INFO - Processing file /opt/airflow/dags/report_hourly_dag.py for tasks to queue
[2026-06-19T19:52:37.089+0000] {logging_mixin.py:154} INFO - [2026-06-19T19:52:37.089+0000] {dagbag.py:536} INFO - Filling up the DagBag from /opt/airflow/dags/report_hourly_dag.py
[2026-06-19T19:52:37.101+0000] {processor.py:839} INFO - DAG(s) dict_keys(['report_hourly_dag']) retrieved from /opt/airflow/dags/report_hourly_dag.py
[2026-06-19T19:52:37.119+0000] {logging_mixin.py:154} INFO - [2026-06-19T19:52:37.119+0000] {dag.py:2941} INFO - Sync 1 DAGs
[2026-06-19T19:52:37.208+0000] {logging_mixin.py:154} INFO - [2026-06-19T19:52:37.208+0000] {dag.py:3722} INFO - Setting next_dagrun for report_hourly_dag to 2026-06-19T01:58:00+00:00, run_after=2026-06-19T01:59:00+00:00
[2026-06-19T19:52:37.222+0000] {processor.py:179} INFO - Processing /opt/airflow/dags/report_hourly_dag.py took 0.139 seconds
[2026-06-19T19:53:07.525+0000] {processor.py:157} INFO - Started process (PID=3018) to work on /opt/airflow/dags/report_hourly_dag.py
[2026-06-19T19:53:07.526+0000] {processor.py:829} INFO - Processing file /opt/airflow/dags/report_hourly_dag.py for tasks to queue
[2026-06-19T19:53:07.527+0000] {logging_mixin.py:154} INFO - [2026-06-19T19:53:07.527+0000] {dagbag.py:536} INFO - Filling up the DagBag from /opt/airflow/dags/report_hourly_dag.py
[2026-06-19T19:53:07.538+0000] {processor.py:839} INFO - DAG(s) dict_keys(['report_hourly_dag']) retrieved from /opt/airflow/dags/report_hourly_dag.py
[2026-06-19T19:53:07.555+0000] {logging_mixin.py:154} INFO - [2026-06-19T19:53:07.554+0000] {dag.py:2941} INFO - Sync 1 DAGs
[2026-06-19T19:53:07.571+0000] {logging_mixin.py:154} INFO - [2026-06-19T19:53:07.571+0000] {dag.py:3722} INFO - Setting next_dagrun for report_hourly_dag to 2026-06-19T01:58:00+00:00, run_after=2026-06-19T01:59:00+00:00
[2026-06-19T19:53:07.585+0000] {processor.py:179} INFO - Processing /opt/airflow/dags/report_hourly_dag.py took 0.064 seconds
[2026-06-19T19:53:37.819+0000] {processor.py:157} INFO - Started process (PID=3033) to work on /opt/airflow/dags/report_hourly_dag.py
[2026-06-19T19:53:37.822+0000] {processor.py:829} INFO - Processing file /opt/airflow/dags/report_hourly_dag.py for tasks to queue
[2026-06-19T19:53:37.823+0000] {logging_mixin.py:154} INFO - [2026-06-19T19:53:37.823+0000] {dagbag.py:536} INFO - Filling up the DagBag from /opt/airflow/dags/report_hourly_dag.py
[2026-06-19T19:53:37.834+0000] {processor.py:839} INFO - DAG(s) dict_keys(['report_hourly_dag']) retrieved from /opt/airflow/dags/report_hourly_dag.py
[2026-06-19T19:53:37.852+0000] {logging_mixin.py:154} INFO - [2026-06-19T19:53:37.851+0000] {dag.py:2941} INFO - Sync 1 DAGs
[2026-06-19T19:53:37.869+0000] {logging_mixin.py:154} INFO - [2026-06-19T19:53:37.869+0000] {dag.py:3722} INFO - Setting next_dagrun for report_hourly_dag to 2026-06-19T01:58:00+00:00, run_after=2026-06-19T01:59:00+00:00
[2026-06-19T19:53:37.883+0000] {processor.py:179} INFO - Processing /opt/airflow/dags/report_hourly_dag.py took 0.069 seconds
[2026-06-19T19:54:08.092+0000] {processor.py:157} INFO - Started process (PID=3048) to work on /opt/airflow/dags/report_hourly_dag.py
[2026-06-19T19:54:08.093+0000] {processor.py:829} INFO - Processing file /opt/airflow/dags/report_hourly_dag.py for tasks to queue
[2026-06-19T19:54:08.094+0000] {logging_mixin.py:154} INFO - [2026-06-19T19:54:08.094+0000] {dagbag.py:536} INFO - Filling up the DagBag from /opt/airflow/dags/report_hourly_dag.py
[2026-06-19T19:54:08.103+0000] {processor.py:839} INFO - DAG(s) dict_keys(['report_hourly_dag']) retrieved from /opt/airflow/dags/report_hourly_dag.py
[2026-06-19T19:54:08.119+0000] {logging_mixin.py:154} INFO - [2026-06-19T19:54:08.119+0000] {dag.py:2941} INFO - Sync 1 DAGs
[2026-06-19T19:54:08.135+0000] {logging_mixin.py:154} INFO - [2026-06-19T19:54:08.135+0000] {dag.py:3722} INFO - Setting next_dagrun for report_hourly_dag to 2026-06-19T01:58:00+00:00, run_after=2026-06-19T01:59:00+00:00
[2026-06-19T19:54:08.148+0000] {processor.py:179} INFO - Processing /opt/airflow/dags/report_hourly_dag.py took 0.059 seconds
[2026-06-19T19:54:38.388+0000] {processor.py:157} INFO - Started process (PID=3063) to work on /opt/airflow/dags/report_hourly_dag.py
[2026-06-19T19:54:38.388+0000] {processor.py:829} INFO - Processing file /opt/airflow/dags/report_hourly_dag.py for tasks to queue
[2026-06-19T19:54:38.389+0000] {logging_mixin.py:154} INFO - [2026-06-19T19:54:38.389+0000] {dagbag.py:536} INFO - Filling up the DagBag from /opt/airflow/dags/report_hourly_dag.py
[2026-06-19T19:54:38.400+0000] {processor.py:839} INFO - DAG(s) dict_keys(['report_hourly_dag']) retrieved from /opt/airflow/dags/report_hourly_dag.py
[2026-06-19T19:54:38.416+0000] {logging_mixin.py:154} INFO - [2026-06-19T19:54:38.416+0000] {dag.py:2941} INFO - Sync 1 DAGs
[2026-06-19T19:54:38.434+0000] {logging_mixin.py:154} INFO - [2026-06-19T19:54:38.434+0000] {dag.py:3722} INFO - Setting next_dagrun for report_hourly_dag to 2026-06-19T01:58:00+00:00, run_after=2026-06-19T01:59:00+00:00
[2026-06-19T19:54:38.446+0000] {processor.py:179} INFO - Processing /opt/airflow/dags/report_hourly_dag.py took 0.062 seconds
[2026-06-19T19:55:08.667+0000] {processor.py:157} INFO - Started process (PID=3078) to work on /opt/airflow/dags/report_hourly_dag.py
[2026-06-19T19:55:08.670+0000] {processor.py:829} INFO - Processing file /opt/airflow/dags/report_hourly_dag.py for tasks to queue
[2026-06-19T19:55:08.671+0000] {logging_mixin.py:154} INFO - [2026-06-19T19:55:08.671+0000] {dagbag.py:536} INFO - Filling up the DagBag from /opt/airflow/dags/report_hourly_dag.py
[2026-06-19T19:55:08.683+0000] {processor.py:839} INFO - DAG(s) dict_keys(['report_hourly_dag']) retrieved from /opt/airflow/dags/report_hourly_dag.py
[2026-06-19T19:55:08.704+0000] {logging_mixin.py:154} INFO - [2026-06-19T19:55:08.703+0000] {dag.py:2941} INFO - Sync 1 DAGs
[2026-06-19T19:55:08.720+0000] {logging_mixin.py:154} INFO - [2026-06-19T19:55:08.720+0000] {dag.py:3722} INFO - Setting next_dagrun for report_hourly_dag to 2026-06-19T01:58:00+00:00, run_after=2026-06-19T01:59:00+00:00
[2026-06-19T19:55:08.733+0000] {processor.py:179} INFO - Processing /opt/airflow/dags/report_hourly_dag.py took 0.070 seconds
[2026-06-19T19:55:38.962+0000] {processor.py:157} INFO - Started process (PID=3093) to work on /opt/airflow/dags/report_hourly_dag.py
[2026-06-19T19:55:38.963+0000] {processor.py:829} INFO - Processing file /opt/airflow/dags/report_hourly_dag.py for tasks to queue
[2026-06-19T19:55:38.964+0000] {logging_mixin.py:154} INFO - [2026-06-19T19:55:38.963+0000] {dagbag.py:536} INFO - Filling up the DagBag from /opt/airflow/dags/report_hourly_dag.py
[2026-06-19T19:55:38.974+0000] {processor.py:839} INFO - DAG(s) dict_keys(['report_hourly_dag']) retrieved from /opt/airflow/dags/report_hourly_dag.py
[2026-06-19T19:55:38.993+0000] {logging_mixin.py:154} INFO - [2026-06-19T19:55:38.993+0000] {dag.py:2941} INFO - Sync 1 DAGs
[2026-06-19T19:55:39.017+0000] {logging_mixin.py:154} INFO - [2026-06-19T19:55:39.017+0000] {dag.py:3722} INFO - Setting next_dagrun for report_hourly_dag to 2026-06-19T01:58:00+00:00, run_after=2026-06-19T01:59:00+00:00
[2026-06-19T19:55:39.033+0000] {processor.py:179} INFO - Processing /opt/airflow/dags/report_hourly_dag.py took 0.075 seconds
[2026-06-19T19:56:09.217+0000] {processor.py:157} INFO - Started process (PID=3108) to work on /opt/airflow/dags/report_hourly_dag.py
[2026-06-19T19:56:09.222+0000] {processor.py:829} INFO - Processing file /opt/airflow/dags/report_hourly_dag.py for tasks to queue
[2026-06-19T19:56:09.223+0000] {logging_mixin.py:154} INFO - [2026-06-19T19:56:09.222+0000] {dagbag.py:536} INFO - Filling up the DagBag from /opt/airflow/dags/report_hourly_dag.py
[2026-06-19T19:56:09.231+0000] {processor.py:839} INFO - DAG(s) dict_keys(['report_hourly_dag']) retrieved from /opt/airflow/dags/report_hourly_dag.py
[2026-06-19T19:56:09.249+0000] {logging_mixin.py:154} INFO - [2026-06-19T19:56:09.249+0000] {dag.py:2941} INFO - Sync 1 DAGs
[2026-06-19T19:56:09.267+0000] {logging_mixin.py:154} INFO - [2026-06-19T19:56:09.267+0000] {dag.py:3722} INFO - Setting next_dagrun for report_hourly_dag to 2026-06-19T01:58:00+00:00, run_after=2026-06-19T01:59:00+00:00
[2026-06-19T19:56:09.279+0000] {processor.py:179} INFO - Processing /opt/airflow/dags/report_hourly_dag.py took 0.064 seconds
[2026-06-19T19:56:39.512+0000] {processor.py:157} INFO - Started process (PID=3123) to work on /opt/airflow/dags/report_hourly_dag.py
[2026-06-19T19:56:39.513+0000] {processor.py:829} INFO - Processing file /opt/airflow/dags/report_hourly_dag.py for tasks to queue
[2026-06-19T19:56:39.513+0000] {logging_mixin.py:154} INFO - [2026-06-19T19:56:39.513+0000] {dagbag.py:536} INFO - Filling up the DagBag from /opt/airflow/dags/report_hourly_dag.py
[2026-06-19T19:56:39.523+0000] {processor.py:839} INFO - DAG(s) dict_keys(['report_hourly_dag']) retrieved from /opt/airflow/dags/report_hourly_dag.py
[2026-06-19T19:56:39.538+0000] {logging_mixin.py:154} INFO - [2026-06-19T19:56:39.538+0000] {dag.py:2941} INFO - Sync 1 DAGs
[2026-06-19T19:56:39.555+0000] {logging_mixin.py:154} INFO - [2026-06-19T19:56:39.555+0000] {dag.py:3722} INFO - Setting next_dagrun for report_hourly_dag to 2026-06-19T01:58:00+00:00, run_after=2026-06-19T01:59:00+00:00
[2026-06-19T19:56:39.569+0000] {processor.py:179} INFO - Processing /opt/airflow/dags/report_hourly_dag.py took 0.061 seconds
[2026-06-19T19:57:09.825+0000] {processor.py:157} INFO - Started process (PID=3138) to work on /opt/airflow/dags/report_hourly_dag.py
[2026-06-19T19:57:09.828+0000] {processor.py:829} INFO - Processing file /opt/airflow/dags/report_hourly_dag.py for tasks to queue
[2026-06-19T19:57:09.828+0000] {logging_mixin.py:154} INFO - [2026-06-19T19:57:09.828+0000] {dagbag.py:536} INFO - Filling up the DagBag from /opt/airflow/dags/report_hourly_dag.py
[2026-06-19T19:57:09.838+0000] {processor.py:839} INFO - DAG(s) dict_keys(['report_hourly_dag']) retrieved from /opt/airflow/dags/report_hourly_dag.py
[2026-06-19T19:57:09.854+0000] {logging_mixin.py:154} INFO - [2026-06-19T19:57:09.854+0000] {dag.py:2941} INFO - Sync 1 DAGs
[2026-06-19T19:57:09.871+0000] {logging_mixin.py:154} INFO - [2026-06-19T19:57:09.870+0000] {dag.py:3722} INFO - Setting next_dagrun for report_hourly_dag to 2026-06-19T01:58:00+00:00, run_after=2026-06-19T01:59:00+00:00
[2026-06-19T19:57:09.883+0000] {processor.py:179} INFO - Processing /opt/airflow/dags/report_hourly_dag.py took 0.062 seconds
[2026-06-19T19:57:40.102+0000] {processor.py:157} INFO - Started process (PID=3153) to work on /opt/airflow/dags/report_hourly_dag.py
[2026-06-19T19:57:40.103+0000] {processor.py:829} INFO - Processing file /opt/airflow/dags/report_hourly_dag.py for tasks to queue
[2026-06-19T19:57:40.103+0000] {logging_mixin.py:154} INFO - [2026-06-19T19:57:40.103+0000] {dagbag.py:536} INFO - Filling up the DagBag from /opt/airflow/dags/report_hourly_dag.py
[2026-06-19T19:57:40.113+0000] {processor.py:839} INFO - DAG(s) dict_keys(['report_hourly_dag']) retrieved from /opt/airflow/dags/report_hourly_dag.py
[2026-06-19T19:57:40.128+0000] {logging_mixin.py:154} INFO - [2026-06-19T19:57:40.128+0000] {dag.py:2941} INFO - Sync 1 DAGs
[2026-06-19T19:57:40.144+0000] {logging_mixin.py:154} INFO - [2026-06-19T19:57:40.144+0000] {dag.py:3722} INFO - Setting next_dagrun for report_hourly_dag to 2026-06-19T01:58:00+00:00, run_after=2026-06-19T01:59:00+00:00
[2026-06-19T19:57:40.157+0000] {processor.py:179} INFO - Processing /opt/airflow/dags/report_hourly_dag.py took 0.058 seconds
[2026-06-19T19:58:10.364+0000] {processor.py:157} INFO - Started process (PID=3168) to work on /opt/airflow/dags/report_hourly_dag.py
[2026-06-19T19:58:10.368+0000] {processor.py:829} INFO - Processing file /opt/airflow/dags/report_hourly_dag.py for tasks to queue
[2026-06-19T19:58:10.369+0000] {logging_mixin.py:154} INFO - [2026-06-19T19:58:10.369+0000] {dagbag.py:536} INFO - Filling up the DagBag from /opt/airflow/dags/report_hourly_dag.py
[2026-06-19T19:58:10.377+0000] {processor.py:839} INFO - DAG(s) dict_keys(['report_hourly_dag']) retrieved from /opt/airflow/dags/report_hourly_dag.py
[2026-06-19T19:58:10.394+0000] {logging_mixin.py:154} INFO - [2026-06-19T19:58:10.394+0000] {dag.py:2941} INFO - Sync 1 DAGs
[2026-06-19T19:58:10.411+0000] {logging_mixin.py:154} INFO - [2026-06-19T19:58:10.411+0000] {dag.py:3722} INFO - Setting next_dagrun for report_hourly_dag to 2026-06-19T01:58:00+00:00, run_after=2026-06-19T01:59:00+00:00
[2026-06-19T19:58:10.423+0000] {processor.py:179} INFO - Processing /opt/airflow/dags/report_hourly_dag.py took 0.062 seconds
[2026-06-19T19:58:40.669+0000] {processor.py:157} INFO - Started process (PID=3183) to work on /opt/airflow/dags/report_hourly_dag.py
[2026-06-19T19:58:40.670+0000] {processor.py:829} INFO - Processing file /opt/airflow/dags/report_hourly_dag.py for tasks to queue
[2026-06-19T19:58:40.671+0000] {logging_mixin.py:154} INFO - [2026-06-19T19:58:40.670+0000] {dagbag.py:536} INFO - Filling up the DagBag from /opt/airflow/dags/report_hourly_dag.py
[2026-06-19T19:58:40.680+0000] {processor.py:839} INFO - DAG(s) dict_keys(['report_hourly_dag']) retrieved from /opt/airflow/dags/report_hourly_dag.py
[2026-06-19T19:58:40.699+0000] {logging_mixin.py:154} INFO - [2026-06-19T19:58:40.699+0000] {dag.py:2941} INFO - Sync 1 DAGs
[2026-06-19T19:58:40.722+0000] {logging_mixin.py:154} INFO - [2026-06-19T19:58:40.722+0000] {dag.py:3722} INFO - Setting next_dagrun for report_hourly_dag to 2026-06-19T01:58:00+00:00, run_after=2026-06-19T01:59:00+00:00
[2026-06-19T19:58:40.737+0000] {processor.py:179} INFO - Processing /opt/airflow/dags/report_hourly_dag.py took 0.071 seconds
[2026-06-19T19:59:10.976+0000] {processor.py:157} INFO - Started process (PID=3198) to work on /opt/airflow/dags/report_hourly_dag.py
[2026-06-19T19:59:10.978+0000] {processor.py:829} INFO - Processing file /opt/airflow/dags/report_hourly_dag.py for tasks to queue
[2026-06-19T19:59:10.979+0000] {logging_mixin.py:154} INFO - [2026-06-19T19:59:10.979+0000] {dagbag.py:536} INFO - Filling up the DagBag from /opt/airflow/dags/report_hourly_dag.py
[2026-06-19T19:59:10.991+0000] {processor.py:839} INFO - DAG(s) dict_keys(['report_hourly_dag']) retrieved from /opt/airflow/dags/report_hourly_dag.py
[2026-06-19T19:59:11.009+0000] {logging_mixin.py:154} INFO - [2026-06-19T19:59:11.009+0000] {dag.py:2941} INFO - Sync 1 DAGs
[2026-06-19T19:59:11.026+0000] {logging_mixin.py:154} INFO - [2026-06-19T19:59:11.026+0000] {dag.py:3722} INFO - Setting next_dagrun for report_hourly_dag to 2026-06-19T01:58:00+00:00, run_after=2026-06-19T01:59:00+00:00
[2026-06-19T19:59:11.039+0000] {processor.py:179} INFO - Processing /opt/airflow/dags/report_hourly_dag.py took 0.067 seconds
[2026-06-19T19:59:41.268+0000] {processor.py:157} INFO - Started process (PID=3213) to work on /opt/airflow/dags/report_hourly_dag.py
[2026-06-19T19:59:41.269+0000] {processor.py:829} INFO - Processing file /opt/airflow/dags/report_hourly_dag.py for tasks to queue
[2026-06-19T19:59:41.270+0000] {logging_mixin.py:154} INFO - [2026-06-19T19:59:41.270+0000] {dagbag.py:536} INFO - Filling up the DagBag from /opt/airflow/dags/report_hourly_dag.py
[2026-06-19T19:59:41.280+0000] {processor.py:839} INFO - DAG(s) dict_keys(['report_hourly_dag']) retrieved from /opt/airflow/dags/report_hourly_dag.py
[2026-06-19T19:59:41.296+0000] {logging_mixin.py:154} INFO - [2026-06-19T19:59:41.296+0000] {dag.py:2941} INFO - Sync 1 DAGs
[2026-06-19T19:59:41.313+0000] {logging_mixin.py:154} INFO - [2026-06-19T19:59:41.313+0000] {dag.py:3722} INFO - Setting next_dagrun for report_hourly_dag to 2026-06-19T01:58:00+00:00, run_after=2026-06-19T01:59:00+00:00
[2026-06-19T19:59:41.326+0000] {processor.py:179} INFO - Processing /opt/airflow/dags/report_hourly_dag.py took 0.061 seconds
[2026-06-19T20:00:11.543+0000] {processor.py:157} INFO - Started process (PID=3228) to work on /opt/airflow/dags/report_hourly_dag.py
[2026-06-19T20:00:11.544+0000] {processor.py:829} INFO - Processing file /opt/airflow/dags/report_hourly_dag.py for tasks to queue
[2026-06-19T20:00:11.545+0000] {logging_mixin.py:154} INFO - [2026-06-19T20:00:11.544+0000] {dagbag.py:536} INFO - Filling up the DagBag from /opt/airflow/dags/report_hourly_dag.py
[2026-06-19T20:00:11.554+0000] {processor.py:839} INFO - DAG(s) dict_keys(['report_hourly_dag']) retrieved from /opt/airflow/dags/report_hourly_dag.py
[2026-06-19T20:00:11.569+0000] {logging_mixin.py:154} INFO - [2026-06-19T20:00:11.568+0000] {dag.py:2941} INFO - Sync 1 DAGs
[2026-06-19T20:00:11.585+0000] {logging_mixin.py:154} INFO - [2026-06-19T20:00:11.584+0000] {dag.py:3722} INFO - Setting next_dagrun for report_hourly_dag to 2026-06-19T01:58:00+00:00, run_after=2026-06-19T01:59:00+00:00
[2026-06-19T20:00:11.596+0000] {processor.py:179} INFO - Processing /opt/airflow/dags/report_hourly_dag.py took 0.057 seconds
[2026-06-19T20:00:41.813+0000] {processor.py:157} INFO - Started process (PID=3243) to work on /opt/airflow/dags/report_hourly_dag.py
[2026-06-19T20:00:41.814+0000] {processor.py:829} INFO - Processing file /opt/airflow/dags/report_hourly_dag.py for tasks to queue
[2026-06-19T20:00:41.815+0000] {logging_mixin.py:154} INFO - [2026-06-19T20:00:41.815+0000] {dagbag.py:536} INFO - Filling up the DagBag from /opt/airflow/dags/report_hourly_dag.py
[2026-06-19T20:00:41.830+0000] {processor.py:839} INFO - DAG(s) dict_keys(['report_hourly_dag']) retrieved from /opt/airflow/dags/report_hourly_dag.py
[2026-06-19T20:00:41.848+0000] {logging_mixin.py:154} INFO - [2026-06-19T20:00:41.848+0000] {dag.py:2941} INFO - Sync 1 DAGs
[2026-06-19T20:00:41.864+0000] {logging_mixin.py:154} INFO - [2026-06-19T20:00:41.864+0000] {dag.py:3722} INFO - Setting next_dagrun for report_hourly_dag to 2026-06-19T01:58:00+00:00, run_after=2026-06-19T01:59:00+00:00
[2026-06-19T20:00:41.876+0000] {processor.py:179} INFO - Processing /opt/airflow/dags/report_hourly_dag.py took 0.069 seconds
[2026-06-19T20:01:12.094+0000] {processor.py:157} INFO - Started process (PID=3258) to work on /opt/airflow/dags/report_hourly_dag.py
[2026-06-19T20:01:12.098+0000] {processor.py:829} INFO - Processing file /opt/airflow/dags/report_hourly_dag.py for tasks to queue
[2026-06-19T20:01:12.099+0000] {logging_mixin.py:154} INFO - [2026-06-19T20:01:12.098+0000] {dagbag.py:536} INFO - Filling up the DagBag from /opt/airflow/dags/report_hourly_dag.py
[2026-06-19T20:01:12.107+0000] {processor.py:839} INFO - DAG(s) dict_keys(['report_hourly_dag']) retrieved from /opt/airflow/dags/report_hourly_dag.py
[2026-06-19T20:01:12.124+0000] {logging_mixin.py:154} INFO - [2026-06-19T20:01:12.124+0000] {dag.py:2941} INFO - Sync 1 DAGs
[2026-06-19T20:01:12.141+0000] {logging_mixin.py:154} INFO - [2026-06-19T20:01:12.141+0000] {dag.py:3722} INFO - Setting next_dagrun for report_hourly_dag to 2026-06-19T01:58:00+00:00, run_after=2026-06-19T01:59:00+00:00
[2026-06-19T20:01:12.155+0000] {processor.py:179} INFO - Processing /opt/airflow/dags/report_hourly_dag.py took 0.064 seconds
[2026-06-19T20:01:42.383+0000] {processor.py:157} INFO - Started process (PID=3273) to work on /opt/airflow/dags/report_hourly_dag.py
[2026-06-19T20:01:42.383+0000] {processor.py:829} INFO - Processing file /opt/airflow/dags/report_hourly_dag.py for tasks to queue
[2026-06-19T20:01:42.384+0000] {logging_mixin.py:154} INFO - [2026-06-19T20:01:42.384+0000] {dagbag.py:536} INFO - Filling up the DagBag from /opt/airflow/dags/report_hourly_dag.py
[2026-06-19T20:01:42.393+0000] {processor.py:839} INFO - DAG(s) dict_keys(['report_hourly_dag']) retrieved from /opt/airflow/dags/report_hourly_dag.py
[2026-06-19T20:01:42.408+0000] {logging_mixin.py:154} INFO - [2026-06-19T20:01:42.408+0000] {dag.py:2941} INFO - Sync 1 DAGs
[2026-06-19T20:01:42.425+0000] {logging_mixin.py:154} INFO - [2026-06-19T20:01:42.425+0000] {dag.py:3722} INFO - Setting next_dagrun for report_hourly_dag to 2026-06-19T01:58:00+00:00, run_after=2026-06-19T01:59:00+00:00
[2026-06-19T20:01:42.437+0000] {processor.py:179} INFO - Processing /opt/airflow/dags/report_hourly_dag.py took 0.058 seconds
[2026-06-19T20:02:12.689+0000] {processor.py:157} INFO - Started process (PID=3288) to work on /opt/airflow/dags/report_hourly_dag.py
[2026-06-19T20:02:12.693+0000] {processor.py:829} INFO - Processing file /opt/airflow/dags/report_hourly_dag.py for tasks to queue
[2026-06-19T20:02:12.693+0000] {logging_mixin.py:154} INFO - [2026-06-19T20:02:12.693+0000] {dagbag.py:536} INFO - Filling up the DagBag from /opt/airflow/dags/report_hourly_dag.py
[2026-06-19T20:02:12.703+0000] {processor.py:839} INFO - DAG(s) dict_keys(['report_hourly_dag']) retrieved from /opt/airflow/dags/report_hourly_dag.py
[2026-06-19T20:02:12.729+0000] {logging_mixin.py:154} INFO - [2026-06-19T20:02:12.728+0000] {dag.py:2941} INFO - Sync 1 DAGs
[2026-06-19T20:02:12.749+0000] {logging_mixin.py:154} INFO - [2026-06-19T20:02:12.749+0000] {dag.py:3722} INFO - Setting next_dagrun for report_hourly_dag to 2026-06-19T01:58:00+00:00, run_after=2026-06-19T01:59:00+00:00
[2026-06-19T20:02:12.761+0000] {processor.py:179} INFO - Processing /opt/airflow/dags/report_hourly_dag.py took 0.075 seconds
[2026-06-19T20:02:42.983+0000] {processor.py:157} INFO - Started process (PID=3303) to work on /opt/airflow/dags/report_hourly_dag.py
[2026-06-19T20:02:42.984+0000] {processor.py:829} INFO - Processing file /opt/airflow/dags/report_hourly_dag.py for tasks to queue
[2026-06-19T20:02:42.986+0000] {logging_mixin.py:154} INFO - [2026-06-19T20:02:42.985+0000] {dagbag.py:536} INFO - Filling up the DagBag from /opt/airflow/dags/report_hourly_dag.py
[2026-06-19T20:02:42.997+0000] {processor.py:839} INFO - DAG(s) dict_keys(['report_hourly_dag']) retrieved from /opt/airflow/dags/report_hourly_dag.py
[2026-06-19T20:02:43.017+0000] {logging_mixin.py:154} INFO - [2026-06-19T20:02:43.016+0000] {dag.py:2941} INFO - Sync 1 DAGs
[2026-06-19T20:02:43.040+0000] {logging_mixin.py:154} INFO - [2026-06-19T20:02:43.040+0000] {dag.py:3722} INFO - Setting next_dagrun for report_hourly_dag to 2026-06-19T01:58:00+00:00, run_after=2026-06-19T01:59:00+00:00
[2026-06-19T20:02:43.054+0000] {processor.py:179} INFO - Processing /opt/airflow/dags/report_hourly_dag.py took 0.075 seconds
[2026-06-19T20:03:13.269+0000] {processor.py:157} INFO - Started process (PID=3318) to work on /opt/airflow/dags/report_hourly_dag.py
[2026-06-19T20:03:13.274+0000] {processor.py:829} INFO - Processing file /opt/airflow/dags/report_hourly_dag.py for tasks to queue
[2026-06-19T20:03:13.274+0000] {logging_mixin.py:154} INFO - [2026-06-19T20:03:13.274+0000] {dagbag.py:536} INFO - Filling up the DagBag from /opt/airflow/dags/report_hourly_dag.py
[2026-06-19T20:03:13.282+0000] {processor.py:839} INFO - DAG(s) dict_keys(['report_hourly_dag']) retrieved from /opt/airflow/dags/report_hourly_dag.py
[2026-06-19T20:03:13.297+0000] {logging_mixin.py:154} INFO - [2026-06-19T20:03:13.297+0000] {dag.py:2941} INFO - Sync 1 DAGs
[2026-06-19T20:03:13.314+0000] {logging_mixin.py:154} INFO - [2026-06-19T20:03:13.314+0000] {dag.py:3722} INFO - Setting next_dagrun for report_hourly_dag to 2026-06-19T01:58:00+00:00, run_after=2026-06-19T01:59:00+00:00
[2026-06-19T20:03:13.332+0000] {processor.py:179} INFO - Processing /opt/airflow/dags/report_hourly_dag.py took 0.066 seconds
[2026-06-19T20:03:43.555+0000] {processor.py:157} INFO - Started process (PID=3333) to work on /opt/airflow/dags/report_hourly_dag.py
[2026-06-19T20:03:43.556+0000] {processor.py:829} INFO - Processing file /opt/airflow/dags/report_hourly_dag.py for tasks to queue
[2026-06-19T20:03:43.556+0000] {logging_mixin.py:154} INFO - [2026-06-19T20:03:43.556+0000] {dagbag.py:536} INFO - Filling up the DagBag from /opt/airflow/dags/report_hourly_dag.py
[2026-06-19T20:03:43.566+0000] {processor.py:839} INFO - DAG(s) dict_keys(['report_hourly_dag']) retrieved from /opt/airflow/dags/report_hourly_dag.py
[2026-06-19T20:03:43.582+0000] {logging_mixin.py:154} INFO - [2026-06-19T20:03:43.582+0000] {dag.py:2941} INFO - Sync 1 DAGs
[2026-06-19T20:03:43.600+0000] {logging_mixin.py:154} INFO - [2026-06-19T20:03:43.600+0000] {dag.py:3722} INFO - Setting next_dagrun for report_hourly_dag to 2026-06-19T01:58:00+00:00, run_after=2026-06-19T01:59:00+00:00
[2026-06-19T20:03:43.615+0000] {processor.py:179} INFO - Processing /opt/airflow/dags/report_hourly_dag.py took 0.063 seconds
[2026-06-19T20:04:13.810+0000] {processor.py:157} INFO - Started process (PID=3348) to work on /opt/airflow/dags/report_hourly_dag.py
[2026-06-19T20:04:13.815+0000] {processor.py:829} INFO - Processing file /opt/airflow/dags/report_hourly_dag.py for tasks to queue
[2026-06-19T20:04:13.815+0000] {logging_mixin.py:154} INFO - [2026-06-19T20:04:13.815+0000] {dagbag.py:536} INFO - Filling up the DagBag from /opt/airflow/dags/report_hourly_dag.py
[2026-06-19T20:04:13.824+0000] {processor.py:839} INFO - DAG(s) dict_keys(['report_hourly_dag']) retrieved from /opt/airflow/dags/report_hourly_dag.py
[2026-06-19T20:04:13.843+0000] {logging_mixin.py:154} INFO - [2026-06-19T20:04:13.842+0000] {dag.py:2941} INFO - Sync 1 DAGs
[2026-06-19T20:04:13.859+0000] {logging_mixin.py:154} INFO - [2026-06-19T20:04:13.859+0000] {dag.py:3722} INFO - Setting next_dagrun for report_hourly_dag to 2026-06-19T01:58:00+00:00, run_after=2026-06-19T01:59:00+00:00
[2026-06-19T20:04:13.874+0000] {processor.py:179} INFO - Processing /opt/airflow/dags/report_hourly_dag.py took 0.066 seconds
[2026-06-19T20:04:44.104+0000] {processor.py:157} INFO - Started process (PID=3363) to work on /opt/airflow/dags/report_hourly_dag.py
[2026-06-19T20:04:44.105+0000] {processor.py:829} INFO - Processing file /opt/airflow/dags/report_hourly_dag.py for tasks to queue
[2026-06-19T20:04:44.105+0000] {logging_mixin.py:154} INFO - [2026-06-19T20:04:44.105+0000] {dagbag.py:536} INFO - Filling up the DagBag from /opt/airflow/dags/report_hourly_dag.py
[2026-06-19T20:04:44.115+0000] {processor.py:839} INFO - DAG(s) dict_keys(['report_hourly_dag']) retrieved from /opt/airflow/dags/report_hourly_dag.py
[2026-06-19T20:04:44.131+0000] {logging_mixin.py:154} INFO - [2026-06-19T20:04:44.130+0000] {dag.py:2941} INFO - Sync 1 DAGs
[2026-06-19T20:04:44.147+0000] {logging_mixin.py:154} INFO - [2026-06-19T20:04:44.147+0000] {dag.py:3722} INFO - Setting next_dagrun for report_hourly_dag to 2026-06-19T01:58:00+00:00, run_after=2026-06-19T01:59:00+00:00
[2026-06-19T20:04:44.162+0000] {processor.py:179} INFO - Processing /opt/airflow/dags/report_hourly_dag.py took 0.062 seconds
[2026-06-19T20:05:14.398+0000] {processor.py:157} INFO - Started process (PID=3378) to work on /opt/airflow/dags/report_hourly_dag.py
[2026-06-19T20:05:14.401+0000] {processor.py:829} INFO - Processing file /opt/airflow/dags/report_hourly_dag.py for tasks to queue
[2026-06-19T20:05:14.402+0000] {logging_mixin.py:154} INFO - [2026-06-19T20:05:14.402+0000] {dagbag.py:536} INFO - Filling up the DagBag from /opt/airflow/dags/report_hourly_dag.py
[2026-06-19T20:05:14.415+0000] {processor.py:839} INFO - DAG(s) dict_keys(['report_hourly_dag']) retrieved from /opt/airflow/dags/report_hourly_dag.py
[2026-06-19T20:05:14.434+0000] {logging_mixin.py:154} INFO - [2026-06-19T20:05:14.434+0000] {dag.py:2941} INFO - Sync 1 DAGs
[2026-06-19T20:05:14.452+0000] {logging_mixin.py:154} INFO - [2026-06-19T20:05:14.452+0000] {dag.py:3722} INFO - Setting next_dagrun for report_hourly_dag to 2026-06-19T01:58:00+00:00, run_after=2026-06-19T01:59:00+00:00
[2026-06-19T20:05:14.466+0000] {processor.py:179} INFO - Processing /opt/airflow/dags/report_hourly_dag.py took 0.072 seconds
[2026-06-19T20:05:44.701+0000] {processor.py:157} INFO - Started process (PID=3393) to work on /opt/airflow/dags/report_hourly_dag.py
[2026-06-19T20:05:44.702+0000] {processor.py:829} INFO - Processing file /opt/airflow/dags/report_hourly_dag.py for tasks to queue
[2026-06-19T20:05:44.703+0000] {logging_mixin.py:154} INFO - [2026-06-19T20:05:44.702+0000] {dagbag.py:536} INFO - Filling up the DagBag from /opt/airflow/dags/report_hourly_dag.py
[2026-06-19T20:05:44.712+0000] {processor.py:839} INFO - DAG(s) dict_keys(['report_hourly_dag']) retrieved from /opt/airflow/dags/report_hourly_dag.py
[2026-06-19T20:05:44.728+0000] {logging_mixin.py:154} INFO - [2026-06-19T20:05:44.728+0000] {dag.py:2941} INFO - Sync 1 DAGs
[2026-06-19T20:05:44.745+0000] {logging_mixin.py:154} INFO - [2026-06-19T20:05:44.745+0000] {dag.py:3722} INFO - Setting next_dagrun for report_hourly_dag to 2026-06-19T01:58:00+00:00, run_after=2026-06-19T01:59:00+00:00
[2026-06-19T20:05:44.757+0000] {processor.py:179} INFO - Processing /opt/airflow/dags/report_hourly_dag.py took 0.060 seconds
[2026-06-19T20:06:14.978+0000] {processor.py:157} INFO - Started process (PID=3408) to work on /opt/airflow/dags/report_hourly_dag.py
[2026-06-19T20:06:14.980+0000] {processor.py:829} INFO - Processing file /opt/airflow/dags/report_hourly_dag.py for tasks to queue
[2026-06-19T20:06:14.982+0000] {logging_mixin.py:154} INFO - [2026-06-19T20:06:14.981+0000] {dagbag.py:536} INFO - Filling up the DagBag from /opt/airflow/dags/report_hourly_dag.py
[2026-06-19T20:06:14.996+0000] {processor.py:839} INFO - DAG(s) dict_keys(['report_hourly_dag']) retrieved from /opt/airflow/dags/report_hourly_dag.py
[2026-06-19T20:06:15.017+0000] {logging_mixin.py:154} INFO - [2026-06-19T20:06:15.017+0000] {dag.py:2941} INFO - Sync 1 DAGs
[2026-06-19T20:06:15.042+0000] {logging_mixin.py:154} INFO - [2026-06-19T20:06:15.042+0000] {dag.py:3722} INFO - Setting next_dagrun for report_hourly_dag to 2026-06-19T01:58:00+00:00, run_after=2026-06-19T01:59:00+00:00
[2026-06-19T20:06:15.058+0000] {processor.py:179} INFO - Processing /opt/airflow/dags/report_hourly_dag.py took 0.085 seconds
[2026-06-19T20:06:45.301+0000] {processor.py:157} INFO - Started process (PID=3423) to work on /opt/airflow/dags/report_hourly_dag.py
[2026-06-19T20:06:45.302+0000] {processor.py:829} INFO - Processing file /opt/airflow/dags/report_hourly_dag.py for tasks to queue
[2026-06-19T20:06:45.302+0000] {logging_mixin.py:154} INFO - [2026-06-19T20:06:45.302+0000] {dagbag.py:536} INFO - Filling up the DagBag from /opt/airflow/dags/report_hourly_dag.py
[2026-06-19T20:06:45.312+0000] {processor.py:839} INFO - DAG(s) dict_keys(['report_hourly_dag']) retrieved from /opt/airflow/dags/report_hourly_dag.py
[2026-06-19T20:06:45.331+0000] {logging_mixin.py:154} INFO - [2026-06-19T20:06:45.331+0000] {dag.py:2941} INFO - Sync 1 DAGs
[2026-06-19T20:06:45.350+0000] {logging_mixin.py:154} INFO - [2026-06-19T20:06:45.350+0000] {dag.py:3722} INFO - Setting next_dagrun for report_hourly_dag to 2026-06-19T01:58:00+00:00, run_after=2026-06-19T01:59:00+00:00
[2026-06-19T20:06:45.363+0000] {processor.py:179} INFO - Processing /opt/airflow/dags/report_hourly_dag.py took 0.068 seconds
[2026-06-19T20:07:15.604+0000] {processor.py:157} INFO - Started process (PID=3438) to work on /opt/airflow/dags/report_hourly_dag.py
[2026-06-19T20:07:15.605+0000] {processor.py:829} INFO - Processing file /opt/airflow/dags/report_hourly_dag.py for tasks to queue
[2026-06-19T20:07:15.605+0000] {logging_mixin.py:154} INFO - [2026-06-19T20:07:15.605+0000] {dagbag.py:536} INFO - Filling up the DagBag from /opt/airflow/dags/report_hourly_dag.py
[2026-06-19T20:07:15.615+0000] {processor.py:839} INFO - DAG(s) dict_keys(['report_hourly_dag']) retrieved from /opt/airflow/dags/report_hourly_dag.py
[2026-06-19T20:07:15.631+0000] {logging_mixin.py:154} INFO - [2026-06-19T20:07:15.631+0000] {dag.py:2941} INFO - Sync 1 DAGs
[2026-06-19T20:07:15.647+0000] {logging_mixin.py:154} INFO - [2026-06-19T20:07:15.647+0000] {dag.py:3722} INFO - Setting next_dagrun for report_hourly_dag to 2026-06-19T01:58:00+00:00, run_after=2026-06-19T01:59:00+00:00
[2026-06-19T20:07:15.660+0000] {processor.py:179} INFO - Processing /opt/airflow/dags/report_hourly_dag.py took 0.059 seconds
[2026-06-19T20:07:45.869+0000] {processor.py:157} INFO - Started process (PID=3453) to work on /opt/airflow/dags/report_hourly_dag.py
[2026-06-19T20:07:45.870+0000] {processor.py:829} INFO - Processing file /opt/airflow/dags/report_hourly_dag.py for tasks to queue
[2026-06-19T20:07:45.870+0000] {logging_mixin.py:154} INFO - [2026-06-19T20:07:45.870+0000] {dagbag.py:536} INFO - Filling up the DagBag from /opt/airflow/dags/report_hourly_dag.py
[2026-06-19T20:07:45.878+0000] {processor.py:839} INFO - DAG(s) dict_keys(['report_hourly_dag']) retrieved from /opt/airflow/dags/report_hourly_dag.py
[2026-06-19T20:07:45.893+0000] {logging_mixin.py:154} INFO - [2026-06-19T20:07:45.893+0000] {dag.py:2941} INFO - Sync 1 DAGs
[2026-06-19T20:07:45.909+0000] {logging_mixin.py:154} INFO - [2026-06-19T20:07:45.909+0000] {dag.py:3722} INFO - Setting next_dagrun for report_hourly_dag to 2026-06-19T01:58:00+00:00, run_after=2026-06-19T01:59:00+00:00
[2026-06-19T20:07:45.921+0000] {processor.py:179} INFO - Processing /opt/airflow/dags/report_hourly_dag.py took 0.054 seconds
[2026-06-19T20:08:16.132+0000] {processor.py:157} INFO - Started process (PID=3468) to work on /opt/airflow/dags/report_hourly_dag.py
[2026-06-19T20:08:16.136+0000] {processor.py:829} INFO - Processing file /opt/airflow/dags/report_hourly_dag.py for tasks to queue
[2026-06-19T20:08:16.136+0000] {logging_mixin.py:154} INFO - [2026-06-19T20:08:16.136+0000] {dagbag.py:536} INFO - Filling up the DagBag from /opt/airflow/dags/report_hourly_dag.py
[2026-06-19T20:08:16.149+0000] {processor.py:839} INFO - DAG(s) dict_keys(['report_hourly_dag']) retrieved from /opt/airflow/dags/report_hourly_dag.py
[2026-06-19T20:08:16.166+0000] {logging_mixin.py:154} INFO - [2026-06-19T20:08:16.166+0000] {dag.py:2941} INFO - Sync 1 DAGs
[2026-06-19T20:08:16.183+0000] {logging_mixin.py:154} INFO - [2026-06-19T20:08:16.182+0000] {dag.py:3722} INFO - Setting next_dagrun for report_hourly_dag to 2026-06-19T01:58:00+00:00, run_after=2026-06-19T01:59:00+00:00
[2026-06-19T20:08:16.203+0000] {processor.py:179} INFO - Processing /opt/airflow/dags/report_hourly_dag.py took 0.074 seconds
[2026-06-19T20:08:46.422+0000] {processor.py:157} INFO - Started process (PID=3483) to work on /opt/airflow/dags/report_hourly_dag.py
[2026-06-19T20:08:46.422+0000] {processor.py:829} INFO - Processing file /opt/airflow/dags/report_hourly_dag.py for tasks to queue
[2026-06-19T20:08:46.423+0000] {logging_mixin.py:154} INFO - [2026-06-19T20:08:46.423+0000] {dagbag.py:536} INFO - Filling up the DagBag from /opt/airflow/dags/report_hourly_dag.py
[2026-06-19T20:08:46.434+0000] {processor.py:839} INFO - DAG(s) dict_keys(['report_hourly_dag']) retrieved from /opt/airflow/dags/report_hourly_dag.py
[2026-06-19T20:08:46.449+0000] {logging_mixin.py:154} INFO - [2026-06-19T20:08:46.449+0000] {dag.py:2941} INFO - Sync 1 DAGs
[2026-06-19T20:08:46.466+0000] {logging_mixin.py:154} INFO - [2026-06-19T20:08:46.466+0000] {dag.py:3722} INFO - Setting next_dagrun for report_hourly_dag to 2026-06-19T01:58:00+00:00, run_after=2026-06-19T01:59:00+00:00
[2026-06-19T20:08:46.478+0000] {processor.py:179} INFO - Processing /opt/airflow/dags/report_hourly_dag.py took 0.060 seconds
[2026-06-19T20:09:16.707+0000] {processor.py:157} INFO - Started process (PID=3498) to work on /opt/airflow/dags/report_hourly_dag.py
[2026-06-19T20:09:16.710+0000] {processor.py:829} INFO - Processing file /opt/airflow/dags/report_hourly_dag.py for tasks to queue
[2026-06-19T20:09:16.710+0000] {logging_mixin.py:154} INFO - [2026-06-19T20:09:16.710+0000] {dagbag.py:536} INFO - Filling up the DagBag from /opt/airflow/dags/report_hourly_dag.py
[2026-06-19T20:09:16.722+0000] {processor.py:839} INFO - DAG(s) dict_keys(['report_hourly_dag']) retrieved from /opt/airflow/dags/report_hourly_dag.py
[2026-06-19T20:09:16.741+0000] {logging_mixin.py:154} INFO - [2026-06-19T20:09:16.741+0000] {dag.py:2941} INFO - Sync 1 DAGs
[2026-06-19T20:09:16.758+0000] {logging_mixin.py:154} INFO - [2026-06-19T20:09:16.757+0000] {dag.py:3722} INFO - Setting next_dagrun for report_hourly_dag to 2026-06-19T01:58:00+00:00, run_after=2026-06-19T01:59:00+00:00
[2026-06-19T20:09:16.770+0000] {processor.py:179} INFO - Processing /opt/airflow/dags/report_hourly_dag.py took 0.066 seconds
[2026-06-19T20:09:47.005+0000] {processor.py:157} INFO - Started process (PID=3513) to work on /opt/airflow/dags/report_hourly_dag.py
[2026-06-19T20:09:47.006+0000] {processor.py:829} INFO - Processing file /opt/airflow/dags/report_hourly_dag.py for tasks to queue
[2026-06-19T20:09:47.007+0000] {logging_mixin.py:154} INFO - [2026-06-19T20:09:47.007+0000] {dagbag.py:536} INFO - Filling up the DagBag from /opt/airflow/dags/report_hourly_dag.py
[2026-06-19T20:09:47.016+0000] {processor.py:839} INFO - DAG(s) dict_keys(['report_hourly_dag']) retrieved from /opt/airflow/dags/report_hourly_dag.py
[2026-06-19T20:09:47.033+0000] {logging_mixin.py:154} INFO - [2026-06-19T20:09:47.032+0000] {dag.py:2941} INFO - Sync 1 DAGs
[2026-06-19T20:09:47.049+0000] {logging_mixin.py:154} INFO - [2026-06-19T20:09:47.049+0000] {dag.py:3722} INFO - Setting next_dagrun for report_hourly_dag to 2026-06-19T01:58:00+00:00, run_after=2026-06-19T01:59:00+00:00
[2026-06-19T20:09:47.061+0000] {processor.py:179} INFO - Processing /opt/airflow/dags/report_hourly_dag.py took 0.059 seconds
[2026-06-19T20:10:17.295+0000] {processor.py:157} INFO - Started process (PID=3528) to work on /opt/airflow/dags/report_hourly_dag.py
[2026-06-19T20:10:17.296+0000] {processor.py:829} INFO - Processing file /opt/airflow/dags/report_hourly_dag.py for tasks to queue
[2026-06-19T20:10:17.297+0000] {logging_mixin.py:154} INFO - [2026-06-19T20:10:17.297+0000] {dagbag.py:536} INFO - Filling up the DagBag from /opt/airflow/dags/report_hourly_dag.py
[2026-06-19T20:10:17.307+0000] {processor.py:839} INFO - DAG(s) dict_keys(['report_hourly_dag']) retrieved from /opt/airflow/dags/report_hourly_dag.py
[2026-06-19T20:10:17.323+0000] {logging_mixin.py:154} INFO - [2026-06-19T20:10:17.323+0000] {dag.py:2941} INFO - Sync 1 DAGs
[2026-06-19T20:10:17.340+0000] {logging_mixin.py:154} INFO - [2026-06-19T20:10:17.340+0000] {dag.py:3722} INFO - Setting next_dagrun for report_hourly_dag to 2026-06-19T01:58:00+00:00, run_after=2026-06-19T01:59:00+00:00
[2026-06-19T20:10:17.352+0000] {processor.py:179} INFO - Processing /opt/airflow/dags/report_hourly_dag.py took 0.061 seconds
[2026-06-19T20:10:47.592+0000] {processor.py:157} INFO - Started process (PID=3543) to work on /opt/airflow/dags/report_hourly_dag.py
[2026-06-19T20:10:47.592+0000] {processor.py:829} INFO - Processing file /opt/airflow/dags/report_hourly_dag.py for tasks to queue
[2026-06-19T20:10:47.593+0000] {logging_mixin.py:154} INFO - [2026-06-19T20:10:47.593+0000] {dagbag.py:536} INFO - Filling up the DagBag from /opt/airflow/dags/report_hourly_dag.py
[2026-06-19T20:10:47.602+0000] {processor.py:839} INFO - DAG(s) dict_keys(['report_hourly_dag']) retrieved from /opt/airflow/dags/report_hourly_dag.py
[2026-06-19T20:10:47.617+0000] {logging_mixin.py:154} INFO - [2026-06-19T20:10:47.617+0000] {dag.py:2941} INFO - Sync 1 DAGs
[2026-06-19T20:10:47.633+0000] {logging_mixin.py:154} INFO - [2026-06-19T20:10:47.633+0000] {dag.py:3722} INFO - Setting next_dagrun for report_hourly_dag to 2026-06-19T01:58:00+00:00, run_after=2026-06-19T01:59:00+00:00
[2026-06-19T20:10:47.646+0000] {processor.py:179} INFO - Processing /opt/airflow/dags/report_hourly_dag.py took 0.059 seconds
[2026-06-19T20:11:17.862+0000] {processor.py:157} INFO - Started process (PID=3558) to work on /opt/airflow/dags/report_hourly_dag.py
[2026-06-19T20:11:17.863+0000] {processor.py:829} INFO - Processing file /opt/airflow/dags/report_hourly_dag.py for tasks to queue
[2026-06-19T20:11:17.864+0000] {logging_mixin.py:154} INFO - [2026-06-19T20:11:17.863+0000] {dagbag.py:536} INFO - Filling up the DagBag from /opt/airflow/dags/report_hourly_dag.py
[2026-06-19T20:11:17.878+0000] {processor.py:839} INFO - DAG(s) dict_keys(['report_hourly_dag']) retrieved from /opt/airflow/dags/report_hourly_dag.py
[2026-06-19T20:11:17.897+0000] {logging_mixin.py:154} INFO - [2026-06-19T20:11:17.897+0000] {dag.py:2941} INFO - Sync 1 DAGs
[2026-06-19T20:11:17.915+0000] {logging_mixin.py:154} INFO - [2026-06-19T20:11:17.915+0000] {dag.py:3722} INFO - Setting next_dagrun for report_hourly_dag to 2026-06-19T01:58:00+00:00, run_after=2026-06-19T01:59:00+00:00
[2026-06-19T20:11:17.928+0000] {processor.py:179} INFO - Processing /opt/airflow/dags/report_hourly_dag.py took 0.071 seconds
[2026-06-19T20:11:48.162+0000] {processor.py:157} INFO - Started process (PID=3573) to work on /opt/airflow/dags/report_hourly_dag.py
[2026-06-19T20:11:48.163+0000] {processor.py:829} INFO - Processing file /opt/airflow/dags/report_hourly_dag.py for tasks to queue
[2026-06-19T20:11:48.164+0000] {logging_mixin.py:154} INFO - [2026-06-19T20:11:48.164+0000] {dagbag.py:536} INFO - Filling up the DagBag from /opt/airflow/dags/report_hourly_dag.py
[2026-06-19T20:11:48.176+0000] {processor.py:839} INFO - DAG(s) dict_keys(['report_hourly_dag']) retrieved from /opt/airflow/dags/report_hourly_dag.py
[2026-06-19T20:11:48.191+0000] {logging_mixin.py:154} INFO - [2026-06-19T20:11:48.191+0000] {dag.py:2941} INFO - Sync 1 DAGs
[2026-06-19T20:11:48.208+0000] {logging_mixin.py:154} INFO - [2026-06-19T20:11:48.208+0000] {dag.py:3722} INFO - Setting next_dagrun for report_hourly_dag to 2026-06-19T01:58:00+00:00, run_after=2026-06-19T01:59:00+00:00
[2026-06-19T20:11:48.221+0000] {processor.py:179} INFO - Processing /opt/airflow/dags/report_hourly_dag.py took 0.064 seconds
[2026-06-19T20:12:18.461+0000] {processor.py:157} INFO - Started process (PID=3588) to work on /opt/airflow/dags/report_hourly_dag.py
[2026-06-19T20:12:18.461+0000] {processor.py:829} INFO - Processing file /opt/airflow/dags/report_hourly_dag.py for tasks to queue
[2026-06-19T20:12:18.462+0000] {logging_mixin.py:154} INFO - [2026-06-19T20:12:18.462+0000] {dagbag.py:536} INFO - Filling up the DagBag from /opt/airflow/dags/report_hourly_dag.py
[2026-06-19T20:12:18.472+0000] {processor.py:839} INFO - DAG(s) dict_keys(['report_hourly_dag']) retrieved from /opt/airflow/dags/report_hourly_dag.py
[2026-06-19T20:12:18.487+0000] {logging_mixin.py:154} INFO - [2026-06-19T20:12:18.487+0000] {dag.py:2941} INFO - Sync 1 DAGs
[2026-06-19T20:12:18.504+0000] {logging_mixin.py:154} INFO - [2026-06-19T20:12:18.504+0000] {dag.py:3722} INFO - Setting next_dagrun for report_hourly_dag to 2026-06-19T01:58:00+00:00, run_after=2026-06-19T01:59:00+00:00
[2026-06-19T20:12:18.517+0000] {processor.py:179} INFO - Processing /opt/airflow/dags/report_hourly_dag.py took 0.060 seconds
[2026-06-19T20:12:48.754+0000] {processor.py:157} INFO - Started process (PID=3603) to work on /opt/airflow/dags/report_hourly_dag.py
[2026-06-19T20:12:48.757+0000] {processor.py:829} INFO - Processing file /opt/airflow/dags/report_hourly_dag.py for tasks to queue
[2026-06-19T20:12:48.758+0000] {logging_mixin.py:154} INFO - [2026-06-19T20:12:48.757+0000] {dagbag.py:536} INFO - Filling up the DagBag from /opt/airflow/dags/report_hourly_dag.py
[2026-06-19T20:12:48.769+0000] {processor.py:839} INFO - DAG(s) dict_keys(['report_hourly_dag']) retrieved from /opt/airflow/dags/report_hourly_dag.py
[2026-06-19T20:12:48.788+0000] {logging_mixin.py:154} INFO - [2026-06-19T20:12:48.788+0000] {dag.py:2941} INFO - Sync 1 DAGs
[2026-06-19T20:12:48.807+0000] {logging_mixin.py:154} INFO - [2026-06-19T20:12:48.806+0000] {dag.py:3722} INFO - Setting next_dagrun for report_hourly_dag to 2026-06-19T01:58:00+00:00, run_after=2026-06-19T01:59:00+00:00
[2026-06-19T20:12:48.820+0000] {processor.py:179} INFO - Processing /opt/airflow/dags/report_hourly_dag.py took 0.070 seconds
[2026-06-19T20:13:19.036+0000] {processor.py:157} INFO - Started process (PID=3618) to work on /opt/airflow/dags/report_hourly_dag.py
[2026-06-19T20:13:19.039+0000] {processor.py:829} INFO - Processing file /opt/airflow/dags/report_hourly_dag.py for tasks to queue
[2026-06-19T20:13:19.040+0000] {logging_mixin.py:154} INFO - [2026-06-19T20:13:19.039+0000] {dagbag.py:536} INFO - Filling up the DagBag from /opt/airflow/dags/report_hourly_dag.py
[2026-06-19T20:13:19.051+0000] {processor.py:839} INFO - DAG(s) dict_keys(['report_hourly_dag']) retrieved from /opt/airflow/dags/report_hourly_dag.py
[2026-06-19T20:13:19.075+0000] {logging_mixin.py:154} INFO - [2026-06-19T20:13:19.075+0000] {dag.py:2941} INFO - Sync 1 DAGs
[2026-06-19T20:13:19.095+0000] {logging_mixin.py:154} INFO - [2026-06-19T20:13:19.095+0000] {dag.py:3722} INFO - Setting next_dagrun for report_hourly_dag to 2026-06-19T01:58:00+00:00, run_after=2026-06-19T01:59:00+00:00
[2026-06-19T20:13:19.107+0000] {processor.py:179} INFO - Processing /opt/airflow/dags/report_hourly_dag.py took 0.075 seconds
[2026-06-19T20:13:49.341+0000] {processor.py:157} INFO - Started process (PID=3633) to work on /opt/airflow/dags/report_hourly_dag.py
[2026-06-19T20:13:49.345+0000] {processor.py:829} INFO - Processing file /opt/airflow/dags/report_hourly_dag.py for tasks to queue
[2026-06-19T20:13:49.346+0000] {logging_mixin.py:154} INFO - [2026-06-19T20:13:49.345+0000] {dagbag.py:536} INFO - Filling up the DagBag from /opt/airflow/dags/report_hourly_dag.py
[2026-06-19T20:13:49.359+0000] {processor.py:839} INFO - DAG(s) dict_keys(['report_hourly_dag']) retrieved from /opt/airflow/dags/report_hourly_dag.py
[2026-06-19T20:13:49.379+0000] {logging_mixin.py:154} INFO - [2026-06-19T20:13:49.379+0000] {dag.py:2941} INFO - Sync 1 DAGs
[2026-06-19T20:13:49.403+0000] {logging_mixin.py:154} INFO - [2026-06-19T20:13:49.403+0000] {dag.py:3722} INFO - Setting next_dagrun for report_hourly_dag to 2026-06-19T01:58:00+00:00, run_after=2026-06-19T01:59:00+00:00
[2026-06-19T20:13:49.417+0000] {processor.py:179} INFO - Processing /opt/airflow/dags/report_hourly_dag.py took 0.079 seconds
[2026-06-19T20:14:19.649+0000] {processor.py:157} INFO - Started process (PID=3648) to work on /opt/airflow/dags/report_hourly_dag.py
[2026-06-19T20:14:19.650+0000] {processor.py:829} INFO - Processing file /opt/airflow/dags/report_hourly_dag.py for tasks to queue
[2026-06-19T20:14:19.651+0000] {logging_mixin.py:154} INFO - [2026-06-19T20:14:19.651+0000] {dagbag.py:536} INFO - Filling up the DagBag from /opt/airflow/dags/report_hourly_dag.py
[2026-06-19T20:14:19.665+0000] {processor.py:839} INFO - DAG(s) dict_keys(['report_hourly_dag']) retrieved from /opt/airflow/dags/report_hourly_dag.py
[2026-06-19T20:14:19.681+0000] {logging_mixin.py:154} INFO - [2026-06-19T20:14:19.681+0000] {dag.py:2941} INFO - Sync 1 DAGs
[2026-06-19T20:14:19.698+0000] {logging_mixin.py:154} INFO - [2026-06-19T20:14:19.698+0000] {dag.py:3722} INFO - Setting next_dagrun for report_hourly_dag to 2026-06-19T01:58:00+00:00, run_after=2026-06-19T01:59:00+00:00
[2026-06-19T20:14:19.710+0000] {processor.py:179} INFO - Processing /opt/airflow/dags/report_hourly_dag.py took 0.067 seconds
[2026-06-19T20:14:49.901+0000] {processor.py:157} INFO - Started process (PID=3663) to work on /opt/airflow/dags/report_hourly_dag.py
[2026-06-19T20:14:49.906+0000] {processor.py:829} INFO - Processing file /opt/airflow/dags/report_hourly_dag.py for tasks to queue
[2026-06-19T20:14:49.906+0000] {logging_mixin.py:154} INFO - [2026-06-19T20:14:49.906+0000] {dagbag.py:536} INFO - Filling up the DagBag from /opt/airflow/dags/report_hourly_dag.py
[2026-06-19T20:14:49.914+0000] {processor.py:839} INFO - DAG(s) dict_keys(['report_hourly_dag']) retrieved from /opt/airflow/dags/report_hourly_dag.py
[2026-06-19T20:14:49.930+0000] {logging_mixin.py:154} INFO - [2026-06-19T20:14:49.930+0000] {dag.py:2941} INFO - Sync 1 DAGs
[2026-06-19T20:14:49.948+0000] {logging_mixin.py:154} INFO - [2026-06-19T20:14:49.948+0000] {dag.py:3722} INFO - Setting next_dagrun for report_hourly_dag to 2026-06-19T01:58:00+00:00, run_after=2026-06-19T01:59:00+00:00
[2026-06-19T20:14:50.035+0000] {processor.py:179} INFO - Processing /opt/airflow/dags/report_hourly_dag.py took 0.136 seconds
[2026-06-19T20:15:20.237+0000] {processor.py:157} INFO - Started process (PID=3678) to work on /opt/airflow/dags/report_hourly_dag.py
[2026-06-19T20:15:20.237+0000] {processor.py:829} INFO - Processing file /opt/airflow/dags/report_hourly_dag.py for tasks to queue
[2026-06-19T20:15:20.238+0000] {logging_mixin.py:154} INFO - [2026-06-19T20:15:20.238+0000] {dagbag.py:536} INFO - Filling up the DagBag from /opt/airflow/dags/report_hourly_dag.py
[2026-06-19T20:15:20.246+0000] {processor.py:839} INFO - DAG(s) dict_keys(['report_hourly_dag']) retrieved from /opt/airflow/dags/report_hourly_dag.py
[2026-06-19T20:15:20.261+0000] {logging_mixin.py:154} INFO - [2026-06-19T20:15:20.261+0000] {dag.py:2941} INFO - Sync 1 DAGs
[2026-06-19T20:15:20.277+0000] {logging_mixin.py:154} INFO - [2026-06-19T20:15:20.277+0000] {dag.py:3722} INFO - Setting next_dagrun for report_hourly_dag to 2026-06-19T01:58:00+00:00, run_after=2026-06-19T01:59:00+00:00
[2026-06-19T20:15:20.301+0000] {processor.py:179} INFO - Processing /opt/airflow/dags/report_hourly_dag.py took 0.066 seconds
[2026-06-19T20:15:50.527+0000] {processor.py:157} INFO - Started process (PID=3693) to work on /opt/airflow/dags/report_hourly_dag.py
[2026-06-19T20:15:50.528+0000] {processor.py:829} INFO - Processing file /opt/airflow/dags/report_hourly_dag.py for tasks to queue
[2026-06-19T20:15:50.529+0000] {logging_mixin.py:154} INFO - [2026-06-19T20:15:50.528+0000] {dagbag.py:536} INFO - Filling up the DagBag from /opt/airflow/dags/report_hourly_dag.py
[2026-06-19T20:15:50.538+0000] {processor.py:839} INFO - DAG(s) dict_keys(['report_hourly_dag']) retrieved from /opt/airflow/dags/report_hourly_dag.py
[2026-06-19T20:15:50.554+0000] {logging_mixin.py:154} INFO - [2026-06-19T20:15:50.554+0000] {dag.py:2941} INFO - Sync 1 DAGs
[2026-06-19T20:15:50.570+0000] {logging_mixin.py:154} INFO - [2026-06-19T20:15:50.570+0000] {dag.py:3722} INFO - Setting next_dagrun for report_hourly_dag to 2026-06-19T01:58:00+00:00, run_after=2026-06-19T01:59:00+00:00
[2026-06-19T20:15:50.581+0000] {processor.py:179} INFO - Processing /opt/airflow/dags/report_hourly_dag.py took 0.058 seconds
[2026-06-19T20:16:20.817+0000] {processor.py:157} INFO - Started process (PID=3708) to work on /opt/airflow/dags/report_hourly_dag.py
[2026-06-19T20:16:20.819+0000] {processor.py:829} INFO - Processing file /opt/airflow/dags/report_hourly_dag.py for tasks to queue
[2026-06-19T20:16:20.820+0000] {logging_mixin.py:154} INFO - [2026-06-19T20:16:20.820+0000] {dagbag.py:536} INFO - Filling up the DagBag from /opt/airflow/dags/report_hourly_dag.py
[2026-06-19T20:16:20.830+0000] {processor.py:839} INFO - DAG(s) dict_keys(['report_hourly_dag']) retrieved from /opt/airflow/dags/report_hourly_dag.py
[2026-06-19T20:16:20.923+0000] {logging_mixin.py:154} INFO - [2026-06-19T20:16:20.923+0000] {dag.py:2941} INFO - Sync 1 DAGs
[2026-06-19T20:16:20.938+0000] {logging_mixin.py:154} INFO - [2026-06-19T20:16:20.938+0000] {dag.py:3722} INFO - Setting next_dagrun for report_hourly_dag to 2026-06-19T01:58:00+00:00, run_after=2026-06-19T01:59:00+00:00
[2026-06-19T20:16:20.952+0000] {processor.py:179} INFO - Processing /opt/airflow/dags/report_hourly_dag.py took 0.139 seconds
[2026-06-19T20:16:51.267+0000] {processor.py:157} INFO - Started process (PID=3723) to work on /opt/airflow/dags/report_hourly_dag.py
[2026-06-19T20:16:51.268+0000] {processor.py:829} INFO - Processing file /opt/airflow/dags/report_hourly_dag.py for tasks to queue
[2026-06-19T20:16:51.269+0000] {logging_mixin.py:154} INFO - [2026-06-19T20:16:51.269+0000] {dagbag.py:536} INFO - Filling up the DagBag from /opt/airflow/dags/report_hourly_dag.py
[2026-06-19T20:16:51.282+0000] {processor.py:839} INFO - DAG(s) dict_keys(['report_hourly_dag']) retrieved from /opt/airflow/dags/report_hourly_dag.py
[2026-06-19T20:16:51.302+0000] {logging_mixin.py:154} INFO - [2026-06-19T20:16:51.301+0000] {dag.py:2941} INFO - Sync 1 DAGs
[2026-06-19T20:16:51.319+0000] {logging_mixin.py:154} INFO - [2026-06-19T20:16:51.319+0000] {dag.py:3722} INFO - Setting next_dagrun for report_hourly_dag to 2026-06-19T01:58:00+00:00, run_after=2026-06-19T01:59:00+00:00
[2026-06-19T20:16:51.331+0000] {processor.py:179} INFO - Processing /opt/airflow/dags/report_hourly_dag.py took 0.069 seconds
[2026-06-19T20:17:21.584+0000] {processor.py:157} INFO - Started process (PID=3738) to work on /opt/airflow/dags/report_hourly_dag.py
[2026-06-19T20:17:21.584+0000] {processor.py:829} INFO - Processing file /opt/airflow/dags/report_hourly_dag.py for tasks to queue
[2026-06-19T20:17:21.585+0000] {logging_mixin.py:154} INFO - [2026-06-19T20:17:21.585+0000] {dagbag.py:536} INFO - Filling up the DagBag from /opt/airflow/dags/report_hourly_dag.py
[2026-06-19T20:17:21.595+0000] {processor.py:839} INFO - DAG(s) dict_keys(['report_hourly_dag']) retrieved from /opt/airflow/dags/report_hourly_dag.py
[2026-06-19T20:17:21.611+0000] {logging_mixin.py:154} INFO - [2026-06-19T20:17:21.610+0000] {dag.py:2941} INFO - Sync 1 DAGs
[2026-06-19T20:17:21.629+0000] {logging_mixin.py:154} INFO - [2026-06-19T20:17:21.628+0000] {dag.py:3722} INFO - Setting next_dagrun for report_hourly_dag to 2026-06-19T01:58:00+00:00, run_after=2026-06-19T01:59:00+00:00
[2026-06-19T20:17:21.641+0000] {processor.py:179} INFO - Processing /opt/airflow/dags/report_hourly_dag.py took 0.061 seconds
[2026-06-19T20:17:51.872+0000] {processor.py:157} INFO - Started process (PID=3753) to work on /opt/airflow/dags/report_hourly_dag.py
[2026-06-19T20:17:51.875+0000] {processor.py:829} INFO - Processing file /opt/airflow/dags/report_hourly_dag.py for tasks to queue
[2026-06-19T20:17:51.876+0000] {logging_mixin.py:154} INFO - [2026-06-19T20:17:51.875+0000] {dagbag.py:536} INFO - Filling up the DagBag from /opt/airflow/dags/report_hourly_dag.py
[2026-06-19T20:17:51.889+0000] {processor.py:839} INFO - DAG(s) dict_keys(['report_hourly_dag']) retrieved from /opt/airflow/dags/report_hourly_dag.py
[2026-06-19T20:17:51.911+0000] {logging_mixin.py:154} INFO - [2026-06-19T20:17:51.911+0000] {dag.py:2941} INFO - Sync 1 DAGs
[2026-06-19T20:17:51.930+0000] {logging_mixin.py:154} INFO - [2026-06-19T20:17:51.930+0000] {dag.py:3722} INFO - Setting next_dagrun for report_hourly_dag to 2026-06-19T01:58:00+00:00, run_after=2026-06-19T01:59:00+00:00
[2026-06-19T20:17:51.943+0000] {processor.py:179} INFO - Processing /opt/airflow/dags/report_hourly_dag.py took 0.074 seconds
[2026-06-19T20:18:22.177+0000] {processor.py:157} INFO - Started process (PID=3768) to work on /opt/airflow/dags/report_hourly_dag.py
[2026-06-19T20:18:22.178+0000] {processor.py:829} INFO - Processing file /opt/airflow/dags/report_hourly_dag.py for tasks to queue
[2026-06-19T20:18:22.179+0000] {logging_mixin.py:154} INFO - [2026-06-19T20:18:22.179+0000] {dagbag.py:536} INFO - Filling up the DagBag from /opt/airflow/dags/report_hourly_dag.py
[2026-06-19T20:18:22.194+0000] {processor.py:839} INFO - DAG(s) dict_keys(['report_hourly_dag']) retrieved from /opt/airflow/dags/report_hourly_dag.py
[2026-06-19T20:18:22.212+0000] {logging_mixin.py:154} INFO - [2026-06-19T20:18:22.212+0000] {dag.py:2941} INFO - Sync 1 DAGs
[2026-06-19T20:18:22.228+0000] {logging_mixin.py:154} INFO - [2026-06-19T20:18:22.228+0000] {dag.py:3722} INFO - Setting next_dagrun for report_hourly_dag to 2026-06-19T01:58:00+00:00, run_after=2026-06-19T01:59:00+00:00
[2026-06-19T20:18:22.240+0000] {processor.py:179} INFO - Processing /opt/airflow/dags/report_hourly_dag.py took 0.068 seconds
[2026-06-19T20:18:52.422+0000] {processor.py:157} INFO - Started process (PID=3783) to work on /opt/airflow/dags/report_hourly_dag.py
[2026-06-19T20:18:52.427+0000] {processor.py:829} INFO - Processing file /opt/airflow/dags/report_hourly_dag.py for tasks to queue
[2026-06-19T20:18:52.428+0000] {logging_mixin.py:154} INFO - [2026-06-19T20:18:52.428+0000] {dagbag.py:536} INFO - Filling up the DagBag from /opt/airflow/dags/report_hourly_dag.py
[2026-06-19T20:18:52.436+0000] {processor.py:839} INFO - DAG(s) dict_keys(['report_hourly_dag']) retrieved from /opt/airflow/dags/report_hourly_dag.py
[2026-06-19T20:18:52.451+0000] {logging_mixin.py:154} INFO - [2026-06-19T20:18:52.451+0000] {dag.py:2941} INFO - Sync 1 DAGs
[2026-06-19T20:18:52.470+0000] {logging_mixin.py:154} INFO - [2026-06-19T20:18:52.470+0000] {dag.py:3722} INFO - Setting next_dagrun for report_hourly_dag to 2026-06-19T01:58:00+00:00, run_after=2026-06-19T01:59:00+00:00
[2026-06-19T20:18:52.484+0000] {processor.py:179} INFO - Processing /opt/airflow/dags/report_hourly_dag.py took 0.064 seconds
[2026-06-19T20:19:22.707+0000] {processor.py:157} INFO - Started process (PID=3798) to work on /opt/airflow/dags/report_hourly_dag.py
[2026-06-19T20:19:22.708+0000] {processor.py:829} INFO - Processing file /opt/airflow/dags/report_hourly_dag.py for tasks to queue
[2026-06-19T20:19:22.709+0000] {logging_mixin.py:154} INFO - [2026-06-19T20:19:22.709+0000] {dagbag.py:536} INFO - Filling up the DagBag from /opt/airflow/dags/report_hourly_dag.py
[2026-06-19T20:19:22.719+0000] {processor.py:839} INFO - DAG(s) dict_keys(['report_hourly_dag']) retrieved from /opt/airflow/dags/report_hourly_dag.py
[2026-06-19T20:19:22.734+0000] {logging_mixin.py:154} INFO - [2026-06-19T20:19:22.734+0000] {dag.py:2941} INFO - Sync 1 DAGs
[2026-06-19T20:19:22.751+0000] {logging_mixin.py:154} INFO - [2026-06-19T20:19:22.751+0000] {dag.py:3722} INFO - Setting next_dagrun for report_hourly_dag to 2026-06-19T01:58:00+00:00, run_after=2026-06-19T01:59:00+00:00
[2026-06-19T20:19:22.772+0000] {processor.py:179} INFO - Processing /opt/airflow/dags/report_hourly_dag.py took 0.068 seconds
[2026-06-19T20:19:53.008+0000] {processor.py:157} INFO - Started process (PID=3813) to work on /opt/airflow/dags/report_hourly_dag.py
[2026-06-19T20:19:53.009+0000] {processor.py:829} INFO - Processing file /opt/airflow/dags/report_hourly_dag.py for tasks to queue
[2026-06-19T20:19:53.010+0000] {logging_mixin.py:154} INFO - [2026-06-19T20:19:53.009+0000] {dagbag.py:536} INFO - Filling up the DagBag from /opt/airflow/dags/report_hourly_dag.py
[2026-06-19T20:19:53.019+0000] {processor.py:839} INFO - DAG(s) dict_keys(['report_hourly_dag']) retrieved from /opt/airflow/dags/report_hourly_dag.py
[2026-06-19T20:19:53.035+0000] {logging_mixin.py:154} INFO - [2026-06-19T20:19:53.035+0000] {dag.py:2941} INFO - Sync 1 DAGs
[2026-06-19T20:19:53.060+0000] {logging_mixin.py:154} INFO - [2026-06-19T20:19:53.060+0000] {dag.py:3722} INFO - Setting next_dagrun for report_hourly_dag to 2026-06-19T01:58:00+00:00, run_after=2026-06-19T01:59:00+00:00
[2026-06-19T20:19:53.078+0000] {processor.py:179} INFO - Processing /opt/airflow/dags/report_hourly_dag.py took 0.075 seconds
[2026-06-19T20:20:23.321+0000] {processor.py:157} INFO - Started process (PID=3828) to work on /opt/airflow/dags/report_hourly_dag.py
[2026-06-19T20:20:23.322+0000] {processor.py:829} INFO - Processing file /opt/airflow/dags/report_hourly_dag.py for tasks to queue
[2026-06-19T20:20:23.323+0000] {logging_mixin.py:154} INFO - [2026-06-19T20:20:23.322+0000] {dagbag.py:536} INFO - Filling up the DagBag from /opt/airflow/dags/report_hourly_dag.py
[2026-06-19T20:20:23.333+0000] {processor.py:839} INFO - DAG(s) dict_keys(['report_hourly_dag']) retrieved from /opt/airflow/dags/report_hourly_dag.py
[2026-06-19T20:20:23.348+0000] {logging_mixin.py:154} INFO - [2026-06-19T20:20:23.348+0000] {dag.py:2941} INFO - Sync 1 DAGs
[2026-06-19T20:20:23.365+0000] {logging_mixin.py:154} INFO - [2026-06-19T20:20:23.365+0000] {dag.py:3722} INFO - Setting next_dagrun for report_hourly_dag to 2026-06-19T01:58:00+00:00, run_after=2026-06-19T01:59:00+00:00
[2026-06-19T20:20:23.377+0000] {processor.py:179} INFO - Processing /opt/airflow/dags/report_hourly_dag.py took 0.061 seconds
[2026-06-19T20:20:53.603+0000] {processor.py:157} INFO - Started process (PID=3843) to work on /opt/airflow/dags/report_hourly_dag.py
[2026-06-19T20:20:53.605+0000] {processor.py:829} INFO - Processing file /opt/airflow/dags/report_hourly_dag.py for tasks to queue
[2026-06-19T20:20:53.606+0000] {logging_mixin.py:154} INFO - [2026-06-19T20:20:53.606+0000] {dagbag.py:536} INFO - Filling up the DagBag from /opt/airflow/dags/report_hourly_dag.py
[2026-06-19T20:20:53.616+0000] {processor.py:839} INFO - DAG(s) dict_keys(['report_hourly_dag']) retrieved from /opt/airflow/dags/report_hourly_dag.py
[2026-06-19T20:20:53.635+0000] {logging_mixin.py:154} INFO - [2026-06-19T20:20:53.635+0000] {dag.py:2941} INFO - Sync 1 DAGs
[2026-06-19T20:20:53.654+0000] {logging_mixin.py:154} INFO - [2026-06-19T20:20:53.654+0000] {dag.py:3722} INFO - Setting next_dagrun for report_hourly_dag to 2026-06-19T01:58:00+00:00, run_after=2026-06-19T01:59:00+00:00
[2026-06-19T20:20:53.668+0000] {processor.py:179} INFO - Processing /opt/airflow/dags/report_hourly_dag.py took 0.070 seconds
[2026-06-19T20:21:23.911+0000] {processor.py:157} INFO - Started process (PID=3858) to work on /opt/airflow/dags/report_hourly_dag.py
[2026-06-19T20:21:23.913+0000] {processor.py:829} INFO - Processing file /opt/airflow/dags/report_hourly_dag.py for tasks to queue
[2026-06-19T20:21:23.913+0000] {logging_mixin.py:154} INFO - [2026-06-19T20:21:23.913+0000] {dagbag.py:536} INFO - Filling up the DagBag from /opt/airflow/dags/report_hourly_dag.py
[2026-06-19T20:21:23.925+0000] {processor.py:839} INFO - DAG(s) dict_keys(['report_hourly_dag']) retrieved from /opt/airflow/dags/report_hourly_dag.py
[2026-06-19T20:21:23.942+0000] {logging_mixin.py:154} INFO - [2026-06-19T20:21:23.942+0000] {dag.py:2941} INFO - Sync 1 DAGs
[2026-06-19T20:21:23.958+0000] {logging_mixin.py:154} INFO - [2026-06-19T20:21:23.958+0000] {dag.py:3722} INFO - Setting next_dagrun for report_hourly_dag to 2026-06-19T01:58:00+00:00, run_after=2026-06-19T01:59:00+00:00
[2026-06-19T20:21:23.985+0000] {processor.py:179} INFO - Processing /opt/airflow/dags/report_hourly_dag.py took 0.079 seconds
[2026-06-19T20:21:54.223+0000] {processor.py:157} INFO - Started process (PID=3873) to work on /opt/airflow/dags/report_hourly_dag.py
[2026-06-19T20:21:54.224+0000] {processor.py:829} INFO - Processing file /opt/airflow/dags/report_hourly_dag.py for tasks to queue
[2026-06-19T20:21:54.225+0000] {logging_mixin.py:154} INFO - [2026-06-19T20:21:54.225+0000] {dagbag.py:536} INFO - Filling up the DagBag from /opt/airflow/dags/report_hourly_dag.py
[2026-06-19T20:21:54.235+0000] {processor.py:839} INFO - DAG(s) dict_keys(['report_hourly_dag']) retrieved from /opt/airflow/dags/report_hourly_dag.py
[2026-06-19T20:21:54.254+0000] {logging_mixin.py:154} INFO - [2026-06-19T20:21:54.254+0000] {dag.py:2941} INFO - Sync 1 DAGs
[2026-06-19T20:21:54.272+0000] {logging_mixin.py:154} INFO - [2026-06-19T20:21:54.272+0000] {dag.py:3722} INFO - Setting next_dagrun for report_hourly_dag to 2026-06-19T01:58:00+00:00, run_after=2026-06-19T01:59:00+00:00
[2026-06-19T20:21:54.284+0000] {processor.py:179} INFO - Processing /opt/airflow/dags/report_hourly_dag.py took 0.064 seconds
[2026-06-19T20:22:24.539+0000] {processor.py:157} INFO - Started process (PID=3888) to work on /opt/airflow/dags/report_hourly_dag.py
[2026-06-19T20:22:24.540+0000] {processor.py:829} INFO - Processing file /opt/airflow/dags/report_hourly_dag.py for tasks to queue
[2026-06-19T20:22:24.540+0000] {logging_mixin.py:154} INFO - [2026-06-19T20:22:24.540+0000] {dagbag.py:536} INFO - Filling up the DagBag from /opt/airflow/dags/report_hourly_dag.py
[2026-06-19T20:22:24.551+0000] {processor.py:839} INFO - DAG(s) dict_keys(['report_hourly_dag']) retrieved from /opt/airflow/dags/report_hourly_dag.py
[2026-06-19T20:22:24.568+0000] {logging_mixin.py:154} INFO - [2026-06-19T20:22:24.568+0000] {dag.py:2941} INFO - Sync 1 DAGs
[2026-06-19T20:22:24.585+0000] {logging_mixin.py:154} INFO - [2026-06-19T20:22:24.585+0000] {dag.py:3722} INFO - Setting next_dagrun for report_hourly_dag to 2026-06-19T01:58:00+00:00, run_after=2026-06-19T01:59:00+00:00
[2026-06-19T20:22:24.598+0000] {processor.py:179} INFO - Processing /opt/airflow/dags/report_hourly_dag.py took 0.064 seconds
[2026-06-19T20:22:54.815+0000] {processor.py:157} INFO - Started process (PID=3903) to work on /opt/airflow/dags/report_hourly_dag.py
[2026-06-19T20:22:54.818+0000] {processor.py:829} INFO - Processing file /opt/airflow/dags/report_hourly_dag.py for tasks to queue
[2026-06-19T20:22:54.819+0000] {logging_mixin.py:154} INFO - [2026-06-19T20:22:54.819+0000] {dagbag.py:536} INFO - Filling up the DagBag from /opt/airflow/dags/report_hourly_dag.py
[2026-06-19T20:22:54.829+0000] {processor.py:839} INFO - DAG(s) dict_keys(['report_hourly_dag']) retrieved from /opt/airflow/dags/report_hourly_dag.py
[2026-06-19T20:22:54.851+0000] {logging_mixin.py:154} INFO - [2026-06-19T20:22:54.851+0000] {dag.py:2941} INFO - Sync 1 DAGs
[2026-06-19T20:22:54.868+0000] {logging_mixin.py:154} INFO - [2026-06-19T20:22:54.868+0000] {dag.py:3722} INFO - Setting next_dagrun for report_hourly_dag to 2026-06-19T01:58:00+00:00, run_after=2026-06-19T01:59:00+00:00
[2026-06-19T20:22:54.881+0000] {processor.py:179} INFO - Processing /opt/airflow/dags/report_hourly_dag.py took 0.070 seconds
[2026-06-19T20:23:25.113+0000] {processor.py:157} INFO - Started process (PID=3918) to work on /opt/airflow/dags/report_hourly_dag.py
[2026-06-19T20:23:25.114+0000] {processor.py:829} INFO - Processing file /opt/airflow/dags/report_hourly_dag.py for tasks to queue
[2026-06-19T20:23:25.115+0000] {logging_mixin.py:154} INFO - [2026-06-19T20:23:25.114+0000] {dagbag.py:536} INFO - Filling up the DagBag from /opt/airflow/dags/report_hourly_dag.py
[2026-06-19T20:23:25.125+0000] {processor.py:839} INFO - DAG(s) dict_keys(['report_hourly_dag']) retrieved from /opt/airflow/dags/report_hourly_dag.py
[2026-06-19T20:23:25.140+0000] {logging_mixin.py:154} INFO - [2026-06-19T20:23:25.140+0000] {dag.py:2941} INFO - Sync 1 DAGs
[2026-06-19T20:23:25.157+0000] {logging_mixin.py:154} INFO - [2026-06-19T20:23:25.157+0000] {dag.py:3722} INFO - Setting next_dagrun for report_hourly_dag to 2026-06-19T01:58:00+00:00, run_after=2026-06-19T01:59:00+00:00
[2026-06-19T20:23:25.169+0000] {processor.py:179} INFO - Processing /opt/airflow/dags/report_hourly_dag.py took 0.060 seconds
[2026-06-19T20:23:55.405+0000] {processor.py:157} INFO - Started process (PID=3933) to work on /opt/airflow/dags/report_hourly_dag.py
[2026-06-19T20:23:55.409+0000] {processor.py:829} INFO - Processing file /opt/airflow/dags/report_hourly_dag.py for tasks to queue
[2026-06-19T20:23:55.410+0000] {logging_mixin.py:154} INFO - [2026-06-19T20:23:55.409+0000] {dagbag.py:536} INFO - Filling up the DagBag from /opt/airflow/dags/report_hourly_dag.py
[2026-06-19T20:23:55.420+0000] {processor.py:839} INFO - DAG(s) dict_keys(['report_hourly_dag']) retrieved from /opt/airflow/dags/report_hourly_dag.py
[2026-06-19T20:23:55.438+0000] {logging_mixin.py:154} INFO - [2026-06-19T20:23:55.438+0000] {dag.py:2941} INFO - Sync 1 DAGs
[2026-06-19T20:23:55.454+0000] {logging_mixin.py:154} INFO - [2026-06-19T20:23:55.454+0000] {dag.py:3722} INFO - Setting next_dagrun for report_hourly_dag to 2026-06-19T01:58:00+00:00, run_after=2026-06-19T01:59:00+00:00
[2026-06-19T20:23:55.476+0000] {processor.py:179} INFO - Processing /opt/airflow/dags/report_hourly_dag.py took 0.075 seconds
[2026-06-19T20:24:25.677+0000] {processor.py:157} INFO - Started process (PID=3948) to work on /opt/airflow/dags/report_hourly_dag.py
[2026-06-19T20:24:25.678+0000] {processor.py:829} INFO - Processing file /opt/airflow/dags/report_hourly_dag.py for tasks to queue
[2026-06-19T20:24:25.678+0000] {logging_mixin.py:154} INFO - [2026-06-19T20:24:25.678+0000] {dagbag.py:536} INFO - Filling up the DagBag from /opt/airflow/dags/report_hourly_dag.py
[2026-06-19T20:24:25.688+0000] {processor.py:839} INFO - DAG(s) dict_keys(['report_hourly_dag']) retrieved from /opt/airflow/dags/report_hourly_dag.py
[2026-06-19T20:24:25.705+0000] {logging_mixin.py:154} INFO - [2026-06-19T20:24:25.705+0000] {dag.py:2941} INFO - Sync 1 DAGs
[2026-06-19T20:24:25.722+0000] {logging_mixin.py:154} INFO - [2026-06-19T20:24:25.722+0000] {dag.py:3722} INFO - Setting next_dagrun for report_hourly_dag to 2026-06-19T01:58:00+00:00, run_after=2026-06-19T01:59:00+00:00
[2026-06-19T20:24:25.734+0000] {processor.py:179} INFO - Processing /opt/airflow/dags/report_hourly_dag.py took 0.060 seconds
[2026-06-19T20:24:55.954+0000] {processor.py:157} INFO - Started process (PID=3963) to work on /opt/airflow/dags/report_hourly_dag.py
[2026-06-19T20:24:55.954+0000] {processor.py:829} INFO - Processing file /opt/airflow/dags/report_hourly_dag.py for tasks to queue
[2026-06-19T20:24:55.955+0000] {logging_mixin.py:154} INFO - [2026-06-19T20:24:55.955+0000] {dagbag.py:536} INFO - Filling up the DagBag from /opt/airflow/dags/report_hourly_dag.py
[2026-06-19T20:24:55.965+0000] {processor.py:839} INFO - DAG(s) dict_keys(['report_hourly_dag']) retrieved from /opt/airflow/dags/report_hourly_dag.py
[2026-06-19T20:24:55.981+0000] {logging_mixin.py:154} INFO - [2026-06-19T20:24:55.981+0000] {dag.py:2941} INFO - Sync 1 DAGs
[2026-06-19T20:24:55.997+0000] {logging_mixin.py:154} INFO - [2026-06-19T20:24:55.997+0000] {dag.py:3722} INFO - Setting next_dagrun for report_hourly_dag to 2026-06-19T01:58:00+00:00, run_after=2026-06-19T01:59:00+00:00
[2026-06-19T20:24:56.010+0000] {processor.py:179} INFO - Processing /opt/airflow/dags/report_hourly_dag.py took 0.061 seconds
[2026-06-19T20:25:26.235+0000] {processor.py:157} INFO - Started process (PID=3978) to work on /opt/airflow/dags/report_hourly_dag.py
[2026-06-19T20:25:26.235+0000] {processor.py:829} INFO - Processing file /opt/airflow/dags/report_hourly_dag.py for tasks to queue
[2026-06-19T20:25:26.236+0000] {logging_mixin.py:154} INFO - [2026-06-19T20:25:26.236+0000] {dagbag.py:536} INFO - Filling up the DagBag from /opt/airflow/dags/report_hourly_dag.py
[2026-06-19T20:25:26.246+0000] {processor.py:839} INFO - DAG(s) dict_keys(['report_hourly_dag']) retrieved from /opt/airflow/dags/report_hourly_dag.py
[2026-06-19T20:25:26.262+0000] {logging_mixin.py:154} INFO - [2026-06-19T20:25:26.262+0000] {dag.py:2941} INFO - Sync 1 DAGs
[2026-06-19T20:25:26.278+0000] {logging_mixin.py:154} INFO - [2026-06-19T20:25:26.278+0000] {dag.py:3722} INFO - Setting next_dagrun for report_hourly_dag to 2026-06-19T01:58:00+00:00, run_after=2026-06-19T01:59:00+00:00
[2026-06-19T20:25:26.292+0000] {processor.py:179} INFO - Processing /opt/airflow/dags/report_hourly_dag.py took 0.062 seconds
[2026-06-19T20:25:56.524+0000] {processor.py:157} INFO - Started process (PID=3993) to work on /opt/airflow/dags/report_hourly_dag.py
[2026-06-19T20:25:56.526+0000] {processor.py:829} INFO - Processing file /opt/airflow/dags/report_hourly_dag.py for tasks to queue
[2026-06-19T20:25:56.526+0000] {logging_mixin.py:154} INFO - [2026-06-19T20:25:56.526+0000] {dagbag.py:536} INFO - Filling up the DagBag from /opt/airflow/dags/report_hourly_dag.py
[2026-06-19T20:25:56.537+0000] {processor.py:839} INFO - DAG(s) dict_keys(['report_hourly_dag']) retrieved from /opt/airflow/dags/report_hourly_dag.py
[2026-06-19T20:25:56.553+0000] {logging_mixin.py:154} INFO - [2026-06-19T20:25:56.553+0000] {dag.py:2941} INFO - Sync 1 DAGs
[2026-06-19T20:25:56.570+0000] {logging_mixin.py:154} INFO - [2026-06-19T20:25:56.570+0000] {dag.py:3722} INFO - Setting next_dagrun for report_hourly_dag to 2026-06-19T01:58:00+00:00, run_after=2026-06-19T01:59:00+00:00
[2026-06-19T20:25:56.586+0000] {processor.py:179} INFO - Processing /opt/airflow/dags/report_hourly_dag.py took 0.066 seconds
[2026-06-19T20:26:26.810+0000] {processor.py:157} INFO - Started process (PID=4008) to work on /opt/airflow/dags/report_hourly_dag.py
[2026-06-19T20:26:26.811+0000] {processor.py:829} INFO - Processing file /opt/airflow/dags/report_hourly_dag.py for tasks to queue
[2026-06-19T20:26:26.811+0000] {logging_mixin.py:154} INFO - [2026-06-19T20:26:26.811+0000] {dagbag.py:536} INFO - Filling up the DagBag from /opt/airflow/dags/report_hourly_dag.py
[2026-06-19T20:26:26.822+0000] {processor.py:839} INFO - DAG(s) dict_keys(['report_hourly_dag']) retrieved from /opt/airflow/dags/report_hourly_dag.py
[2026-06-19T20:26:26.837+0000] {logging_mixin.py:154} INFO - [2026-06-19T20:26:26.837+0000] {dag.py:2941} INFO - Sync 1 DAGs
[2026-06-19T20:26:26.855+0000] {logging_mixin.py:154} INFO - [2026-06-19T20:26:26.855+0000] {dag.py:3722} INFO - Setting next_dagrun for report_hourly_dag to 2026-06-19T01:58:00+00:00, run_after=2026-06-19T01:59:00+00:00
[2026-06-19T20:26:26.870+0000] {processor.py:179} INFO - Processing /opt/airflow/dags/report_hourly_dag.py took 0.064 seconds
[2026-06-19T20:26:57.083+0000] {processor.py:157} INFO - Started process (PID=4023) to work on /opt/airflow/dags/report_hourly_dag.py
[2026-06-19T20:26:57.087+0000] {processor.py:829} INFO - Processing file /opt/airflow/dags/report_hourly_dag.py for tasks to queue
[2026-06-19T20:26:57.088+0000] {logging_mixin.py:154} INFO - [2026-06-19T20:26:57.088+0000] {dagbag.py:536} INFO - Filling up the DagBag from /opt/airflow/dags/report_hourly_dag.py
[2026-06-19T20:26:57.100+0000] {processor.py:839} INFO - DAG(s) dict_keys(['report_hourly_dag']) retrieved from /opt/airflow/dags/report_hourly_dag.py
[2026-06-19T20:26:57.125+0000] {logging_mixin.py:154} INFO - [2026-06-19T20:26:57.124+0000] {dag.py:2941} INFO - Sync 1 DAGs
[2026-06-19T20:26:57.146+0000] {logging_mixin.py:154} INFO - [2026-06-19T20:26:57.146+0000] {dag.py:3722} INFO - Setting next_dagrun for report_hourly_dag to 2026-06-19T01:58:00+00:00, run_after=2026-06-19T01:59:00+00:00
[2026-06-19T20:26:57.159+0000] {processor.py:179} INFO - Processing /opt/airflow/dags/report_hourly_dag.py took 0.079 seconds
[2026-06-19T20:27:27.419+0000] {processor.py:157} INFO - Started process (PID=4038) to work on /opt/airflow/dags/report_hourly_dag.py
[2026-06-19T20:27:27.422+0000] {processor.py:829} INFO - Processing file /opt/airflow/dags/report_hourly_dag.py for tasks to queue
[2026-06-19T20:27:27.423+0000] {logging_mixin.py:154} INFO - [2026-06-19T20:27:27.423+0000] {dagbag.py:536} INFO - Filling up the DagBag from /opt/airflow/dags/report_hourly_dag.py
[2026-06-19T20:27:27.437+0000] {processor.py:839} INFO - DAG(s) dict_keys(['report_hourly_dag']) retrieved from /opt/airflow/dags/report_hourly_dag.py
[2026-06-19T20:27:27.458+0000] {logging_mixin.py:154} INFO - [2026-06-19T20:27:27.458+0000] {dag.py:2941} INFO - Sync 1 DAGs
[2026-06-19T20:27:27.481+0000] {logging_mixin.py:154} INFO - [2026-06-19T20:27:27.480+0000] {dag.py:3722} INFO - Setting next_dagrun for report_hourly_dag to 2026-06-19T01:58:00+00:00, run_after=2026-06-19T01:59:00+00:00
[2026-06-19T20:27:27.496+0000] {processor.py:179} INFO - Processing /opt/airflow/dags/report_hourly_dag.py took 0.081 seconds
[2026-06-19T20:27:57.733+0000] {processor.py:157} INFO - Started process (PID=4053) to work on /opt/airflow/dags/report_hourly_dag.py
[2026-06-19T20:27:57.734+0000] {processor.py:829} INFO - Processing file /opt/airflow/dags/report_hourly_dag.py for tasks to queue
[2026-06-19T20:27:57.734+0000] {logging_mixin.py:154} INFO - [2026-06-19T20:27:57.734+0000] {dagbag.py:536} INFO - Filling up the DagBag from /opt/airflow/dags/report_hourly_dag.py
[2026-06-19T20:27:57.745+0000] {processor.py:839} INFO - DAG(s) dict_keys(['report_hourly_dag']) retrieved from /opt/airflow/dags/report_hourly_dag.py
[2026-06-19T20:27:57.761+0000] {logging_mixin.py:154} INFO - [2026-06-19T20:27:57.761+0000] {dag.py:2941} INFO - Sync 1 DAGs
[2026-06-19T20:27:57.777+0000] {logging_mixin.py:154} INFO - [2026-06-19T20:27:57.777+0000] {dag.py:3722} INFO - Setting next_dagrun for report_hourly_dag to 2026-06-19T01:58:00+00:00, run_after=2026-06-19T01:59:00+00:00
[2026-06-19T20:27:57.789+0000] {processor.py:179} INFO - Processing /opt/airflow/dags/report_hourly_dag.py took 0.062 seconds
[2026-06-19T20:28:28.015+0000] {processor.py:157} INFO - Started process (PID=4068) to work on /opt/airflow/dags/report_hourly_dag.py
[2026-06-19T20:28:28.016+0000] {processor.py:829} INFO - Processing file /opt/airflow/dags/report_hourly_dag.py for tasks to queue
[2026-06-19T20:28:28.017+0000] {logging_mixin.py:154} INFO - [2026-06-19T20:28:28.017+0000] {dagbag.py:536} INFO - Filling up the DagBag from /opt/airflow/dags/report_hourly_dag.py
[2026-06-19T20:28:28.027+0000] {processor.py:839} INFO - DAG(s) dict_keys(['report_hourly_dag']) retrieved from /opt/airflow/dags/report_hourly_dag.py
[2026-06-19T20:28:28.044+0000] {logging_mixin.py:154} INFO - [2026-06-19T20:28:28.044+0000] {dag.py:2941} INFO - Sync 1 DAGs
[2026-06-19T20:28:28.063+0000] {logging_mixin.py:154} INFO - [2026-06-19T20:28:28.062+0000] {dag.py:3722} INFO - Setting next_dagrun for report_hourly_dag to 2026-06-19T01:58:00+00:00, run_after=2026-06-19T01:59:00+00:00
[2026-06-19T20:28:28.076+0000] {processor.py:179} INFO - Processing /opt/airflow/dags/report_hourly_dag.py took 0.065 seconds
[2026-06-19T20:28:58.296+0000] {processor.py:157} INFO - Started process (PID=4083) to work on /opt/airflow/dags/report_hourly_dag.py
[2026-06-19T20:28:58.297+0000] {processor.py:829} INFO - Processing file /opt/airflow/dags/report_hourly_dag.py for tasks to queue
[2026-06-19T20:28:58.298+0000] {logging_mixin.py:154} INFO - [2026-06-19T20:28:58.298+0000] {dagbag.py:536} INFO - Filling up the DagBag from /opt/airflow/dags/report_hourly_dag.py
[2026-06-19T20:28:58.310+0000] {processor.py:839} INFO - DAG(s) dict_keys(['report_hourly_dag']) retrieved from /opt/airflow/dags/report_hourly_dag.py
[2026-06-19T20:28:58.328+0000] {logging_mixin.py:154} INFO - [2026-06-19T20:28:58.328+0000] {dag.py:2941} INFO - Sync 1 DAGs
[2026-06-19T20:28:58.344+0000] {logging_mixin.py:154} INFO - [2026-06-19T20:28:58.344+0000] {dag.py:3722} INFO - Setting next_dagrun for report_hourly_dag to 2026-06-19T01:58:00+00:00, run_after=2026-06-19T01:59:00+00:00
[2026-06-19T20:28:58.357+0000] {processor.py:179} INFO - Processing /opt/airflow/dags/report_hourly_dag.py took 0.065 seconds
[2026-06-19T20:29:28.583+0000] {processor.py:157} INFO - Started process (PID=4098) to work on /opt/airflow/dags/report_hourly_dag.py
[2026-06-19T20:29:28.583+0000] {processor.py:829} INFO - Processing file /opt/airflow/dags/report_hourly_dag.py for tasks to queue
[2026-06-19T20:29:28.584+0000] {logging_mixin.py:154} INFO - [2026-06-19T20:29:28.583+0000] {dagbag.py:536} INFO - Filling up the DagBag from /opt/airflow/dags/report_hourly_dag.py
[2026-06-19T20:29:28.591+0000] {processor.py:839} INFO - DAG(s) dict_keys(['report_hourly_dag']) retrieved from /opt/airflow/dags/report_hourly_dag.py
[2026-06-19T20:29:28.606+0000] {logging_mixin.py:154} INFO - [2026-06-19T20:29:28.606+0000] {dag.py:2941} INFO - Sync 1 DAGs
[2026-06-19T20:29:28.623+0000] {logging_mixin.py:154} INFO - [2026-06-19T20:29:28.623+0000] {dag.py:3722} INFO - Setting next_dagrun for report_hourly_dag to 2026-06-19T01:58:00+00:00, run_after=2026-06-19T01:59:00+00:00
[2026-06-19T20:29:28.640+0000] {processor.py:179} INFO - Processing /opt/airflow/dags/report_hourly_dag.py took 0.060 seconds
[2026-06-19T20:29:58.866+0000] {processor.py:157} INFO - Started process (PID=4113) to work on /opt/airflow/dags/report_hourly_dag.py
[2026-06-19T20:29:58.870+0000] {processor.py:829} INFO - Processing file /opt/airflow/dags/report_hourly_dag.py for tasks to queue
[2026-06-19T20:29:58.871+0000] {logging_mixin.py:154} INFO - [2026-06-19T20:29:58.871+0000] {dagbag.py:536} INFO - Filling up the DagBag from /opt/airflow/dags/report_hourly_dag.py
[2026-06-19T20:29:58.887+0000] {processor.py:839} INFO - DAG(s) dict_keys(['report_hourly_dag']) retrieved from /opt/airflow/dags/report_hourly_dag.py
[2026-06-19T20:29:58.904+0000] {logging_mixin.py:154} INFO - [2026-06-19T20:29:58.904+0000] {dag.py:2941} INFO - Sync 1 DAGs
[2026-06-19T20:29:58.921+0000] {logging_mixin.py:154} INFO - [2026-06-19T20:29:58.920+0000] {dag.py:3722} INFO - Setting next_dagrun for report_hourly_dag to 2026-06-19T01:58:00+00:00, run_after=2026-06-19T01:59:00+00:00
[2026-06-19T20:29:58.941+0000] {processor.py:179} INFO - Processing /opt/airflow/dags/report_hourly_dag.py took 0.079 seconds
[2026-06-19T20:30:29.174+0000] {processor.py:157} INFO - Started process (PID=4128) to work on /opt/airflow/dags/report_hourly_dag.py
[2026-06-19T20:30:29.174+0000] {processor.py:829} INFO - Processing file /opt/airflow/dags/report_hourly_dag.py for tasks to queue
[2026-06-19T20:30:29.175+0000] {logging_mixin.py:154} INFO - [2026-06-19T20:30:29.175+0000] {dagbag.py:536} INFO - Filling up the DagBag from /opt/airflow/dags/report_hourly_dag.py
[2026-06-19T20:30:29.185+0000] {processor.py:839} INFO - DAG(s) dict_keys(['report_hourly_dag']) retrieved from /opt/airflow/dags/report_hourly_dag.py
[2026-06-19T20:30:29.202+0000] {logging_mixin.py:154} INFO - [2026-06-19T20:30:29.202+0000] {dag.py:2941} INFO - Sync 1 DAGs
[2026-06-19T20:30:29.218+0000] {logging_mixin.py:154} INFO - [2026-06-19T20:30:29.218+0000] {dag.py:3722} INFO - Setting next_dagrun for report_hourly_dag to 2026-06-19T01:58:00+00:00, run_after=2026-06-19T01:59:00+00:00
[2026-06-19T20:30:29.232+0000] {processor.py:179} INFO - Processing /opt/airflow/dags/report_hourly_dag.py took 0.062 seconds
[2026-06-19T20:30:59.451+0000] {processor.py:157} INFO - Started process (PID=4143) to work on /opt/airflow/dags/report_hourly_dag.py
[2026-06-19T20:30:59.454+0000] {processor.py:829} INFO - Processing file /opt/airflow/dags/report_hourly_dag.py for tasks to queue
[2026-06-19T20:30:59.455+0000] {logging_mixin.py:154} INFO - [2026-06-19T20:30:59.454+0000] {dagbag.py:536} INFO - Filling up the DagBag from /opt/airflow/dags/report_hourly_dag.py
[2026-06-19T20:30:59.466+0000] {processor.py:839} INFO - DAG(s) dict_keys(['report_hourly_dag']) retrieved from /opt/airflow/dags/report_hourly_dag.py
[2026-06-19T20:30:59.489+0000] {logging_mixin.py:154} INFO - [2026-06-19T20:30:59.489+0000] {dag.py:2941} INFO - Sync 1 DAGs
[2026-06-19T20:30:59.507+0000] {logging_mixin.py:154} INFO - [2026-06-19T20:30:59.507+0000] {dag.py:3722} INFO - Setting next_dagrun for report_hourly_dag to 2026-06-19T01:58:00+00:00, run_after=2026-06-19T01:59:00+00:00
[2026-06-19T20:30:59.520+0000] {processor.py:179} INFO - Processing /opt/airflow/dags/report_hourly_dag.py took 0.072 seconds
[2026-06-19T20:31:29.755+0000] {processor.py:157} INFO - Started process (PID=4158) to work on /opt/airflow/dags/report_hourly_dag.py
[2026-06-19T20:31:29.756+0000] {processor.py:829} INFO - Processing file /opt/airflow/dags/report_hourly_dag.py for tasks to queue
[2026-06-19T20:31:29.757+0000] {logging_mixin.py:154} INFO - [2026-06-19T20:31:29.756+0000] {dagbag.py:536} INFO - Filling up the DagBag from /opt/airflow/dags/report_hourly_dag.py
[2026-06-19T20:31:29.768+0000] {processor.py:839} INFO - DAG(s) dict_keys(['report_hourly_dag']) retrieved from /opt/airflow/dags/report_hourly_dag.py
[2026-06-19T20:31:29.787+0000] {logging_mixin.py:154} INFO - [2026-06-19T20:31:29.787+0000] {dag.py:2941} INFO - Sync 1 DAGs
[2026-06-19T20:31:29.808+0000] {logging_mixin.py:154} INFO - [2026-06-19T20:31:29.808+0000] {dag.py:3722} INFO - Setting next_dagrun for report_hourly_dag to 2026-06-19T01:58:00+00:00, run_after=2026-06-19T01:59:00+00:00
[2026-06-19T20:31:29.820+0000] {processor.py:179} INFO - Processing /opt/airflow/dags/report_hourly_dag.py took 0.071 seconds
[2026-06-19T20:32:00.075+0000] {processor.py:157} INFO - Started process (PID=4173) to work on /opt/airflow/dags/report_hourly_dag.py
[2026-06-19T20:32:00.079+0000] {processor.py:829} INFO - Processing file /opt/airflow/dags/report_hourly_dag.py for tasks to queue
[2026-06-19T20:32:00.079+0000] {logging_mixin.py:154} INFO - [2026-06-19T20:32:00.079+0000] {dagbag.py:536} INFO - Filling up the DagBag from /opt/airflow/dags/report_hourly_dag.py
[2026-06-19T20:32:00.091+0000] {processor.py:839} INFO - DAG(s) dict_keys(['report_hourly_dag']) retrieved from /opt/airflow/dags/report_hourly_dag.py
[2026-06-19T20:32:00.110+0000] {logging_mixin.py:154} INFO - [2026-06-19T20:32:00.110+0000] {dag.py:2941} INFO - Sync 1 DAGs
[2026-06-19T20:32:00.128+0000] {logging_mixin.py:154} INFO - [2026-06-19T20:32:00.128+0000] {dag.py:3722} INFO - Setting next_dagrun for report_hourly_dag to 2026-06-19T01:58:00+00:00, run_after=2026-06-19T01:59:00+00:00
[2026-06-19T20:32:00.140+0000] {processor.py:179} INFO - Processing /opt/airflow/dags/report_hourly_dag.py took 0.069 seconds
[2026-06-19T20:32:30.351+0000] {processor.py:157} INFO - Started process (PID=4188) to work on /opt/airflow/dags/report_hourly_dag.py
[2026-06-19T20:32:30.351+0000] {processor.py:829} INFO - Processing file /opt/airflow/dags/report_hourly_dag.py for tasks to queue
[2026-06-19T20:32:30.352+0000] {logging_mixin.py:154} INFO - [2026-06-19T20:32:30.352+0000] {dagbag.py:536} INFO - Filling up the DagBag from /opt/airflow/dags/report_hourly_dag.py
[2026-06-19T20:32:30.361+0000] {processor.py:839} INFO - DAG(s) dict_keys(['report_hourly_dag']) retrieved from /opt/airflow/dags/report_hourly_dag.py
[2026-06-19T20:32:30.377+0000] {logging_mixin.py:154} INFO - [2026-06-19T20:32:30.377+0000] {dag.py:2941} INFO - Sync 1 DAGs
[2026-06-19T20:32:30.394+0000] {logging_mixin.py:154} INFO - [2026-06-19T20:32:30.394+0000] {dag.py:3722} INFO - Setting next_dagrun for report_hourly_dag to 2026-06-19T01:58:00+00:00, run_after=2026-06-19T01:59:00+00:00
[2026-06-19T20:32:30.407+0000] {processor.py:179} INFO - Processing /opt/airflow/dags/report_hourly_dag.py took 0.060 seconds
[2026-06-19T20:33:00.638+0000] {processor.py:157} INFO - Started process (PID=4203) to work on /opt/airflow/dags/report_hourly_dag.py
[2026-06-19T20:33:00.640+0000] {processor.py:829} INFO - Processing file /opt/airflow/dags/report_hourly_dag.py for tasks to queue
[2026-06-19T20:33:00.641+0000] {logging_mixin.py:154} INFO - [2026-06-19T20:33:00.641+0000] {dagbag.py:536} INFO - Filling up the DagBag from /opt/airflow/dags/report_hourly_dag.py
[2026-06-19T20:33:00.655+0000] {processor.py:839} INFO - DAG(s) dict_keys(['report_hourly_dag']) retrieved from /opt/airflow/dags/report_hourly_dag.py
[2026-06-19T20:33:00.674+0000] {logging_mixin.py:154} INFO - [2026-06-19T20:33:00.673+0000] {dag.py:2941} INFO - Sync 1 DAGs
[2026-06-19T20:33:00.691+0000] {logging_mixin.py:154} INFO - [2026-06-19T20:33:00.691+0000] {dag.py:3722} INFO - Setting next_dagrun for report_hourly_dag to 2026-06-19T01:58:00+00:00, run_after=2026-06-19T01:59:00+00:00
[2026-06-19T20:33:00.704+0000] {processor.py:179} INFO - Processing /opt/airflow/dags/report_hourly_dag.py took 0.071 seconds
[2026-06-19T20:33:30.908+0000] {processor.py:157} INFO - Started process (PID=4218) to work on /opt/airflow/dags/report_hourly_dag.py
[2026-06-19T20:33:30.909+0000] {processor.py:829} INFO - Processing file /opt/airflow/dags/report_hourly_dag.py for tasks to queue
[2026-06-19T20:33:30.909+0000] {logging_mixin.py:154} INFO - [2026-06-19T20:33:30.909+0000] {dagbag.py:536} INFO - Filling up the DagBag from /opt/airflow/dags/report_hourly_dag.py
[2026-06-19T20:33:30.917+0000] {processor.py:839} INFO - DAG(s) dict_keys(['report_hourly_dag']) retrieved from /opt/airflow/dags/report_hourly_dag.py
[2026-06-19T20:33:30.933+0000] {logging_mixin.py:154} INFO - [2026-06-19T20:33:30.933+0000] {dag.py:2941} INFO - Sync 1 DAGs
[2026-06-19T20:33:30.950+0000] {logging_mixin.py:154} INFO - [2026-06-19T20:33:30.950+0000] {dag.py:3722} INFO - Setting next_dagrun for report_hourly_dag to 2026-06-19T01:58:00+00:00, run_after=2026-06-19T01:59:00+00:00
[2026-06-19T20:33:30.963+0000] {processor.py:179} INFO - Processing /opt/airflow/dags/report_hourly_dag.py took 0.058 seconds
[2026-06-19T20:34:01.192+0000] {processor.py:157} INFO - Started process (PID=4233) to work on /opt/airflow/dags/report_hourly_dag.py
[2026-06-19T20:34:01.195+0000] {processor.py:829} INFO - Processing file /opt/airflow/dags/report_hourly_dag.py for tasks to queue
[2026-06-19T20:34:01.196+0000] {logging_mixin.py:154} INFO - [2026-06-19T20:34:01.195+0000] {dagbag.py:536} INFO - Filling up the DagBag from /opt/airflow/dags/report_hourly_dag.py
[2026-06-19T20:34:01.206+0000] {processor.py:839} INFO - DAG(s) dict_keys(['report_hourly_dag']) retrieved from /opt/airflow/dags/report_hourly_dag.py
[2026-06-19T20:34:01.229+0000] {logging_mixin.py:154} INFO - [2026-06-19T20:34:01.229+0000] {dag.py:2941} INFO - Sync 1 DAGs
[2026-06-19T20:34:01.251+0000] {logging_mixin.py:154} INFO - [2026-06-19T20:34:01.251+0000] {dag.py:3722} INFO - Setting next_dagrun for report_hourly_dag to 2026-06-19T01:58:00+00:00, run_after=2026-06-19T01:59:00+00:00
[2026-06-19T20:34:01.276+0000] {processor.py:179} INFO - Processing /opt/airflow/dags/report_hourly_dag.py took 0.088 seconds
[2026-06-19T20:34:31.516+0000] {processor.py:157} INFO - Started process (PID=4248) to work on /opt/airflow/dags/report_hourly_dag.py
[2026-06-19T20:34:31.516+0000] {processor.py:829} INFO - Processing file /opt/airflow/dags/report_hourly_dag.py for tasks to queue
[2026-06-19T20:34:31.517+0000] {logging_mixin.py:154} INFO - [2026-06-19T20:34:31.517+0000] {dagbag.py:536} INFO - Filling up the DagBag from /opt/airflow/dags/report_hourly_dag.py
[2026-06-19T20:34:31.527+0000] {processor.py:839} INFO - DAG(s) dict_keys(['report_hourly_dag']) retrieved from /opt/airflow/dags/report_hourly_dag.py
[2026-06-19T20:34:31.545+0000] {logging_mixin.py:154} INFO - [2026-06-19T20:34:31.545+0000] {dag.py:2941} INFO - Sync 1 DAGs
[2026-06-19T20:34:31.564+0000] {logging_mixin.py:154} INFO - [2026-06-19T20:34:31.564+0000] {dag.py:3722} INFO - Setting next_dagrun for report_hourly_dag to 2026-06-19T01:58:00+00:00, run_after=2026-06-19T01:59:00+00:00
[2026-06-19T20:34:31.576+0000] {processor.py:179} INFO - Processing /opt/airflow/dags/report_hourly_dag.py took 0.063 seconds
[2026-06-19T20:35:01.806+0000] {processor.py:157} INFO - Started process (PID=4263) to work on /opt/airflow/dags/report_hourly_dag.py
[2026-06-19T20:35:01.809+0000] {processor.py:829} INFO - Processing file /opt/airflow/dags/report_hourly_dag.py for tasks to queue
[2026-06-19T20:35:01.809+0000] {logging_mixin.py:154} INFO - [2026-06-19T20:35:01.809+0000] {dagbag.py:536} INFO - Filling up the DagBag from /opt/airflow/dags/report_hourly_dag.py
[2026-06-19T20:35:01.819+0000] {processor.py:839} INFO - DAG(s) dict_keys(['report_hourly_dag']) retrieved from /opt/airflow/dags/report_hourly_dag.py
[2026-06-19T20:35:01.834+0000] {logging_mixin.py:154} INFO - [2026-06-19T20:35:01.834+0000] {dag.py:2941} INFO - Sync 1 DAGs
[2026-06-19T20:35:01.851+0000] {logging_mixin.py:154} INFO - [2026-06-19T20:35:01.851+0000] {dag.py:3722} INFO - Setting next_dagrun for report_hourly_dag to 2026-06-19T01:58:00+00:00, run_after=2026-06-19T01:59:00+00:00
[2026-06-19T20:35:01.862+0000] {processor.py:179} INFO - Processing /opt/airflow/dags/report_hourly_dag.py took 0.061 seconds
[2026-06-19T20:35:32.084+0000] {processor.py:157} INFO - Started process (PID=4278) to work on /opt/airflow/dags/report_hourly_dag.py
[2026-06-19T20:35:32.085+0000] {processor.py:829} INFO - Processing file /opt/airflow/dags/report_hourly_dag.py for tasks to queue
[2026-06-19T20:35:32.086+0000] {logging_mixin.py:154} INFO - [2026-06-19T20:35:32.085+0000] {dagbag.py:536} INFO - Filling up the DagBag from /opt/airflow/dags/report_hourly_dag.py
[2026-06-19T20:35:32.096+0000] {processor.py:839} INFO - DAG(s) dict_keys(['report_hourly_dag']) retrieved from /opt/airflow/dags/report_hourly_dag.py
[2026-06-19T20:35:32.112+0000] {logging_mixin.py:154} INFO - [2026-06-19T20:35:32.112+0000] {dag.py:2941} INFO - Sync 1 DAGs
[2026-06-19T20:35:32.204+0000] {logging_mixin.py:154} INFO - [2026-06-19T20:35:32.204+0000] {dag.py:3722} INFO - Setting next_dagrun for report_hourly_dag to 2026-06-19T01:58:00+00:00, run_after=2026-06-19T01:59:00+00:00
[2026-06-19T20:35:32.216+0000] {processor.py:179} INFO - Processing /opt/airflow/dags/report_hourly_dag.py took 0.135 seconds
[2026-06-19T20:36:02.442+0000] {processor.py:157} INFO - Started process (PID=4293) to work on /opt/airflow/dags/report_hourly_dag.py
[2026-06-19T20:36:02.446+0000] {processor.py:829} INFO - Processing file /opt/airflow/dags/report_hourly_dag.py for tasks to queue
[2026-06-19T20:36:02.447+0000] {logging_mixin.py:154} INFO - [2026-06-19T20:36:02.447+0000] {dagbag.py:536} INFO - Filling up the DagBag from /opt/airflow/dags/report_hourly_dag.py
[2026-06-19T20:36:02.462+0000] {processor.py:839} INFO - DAG(s) dict_keys(['report_hourly_dag']) retrieved from /opt/airflow/dags/report_hourly_dag.py
[2026-06-19T20:36:02.480+0000] {logging_mixin.py:154} INFO - [2026-06-19T20:36:02.480+0000] {dag.py:2941} INFO - Sync 1 DAGs
[2026-06-19T20:36:02.497+0000] {logging_mixin.py:154} INFO - [2026-06-19T20:36:02.497+0000] {dag.py:3722} INFO - Setting next_dagrun for report_hourly_dag to 2026-06-19T01:58:00+00:00, run_after=2026-06-19T01:59:00+00:00
[2026-06-19T20:36:02.520+0000] {processor.py:179} INFO - Processing /opt/airflow/dags/report_hourly_dag.py took 0.081 seconds
[2026-06-19T20:36:32.747+0000] {processor.py:157} INFO - Started process (PID=4308) to work on /opt/airflow/dags/report_hourly_dag.py
[2026-06-19T20:36:32.748+0000] {processor.py:829} INFO - Processing file /opt/airflow/dags/report_hourly_dag.py for tasks to queue
[2026-06-19T20:36:32.749+0000] {logging_mixin.py:154} INFO - [2026-06-19T20:36:32.748+0000] {dagbag.py:536} INFO - Filling up the DagBag from /opt/airflow/dags/report_hourly_dag.py
[2026-06-19T20:36:32.758+0000] {processor.py:839} INFO - DAG(s) dict_keys(['report_hourly_dag']) retrieved from /opt/airflow/dags/report_hourly_dag.py
[2026-06-19T20:36:32.774+0000] {logging_mixin.py:154} INFO - [2026-06-19T20:36:32.774+0000] {dag.py:2941} INFO - Sync 1 DAGs
[2026-06-19T20:36:32.790+0000] {logging_mixin.py:154} INFO - [2026-06-19T20:36:32.790+0000] {dag.py:3722} INFO - Setting next_dagrun for report_hourly_dag to 2026-06-19T01:58:00+00:00, run_after=2026-06-19T01:59:00+00:00
[2026-06-19T20:36:32.808+0000] {processor.py:179} INFO - Processing /opt/airflow/dags/report_hourly_dag.py took 0.065 seconds
[2026-06-19T20:37:03.040+0000] {processor.py:157} INFO - Started process (PID=4323) to work on /opt/airflow/dags/report_hourly_dag.py
[2026-06-19T20:37:03.042+0000] {processor.py:829} INFO - Processing file /opt/airflow/dags/report_hourly_dag.py for tasks to queue
[2026-06-19T20:37:03.043+0000] {logging_mixin.py:154} INFO - [2026-06-19T20:37:03.043+0000] {dagbag.py:536} INFO - Filling up the DagBag from /opt/airflow/dags/report_hourly_dag.py
[2026-06-19T20:37:03.059+0000] {processor.py:839} INFO - DAG(s) dict_keys(['report_hourly_dag']) retrieved from /opt/airflow/dags/report_hourly_dag.py
[2026-06-19T20:37:03.078+0000] {logging_mixin.py:154} INFO - [2026-06-19T20:37:03.078+0000] {dag.py:2941} INFO - Sync 1 DAGs
[2026-06-19T20:37:03.095+0000] {logging_mixin.py:154} INFO - [2026-06-19T20:37:03.095+0000] {dag.py:3722} INFO - Setting next_dagrun for report_hourly_dag to 2026-06-19T01:58:00+00:00, run_after=2026-06-19T01:59:00+00:00
[2026-06-19T20:37:03.118+0000] {processor.py:179} INFO - Processing /opt/airflow/dags/report_hourly_dag.py took 0.083 seconds
[2026-06-19T20:37:33.345+0000] {processor.py:157} INFO - Started process (PID=4338) to work on /opt/airflow/dags/report_hourly_dag.py
[2026-06-19T20:37:33.346+0000] {processor.py:829} INFO - Processing file /opt/airflow/dags/report_hourly_dag.py for tasks to queue
[2026-06-19T20:37:33.347+0000] {logging_mixin.py:154} INFO - [2026-06-19T20:37:33.347+0000] {dagbag.py:536} INFO - Filling up the DagBag from /opt/airflow/dags/report_hourly_dag.py
[2026-06-19T20:37:33.362+0000] {processor.py:839} INFO - DAG(s) dict_keys(['report_hourly_dag']) retrieved from /opt/airflow/dags/report_hourly_dag.py
[2026-06-19T20:37:33.381+0000] {logging_mixin.py:154} INFO - [2026-06-19T20:37:33.381+0000] {dag.py:2941} INFO - Sync 1 DAGs
[2026-06-19T20:37:33.474+0000] {logging_mixin.py:154} INFO - [2026-06-19T20:37:33.474+0000] {dag.py:3722} INFO - Setting next_dagrun for report_hourly_dag to 2026-06-19T01:58:00+00:00, run_after=2026-06-19T01:59:00+00:00
[2026-06-19T20:37:33.486+0000] {processor.py:179} INFO - Processing /opt/airflow/dags/report_hourly_dag.py took 0.147 seconds
[2026-06-19T20:38:03.769+0000] {processor.py:157} INFO - Started process (PID=4353) to work on /opt/airflow/dags/report_hourly_dag.py
[2026-06-19T20:38:03.771+0000] {processor.py:829} INFO - Processing file /opt/airflow/dags/report_hourly_dag.py for tasks to queue
[2026-06-19T20:38:03.772+0000] {logging_mixin.py:154} INFO - [2026-06-19T20:38:03.772+0000] {dagbag.py:536} INFO - Filling up the DagBag from /opt/airflow/dags/report_hourly_dag.py
[2026-06-19T20:38:03.782+0000] {processor.py:839} INFO - DAG(s) dict_keys(['report_hourly_dag']) retrieved from /opt/airflow/dags/report_hourly_dag.py
[2026-06-19T20:38:03.798+0000] {logging_mixin.py:154} INFO - [2026-06-19T20:38:03.798+0000] {dag.py:2941} INFO - Sync 1 DAGs
[2026-06-19T20:38:03.815+0000] {logging_mixin.py:154} INFO - [2026-06-19T20:38:03.815+0000] {dag.py:3722} INFO - Setting next_dagrun for report_hourly_dag to 2026-06-19T01:58:00+00:00, run_after=2026-06-19T01:59:00+00:00
[2026-06-19T20:38:03.827+0000] {processor.py:179} INFO - Processing /opt/airflow/dags/report_hourly_dag.py took 0.063 seconds
[2026-06-19T20:38:34.057+0000] {processor.py:157} INFO - Started process (PID=4368) to work on /opt/airflow/dags/report_hourly_dag.py
[2026-06-19T20:38:34.058+0000] {processor.py:829} INFO - Processing file /opt/airflow/dags/report_hourly_dag.py for tasks to queue
[2026-06-19T20:38:34.059+0000] {logging_mixin.py:154} INFO - [2026-06-19T20:38:34.058+0000] {dagbag.py:536} INFO - Filling up the DagBag from /opt/airflow/dags/report_hourly_dag.py
[2026-06-19T20:38:34.069+0000] {processor.py:839} INFO - DAG(s) dict_keys(['report_hourly_dag']) retrieved from /opt/airflow/dags/report_hourly_dag.py
[2026-06-19T20:38:34.089+0000] {logging_mixin.py:154} INFO - [2026-06-19T20:38:34.088+0000] {dag.py:2941} INFO - Sync 1 DAGs
[2026-06-19T20:38:34.113+0000] {logging_mixin.py:154} INFO - [2026-06-19T20:38:34.113+0000] {dag.py:3722} INFO - Setting next_dagrun for report_hourly_dag to 2026-06-19T01:58:00+00:00, run_after=2026-06-19T01:59:00+00:00
[2026-06-19T20:38:34.126+0000] {processor.py:179} INFO - Processing /opt/airflow/dags/report_hourly_dag.py took 0.073 seconds
[2026-06-19T20:39:04.368+0000] {processor.py:157} INFO - Started process (PID=4383) to work on /opt/airflow/dags/report_hourly_dag.py
[2026-06-19T20:39:04.371+0000] {processor.py:829} INFO - Processing file /opt/airflow/dags/report_hourly_dag.py for tasks to queue
[2026-06-19T20:39:04.372+0000] {logging_mixin.py:154} INFO - [2026-06-19T20:39:04.372+0000] {dagbag.py:536} INFO - Filling up the DagBag from /opt/airflow/dags/report_hourly_dag.py
[2026-06-19T20:39:04.382+0000] {processor.py:839} INFO - DAG(s) dict_keys(['report_hourly_dag']) retrieved from /opt/airflow/dags/report_hourly_dag.py
[2026-06-19T20:39:04.403+0000] {logging_mixin.py:154} INFO - [2026-06-19T20:39:04.403+0000] {dag.py:2941} INFO - Sync 1 DAGs
[2026-06-19T20:39:04.421+0000] {logging_mixin.py:154} INFO - [2026-06-19T20:39:04.420+0000] {dag.py:3722} INFO - Setting next_dagrun for report_hourly_dag to 2026-06-19T01:58:00+00:00, run_after=2026-06-19T01:59:00+00:00
[2026-06-19T20:39:04.433+0000] {processor.py:179} INFO - Processing /opt/airflow/dags/report_hourly_dag.py took 0.069 seconds
[2026-06-19T20:39:34.652+0000] {processor.py:157} INFO - Started process (PID=4398) to work on /opt/airflow/dags/report_hourly_dag.py
[2026-06-19T20:39:34.652+0000] {processor.py:829} INFO - Processing file /opt/airflow/dags/report_hourly_dag.py for tasks to queue
[2026-06-19T20:39:34.653+0000] {logging_mixin.py:154} INFO - [2026-06-19T20:39:34.653+0000] {dagbag.py:536} INFO - Filling up the DagBag from /opt/airflow/dags/report_hourly_dag.py
[2026-06-19T20:39:34.661+0000] {processor.py:839} INFO - DAG(s) dict_keys(['report_hourly_dag']) retrieved from /opt/airflow/dags/report_hourly_dag.py
[2026-06-19T20:39:34.679+0000] {logging_mixin.py:154} INFO - [2026-06-19T20:39:34.679+0000] {dag.py:2941} INFO - Sync 1 DAGs
[2026-06-19T20:39:34.700+0000] {logging_mixin.py:154} INFO - [2026-06-19T20:39:34.700+0000] {dag.py:3722} INFO - Setting next_dagrun for report_hourly_dag to 2026-06-19T01:58:00+00:00, run_after=2026-06-19T01:59:00+00:00
[2026-06-19T20:39:34.714+0000] {processor.py:179} INFO - Processing /opt/airflow/dags/report_hourly_dag.py took 0.065 seconds
[2026-06-19T20:40:04.941+0000] {processor.py:157} INFO - Started process (PID=4413) to work on /opt/airflow/dags/report_hourly_dag.py
[2026-06-19T20:40:04.942+0000] {processor.py:829} INFO - Processing file /opt/airflow/dags/report_hourly_dag.py for tasks to queue
[2026-06-19T20:40:04.943+0000] {logging_mixin.py:154} INFO - [2026-06-19T20:40:04.943+0000] {dagbag.py:536} INFO - Filling up the DagBag from /opt/airflow/dags/report_hourly_dag.py
[2026-06-19T20:40:04.953+0000] {processor.py:839} INFO - DAG(s) dict_keys(['report_hourly_dag']) retrieved from /opt/airflow/dags/report_hourly_dag.py
[2026-06-19T20:40:04.968+0000] {logging_mixin.py:154} INFO - [2026-06-19T20:40:04.968+0000] {dag.py:2941} INFO - Sync 1 DAGs
[2026-06-19T20:40:04.984+0000] {logging_mixin.py:154} INFO - [2026-06-19T20:40:04.984+0000] {dag.py:3722} INFO - Setting next_dagrun for report_hourly_dag to 2026-06-19T01:58:00+00:00, run_after=2026-06-19T01:59:00+00:00
[2026-06-19T20:40:05.002+0000] {processor.py:179} INFO - Processing /opt/airflow/dags/report_hourly_dag.py took 0.067 seconds
[2026-06-19T20:40:35.210+0000] {processor.py:157} INFO - Started process (PID=4428) to work on /opt/airflow/dags/report_hourly_dag.py
[2026-06-19T20:40:35.211+0000] {processor.py:829} INFO - Processing file /opt/airflow/dags/report_hourly_dag.py for tasks to queue
[2026-06-19T20:40:35.212+0000] {logging_mixin.py:154} INFO - [2026-06-19T20:40:35.212+0000] {dagbag.py:536} INFO - Filling up the DagBag from /opt/airflow/dags/report_hourly_dag.py
[2026-06-19T20:40:35.224+0000] {processor.py:839} INFO - DAG(s) dict_keys(['report_hourly_dag']) retrieved from /opt/airflow/dags/report_hourly_dag.py
[2026-06-19T20:40:35.240+0000] {logging_mixin.py:154} INFO - [2026-06-19T20:40:35.240+0000] {dag.py:2941} INFO - Sync 1 DAGs
[2026-06-19T20:40:35.256+0000] {logging_mixin.py:154} INFO - [2026-06-19T20:40:35.256+0000] {dag.py:3722} INFO - Setting next_dagrun for report_hourly_dag to 2026-06-19T01:58:00+00:00, run_after=2026-06-19T01:59:00+00:00
[2026-06-19T20:40:35.267+0000] {processor.py:179} INFO - Processing /opt/airflow/dags/report_hourly_dag.py took 0.062 seconds
[2026-06-19T20:41:05.497+0000] {processor.py:157} INFO - Started process (PID=4443) to work on /opt/airflow/dags/report_hourly_dag.py
[2026-06-19T20:41:05.501+0000] {processor.py:829} INFO - Processing file /opt/airflow/dags/report_hourly_dag.py for tasks to queue
[2026-06-19T20:41:05.502+0000] {logging_mixin.py:154} INFO - [2026-06-19T20:41:05.502+0000] {dagbag.py:536} INFO - Filling up the DagBag from /opt/airflow/dags/report_hourly_dag.py
[2026-06-19T20:41:05.510+0000] {processor.py:839} INFO - DAG(s) dict_keys(['report_hourly_dag']) retrieved from /opt/airflow/dags/report_hourly_dag.py
[2026-06-19T20:41:05.526+0000] {logging_mixin.py:154} INFO - [2026-06-19T20:41:05.526+0000] {dag.py:2941} INFO - Sync 1 DAGs
[2026-06-19T20:41:05.543+0000] {logging_mixin.py:154} INFO - [2026-06-19T20:41:05.543+0000] {dag.py:3722} INFO - Setting next_dagrun for report_hourly_dag to 2026-06-19T01:58:00+00:00, run_after=2026-06-19T01:59:00+00:00
[2026-06-19T20:41:05.565+0000] {processor.py:179} INFO - Processing /opt/airflow/dags/report_hourly_dag.py took 0.071 seconds
[2026-06-19T20:41:35.793+0000] {processor.py:157} INFO - Started process (PID=4458) to work on /opt/airflow/dags/report_hourly_dag.py
[2026-06-19T20:41:35.794+0000] {processor.py:829} INFO - Processing file /opt/airflow/dags/report_hourly_dag.py for tasks to queue
[2026-06-19T20:41:35.794+0000] {logging_mixin.py:154} INFO - [2026-06-19T20:41:35.794+0000] {dagbag.py:536} INFO - Filling up the DagBag from /opt/airflow/dags/report_hourly_dag.py
[2026-06-19T20:41:35.804+0000] {processor.py:839} INFO - DAG(s) dict_keys(['report_hourly_dag']) retrieved from /opt/airflow/dags/report_hourly_dag.py
[2026-06-19T20:41:35.820+0000] {logging_mixin.py:154} INFO - [2026-06-19T20:41:35.819+0000] {dag.py:2941} INFO - Sync 1 DAGs
[2026-06-19T20:41:35.838+0000] {logging_mixin.py:154} INFO - [2026-06-19T20:41:35.838+0000] {dag.py:3722} INFO - Setting next_dagrun for report_hourly_dag to 2026-06-19T01:58:00+00:00, run_after=2026-06-19T01:59:00+00:00
[2026-06-19T20:41:35.865+0000] {processor.py:179} INFO - Processing /opt/airflow/dags/report_hourly_dag.py took 0.076 seconds
[2026-06-19T20:42:06.122+0000] {processor.py:157} INFO - Started process (PID=4473) to work on /opt/airflow/dags/report_hourly_dag.py
[2026-06-19T20:42:06.123+0000] {processor.py:829} INFO - Processing file /opt/airflow/dags/report_hourly_dag.py for tasks to queue
[2026-06-19T20:42:06.124+0000] {logging_mixin.py:154} INFO - [2026-06-19T20:42:06.123+0000] {dagbag.py:536} INFO - Filling up the DagBag from /opt/airflow/dags/report_hourly_dag.py
[2026-06-19T20:42:06.133+0000] {processor.py:839} INFO - DAG(s) dict_keys(['report_hourly_dag']) retrieved from /opt/airflow/dags/report_hourly_dag.py
[2026-06-19T20:42:06.153+0000] {logging_mixin.py:154} INFO - [2026-06-19T20:42:06.152+0000] {dag.py:2941} INFO - Sync 1 DAGs
[2026-06-19T20:42:06.177+0000] {logging_mixin.py:154} INFO - [2026-06-19T20:42:06.176+0000] {dag.py:3722} INFO - Setting next_dagrun for report_hourly_dag to 2026-06-19T01:58:00+00:00, run_after=2026-06-19T01:59:00+00:00
[2026-06-19T20:42:06.193+0000] {processor.py:179} INFO - Processing /opt/airflow/dags/report_hourly_dag.py took 0.076 seconds
[2026-06-19T20:42:36.426+0000] {processor.py:157} INFO - Started process (PID=4488) to work on /opt/airflow/dags/report_hourly_dag.py
[2026-06-19T20:42:36.427+0000] {processor.py:829} INFO - Processing file /opt/airflow/dags/report_hourly_dag.py for tasks to queue
[2026-06-19T20:42:36.428+0000] {logging_mixin.py:154} INFO - [2026-06-19T20:42:36.428+0000] {dagbag.py:536} INFO - Filling up the DagBag from /opt/airflow/dags/report_hourly_dag.py
[2026-06-19T20:42:36.438+0000] {processor.py:839} INFO - DAG(s) dict_keys(['report_hourly_dag']) retrieved from /opt/airflow/dags/report_hourly_dag.py
[2026-06-19T20:42:36.453+0000] {logging_mixin.py:154} INFO - [2026-06-19T20:42:36.453+0000] {dag.py:2941} INFO - Sync 1 DAGs
[2026-06-19T20:42:36.469+0000] {logging_mixin.py:154} INFO - [2026-06-19T20:42:36.469+0000] {dag.py:3722} INFO - Setting next_dagrun for report_hourly_dag to 2026-06-19T01:58:00+00:00, run_after=2026-06-19T01:59:00+00:00
[2026-06-19T20:42:36.481+0000] {processor.py:179} INFO - Processing /opt/airflow/dags/report_hourly_dag.py took 0.059 seconds
[2026-06-19T20:43:06.710+0000] {processor.py:157} INFO - Started process (PID=4503) to work on /opt/airflow/dags/report_hourly_dag.py
[2026-06-19T20:43:06.713+0000] {processor.py:829} INFO - Processing file /opt/airflow/dags/report_hourly_dag.py for tasks to queue
[2026-06-19T20:43:06.714+0000] {logging_mixin.py:154} INFO - [2026-06-19T20:43:06.714+0000] {dagbag.py:536} INFO - Filling up the DagBag from /opt/airflow/dags/report_hourly_dag.py
[2026-06-19T20:43:06.724+0000] {processor.py:839} INFO - DAG(s) dict_keys(['report_hourly_dag']) retrieved from /opt/airflow/dags/report_hourly_dag.py
[2026-06-19T20:43:06.741+0000] {logging_mixin.py:154} INFO - [2026-06-19T20:43:06.741+0000] {dag.py:2941} INFO - Sync 1 DAGs
[2026-06-19T20:43:06.757+0000] {logging_mixin.py:154} INFO - [2026-06-19T20:43:06.757+0000] {dag.py:3722} INFO - Setting next_dagrun for report_hourly_dag to 2026-06-19T01:58:00+00:00, run_after=2026-06-19T01:59:00+00:00
[2026-06-19T20:43:06.769+0000] {processor.py:179} INFO - Processing /opt/airflow/dags/report_hourly_dag.py took 0.063 seconds
[2026-06-19T20:43:36.996+0000] {processor.py:157} INFO - Started process (PID=4518) to work on /opt/airflow/dags/report_hourly_dag.py
[2026-06-19T20:43:36.997+0000] {processor.py:829} INFO - Processing file /opt/airflow/dags/report_hourly_dag.py for tasks to queue
[2026-06-19T20:43:36.998+0000] {logging_mixin.py:154} INFO - [2026-06-19T20:43:36.998+0000] {dagbag.py:536} INFO - Filling up the DagBag from /opt/airflow/dags/report_hourly_dag.py
[2026-06-19T20:43:37.009+0000] {processor.py:839} INFO - DAG(s) dict_keys(['report_hourly_dag']) retrieved from /opt/airflow/dags/report_hourly_dag.py
[2026-06-19T20:43:37.027+0000] {logging_mixin.py:154} INFO - [2026-06-19T20:43:37.027+0000] {dag.py:2941} INFO - Sync 1 DAGs
[2026-06-19T20:43:37.050+0000] {logging_mixin.py:154} INFO - [2026-06-19T20:43:37.050+0000] {dag.py:3722} INFO - Setting next_dagrun for report_hourly_dag to 2026-06-19T01:58:00+00:00, run_after=2026-06-19T01:59:00+00:00
[2026-06-19T20:43:37.062+0000] {processor.py:179} INFO - Processing /opt/airflow/dags/report_hourly_dag.py took 0.069 seconds
[2026-06-19T20:44:07.276+0000] {processor.py:157} INFO - Started process (PID=4533) to work on /opt/airflow/dags/report_hourly_dag.py
[2026-06-19T20:44:07.277+0000] {processor.py:829} INFO - Processing file /opt/airflow/dags/report_hourly_dag.py for tasks to queue
[2026-06-19T20:44:07.278+0000] {logging_mixin.py:154} INFO - [2026-06-19T20:44:07.277+0000] {dagbag.py:536} INFO - Filling up the DagBag from /opt/airflow/dags/report_hourly_dag.py
[2026-06-19T20:44:07.286+0000] {processor.py:839} INFO - DAG(s) dict_keys(['report_hourly_dag']) retrieved from /opt/airflow/dags/report_hourly_dag.py
[2026-06-19T20:44:07.301+0000] {logging_mixin.py:154} INFO - [2026-06-19T20:44:07.300+0000] {dag.py:2941} INFO - Sync 1 DAGs
[2026-06-19T20:44:07.318+0000] {logging_mixin.py:154} INFO - [2026-06-19T20:44:07.318+0000] {dag.py:3722} INFO - Setting next_dagrun for report_hourly_dag to 2026-06-19T01:58:00+00:00, run_after=2026-06-19T01:59:00+00:00
[2026-06-19T20:44:07.330+0000] {processor.py:179} INFO - Processing /opt/airflow/dags/report_hourly_dag.py took 0.057 seconds
[2026-06-19T20:44:37.565+0000] {processor.py:157} INFO - Started process (PID=4548) to work on /opt/airflow/dags/report_hourly_dag.py
[2026-06-19T20:44:37.566+0000] {processor.py:829} INFO - Processing file /opt/airflow/dags/report_hourly_dag.py for tasks to queue
[2026-06-19T20:44:37.567+0000] {logging_mixin.py:154} INFO - [2026-06-19T20:44:37.567+0000] {dagbag.py:536} INFO - Filling up the DagBag from /opt/airflow/dags/report_hourly_dag.py
[2026-06-19T20:44:37.581+0000] {processor.py:839} INFO - DAG(s) dict_keys(['report_hourly_dag']) retrieved from /opt/airflow/dags/report_hourly_dag.py
[2026-06-19T20:44:37.597+0000] {logging_mixin.py:154} INFO - [2026-06-19T20:44:37.597+0000] {dag.py:2941} INFO - Sync 1 DAGs
[2026-06-19T20:44:37.614+0000] {logging_mixin.py:154} INFO - [2026-06-19T20:44:37.614+0000] {dag.py:3722} INFO - Setting next_dagrun for report_hourly_dag to 2026-06-19T01:58:00+00:00, run_after=2026-06-19T01:59:00+00:00
[2026-06-19T20:44:37.626+0000] {processor.py:179} INFO - Processing /opt/airflow/dags/report_hourly_dag.py took 0.067 seconds
[2026-06-19T20:45:07.857+0000] {processor.py:157} INFO - Started process (PID=4563) to work on /opt/airflow/dags/report_hourly_dag.py
[2026-06-19T20:45:07.860+0000] {processor.py:829} INFO - Processing file /opt/airflow/dags/report_hourly_dag.py for tasks to queue
[2026-06-19T20:45:07.861+0000] {logging_mixin.py:154} INFO - [2026-06-19T20:45:07.861+0000] {dagbag.py:536} INFO - Filling up the DagBag from /opt/airflow/dags/report_hourly_dag.py
[2026-06-19T20:45:07.871+0000] {processor.py:839} INFO - DAG(s) dict_keys(['report_hourly_dag']) retrieved from /opt/airflow/dags/report_hourly_dag.py
[2026-06-19T20:45:07.888+0000] {logging_mixin.py:154} INFO - [2026-06-19T20:45:07.888+0000] {dag.py:2941} INFO - Sync 1 DAGs
[2026-06-19T20:45:07.904+0000] {logging_mixin.py:154} INFO - [2026-06-19T20:45:07.904+0000] {dag.py:3722} INFO - Setting next_dagrun for report_hourly_dag to 2026-06-19T01:58:00+00:00, run_after=2026-06-19T01:59:00+00:00
[2026-06-19T20:45:07.922+0000] {processor.py:179} INFO - Processing /opt/airflow/dags/report_hourly_dag.py took 0.070 seconds
[2026-06-19T20:45:38.153+0000] {processor.py:157} INFO - Started process (PID=4578) to work on /opt/airflow/dags/report_hourly_dag.py
[2026-06-19T20:45:38.154+0000] {processor.py:829} INFO - Processing file /opt/airflow/dags/report_hourly_dag.py for tasks to queue
[2026-06-19T20:45:38.155+0000] {logging_mixin.py:154} INFO - [2026-06-19T20:45:38.154+0000] {dagbag.py:536} INFO - Filling up the DagBag from /opt/airflow/dags/report_hourly_dag.py
[2026-06-19T20:45:38.165+0000] {processor.py:839} INFO - DAG(s) dict_keys(['report_hourly_dag']) retrieved from /opt/airflow/dags/report_hourly_dag.py
[2026-06-19T20:45:38.180+0000] {logging_mixin.py:154} INFO - [2026-06-19T20:45:38.180+0000] {dag.py:2941} INFO - Sync 1 DAGs
[2026-06-19T20:45:38.196+0000] {logging_mixin.py:154} INFO - [2026-06-19T20:45:38.196+0000] {dag.py:3722} INFO - Setting next_dagrun for report_hourly_dag to 2026-06-19T01:58:00+00:00, run_after=2026-06-19T01:59:00+00:00
[2026-06-19T20:45:38.208+0000] {processor.py:179} INFO - Processing /opt/airflow/dags/report_hourly_dag.py took 0.059 seconds
[2026-06-19T20:46:08.444+0000] {processor.py:157} INFO - Started process (PID=4593) to work on /opt/airflow/dags/report_hourly_dag.py
[2026-06-19T20:46:08.447+0000] {processor.py:829} INFO - Processing file /opt/airflow/dags/report_hourly_dag.py for tasks to queue
[2026-06-19T20:46:08.448+0000] {logging_mixin.py:154} INFO - [2026-06-19T20:46:08.447+0000] {dagbag.py:536} INFO - Filling up the DagBag from /opt/airflow/dags/report_hourly_dag.py
[2026-06-19T20:46:08.459+0000] {processor.py:839} INFO - DAG(s) dict_keys(['report_hourly_dag']) retrieved from /opt/airflow/dags/report_hourly_dag.py
[2026-06-19T20:46:08.481+0000] {logging_mixin.py:154} INFO - [2026-06-19T20:46:08.481+0000] {dag.py:2941} INFO - Sync 1 DAGs
[2026-06-19T20:46:08.498+0000] {logging_mixin.py:154} INFO - [2026-06-19T20:46:08.498+0000] {dag.py:3722} INFO - Setting next_dagrun for report_hourly_dag to 2026-06-19T01:58:00+00:00, run_after=2026-06-19T01:59:00+00:00
[2026-06-19T20:46:08.520+0000] {processor.py:179} INFO - Processing /opt/airflow/dags/report_hourly_dag.py took 0.079 seconds
[2026-06-19T20:46:38.747+0000] {processor.py:157} INFO - Started process (PID=4608) to work on /opt/airflow/dags/report_hourly_dag.py
[2026-06-19T20:46:38.748+0000] {processor.py:829} INFO - Processing file /opt/airflow/dags/report_hourly_dag.py for tasks to queue
[2026-06-19T20:46:38.749+0000] {logging_mixin.py:154} INFO - [2026-06-19T20:46:38.749+0000] {dagbag.py:536} INFO - Filling up the DagBag from /opt/airflow/dags/report_hourly_dag.py
[2026-06-19T20:46:38.759+0000] {processor.py:839} INFO - DAG(s) dict_keys(['report_hourly_dag']) retrieved from /opt/airflow/dags/report_hourly_dag.py
[2026-06-19T20:46:38.775+0000] {logging_mixin.py:154} INFO - [2026-06-19T20:46:38.775+0000] {dag.py:2941} INFO - Sync 1 DAGs
[2026-06-19T20:46:38.792+0000] {logging_mixin.py:154} INFO - [2026-06-19T20:46:38.792+0000] {dag.py:3722} INFO - Setting next_dagrun for report_hourly_dag to 2026-06-19T01:58:00+00:00, run_after=2026-06-19T01:59:00+00:00
[2026-06-19T20:46:38.805+0000] {processor.py:179} INFO - Processing /opt/airflow/dags/report_hourly_dag.py took 0.062 seconds
[2026-06-19T20:47:09.076+0000] {processor.py:157} INFO - Started process (PID=4623) to work on /opt/airflow/dags/report_hourly_dag.py
[2026-06-19T20:47:09.079+0000] {processor.py:829} INFO - Processing file /opt/airflow/dags/report_hourly_dag.py for tasks to queue
[2026-06-19T20:47:09.079+0000] {logging_mixin.py:154} INFO - [2026-06-19T20:47:09.079+0000] {dagbag.py:536} INFO - Filling up the DagBag from /opt/airflow/dags/report_hourly_dag.py
[2026-06-19T20:47:09.090+0000] {processor.py:839} INFO - DAG(s) dict_keys(['report_hourly_dag']) retrieved from /opt/airflow/dags/report_hourly_dag.py
[2026-06-19T20:47:09.109+0000] {logging_mixin.py:154} INFO - [2026-06-19T20:47:09.109+0000] {dag.py:2941} INFO - Sync 1 DAGs
[2026-06-19T20:47:09.128+0000] {logging_mixin.py:154} INFO - [2026-06-19T20:47:09.127+0000] {dag.py:3722} INFO - Setting next_dagrun for report_hourly_dag to 2026-06-19T01:58:00+00:00, run_after=2026-06-19T01:59:00+00:00
[2026-06-19T20:47:09.146+0000] {processor.py:179} INFO - Processing /opt/airflow/dags/report_hourly_dag.py took 0.074 seconds
[2026-06-19T20:47:39.386+0000] {processor.py:157} INFO - Started process (PID=4638) to work on /opt/airflow/dags/report_hourly_dag.py
[2026-06-19T20:47:39.387+0000] {processor.py:829} INFO - Processing file /opt/airflow/dags/report_hourly_dag.py for tasks to queue
[2026-06-19T20:47:39.387+0000] {logging_mixin.py:154} INFO - [2026-06-19T20:47:39.387+0000] {dagbag.py:536} INFO - Filling up the DagBag from /opt/airflow/dags/report_hourly_dag.py
[2026-06-19T20:47:39.397+0000] {processor.py:839} INFO - DAG(s) dict_keys(['report_hourly_dag']) retrieved from /opt/airflow/dags/report_hourly_dag.py
[2026-06-19T20:47:39.416+0000] {logging_mixin.py:154} INFO - [2026-06-19T20:47:39.416+0000] {dag.py:2941} INFO - Sync 1 DAGs
[2026-06-19T20:47:39.437+0000] {logging_mixin.py:154} INFO - [2026-06-19T20:47:39.437+0000] {dag.py:3722} INFO - Setting next_dagrun for report_hourly_dag to 2026-06-19T01:58:00+00:00, run_after=2026-06-19T01:59:00+00:00
[2026-06-19T20:47:39.450+0000] {processor.py:179} INFO - Processing /opt/airflow/dags/report_hourly_dag.py took 0.068 seconds
[2026-06-19T20:48:09.654+0000] {processor.py:157} INFO - Started process (PID=4653) to work on /opt/airflow/dags/report_hourly_dag.py
[2026-06-19T20:48:09.659+0000] {processor.py:829} INFO - Processing file /opt/airflow/dags/report_hourly_dag.py for tasks to queue
[2026-06-19T20:48:09.659+0000] {logging_mixin.py:154} INFO - [2026-06-19T20:48:09.659+0000] {dagbag.py:536} INFO - Filling up the DagBag from /opt/airflow/dags/report_hourly_dag.py
[2026-06-19T20:48:09.667+0000] {processor.py:839} INFO - DAG(s) dict_keys(['report_hourly_dag']) retrieved from /opt/airflow/dags/report_hourly_dag.py
[2026-06-19T20:48:09.684+0000] {logging_mixin.py:154} INFO - [2026-06-19T20:48:09.684+0000] {dag.py:2941} INFO - Sync 1 DAGs
[2026-06-19T20:48:09.701+0000] {logging_mixin.py:154} INFO - [2026-06-19T20:48:09.701+0000] {dag.py:3722} INFO - Setting next_dagrun for report_hourly_dag to 2026-06-19T01:58:00+00:00, run_after=2026-06-19T01:59:00+00:00
[2026-06-19T20:48:09.714+0000] {processor.py:179} INFO - Processing /opt/airflow/dags/report_hourly_dag.py took 0.062 seconds
[2026-06-19T20:48:39.939+0000] {processor.py:157} INFO - Started process (PID=4668) to work on /opt/airflow/dags/report_hourly_dag.py
[2026-06-19T20:48:39.940+0000] {processor.py:829} INFO - Processing file /opt/airflow/dags/report_hourly_dag.py for tasks to queue
[2026-06-19T20:48:39.941+0000] {logging_mixin.py:154} INFO - [2026-06-19T20:48:39.941+0000] {dagbag.py:536} INFO - Filling up the DagBag from /opt/airflow/dags/report_hourly_dag.py
[2026-06-19T20:48:39.953+0000] {processor.py:839} INFO - DAG(s) dict_keys(['report_hourly_dag']) retrieved from /opt/airflow/dags/report_hourly_dag.py
[2026-06-19T20:48:39.975+0000] {logging_mixin.py:154} INFO - [2026-06-19T20:48:39.974+0000] {dag.py:2941} INFO - Sync 1 DAGs
[2026-06-19T20:48:39.996+0000] {logging_mixin.py:154} INFO - [2026-06-19T20:48:39.996+0000] {dag.py:3722} INFO - Setting next_dagrun for report_hourly_dag to 2026-06-19T01:58:00+00:00, run_after=2026-06-19T01:59:00+00:00
[2026-06-19T20:48:40.008+0000] {processor.py:179} INFO - Processing /opt/airflow/dags/report_hourly_dag.py took 0.076 seconds
[2026-06-19T20:49:10.209+0000] {processor.py:157} INFO - Started process (PID=4683) to work on /opt/airflow/dags/report_hourly_dag.py
[2026-06-19T20:49:10.210+0000] {processor.py:829} INFO - Processing file /opt/airflow/dags/report_hourly_dag.py for tasks to queue
[2026-06-19T20:49:10.211+0000] {logging_mixin.py:154} INFO - [2026-06-19T20:49:10.210+0000] {dagbag.py:536} INFO - Filling up the DagBag from /opt/airflow/dags/report_hourly_dag.py
[2026-06-19T20:49:10.219+0000] {processor.py:839} INFO - DAG(s) dict_keys(['report_hourly_dag']) retrieved from /opt/airflow/dags/report_hourly_dag.py
[2026-06-19T20:49:10.235+0000] {logging_mixin.py:154} INFO - [2026-06-19T20:49:10.235+0000] {dag.py:2941} INFO - Sync 1 DAGs
[2026-06-19T20:49:10.252+0000] {logging_mixin.py:154} INFO - [2026-06-19T20:49:10.252+0000] {dag.py:3722} INFO - Setting next_dagrun for report_hourly_dag to 2026-06-19T01:58:00+00:00, run_after=2026-06-19T01:59:00+00:00
[2026-06-19T20:49:10.264+0000] {processor.py:179} INFO - Processing /opt/airflow/dags/report_hourly_dag.py took 0.058 seconds
[2026-06-19T20:49:40.501+0000] {processor.py:157} INFO - Started process (PID=4698) to work on /opt/airflow/dags/report_hourly_dag.py
[2026-06-19T20:49:40.502+0000] {processor.py:829} INFO - Processing file /opt/airflow/dags/report_hourly_dag.py for tasks to queue
[2026-06-19T20:49:40.503+0000] {logging_mixin.py:154} INFO - [2026-06-19T20:49:40.503+0000] {dagbag.py:536} INFO - Filling up the DagBag from /opt/airflow/dags/report_hourly_dag.py
[2026-06-19T20:49:40.517+0000] {processor.py:839} INFO - DAG(s) dict_keys(['report_hourly_dag']) retrieved from /opt/airflow/dags/report_hourly_dag.py
[2026-06-19T20:49:40.532+0000] {logging_mixin.py:154} INFO - [2026-06-19T20:49:40.532+0000] {dag.py:2941} INFO - Sync 1 DAGs
[2026-06-19T20:49:40.551+0000] {logging_mixin.py:154} INFO - [2026-06-19T20:49:40.550+0000] {dag.py:3722} INFO - Setting next_dagrun for report_hourly_dag to 2026-06-19T01:58:00+00:00, run_after=2026-06-19T01:59:00+00:00
[2026-06-19T20:49:40.564+0000] {processor.py:179} INFO - Processing /opt/airflow/dags/report_hourly_dag.py took 0.069 seconds
[2026-06-19T20:50:10.799+0000] {processor.py:157} INFO - Started process (PID=4713) to work on /opt/airflow/dags/report_hourly_dag.py
[2026-06-19T20:50:10.801+0000] {processor.py:829} INFO - Processing file /opt/airflow/dags/report_hourly_dag.py for tasks to queue
[2026-06-19T20:50:10.802+0000] {logging_mixin.py:154} INFO - [2026-06-19T20:50:10.802+0000] {dagbag.py:536} INFO - Filling up the DagBag from /opt/airflow/dags/report_hourly_dag.py
[2026-06-19T20:50:10.812+0000] {processor.py:839} INFO - DAG(s) dict_keys(['report_hourly_dag']) retrieved from /opt/airflow/dags/report_hourly_dag.py
[2026-06-19T20:50:10.828+0000] {logging_mixin.py:154} INFO - [2026-06-19T20:50:10.828+0000] {dag.py:2941} INFO - Sync 1 DAGs
[2026-06-19T20:50:10.846+0000] {logging_mixin.py:154} INFO - [2026-06-19T20:50:10.845+0000] {dag.py:3722} INFO - Setting next_dagrun for report_hourly_dag to 2026-06-19T01:58:00+00:00, run_after=2026-06-19T01:59:00+00:00
[2026-06-19T20:50:10.859+0000] {processor.py:179} INFO - Processing /opt/airflow/dags/report_hourly_dag.py took 0.064 seconds
[2026-06-19T20:50:41.098+0000] {processor.py:157} INFO - Started process (PID=4728) to work on /opt/airflow/dags/report_hourly_dag.py
[2026-06-19T20:50:41.099+0000] {processor.py:829} INFO - Processing file /opt/airflow/dags/report_hourly_dag.py for tasks to queue
[2026-06-19T20:50:41.100+0000] {logging_mixin.py:154} INFO - [2026-06-19T20:50:41.100+0000] {dagbag.py:536} INFO - Filling up the DagBag from /opt/airflow/dags/report_hourly_dag.py
[2026-06-19T20:50:41.114+0000] {processor.py:839} INFO - DAG(s) dict_keys(['report_hourly_dag']) retrieved from /opt/airflow/dags/report_hourly_dag.py
[2026-06-19T20:50:41.129+0000] {logging_mixin.py:154} INFO - [2026-06-19T20:50:41.129+0000] {dag.py:2941} INFO - Sync 1 DAGs
[2026-06-19T20:50:41.146+0000] {logging_mixin.py:154} INFO - [2026-06-19T20:50:41.146+0000] {dag.py:3722} INFO - Setting next_dagrun for report_hourly_dag to 2026-06-19T01:58:00+00:00, run_after=2026-06-19T01:59:00+00:00
[2026-06-19T20:50:41.158+0000] {processor.py:179} INFO - Processing /opt/airflow/dags/report_hourly_dag.py took 0.065 seconds
[2026-06-19T20:51:11.377+0000] {processor.py:157} INFO - Started process (PID=4743) to work on /opt/airflow/dags/report_hourly_dag.py
[2026-06-19T20:51:11.380+0000] {processor.py:829} INFO - Processing file /opt/airflow/dags/report_hourly_dag.py for tasks to queue
[2026-06-19T20:51:11.381+0000] {logging_mixin.py:154} INFO - [2026-06-19T20:51:11.380+0000] {dagbag.py:536} INFO - Filling up the DagBag from /opt/airflow/dags/report_hourly_dag.py
[2026-06-19T20:51:11.393+0000] {processor.py:839} INFO - DAG(s) dict_keys(['report_hourly_dag']) retrieved from /opt/airflow/dags/report_hourly_dag.py
[2026-06-19T20:51:11.411+0000] {logging_mixin.py:154} INFO - [2026-06-19T20:51:11.411+0000] {dag.py:2941} INFO - Sync 1 DAGs
[2026-06-19T20:51:11.429+0000] {logging_mixin.py:154} INFO - [2026-06-19T20:51:11.429+0000] {dag.py:3722} INFO - Setting next_dagrun for report_hourly_dag to 2026-06-19T01:58:00+00:00, run_after=2026-06-19T01:59:00+00:00
[2026-06-19T20:51:11.443+0000] {processor.py:179} INFO - Processing /opt/airflow/dags/report_hourly_dag.py took 0.069 seconds
[2026-06-19T20:51:41.674+0000] {processor.py:157} INFO - Started process (PID=4758) to work on /opt/airflow/dags/report_hourly_dag.py
[2026-06-19T20:51:41.677+0000] {processor.py:829} INFO - Processing file /opt/airflow/dags/report_hourly_dag.py for tasks to queue
[2026-06-19T20:51:41.678+0000] {logging_mixin.py:154} INFO - [2026-06-19T20:51:41.677+0000] {dagbag.py:536} INFO - Filling up the DagBag from /opt/airflow/dags/report_hourly_dag.py
[2026-06-19T20:51:41.691+0000] {processor.py:839} INFO - DAG(s) dict_keys(['report_hourly_dag']) retrieved from /opt/airflow/dags/report_hourly_dag.py
[2026-06-19T20:51:41.707+0000] {logging_mixin.py:154} INFO - [2026-06-19T20:51:41.707+0000] {dag.py:2941} INFO - Sync 1 DAGs
[2026-06-19T20:51:41.723+0000] {logging_mixin.py:154} INFO - [2026-06-19T20:51:41.723+0000] {dag.py:3722} INFO - Setting next_dagrun for report_hourly_dag to 2026-06-19T01:58:00+00:00, run_after=2026-06-19T01:59:00+00:00
[2026-06-19T20:51:41.735+0000] {processor.py:179} INFO - Processing /opt/airflow/dags/report_hourly_dag.py took 0.065 seconds
[2026-06-19T20:52:11.960+0000] {processor.py:157} INFO - Started process (PID=4773) to work on /opt/airflow/dags/report_hourly_dag.py
[2026-06-19T20:52:11.961+0000] {processor.py:829} INFO - Processing file /opt/airflow/dags/report_hourly_dag.py for tasks to queue
[2026-06-19T20:52:11.962+0000] {logging_mixin.py:154} INFO - [2026-06-19T20:52:11.962+0000] {dagbag.py:536} INFO - Filling up the DagBag from /opt/airflow/dags/report_hourly_dag.py
[2026-06-19T20:52:11.972+0000] {processor.py:839} INFO - DAG(s) dict_keys(['report_hourly_dag']) retrieved from /opt/airflow/dags/report_hourly_dag.py
[2026-06-19T20:52:11.987+0000] {logging_mixin.py:154} INFO - [2026-06-19T20:52:11.987+0000] {dag.py:2941} INFO - Sync 1 DAGs
[2026-06-19T20:52:12.003+0000] {logging_mixin.py:154} INFO - [2026-06-19T20:52:12.003+0000] {dag.py:3722} INFO - Setting next_dagrun for report_hourly_dag to 2026-06-19T01:58:00+00:00, run_after=2026-06-19T01:59:00+00:00
[2026-06-19T20:52:12.015+0000] {processor.py:179} INFO - Processing /opt/airflow/dags/report_hourly_dag.py took 0.059 seconds
[2026-06-19T20:52:42.239+0000] {processor.py:157} INFO - Started process (PID=4788) to work on /opt/airflow/dags/report_hourly_dag.py
[2026-06-19T20:52:42.242+0000] {processor.py:829} INFO - Processing file /opt/airflow/dags/report_hourly_dag.py for tasks to queue
[2026-06-19T20:52:42.242+0000] {logging_mixin.py:154} INFO - [2026-06-19T20:52:42.242+0000] {dagbag.py:536} INFO - Filling up the DagBag from /opt/airflow/dags/report_hourly_dag.py
[2026-06-19T20:52:42.254+0000] {processor.py:839} INFO - DAG(s) dict_keys(['report_hourly_dag']) retrieved from /opt/airflow/dags/report_hourly_dag.py
[2026-06-19T20:52:42.271+0000] {logging_mixin.py:154} INFO - [2026-06-19T20:52:42.271+0000] {dag.py:2941} INFO - Sync 1 DAGs
[2026-06-19T20:52:42.288+0000] {logging_mixin.py:154} INFO - [2026-06-19T20:52:42.287+0000] {dag.py:3722} INFO - Setting next_dagrun for report_hourly_dag to 2026-06-19T01:58:00+00:00, run_after=2026-06-19T01:59:00+00:00
[2026-06-19T20:52:42.299+0000] {processor.py:179} INFO - Processing /opt/airflow/dags/report_hourly_dag.py took 0.065 seconds
[2026-06-19T20:53:12.525+0000] {processor.py:157} INFO - Started process (PID=4803) to work on /opt/airflow/dags/report_hourly_dag.py
[2026-06-19T20:53:12.526+0000] {processor.py:829} INFO - Processing file /opt/airflow/dags/report_hourly_dag.py for tasks to queue
[2026-06-19T20:53:12.526+0000] {logging_mixin.py:154} INFO - [2026-06-19T20:53:12.526+0000] {dagbag.py:536} INFO - Filling up the DagBag from /opt/airflow/dags/report_hourly_dag.py
[2026-06-19T20:53:12.536+0000] {processor.py:839} INFO - DAG(s) dict_keys(['report_hourly_dag']) retrieved from /opt/airflow/dags/report_hourly_dag.py
[2026-06-19T20:53:12.551+0000] {logging_mixin.py:154} INFO - [2026-06-19T20:53:12.551+0000] {dag.py:2941} INFO - Sync 1 DAGs
[2026-06-19T20:53:12.567+0000] {logging_mixin.py:154} INFO - [2026-06-19T20:53:12.567+0000] {dag.py:3722} INFO - Setting next_dagrun for report_hourly_dag to 2026-06-19T01:58:00+00:00, run_after=2026-06-19T01:59:00+00:00
[2026-06-19T20:53:12.580+0000] {processor.py:179} INFO - Processing /opt/airflow/dags/report_hourly_dag.py took 0.059 seconds
[2026-06-19T20:53:42.804+0000] {processor.py:157} INFO - Started process (PID=4818) to work on /opt/airflow/dags/report_hourly_dag.py
[2026-06-19T20:53:42.806+0000] {processor.py:829} INFO - Processing file /opt/airflow/dags/report_hourly_dag.py for tasks to queue
[2026-06-19T20:53:42.806+0000] {logging_mixin.py:154} INFO - [2026-06-19T20:53:42.806+0000] {dagbag.py:536} INFO - Filling up the DagBag from /opt/airflow/dags/report_hourly_dag.py
[2026-06-19T20:53:42.815+0000] {processor.py:839} INFO - DAG(s) dict_keys(['report_hourly_dag']) retrieved from /opt/airflow/dags/report_hourly_dag.py
[2026-06-19T20:53:42.832+0000] {logging_mixin.py:154} INFO - [2026-06-19T20:53:42.832+0000] {dag.py:2941} INFO - Sync 1 DAGs
[2026-06-19T20:53:42.850+0000] {logging_mixin.py:154} INFO - [2026-06-19T20:53:42.849+0000] {dag.py:3722} INFO - Setting next_dagrun for report_hourly_dag to 2026-06-19T01:58:00+00:00, run_after=2026-06-19T01:59:00+00:00
[2026-06-19T20:53:42.863+0000] {processor.py:179} INFO - Processing /opt/airflow/dags/report_hourly_dag.py took 0.062 seconds
[2026-06-19T20:54:13.094+0000] {processor.py:157} INFO - Started process (PID=4833) to work on /opt/airflow/dags/report_hourly_dag.py
[2026-06-19T20:54:13.094+0000] {processor.py:829} INFO - Processing file /opt/airflow/dags/report_hourly_dag.py for tasks to queue
[2026-06-19T20:54:13.095+0000] {logging_mixin.py:154} INFO - [2026-06-19T20:54:13.095+0000] {dagbag.py:536} INFO - Filling up the DagBag from /opt/airflow/dags/report_hourly_dag.py
[2026-06-19T20:54:13.107+0000] {processor.py:839} INFO - DAG(s) dict_keys(['report_hourly_dag']) retrieved from /opt/airflow/dags/report_hourly_dag.py
[2026-06-19T20:54:13.123+0000] {logging_mixin.py:154} INFO - [2026-06-19T20:54:13.123+0000] {dag.py:2941} INFO - Sync 1 DAGs
[2026-06-19T20:54:13.140+0000] {logging_mixin.py:154} INFO - [2026-06-19T20:54:13.140+0000] {dag.py:3722} INFO - Setting next_dagrun for report_hourly_dag to 2026-06-19T01:58:00+00:00, run_after=2026-06-19T01:59:00+00:00
[2026-06-19T20:54:13.152+0000] {processor.py:179} INFO - Processing /opt/airflow/dags/report_hourly_dag.py took 0.063 seconds
[2026-06-19T20:54:43.374+0000] {processor.py:157} INFO - Started process (PID=4848) to work on /opt/airflow/dags/report_hourly_dag.py
[2026-06-19T20:54:43.378+0000] {processor.py:829} INFO - Processing file /opt/airflow/dags/report_hourly_dag.py for tasks to queue
[2026-06-19T20:54:43.378+0000] {logging_mixin.py:154} INFO - [2026-06-19T20:54:43.378+0000] {dagbag.py:536} INFO - Filling up the DagBag from /opt/airflow/dags/report_hourly_dag.py
[2026-06-19T20:54:43.390+0000] {processor.py:839} INFO - DAG(s) dict_keys(['report_hourly_dag']) retrieved from /opt/airflow/dags/report_hourly_dag.py
[2026-06-19T20:54:43.408+0000] {logging_mixin.py:154} INFO - [2026-06-19T20:54:43.408+0000] {dag.py:2941} INFO - Sync 1 DAGs
[2026-06-19T20:54:43.424+0000] {logging_mixin.py:154} INFO - [2026-06-19T20:54:43.424+0000] {dag.py:3722} INFO - Setting next_dagrun for report_hourly_dag to 2026-06-19T01:58:00+00:00, run_after=2026-06-19T01:59:00+00:00
[2026-06-19T20:54:43.437+0000] {processor.py:179} INFO - Processing /opt/airflow/dags/report_hourly_dag.py took 0.066 seconds
[2026-06-19T20:55:13.674+0000] {processor.py:157} INFO - Started process (PID=4863) to work on /opt/airflow/dags/report_hourly_dag.py
[2026-06-19T20:55:13.674+0000] {processor.py:829} INFO - Processing file /opt/airflow/dags/report_hourly_dag.py for tasks to queue
[2026-06-19T20:55:13.675+0000] {logging_mixin.py:154} INFO - [2026-06-19T20:55:13.675+0000] {dagbag.py:536} INFO - Filling up the DagBag from /opt/airflow/dags/report_hourly_dag.py
[2026-06-19T20:55:13.686+0000] {processor.py:839} INFO - DAG(s) dict_keys(['report_hourly_dag']) retrieved from /opt/airflow/dags/report_hourly_dag.py
[2026-06-19T20:55:13.702+0000] {logging_mixin.py:154} INFO - [2026-06-19T20:55:13.702+0000] {dag.py:2941} INFO - Sync 1 DAGs
[2026-06-19T20:55:13.718+0000] {logging_mixin.py:154} INFO - [2026-06-19T20:55:13.718+0000] {dag.py:3722} INFO - Setting next_dagrun for report_hourly_dag to 2026-06-19T01:58:00+00:00, run_after=2026-06-19T01:59:00+00:00
[2026-06-19T20:55:13.730+0000] {processor.py:179} INFO - Processing /opt/airflow/dags/report_hourly_dag.py took 0.060 seconds
[2026-06-19T20:55:43.956+0000] {processor.py:157} INFO - Started process (PID=4878) to work on /opt/airflow/dags/report_hourly_dag.py
[2026-06-19T20:55:43.958+0000] {processor.py:829} INFO - Processing file /opt/airflow/dags/report_hourly_dag.py for tasks to queue
[2026-06-19T20:55:43.959+0000] {logging_mixin.py:154} INFO - [2026-06-19T20:55:43.958+0000] {dagbag.py:536} INFO - Filling up the DagBag from /opt/airflow/dags/report_hourly_dag.py
[2026-06-19T20:55:43.970+0000] {processor.py:839} INFO - DAG(s) dict_keys(['report_hourly_dag']) retrieved from /opt/airflow/dags/report_hourly_dag.py
[2026-06-19T20:55:43.989+0000] {logging_mixin.py:154} INFO - [2026-06-19T20:55:43.989+0000] {dag.py:2941} INFO - Sync 1 DAGs
[2026-06-19T20:55:44.008+0000] {logging_mixin.py:154} INFO - [2026-06-19T20:55:44.008+0000] {dag.py:3722} INFO - Setting next_dagrun for report_hourly_dag to 2026-06-19T01:58:00+00:00, run_after=2026-06-19T01:59:00+00:00
[2026-06-19T20:55:44.023+0000] {processor.py:179} INFO - Processing /opt/airflow/dags/report_hourly_dag.py took 0.072 seconds
[2026-06-19T20:56:14.265+0000] {processor.py:157} INFO - Started process (PID=4893) to work on /opt/airflow/dags/report_hourly_dag.py
[2026-06-19T20:56:14.266+0000] {processor.py:829} INFO - Processing file /opt/airflow/dags/report_hourly_dag.py for tasks to queue
[2026-06-19T20:56:14.267+0000] {logging_mixin.py:154} INFO - [2026-06-19T20:56:14.266+0000] {dagbag.py:536} INFO - Filling up the DagBag from /opt/airflow/dags/report_hourly_dag.py
[2026-06-19T20:56:14.277+0000] {processor.py:839} INFO - DAG(s) dict_keys(['report_hourly_dag']) retrieved from /opt/airflow/dags/report_hourly_dag.py
[2026-06-19T20:56:14.292+0000] {logging_mixin.py:154} INFO - [2026-06-19T20:56:14.292+0000] {dag.py:2941} INFO - Sync 1 DAGs
[2026-06-19T20:56:14.309+0000] {logging_mixin.py:154} INFO - [2026-06-19T20:56:14.308+0000] {dag.py:3722} INFO - Setting next_dagrun for report_hourly_dag to 2026-06-19T01:58:00+00:00, run_after=2026-06-19T01:59:00+00:00
[2026-06-19T20:56:14.321+0000] {processor.py:179} INFO - Processing /opt/airflow/dags/report_hourly_dag.py took 0.059 seconds
[2026-06-19T20:56:44.545+0000] {processor.py:157} INFO - Started process (PID=4908) to work on /opt/airflow/dags/report_hourly_dag.py
[2026-06-19T20:56:44.550+0000] {processor.py:829} INFO - Processing file /opt/airflow/dags/report_hourly_dag.py for tasks to queue
[2026-06-19T20:56:44.551+0000] {logging_mixin.py:154} INFO - [2026-06-19T20:56:44.551+0000] {dagbag.py:536} INFO - Filling up the DagBag from /opt/airflow/dags/report_hourly_dag.py
[2026-06-19T20:56:44.558+0000] {processor.py:839} INFO - DAG(s) dict_keys(['report_hourly_dag']) retrieved from /opt/airflow/dags/report_hourly_dag.py
[2026-06-19T20:56:44.574+0000] {logging_mixin.py:154} INFO - [2026-06-19T20:56:44.574+0000] {dag.py:2941} INFO - Sync 1 DAGs
[2026-06-19T20:56:44.591+0000] {logging_mixin.py:154} INFO - [2026-06-19T20:56:44.591+0000] {dag.py:3722} INFO - Setting next_dagrun for report_hourly_dag to 2026-06-19T01:58:00+00:00, run_after=2026-06-19T01:59:00+00:00
[2026-06-19T20:56:44.605+0000] {processor.py:179} INFO - Processing /opt/airflow/dags/report_hourly_dag.py took 0.062 seconds
[2026-06-19T20:57:14.859+0000] {processor.py:157} INFO - Started process (PID=4923) to work on /opt/airflow/dags/report_hourly_dag.py
[2026-06-19T20:57:14.860+0000] {processor.py:829} INFO - Processing file /opt/airflow/dags/report_hourly_dag.py for tasks to queue
[2026-06-19T20:57:14.861+0000] {logging_mixin.py:154} INFO - [2026-06-19T20:57:14.860+0000] {dagbag.py:536} INFO - Filling up the DagBag from /opt/airflow/dags/report_hourly_dag.py
[2026-06-19T20:57:14.871+0000] {processor.py:839} INFO - DAG(s) dict_keys(['report_hourly_dag']) retrieved from /opt/airflow/dags/report_hourly_dag.py
[2026-06-19T20:57:14.887+0000] {logging_mixin.py:154} INFO - [2026-06-19T20:57:14.887+0000] {dag.py:2941} INFO - Sync 1 DAGs
[2026-06-19T20:57:14.903+0000] {logging_mixin.py:154} INFO - [2026-06-19T20:57:14.903+0000] {dag.py:3722} INFO - Setting next_dagrun for report_hourly_dag to 2026-06-19T01:58:00+00:00, run_after=2026-06-19T01:59:00+00:00
[2026-06-19T20:57:14.916+0000] {processor.py:179} INFO - Processing /opt/airflow/dags/report_hourly_dag.py took 0.061 seconds
[2026-06-19T20:57:45.140+0000] {processor.py:157} INFO - Started process (PID=4938) to work on /opt/airflow/dags/report_hourly_dag.py
[2026-06-19T20:57:45.143+0000] {processor.py:829} INFO - Processing file /opt/airflow/dags/report_hourly_dag.py for tasks to queue
[2026-06-19T20:57:45.144+0000] {logging_mixin.py:154} INFO - [2026-06-19T20:57:45.144+0000] {dagbag.py:536} INFO - Filling up the DagBag from /opt/airflow/dags/report_hourly_dag.py
[2026-06-19T20:57:45.154+0000] {processor.py:839} INFO - DAG(s) dict_keys(['report_hourly_dag']) retrieved from /opt/airflow/dags/report_hourly_dag.py
[2026-06-19T20:57:45.174+0000] {logging_mixin.py:154} INFO - [2026-06-19T20:57:45.174+0000] {dag.py:2941} INFO - Sync 1 DAGs
[2026-06-19T20:57:45.191+0000] {logging_mixin.py:154} INFO - [2026-06-19T20:57:45.191+0000] {dag.py:3722} INFO - Setting next_dagrun for report_hourly_dag to 2026-06-19T01:58:00+00:00, run_after=2026-06-19T01:59:00+00:00
[2026-06-19T20:57:45.211+0000] {processor.py:179} INFO - Processing /opt/airflow/dags/report_hourly_dag.py took 0.074 seconds
[2026-06-19T20:58:15.442+0000] {processor.py:157} INFO - Started process (PID=4953) to work on /opt/airflow/dags/report_hourly_dag.py
[2026-06-19T20:58:15.443+0000] {processor.py:829} INFO - Processing file /opt/airflow/dags/report_hourly_dag.py for tasks to queue
[2026-06-19T20:58:15.443+0000] {logging_mixin.py:154} INFO - [2026-06-19T20:58:15.443+0000] {dagbag.py:536} INFO - Filling up the DagBag from /opt/airflow/dags/report_hourly_dag.py
[2026-06-19T20:58:15.451+0000] {processor.py:839} INFO - DAG(s) dict_keys(['report_hourly_dag']) retrieved from /opt/airflow/dags/report_hourly_dag.py
[2026-06-19T20:58:15.466+0000] {logging_mixin.py:154} INFO - [2026-06-19T20:58:15.466+0000] {dag.py:2941} INFO - Sync 1 DAGs
[2026-06-19T20:58:15.482+0000] {logging_mixin.py:154} INFO - [2026-06-19T20:58:15.482+0000] {dag.py:3722} INFO - Setting next_dagrun for report_hourly_dag to 2026-06-19T01:58:00+00:00, run_after=2026-06-19T01:59:00+00:00
[2026-06-19T20:58:15.499+0000] {processor.py:179} INFO - Processing /opt/airflow/dags/report_hourly_dag.py took 0.060 seconds
[2026-06-19T20:58:45.719+0000] {processor.py:157} INFO - Started process (PID=4968) to work on /opt/airflow/dags/report_hourly_dag.py
[2026-06-19T20:58:45.724+0000] {processor.py:829} INFO - Processing file /opt/airflow/dags/report_hourly_dag.py for tasks to queue
[2026-06-19T20:58:45.724+0000] {logging_mixin.py:154} INFO - [2026-06-19T20:58:45.724+0000] {dagbag.py:536} INFO - Filling up the DagBag from /opt/airflow/dags/report_hourly_dag.py
[2026-06-19T20:58:45.736+0000] {processor.py:839} INFO - DAG(s) dict_keys(['report_hourly_dag']) retrieved from /opt/airflow/dags/report_hourly_dag.py
[2026-06-19T20:58:45.753+0000] {logging_mixin.py:154} INFO - [2026-06-19T20:58:45.752+0000] {dag.py:2941} INFO - Sync 1 DAGs
[2026-06-19T20:58:45.770+0000] {logging_mixin.py:154} INFO - [2026-06-19T20:58:45.770+0000] {dag.py:3722} INFO - Setting next_dagrun for report_hourly_dag to 2026-06-19T01:58:00+00:00, run_after=2026-06-19T01:59:00+00:00
[2026-06-19T20:58:45.782+0000] {processor.py:179} INFO - Processing /opt/airflow/dags/report_hourly_dag.py took 0.066 seconds
[2026-06-19T20:59:16.011+0000] {processor.py:157} INFO - Started process (PID=4983) to work on /opt/airflow/dags/report_hourly_dag.py
[2026-06-19T20:59:16.012+0000] {processor.py:829} INFO - Processing file /opt/airflow/dags/report_hourly_dag.py for tasks to queue
[2026-06-19T20:59:16.013+0000] {logging_mixin.py:154} INFO - [2026-06-19T20:59:16.013+0000] {dagbag.py:536} INFO - Filling up the DagBag from /opt/airflow/dags/report_hourly_dag.py
[2026-06-19T20:59:16.026+0000] {processor.py:839} INFO - DAG(s) dict_keys(['report_hourly_dag']) retrieved from /opt/airflow/dags/report_hourly_dag.py
[2026-06-19T20:59:16.044+0000] {logging_mixin.py:154} INFO - [2026-06-19T20:59:16.044+0000] {dag.py:2941} INFO - Sync 1 DAGs
[2026-06-19T20:59:16.061+0000] {logging_mixin.py:154} INFO - [2026-06-19T20:59:16.061+0000] {dag.py:3722} INFO - Setting next_dagrun for report_hourly_dag to 2026-06-19T01:58:00+00:00, run_after=2026-06-19T01:59:00+00:00
[2026-06-19T20:59:16.075+0000] {processor.py:179} INFO - Processing /opt/airflow/dags/report_hourly_dag.py took 0.069 seconds
[2026-06-19T20:59:46.284+0000] {processor.py:157} INFO - Started process (PID=4998) to work on /opt/airflow/dags/report_hourly_dag.py
[2026-06-19T20:59:46.285+0000] {processor.py:829} INFO - Processing file /opt/airflow/dags/report_hourly_dag.py for tasks to queue
[2026-06-19T20:59:46.286+0000] {logging_mixin.py:154} INFO - [2026-06-19T20:59:46.285+0000] {dagbag.py:536} INFO - Filling up the DagBag from /opt/airflow/dags/report_hourly_dag.py
[2026-06-19T20:59:46.299+0000] {processor.py:839} INFO - DAG(s) dict_keys(['report_hourly_dag']) retrieved from /opt/airflow/dags/report_hourly_dag.py
[2026-06-19T20:59:46.321+0000] {logging_mixin.py:154} INFO - [2026-06-19T20:59:46.320+0000] {dag.py:2941} INFO - Sync 1 DAGs
[2026-06-19T20:59:46.338+0000] {logging_mixin.py:154} INFO - [2026-06-19T20:59:46.338+0000] {dag.py:3722} INFO - Setting next_dagrun for report_hourly_dag to 2026-06-19T01:58:00+00:00, run_after=2026-06-19T01:59:00+00:00
[2026-06-19T20:59:46.424+0000] {processor.py:179} INFO - Processing /opt/airflow/dags/report_hourly_dag.py took 0.145 seconds
[2026-06-19T21:00:16.656+0000] {processor.py:157} INFO - Started process (PID=5013) to work on /opt/airflow/dags/report_hourly_dag.py
[2026-06-19T21:00:16.661+0000] {processor.py:829} INFO - Processing file /opt/airflow/dags/report_hourly_dag.py for tasks to queue
[2026-06-19T21:00:16.661+0000] {logging_mixin.py:154} INFO - [2026-06-19T21:00:16.661+0000] {dagbag.py:536} INFO - Filling up the DagBag from /opt/airflow/dags/report_hourly_dag.py
[2026-06-19T21:00:16.671+0000] {processor.py:839} INFO - DAG(s) dict_keys(['report_hourly_dag']) retrieved from /opt/airflow/dags/report_hourly_dag.py
[2026-06-19T21:00:16.686+0000] {logging_mixin.py:154} INFO - [2026-06-19T21:00:16.686+0000] {dag.py:2941} INFO - Sync 1 DAGs
[2026-06-19T21:00:16.702+0000] {logging_mixin.py:154} INFO - [2026-06-19T21:00:16.702+0000] {dag.py:3722} INFO - Setting next_dagrun for report_hourly_dag to 2026-06-19T01:58:00+00:00, run_after=2026-06-19T01:59:00+00:00
[2026-06-19T21:00:16.714+0000] {processor.py:179} INFO - Processing /opt/airflow/dags/report_hourly_dag.py took 0.062 seconds
[2026-06-19T21:00:46.926+0000] {processor.py:157} INFO - Started process (PID=5028) to work on /opt/airflow/dags/report_hourly_dag.py
[2026-06-19T21:00:46.928+0000] {processor.py:829} INFO - Processing file /opt/airflow/dags/report_hourly_dag.py for tasks to queue
[2026-06-19T21:00:46.928+0000] {logging_mixin.py:154} INFO - [2026-06-19T21:00:46.928+0000] {dagbag.py:536} INFO - Filling up the DagBag from /opt/airflow/dags/report_hourly_dag.py
[2026-06-19T21:00:46.938+0000] {processor.py:839} INFO - DAG(s) dict_keys(['report_hourly_dag']) retrieved from /opt/airflow/dags/report_hourly_dag.py
[2026-06-19T21:00:46.954+0000] {logging_mixin.py:154} INFO - [2026-06-19T21:00:46.954+0000] {dag.py:2941} INFO - Sync 1 DAGs
[2026-06-19T21:00:46.971+0000] {logging_mixin.py:154} INFO - [2026-06-19T21:00:46.971+0000] {dag.py:3722} INFO - Setting next_dagrun for report_hourly_dag to 2026-06-19T01:58:00+00:00, run_after=2026-06-19T01:59:00+00:00
[2026-06-19T21:00:46.985+0000] {processor.py:179} INFO - Processing /opt/airflow/dags/report_hourly_dag.py took 0.063 seconds
[2026-06-19T21:01:17.216+0000] {processor.py:157} INFO - Started process (PID=5043) to work on /opt/airflow/dags/report_hourly_dag.py
[2026-06-19T21:01:17.217+0000] {processor.py:829} INFO - Processing file /opt/airflow/dags/report_hourly_dag.py for tasks to queue
[2026-06-19T21:01:17.218+0000] {logging_mixin.py:154} INFO - [2026-06-19T21:01:17.218+0000] {dagbag.py:536} INFO - Filling up the DagBag from /opt/airflow/dags/report_hourly_dag.py
[2026-06-19T21:01:17.231+0000] {processor.py:839} INFO - DAG(s) dict_keys(['report_hourly_dag']) retrieved from /opt/airflow/dags/report_hourly_dag.py
[2026-06-19T21:01:17.323+0000] {logging_mixin.py:154} INFO - [2026-06-19T21:01:17.323+0000] {dag.py:2941} INFO - Sync 1 DAGs
[2026-06-19T21:01:17.338+0000] {logging_mixin.py:154} INFO - [2026-06-19T21:01:17.338+0000] {dag.py:3722} INFO - Setting next_dagrun for report_hourly_dag to 2026-06-19T01:58:00+00:00, run_after=2026-06-19T01:59:00+00:00
[2026-06-19T21:01:17.354+0000] {processor.py:179} INFO - Processing /opt/airflow/dags/report_hourly_dag.py took 0.143 seconds
[2026-06-19T21:01:47.633+0000] {processor.py:157} INFO - Started process (PID=5058) to work on /opt/airflow/dags/report_hourly_dag.py
[2026-06-19T21:01:47.638+0000] {processor.py:829} INFO - Processing file /opt/airflow/dags/report_hourly_dag.py for tasks to queue
[2026-06-19T21:01:47.639+0000] {logging_mixin.py:154} INFO - [2026-06-19T21:01:47.638+0000] {dagbag.py:536} INFO - Filling up the DagBag from /opt/airflow/dags/report_hourly_dag.py
[2026-06-19T21:01:47.646+0000] {processor.py:839} INFO - DAG(s) dict_keys(['report_hourly_dag']) retrieved from /opt/airflow/dags/report_hourly_dag.py
[2026-06-19T21:01:47.665+0000] {logging_mixin.py:154} INFO - [2026-06-19T21:01:47.665+0000] {dag.py:2941} INFO - Sync 1 DAGs
[2026-06-19T21:01:47.690+0000] {logging_mixin.py:154} INFO - [2026-06-19T21:01:47.690+0000] {dag.py:3722} INFO - Setting next_dagrun for report_hourly_dag to 2026-06-19T01:58:00+00:00, run_after=2026-06-19T01:59:00+00:00
[2026-06-19T21:01:47.706+0000] {processor.py:179} INFO - Processing /opt/airflow/dags/report_hourly_dag.py took 0.075 seconds
[2026-06-19T21:02:17.960+0000] {processor.py:157} INFO - Started process (PID=5073) to work on /opt/airflow/dags/report_hourly_dag.py
[2026-06-19T21:02:17.960+0000] {processor.py:829} INFO - Processing file /opt/airflow/dags/report_hourly_dag.py for tasks to queue
[2026-06-19T21:02:17.961+0000] {logging_mixin.py:154} INFO - [2026-06-19T21:02:17.961+0000] {dagbag.py:536} INFO - Filling up the DagBag from /opt/airflow/dags/report_hourly_dag.py
[2026-06-19T21:02:17.972+0000] {processor.py:839} INFO - DAG(s) dict_keys(['report_hourly_dag']) retrieved from /opt/airflow/dags/report_hourly_dag.py
[2026-06-19T21:02:17.988+0000] {logging_mixin.py:154} INFO - [2026-06-19T21:02:17.988+0000] {dag.py:2941} INFO - Sync 1 DAGs
[2026-06-19T21:02:18.005+0000] {logging_mixin.py:154} INFO - [2026-06-19T21:02:18.005+0000] {dag.py:3722} INFO - Setting next_dagrun for report_hourly_dag to 2026-06-19T01:58:00+00:00, run_after=2026-06-19T01:59:00+00:00
[2026-06-19T21:02:18.018+0000] {processor.py:179} INFO - Processing /opt/airflow/dags/report_hourly_dag.py took 0.062 seconds
[2026-06-19T21:02:48.250+0000] {processor.py:157} INFO - Started process (PID=5088) to work on /opt/airflow/dags/report_hourly_dag.py
[2026-06-19T21:02:48.252+0000] {processor.py:829} INFO - Processing file /opt/airflow/dags/report_hourly_dag.py for tasks to queue
[2026-06-19T21:02:48.252+0000] {logging_mixin.py:154} INFO - [2026-06-19T21:02:48.252+0000] {dagbag.py:536} INFO - Filling up the DagBag from /opt/airflow/dags/report_hourly_dag.py
[2026-06-19T21:02:48.262+0000] {processor.py:839} INFO - DAG(s) dict_keys(['report_hourly_dag']) retrieved from /opt/airflow/dags/report_hourly_dag.py
[2026-06-19T21:02:48.278+0000] {logging_mixin.py:154} INFO - [2026-06-19T21:02:48.278+0000] {dag.py:2941} INFO - Sync 1 DAGs
[2026-06-19T21:02:48.295+0000] {logging_mixin.py:154} INFO - [2026-06-19T21:02:48.295+0000] {dag.py:3722} INFO - Setting next_dagrun for report_hourly_dag to 2026-06-19T01:58:00+00:00, run_after=2026-06-19T01:59:00+00:00
[2026-06-19T21:02:48.309+0000] {processor.py:179} INFO - Processing /opt/airflow/dags/report_hourly_dag.py took 0.063 seconds
[2026-06-19T21:03:18.524+0000] {processor.py:157} INFO - Started process (PID=5103) to work on /opt/airflow/dags/report_hourly_dag.py
[2026-06-19T21:03:18.524+0000] {processor.py:829} INFO - Processing file /opt/airflow/dags/report_hourly_dag.py for tasks to queue
[2026-06-19T21:03:18.525+0000] {logging_mixin.py:154} INFO - [2026-06-19T21:03:18.525+0000] {dagbag.py:536} INFO - Filling up the DagBag from /opt/airflow/dags/report_hourly_dag.py
[2026-06-19T21:03:18.534+0000] {processor.py:839} INFO - DAG(s) dict_keys(['report_hourly_dag']) retrieved from /opt/airflow/dags/report_hourly_dag.py
[2026-06-19T21:03:18.549+0000] {logging_mixin.py:154} INFO - [2026-06-19T21:03:18.549+0000] {dag.py:2941} INFO - Sync 1 DAGs
[2026-06-19T21:03:18.565+0000] {logging_mixin.py:154} INFO - [2026-06-19T21:03:18.565+0000] {dag.py:3722} INFO - Setting next_dagrun for report_hourly_dag to 2026-06-19T01:58:00+00:00, run_after=2026-06-19T01:59:00+00:00
[2026-06-19T21:03:18.578+0000] {processor.py:179} INFO - Processing /opt/airflow/dags/report_hourly_dag.py took 0.058 seconds
[2026-06-19T21:03:48.808+0000] {processor.py:157} INFO - Started process (PID=5118) to work on /opt/airflow/dags/report_hourly_dag.py
[2026-06-19T21:03:48.811+0000] {processor.py:829} INFO - Processing file /opt/airflow/dags/report_hourly_dag.py for tasks to queue
[2026-06-19T21:03:48.812+0000] {logging_mixin.py:154} INFO - [2026-06-19T21:03:48.812+0000] {dagbag.py:536} INFO - Filling up the DagBag from /opt/airflow/dags/report_hourly_dag.py
[2026-06-19T21:03:48.826+0000] {processor.py:839} INFO - DAG(s) dict_keys(['report_hourly_dag']) retrieved from /opt/airflow/dags/report_hourly_dag.py
[2026-06-19T21:03:48.845+0000] {logging_mixin.py:154} INFO - [2026-06-19T21:03:48.845+0000] {dag.py:2941} INFO - Sync 1 DAGs
[2026-06-19T21:03:48.863+0000] {logging_mixin.py:154} INFO - [2026-06-19T21:03:48.863+0000] {dag.py:3722} INFO - Setting next_dagrun for report_hourly_dag to 2026-06-19T01:58:00+00:00, run_after=2026-06-19T01:59:00+00:00
[2026-06-19T21:03:48.876+0000] {processor.py:179} INFO - Processing /opt/airflow/dags/report_hourly_dag.py took 0.071 seconds
[2026-06-19T21:04:19.103+0000] {processor.py:157} INFO - Started process (PID=5133) to work on /opt/airflow/dags/report_hourly_dag.py
[2026-06-19T21:04:19.104+0000] {processor.py:829} INFO - Processing file /opt/airflow/dags/report_hourly_dag.py for tasks to queue
[2026-06-19T21:04:19.105+0000] {logging_mixin.py:154} INFO - [2026-06-19T21:04:19.104+0000] {dagbag.py:536} INFO - Filling up the DagBag from /opt/airflow/dags/report_hourly_dag.py
[2026-06-19T21:04:19.115+0000] {processor.py:839} INFO - DAG(s) dict_keys(['report_hourly_dag']) retrieved from /opt/airflow/dags/report_hourly_dag.py
[2026-06-19T21:04:19.130+0000] {logging_mixin.py:154} INFO - [2026-06-19T21:04:19.130+0000] {dag.py:2941} INFO - Sync 1 DAGs
[2026-06-19T21:04:19.146+0000] {logging_mixin.py:154} INFO - [2026-06-19T21:04:19.146+0000] {dag.py:3722} INFO - Setting next_dagrun for report_hourly_dag to 2026-06-19T01:58:00+00:00, run_after=2026-06-19T01:59:00+00:00
[2026-06-19T21:04:19.164+0000] {processor.py:179} INFO - Processing /opt/airflow/dags/report_hourly_dag.py took 0.065 seconds
[2026-06-19T21:04:49.373+0000] {processor.py:157} INFO - Started process (PID=5148) to work on /opt/airflow/dags/report_hourly_dag.py
[2026-06-19T21:04:49.377+0000] {processor.py:829} INFO - Processing file /opt/airflow/dags/report_hourly_dag.py for tasks to queue
[2026-06-19T21:04:49.378+0000] {logging_mixin.py:154} INFO - [2026-06-19T21:04:49.378+0000] {dagbag.py:536} INFO - Filling up the DagBag from /opt/airflow/dags/report_hourly_dag.py
[2026-06-19T21:04:49.389+0000] {processor.py:839} INFO - DAG(s) dict_keys(['report_hourly_dag']) retrieved from /opt/airflow/dags/report_hourly_dag.py
[2026-06-19T21:04:49.405+0000] {logging_mixin.py:154} INFO - [2026-06-19T21:04:49.405+0000] {dag.py:2941} INFO - Sync 1 DAGs
[2026-06-19T21:04:49.423+0000] {logging_mixin.py:154} INFO - [2026-06-19T21:04:49.423+0000] {dag.py:3722} INFO - Setting next_dagrun for report_hourly_dag to 2026-06-19T01:58:00+00:00, run_after=2026-06-19T01:59:00+00:00
[2026-06-19T21:04:49.435+0000] {processor.py:179} INFO - Processing /opt/airflow/dags/report_hourly_dag.py took 0.065 seconds
[2026-06-19T21:05:19.674+0000] {processor.py:157} INFO - Started process (PID=5163) to work on /opt/airflow/dags/report_hourly_dag.py
[2026-06-19T21:05:19.674+0000] {processor.py:829} INFO - Processing file /opt/airflow/dags/report_hourly_dag.py for tasks to queue
[2026-06-19T21:05:19.675+0000] {logging_mixin.py:154} INFO - [2026-06-19T21:05:19.675+0000] {dagbag.py:536} INFO - Filling up the DagBag from /opt/airflow/dags/report_hourly_dag.py
[2026-06-19T21:05:19.685+0000] {processor.py:839} INFO - DAG(s) dict_keys(['report_hourly_dag']) retrieved from /opt/airflow/dags/report_hourly_dag.py
[2026-06-19T21:05:19.700+0000] {logging_mixin.py:154} INFO - [2026-06-19T21:05:19.700+0000] {dag.py:2941} INFO - Sync 1 DAGs
[2026-06-19T21:05:19.716+0000] {logging_mixin.py:154} INFO - [2026-06-19T21:05:19.716+0000] {dag.py:3722} INFO - Setting next_dagrun for report_hourly_dag to 2026-06-19T01:58:00+00:00, run_after=2026-06-19T01:59:00+00:00
[2026-06-19T21:05:19.736+0000] {processor.py:179} INFO - Processing /opt/airflow/dags/report_hourly_dag.py took 0.066 seconds
[2026-06-19T21:05:49.978+0000] {processor.py:157} INFO - Started process (PID=5178) to work on /opt/airflow/dags/report_hourly_dag.py
[2026-06-19T21:05:49.980+0000] {processor.py:829} INFO - Processing file /opt/airflow/dags/report_hourly_dag.py for tasks to queue
[2026-06-19T21:05:49.981+0000] {logging_mixin.py:154} INFO - [2026-06-19T21:05:49.981+0000] {dagbag.py:536} INFO - Filling up the DagBag from /opt/airflow/dags/report_hourly_dag.py
[2026-06-19T21:05:49.993+0000] {processor.py:839} INFO - DAG(s) dict_keys(['report_hourly_dag']) retrieved from /opt/airflow/dags/report_hourly_dag.py
[2026-06-19T21:05:50.015+0000] {logging_mixin.py:154} INFO - [2026-06-19T21:05:50.014+0000] {dag.py:2941} INFO - Sync 1 DAGs
[2026-06-19T21:05:50.032+0000] {logging_mixin.py:154} INFO - [2026-06-19T21:05:50.032+0000] {dag.py:3722} INFO - Setting next_dagrun for report_hourly_dag to 2026-06-19T01:58:00+00:00, run_after=2026-06-19T01:59:00+00:00
[2026-06-19T21:05:50.059+0000] {processor.py:179} INFO - Processing /opt/airflow/dags/report_hourly_dag.py took 0.085 seconds
[2026-06-19T21:06:20.296+0000] {processor.py:157} INFO - Started process (PID=5193) to work on /opt/airflow/dags/report_hourly_dag.py
[2026-06-19T21:06:20.297+0000] {processor.py:829} INFO - Processing file /opt/airflow/dags/report_hourly_dag.py for tasks to queue
[2026-06-19T21:06:20.297+0000] {logging_mixin.py:154} INFO - [2026-06-19T21:06:20.297+0000] {dagbag.py:536} INFO - Filling up the DagBag from /opt/airflow/dags/report_hourly_dag.py
[2026-06-19T21:06:20.307+0000] {processor.py:839} INFO - DAG(s) dict_keys(['report_hourly_dag']) retrieved from /opt/airflow/dags/report_hourly_dag.py
[2026-06-19T21:06:20.322+0000] {logging_mixin.py:154} INFO - [2026-06-19T21:06:20.322+0000] {dag.py:2941} INFO - Sync 1 DAGs
[2026-06-19T21:06:20.338+0000] {logging_mixin.py:154} INFO - [2026-06-19T21:06:20.338+0000] {dag.py:3722} INFO - Setting next_dagrun for report_hourly_dag to 2026-06-19T01:58:00+00:00, run_after=2026-06-19T01:59:00+00:00
[2026-06-19T21:06:20.355+0000] {processor.py:179} INFO - Processing /opt/airflow/dags/report_hourly_dag.py took 0.063 seconds
[2026-06-19T21:06:50.560+0000] {processor.py:157} INFO - Started process (PID=5208) to work on /opt/airflow/dags/report_hourly_dag.py
[2026-06-19T21:06:50.561+0000] {processor.py:829} INFO - Processing file /opt/airflow/dags/report_hourly_dag.py for tasks to queue
[2026-06-19T21:06:50.562+0000] {logging_mixin.py:154} INFO - [2026-06-19T21:06:50.561+0000] {dagbag.py:536} INFO - Filling up the DagBag from /opt/airflow/dags/report_hourly_dag.py
[2026-06-19T21:06:50.572+0000] {processor.py:839} INFO - DAG(s) dict_keys(['report_hourly_dag']) retrieved from /opt/airflow/dags/report_hourly_dag.py
[2026-06-19T21:06:50.588+0000] {logging_mixin.py:154} INFO - [2026-06-19T21:06:50.588+0000] {dag.py:2941} INFO - Sync 1 DAGs
[2026-06-19T21:06:50.605+0000] {logging_mixin.py:154} INFO - [2026-06-19T21:06:50.605+0000] {dag.py:3722} INFO - Setting next_dagrun for report_hourly_dag to 2026-06-19T01:58:00+00:00, run_after=2026-06-19T01:59:00+00:00
[2026-06-19T21:06:50.617+0000] {processor.py:179} INFO - Processing /opt/airflow/dags/report_hourly_dag.py took 0.062 seconds
[2026-06-19T21:07:20.880+0000] {processor.py:157} INFO - Started process (PID=5223) to work on /opt/airflow/dags/report_hourly_dag.py
[2026-06-19T21:07:20.880+0000] {processor.py:829} INFO - Processing file /opt/airflow/dags/report_hourly_dag.py for tasks to queue
[2026-06-19T21:07:20.881+0000] {logging_mixin.py:154} INFO - [2026-06-19T21:07:20.881+0000] {dagbag.py:536} INFO - Filling up the DagBag from /opt/airflow/dags/report_hourly_dag.py
[2026-06-19T21:07:20.893+0000] {processor.py:839} INFO - DAG(s) dict_keys(['report_hourly_dag']) retrieved from /opt/airflow/dags/report_hourly_dag.py
[2026-06-19T21:07:20.913+0000] {logging_mixin.py:154} INFO - [2026-06-19T21:07:20.913+0000] {dag.py:2941} INFO - Sync 1 DAGs
[2026-06-19T21:07:20.935+0000] {logging_mixin.py:154} INFO - [2026-06-19T21:07:20.935+0000] {dag.py:3722} INFO - Setting next_dagrun for report_hourly_dag to 2026-06-19T01:58:00+00:00, run_after=2026-06-19T01:59:00+00:00
[2026-06-19T21:07:20.947+0000] {processor.py:179} INFO - Processing /opt/airflow/dags/report_hourly_dag.py took 0.072 seconds
[2026-06-19T21:07:51.170+0000] {processor.py:157} INFO - Started process (PID=5238) to work on /opt/airflow/dags/report_hourly_dag.py
[2026-06-19T21:07:51.173+0000] {processor.py:829} INFO - Processing file /opt/airflow/dags/report_hourly_dag.py for tasks to queue
[2026-06-19T21:07:51.174+0000] {logging_mixin.py:154} INFO - [2026-06-19T21:07:51.174+0000] {dagbag.py:536} INFO - Filling up the DagBag from /opt/airflow/dags/report_hourly_dag.py
[2026-06-19T21:07:51.185+0000] {processor.py:839} INFO - DAG(s) dict_keys(['report_hourly_dag']) retrieved from /opt/airflow/dags/report_hourly_dag.py
[2026-06-19T21:07:51.201+0000] {logging_mixin.py:154} INFO - [2026-06-19T21:07:51.201+0000] {dag.py:2941} INFO - Sync 1 DAGs
[2026-06-19T21:07:51.218+0000] {logging_mixin.py:154} INFO - [2026-06-19T21:07:51.218+0000] {dag.py:3722} INFO - Setting next_dagrun for report_hourly_dag to 2026-06-19T01:58:00+00:00, run_after=2026-06-19T01:59:00+00:00
[2026-06-19T21:07:51.229+0000] {processor.py:179} INFO - Processing /opt/airflow/dags/report_hourly_dag.py took 0.063 seconds
[2026-06-19T21:08:21.474+0000] {processor.py:157} INFO - Started process (PID=5253) to work on /opt/airflow/dags/report_hourly_dag.py
[2026-06-19T21:08:21.475+0000] {processor.py:829} INFO - Processing file /opt/airflow/dags/report_hourly_dag.py for tasks to queue
[2026-06-19T21:08:21.476+0000] {logging_mixin.py:154} INFO - [2026-06-19T21:08:21.476+0000] {dagbag.py:536} INFO - Filling up the DagBag from /opt/airflow/dags/report_hourly_dag.py
[2026-06-19T21:08:21.489+0000] {processor.py:839} INFO - DAG(s) dict_keys(['report_hourly_dag']) retrieved from /opt/airflow/dags/report_hourly_dag.py
[2026-06-19T21:08:21.507+0000] {logging_mixin.py:154} INFO - [2026-06-19T21:08:21.507+0000] {dag.py:2941} INFO - Sync 1 DAGs
[2026-06-19T21:08:21.524+0000] {logging_mixin.py:154} INFO - [2026-06-19T21:08:21.524+0000] {dag.py:3722} INFO - Setting next_dagrun for report_hourly_dag to 2026-06-19T01:58:00+00:00, run_after=2026-06-19T01:59:00+00:00
[2026-06-19T21:08:21.538+0000] {processor.py:179} INFO - Processing /opt/airflow/dags/report_hourly_dag.py took 0.070 seconds
[2026-06-19T21:08:51.729+0000] {processor.py:157} INFO - Started process (PID=5268) to work on /opt/airflow/dags/report_hourly_dag.py
[2026-06-19T21:08:51.734+0000] {processor.py:829} INFO - Processing file /opt/airflow/dags/report_hourly_dag.py for tasks to queue
[2026-06-19T21:08:51.735+0000] {logging_mixin.py:154} INFO - [2026-06-19T21:08:51.735+0000] {dagbag.py:536} INFO - Filling up the DagBag from /opt/airflow/dags/report_hourly_dag.py
[2026-06-19T21:08:51.742+0000] {processor.py:839} INFO - DAG(s) dict_keys(['report_hourly_dag']) retrieved from /opt/airflow/dags/report_hourly_dag.py
[2026-06-19T21:08:51.759+0000] {logging_mixin.py:154} INFO - [2026-06-19T21:08:51.759+0000] {dag.py:2941} INFO - Sync 1 DAGs
[2026-06-19T21:08:51.776+0000] {logging_mixin.py:154} INFO - [2026-06-19T21:08:51.776+0000] {dag.py:3722} INFO - Setting next_dagrun for report_hourly_dag to 2026-06-19T01:58:00+00:00, run_after=2026-06-19T01:59:00+00:00
[2026-06-19T21:08:51.792+0000] {processor.py:179} INFO - Processing /opt/airflow/dags/report_hourly_dag.py took 0.065 seconds
[2026-06-19T21:09:22.032+0000] {processor.py:157} INFO - Started process (PID=5283) to work on /opt/airflow/dags/report_hourly_dag.py
[2026-06-19T21:09:22.032+0000] {processor.py:829} INFO - Processing file /opt/airflow/dags/report_hourly_dag.py for tasks to queue
[2026-06-19T21:09:22.033+0000] {logging_mixin.py:154} INFO - [2026-06-19T21:09:22.033+0000] {dagbag.py:536} INFO - Filling up the DagBag from /opt/airflow/dags/report_hourly_dag.py
[2026-06-19T21:09:22.042+0000] {processor.py:839} INFO - DAG(s) dict_keys(['report_hourly_dag']) retrieved from /opt/airflow/dags/report_hourly_dag.py
[2026-06-19T21:09:22.057+0000] {logging_mixin.py:154} INFO - [2026-06-19T21:09:22.057+0000] {dag.py:2941} INFO - Sync 1 DAGs
[2026-06-19T21:09:22.073+0000] {logging_mixin.py:154} INFO - [2026-06-19T21:09:22.073+0000] {dag.py:3722} INFO - Setting next_dagrun for report_hourly_dag to 2026-06-19T01:58:00+00:00, run_after=2026-06-19T01:59:00+00:00
[2026-06-19T21:09:22.085+0000] {processor.py:179} INFO - Processing /opt/airflow/dags/report_hourly_dag.py took 0.057 seconds
[2026-06-19T21:09:52.312+0000] {processor.py:157} INFO - Started process (PID=5298) to work on /opt/airflow/dags/report_hourly_dag.py
[2026-06-19T21:09:52.316+0000] {processor.py:829} INFO - Processing file /opt/airflow/dags/report_hourly_dag.py for tasks to queue
[2026-06-19T21:09:52.316+0000] {logging_mixin.py:154} INFO - [2026-06-19T21:09:52.316+0000] {dagbag.py:536} INFO - Filling up the DagBag from /opt/airflow/dags/report_hourly_dag.py
[2026-06-19T21:09:52.326+0000] {processor.py:839} INFO - DAG(s) dict_keys(['report_hourly_dag']) retrieved from /opt/airflow/dags/report_hourly_dag.py
[2026-06-19T21:09:52.342+0000] {logging_mixin.py:154} INFO - [2026-06-19T21:09:52.342+0000] {dag.py:2941} INFO - Sync 1 DAGs
[2026-06-19T21:09:52.360+0000] {logging_mixin.py:154} INFO - [2026-06-19T21:09:52.360+0000] {dag.py:3722} INFO - Setting next_dagrun for report_hourly_dag to 2026-06-19T01:58:00+00:00, run_after=2026-06-19T01:59:00+00:00
[2026-06-19T21:09:52.372+0000] {processor.py:179} INFO - Processing /opt/airflow/dags/report_hourly_dag.py took 0.064 seconds
[2026-06-19T21:10:22.576+0000] {processor.py:157} INFO - Started process (PID=5313) to work on /opt/airflow/dags/report_hourly_dag.py
[2026-06-19T21:10:22.577+0000] {processor.py:829} INFO - Processing file /opt/airflow/dags/report_hourly_dag.py for tasks to queue
[2026-06-19T21:10:22.578+0000] {logging_mixin.py:154} INFO - [2026-06-19T21:10:22.578+0000] {dagbag.py:536} INFO - Filling up the DagBag from /opt/airflow/dags/report_hourly_dag.py
[2026-06-19T21:10:22.592+0000] {processor.py:839} INFO - DAG(s) dict_keys(['report_hourly_dag']) retrieved from /opt/airflow/dags/report_hourly_dag.py
[2026-06-19T21:10:22.608+0000] {logging_mixin.py:154} INFO - [2026-06-19T21:10:22.608+0000] {dag.py:2941} INFO - Sync 1 DAGs
[2026-06-19T21:10:22.624+0000] {logging_mixin.py:154} INFO - [2026-06-19T21:10:22.624+0000] {dag.py:3722} INFO - Setting next_dagrun for report_hourly_dag to 2026-06-19T01:58:00+00:00, run_after=2026-06-19T01:59:00+00:00
[2026-06-19T21:10:22.637+0000] {processor.py:179} INFO - Processing /opt/airflow/dags/report_hourly_dag.py took 0.066 seconds
[2026-06-19T21:10:52.834+0000] {processor.py:157} INFO - Started process (PID=5328) to work on /opt/airflow/dags/report_hourly_dag.py
[2026-06-19T21:10:52.839+0000] {processor.py:829} INFO - Processing file /opt/airflow/dags/report_hourly_dag.py for tasks to queue
[2026-06-19T21:10:52.840+0000] {logging_mixin.py:154} INFO - [2026-06-19T21:10:52.839+0000] {dagbag.py:536} INFO - Filling up the DagBag from /opt/airflow/dags/report_hourly_dag.py
[2026-06-19T21:10:52.847+0000] {processor.py:839} INFO - DAG(s) dict_keys(['report_hourly_dag']) retrieved from /opt/airflow/dags/report_hourly_dag.py
[2026-06-19T21:10:52.863+0000] {logging_mixin.py:154} INFO - [2026-06-19T21:10:52.863+0000] {dag.py:2941} INFO - Sync 1 DAGs
[2026-06-19T21:10:52.879+0000] {logging_mixin.py:154} INFO - [2026-06-19T21:10:52.879+0000] {dag.py:3722} INFO - Setting next_dagrun for report_hourly_dag to 2026-06-19T01:58:00+00:00, run_after=2026-06-19T01:59:00+00:00
[2026-06-19T21:10:52.896+0000] {processor.py:179} INFO - Processing /opt/airflow/dags/report_hourly_dag.py took 0.065 seconds
[2026-06-19T21:11:23.135+0000] {processor.py:157} INFO - Started process (PID=5343) to work on /opt/airflow/dags/report_hourly_dag.py
[2026-06-19T21:11:23.136+0000] {processor.py:829} INFO - Processing file /opt/airflow/dags/report_hourly_dag.py for tasks to queue
[2026-06-19T21:11:23.137+0000] {logging_mixin.py:154} INFO - [2026-06-19T21:11:23.136+0000] {dagbag.py:536} INFO - Filling up the DagBag from /opt/airflow/dags/report_hourly_dag.py
[2026-06-19T21:11:23.146+0000] {processor.py:839} INFO - DAG(s) dict_keys(['report_hourly_dag']) retrieved from /opt/airflow/dags/report_hourly_dag.py
[2026-06-19T21:11:23.162+0000] {logging_mixin.py:154} INFO - [2026-06-19T21:11:23.162+0000] {dag.py:2941} INFO - Sync 1 DAGs
[2026-06-19T21:11:23.178+0000] {logging_mixin.py:154} INFO - [2026-06-19T21:11:23.178+0000] {dag.py:3722} INFO - Setting next_dagrun for report_hourly_dag to 2026-06-19T01:58:00+00:00, run_after=2026-06-19T01:59:00+00:00
[2026-06-19T21:11:23.193+0000] {processor.py:179} INFO - Processing /opt/airflow/dags/report_hourly_dag.py took 0.063 seconds
[2026-06-19T21:11:53.417+0000] {processor.py:157} INFO - Started process (PID=5358) to work on /opt/airflow/dags/report_hourly_dag.py
[2026-06-19T21:11:53.418+0000] {processor.py:829} INFO - Processing file /opt/airflow/dags/report_hourly_dag.py for tasks to queue
[2026-06-19T21:11:53.418+0000] {logging_mixin.py:154} INFO - [2026-06-19T21:11:53.418+0000] {dagbag.py:536} INFO - Filling up the DagBag from /opt/airflow/dags/report_hourly_dag.py
[2026-06-19T21:11:53.428+0000] {processor.py:839} INFO - DAG(s) dict_keys(['report_hourly_dag']) retrieved from /opt/airflow/dags/report_hourly_dag.py
[2026-06-19T21:11:53.444+0000] {logging_mixin.py:154} INFO - [2026-06-19T21:11:53.444+0000] {dag.py:2941} INFO - Sync 1 DAGs
[2026-06-19T21:11:53.460+0000] {logging_mixin.py:154} INFO - [2026-06-19T21:11:53.460+0000] {dag.py:3722} INFO - Setting next_dagrun for report_hourly_dag to 2026-06-19T01:58:00+00:00, run_after=2026-06-19T01:59:00+00:00
[2026-06-19T21:11:53.474+0000] {processor.py:179} INFO - Processing /opt/airflow/dags/report_hourly_dag.py took 0.061 seconds
[2026-06-19T21:12:23.732+0000] {processor.py:157} INFO - Started process (PID=5373) to work on /opt/airflow/dags/report_hourly_dag.py
[2026-06-19T21:12:23.735+0000] {processor.py:829} INFO - Processing file /opt/airflow/dags/report_hourly_dag.py for tasks to queue
[2026-06-19T21:12:23.736+0000] {logging_mixin.py:154} INFO - [2026-06-19T21:12:23.736+0000] {dagbag.py:536} INFO - Filling up the DagBag from /opt/airflow/dags/report_hourly_dag.py
[2026-06-19T21:12:23.748+0000] {processor.py:839} INFO - DAG(s) dict_keys(['report_hourly_dag']) retrieved from /opt/airflow/dags/report_hourly_dag.py
[2026-06-19T21:12:23.767+0000] {logging_mixin.py:154} INFO - [2026-06-19T21:12:23.767+0000] {dag.py:2941} INFO - Sync 1 DAGs
[2026-06-19T21:12:23.784+0000] {logging_mixin.py:154} INFO - [2026-06-19T21:12:23.784+0000] {dag.py:3722} INFO - Setting next_dagrun for report_hourly_dag to 2026-06-19T01:58:00+00:00, run_after=2026-06-19T01:59:00+00:00
[2026-06-19T21:12:23.797+0000] {processor.py:179} INFO - Processing /opt/airflow/dags/report_hourly_dag.py took 0.068 seconds
[2026-06-19T21:12:54.027+0000] {processor.py:157} INFO - Started process (PID=5388) to work on /opt/airflow/dags/report_hourly_dag.py
[2026-06-19T21:12:54.028+0000] {processor.py:829} INFO - Processing file /opt/airflow/dags/report_hourly_dag.py for tasks to queue
[2026-06-19T21:12:54.029+0000] {logging_mixin.py:154} INFO - [2026-06-19T21:12:54.028+0000] {dagbag.py:536} INFO - Filling up the DagBag from /opt/airflow/dags/report_hourly_dag.py
[2026-06-19T21:12:54.039+0000] {processor.py:839} INFO - DAG(s) dict_keys(['report_hourly_dag']) retrieved from /opt/airflow/dags/report_hourly_dag.py
[2026-06-19T21:12:54.054+0000] {logging_mixin.py:154} INFO - [2026-06-19T21:12:54.054+0000] {dag.py:2941} INFO - Sync 1 DAGs
[2026-06-19T21:12:54.070+0000] {logging_mixin.py:154} INFO - [2026-06-19T21:12:54.070+0000] {dag.py:3722} INFO - Setting next_dagrun for report_hourly_dag to 2026-06-19T01:58:00+00:00, run_after=2026-06-19T01:59:00+00:00
[2026-06-19T21:12:54.082+0000] {processor.py:179} INFO - Processing /opt/airflow/dags/report_hourly_dag.py took 0.060 seconds
[2026-06-19T21:13:24.313+0000] {processor.py:157} INFO - Started process (PID=5403) to work on /opt/airflow/dags/report_hourly_dag.py
[2026-06-19T21:13:24.317+0000] {processor.py:829} INFO - Processing file /opt/airflow/dags/report_hourly_dag.py for tasks to queue
[2026-06-19T21:13:24.317+0000] {logging_mixin.py:154} INFO - [2026-06-19T21:13:24.317+0000] {dagbag.py:536} INFO - Filling up the DagBag from /opt/airflow/dags/report_hourly_dag.py
[2026-06-19T21:13:24.327+0000] {processor.py:839} INFO - DAG(s) dict_keys(['report_hourly_dag']) retrieved from /opt/airflow/dags/report_hourly_dag.py
[2026-06-19T21:13:24.351+0000] {logging_mixin.py:154} INFO - [2026-06-19T21:13:24.351+0000] {dag.py:2941} INFO - Sync 1 DAGs
[2026-06-19T21:13:24.369+0000] {logging_mixin.py:154} INFO - [2026-06-19T21:13:24.369+0000] {dag.py:3722} INFO - Setting next_dagrun for report_hourly_dag to 2026-06-19T01:58:00+00:00, run_after=2026-06-19T01:59:00+00:00
[2026-06-19T21:13:24.386+0000] {processor.py:179} INFO - Processing /opt/airflow/dags/report_hourly_dag.py took 0.077 seconds
[2026-06-19T21:13:54.622+0000] {processor.py:157} INFO - Started process (PID=5418) to work on /opt/airflow/dags/report_hourly_dag.py
[2026-06-19T21:13:54.623+0000] {processor.py:829} INFO - Processing file /opt/airflow/dags/report_hourly_dag.py for tasks to queue
[2026-06-19T21:13:54.624+0000] {logging_mixin.py:154} INFO - [2026-06-19T21:13:54.624+0000] {dagbag.py:536} INFO - Filling up the DagBag from /opt/airflow/dags/report_hourly_dag.py
[2026-06-19T21:13:54.634+0000] {processor.py:839} INFO - DAG(s) dict_keys(['report_hourly_dag']) retrieved from /opt/airflow/dags/report_hourly_dag.py
[2026-06-19T21:13:54.651+0000] {logging_mixin.py:154} INFO - [2026-06-19T21:13:54.651+0000] {dag.py:2941} INFO - Sync 1 DAGs
[2026-06-19T21:13:54.667+0000] {logging_mixin.py:154} INFO - [2026-06-19T21:13:54.667+0000] {dag.py:3722} INFO - Setting next_dagrun for report_hourly_dag to 2026-06-19T01:58:00+00:00, run_after=2026-06-19T01:59:00+00:00
[2026-06-19T21:13:54.679+0000] {processor.py:179} INFO - Processing /opt/airflow/dags/report_hourly_dag.py took 0.061 seconds
[2026-06-19T21:14:24.906+0000] {processor.py:157} INFO - Started process (PID=5433) to work on /opt/airflow/dags/report_hourly_dag.py
[2026-06-19T21:14:24.909+0000] {processor.py:829} INFO - Processing file /opt/airflow/dags/report_hourly_dag.py for tasks to queue
[2026-06-19T21:14:24.910+0000] {logging_mixin.py:154} INFO - [2026-06-19T21:14:24.909+0000] {dagbag.py:536} INFO - Filling up the DagBag from /opt/airflow/dags/report_hourly_dag.py
[2026-06-19T21:14:24.920+0000] {processor.py:839} INFO - DAG(s) dict_keys(['report_hourly_dag']) retrieved from /opt/airflow/dags/report_hourly_dag.py
[2026-06-19T21:14:24.939+0000] {logging_mixin.py:154} INFO - [2026-06-19T21:14:24.939+0000] {dag.py:2941} INFO - Sync 1 DAGs
[2026-06-19T21:14:24.956+0000] {logging_mixin.py:154} INFO - [2026-06-19T21:14:24.956+0000] {dag.py:3722} INFO - Setting next_dagrun for report_hourly_dag to 2026-06-19T01:58:00+00:00, run_after=2026-06-19T01:59:00+00:00
[2026-06-19T21:14:24.967+0000] {processor.py:179} INFO - Processing /opt/airflow/dags/report_hourly_dag.py took 0.065 seconds
[2026-06-19T21:14:55.193+0000] {processor.py:157} INFO - Started process (PID=5448) to work on /opt/airflow/dags/report_hourly_dag.py
[2026-06-19T21:14:55.194+0000] {processor.py:829} INFO - Processing file /opt/airflow/dags/report_hourly_dag.py for tasks to queue
[2026-06-19T21:14:55.195+0000] {logging_mixin.py:154} INFO - [2026-06-19T21:14:55.195+0000] {dagbag.py:536} INFO - Filling up the DagBag from /opt/airflow/dags/report_hourly_dag.py
[2026-06-19T21:14:55.210+0000] {processor.py:839} INFO - DAG(s) dict_keys(['report_hourly_dag']) retrieved from /opt/airflow/dags/report_hourly_dag.py
[2026-06-19T21:14:55.231+0000] {logging_mixin.py:154} INFO - [2026-06-19T21:14:55.230+0000] {dag.py:2941} INFO - Sync 1 DAGs
[2026-06-19T21:14:55.247+0000] {logging_mixin.py:154} INFO - [2026-06-19T21:14:55.247+0000] {dag.py:3722} INFO - Setting next_dagrun for report_hourly_dag to 2026-06-19T01:58:00+00:00, run_after=2026-06-19T01:59:00+00:00
[2026-06-19T21:14:55.259+0000] {processor.py:179} INFO - Processing /opt/airflow/dags/report_hourly_dag.py took 0.071 seconds
[2026-06-19T21:15:25.490+0000] {processor.py:157} INFO - Started process (PID=5463) to work on /opt/airflow/dags/report_hourly_dag.py
[2026-06-19T21:15:25.493+0000] {processor.py:829} INFO - Processing file /opt/airflow/dags/report_hourly_dag.py for tasks to queue
[2026-06-19T21:15:25.493+0000] {logging_mixin.py:154} INFO - [2026-06-19T21:15:25.493+0000] {dagbag.py:536} INFO - Filling up the DagBag from /opt/airflow/dags/report_hourly_dag.py
[2026-06-19T21:15:25.502+0000] {processor.py:839} INFO - DAG(s) dict_keys(['report_hourly_dag']) retrieved from /opt/airflow/dags/report_hourly_dag.py
[2026-06-19T21:15:25.523+0000] {logging_mixin.py:154} INFO - [2026-06-19T21:15:25.523+0000] {dag.py:2941} INFO - Sync 1 DAGs
[2026-06-19T21:15:25.547+0000] {logging_mixin.py:154} INFO - [2026-06-19T21:15:25.547+0000] {dag.py:3722} INFO - Setting next_dagrun for report_hourly_dag to 2026-06-19T01:58:00+00:00, run_after=2026-06-19T01:59:00+00:00
[2026-06-19T21:15:25.561+0000] {processor.py:179} INFO - Processing /opt/airflow/dags/report_hourly_dag.py took 0.075 seconds
[2026-06-19T21:15:55.763+0000] {processor.py:157} INFO - Started process (PID=5478) to work on /opt/airflow/dags/report_hourly_dag.py
[2026-06-19T21:15:55.763+0000] {processor.py:829} INFO - Processing file /opt/airflow/dags/report_hourly_dag.py for tasks to queue
[2026-06-19T21:15:55.764+0000] {logging_mixin.py:154} INFO - [2026-06-19T21:15:55.764+0000] {dagbag.py:536} INFO - Filling up the DagBag from /opt/airflow/dags/report_hourly_dag.py
[2026-06-19T21:15:55.773+0000] {processor.py:839} INFO - DAG(s) dict_keys(['report_hourly_dag']) retrieved from /opt/airflow/dags/report_hourly_dag.py
[2026-06-19T21:15:55.789+0000] {logging_mixin.py:154} INFO - [2026-06-19T21:15:55.789+0000] {dag.py:2941} INFO - Sync 1 DAGs
[2026-06-19T21:15:55.806+0000] {logging_mixin.py:154} INFO - [2026-06-19T21:15:55.806+0000] {dag.py:3722} INFO - Setting next_dagrun for report_hourly_dag to 2026-06-19T01:58:00+00:00, run_after=2026-06-19T01:59:00+00:00
[2026-06-19T21:15:55.819+0000] {processor.py:179} INFO - Processing /opt/airflow/dags/report_hourly_dag.py took 0.060 seconds
[2026-06-19T21:16:26.052+0000] {processor.py:157} INFO - Started process (PID=5493) to work on /opt/airflow/dags/report_hourly_dag.py
[2026-06-19T21:16:26.055+0000] {processor.py:829} INFO - Processing file /opt/airflow/dags/report_hourly_dag.py for tasks to queue
[2026-06-19T21:16:26.056+0000] {logging_mixin.py:154} INFO - [2026-06-19T21:16:26.055+0000] {dagbag.py:536} INFO - Filling up the DagBag from /opt/airflow/dags/report_hourly_dag.py
[2026-06-19T21:16:26.066+0000] {processor.py:839} INFO - DAG(s) dict_keys(['report_hourly_dag']) retrieved from /opt/airflow/dags/report_hourly_dag.py
[2026-06-19T21:16:26.086+0000] {logging_mixin.py:154} INFO - [2026-06-19T21:16:26.086+0000] {dag.py:2941} INFO - Sync 1 DAGs
[2026-06-19T21:16:26.102+0000] {logging_mixin.py:154} INFO - [2026-06-19T21:16:26.102+0000] {dag.py:3722} INFO - Setting next_dagrun for report_hourly_dag to 2026-06-19T01:58:00+00:00, run_after=2026-06-19T01:59:00+00:00
[2026-06-19T21:16:26.114+0000] {processor.py:179} INFO - Processing /opt/airflow/dags/report_hourly_dag.py took 0.066 seconds
[2026-06-19T21:16:56.359+0000] {processor.py:157} INFO - Started process (PID=5508) to work on /opt/airflow/dags/report_hourly_dag.py
[2026-06-19T21:16:56.360+0000] {processor.py:829} INFO - Processing file /opt/airflow/dags/report_hourly_dag.py for tasks to queue
[2026-06-19T21:16:56.361+0000] {logging_mixin.py:154} INFO - [2026-06-19T21:16:56.360+0000] {dagbag.py:536} INFO - Filling up the DagBag from /opt/airflow/dags/report_hourly_dag.py
[2026-06-19T21:16:56.371+0000] {processor.py:839} INFO - DAG(s) dict_keys(['report_hourly_dag']) retrieved from /opt/airflow/dags/report_hourly_dag.py
[2026-06-19T21:16:56.386+0000] {logging_mixin.py:154} INFO - [2026-06-19T21:16:56.386+0000] {dag.py:2941} INFO - Sync 1 DAGs
[2026-06-19T21:16:56.403+0000] {logging_mixin.py:154} INFO - [2026-06-19T21:16:56.403+0000] {dag.py:3722} INFO - Setting next_dagrun for report_hourly_dag to 2026-06-19T01:58:00+00:00, run_after=2026-06-19T01:59:00+00:00
[2026-06-19T21:16:56.416+0000] {processor.py:179} INFO - Processing /opt/airflow/dags/report_hourly_dag.py took 0.061 seconds
[2026-06-19T21:17:26.672+0000] {processor.py:157} INFO - Started process (PID=5523) to work on /opt/airflow/dags/report_hourly_dag.py
[2026-06-19T21:17:26.674+0000] {processor.py:829} INFO - Processing file /opt/airflow/dags/report_hourly_dag.py for tasks to queue
[2026-06-19T21:17:26.675+0000] {logging_mixin.py:154} INFO - [2026-06-19T21:17:26.675+0000] {dagbag.py:536} INFO - Filling up the DagBag from /opt/airflow/dags/report_hourly_dag.py
[2026-06-19T21:17:26.683+0000] {processor.py:839} INFO - DAG(s) dict_keys(['report_hourly_dag']) retrieved from /opt/airflow/dags/report_hourly_dag.py
[2026-06-19T21:17:26.700+0000] {logging_mixin.py:154} INFO - [2026-06-19T21:17:26.700+0000] {dag.py:2941} INFO - Sync 1 DAGs
[2026-06-19T21:17:26.718+0000] {logging_mixin.py:154} INFO - [2026-06-19T21:17:26.718+0000] {dag.py:3722} INFO - Setting next_dagrun for report_hourly_dag to 2026-06-19T01:58:00+00:00, run_after=2026-06-19T01:59:00+00:00
[2026-06-19T21:17:26.730+0000] {processor.py:179} INFO - Processing /opt/airflow/dags/report_hourly_dag.py took 0.062 seconds
[2026-06-19T21:17:56.962+0000] {processor.py:157} INFO - Started process (PID=5538) to work on /opt/airflow/dags/report_hourly_dag.py
[2026-06-19T21:17:56.963+0000] {processor.py:829} INFO - Processing file /opt/airflow/dags/report_hourly_dag.py for tasks to queue
[2026-06-19T21:17:56.964+0000] {logging_mixin.py:154} INFO - [2026-06-19T21:17:56.963+0000] {dagbag.py:536} INFO - Filling up the DagBag from /opt/airflow/dags/report_hourly_dag.py
[2026-06-19T21:17:56.976+0000] {processor.py:839} INFO - DAG(s) dict_keys(['report_hourly_dag']) retrieved from /opt/airflow/dags/report_hourly_dag.py
[2026-06-19T21:17:56.997+0000] {logging_mixin.py:154} INFO - [2026-06-19T21:17:56.996+0000] {dag.py:2941} INFO - Sync 1 DAGs
[2026-06-19T21:17:57.015+0000] {logging_mixin.py:154} INFO - [2026-06-19T21:17:57.014+0000] {dag.py:3722} INFO - Setting next_dagrun for report_hourly_dag to 2026-06-19T01:58:00+00:00, run_after=2026-06-19T01:59:00+00:00
[2026-06-19T21:17:57.028+0000] {processor.py:179} INFO - Processing /opt/airflow/dags/report_hourly_dag.py took 0.070 seconds
[2026-06-19T21:18:27.258+0000] {processor.py:157} INFO - Started process (PID=5553) to work on /opt/airflow/dags/report_hourly_dag.py
[2026-06-19T21:18:27.259+0000] {processor.py:829} INFO - Processing file /opt/airflow/dags/report_hourly_dag.py for tasks to queue
[2026-06-19T21:18:27.260+0000] {logging_mixin.py:154} INFO - [2026-06-19T21:18:27.260+0000] {dagbag.py:536} INFO - Filling up the DagBag from /opt/airflow/dags/report_hourly_dag.py
[2026-06-19T21:18:27.270+0000] {processor.py:839} INFO - DAG(s) dict_keys(['report_hourly_dag']) retrieved from /opt/airflow/dags/report_hourly_dag.py
[2026-06-19T21:18:27.285+0000] {logging_mixin.py:154} INFO - [2026-06-19T21:18:27.285+0000] {dag.py:2941} INFO - Sync 1 DAGs
[2026-06-19T21:18:27.302+0000] {logging_mixin.py:154} INFO - [2026-06-19T21:18:27.302+0000] {dag.py:3722} INFO - Setting next_dagrun for report_hourly_dag to 2026-06-19T01:58:00+00:00, run_after=2026-06-19T01:59:00+00:00
[2026-06-19T21:18:27.315+0000] {processor.py:179} INFO - Processing /opt/airflow/dags/report_hourly_dag.py took 0.061 seconds
[2026-06-19T21:18:57.547+0000] {processor.py:157} INFO - Started process (PID=5568) to work on /opt/airflow/dags/report_hourly_dag.py
[2026-06-19T21:18:57.548+0000] {processor.py:829} INFO - Processing file /opt/airflow/dags/report_hourly_dag.py for tasks to queue
[2026-06-19T21:18:57.548+0000] {logging_mixin.py:154} INFO - [2026-06-19T21:18:57.548+0000] {dagbag.py:536} INFO - Filling up the DagBag from /opt/airflow/dags/report_hourly_dag.py
[2026-06-19T21:18:57.560+0000] {processor.py:839} INFO - DAG(s) dict_keys(['report_hourly_dag']) retrieved from /opt/airflow/dags/report_hourly_dag.py
[2026-06-19T21:18:57.576+0000] {logging_mixin.py:154} INFO - [2026-06-19T21:18:57.576+0000] {dag.py:2941} INFO - Sync 1 DAGs
[2026-06-19T21:18:57.592+0000] {logging_mixin.py:154} INFO - [2026-06-19T21:18:57.592+0000] {dag.py:3722} INFO - Setting next_dagrun for report_hourly_dag to 2026-06-19T01:58:00+00:00, run_after=2026-06-19T01:59:00+00:00
[2026-06-19T21:18:57.604+0000] {processor.py:179} INFO - Processing /opt/airflow/dags/report_hourly_dag.py took 0.061 seconds
[2026-06-19T21:19:27.812+0000] {processor.py:157} INFO - Started process (PID=5583) to work on /opt/airflow/dags/report_hourly_dag.py
[2026-06-19T21:19:27.816+0000] {processor.py:829} INFO - Processing file /opt/airflow/dags/report_hourly_dag.py for tasks to queue
[2026-06-19T21:19:27.817+0000] {logging_mixin.py:154} INFO - [2026-06-19T21:19:27.817+0000] {dagbag.py:536} INFO - Filling up the DagBag from /opt/airflow/dags/report_hourly_dag.py
[2026-06-19T21:19:27.826+0000] {processor.py:839} INFO - DAG(s) dict_keys(['report_hourly_dag']) retrieved from /opt/airflow/dags/report_hourly_dag.py
[2026-06-19T21:19:27.842+0000] {logging_mixin.py:154} INFO - [2026-06-19T21:19:27.842+0000] {dag.py:2941} INFO - Sync 1 DAGs
[2026-06-19T21:19:27.858+0000] {logging_mixin.py:154} INFO - [2026-06-19T21:19:27.858+0000] {dag.py:3722} INFO - Setting next_dagrun for report_hourly_dag to 2026-06-19T01:58:00+00:00, run_after=2026-06-19T01:59:00+00:00
[2026-06-19T21:19:27.871+0000] {processor.py:179} INFO - Processing /opt/airflow/dags/report_hourly_dag.py took 0.062 seconds
[2026-06-19T21:19:58.103+0000] {processor.py:157} INFO - Started process (PID=5598) to work on /opt/airflow/dags/report_hourly_dag.py
[2026-06-19T21:19:58.104+0000] {processor.py:829} INFO - Processing file /opt/airflow/dags/report_hourly_dag.py for tasks to queue
[2026-06-19T21:19:58.104+0000] {logging_mixin.py:154} INFO - [2026-06-19T21:19:58.104+0000] {dagbag.py:536} INFO - Filling up the DagBag from /opt/airflow/dags/report_hourly_dag.py
[2026-06-19T21:19:58.114+0000] {processor.py:839} INFO - DAG(s) dict_keys(['report_hourly_dag']) retrieved from /opt/airflow/dags/report_hourly_dag.py
[2026-06-19T21:19:58.129+0000] {logging_mixin.py:154} INFO - [2026-06-19T21:19:58.129+0000] {dag.py:2941} INFO - Sync 1 DAGs
[2026-06-19T21:19:58.146+0000] {logging_mixin.py:154} INFO - [2026-06-19T21:19:58.146+0000] {dag.py:3722} INFO - Setting next_dagrun for report_hourly_dag to 2026-06-19T01:58:00+00:00, run_after=2026-06-19T01:59:00+00:00
[2026-06-19T21:19:58.158+0000] {processor.py:179} INFO - Processing /opt/airflow/dags/report_hourly_dag.py took 0.059 seconds
[2026-06-19T21:20:28.389+0000] {processor.py:157} INFO - Started process (PID=5613) to work on /opt/airflow/dags/report_hourly_dag.py
[2026-06-19T21:20:28.393+0000] {processor.py:829} INFO - Processing file /opt/airflow/dags/report_hourly_dag.py for tasks to queue
[2026-06-19T21:20:28.393+0000] {logging_mixin.py:154} INFO - [2026-06-19T21:20:28.393+0000] {dagbag.py:536} INFO - Filling up the DagBag from /opt/airflow/dags/report_hourly_dag.py
[2026-06-19T21:20:28.403+0000] {processor.py:839} INFO - DAG(s) dict_keys(['report_hourly_dag']) retrieved from /opt/airflow/dags/report_hourly_dag.py
[2026-06-19T21:20:28.424+0000] {logging_mixin.py:154} INFO - [2026-06-19T21:20:28.424+0000] {dag.py:2941} INFO - Sync 1 DAGs
[2026-06-19T21:20:28.516+0000] {logging_mixin.py:154} INFO - [2026-06-19T21:20:28.516+0000] {dag.py:3722} INFO - Setting next_dagrun for report_hourly_dag to 2026-06-19T01:58:00+00:00, run_after=2026-06-19T01:59:00+00:00
[2026-06-19T21:20:28.527+0000] {processor.py:179} INFO - Processing /opt/airflow/dags/report_hourly_dag.py took 0.142 seconds
[2026-06-19T21:20:58.674+0000] {processor.py:157} INFO - Started process (PID=5628) to work on /opt/airflow/dags/report_hourly_dag.py
[2026-06-19T21:20:58.674+0000] {processor.py:829} INFO - Processing file /opt/airflow/dags/report_hourly_dag.py for tasks to queue
[2026-06-19T21:20:58.675+0000] {logging_mixin.py:154} INFO - [2026-06-19T21:20:58.675+0000] {dagbag.py:536} INFO - Filling up the DagBag from /opt/airflow/dags/report_hourly_dag.py
[2026-06-19T21:20:58.687+0000] {processor.py:839} INFO - DAG(s) dict_keys(['report_hourly_dag']) retrieved from /opt/airflow/dags/report_hourly_dag.py
[2026-06-19T21:20:58.703+0000] {logging_mixin.py:154} INFO - [2026-06-19T21:20:58.703+0000] {dag.py:2941} INFO - Sync 1 DAGs
[2026-06-19T21:20:58.720+0000] {logging_mixin.py:154} INFO - [2026-06-19T21:20:58.720+0000] {dag.py:3722} INFO - Setting next_dagrun for report_hourly_dag to 2026-06-19T01:58:00+00:00, run_after=2026-06-19T01:59:00+00:00
[2026-06-19T21:20:58.734+0000] {processor.py:179} INFO - Processing /opt/airflow/dags/report_hourly_dag.py took 0.065 seconds
[2026-06-19T21:21:28.946+0000] {processor.py:157} INFO - Started process (PID=5643) to work on /opt/airflow/dags/report_hourly_dag.py
[2026-06-19T21:21:28.949+0000] {processor.py:829} INFO - Processing file /opt/airflow/dags/report_hourly_dag.py for tasks to queue
[2026-06-19T21:21:28.950+0000] {logging_mixin.py:154} INFO - [2026-06-19T21:21:28.949+0000] {dagbag.py:536} INFO - Filling up the DagBag from /opt/airflow/dags/report_hourly_dag.py
[2026-06-19T21:21:28.962+0000] {processor.py:839} INFO - DAG(s) dict_keys(['report_hourly_dag']) retrieved from /opt/airflow/dags/report_hourly_dag.py
[2026-06-19T21:21:28.983+0000] {logging_mixin.py:154} INFO - [2026-06-19T21:21:28.983+0000] {dag.py:2941} INFO - Sync 1 DAGs
[2026-06-19T21:21:29.002+0000] {logging_mixin.py:154} INFO - [2026-06-19T21:21:29.002+0000] {dag.py:3722} INFO - Setting next_dagrun for report_hourly_dag to 2026-06-19T01:58:00+00:00, run_after=2026-06-19T01:59:00+00:00
[2026-06-19T21:21:29.014+0000] {processor.py:179} INFO - Processing /opt/airflow/dags/report_hourly_dag.py took 0.072 seconds
[2026-06-19T21:21:59.233+0000] {processor.py:157} INFO - Started process (PID=5658) to work on /opt/airflow/dags/report_hourly_dag.py
[2026-06-19T21:21:59.234+0000] {processor.py:829} INFO - Processing file /opt/airflow/dags/report_hourly_dag.py for tasks to queue
[2026-06-19T21:21:59.235+0000] {logging_mixin.py:154} INFO - [2026-06-19T21:21:59.235+0000] {dagbag.py:536} INFO - Filling up the DagBag from /opt/airflow/dags/report_hourly_dag.py
[2026-06-19T21:21:59.247+0000] {processor.py:839} INFO - DAG(s) dict_keys(['report_hourly_dag']) retrieved from /opt/airflow/dags/report_hourly_dag.py
[2026-06-19T21:21:59.267+0000] {logging_mixin.py:154} INFO - [2026-06-19T21:21:59.267+0000] {dag.py:2941} INFO - Sync 1 DAGs
[2026-06-19T21:21:59.284+0000] {logging_mixin.py:154} INFO - [2026-06-19T21:21:59.284+0000] {dag.py:3722} INFO - Setting next_dagrun for report_hourly_dag to 2026-06-19T01:58:00+00:00, run_after=2026-06-19T01:59:00+00:00
[2026-06-19T21:21:59.295+0000] {processor.py:179} INFO - Processing /opt/airflow/dags/report_hourly_dag.py took 0.067 seconds
[2026-06-19T21:22:29.524+0000] {processor.py:157} INFO - Started process (PID=5673) to work on /opt/airflow/dags/report_hourly_dag.py
[2026-06-19T21:22:29.526+0000] {processor.py:829} INFO - Processing file /opt/airflow/dags/report_hourly_dag.py for tasks to queue
[2026-06-19T21:22:29.527+0000] {logging_mixin.py:154} INFO - [2026-06-19T21:22:29.527+0000] {dagbag.py:536} INFO - Filling up the DagBag from /opt/airflow/dags/report_hourly_dag.py
[2026-06-19T21:22:29.537+0000] {processor.py:839} INFO - DAG(s) dict_keys(['report_hourly_dag']) retrieved from /opt/airflow/dags/report_hourly_dag.py
[2026-06-19T21:22:29.556+0000] {logging_mixin.py:154} INFO - [2026-06-19T21:22:29.556+0000] {dag.py:2941} INFO - Sync 1 DAGs
[2026-06-19T21:22:29.651+0000] {logging_mixin.py:154} INFO - [2026-06-19T21:22:29.651+0000] {dag.py:3722} INFO - Setting next_dagrun for report_hourly_dag to 2026-06-19T01:58:00+00:00, run_after=2026-06-19T01:59:00+00:00
[2026-06-19T21:22:29.666+0000] {processor.py:179} INFO - Processing /opt/airflow/dags/report_hourly_dag.py took 0.146 seconds
[2026-06-19T21:22:59.962+0000] {processor.py:157} INFO - Started process (PID=5688) to work on /opt/airflow/dags/report_hourly_dag.py
[2026-06-19T21:22:59.963+0000] {processor.py:829} INFO - Processing file /opt/airflow/dags/report_hourly_dag.py for tasks to queue
[2026-06-19T21:22:59.964+0000] {logging_mixin.py:154} INFO - [2026-06-19T21:22:59.964+0000] {dagbag.py:536} INFO - Filling up the DagBag from /opt/airflow/dags/report_hourly_dag.py
[2026-06-19T21:22:59.975+0000] {processor.py:839} INFO - DAG(s) dict_keys(['report_hourly_dag']) retrieved from /opt/airflow/dags/report_hourly_dag.py
[2026-06-19T21:22:59.990+0000] {logging_mixin.py:154} INFO - [2026-06-19T21:22:59.989+0000] {dag.py:2941} INFO - Sync 1 DAGs
[2026-06-19T21:23:00.006+0000] {logging_mixin.py:154} INFO - [2026-06-19T21:23:00.006+0000] {dag.py:3722} INFO - Setting next_dagrun for report_hourly_dag to 2026-06-19T01:58:00+00:00, run_after=2026-06-19T01:59:00+00:00
[2026-06-19T21:23:00.025+0000] {processor.py:179} INFO - Processing /opt/airflow/dags/report_hourly_dag.py took 0.067 seconds
[2026-06-19T21:23:30.250+0000] {processor.py:157} INFO - Started process (PID=5703) to work on /opt/airflow/dags/report_hourly_dag.py
[2026-06-19T21:23:30.251+0000] {processor.py:829} INFO - Processing file /opt/airflow/dags/report_hourly_dag.py for tasks to queue
[2026-06-19T21:23:30.252+0000] {logging_mixin.py:154} INFO - [2026-06-19T21:23:30.251+0000] {dagbag.py:536} INFO - Filling up the DagBag from /opt/airflow/dags/report_hourly_dag.py
[2026-06-19T21:23:30.261+0000] {processor.py:839} INFO - DAG(s) dict_keys(['report_hourly_dag']) retrieved from /opt/airflow/dags/report_hourly_dag.py
[2026-06-19T21:23:30.275+0000] {logging_mixin.py:154} INFO - [2026-06-19T21:23:30.275+0000] {dag.py:2941} INFO - Sync 1 DAGs
[2026-06-19T21:23:30.293+0000] {logging_mixin.py:154} INFO - [2026-06-19T21:23:30.293+0000] {dag.py:3722} INFO - Setting next_dagrun for report_hourly_dag to 2026-06-19T01:58:00+00:00, run_after=2026-06-19T01:59:00+00:00
[2026-06-19T21:23:30.306+0000] {processor.py:179} INFO - Processing /opt/airflow/dags/report_hourly_dag.py took 0.059 seconds
[2026-06-19T21:24:00.523+0000] {processor.py:157} INFO - Started process (PID=5718) to work on /opt/airflow/dags/report_hourly_dag.py
[2026-06-19T21:24:00.524+0000] {processor.py:829} INFO - Processing file /opt/airflow/dags/report_hourly_dag.py for tasks to queue
[2026-06-19T21:24:00.525+0000] {logging_mixin.py:154} INFO - [2026-06-19T21:24:00.524+0000] {dagbag.py:536} INFO - Filling up the DagBag from /opt/airflow/dags/report_hourly_dag.py
[2026-06-19T21:24:00.534+0000] {processor.py:839} INFO - DAG(s) dict_keys(['report_hourly_dag']) retrieved from /opt/airflow/dags/report_hourly_dag.py
[2026-06-19T21:24:00.550+0000] {logging_mixin.py:154} INFO - [2026-06-19T21:24:00.550+0000] {dag.py:2941} INFO - Sync 1 DAGs
[2026-06-19T21:24:00.567+0000] {logging_mixin.py:154} INFO - [2026-06-19T21:24:00.567+0000] {dag.py:3722} INFO - Setting next_dagrun for report_hourly_dag to 2026-06-19T01:58:00+00:00, run_after=2026-06-19T01:59:00+00:00
[2026-06-19T21:24:00.580+0000] {processor.py:179} INFO - Processing /opt/airflow/dags/report_hourly_dag.py took 0.062 seconds
[2026-06-19T21:24:30.808+0000] {processor.py:157} INFO - Started process (PID=5733) to work on /opt/airflow/dags/report_hourly_dag.py
[2026-06-19T21:24:30.811+0000] {processor.py:829} INFO - Processing file /opt/airflow/dags/report_hourly_dag.py for tasks to queue
[2026-06-19T21:24:30.812+0000] {logging_mixin.py:154} INFO - [2026-06-19T21:24:30.811+0000] {dagbag.py:536} INFO - Filling up the DagBag from /opt/airflow/dags/report_hourly_dag.py
[2026-06-19T21:24:30.822+0000] {processor.py:839} INFO - DAG(s) dict_keys(['report_hourly_dag']) retrieved from /opt/airflow/dags/report_hourly_dag.py
[2026-06-19T21:24:30.842+0000] {logging_mixin.py:154} INFO - [2026-06-19T21:24:30.841+0000] {dag.py:2941} INFO - Sync 1 DAGs
[2026-06-19T21:24:30.858+0000] {logging_mixin.py:154} INFO - [2026-06-19T21:24:30.858+0000] {dag.py:3722} INFO - Setting next_dagrun for report_hourly_dag to 2026-06-19T01:58:00+00:00, run_after=2026-06-19T01:59:00+00:00
[2026-06-19T21:24:30.870+0000] {processor.py:179} INFO - Processing /opt/airflow/dags/report_hourly_dag.py took 0.066 seconds
[2026-06-19T21:25:01.089+0000] {processor.py:157} INFO - Started process (PID=5748) to work on /opt/airflow/dags/report_hourly_dag.py
[2026-06-19T21:25:01.090+0000] {processor.py:829} INFO - Processing file /opt/airflow/dags/report_hourly_dag.py for tasks to queue
[2026-06-19T21:25:01.090+0000] {logging_mixin.py:154} INFO - [2026-06-19T21:25:01.090+0000] {dagbag.py:536} INFO - Filling up the DagBag from /opt/airflow/dags/report_hourly_dag.py
[2026-06-19T21:25:01.101+0000] {processor.py:839} INFO - DAG(s) dict_keys(['report_hourly_dag']) retrieved from /opt/airflow/dags/report_hourly_dag.py
[2026-06-19T21:25:01.116+0000] {logging_mixin.py:154} INFO - [2026-06-19T21:25:01.116+0000] {dag.py:2941} INFO - Sync 1 DAGs
[2026-06-19T21:25:01.134+0000] {logging_mixin.py:154} INFO - [2026-06-19T21:25:01.133+0000] {dag.py:3722} INFO - Setting next_dagrun for report_hourly_dag to 2026-06-19T01:58:00+00:00, run_after=2026-06-19T01:59:00+00:00
[2026-06-19T21:25:01.147+0000] {processor.py:179} INFO - Processing /opt/airflow/dags/report_hourly_dag.py took 0.063 seconds
[2026-06-19T21:25:31.380+0000] {processor.py:157} INFO - Started process (PID=5763) to work on /opt/airflow/dags/report_hourly_dag.py
[2026-06-19T21:25:31.382+0000] {processor.py:829} INFO - Processing file /opt/airflow/dags/report_hourly_dag.py for tasks to queue
[2026-06-19T21:25:31.383+0000] {logging_mixin.py:154} INFO - [2026-06-19T21:25:31.382+0000] {dagbag.py:536} INFO - Filling up the DagBag from /opt/airflow/dags/report_hourly_dag.py
[2026-06-19T21:25:31.392+0000] {processor.py:839} INFO - DAG(s) dict_keys(['report_hourly_dag']) retrieved from /opt/airflow/dags/report_hourly_dag.py
[2026-06-19T21:25:31.409+0000] {logging_mixin.py:154} INFO - [2026-06-19T21:25:31.409+0000] {dag.py:2941} INFO - Sync 1 DAGs
[2026-06-19T21:25:31.427+0000] {logging_mixin.py:154} INFO - [2026-06-19T21:25:31.427+0000] {dag.py:3722} INFO - Setting next_dagrun for report_hourly_dag to 2026-06-19T01:58:00+00:00, run_after=2026-06-19T01:59:00+00:00
[2026-06-19T21:25:31.440+0000] {processor.py:179} INFO - Processing /opt/airflow/dags/report_hourly_dag.py took 0.065 seconds
[2026-06-19T21:26:01.680+0000] {processor.py:157} INFO - Started process (PID=5778) to work on /opt/airflow/dags/report_hourly_dag.py
[2026-06-19T21:26:01.681+0000] {processor.py:829} INFO - Processing file /opt/airflow/dags/report_hourly_dag.py for tasks to queue
[2026-06-19T21:26:01.682+0000] {logging_mixin.py:154} INFO - [2026-06-19T21:26:01.682+0000] {dagbag.py:536} INFO - Filling up the DagBag from /opt/airflow/dags/report_hourly_dag.py
[2026-06-19T21:26:01.692+0000] {processor.py:839} INFO - DAG(s) dict_keys(['report_hourly_dag']) retrieved from /opt/airflow/dags/report_hourly_dag.py
[2026-06-19T21:26:01.708+0000] {logging_mixin.py:154} INFO - [2026-06-19T21:26:01.708+0000] {dag.py:2941} INFO - Sync 1 DAGs
[2026-06-19T21:26:01.725+0000] {logging_mixin.py:154} INFO - [2026-06-19T21:26:01.725+0000] {dag.py:3722} INFO - Setting next_dagrun for report_hourly_dag to 2026-06-19T01:58:00+00:00, run_after=2026-06-19T01:59:00+00:00
[2026-06-19T21:26:01.738+0000] {processor.py:179} INFO - Processing /opt/airflow/dags/report_hourly_dag.py took 0.062 seconds
[2026-06-19T21:26:31.965+0000] {processor.py:157} INFO - Started process (PID=5793) to work on /opt/airflow/dags/report_hourly_dag.py
[2026-06-19T21:26:31.969+0000] {processor.py:829} INFO - Processing file /opt/airflow/dags/report_hourly_dag.py for tasks to queue
[2026-06-19T21:26:31.970+0000] {logging_mixin.py:154} INFO - [2026-06-19T21:26:31.970+0000] {dagbag.py:536} INFO - Filling up the DagBag from /opt/airflow/dags/report_hourly_dag.py
[2026-06-19T21:26:31.984+0000] {processor.py:839} INFO - DAG(s) dict_keys(['report_hourly_dag']) retrieved from /opt/airflow/dags/report_hourly_dag.py
[2026-06-19T21:26:32.000+0000] {logging_mixin.py:154} INFO - [2026-06-19T21:26:32.000+0000] {dag.py:2941} INFO - Sync 1 DAGs
[2026-06-19T21:26:32.017+0000] {logging_mixin.py:154} INFO - [2026-06-19T21:26:32.017+0000] {dag.py:3722} INFO - Setting next_dagrun for report_hourly_dag to 2026-06-19T01:58:00+00:00, run_after=2026-06-19T01:59:00+00:00
[2026-06-19T21:26:32.029+0000] {processor.py:179} INFO - Processing /opt/airflow/dags/report_hourly_dag.py took 0.068 seconds
[2026-06-19T21:27:02.261+0000] {processor.py:157} INFO - Started process (PID=5808) to work on /opt/airflow/dags/report_hourly_dag.py
[2026-06-19T21:27:02.262+0000] {processor.py:829} INFO - Processing file /opt/airflow/dags/report_hourly_dag.py for tasks to queue
[2026-06-19T21:27:02.263+0000] {logging_mixin.py:154} INFO - [2026-06-19T21:27:02.262+0000] {dagbag.py:536} INFO - Filling up the DagBag from /opt/airflow/dags/report_hourly_dag.py
[2026-06-19T21:27:02.273+0000] {processor.py:839} INFO - DAG(s) dict_keys(['report_hourly_dag']) retrieved from /opt/airflow/dags/report_hourly_dag.py
[2026-06-19T21:27:02.288+0000] {logging_mixin.py:154} INFO - [2026-06-19T21:27:02.288+0000] {dag.py:2941} INFO - Sync 1 DAGs
[2026-06-19T21:27:02.304+0000] {logging_mixin.py:154} INFO - [2026-06-19T21:27:02.304+0000] {dag.py:3722} INFO - Setting next_dagrun for report_hourly_dag to 2026-06-19T01:58:00+00:00, run_after=2026-06-19T01:59:00+00:00
[2026-06-19T21:27:02.318+0000] {processor.py:179} INFO - Processing /opt/airflow/dags/report_hourly_dag.py took 0.061 seconds
[2026-06-19T21:27:32.571+0000] {processor.py:157} INFO - Started process (PID=5823) to work on /opt/airflow/dags/report_hourly_dag.py
[2026-06-19T21:27:32.574+0000] {processor.py:829} INFO - Processing file /opt/airflow/dags/report_hourly_dag.py for tasks to queue
[2026-06-19T21:27:32.575+0000] {logging_mixin.py:154} INFO - [2026-06-19T21:27:32.575+0000] {dagbag.py:536} INFO - Filling up the DagBag from /opt/airflow/dags/report_hourly_dag.py
[2026-06-19T21:27:32.592+0000] {processor.py:839} INFO - DAG(s) dict_keys(['report_hourly_dag']) retrieved from /opt/airflow/dags/report_hourly_dag.py
[2026-06-19T21:27:32.613+0000] {logging_mixin.py:154} INFO - [2026-06-19T21:27:32.613+0000] {dag.py:2941} INFO - Sync 1 DAGs
[2026-06-19T21:27:32.636+0000] {logging_mixin.py:154} INFO - [2026-06-19T21:27:32.635+0000] {dag.py:3722} INFO - Setting next_dagrun for report_hourly_dag to 2026-06-19T01:58:00+00:00, run_after=2026-06-19T01:59:00+00:00
[2026-06-19T21:27:32.648+0000] {processor.py:179} INFO - Processing /opt/airflow/dags/report_hourly_dag.py took 0.080 seconds
[2026-06-19T21:28:02.881+0000] {processor.py:157} INFO - Started process (PID=5838) to work on /opt/airflow/dags/report_hourly_dag.py
[2026-06-19T21:28:02.882+0000] {processor.py:829} INFO - Processing file /opt/airflow/dags/report_hourly_dag.py for tasks to queue
[2026-06-19T21:28:02.883+0000] {logging_mixin.py:154} INFO - [2026-06-19T21:28:02.882+0000] {dagbag.py:536} INFO - Filling up the DagBag from /opt/airflow/dags/report_hourly_dag.py
[2026-06-19T21:28:02.892+0000] {processor.py:839} INFO - DAG(s) dict_keys(['report_hourly_dag']) retrieved from /opt/airflow/dags/report_hourly_dag.py
[2026-06-19T21:28:02.908+0000] {logging_mixin.py:154} INFO - [2026-06-19T21:28:02.908+0000] {dag.py:2941} INFO - Sync 1 DAGs
[2026-06-19T21:28:02.925+0000] {logging_mixin.py:154} INFO - [2026-06-19T21:28:02.925+0000] {dag.py:3722} INFO - Setting next_dagrun for report_hourly_dag to 2026-06-19T01:58:00+00:00, run_after=2026-06-19T01:59:00+00:00
[2026-06-19T21:28:02.937+0000] {processor.py:179} INFO - Processing /opt/airflow/dags/report_hourly_dag.py took 0.060 seconds
[2026-06-19T21:28:33.165+0000] {processor.py:157} INFO - Started process (PID=5853) to work on /opt/airflow/dags/report_hourly_dag.py
[2026-06-19T21:28:33.167+0000] {processor.py:829} INFO - Processing file /opt/airflow/dags/report_hourly_dag.py for tasks to queue
[2026-06-19T21:28:33.168+0000] {logging_mixin.py:154} INFO - [2026-06-19T21:28:33.167+0000] {dagbag.py:536} INFO - Filling up the DagBag from /opt/airflow/dags/report_hourly_dag.py
[2026-06-19T21:28:33.177+0000] {processor.py:839} INFO - DAG(s) dict_keys(['report_hourly_dag']) retrieved from /opt/airflow/dags/report_hourly_dag.py
[2026-06-19T21:28:33.194+0000] {logging_mixin.py:154} INFO - [2026-06-19T21:28:33.194+0000] {dag.py:2941} INFO - Sync 1 DAGs
[2026-06-19T21:28:33.211+0000] {logging_mixin.py:154} INFO - [2026-06-19T21:28:33.211+0000] {dag.py:3722} INFO - Setting next_dagrun for report_hourly_dag to 2026-06-19T01:58:00+00:00, run_after=2026-06-19T01:59:00+00:00
[2026-06-19T21:28:33.224+0000] {processor.py:179} INFO - Processing /opt/airflow/dags/report_hourly_dag.py took 0.063 seconds
[2026-06-19T21:29:03.442+0000] {processor.py:157} INFO - Started process (PID=5868) to work on /opt/airflow/dags/report_hourly_dag.py
[2026-06-19T21:29:03.443+0000] {processor.py:829} INFO - Processing file /opt/airflow/dags/report_hourly_dag.py for tasks to queue
[2026-06-19T21:29:03.444+0000] {logging_mixin.py:154} INFO - [2026-06-19T21:29:03.444+0000] {dagbag.py:536} INFO - Filling up the DagBag from /opt/airflow/dags/report_hourly_dag.py
[2026-06-19T21:29:03.454+0000] {processor.py:839} INFO - DAG(s) dict_keys(['report_hourly_dag']) retrieved from /opt/airflow/dags/report_hourly_dag.py
[2026-06-19T21:29:03.472+0000] {logging_mixin.py:154} INFO - [2026-06-19T21:29:03.471+0000] {dag.py:2941} INFO - Sync 1 DAGs
[2026-06-19T21:29:03.489+0000] {logging_mixin.py:154} INFO - [2026-06-19T21:29:03.489+0000] {dag.py:3722} INFO - Setting next_dagrun for report_hourly_dag to 2026-06-19T01:58:00+00:00, run_after=2026-06-19T01:59:00+00:00
[2026-06-19T21:29:03.501+0000] {processor.py:179} INFO - Processing /opt/airflow/dags/report_hourly_dag.py took 0.063 seconds
[2026-06-19T21:29:33.735+0000] {processor.py:157} INFO - Started process (PID=5883) to work on /opt/airflow/dags/report_hourly_dag.py
[2026-06-19T21:29:33.736+0000] {processor.py:829} INFO - Processing file /opt/airflow/dags/report_hourly_dag.py for tasks to queue
[2026-06-19T21:29:33.737+0000] {logging_mixin.py:154} INFO - [2026-06-19T21:29:33.736+0000] {dagbag.py:536} INFO - Filling up the DagBag from /opt/airflow/dags/report_hourly_dag.py
[2026-06-19T21:29:33.746+0000] {processor.py:839} INFO - DAG(s) dict_keys(['report_hourly_dag']) retrieved from /opt/airflow/dags/report_hourly_dag.py
[2026-06-19T21:29:33.761+0000] {logging_mixin.py:154} INFO - [2026-06-19T21:29:33.761+0000] {dag.py:2941} INFO - Sync 1 DAGs
[2026-06-19T21:29:33.778+0000] {logging_mixin.py:154} INFO - [2026-06-19T21:29:33.778+0000] {dag.py:3722} INFO - Setting next_dagrun for report_hourly_dag to 2026-06-19T01:58:00+00:00, run_after=2026-06-19T01:59:00+00:00
[2026-06-19T21:29:33.790+0000] {processor.py:179} INFO - Processing /opt/airflow/dags/report_hourly_dag.py took 0.059 seconds
[2026-06-19T21:30:04.026+0000] {processor.py:157} INFO - Started process (PID=5898) to work on /opt/airflow/dags/report_hourly_dag.py
[2026-06-19T21:30:04.026+0000] {processor.py:829} INFO - Processing file /opt/airflow/dags/report_hourly_dag.py for tasks to queue
[2026-06-19T21:30:04.027+0000] {logging_mixin.py:154} INFO - [2026-06-19T21:30:04.027+0000] {dagbag.py:536} INFO - Filling up the DagBag from /opt/airflow/dags/report_hourly_dag.py
[2026-06-19T21:30:04.038+0000] {processor.py:839} INFO - DAG(s) dict_keys(['report_hourly_dag']) retrieved from /opt/airflow/dags/report_hourly_dag.py
[2026-06-19T21:30:04.054+0000] {logging_mixin.py:154} INFO - [2026-06-19T21:30:04.054+0000] {dag.py:2941} INFO - Sync 1 DAGs
[2026-06-19T21:30:04.072+0000] {logging_mixin.py:154} INFO - [2026-06-19T21:30:04.071+0000] {dag.py:3722} INFO - Setting next_dagrun for report_hourly_dag to 2026-06-19T01:58:00+00:00, run_after=2026-06-19T01:59:00+00:00
[2026-06-19T21:30:04.085+0000] {processor.py:179} INFO - Processing /opt/airflow/dags/report_hourly_dag.py took 0.063 seconds
[2026-06-19T21:30:34.317+0000] {processor.py:157} INFO - Started process (PID=5913) to work on /opt/airflow/dags/report_hourly_dag.py
[2026-06-19T21:30:34.319+0000] {processor.py:829} INFO - Processing file /opt/airflow/dags/report_hourly_dag.py for tasks to queue
[2026-06-19T21:30:34.319+0000] {logging_mixin.py:154} INFO - [2026-06-19T21:30:34.319+0000] {dagbag.py:536} INFO - Filling up the DagBag from /opt/airflow/dags/report_hourly_dag.py
[2026-06-19T21:30:34.329+0000] {processor.py:839} INFO - DAG(s) dict_keys(['report_hourly_dag']) retrieved from /opt/airflow/dags/report_hourly_dag.py
[2026-06-19T21:30:34.345+0000] {logging_mixin.py:154} INFO - [2026-06-19T21:30:34.345+0000] {dag.py:2941} INFO - Sync 1 DAGs
[2026-06-19T21:30:34.361+0000] {logging_mixin.py:154} INFO - [2026-06-19T21:30:34.361+0000] {dag.py:3722} INFO - Setting next_dagrun for report_hourly_dag to 2026-06-19T01:58:00+00:00, run_after=2026-06-19T01:59:00+00:00
[2026-06-19T21:30:34.374+0000] {processor.py:179} INFO - Processing /opt/airflow/dags/report_hourly_dag.py took 0.061 seconds
[2026-06-19T21:31:04.602+0000] {processor.py:157} INFO - Started process (PID=5928) to work on /opt/airflow/dags/report_hourly_dag.py
[2026-06-19T21:31:04.603+0000] {processor.py:829} INFO - Processing file /opt/airflow/dags/report_hourly_dag.py for tasks to queue
[2026-06-19T21:31:04.604+0000] {logging_mixin.py:154} INFO - [2026-06-19T21:31:04.603+0000] {dagbag.py:536} INFO - Filling up the DagBag from /opt/airflow/dags/report_hourly_dag.py
[2026-06-19T21:31:04.616+0000] {processor.py:839} INFO - DAG(s) dict_keys(['report_hourly_dag']) retrieved from /opt/airflow/dags/report_hourly_dag.py
[2026-06-19T21:31:04.634+0000] {logging_mixin.py:154} INFO - [2026-06-19T21:31:04.633+0000] {dag.py:2941} INFO - Sync 1 DAGs
[2026-06-19T21:31:04.650+0000] {logging_mixin.py:154} INFO - [2026-06-19T21:31:04.650+0000] {dag.py:3722} INFO - Setting next_dagrun for report_hourly_dag to 2026-06-19T01:58:00+00:00, run_after=2026-06-19T01:59:00+00:00
[2026-06-19T21:31:04.662+0000] {processor.py:179} INFO - Processing /opt/airflow/dags/report_hourly_dag.py took 0.064 seconds
[2026-06-19T21:31:34.890+0000] {processor.py:157} INFO - Started process (PID=5943) to work on /opt/airflow/dags/report_hourly_dag.py
[2026-06-19T21:31:34.892+0000] {processor.py:829} INFO - Processing file /opt/airflow/dags/report_hourly_dag.py for tasks to queue
[2026-06-19T21:31:34.893+0000] {logging_mixin.py:154} INFO - [2026-06-19T21:31:34.893+0000] {dagbag.py:536} INFO - Filling up the DagBag from /opt/airflow/dags/report_hourly_dag.py
[2026-06-19T21:31:34.903+0000] {processor.py:839} INFO - DAG(s) dict_keys(['report_hourly_dag']) retrieved from /opt/airflow/dags/report_hourly_dag.py
[2026-06-19T21:31:34.918+0000] {logging_mixin.py:154} INFO - [2026-06-19T21:31:34.918+0000] {dag.py:2941} INFO - Sync 1 DAGs
[2026-06-19T21:31:34.935+0000] {logging_mixin.py:154} INFO - [2026-06-19T21:31:34.935+0000] {dag.py:3722} INFO - Setting next_dagrun for report_hourly_dag to 2026-06-19T01:58:00+00:00, run_after=2026-06-19T01:59:00+00:00
[2026-06-19T21:31:34.948+0000] {processor.py:179} INFO - Processing /opt/airflow/dags/report_hourly_dag.py took 0.062 seconds
[2026-06-19T21:32:05.173+0000] {processor.py:157} INFO - Started process (PID=5958) to work on /opt/airflow/dags/report_hourly_dag.py
[2026-06-19T21:32:05.173+0000] {processor.py:829} INFO - Processing file /opt/airflow/dags/report_hourly_dag.py for tasks to queue
[2026-06-19T21:32:05.174+0000] {logging_mixin.py:154} INFO - [2026-06-19T21:32:05.174+0000] {dagbag.py:536} INFO - Filling up the DagBag from /opt/airflow/dags/report_hourly_dag.py
[2026-06-19T21:32:05.184+0000] {processor.py:839} INFO - DAG(s) dict_keys(['report_hourly_dag']) retrieved from /opt/airflow/dags/report_hourly_dag.py
[2026-06-19T21:32:05.200+0000] {logging_mixin.py:154} INFO - [2026-06-19T21:32:05.199+0000] {dag.py:2941} INFO - Sync 1 DAGs
[2026-06-19T21:32:05.216+0000] {logging_mixin.py:154} INFO - [2026-06-19T21:32:05.216+0000] {dag.py:3722} INFO - Setting next_dagrun for report_hourly_dag to 2026-06-19T01:58:00+00:00, run_after=2026-06-19T01:59:00+00:00
[2026-06-19T21:32:05.229+0000] {processor.py:179} INFO - Processing /opt/airflow/dags/report_hourly_dag.py took 0.061 seconds
[2026-06-19T21:32:35.443+0000] {processor.py:157} INFO - Started process (PID=5973) to work on /opt/airflow/dags/report_hourly_dag.py
[2026-06-19T21:32:35.448+0000] {processor.py:829} INFO - Processing file /opt/airflow/dags/report_hourly_dag.py for tasks to queue
[2026-06-19T21:32:35.449+0000] {logging_mixin.py:154} INFO - [2026-06-19T21:32:35.449+0000] {dagbag.py:536} INFO - Filling up the DagBag from /opt/airflow/dags/report_hourly_dag.py
[2026-06-19T21:32:35.457+0000] {processor.py:839} INFO - DAG(s) dict_keys(['report_hourly_dag']) retrieved from /opt/airflow/dags/report_hourly_dag.py
[2026-06-19T21:32:35.474+0000] {logging_mixin.py:154} INFO - [2026-06-19T21:32:35.474+0000] {dag.py:2941} INFO - Sync 1 DAGs
[2026-06-19T21:32:35.492+0000] {logging_mixin.py:154} INFO - [2026-06-19T21:32:35.492+0000] {dag.py:3722} INFO - Setting next_dagrun for report_hourly_dag to 2026-06-19T01:58:00+00:00, run_after=2026-06-19T01:59:00+00:00
[2026-06-19T21:32:35.505+0000] {processor.py:179} INFO - Processing /opt/airflow/dags/report_hourly_dag.py took 0.064 seconds
[2026-06-19T21:33:05.728+0000] {processor.py:157} INFO - Started process (PID=5988) to work on /opt/airflow/dags/report_hourly_dag.py
[2026-06-19T21:33:05.729+0000] {processor.py:829} INFO - Processing file /opt/airflow/dags/report_hourly_dag.py for tasks to queue
[2026-06-19T21:33:05.730+0000] {logging_mixin.py:154} INFO - [2026-06-19T21:33:05.729+0000] {dagbag.py:536} INFO - Filling up the DagBag from /opt/airflow/dags/report_hourly_dag.py
[2026-06-19T21:33:05.742+0000] {processor.py:839} INFO - DAG(s) dict_keys(['report_hourly_dag']) retrieved from /opt/airflow/dags/report_hourly_dag.py
[2026-06-19T21:33:05.759+0000] {logging_mixin.py:154} INFO - [2026-06-19T21:33:05.759+0000] {dag.py:2941} INFO - Sync 1 DAGs
[2026-06-19T21:33:05.775+0000] {logging_mixin.py:154} INFO - [2026-06-19T21:33:05.775+0000] {dag.py:3722} INFO - Setting next_dagrun for report_hourly_dag to 2026-06-19T01:58:00+00:00, run_after=2026-06-19T01:59:00+00:00
[2026-06-19T21:33:05.788+0000] {processor.py:179} INFO - Processing /opt/airflow/dags/report_hourly_dag.py took 0.065 seconds
[2026-06-19T21:33:35.995+0000] {processor.py:157} INFO - Started process (PID=6003) to work on /opt/airflow/dags/report_hourly_dag.py
[2026-06-19T21:33:35.999+0000] {processor.py:829} INFO - Processing file /opt/airflow/dags/report_hourly_dag.py for tasks to queue
[2026-06-19T21:33:36.000+0000] {logging_mixin.py:154} INFO - [2026-06-19T21:33:36.000+0000] {dagbag.py:536} INFO - Filling up the DagBag from /opt/airflow/dags/report_hourly_dag.py
[2026-06-19T21:33:36.008+0000] {processor.py:839} INFO - DAG(s) dict_keys(['report_hourly_dag']) retrieved from /opt/airflow/dags/report_hourly_dag.py
[2026-06-19T21:33:36.025+0000] {logging_mixin.py:154} INFO - [2026-06-19T21:33:36.025+0000] {dag.py:2941} INFO - Sync 1 DAGs
[2026-06-19T21:33:36.042+0000] {logging_mixin.py:154} INFO - [2026-06-19T21:33:36.042+0000] {dag.py:3722} INFO - Setting next_dagrun for report_hourly_dag to 2026-06-19T01:58:00+00:00, run_after=2026-06-19T01:59:00+00:00
[2026-06-19T21:33:36.068+0000] {processor.py:179} INFO - Processing /opt/airflow/dags/report_hourly_dag.py took 0.076 seconds
[2026-06-19T21:34:06.294+0000] {processor.py:157} INFO - Started process (PID=6018) to work on /opt/airflow/dags/report_hourly_dag.py
[2026-06-19T21:34:06.295+0000] {processor.py:829} INFO - Processing file /opt/airflow/dags/report_hourly_dag.py for tasks to queue
[2026-06-19T21:34:06.296+0000] {logging_mixin.py:154} INFO - [2026-06-19T21:34:06.296+0000] {dagbag.py:536} INFO - Filling up the DagBag from /opt/airflow/dags/report_hourly_dag.py
[2026-06-19T21:34:06.309+0000] {processor.py:839} INFO - DAG(s) dict_keys(['report_hourly_dag']) retrieved from /opt/airflow/dags/report_hourly_dag.py
[2026-06-19T21:34:06.326+0000] {logging_mixin.py:154} INFO - [2026-06-19T21:34:06.326+0000] {dag.py:2941} INFO - Sync 1 DAGs
[2026-06-19T21:34:06.342+0000] {logging_mixin.py:154} INFO - [2026-06-19T21:34:06.342+0000] {dag.py:3722} INFO - Setting next_dagrun for report_hourly_dag to 2026-06-19T01:58:00+00:00, run_after=2026-06-19T01:59:00+00:00
[2026-06-19T21:34:06.362+0000] {processor.py:179} INFO - Processing /opt/airflow/dags/report_hourly_dag.py took 0.074 seconds
[2026-06-19T21:34:36.582+0000] {processor.py:157} INFO - Started process (PID=6033) to work on /opt/airflow/dags/report_hourly_dag.py
[2026-06-19T21:34:36.588+0000] {processor.py:829} INFO - Processing file /opt/airflow/dags/report_hourly_dag.py for tasks to queue
[2026-06-19T21:34:36.589+0000] {logging_mixin.py:154} INFO - [2026-06-19T21:34:36.589+0000] {dagbag.py:536} INFO - Filling up the DagBag from /opt/airflow/dags/report_hourly_dag.py
[2026-06-19T21:34:36.598+0000] {processor.py:839} INFO - DAG(s) dict_keys(['report_hourly_dag']) retrieved from /opt/airflow/dags/report_hourly_dag.py
[2026-06-19T21:34:36.613+0000] {logging_mixin.py:154} INFO - [2026-06-19T21:34:36.613+0000] {dag.py:2941} INFO - Sync 1 DAGs
[2026-06-19T21:34:36.630+0000] {logging_mixin.py:154} INFO - [2026-06-19T21:34:36.630+0000] {dag.py:3722} INFO - Setting next_dagrun for report_hourly_dag to 2026-06-19T01:58:00+00:00, run_after=2026-06-19T01:59:00+00:00
[2026-06-19T21:34:36.643+0000] {processor.py:179} INFO - Processing /opt/airflow/dags/report_hourly_dag.py took 0.064 seconds
[2026-06-19T21:35:06.864+0000] {processor.py:157} INFO - Started process (PID=6048) to work on /opt/airflow/dags/report_hourly_dag.py
[2026-06-19T21:35:06.865+0000] {processor.py:829} INFO - Processing file /opt/airflow/dags/report_hourly_dag.py for tasks to queue
[2026-06-19T21:35:06.865+0000] {logging_mixin.py:154} INFO - [2026-06-19T21:35:06.865+0000] {dagbag.py:536} INFO - Filling up the DagBag from /opt/airflow/dags/report_hourly_dag.py
[2026-06-19T21:35:06.874+0000] {processor.py:839} INFO - DAG(s) dict_keys(['report_hourly_dag']) retrieved from /opt/airflow/dags/report_hourly_dag.py
[2026-06-19T21:35:06.890+0000] {logging_mixin.py:154} INFO - [2026-06-19T21:35:06.890+0000] {dag.py:2941} INFO - Sync 1 DAGs
[2026-06-19T21:35:06.906+0000] {logging_mixin.py:154} INFO - [2026-06-19T21:35:06.906+0000] {dag.py:3722} INFO - Setting next_dagrun for report_hourly_dag to 2026-06-19T01:58:00+00:00, run_after=2026-06-19T01:59:00+00:00
[2026-06-19T21:35:06.919+0000] {processor.py:179} INFO - Processing /opt/airflow/dags/report_hourly_dag.py took 0.058 seconds
[2026-06-19T21:35:37.149+0000] {processor.py:157} INFO - Started process (PID=6063) to work on /opt/airflow/dags/report_hourly_dag.py
[2026-06-19T21:35:37.152+0000] {processor.py:829} INFO - Processing file /opt/airflow/dags/report_hourly_dag.py for tasks to queue
[2026-06-19T21:35:37.153+0000] {logging_mixin.py:154} INFO - [2026-06-19T21:35:37.152+0000] {dagbag.py:536} INFO - Filling up the DagBag from /opt/airflow/dags/report_hourly_dag.py
[2026-06-19T21:35:37.163+0000] {processor.py:839} INFO - DAG(s) dict_keys(['report_hourly_dag']) retrieved from /opt/airflow/dags/report_hourly_dag.py
[2026-06-19T21:35:37.179+0000] {logging_mixin.py:154} INFO - [2026-06-19T21:35:37.179+0000] {dag.py:2941} INFO - Sync 1 DAGs
[2026-06-19T21:35:37.196+0000] {logging_mixin.py:154} INFO - [2026-06-19T21:35:37.196+0000] {dag.py:3722} INFO - Setting next_dagrun for report_hourly_dag to 2026-06-19T01:58:00+00:00, run_after=2026-06-19T01:59:00+00:00
[2026-06-19T21:35:37.215+0000] {processor.py:179} INFO - Processing /opt/airflow/dags/report_hourly_dag.py took 0.070 seconds
[2026-06-19T21:36:07.446+0000] {processor.py:157} INFO - Started process (PID=6078) to work on /opt/airflow/dags/report_hourly_dag.py
[2026-06-19T21:36:07.447+0000] {processor.py:829} INFO - Processing file /opt/airflow/dags/report_hourly_dag.py for tasks to queue
[2026-06-19T21:36:07.447+0000] {logging_mixin.py:154} INFO - [2026-06-19T21:36:07.447+0000] {dagbag.py:536} INFO - Filling up the DagBag from /opt/airflow/dags/report_hourly_dag.py
[2026-06-19T21:36:07.456+0000] {processor.py:839} INFO - DAG(s) dict_keys(['report_hourly_dag']) retrieved from /opt/airflow/dags/report_hourly_dag.py
[2026-06-19T21:36:07.472+0000] {logging_mixin.py:154} INFO - [2026-06-19T21:36:07.472+0000] {dag.py:2941} INFO - Sync 1 DAGs
[2026-06-19T21:36:07.490+0000] {logging_mixin.py:154} INFO - [2026-06-19T21:36:07.490+0000] {dag.py:3722} INFO - Setting next_dagrun for report_hourly_dag to 2026-06-19T01:58:00+00:00, run_after=2026-06-19T01:59:00+00:00
[2026-06-19T21:36:07.504+0000] {processor.py:179} INFO - Processing /opt/airflow/dags/report_hourly_dag.py took 0.062 seconds
[2026-06-19T21:36:37.701+0000] {processor.py:157} INFO - Started process (PID=6093) to work on /opt/airflow/dags/report_hourly_dag.py
[2026-06-19T21:36:37.706+0000] {processor.py:829} INFO - Processing file /opt/airflow/dags/report_hourly_dag.py for tasks to queue
[2026-06-19T21:36:37.706+0000] {logging_mixin.py:154} INFO - [2026-06-19T21:36:37.706+0000] {dagbag.py:536} INFO - Filling up the DagBag from /opt/airflow/dags/report_hourly_dag.py
[2026-06-19T21:36:37.715+0000] {processor.py:839} INFO - DAG(s) dict_keys(['report_hourly_dag']) retrieved from /opt/airflow/dags/report_hourly_dag.py
[2026-06-19T21:36:37.732+0000] {logging_mixin.py:154} INFO - [2026-06-19T21:36:37.732+0000] {dag.py:2941} INFO - Sync 1 DAGs
[2026-06-19T21:36:37.749+0000] {logging_mixin.py:154} INFO - [2026-06-19T21:36:37.749+0000] {dag.py:3722} INFO - Setting next_dagrun for report_hourly_dag to 2026-06-19T01:58:00+00:00, run_after=2026-06-19T01:59:00+00:00
[2026-06-19T21:36:37.762+0000] {processor.py:179} INFO - Processing /opt/airflow/dags/report_hourly_dag.py took 0.063 seconds
[2026-06-19T21:37:07.986+0000] {processor.py:157} INFO - Started process (PID=6108) to work on /opt/airflow/dags/report_hourly_dag.py
[2026-06-19T21:37:07.987+0000] {processor.py:829} INFO - Processing file /opt/airflow/dags/report_hourly_dag.py for tasks to queue
[2026-06-19T21:37:07.987+0000] {logging_mixin.py:154} INFO - [2026-06-19T21:37:07.987+0000] {dagbag.py:536} INFO - Filling up the DagBag from /opt/airflow/dags/report_hourly_dag.py
[2026-06-19T21:37:07.996+0000] {processor.py:839} INFO - DAG(s) dict_keys(['report_hourly_dag']) retrieved from /opt/airflow/dags/report_hourly_dag.py
[2026-06-19T21:37:08.011+0000] {logging_mixin.py:154} INFO - [2026-06-19T21:37:08.011+0000] {dag.py:2941} INFO - Sync 1 DAGs
[2026-06-19T21:37:08.027+0000] {logging_mixin.py:154} INFO - [2026-06-19T21:37:08.027+0000] {dag.py:3722} INFO - Setting next_dagrun for report_hourly_dag to 2026-06-19T01:58:00+00:00, run_after=2026-06-19T01:59:00+00:00
[2026-06-19T21:37:08.040+0000] {processor.py:179} INFO - Processing /opt/airflow/dags/report_hourly_dag.py took 0.057 seconds
[2026-06-19T21:37:38.264+0000] {processor.py:157} INFO - Started process (PID=6123) to work on /opt/airflow/dags/report_hourly_dag.py
[2026-06-19T21:37:38.265+0000] {processor.py:829} INFO - Processing file /opt/airflow/dags/report_hourly_dag.py for tasks to queue
[2026-06-19T21:37:38.266+0000] {logging_mixin.py:154} INFO - [2026-06-19T21:37:38.266+0000] {dagbag.py:536} INFO - Filling up the DagBag from /opt/airflow/dags/report_hourly_dag.py
[2026-06-19T21:37:38.282+0000] {processor.py:839} INFO - DAG(s) dict_keys(['report_hourly_dag']) retrieved from /opt/airflow/dags/report_hourly_dag.py
[2026-06-19T21:37:38.302+0000] {logging_mixin.py:154} INFO - [2026-06-19T21:37:38.302+0000] {dag.py:2941} INFO - Sync 1 DAGs
[2026-06-19T21:37:38.320+0000] {logging_mixin.py:154} INFO - [2026-06-19T21:37:38.319+0000] {dag.py:3722} INFO - Setting next_dagrun for report_hourly_dag to 2026-06-19T01:58:00+00:00, run_after=2026-06-19T01:59:00+00:00
[2026-06-19T21:37:38.332+0000] {processor.py:179} INFO - Processing /opt/airflow/dags/report_hourly_dag.py took 0.074 seconds
[2026-06-19T21:38:08.568+0000] {processor.py:157} INFO - Started process (PID=6138) to work on /opt/airflow/dags/report_hourly_dag.py
[2026-06-19T21:38:08.569+0000] {processor.py:829} INFO - Processing file /opt/airflow/dags/report_hourly_dag.py for tasks to queue
[2026-06-19T21:38:08.570+0000] {logging_mixin.py:154} INFO - [2026-06-19T21:38:08.570+0000] {dagbag.py:536} INFO - Filling up the DagBag from /opt/airflow/dags/report_hourly_dag.py
[2026-06-19T21:38:08.580+0000] {processor.py:839} INFO - DAG(s) dict_keys(['report_hourly_dag']) retrieved from /opt/airflow/dags/report_hourly_dag.py
[2026-06-19T21:38:08.595+0000] {logging_mixin.py:154} INFO - [2026-06-19T21:38:08.595+0000] {dag.py:2941} INFO - Sync 1 DAGs
[2026-06-19T21:38:08.612+0000] {logging_mixin.py:154} INFO - [2026-06-19T21:38:08.612+0000] {dag.py:3722} INFO - Setting next_dagrun for report_hourly_dag to 2026-06-19T01:58:00+00:00, run_after=2026-06-19T01:59:00+00:00
[2026-06-19T21:38:08.624+0000] {processor.py:179} INFO - Processing /opt/airflow/dags/report_hourly_dag.py took 0.060 seconds
[2026-06-19T21:38:38.849+0000] {processor.py:157} INFO - Started process (PID=6153) to work on /opt/airflow/dags/report_hourly_dag.py
[2026-06-19T21:38:38.850+0000] {processor.py:829} INFO - Processing file /opt/airflow/dags/report_hourly_dag.py for tasks to queue
[2026-06-19T21:38:38.851+0000] {logging_mixin.py:154} INFO - [2026-06-19T21:38:38.850+0000] {dagbag.py:536} INFO - Filling up the DagBag from /opt/airflow/dags/report_hourly_dag.py
[2026-06-19T21:38:38.861+0000] {processor.py:839} INFO - DAG(s) dict_keys(['report_hourly_dag']) retrieved from /opt/airflow/dags/report_hourly_dag.py
[2026-06-19T21:38:38.876+0000] {logging_mixin.py:154} INFO - [2026-06-19T21:38:38.876+0000] {dag.py:2941} INFO - Sync 1 DAGs
[2026-06-19T21:38:38.893+0000] {logging_mixin.py:154} INFO - [2026-06-19T21:38:38.893+0000] {dag.py:3722} INFO - Setting next_dagrun for report_hourly_dag to 2026-06-19T01:58:00+00:00, run_after=2026-06-19T01:59:00+00:00
[2026-06-19T21:38:38.905+0000] {processor.py:179} INFO - Processing /opt/airflow/dags/report_hourly_dag.py took 0.060 seconds
[2026-06-19T21:39:09.116+0000] {processor.py:157} INFO - Started process (PID=6168) to work on /opt/airflow/dags/report_hourly_dag.py
[2026-06-19T21:39:09.117+0000] {processor.py:829} INFO - Processing file /opt/airflow/dags/report_hourly_dag.py for tasks to queue
[2026-06-19T21:39:09.117+0000] {logging_mixin.py:154} INFO - [2026-06-19T21:39:09.117+0000] {dagbag.py:536} INFO - Filling up the DagBag from /opt/airflow/dags/report_hourly_dag.py
[2026-06-19T21:39:09.125+0000] {processor.py:839} INFO - DAG(s) dict_keys(['report_hourly_dag']) retrieved from /opt/airflow/dags/report_hourly_dag.py
[2026-06-19T21:39:09.140+0000] {logging_mixin.py:154} INFO - [2026-06-19T21:39:09.140+0000] {dag.py:2941} INFO - Sync 1 DAGs
[2026-06-19T21:39:09.160+0000] {logging_mixin.py:154} INFO - [2026-06-19T21:39:09.160+0000] {dag.py:3722} INFO - Setting next_dagrun for report_hourly_dag to 2026-06-19T01:58:00+00:00, run_after=2026-06-19T01:59:00+00:00
[2026-06-19T21:39:09.172+0000] {processor.py:179} INFO - Processing /opt/airflow/dags/report_hourly_dag.py took 0.058 seconds
[2026-06-19T21:39:39.410+0000] {processor.py:157} INFO - Started process (PID=6183) to work on /opt/airflow/dags/report_hourly_dag.py
[2026-06-19T21:39:39.412+0000] {processor.py:829} INFO - Processing file /opt/airflow/dags/report_hourly_dag.py for tasks to queue
[2026-06-19T21:39:39.413+0000] {logging_mixin.py:154} INFO - [2026-06-19T21:39:39.412+0000] {dagbag.py:536} INFO - Filling up the DagBag from /opt/airflow/dags/report_hourly_dag.py
[2026-06-19T21:39:39.422+0000] {processor.py:839} INFO - DAG(s) dict_keys(['report_hourly_dag']) retrieved from /opt/airflow/dags/report_hourly_dag.py
[2026-06-19T21:39:39.437+0000] {logging_mixin.py:154} INFO - [2026-06-19T21:39:39.437+0000] {dag.py:2941} INFO - Sync 1 DAGs
[2026-06-19T21:39:39.453+0000] {logging_mixin.py:154} INFO - [2026-06-19T21:39:39.453+0000] {dag.py:3722} INFO - Setting next_dagrun for report_hourly_dag to 2026-06-19T01:58:00+00:00, run_after=2026-06-19T01:59:00+00:00
[2026-06-19T21:39:39.464+0000] {processor.py:179} INFO - Processing /opt/airflow/dags/report_hourly_dag.py took 0.058 seconds
[2026-06-19T21:40:09.682+0000] {processor.py:157} INFO - Started process (PID=6198) to work on /opt/airflow/dags/report_hourly_dag.py
[2026-06-19T21:40:09.682+0000] {processor.py:829} INFO - Processing file /opt/airflow/dags/report_hourly_dag.py for tasks to queue
[2026-06-19T21:40:09.683+0000] {logging_mixin.py:154} INFO - [2026-06-19T21:40:09.683+0000] {dagbag.py:536} INFO - Filling up the DagBag from /opt/airflow/dags/report_hourly_dag.py
[2026-06-19T21:40:09.690+0000] {processor.py:839} INFO - DAG(s) dict_keys(['report_hourly_dag']) retrieved from /opt/airflow/dags/report_hourly_dag.py
[2026-06-19T21:40:09.705+0000] {logging_mixin.py:154} INFO - [2026-06-19T21:40:09.705+0000] {dag.py:2941} INFO - Sync 1 DAGs
[2026-06-19T21:40:09.721+0000] {logging_mixin.py:154} INFO - [2026-06-19T21:40:09.721+0000] {dag.py:3722} INFO - Setting next_dagrun for report_hourly_dag to 2026-06-19T01:58:00+00:00, run_after=2026-06-19T01:59:00+00:00
[2026-06-19T21:40:09.734+0000] {processor.py:179} INFO - Processing /opt/airflow/dags/report_hourly_dag.py took 0.054 seconds
[2026-06-19T21:40:39.972+0000] {processor.py:157} INFO - Started process (PID=6213) to work on /opt/airflow/dags/report_hourly_dag.py
[2026-06-19T21:40:39.974+0000] {processor.py:829} INFO - Processing file /opt/airflow/dags/report_hourly_dag.py for tasks to queue
[2026-06-19T21:40:39.975+0000] {logging_mixin.py:154} INFO - [2026-06-19T21:40:39.975+0000] {dagbag.py:536} INFO - Filling up the DagBag from /opt/airflow/dags/report_hourly_dag.py
[2026-06-19T21:40:39.987+0000] {processor.py:839} INFO - DAG(s) dict_keys(['report_hourly_dag']) retrieved from /opt/airflow/dags/report_hourly_dag.py
[2026-06-19T21:40:40.005+0000] {logging_mixin.py:154} INFO - [2026-06-19T21:40:40.005+0000] {dag.py:2941} INFO - Sync 1 DAGs
[2026-06-19T21:40:40.023+0000] {logging_mixin.py:154} INFO - [2026-06-19T21:40:40.023+0000] {dag.py:3722} INFO - Setting next_dagrun for report_hourly_dag to 2026-06-19T01:58:00+00:00, run_after=2026-06-19T01:59:00+00:00
[2026-06-19T21:40:40.035+0000] {processor.py:179} INFO - Processing /opt/airflow/dags/report_hourly_dag.py took 0.067 seconds
[2026-06-19T21:41:10.247+0000] {processor.py:157} INFO - Started process (PID=6228) to work on /opt/airflow/dags/report_hourly_dag.py
[2026-06-19T21:41:10.247+0000] {processor.py:829} INFO - Processing file /opt/airflow/dags/report_hourly_dag.py for tasks to queue
[2026-06-19T21:41:10.248+0000] {logging_mixin.py:154} INFO - [2026-06-19T21:41:10.248+0000] {dagbag.py:536} INFO - Filling up the DagBag from /opt/airflow/dags/report_hourly_dag.py
[2026-06-19T21:41:10.258+0000] {processor.py:839} INFO - DAG(s) dict_keys(['report_hourly_dag']) retrieved from /opt/airflow/dags/report_hourly_dag.py
[2026-06-19T21:41:10.279+0000] {logging_mixin.py:154} INFO - [2026-06-19T21:41:10.279+0000] {dag.py:2941} INFO - Sync 1 DAGs
[2026-06-19T21:41:10.300+0000] {logging_mixin.py:154} INFO - [2026-06-19T21:41:10.300+0000] {dag.py:3722} INFO - Setting next_dagrun for report_hourly_dag to 2026-06-19T01:58:00+00:00, run_after=2026-06-19T01:59:00+00:00
[2026-06-19T21:41:10.319+0000] {processor.py:179} INFO - Processing /opt/airflow/dags/report_hourly_dag.py took 0.076 seconds
[2026-06-19T21:41:40.518+0000] {processor.py:157} INFO - Started process (PID=6243) to work on /opt/airflow/dags/report_hourly_dag.py
[2026-06-19T21:41:40.523+0000] {processor.py:829} INFO - Processing file /opt/airflow/dags/report_hourly_dag.py for tasks to queue
[2026-06-19T21:41:40.524+0000] {logging_mixin.py:154} INFO - [2026-06-19T21:41:40.524+0000] {dagbag.py:536} INFO - Filling up the DagBag from /opt/airflow/dags/report_hourly_dag.py
[2026-06-19T21:41:40.535+0000] {processor.py:839} INFO - DAG(s) dict_keys(['report_hourly_dag']) retrieved from /opt/airflow/dags/report_hourly_dag.py
[2026-06-19T21:41:40.552+0000] {logging_mixin.py:154} INFO - [2026-06-19T21:41:40.552+0000] {dag.py:2941} INFO - Sync 1 DAGs
[2026-06-19T21:41:40.569+0000] {logging_mixin.py:154} INFO - [2026-06-19T21:41:40.569+0000] {dag.py:3722} INFO - Setting next_dagrun for report_hourly_dag to 2026-06-19T01:58:00+00:00, run_after=2026-06-19T01:59:00+00:00
[2026-06-19T21:41:40.581+0000] {processor.py:179} INFO - Processing /opt/airflow/dags/report_hourly_dag.py took 0.066 seconds
[2026-06-19T21:42:10.804+0000] {processor.py:157} INFO - Started process (PID=6258) to work on /opt/airflow/dags/report_hourly_dag.py
[2026-06-19T21:42:10.805+0000] {processor.py:829} INFO - Processing file /opt/airflow/dags/report_hourly_dag.py for tasks to queue
[2026-06-19T21:42:10.806+0000] {logging_mixin.py:154} INFO - [2026-06-19T21:42:10.806+0000] {dagbag.py:536} INFO - Filling up the DagBag from /opt/airflow/dags/report_hourly_dag.py
[2026-06-19T21:42:10.817+0000] {processor.py:839} INFO - DAG(s) dict_keys(['report_hourly_dag']) retrieved from /opt/airflow/dags/report_hourly_dag.py
[2026-06-19T21:42:10.833+0000] {logging_mixin.py:154} INFO - [2026-06-19T21:42:10.833+0000] {dag.py:2941} INFO - Sync 1 DAGs
[2026-06-19T21:42:10.849+0000] {logging_mixin.py:154} INFO - [2026-06-19T21:42:10.849+0000] {dag.py:3722} INFO - Setting next_dagrun for report_hourly_dag to 2026-06-19T01:58:00+00:00, run_after=2026-06-19T01:59:00+00:00
[2026-06-19T21:42:10.861+0000] {processor.py:179} INFO - Processing /opt/airflow/dags/report_hourly_dag.py took 0.060 seconds
[2026-06-19T21:42:41.076+0000] {processor.py:157} INFO - Started process (PID=6273) to work on /opt/airflow/dags/report_hourly_dag.py
[2026-06-19T21:42:41.079+0000] {processor.py:829} INFO - Processing file /opt/airflow/dags/report_hourly_dag.py for tasks to queue
[2026-06-19T21:42:41.081+0000] {logging_mixin.py:154} INFO - [2026-06-19T21:42:41.080+0000] {dagbag.py:536} INFO - Filling up the DagBag from /opt/airflow/dags/report_hourly_dag.py
[2026-06-19T21:42:41.096+0000] {processor.py:839} INFO - DAG(s) dict_keys(['report_hourly_dag']) retrieved from /opt/airflow/dags/report_hourly_dag.py
[2026-06-19T21:42:41.115+0000] {logging_mixin.py:154} INFO - [2026-06-19T21:42:41.115+0000] {dag.py:2941} INFO - Sync 1 DAGs
[2026-06-19T21:42:41.132+0000] {logging_mixin.py:154} INFO - [2026-06-19T21:42:41.132+0000] {dag.py:3722} INFO - Setting next_dagrun for report_hourly_dag to 2026-06-19T01:58:00+00:00, run_after=2026-06-19T01:59:00+00:00
[2026-06-19T21:42:41.144+0000] {processor.py:179} INFO - Processing /opt/airflow/dags/report_hourly_dag.py took 0.072 seconds
[2026-06-19T21:43:11.376+0000] {processor.py:157} INFO - Started process (PID=6288) to work on /opt/airflow/dags/report_hourly_dag.py
[2026-06-19T21:43:11.376+0000] {processor.py:829} INFO - Processing file /opt/airflow/dags/report_hourly_dag.py for tasks to queue
[2026-06-19T21:43:11.377+0000] {logging_mixin.py:154} INFO - [2026-06-19T21:43:11.377+0000] {dagbag.py:536} INFO - Filling up the DagBag from /opt/airflow/dags/report_hourly_dag.py
[2026-06-19T21:43:11.387+0000] {processor.py:839} INFO - DAG(s) dict_keys(['report_hourly_dag']) retrieved from /opt/airflow/dags/report_hourly_dag.py
[2026-06-19T21:43:11.402+0000] {logging_mixin.py:154} INFO - [2026-06-19T21:43:11.402+0000] {dag.py:2941} INFO - Sync 1 DAGs
[2026-06-19T21:43:11.419+0000] {logging_mixin.py:154} INFO - [2026-06-19T21:43:11.419+0000] {dag.py:3722} INFO - Setting next_dagrun for report_hourly_dag to 2026-06-19T01:58:00+00:00, run_after=2026-06-19T01:59:00+00:00
[2026-06-19T21:43:11.432+0000] {processor.py:179} INFO - Processing /opt/airflow/dags/report_hourly_dag.py took 0.061 seconds
[2026-06-19T21:43:41.635+0000] {processor.py:157} INFO - Started process (PID=6303) to work on /opt/airflow/dags/report_hourly_dag.py
[2026-06-19T21:43:41.639+0000] {processor.py:829} INFO - Processing file /opt/airflow/dags/report_hourly_dag.py for tasks to queue
[2026-06-19T21:43:41.640+0000] {logging_mixin.py:154} INFO - [2026-06-19T21:43:41.640+0000] {dagbag.py:536} INFO - Filling up the DagBag from /opt/airflow/dags/report_hourly_dag.py
[2026-06-19T21:43:41.648+0000] {processor.py:839} INFO - DAG(s) dict_keys(['report_hourly_dag']) retrieved from /opt/airflow/dags/report_hourly_dag.py
[2026-06-19T21:43:41.664+0000] {logging_mixin.py:154} INFO - [2026-06-19T21:43:41.664+0000] {dag.py:2941} INFO - Sync 1 DAGs
[2026-06-19T21:43:41.680+0000] {logging_mixin.py:154} INFO - [2026-06-19T21:43:41.680+0000] {dag.py:3722} INFO - Setting next_dagrun for report_hourly_dag to 2026-06-19T01:58:00+00:00, run_after=2026-06-19T01:59:00+00:00
[2026-06-19T21:43:41.692+0000] {processor.py:179} INFO - Processing /opt/airflow/dags/report_hourly_dag.py took 0.060 seconds
[2026-06-19T21:44:11.925+0000] {processor.py:157} INFO - Started process (PID=6318) to work on /opt/airflow/dags/report_hourly_dag.py
[2026-06-19T21:44:11.926+0000] {processor.py:829} INFO - Processing file /opt/airflow/dags/report_hourly_dag.py for tasks to queue
[2026-06-19T21:44:11.927+0000] {logging_mixin.py:154} INFO - [2026-06-19T21:44:11.927+0000] {dagbag.py:536} INFO - Filling up the DagBag from /opt/airflow/dags/report_hourly_dag.py
[2026-06-19T21:44:11.942+0000] {processor.py:839} INFO - DAG(s) dict_keys(['report_hourly_dag']) retrieved from /opt/airflow/dags/report_hourly_dag.py
[2026-06-19T21:44:11.960+0000] {logging_mixin.py:154} INFO - [2026-06-19T21:44:11.959+0000] {dag.py:2941} INFO - Sync 1 DAGs
[2026-06-19T21:44:11.977+0000] {logging_mixin.py:154} INFO - [2026-06-19T21:44:11.977+0000] {dag.py:3722} INFO - Setting next_dagrun for report_hourly_dag to 2026-06-19T01:58:00+00:00, run_after=2026-06-19T01:59:00+00:00
[2026-06-19T21:44:11.990+0000] {processor.py:179} INFO - Processing /opt/airflow/dags/report_hourly_dag.py took 0.071 seconds
[2026-06-19T21:44:42.218+0000] {processor.py:157} INFO - Started process (PID=6333) to work on /opt/airflow/dags/report_hourly_dag.py
[2026-06-19T21:44:42.220+0000] {processor.py:829} INFO - Processing file /opt/airflow/dags/report_hourly_dag.py for tasks to queue
[2026-06-19T21:44:42.221+0000] {logging_mixin.py:154} INFO - [2026-06-19T21:44:42.221+0000] {dagbag.py:536} INFO - Filling up the DagBag from /opt/airflow/dags/report_hourly_dag.py
[2026-06-19T21:44:42.233+0000] {processor.py:839} INFO - DAG(s) dict_keys(['report_hourly_dag']) retrieved from /opt/airflow/dags/report_hourly_dag.py
[2026-06-19T21:44:42.253+0000] {logging_mixin.py:154} INFO - [2026-06-19T21:44:42.253+0000] {dag.py:2941} INFO - Sync 1 DAGs
[2026-06-19T21:44:42.272+0000] {logging_mixin.py:154} INFO - [2026-06-19T21:44:42.272+0000] {dag.py:3722} INFO - Setting next_dagrun for report_hourly_dag to 2026-06-19T01:58:00+00:00, run_after=2026-06-19T01:59:00+00:00
[2026-06-19T21:44:42.378+0000] {processor.py:179} INFO - Processing /opt/airflow/dags/report_hourly_dag.py took 0.163 seconds
[2026-06-19T21:45:12.516+0000] {processor.py:157} INFO - Started process (PID=6348) to work on /opt/airflow/dags/report_hourly_dag.py
[2026-06-19T21:45:12.517+0000] {processor.py:829} INFO - Processing file /opt/airflow/dags/report_hourly_dag.py for tasks to queue
[2026-06-19T21:45:12.518+0000] {logging_mixin.py:154} INFO - [2026-06-19T21:45:12.518+0000] {dagbag.py:536} INFO - Filling up the DagBag from /opt/airflow/dags/report_hourly_dag.py
[2026-06-19T21:45:12.529+0000] {processor.py:839} INFO - DAG(s) dict_keys(['report_hourly_dag']) retrieved from /opt/airflow/dags/report_hourly_dag.py
[2026-06-19T21:45:12.544+0000] {logging_mixin.py:154} INFO - [2026-06-19T21:45:12.544+0000] {dag.py:2941} INFO - Sync 1 DAGs
[2026-06-19T21:45:12.560+0000] {logging_mixin.py:154} INFO - [2026-06-19T21:45:12.560+0000] {dag.py:3722} INFO - Setting next_dagrun for report_hourly_dag to 2026-06-19T01:58:00+00:00, run_after=2026-06-19T01:59:00+00:00
[2026-06-19T21:45:12.572+0000] {processor.py:179} INFO - Processing /opt/airflow/dags/report_hourly_dag.py took 0.062 seconds
[2026-06-19T21:45:42.808+0000] {processor.py:157} INFO - Started process (PID=6363) to work on /opt/airflow/dags/report_hourly_dag.py
[2026-06-19T21:45:42.810+0000] {processor.py:829} INFO - Processing file /opt/airflow/dags/report_hourly_dag.py for tasks to queue
[2026-06-19T21:45:42.811+0000] {logging_mixin.py:154} INFO - [2026-06-19T21:45:42.811+0000] {dagbag.py:536} INFO - Filling up the DagBag from /opt/airflow/dags/report_hourly_dag.py
[2026-06-19T21:45:42.825+0000] {processor.py:839} INFO - DAG(s) dict_keys(['report_hourly_dag']) retrieved from /opt/airflow/dags/report_hourly_dag.py
[2026-06-19T21:45:42.845+0000] {logging_mixin.py:154} INFO - [2026-06-19T21:45:42.845+0000] {dag.py:2941} INFO - Sync 1 DAGs
[2026-06-19T21:45:42.862+0000] {logging_mixin.py:154} INFO - [2026-06-19T21:45:42.861+0000] {dag.py:3722} INFO - Setting next_dagrun for report_hourly_dag to 2026-06-19T01:58:00+00:00, run_after=2026-06-19T01:59:00+00:00
[2026-06-19T21:45:42.873+0000] {processor.py:179} INFO - Processing /opt/airflow/dags/report_hourly_dag.py took 0.070 seconds
[2026-06-19T21:46:13.092+0000] {processor.py:157} INFO - Started process (PID=6378) to work on /opt/airflow/dags/report_hourly_dag.py
[2026-06-19T21:46:13.095+0000] {processor.py:829} INFO - Processing file /opt/airflow/dags/report_hourly_dag.py for tasks to queue
[2026-06-19T21:46:13.096+0000] {logging_mixin.py:154} INFO - [2026-06-19T21:46:13.096+0000] {dagbag.py:536} INFO - Filling up the DagBag from /opt/airflow/dags/report_hourly_dag.py
[2026-06-19T21:46:13.106+0000] {processor.py:839} INFO - DAG(s) dict_keys(['report_hourly_dag']) retrieved from /opt/airflow/dags/report_hourly_dag.py
[2026-06-19T21:46:13.200+0000] {logging_mixin.py:154} INFO - [2026-06-19T21:46:13.200+0000] {dag.py:2941} INFO - Sync 1 DAGs
[2026-06-19T21:46:13.216+0000] {logging_mixin.py:154} INFO - [2026-06-19T21:46:13.216+0000] {dag.py:3722} INFO - Setting next_dagrun for report_hourly_dag to 2026-06-19T01:58:00+00:00, run_after=2026-06-19T01:59:00+00:00
[2026-06-19T21:46:13.232+0000] {processor.py:179} INFO - Processing /opt/airflow/dags/report_hourly_dag.py took 0.143 seconds
[2026-06-19T21:46:43.540+0000] {processor.py:157} INFO - Started process (PID=6393) to work on /opt/airflow/dags/report_hourly_dag.py
[2026-06-19T21:46:43.543+0000] {processor.py:829} INFO - Processing file /opt/airflow/dags/report_hourly_dag.py for tasks to queue
[2026-06-19T21:46:43.543+0000] {logging_mixin.py:154} INFO - [2026-06-19T21:46:43.543+0000] {dagbag.py:536} INFO - Filling up the DagBag from /opt/airflow/dags/report_hourly_dag.py
[2026-06-19T21:46:43.554+0000] {processor.py:839} INFO - DAG(s) dict_keys(['report_hourly_dag']) retrieved from /opt/airflow/dags/report_hourly_dag.py
[2026-06-19T21:46:43.570+0000] {logging_mixin.py:154} INFO - [2026-06-19T21:46:43.570+0000] {dag.py:2941} INFO - Sync 1 DAGs
[2026-06-19T21:46:43.587+0000] {logging_mixin.py:154} INFO - [2026-06-19T21:46:43.587+0000] {dag.py:3722} INFO - Setting next_dagrun for report_hourly_dag to 2026-06-19T01:58:00+00:00, run_after=2026-06-19T01:59:00+00:00
[2026-06-19T21:46:43.600+0000] {processor.py:179} INFO - Processing /opt/airflow/dags/report_hourly_dag.py took 0.064 seconds
[2026-06-19T21:47:13.841+0000] {processor.py:157} INFO - Started process (PID=6408) to work on /opt/airflow/dags/report_hourly_dag.py
[2026-06-19T21:47:13.845+0000] {processor.py:829} INFO - Processing file /opt/airflow/dags/report_hourly_dag.py for tasks to queue
[2026-06-19T21:47:13.846+0000] {logging_mixin.py:154} INFO - [2026-06-19T21:47:13.846+0000] {dagbag.py:536} INFO - Filling up the DagBag from /opt/airflow/dags/report_hourly_dag.py
[2026-06-19T21:47:13.859+0000] {processor.py:839} INFO - DAG(s) dict_keys(['report_hourly_dag']) retrieved from /opt/airflow/dags/report_hourly_dag.py
[2026-06-19T21:47:13.877+0000] {logging_mixin.py:154} INFO - [2026-06-19T21:47:13.876+0000] {dag.py:2941} INFO - Sync 1 DAGs
[2026-06-19T21:47:13.894+0000] {logging_mixin.py:154} INFO - [2026-06-19T21:47:13.894+0000] {dag.py:3722} INFO - Setting next_dagrun for report_hourly_dag to 2026-06-19T01:58:00+00:00, run_after=2026-06-19T01:59:00+00:00
[2026-06-19T21:47:13.906+0000] {processor.py:179} INFO - Processing /opt/airflow/dags/report_hourly_dag.py took 0.069 seconds
[2026-06-19T21:47:44.148+0000] {processor.py:157} INFO - Started process (PID=6423) to work on /opt/airflow/dags/report_hourly_dag.py
[2026-06-19T21:47:44.148+0000] {processor.py:829} INFO - Processing file /opt/airflow/dags/report_hourly_dag.py for tasks to queue
[2026-06-19T21:47:44.149+0000] {logging_mixin.py:154} INFO - [2026-06-19T21:47:44.149+0000] {dagbag.py:536} INFO - Filling up the DagBag from /opt/airflow/dags/report_hourly_dag.py
[2026-06-19T21:47:44.159+0000] {processor.py:839} INFO - DAG(s) dict_keys(['report_hourly_dag']) retrieved from /opt/airflow/dags/report_hourly_dag.py
[2026-06-19T21:47:44.175+0000] {logging_mixin.py:154} INFO - [2026-06-19T21:47:44.175+0000] {dag.py:2941} INFO - Sync 1 DAGs
[2026-06-19T21:47:44.192+0000] {logging_mixin.py:154} INFO - [2026-06-19T21:47:44.192+0000] {dag.py:3722} INFO - Setting next_dagrun for report_hourly_dag to 2026-06-19T01:58:00+00:00, run_after=2026-06-19T01:59:00+00:00
[2026-06-19T21:47:44.205+0000] {processor.py:179} INFO - Processing /opt/airflow/dags/report_hourly_dag.py took 0.062 seconds
[2026-06-19T21:48:14.425+0000] {processor.py:157} INFO - Started process (PID=6438) to work on /opt/airflow/dags/report_hourly_dag.py
[2026-06-19T21:48:14.426+0000] {processor.py:829} INFO - Processing file /opt/airflow/dags/report_hourly_dag.py for tasks to queue
[2026-06-19T21:48:14.427+0000] {logging_mixin.py:154} INFO - [2026-06-19T21:48:14.426+0000] {dagbag.py:536} INFO - Filling up the DagBag from /opt/airflow/dags/report_hourly_dag.py
[2026-06-19T21:48:14.438+0000] {processor.py:839} INFO - DAG(s) dict_keys(['report_hourly_dag']) retrieved from /opt/airflow/dags/report_hourly_dag.py
[2026-06-19T21:48:14.453+0000] {logging_mixin.py:154} INFO - [2026-06-19T21:48:14.453+0000] {dag.py:2941} INFO - Sync 1 DAGs
[2026-06-19T21:48:14.470+0000] {logging_mixin.py:154} INFO - [2026-06-19T21:48:14.470+0000] {dag.py:3722} INFO - Setting next_dagrun for report_hourly_dag to 2026-06-19T01:58:00+00:00, run_after=2026-06-19T01:59:00+00:00
[2026-06-19T21:48:14.482+0000] {processor.py:179} INFO - Processing /opt/airflow/dags/report_hourly_dag.py took 0.063 seconds
[2026-06-19T21:48:44.713+0000] {processor.py:157} INFO - Started process (PID=6453) to work on /opt/airflow/dags/report_hourly_dag.py
[2026-06-19T21:48:44.716+0000] {processor.py:829} INFO - Processing file /opt/airflow/dags/report_hourly_dag.py for tasks to queue
[2026-06-19T21:48:44.717+0000] {logging_mixin.py:154} INFO - [2026-06-19T21:48:44.716+0000] {dagbag.py:536} INFO - Filling up the DagBag from /opt/airflow/dags/report_hourly_dag.py
[2026-06-19T21:48:44.726+0000] {processor.py:839} INFO - DAG(s) dict_keys(['report_hourly_dag']) retrieved from /opt/airflow/dags/report_hourly_dag.py
[2026-06-19T21:48:44.743+0000] {logging_mixin.py:154} INFO - [2026-06-19T21:48:44.742+0000] {dag.py:2941} INFO - Sync 1 DAGs
[2026-06-19T21:48:44.761+0000] {logging_mixin.py:154} INFO - [2026-06-19T21:48:44.761+0000] {dag.py:3722} INFO - Setting next_dagrun for report_hourly_dag to 2026-06-19T01:58:00+00:00, run_after=2026-06-19T01:59:00+00:00
[2026-06-19T21:48:44.775+0000] {processor.py:179} INFO - Processing /opt/airflow/dags/report_hourly_dag.py took 0.066 seconds
[2026-06-19T21:49:15.000+0000] {processor.py:157} INFO - Started process (PID=6468) to work on /opt/airflow/dags/report_hourly_dag.py
[2026-06-19T21:49:15.003+0000] {processor.py:829} INFO - Processing file /opt/airflow/dags/report_hourly_dag.py for tasks to queue
[2026-06-19T21:49:15.003+0000] {logging_mixin.py:154} INFO - [2026-06-19T21:49:15.003+0000] {dagbag.py:536} INFO - Filling up the DagBag from /opt/airflow/dags/report_hourly_dag.py
[2026-06-19T21:49:15.015+0000] {processor.py:839} INFO - DAG(s) dict_keys(['report_hourly_dag']) retrieved from /opt/airflow/dags/report_hourly_dag.py
[2026-06-19T21:49:15.033+0000] {logging_mixin.py:154} INFO - [2026-06-19T21:49:15.033+0000] {dag.py:2941} INFO - Sync 1 DAGs
[2026-06-19T21:49:15.050+0000] {logging_mixin.py:154} INFO - [2026-06-19T21:49:15.050+0000] {dag.py:3722} INFO - Setting next_dagrun for report_hourly_dag to 2026-06-19T01:58:00+00:00, run_after=2026-06-19T01:59:00+00:00
[2026-06-19T21:49:15.062+0000] {processor.py:179} INFO - Processing /opt/airflow/dags/report_hourly_dag.py took 0.067 seconds
[2026-06-19T21:49:45.300+0000] {processor.py:157} INFO - Started process (PID=6483) to work on /opt/airflow/dags/report_hourly_dag.py
[2026-06-19T21:49:45.301+0000] {processor.py:829} INFO - Processing file /opt/airflow/dags/report_hourly_dag.py for tasks to queue
[2026-06-19T21:49:45.302+0000] {logging_mixin.py:154} INFO - [2026-06-19T21:49:45.301+0000] {dagbag.py:536} INFO - Filling up the DagBag from /opt/airflow/dags/report_hourly_dag.py
[2026-06-19T21:49:45.310+0000] {processor.py:839} INFO - DAG(s) dict_keys(['report_hourly_dag']) retrieved from /opt/airflow/dags/report_hourly_dag.py
[2026-06-19T21:49:45.325+0000] {logging_mixin.py:154} INFO - [2026-06-19T21:49:45.325+0000] {dag.py:2941} INFO - Sync 1 DAGs
[2026-06-19T21:49:45.343+0000] {logging_mixin.py:154} INFO - [2026-06-19T21:49:45.343+0000] {dag.py:3722} INFO - Setting next_dagrun for report_hourly_dag to 2026-06-19T01:58:00+00:00, run_after=2026-06-19T01:59:00+00:00
[2026-06-19T21:49:45.356+0000] {processor.py:179} INFO - Processing /opt/airflow/dags/report_hourly_dag.py took 0.059 seconds
[2026-06-19T21:50:15.581+0000] {processor.py:157} INFO - Started process (PID=6498) to work on /opt/airflow/dags/report_hourly_dag.py
[2026-06-19T21:50:15.583+0000] {processor.py:829} INFO - Processing file /opt/airflow/dags/report_hourly_dag.py for tasks to queue
[2026-06-19T21:50:15.584+0000] {logging_mixin.py:154} INFO - [2026-06-19T21:50:15.583+0000] {dagbag.py:536} INFO - Filling up the DagBag from /opt/airflow/dags/report_hourly_dag.py
[2026-06-19T21:50:15.593+0000] {processor.py:839} INFO - DAG(s) dict_keys(['report_hourly_dag']) retrieved from /opt/airflow/dags/report_hourly_dag.py
[2026-06-19T21:50:15.609+0000] {logging_mixin.py:154} INFO - [2026-06-19T21:50:15.609+0000] {dag.py:2941} INFO - Sync 1 DAGs
[2026-06-19T21:50:15.626+0000] {logging_mixin.py:154} INFO - [2026-06-19T21:50:15.626+0000] {dag.py:3722} INFO - Setting next_dagrun for report_hourly_dag to 2026-06-19T01:58:00+00:00, run_after=2026-06-19T01:59:00+00:00
[2026-06-19T21:50:15.641+0000] {processor.py:179} INFO - Processing /opt/airflow/dags/report_hourly_dag.py took 0.064 seconds
[2026-06-19T21:50:45.835+0000] {processor.py:157} INFO - Started process (PID=6513) to work on /opt/airflow/dags/report_hourly_dag.py
[2026-06-19T21:50:45.836+0000] {processor.py:829} INFO - Processing file /opt/airflow/dags/report_hourly_dag.py for tasks to queue
[2026-06-19T21:50:45.837+0000] {logging_mixin.py:154} INFO - [2026-06-19T21:50:45.836+0000] {dagbag.py:536} INFO - Filling up the DagBag from /opt/airflow/dags/report_hourly_dag.py
[2026-06-19T21:50:45.845+0000] {processor.py:839} INFO - DAG(s) dict_keys(['report_hourly_dag']) retrieved from /opt/airflow/dags/report_hourly_dag.py
[2026-06-19T21:50:45.860+0000] {logging_mixin.py:154} INFO - [2026-06-19T21:50:45.860+0000] {dag.py:2941} INFO - Sync 1 DAGs
[2026-06-19T21:50:45.878+0000] {logging_mixin.py:154} INFO - [2026-06-19T21:50:45.878+0000] {dag.py:3722} INFO - Setting next_dagrun for report_hourly_dag to 2026-06-19T01:58:00+00:00, run_after=2026-06-19T01:59:00+00:00
[2026-06-19T21:50:45.891+0000] {processor.py:179} INFO - Processing /opt/airflow/dags/report_hourly_dag.py took 0.058 seconds
[2026-06-19T21:51:16.111+0000] {processor.py:157} INFO - Started process (PID=6528) to work on /opt/airflow/dags/report_hourly_dag.py
[2026-06-19T21:51:16.114+0000] {processor.py:829} INFO - Processing file /opt/airflow/dags/report_hourly_dag.py for tasks to queue
[2026-06-19T21:51:16.115+0000] {logging_mixin.py:154} INFO - [2026-06-19T21:51:16.115+0000] {dagbag.py:536} INFO - Filling up the DagBag from /opt/airflow/dags/report_hourly_dag.py
[2026-06-19T21:51:16.130+0000] {processor.py:839} INFO - DAG(s) dict_keys(['report_hourly_dag']) retrieved from /opt/airflow/dags/report_hourly_dag.py
[2026-06-19T21:51:16.150+0000] {logging_mixin.py:154} INFO - [2026-06-19T21:51:16.150+0000] {dag.py:2941} INFO - Sync 1 DAGs
[2026-06-19T21:51:16.166+0000] {logging_mixin.py:154} INFO - [2026-06-19T21:51:16.166+0000] {dag.py:3722} INFO - Setting next_dagrun for report_hourly_dag to 2026-06-19T01:58:00+00:00, run_after=2026-06-19T01:59:00+00:00
[2026-06-19T21:51:16.181+0000] {processor.py:179} INFO - Processing /opt/airflow/dags/report_hourly_dag.py took 0.075 seconds
[2026-06-19T21:51:46.400+0000] {processor.py:157} INFO - Started process (PID=6543) to work on /opt/airflow/dags/report_hourly_dag.py
[2026-06-19T21:51:46.401+0000] {processor.py:829} INFO - Processing file /opt/airflow/dags/report_hourly_dag.py for tasks to queue
[2026-06-19T21:51:46.401+0000] {logging_mixin.py:154} INFO - [2026-06-19T21:51:46.401+0000] {dagbag.py:536} INFO - Filling up the DagBag from /opt/airflow/dags/report_hourly_dag.py
[2026-06-19T21:51:46.409+0000] {processor.py:839} INFO - DAG(s) dict_keys(['report_hourly_dag']) retrieved from /opt/airflow/dags/report_hourly_dag.py
[2026-06-19T21:51:46.425+0000] {logging_mixin.py:154} INFO - [2026-06-19T21:51:46.425+0000] {dag.py:2941} INFO - Sync 1 DAGs
[2026-06-19T21:51:46.442+0000] {logging_mixin.py:154} INFO - [2026-06-19T21:51:46.442+0000] {dag.py:3722} INFO - Setting next_dagrun for report_hourly_dag to 2026-06-19T01:58:00+00:00, run_after=2026-06-19T01:59:00+00:00
[2026-06-19T21:51:46.455+0000] {processor.py:179} INFO - Processing /opt/airflow/dags/report_hourly_dag.py took 0.058 seconds
[2026-06-19T21:52:16.712+0000] {processor.py:157} INFO - Started process (PID=6558) to work on /opt/airflow/dags/report_hourly_dag.py
[2026-06-19T21:52:16.712+0000] {processor.py:829} INFO - Processing file /opt/airflow/dags/report_hourly_dag.py for tasks to queue
[2026-06-19T21:52:16.713+0000] {logging_mixin.py:154} INFO - [2026-06-19T21:52:16.713+0000] {dagbag.py:536} INFO - Filling up the DagBag from /opt/airflow/dags/report_hourly_dag.py
[2026-06-19T21:52:16.722+0000] {processor.py:839} INFO - DAG(s) dict_keys(['report_hourly_dag']) retrieved from /opt/airflow/dags/report_hourly_dag.py
[2026-06-19T21:52:16.738+0000] {logging_mixin.py:154} INFO - [2026-06-19T21:52:16.738+0000] {dag.py:2941} INFO - Sync 1 DAGs
[2026-06-19T21:52:16.755+0000] {logging_mixin.py:154} INFO - [2026-06-19T21:52:16.755+0000] {dag.py:3722} INFO - Setting next_dagrun for report_hourly_dag to 2026-06-19T01:58:00+00:00, run_after=2026-06-19T01:59:00+00:00
[2026-06-19T21:52:16.768+0000] {processor.py:179} INFO - Processing /opt/airflow/dags/report_hourly_dag.py took 0.061 seconds
[2026-06-19T21:52:47.007+0000] {processor.py:157} INFO - Started process (PID=6573) to work on /opt/airflow/dags/report_hourly_dag.py
[2026-06-19T21:52:47.008+0000] {processor.py:829} INFO - Processing file /opt/airflow/dags/report_hourly_dag.py for tasks to queue
[2026-06-19T21:52:47.009+0000] {logging_mixin.py:154} INFO - [2026-06-19T21:52:47.008+0000] {dagbag.py:536} INFO - Filling up the DagBag from /opt/airflow/dags/report_hourly_dag.py
[2026-06-19T21:52:47.019+0000] {processor.py:839} INFO - DAG(s) dict_keys(['report_hourly_dag']) retrieved from /opt/airflow/dags/report_hourly_dag.py
[2026-06-19T21:52:47.034+0000] {logging_mixin.py:154} INFO - [2026-06-19T21:52:47.034+0000] {dag.py:2941} INFO - Sync 1 DAGs
[2026-06-19T21:52:47.051+0000] {logging_mixin.py:154} INFO - [2026-06-19T21:52:47.051+0000] {dag.py:3722} INFO - Setting next_dagrun for report_hourly_dag to 2026-06-19T01:58:00+00:00, run_after=2026-06-19T01:59:00+00:00
[2026-06-19T21:52:47.064+0000] {processor.py:179} INFO - Processing /opt/airflow/dags/report_hourly_dag.py took 0.061 seconds
[2026-06-19T21:53:17.273+0000] {processor.py:157} INFO - Started process (PID=6588) to work on /opt/airflow/dags/report_hourly_dag.py
[2026-06-19T21:53:17.275+0000] {processor.py:829} INFO - Processing file /opt/airflow/dags/report_hourly_dag.py for tasks to queue
[2026-06-19T21:53:17.276+0000] {logging_mixin.py:154} INFO - [2026-06-19T21:53:17.276+0000] {dagbag.py:536} INFO - Filling up the DagBag from /opt/airflow/dags/report_hourly_dag.py
[2026-06-19T21:53:17.291+0000] {processor.py:839} INFO - DAG(s) dict_keys(['report_hourly_dag']) retrieved from /opt/airflow/dags/report_hourly_dag.py
[2026-06-19T21:53:17.313+0000] {logging_mixin.py:154} INFO - [2026-06-19T21:53:17.313+0000] {dag.py:2941} INFO - Sync 1 DAGs
[2026-06-19T21:53:17.330+0000] {logging_mixin.py:154} INFO - [2026-06-19T21:53:17.330+0000] {dag.py:3722} INFO - Setting next_dagrun for report_hourly_dag to 2026-06-19T01:58:00+00:00, run_after=2026-06-19T01:59:00+00:00
[2026-06-19T21:53:17.349+0000] {processor.py:179} INFO - Processing /opt/airflow/dags/report_hourly_dag.py took 0.081 seconds
[2026-06-19T21:53:47.602+0000] {processor.py:157} INFO - Started process (PID=6603) to work on /opt/airflow/dags/report_hourly_dag.py
[2026-06-19T21:53:47.602+0000] {processor.py:829} INFO - Processing file /opt/airflow/dags/report_hourly_dag.py for tasks to queue
[2026-06-19T21:53:47.603+0000] {logging_mixin.py:154} INFO - [2026-06-19T21:53:47.603+0000] {dagbag.py:536} INFO - Filling up the DagBag from /opt/airflow/dags/report_hourly_dag.py
[2026-06-19T21:53:47.614+0000] {processor.py:839} INFO - DAG(s) dict_keys(['report_hourly_dag']) retrieved from /opt/airflow/dags/report_hourly_dag.py
[2026-06-19T21:53:47.633+0000] {logging_mixin.py:154} INFO - [2026-06-19T21:53:47.632+0000] {dag.py:2941} INFO - Sync 1 DAGs
[2026-06-19T21:53:47.650+0000] {logging_mixin.py:154} INFO - [2026-06-19T21:53:47.650+0000] {dag.py:3722} INFO - Setting next_dagrun for report_hourly_dag to 2026-06-19T01:58:00+00:00, run_after=2026-06-19T01:59:00+00:00
[2026-06-19T21:53:47.666+0000] {processor.py:179} INFO - Processing /opt/airflow/dags/report_hourly_dag.py took 0.070 seconds
[2026-06-19T21:54:17.881+0000] {processor.py:157} INFO - Started process (PID=6618) to work on /opt/airflow/dags/report_hourly_dag.py
[2026-06-19T21:54:17.883+0000] {processor.py:829} INFO - Processing file /opt/airflow/dags/report_hourly_dag.py for tasks to queue
[2026-06-19T21:54:17.884+0000] {logging_mixin.py:154} INFO - [2026-06-19T21:54:17.884+0000] {dagbag.py:536} INFO - Filling up the DagBag from /opt/airflow/dags/report_hourly_dag.py
[2026-06-19T21:54:17.898+0000] {processor.py:839} INFO - DAG(s) dict_keys(['report_hourly_dag']) retrieved from /opt/airflow/dags/report_hourly_dag.py
[2026-06-19T21:54:17.918+0000] {logging_mixin.py:154} INFO - [2026-06-19T21:54:17.917+0000] {dag.py:2941} INFO - Sync 1 DAGs
[2026-06-19T21:54:17.934+0000] {logging_mixin.py:154} INFO - [2026-06-19T21:54:17.934+0000] {dag.py:3722} INFO - Setting next_dagrun for report_hourly_dag to 2026-06-19T01:58:00+00:00, run_after=2026-06-19T01:59:00+00:00
[2026-06-19T21:54:17.945+0000] {processor.py:179} INFO - Processing /opt/airflow/dags/report_hourly_dag.py took 0.068 seconds
[2026-06-19T21:54:48.173+0000] {processor.py:157} INFO - Started process (PID=6633) to work on /opt/airflow/dags/report_hourly_dag.py
[2026-06-19T21:54:48.174+0000] {processor.py:829} INFO - Processing file /opt/airflow/dags/report_hourly_dag.py for tasks to queue
[2026-06-19T21:54:48.175+0000] {logging_mixin.py:154} INFO - [2026-06-19T21:54:48.175+0000] {dagbag.py:536} INFO - Filling up the DagBag from /opt/airflow/dags/report_hourly_dag.py
[2026-06-19T21:54:48.185+0000] {processor.py:839} INFO - DAG(s) dict_keys(['report_hourly_dag']) retrieved from /opt/airflow/dags/report_hourly_dag.py
[2026-06-19T21:54:48.201+0000] {logging_mixin.py:154} INFO - [2026-06-19T21:54:48.201+0000] {dag.py:2941} INFO - Sync 1 DAGs
[2026-06-19T21:54:48.217+0000] {logging_mixin.py:154} INFO - [2026-06-19T21:54:48.217+0000] {dag.py:3722} INFO - Setting next_dagrun for report_hourly_dag to 2026-06-19T01:58:00+00:00, run_after=2026-06-19T01:59:00+00:00
[2026-06-19T21:54:48.229+0000] {processor.py:179} INFO - Processing /opt/airflow/dags/report_hourly_dag.py took 0.060 seconds
[2026-06-19T21:55:18.458+0000] {processor.py:157} INFO - Started process (PID=6648) to work on /opt/airflow/dags/report_hourly_dag.py
[2026-06-19T21:55:18.459+0000] {processor.py:829} INFO - Processing file /opt/airflow/dags/report_hourly_dag.py for tasks to queue
[2026-06-19T21:55:18.460+0000] {logging_mixin.py:154} INFO - [2026-06-19T21:55:18.460+0000] {dagbag.py:536} INFO - Filling up the DagBag from /opt/airflow/dags/report_hourly_dag.py
[2026-06-19T21:55:18.473+0000] {processor.py:839} INFO - DAG(s) dict_keys(['report_hourly_dag']) retrieved from /opt/airflow/dags/report_hourly_dag.py
[2026-06-19T21:55:18.488+0000] {logging_mixin.py:154} INFO - [2026-06-19T21:55:18.488+0000] {dag.py:2941} INFO - Sync 1 DAGs
[2026-06-19T21:55:18.505+0000] {logging_mixin.py:154} INFO - [2026-06-19T21:55:18.505+0000] {dag.py:3722} INFO - Setting next_dagrun for report_hourly_dag to 2026-06-19T01:58:00+00:00, run_after=2026-06-19T01:59:00+00:00
[2026-06-19T21:55:18.518+0000] {processor.py:179} INFO - Processing /opt/airflow/dags/report_hourly_dag.py took 0.064 seconds
[2026-06-19T21:55:48.760+0000] {processor.py:157} INFO - Started process (PID=6663) to work on /opt/airflow/dags/report_hourly_dag.py
[2026-06-19T21:55:48.761+0000] {processor.py:829} INFO - Processing file /opt/airflow/dags/report_hourly_dag.py for tasks to queue
[2026-06-19T21:55:48.761+0000] {logging_mixin.py:154} INFO - [2026-06-19T21:55:48.761+0000] {dagbag.py:536} INFO - Filling up the DagBag from /opt/airflow/dags/report_hourly_dag.py
[2026-06-19T21:55:48.771+0000] {processor.py:839} INFO - DAG(s) dict_keys(['report_hourly_dag']) retrieved from /opt/airflow/dags/report_hourly_dag.py
[2026-06-19T21:55:48.787+0000] {logging_mixin.py:154} INFO - [2026-06-19T21:55:48.787+0000] {dag.py:2941} INFO - Sync 1 DAGs
[2026-06-19T21:55:48.803+0000] {logging_mixin.py:154} INFO - [2026-06-19T21:55:48.803+0000] {dag.py:3722} INFO - Setting next_dagrun for report_hourly_dag to 2026-06-19T01:58:00+00:00, run_after=2026-06-19T01:59:00+00:00
[2026-06-19T21:55:48.824+0000] {processor.py:179} INFO - Processing /opt/airflow/dags/report_hourly_dag.py took 0.068 seconds
[2026-06-19T21:56:19.066+0000] {processor.py:157} INFO - Started process (PID=6678) to work on /opt/airflow/dags/report_hourly_dag.py
[2026-06-19T21:56:19.070+0000] {processor.py:829} INFO - Processing file /opt/airflow/dags/report_hourly_dag.py for tasks to queue
[2026-06-19T21:56:19.071+0000] {logging_mixin.py:154} INFO - [2026-06-19T21:56:19.071+0000] {dagbag.py:536} INFO - Filling up the DagBag from /opt/airflow/dags/report_hourly_dag.py
[2026-06-19T21:56:19.080+0000] {processor.py:839} INFO - DAG(s) dict_keys(['report_hourly_dag']) retrieved from /opt/airflow/dags/report_hourly_dag.py
[2026-06-19T21:56:19.101+0000] {logging_mixin.py:154} INFO - [2026-06-19T21:56:19.100+0000] {dag.py:2941} INFO - Sync 1 DAGs
[2026-06-19T21:56:19.125+0000] {logging_mixin.py:154} INFO - [2026-06-19T21:56:19.125+0000] {dag.py:3722} INFO - Setting next_dagrun for report_hourly_dag to 2026-06-19T01:58:00+00:00, run_after=2026-06-19T01:59:00+00:00
[2026-06-19T21:56:19.141+0000] {processor.py:179} INFO - Processing /opt/airflow/dags/report_hourly_dag.py took 0.080 seconds
[2026-06-19T21:56:49.361+0000] {processor.py:157} INFO - Started process (PID=6693) to work on /opt/airflow/dags/report_hourly_dag.py
[2026-06-19T21:56:49.362+0000] {processor.py:829} INFO - Processing file /opt/airflow/dags/report_hourly_dag.py for tasks to queue
[2026-06-19T21:56:49.362+0000] {logging_mixin.py:154} INFO - [2026-06-19T21:56:49.362+0000] {dagbag.py:536} INFO - Filling up the DagBag from /opt/airflow/dags/report_hourly_dag.py
[2026-06-19T21:56:49.372+0000] {processor.py:839} INFO - DAG(s) dict_keys(['report_hourly_dag']) retrieved from /opt/airflow/dags/report_hourly_dag.py
[2026-06-19T21:56:49.387+0000] {logging_mixin.py:154} INFO - [2026-06-19T21:56:49.386+0000] {dag.py:2941} INFO - Sync 1 DAGs
[2026-06-19T21:56:49.403+0000] {logging_mixin.py:154} INFO - [2026-06-19T21:56:49.403+0000] {dag.py:3722} INFO - Setting next_dagrun for report_hourly_dag to 2026-06-19T01:58:00+00:00, run_after=2026-06-19T01:59:00+00:00
[2026-06-19T21:56:49.417+0000] {processor.py:179} INFO - Processing /opt/airflow/dags/report_hourly_dag.py took 0.059 seconds
[2026-06-19T21:57:19.668+0000] {processor.py:157} INFO - Started process (PID=6708) to work on /opt/airflow/dags/report_hourly_dag.py
[2026-06-19T21:57:19.673+0000] {processor.py:829} INFO - Processing file /opt/airflow/dags/report_hourly_dag.py for tasks to queue
[2026-06-19T21:57:19.673+0000] {logging_mixin.py:154} INFO - [2026-06-19T21:57:19.673+0000] {dagbag.py:536} INFO - Filling up the DagBag from /opt/airflow/dags/report_hourly_dag.py
[2026-06-19T21:57:19.682+0000] {processor.py:839} INFO - DAG(s) dict_keys(['report_hourly_dag']) retrieved from /opt/airflow/dags/report_hourly_dag.py
[2026-06-19T21:57:19.700+0000] {logging_mixin.py:154} INFO - [2026-06-19T21:57:19.700+0000] {dag.py:2941} INFO - Sync 1 DAGs
[2026-06-19T21:57:19.719+0000] {logging_mixin.py:154} INFO - [2026-06-19T21:57:19.719+0000] {dag.py:3722} INFO - Setting next_dagrun for report_hourly_dag to 2026-06-19T01:58:00+00:00, run_after=2026-06-19T01:59:00+00:00
[2026-06-19T21:57:19.735+0000] {processor.py:179} INFO - Processing /opt/airflow/dags/report_hourly_dag.py took 0.071 seconds
[2026-06-19T21:57:49.970+0000] {processor.py:157} INFO - Started process (PID=6723) to work on /opt/airflow/dags/report_hourly_dag.py
[2026-06-19T21:57:49.972+0000] {processor.py:829} INFO - Processing file /opt/airflow/dags/report_hourly_dag.py for tasks to queue
[2026-06-19T21:57:49.972+0000] {logging_mixin.py:154} INFO - [2026-06-19T21:57:49.972+0000] {dagbag.py:536} INFO - Filling up the DagBag from /opt/airflow/dags/report_hourly_dag.py
[2026-06-19T21:57:49.982+0000] {processor.py:839} INFO - DAG(s) dict_keys(['report_hourly_dag']) retrieved from /opt/airflow/dags/report_hourly_dag.py
[2026-06-19T21:57:50.002+0000] {logging_mixin.py:154} INFO - [2026-06-19T21:57:50.002+0000] {dag.py:2941} INFO - Sync 1 DAGs
[2026-06-19T21:57:50.021+0000] {logging_mixin.py:154} INFO - [2026-06-19T21:57:50.021+0000] {dag.py:3722} INFO - Setting next_dagrun for report_hourly_dag to 2026-06-19T01:58:00+00:00, run_after=2026-06-19T01:59:00+00:00
[2026-06-19T21:57:50.035+0000] {processor.py:179} INFO - Processing /opt/airflow/dags/report_hourly_dag.py took 0.069 seconds
[2026-06-19T21:58:20.237+0000] {processor.py:157} INFO - Started process (PID=6738) to work on /opt/airflow/dags/report_hourly_dag.py
[2026-06-19T21:58:20.243+0000] {processor.py:829} INFO - Processing file /opt/airflow/dags/report_hourly_dag.py for tasks to queue
[2026-06-19T21:58:20.243+0000] {logging_mixin.py:154} INFO - [2026-06-19T21:58:20.243+0000] {dagbag.py:536} INFO - Filling up the DagBag from /opt/airflow/dags/report_hourly_dag.py
[2026-06-19T21:58:20.251+0000] {processor.py:839} INFO - DAG(s) dict_keys(['report_hourly_dag']) retrieved from /opt/airflow/dags/report_hourly_dag.py
[2026-06-19T21:58:20.267+0000] {logging_mixin.py:154} INFO - [2026-06-19T21:58:20.267+0000] {dag.py:2941} INFO - Sync 1 DAGs
[2026-06-19T21:58:20.283+0000] {logging_mixin.py:154} INFO - [2026-06-19T21:58:20.283+0000] {dag.py:3722} INFO - Setting next_dagrun for report_hourly_dag to 2026-06-19T01:58:00+00:00, run_after=2026-06-19T01:59:00+00:00
[2026-06-19T21:58:20.296+0000] {processor.py:179} INFO - Processing /opt/airflow/dags/report_hourly_dag.py took 0.061 seconds
[2026-06-19T21:58:50.525+0000] {processor.py:157} INFO - Started process (PID=6753) to work on /opt/airflow/dags/report_hourly_dag.py
[2026-06-19T21:58:50.526+0000] {processor.py:829} INFO - Processing file /opt/airflow/dags/report_hourly_dag.py for tasks to queue
[2026-06-19T21:58:50.527+0000] {logging_mixin.py:154} INFO - [2026-06-19T21:58:50.526+0000] {dagbag.py:536} INFO - Filling up the DagBag from /opt/airflow/dags/report_hourly_dag.py
[2026-06-19T21:58:50.537+0000] {processor.py:839} INFO - DAG(s) dict_keys(['report_hourly_dag']) retrieved from /opt/airflow/dags/report_hourly_dag.py
[2026-06-19T21:58:50.552+0000] {logging_mixin.py:154} INFO - [2026-06-19T21:58:50.552+0000] {dag.py:2941} INFO - Sync 1 DAGs
[2026-06-19T21:58:50.568+0000] {logging_mixin.py:154} INFO - [2026-06-19T21:58:50.568+0000] {dag.py:3722} INFO - Setting next_dagrun for report_hourly_dag to 2026-06-19T01:58:00+00:00, run_after=2026-06-19T01:59:00+00:00
[2026-06-19T21:58:50.592+0000] {processor.py:179} INFO - Processing /opt/airflow/dags/report_hourly_dag.py took 0.071 seconds
[2026-06-19T21:59:20.822+0000] {processor.py:157} INFO - Started process (PID=6768) to work on /opt/airflow/dags/report_hourly_dag.py
[2026-06-19T21:59:20.826+0000] {processor.py:829} INFO - Processing file /opt/airflow/dags/report_hourly_dag.py for tasks to queue
[2026-06-19T21:59:20.827+0000] {logging_mixin.py:154} INFO - [2026-06-19T21:59:20.826+0000] {dagbag.py:536} INFO - Filling up the DagBag from /opt/airflow/dags/report_hourly_dag.py
[2026-06-19T21:59:20.837+0000] {processor.py:839} INFO - DAG(s) dict_keys(['report_hourly_dag']) retrieved from /opt/airflow/dags/report_hourly_dag.py
[2026-06-19T21:59:20.854+0000] {logging_mixin.py:154} INFO - [2026-06-19T21:59:20.854+0000] {dag.py:2941} INFO - Sync 1 DAGs
[2026-06-19T21:59:20.871+0000] {logging_mixin.py:154} INFO - [2026-06-19T21:59:20.871+0000] {dag.py:3722} INFO - Setting next_dagrun for report_hourly_dag to 2026-06-19T01:58:00+00:00, run_after=2026-06-19T01:59:00+00:00
[2026-06-19T21:59:20.882+0000] {processor.py:179} INFO - Processing /opt/airflow/dags/report_hourly_dag.py took 0.063 seconds
[2026-06-19T21:59:51.111+0000] {processor.py:157} INFO - Started process (PID=6783) to work on /opt/airflow/dags/report_hourly_dag.py
[2026-06-19T21:59:51.112+0000] {processor.py:829} INFO - Processing file /opt/airflow/dags/report_hourly_dag.py for tasks to queue
[2026-06-19T21:59:51.113+0000] {logging_mixin.py:154} INFO - [2026-06-19T21:59:51.112+0000] {dagbag.py:536} INFO - Filling up the DagBag from /opt/airflow/dags/report_hourly_dag.py
[2026-06-19T21:59:51.124+0000] {processor.py:839} INFO - DAG(s) dict_keys(['report_hourly_dag']) retrieved from /opt/airflow/dags/report_hourly_dag.py
[2026-06-19T21:59:51.140+0000] {logging_mixin.py:154} INFO - [2026-06-19T21:59:51.140+0000] {dag.py:2941} INFO - Sync 1 DAGs
[2026-06-19T21:59:51.156+0000] {logging_mixin.py:154} INFO - [2026-06-19T21:59:51.156+0000] {dag.py:3722} INFO - Setting next_dagrun for report_hourly_dag to 2026-06-19T01:58:00+00:00, run_after=2026-06-19T01:59:00+00:00
[2026-06-19T21:59:51.169+0000] {processor.py:179} INFO - Processing /opt/airflow/dags/report_hourly_dag.py took 0.063 seconds
[2026-06-19T22:00:21.395+0000] {processor.py:157} INFO - Started process (PID=6798) to work on /opt/airflow/dags/report_hourly_dag.py
[2026-06-19T22:00:21.399+0000] {processor.py:829} INFO - Processing file /opt/airflow/dags/report_hourly_dag.py for tasks to queue
[2026-06-19T22:00:21.399+0000] {logging_mixin.py:154} INFO - [2026-06-19T22:00:21.399+0000] {dagbag.py:536} INFO - Filling up the DagBag from /opt/airflow/dags/report_hourly_dag.py
[2026-06-19T22:00:21.409+0000] {processor.py:839} INFO - DAG(s) dict_keys(['report_hourly_dag']) retrieved from /opt/airflow/dags/report_hourly_dag.py
[2026-06-19T22:00:21.429+0000] {logging_mixin.py:154} INFO - [2026-06-19T22:00:21.429+0000] {dag.py:2941} INFO - Sync 1 DAGs
[2026-06-19T22:00:21.449+0000] {logging_mixin.py:154} INFO - [2026-06-19T22:00:21.448+0000] {dag.py:3722} INFO - Setting next_dagrun for report_hourly_dag to 2026-06-19T01:58:00+00:00, run_after=2026-06-19T01:59:00+00:00
[2026-06-19T22:00:21.464+0000] {processor.py:179} INFO - Processing /opt/airflow/dags/report_hourly_dag.py took 0.072 seconds
[2026-06-19T22:00:51.704+0000] {processor.py:157} INFO - Started process (PID=6813) to work on /opt/airflow/dags/report_hourly_dag.py
[2026-06-19T22:00:51.705+0000] {processor.py:829} INFO - Processing file /opt/airflow/dags/report_hourly_dag.py for tasks to queue
[2026-06-19T22:00:51.706+0000] {logging_mixin.py:154} INFO - [2026-06-19T22:00:51.705+0000] {dagbag.py:536} INFO - Filling up the DagBag from /opt/airflow/dags/report_hourly_dag.py
[2026-06-19T22:00:51.716+0000] {processor.py:839} INFO - DAG(s) dict_keys(['report_hourly_dag']) retrieved from /opt/airflow/dags/report_hourly_dag.py
[2026-06-19T22:00:51.731+0000] {logging_mixin.py:154} INFO - [2026-06-19T22:00:51.731+0000] {dag.py:2941} INFO - Sync 1 DAGs
[2026-06-19T22:00:51.747+0000] {logging_mixin.py:154} INFO - [2026-06-19T22:00:51.746+0000] {dag.py:3722} INFO - Setting next_dagrun for report_hourly_dag to 2026-06-19T01:58:00+00:00, run_after=2026-06-19T01:59:00+00:00
[2026-06-19T22:00:51.760+0000] {processor.py:179} INFO - Processing /opt/airflow/dags/report_hourly_dag.py took 0.059 seconds
[2026-06-19T22:01:21.995+0000] {processor.py:157} INFO - Started process (PID=6828) to work on /opt/airflow/dags/report_hourly_dag.py
[2026-06-19T22:01:21.998+0000] {processor.py:829} INFO - Processing file /opt/airflow/dags/report_hourly_dag.py for tasks to queue
[2026-06-19T22:01:21.999+0000] {logging_mixin.py:154} INFO - [2026-06-19T22:01:21.998+0000] {dagbag.py:536} INFO - Filling up the DagBag from /opt/airflow/dags/report_hourly_dag.py
[2026-06-19T22:01:22.008+0000] {processor.py:839} INFO - DAG(s) dict_keys(['report_hourly_dag']) retrieved from /opt/airflow/dags/report_hourly_dag.py
[2026-06-19T22:01:22.025+0000] {logging_mixin.py:154} INFO - [2026-06-19T22:01:22.025+0000] {dag.py:2941} INFO - Sync 1 DAGs
[2026-06-19T22:01:22.041+0000] {logging_mixin.py:154} INFO - [2026-06-19T22:01:22.041+0000] {dag.py:3722} INFO - Setting next_dagrun for report_hourly_dag to 2026-06-19T01:58:00+00:00, run_after=2026-06-19T01:59:00+00:00
[2026-06-19T22:01:22.053+0000] {processor.py:179} INFO - Processing /opt/airflow/dags/report_hourly_dag.py took 0.062 seconds
[2026-06-19T22:01:52.295+0000] {processor.py:157} INFO - Started process (PID=6843) to work on /opt/airflow/dags/report_hourly_dag.py
[2026-06-19T22:01:52.296+0000] {processor.py:829} INFO - Processing file /opt/airflow/dags/report_hourly_dag.py for tasks to queue
[2026-06-19T22:01:52.296+0000] {logging_mixin.py:154} INFO - [2026-06-19T22:01:52.296+0000] {dagbag.py:536} INFO - Filling up the DagBag from /opt/airflow/dags/report_hourly_dag.py
[2026-06-19T22:01:52.306+0000] {processor.py:839} INFO - DAG(s) dict_keys(['report_hourly_dag']) retrieved from /opt/airflow/dags/report_hourly_dag.py
[2026-06-19T22:01:52.322+0000] {logging_mixin.py:154} INFO - [2026-06-19T22:01:52.322+0000] {dag.py:2941} INFO - Sync 1 DAGs
[2026-06-19T22:01:52.338+0000] {logging_mixin.py:154} INFO - [2026-06-19T22:01:52.338+0000] {dag.py:3722} INFO - Setting next_dagrun for report_hourly_dag to 2026-06-19T01:58:00+00:00, run_after=2026-06-19T01:59:00+00:00
[2026-06-19T22:01:52.350+0000] {processor.py:179} INFO - Processing /opt/airflow/dags/report_hourly_dag.py took 0.059 seconds
[2026-06-19T22:02:22.586+0000] {processor.py:157} INFO - Started process (PID=6858) to work on /opt/airflow/dags/report_hourly_dag.py
[2026-06-19T22:02:22.591+0000] {processor.py:829} INFO - Processing file /opt/airflow/dags/report_hourly_dag.py for tasks to queue
[2026-06-19T22:02:22.592+0000] {logging_mixin.py:154} INFO - [2026-06-19T22:02:22.591+0000] {dagbag.py:536} INFO - Filling up the DagBag from /opt/airflow/dags/report_hourly_dag.py
[2026-06-19T22:02:22.599+0000] {processor.py:839} INFO - DAG(s) dict_keys(['report_hourly_dag']) retrieved from /opt/airflow/dags/report_hourly_dag.py
[2026-06-19T22:02:22.615+0000] {logging_mixin.py:154} INFO - [2026-06-19T22:02:22.615+0000] {dag.py:2941} INFO - Sync 1 DAGs
[2026-06-19T22:02:22.632+0000] {logging_mixin.py:154} INFO - [2026-06-19T22:02:22.632+0000] {dag.py:3722} INFO - Setting next_dagrun for report_hourly_dag to 2026-06-19T01:58:00+00:00, run_after=2026-06-19T01:59:00+00:00
[2026-06-19T22:02:22.644+0000] {processor.py:179} INFO - Processing /opt/airflow/dags/report_hourly_dag.py took 0.061 seconds
[2026-06-19T22:02:52.896+0000] {processor.py:157} INFO - Started process (PID=6873) to work on /opt/airflow/dags/report_hourly_dag.py
[2026-06-19T22:02:52.897+0000] {processor.py:829} INFO - Processing file /opt/airflow/dags/report_hourly_dag.py for tasks to queue
[2026-06-19T22:02:52.898+0000] {logging_mixin.py:154} INFO - [2026-06-19T22:02:52.898+0000] {dagbag.py:536} INFO - Filling up the DagBag from /opt/airflow/dags/report_hourly_dag.py
[2026-06-19T22:02:52.913+0000] {processor.py:839} INFO - DAG(s) dict_keys(['report_hourly_dag']) retrieved from /opt/airflow/dags/report_hourly_dag.py
[2026-06-19T22:02:52.930+0000] {logging_mixin.py:154} INFO - [2026-06-19T22:02:52.930+0000] {dag.py:2941} INFO - Sync 1 DAGs
[2026-06-19T22:02:52.948+0000] {logging_mixin.py:154} INFO - [2026-06-19T22:02:52.947+0000] {dag.py:3722} INFO - Setting next_dagrun for report_hourly_dag to 2026-06-19T01:58:00+00:00, run_after=2026-06-19T01:59:00+00:00
[2026-06-19T22:02:52.963+0000] {processor.py:179} INFO - Processing /opt/airflow/dags/report_hourly_dag.py took 0.072 seconds
[2026-06-19T22:03:23.192+0000] {processor.py:157} INFO - Started process (PID=6888) to work on /opt/airflow/dags/report_hourly_dag.py
[2026-06-19T22:03:23.194+0000] {processor.py:829} INFO - Processing file /opt/airflow/dags/report_hourly_dag.py for tasks to queue
[2026-06-19T22:03:23.196+0000] {logging_mixin.py:154} INFO - [2026-06-19T22:03:23.195+0000] {dagbag.py:536} INFO - Filling up the DagBag from /opt/airflow/dags/report_hourly_dag.py
[2026-06-19T22:03:23.211+0000] {processor.py:839} INFO - DAG(s) dict_keys(['report_hourly_dag']) retrieved from /opt/airflow/dags/report_hourly_dag.py
[2026-06-19T22:03:23.231+0000] {logging_mixin.py:154} INFO - [2026-06-19T22:03:23.231+0000] {dag.py:2941} INFO - Sync 1 DAGs
[2026-06-19T22:03:23.247+0000] {logging_mixin.py:154} INFO - [2026-06-19T22:03:23.247+0000] {dag.py:3722} INFO - Setting next_dagrun for report_hourly_dag to 2026-06-19T01:58:00+00:00, run_after=2026-06-19T01:59:00+00:00
[2026-06-19T22:03:23.260+0000] {processor.py:179} INFO - Processing /opt/airflow/dags/report_hourly_dag.py took 0.073 seconds
[2026-06-19T22:03:53.501+0000] {processor.py:157} INFO - Started process (PID=6903) to work on /opt/airflow/dags/report_hourly_dag.py
[2026-06-19T22:03:53.502+0000] {processor.py:829} INFO - Processing file /opt/airflow/dags/report_hourly_dag.py for tasks to queue
[2026-06-19T22:03:53.503+0000] {logging_mixin.py:154} INFO - [2026-06-19T22:03:53.503+0000] {dagbag.py:536} INFO - Filling up the DagBag from /opt/airflow/dags/report_hourly_dag.py
[2026-06-19T22:03:53.513+0000] {processor.py:839} INFO - DAG(s) dict_keys(['report_hourly_dag']) retrieved from /opt/airflow/dags/report_hourly_dag.py
[2026-06-19T22:03:53.528+0000] {logging_mixin.py:154} INFO - [2026-06-19T22:03:53.528+0000] {dag.py:2941} INFO - Sync 1 DAGs
[2026-06-19T22:03:53.544+0000] {logging_mixin.py:154} INFO - [2026-06-19T22:03:53.544+0000] {dag.py:3722} INFO - Setting next_dagrun for report_hourly_dag to 2026-06-19T01:58:00+00:00, run_after=2026-06-19T01:59:00+00:00
[2026-06-19T22:03:53.555+0000] {processor.py:179} INFO - Processing /opt/airflow/dags/report_hourly_dag.py took 0.058 seconds
[2026-06-19T22:04:23.788+0000] {processor.py:157} INFO - Started process (PID=6918) to work on /opt/airflow/dags/report_hourly_dag.py
[2026-06-19T22:04:23.793+0000] {processor.py:829} INFO - Processing file /opt/airflow/dags/report_hourly_dag.py for tasks to queue
[2026-06-19T22:04:23.794+0000] {logging_mixin.py:154} INFO - [2026-06-19T22:04:23.794+0000] {dagbag.py:536} INFO - Filling up the DagBag from /opt/airflow/dags/report_hourly_dag.py
[2026-06-19T22:04:23.803+0000] {processor.py:839} INFO - DAG(s) dict_keys(['report_hourly_dag']) retrieved from /opt/airflow/dags/report_hourly_dag.py
[2026-06-19T22:04:23.820+0000] {logging_mixin.py:154} INFO - [2026-06-19T22:04:23.820+0000] {dag.py:2941} INFO - Sync 1 DAGs
[2026-06-19T22:04:23.837+0000] {logging_mixin.py:154} INFO - [2026-06-19T22:04:23.837+0000] {dag.py:3722} INFO - Setting next_dagrun for report_hourly_dag to 2026-06-19T01:58:00+00:00, run_after=2026-06-19T01:59:00+00:00
[2026-06-19T22:04:23.850+0000] {processor.py:179} INFO - Processing /opt/airflow/dags/report_hourly_dag.py took 0.065 seconds
[2026-06-19T22:04:54.085+0000] {processor.py:157} INFO - Started process (PID=6933) to work on /opt/airflow/dags/report_hourly_dag.py
[2026-06-19T22:04:54.085+0000] {processor.py:829} INFO - Processing file /opt/airflow/dags/report_hourly_dag.py for tasks to queue
[2026-06-19T22:04:54.086+0000] {logging_mixin.py:154} INFO - [2026-06-19T22:04:54.086+0000] {dagbag.py:536} INFO - Filling up the DagBag from /opt/airflow/dags/report_hourly_dag.py
[2026-06-19T22:04:54.095+0000] {processor.py:839} INFO - DAG(s) dict_keys(['report_hourly_dag']) retrieved from /opt/airflow/dags/report_hourly_dag.py
[2026-06-19T22:04:54.110+0000] {logging_mixin.py:154} INFO - [2026-06-19T22:04:54.110+0000] {dag.py:2941} INFO - Sync 1 DAGs
[2026-06-19T22:04:54.127+0000] {logging_mixin.py:154} INFO - [2026-06-19T22:04:54.127+0000] {dag.py:3722} INFO - Setting next_dagrun for report_hourly_dag to 2026-06-19T01:58:00+00:00, run_after=2026-06-19T01:59:00+00:00
[2026-06-19T22:04:54.138+0000] {processor.py:179} INFO - Processing /opt/airflow/dags/report_hourly_dag.py took 0.057 seconds
[2026-06-19T22:05:24.359+0000] {processor.py:157} INFO - Started process (PID=6948) to work on /opt/airflow/dags/report_hourly_dag.py
[2026-06-19T22:05:24.363+0000] {processor.py:829} INFO - Processing file /opt/airflow/dags/report_hourly_dag.py for tasks to queue
[2026-06-19T22:05:24.364+0000] {logging_mixin.py:154} INFO - [2026-06-19T22:05:24.363+0000] {dagbag.py:536} INFO - Filling up the DagBag from /opt/airflow/dags/report_hourly_dag.py
[2026-06-19T22:05:24.374+0000] {processor.py:839} INFO - DAG(s) dict_keys(['report_hourly_dag']) retrieved from /opt/airflow/dags/report_hourly_dag.py
[2026-06-19T22:05:24.390+0000] {logging_mixin.py:154} INFO - [2026-06-19T22:05:24.390+0000] {dag.py:2941} INFO - Sync 1 DAGs
[2026-06-19T22:05:24.480+0000] {logging_mixin.py:154} INFO - [2026-06-19T22:05:24.480+0000] {dag.py:3722} INFO - Setting next_dagrun for report_hourly_dag to 2026-06-19T01:58:00+00:00, run_after=2026-06-19T01:59:00+00:00
[2026-06-19T22:05:24.492+0000] {processor.py:179} INFO - Processing /opt/airflow/dags/report_hourly_dag.py took 0.137 seconds
[2026-06-19T22:05:54.615+0000] {processor.py:157} INFO - Started process (PID=6963) to work on /opt/airflow/dags/report_hourly_dag.py
[2026-06-19T22:05:54.615+0000] {processor.py:829} INFO - Processing file /opt/airflow/dags/report_hourly_dag.py for tasks to queue
[2026-06-19T22:05:54.616+0000] {logging_mixin.py:154} INFO - [2026-06-19T22:05:54.615+0000] {dagbag.py:536} INFO - Filling up the DagBag from /opt/airflow/dags/report_hourly_dag.py
[2026-06-19T22:05:54.623+0000] {processor.py:839} INFO - DAG(s) dict_keys(['report_hourly_dag']) retrieved from /opt/airflow/dags/report_hourly_dag.py
[2026-06-19T22:05:54.638+0000] {logging_mixin.py:154} INFO - [2026-06-19T22:05:54.638+0000] {dag.py:2941} INFO - Sync 1 DAGs
[2026-06-19T22:05:54.657+0000] {logging_mixin.py:154} INFO - [2026-06-19T22:05:54.657+0000] {dag.py:3722} INFO - Setting next_dagrun for report_hourly_dag to 2026-06-19T01:58:00+00:00, run_after=2026-06-19T01:59:00+00:00
[2026-06-19T22:05:54.672+0000] {processor.py:179} INFO - Processing /opt/airflow/dags/report_hourly_dag.py took 0.059 seconds
[2026-06-19T22:06:24.900+0000] {processor.py:157} INFO - Started process (PID=6978) to work on /opt/airflow/dags/report_hourly_dag.py
[2026-06-19T22:06:24.901+0000] {processor.py:829} INFO - Processing file /opt/airflow/dags/report_hourly_dag.py for tasks to queue
[2026-06-19T22:06:24.902+0000] {logging_mixin.py:154} INFO - [2026-06-19T22:06:24.901+0000] {dagbag.py:536} INFO - Filling up the DagBag from /opt/airflow/dags/report_hourly_dag.py
[2026-06-19T22:06:24.913+0000] {processor.py:839} INFO - DAG(s) dict_keys(['report_hourly_dag']) retrieved from /opt/airflow/dags/report_hourly_dag.py
[2026-06-19T22:06:24.933+0000] {logging_mixin.py:154} INFO - [2026-06-19T22:06:24.933+0000] {dag.py:2941} INFO - Sync 1 DAGs
[2026-06-19T22:06:24.953+0000] {logging_mixin.py:154} INFO - [2026-06-19T22:06:24.953+0000] {dag.py:3722} INFO - Setting next_dagrun for report_hourly_dag to 2026-06-19T01:58:00+00:00, run_after=2026-06-19T01:59:00+00:00
[2026-06-19T22:06:24.965+0000] {processor.py:179} INFO - Processing /opt/airflow/dags/report_hourly_dag.py took 0.071 seconds
[2026-06-19T22:06:55.189+0000] {processor.py:157} INFO - Started process (PID=6993) to work on /opt/airflow/dags/report_hourly_dag.py
[2026-06-19T22:06:55.190+0000] {processor.py:829} INFO - Processing file /opt/airflow/dags/report_hourly_dag.py for tasks to queue
[2026-06-19T22:06:55.190+0000] {logging_mixin.py:154} INFO - [2026-06-19T22:06:55.190+0000] {dagbag.py:536} INFO - Filling up the DagBag from /opt/airflow/dags/report_hourly_dag.py
[2026-06-19T22:06:55.200+0000] {processor.py:839} INFO - DAG(s) dict_keys(['report_hourly_dag']) retrieved from /opt/airflow/dags/report_hourly_dag.py
[2026-06-19T22:06:55.216+0000] {logging_mixin.py:154} INFO - [2026-06-19T22:06:55.216+0000] {dag.py:2941} INFO - Sync 1 DAGs
[2026-06-19T22:06:55.233+0000] {logging_mixin.py:154} INFO - [2026-06-19T22:06:55.232+0000] {dag.py:3722} INFO - Setting next_dagrun for report_hourly_dag to 2026-06-19T01:58:00+00:00, run_after=2026-06-19T01:59:00+00:00
[2026-06-19T22:06:55.246+0000] {processor.py:179} INFO - Processing /opt/airflow/dags/report_hourly_dag.py took 0.060 seconds
[2026-06-19T22:07:25.476+0000] {processor.py:157} INFO - Started process (PID=7008) to work on /opt/airflow/dags/report_hourly_dag.py
[2026-06-19T22:07:25.478+0000] {processor.py:829} INFO - Processing file /opt/airflow/dags/report_hourly_dag.py for tasks to queue
[2026-06-19T22:07:25.479+0000] {logging_mixin.py:154} INFO - [2026-06-19T22:07:25.479+0000] {dagbag.py:536} INFO - Filling up the DagBag from /opt/airflow/dags/report_hourly_dag.py
[2026-06-19T22:07:25.488+0000] {processor.py:839} INFO - DAG(s) dict_keys(['report_hourly_dag']) retrieved from /opt/airflow/dags/report_hourly_dag.py
[2026-06-19T22:07:25.508+0000] {logging_mixin.py:154} INFO - [2026-06-19T22:07:25.508+0000] {dag.py:2941} INFO - Sync 1 DAGs
[2026-06-19T22:07:25.603+0000] {logging_mixin.py:154} INFO - [2026-06-19T22:07:25.603+0000] {dag.py:3722} INFO - Setting next_dagrun for report_hourly_dag to 2026-06-19T01:58:00+00:00, run_after=2026-06-19T01:59:00+00:00
[2026-06-19T22:07:25.619+0000] {processor.py:179} INFO - Processing /opt/airflow/dags/report_hourly_dag.py took 0.147 seconds
[2026-06-19T22:07:55.916+0000] {processor.py:157} INFO - Started process (PID=7023) to work on /opt/airflow/dags/report_hourly_dag.py
[2026-06-19T22:07:55.917+0000] {processor.py:829} INFO - Processing file /opt/airflow/dags/report_hourly_dag.py for tasks to queue
[2026-06-19T22:07:55.918+0000] {logging_mixin.py:154} INFO - [2026-06-19T22:07:55.917+0000] {dagbag.py:536} INFO - Filling up the DagBag from /opt/airflow/dags/report_hourly_dag.py
[2026-06-19T22:07:55.928+0000] {processor.py:839} INFO - DAG(s) dict_keys(['report_hourly_dag']) retrieved from /opt/airflow/dags/report_hourly_dag.py
[2026-06-19T22:07:55.943+0000] {logging_mixin.py:154} INFO - [2026-06-19T22:07:55.943+0000] {dag.py:2941} INFO - Sync 1 DAGs
[2026-06-19T22:07:55.960+0000] {logging_mixin.py:154} INFO - [2026-06-19T22:07:55.960+0000] {dag.py:3722} INFO - Setting next_dagrun for report_hourly_dag to 2026-06-19T01:58:00+00:00, run_after=2026-06-19T01:59:00+00:00
[2026-06-19T22:07:55.981+0000] {processor.py:179} INFO - Processing /opt/airflow/dags/report_hourly_dag.py took 0.068 seconds
[2026-06-19T22:08:26.222+0000] {processor.py:157} INFO - Started process (PID=7038) to work on /opt/airflow/dags/report_hourly_dag.py
[2026-06-19T22:08:26.226+0000] {processor.py:829} INFO - Processing file /opt/airflow/dags/report_hourly_dag.py for tasks to queue
[2026-06-19T22:08:26.226+0000] {logging_mixin.py:154} INFO - [2026-06-19T22:08:26.226+0000] {dagbag.py:536} INFO - Filling up the DagBag from /opt/airflow/dags/report_hourly_dag.py
[2026-06-19T22:08:26.238+0000] {processor.py:839} INFO - DAG(s) dict_keys(['report_hourly_dag']) retrieved from /opt/airflow/dags/report_hourly_dag.py
[2026-06-19T22:08:26.256+0000] {logging_mixin.py:154} INFO - [2026-06-19T22:08:26.256+0000] {dag.py:2941} INFO - Sync 1 DAGs
[2026-06-19T22:08:26.274+0000] {logging_mixin.py:154} INFO - [2026-06-19T22:08:26.274+0000] {dag.py:3722} INFO - Setting next_dagrun for report_hourly_dag to 2026-06-19T01:58:00+00:00, run_after=2026-06-19T01:59:00+00:00
[2026-06-19T22:08:26.286+0000] {processor.py:179} INFO - Processing /opt/airflow/dags/report_hourly_dag.py took 0.068 seconds
[2026-06-19T22:08:56.517+0000] {processor.py:157} INFO - Started process (PID=7053) to work on /opt/airflow/dags/report_hourly_dag.py
[2026-06-19T22:08:56.518+0000] {processor.py:829} INFO - Processing file /opt/airflow/dags/report_hourly_dag.py for tasks to queue
[2026-06-19T22:08:56.518+0000] {logging_mixin.py:154} INFO - [2026-06-19T22:08:56.518+0000] {dagbag.py:536} INFO - Filling up the DagBag from /opt/airflow/dags/report_hourly_dag.py
[2026-06-19T22:08:56.528+0000] {processor.py:839} INFO - DAG(s) dict_keys(['report_hourly_dag']) retrieved from /opt/airflow/dags/report_hourly_dag.py
[2026-06-19T22:08:56.543+0000] {logging_mixin.py:154} INFO - [2026-06-19T22:08:56.543+0000] {dag.py:2941} INFO - Sync 1 DAGs
[2026-06-19T22:08:56.559+0000] {logging_mixin.py:154} INFO - [2026-06-19T22:08:56.559+0000] {dag.py:3722} INFO - Setting next_dagrun for report_hourly_dag to 2026-06-19T01:58:00+00:00, run_after=2026-06-19T01:59:00+00:00
[2026-06-19T22:08:56.573+0000] {processor.py:179} INFO - Processing /opt/airflow/dags/report_hourly_dag.py took 0.058 seconds
[2026-06-19T22:09:26.786+0000] {processor.py:157} INFO - Started process (PID=7068) to work on /opt/airflow/dags/report_hourly_dag.py
[2026-06-19T22:09:26.787+0000] {processor.py:829} INFO - Processing file /opt/airflow/dags/report_hourly_dag.py for tasks to queue
[2026-06-19T22:09:26.788+0000] {logging_mixin.py:154} INFO - [2026-06-19T22:09:26.788+0000] {dagbag.py:536} INFO - Filling up the DagBag from /opt/airflow/dags/report_hourly_dag.py
[2026-06-19T22:09:26.800+0000] {processor.py:839} INFO - DAG(s) dict_keys(['report_hourly_dag']) retrieved from /opt/airflow/dags/report_hourly_dag.py
[2026-06-19T22:09:26.820+0000] {logging_mixin.py:154} INFO - [2026-06-19T22:09:26.820+0000] {dag.py:2941} INFO - Sync 1 DAGs
[2026-06-19T22:09:26.836+0000] {logging_mixin.py:154} INFO - [2026-06-19T22:09:26.836+0000] {dag.py:3722} INFO - Setting next_dagrun for report_hourly_dag to 2026-06-19T01:58:00+00:00, run_after=2026-06-19T01:59:00+00:00
[2026-06-19T22:09:26.848+0000] {processor.py:179} INFO - Processing /opt/airflow/dags/report_hourly_dag.py took 0.067 seconds
[2026-06-19T22:09:57.086+0000] {processor.py:157} INFO - Started process (PID=7083) to work on /opt/airflow/dags/report_hourly_dag.py
[2026-06-19T22:09:57.087+0000] {processor.py:829} INFO - Processing file /opt/airflow/dags/report_hourly_dag.py for tasks to queue
[2026-06-19T22:09:57.088+0000] {logging_mixin.py:154} INFO - [2026-06-19T22:09:57.087+0000] {dagbag.py:536} INFO - Filling up the DagBag from /opt/airflow/dags/report_hourly_dag.py
[2026-06-19T22:09:57.097+0000] {processor.py:839} INFO - DAG(s) dict_keys(['report_hourly_dag']) retrieved from /opt/airflow/dags/report_hourly_dag.py
[2026-06-19T22:09:57.112+0000] {logging_mixin.py:154} INFO - [2026-06-19T22:09:57.112+0000] {dag.py:2941} INFO - Sync 1 DAGs
[2026-06-19T22:09:57.128+0000] {logging_mixin.py:154} INFO - [2026-06-19T22:09:57.128+0000] {dag.py:3722} INFO - Setting next_dagrun for report_hourly_dag to 2026-06-19T01:58:00+00:00, run_after=2026-06-19T01:59:00+00:00
[2026-06-19T22:09:57.150+0000] {processor.py:179} INFO - Processing /opt/airflow/dags/report_hourly_dag.py took 0.067 seconds
[2026-06-19T22:10:27.366+0000] {processor.py:157} INFO - Started process (PID=7098) to work on /opt/airflow/dags/report_hourly_dag.py
[2026-06-19T22:10:27.370+0000] {processor.py:829} INFO - Processing file /opt/airflow/dags/report_hourly_dag.py for tasks to queue
[2026-06-19T22:10:27.371+0000] {logging_mixin.py:154} INFO - [2026-06-19T22:10:27.371+0000] {dagbag.py:536} INFO - Filling up the DagBag from /opt/airflow/dags/report_hourly_dag.py
[2026-06-19T22:10:27.381+0000] {processor.py:839} INFO - DAG(s) dict_keys(['report_hourly_dag']) retrieved from /opt/airflow/dags/report_hourly_dag.py
[2026-06-19T22:10:27.397+0000] {logging_mixin.py:154} INFO - [2026-06-19T22:10:27.397+0000] {dag.py:2941} INFO - Sync 1 DAGs
[2026-06-19T22:10:27.414+0000] {logging_mixin.py:154} INFO - [2026-06-19T22:10:27.414+0000] {dag.py:3722} INFO - Setting next_dagrun for report_hourly_dag to 2026-06-19T01:58:00+00:00, run_after=2026-06-19T01:59:00+00:00
[2026-06-19T22:10:27.428+0000] {processor.py:179} INFO - Processing /opt/airflow/dags/report_hourly_dag.py took 0.065 seconds
[2026-06-19T22:10:57.662+0000] {processor.py:157} INFO - Started process (PID=7113) to work on /opt/airflow/dags/report_hourly_dag.py
[2026-06-19T22:10:57.664+0000] {processor.py:829} INFO - Processing file /opt/airflow/dags/report_hourly_dag.py for tasks to queue
[2026-06-19T22:10:57.664+0000] {logging_mixin.py:154} INFO - [2026-06-19T22:10:57.664+0000] {dagbag.py:536} INFO - Filling up the DagBag from /opt/airflow/dags/report_hourly_dag.py
[2026-06-19T22:10:57.676+0000] {processor.py:839} INFO - DAG(s) dict_keys(['report_hourly_dag']) retrieved from /opt/airflow/dags/report_hourly_dag.py
[2026-06-19T22:10:57.693+0000] {logging_mixin.py:154} INFO - [2026-06-19T22:10:57.692+0000] {dag.py:2941} INFO - Sync 1 DAGs
[2026-06-19T22:10:57.710+0000] {logging_mixin.py:154} INFO - [2026-06-19T22:10:57.710+0000] {dag.py:3722} INFO - Setting next_dagrun for report_hourly_dag to 2026-06-19T01:58:00+00:00, run_after=2026-06-19T01:59:00+00:00
[2026-06-19T22:10:57.722+0000] {processor.py:179} INFO - Processing /opt/airflow/dags/report_hourly_dag.py took 0.065 seconds
[2026-06-19T22:11:27.955+0000] {processor.py:157} INFO - Started process (PID=7128) to work on /opt/airflow/dags/report_hourly_dag.py
[2026-06-19T22:11:27.956+0000] {processor.py:829} INFO - Processing file /opt/airflow/dags/report_hourly_dag.py for tasks to queue
[2026-06-19T22:11:27.957+0000] {logging_mixin.py:154} INFO - [2026-06-19T22:11:27.956+0000] {dagbag.py:536} INFO - Filling up the DagBag from /opt/airflow/dags/report_hourly_dag.py
[2026-06-19T22:11:27.966+0000] {processor.py:839} INFO - DAG(s) dict_keys(['report_hourly_dag']) retrieved from /opt/airflow/dags/report_hourly_dag.py
[2026-06-19T22:11:27.983+0000] {logging_mixin.py:154} INFO - [2026-06-19T22:11:27.982+0000] {dag.py:2941} INFO - Sync 1 DAGs
[2026-06-19T22:11:28.000+0000] {logging_mixin.py:154} INFO - [2026-06-19T22:11:28.000+0000] {dag.py:3722} INFO - Setting next_dagrun for report_hourly_dag to 2026-06-19T01:58:00+00:00, run_after=2026-06-19T01:59:00+00:00
[2026-06-19T22:11:28.020+0000] {processor.py:179} INFO - Processing /opt/airflow/dags/report_hourly_dag.py took 0.069 seconds
[2026-06-19T22:11:58.245+0000] {processor.py:157} INFO - Started process (PID=7143) to work on /opt/airflow/dags/report_hourly_dag.py
[2026-06-19T22:11:58.246+0000] {processor.py:829} INFO - Processing file /opt/airflow/dags/report_hourly_dag.py for tasks to queue
[2026-06-19T22:11:58.247+0000] {logging_mixin.py:154} INFO - [2026-06-19T22:11:58.247+0000] {dagbag.py:536} INFO - Filling up the DagBag from /opt/airflow/dags/report_hourly_dag.py
[2026-06-19T22:11:58.258+0000] {processor.py:839} INFO - DAG(s) dict_keys(['report_hourly_dag']) retrieved from /opt/airflow/dags/report_hourly_dag.py
[2026-06-19T22:11:58.275+0000] {logging_mixin.py:154} INFO - [2026-06-19T22:11:58.274+0000] {dag.py:2941} INFO - Sync 1 DAGs
[2026-06-19T22:11:58.292+0000] {logging_mixin.py:154} INFO - [2026-06-19T22:11:58.291+0000] {dag.py:3722} INFO - Setting next_dagrun for report_hourly_dag to 2026-06-19T01:58:00+00:00, run_after=2026-06-19T01:59:00+00:00
[2026-06-19T22:11:58.304+0000] {processor.py:179} INFO - Processing /opt/airflow/dags/report_hourly_dag.py took 0.063 seconds
[2026-06-19T22:12:28.569+0000] {processor.py:157} INFO - Started process (PID=7158) to work on /opt/airflow/dags/report_hourly_dag.py
[2026-06-19T22:12:28.573+0000] {processor.py:829} INFO - Processing file /opt/airflow/dags/report_hourly_dag.py for tasks to queue
[2026-06-19T22:12:28.574+0000] {logging_mixin.py:154} INFO - [2026-06-19T22:12:28.573+0000] {dagbag.py:536} INFO - Filling up the DagBag from /opt/airflow/dags/report_hourly_dag.py
[2026-06-19T22:12:28.585+0000] {processor.py:839} INFO - DAG(s) dict_keys(['report_hourly_dag']) retrieved from /opt/airflow/dags/report_hourly_dag.py
[2026-06-19T22:12:28.603+0000] {logging_mixin.py:154} INFO - [2026-06-19T22:12:28.602+0000] {dag.py:2941} INFO - Sync 1 DAGs
[2026-06-19T22:12:28.619+0000] {logging_mixin.py:154} INFO - [2026-06-19T22:12:28.619+0000] {dag.py:3722} INFO - Setting next_dagrun for report_hourly_dag to 2026-06-19T01:58:00+00:00, run_after=2026-06-19T01:59:00+00:00
[2026-06-19T22:12:28.633+0000] {processor.py:179} INFO - Processing /opt/airflow/dags/report_hourly_dag.py took 0.068 seconds
[2026-06-19T22:12:58.878+0000] {processor.py:157} INFO - Started process (PID=7173) to work on /opt/airflow/dags/report_hourly_dag.py
[2026-06-19T22:12:58.878+0000] {processor.py:829} INFO - Processing file /opt/airflow/dags/report_hourly_dag.py for tasks to queue
[2026-06-19T22:12:58.879+0000] {logging_mixin.py:154} INFO - [2026-06-19T22:12:58.879+0000] {dagbag.py:536} INFO - Filling up the DagBag from /opt/airflow/dags/report_hourly_dag.py
[2026-06-19T22:12:58.889+0000] {processor.py:839} INFO - DAG(s) dict_keys(['report_hourly_dag']) retrieved from /opt/airflow/dags/report_hourly_dag.py
[2026-06-19T22:12:58.904+0000] {logging_mixin.py:154} INFO - [2026-06-19T22:12:58.904+0000] {dag.py:2941} INFO - Sync 1 DAGs
[2026-06-19T22:12:58.920+0000] {logging_mixin.py:154} INFO - [2026-06-19T22:12:58.920+0000] {dag.py:3722} INFO - Setting next_dagrun for report_hourly_dag to 2026-06-19T01:58:00+00:00, run_after=2026-06-19T01:59:00+00:00
[2026-06-19T22:12:58.940+0000] {processor.py:179} INFO - Processing /opt/airflow/dags/report_hourly_dag.py took 0.067 seconds
[2026-06-19T22:13:29.157+0000] {processor.py:157} INFO - Started process (PID=7188) to work on /opt/airflow/dags/report_hourly_dag.py
[2026-06-19T22:13:29.160+0000] {processor.py:829} INFO - Processing file /opt/airflow/dags/report_hourly_dag.py for tasks to queue
[2026-06-19T22:13:29.161+0000] {logging_mixin.py:154} INFO - [2026-06-19T22:13:29.161+0000] {dagbag.py:536} INFO - Filling up the DagBag from /opt/airflow/dags/report_hourly_dag.py
[2026-06-19T22:13:29.171+0000] {processor.py:839} INFO - DAG(s) dict_keys(['report_hourly_dag']) retrieved from /opt/airflow/dags/report_hourly_dag.py
[2026-06-19T22:13:29.187+0000] {logging_mixin.py:154} INFO - [2026-06-19T22:13:29.187+0000] {dag.py:2941} INFO - Sync 1 DAGs
[2026-06-19T22:13:29.204+0000] {logging_mixin.py:154} INFO - [2026-06-19T22:13:29.204+0000] {dag.py:3722} INFO - Setting next_dagrun for report_hourly_dag to 2026-06-19T01:58:00+00:00, run_after=2026-06-19T01:59:00+00:00
[2026-06-19T22:13:29.217+0000] {processor.py:179} INFO - Processing /opt/airflow/dags/report_hourly_dag.py took 0.064 seconds
[2026-06-19T22:13:59.442+0000] {processor.py:157} INFO - Started process (PID=7203) to work on /opt/airflow/dags/report_hourly_dag.py
[2026-06-19T22:13:59.443+0000] {processor.py:829} INFO - Processing file /opt/airflow/dags/report_hourly_dag.py for tasks to queue
[2026-06-19T22:13:59.444+0000] {logging_mixin.py:154} INFO - [2026-06-19T22:13:59.443+0000] {dagbag.py:536} INFO - Filling up the DagBag from /opt/airflow/dags/report_hourly_dag.py
[2026-06-19T22:13:59.454+0000] {processor.py:839} INFO - DAG(s) dict_keys(['report_hourly_dag']) retrieved from /opt/airflow/dags/report_hourly_dag.py
[2026-06-19T22:13:59.473+0000] {logging_mixin.py:154} INFO - [2026-06-19T22:13:59.472+0000] {dag.py:2941} INFO - Sync 1 DAGs
[2026-06-19T22:13:59.495+0000] {logging_mixin.py:154} INFO - [2026-06-19T22:13:59.495+0000] {dag.py:3722} INFO - Setting next_dagrun for report_hourly_dag to 2026-06-19T01:58:00+00:00, run_after=2026-06-19T01:59:00+00:00
[2026-06-19T22:13:59.516+0000] {processor.py:179} INFO - Processing /opt/airflow/dags/report_hourly_dag.py took 0.078 seconds
[2026-06-19T22:14:29.745+0000] {processor.py:157} INFO - Started process (PID=7218) to work on /opt/airflow/dags/report_hourly_dag.py
[2026-06-19T22:14:29.749+0000] {processor.py:829} INFO - Processing file /opt/airflow/dags/report_hourly_dag.py for tasks to queue
[2026-06-19T22:14:29.749+0000] {logging_mixin.py:154} INFO - [2026-06-19T22:14:29.749+0000] {dagbag.py:536} INFO - Filling up the DagBag from /opt/airflow/dags/report_hourly_dag.py
[2026-06-19T22:14:29.761+0000] {processor.py:839} INFO - DAG(s) dict_keys(['report_hourly_dag']) retrieved from /opt/airflow/dags/report_hourly_dag.py
[2026-06-19T22:14:29.780+0000] {logging_mixin.py:154} INFO - [2026-06-19T22:14:29.780+0000] {dag.py:2941} INFO - Sync 1 DAGs
[2026-06-19T22:14:29.798+0000] {logging_mixin.py:154} INFO - [2026-06-19T22:14:29.798+0000] {dag.py:3722} INFO - Setting next_dagrun for report_hourly_dag to 2026-06-19T01:58:00+00:00, run_after=2026-06-19T01:59:00+00:00
[2026-06-19T22:14:29.811+0000] {processor.py:179} INFO - Processing /opt/airflow/dags/report_hourly_dag.py took 0.070 seconds
[2026-06-19T22:15:00.048+0000] {processor.py:157} INFO - Started process (PID=7233) to work on /opt/airflow/dags/report_hourly_dag.py
[2026-06-19T22:15:00.049+0000] {processor.py:829} INFO - Processing file /opt/airflow/dags/report_hourly_dag.py for tasks to queue
[2026-06-19T22:15:00.050+0000] {logging_mixin.py:154} INFO - [2026-06-19T22:15:00.049+0000] {dagbag.py:536} INFO - Filling up the DagBag from /opt/airflow/dags/report_hourly_dag.py
[2026-06-19T22:15:00.060+0000] {processor.py:839} INFO - DAG(s) dict_keys(['report_hourly_dag']) retrieved from /opt/airflow/dags/report_hourly_dag.py
[2026-06-19T22:15:00.079+0000] {logging_mixin.py:154} INFO - [2026-06-19T22:15:00.079+0000] {dag.py:2941} INFO - Sync 1 DAGs
[2026-06-19T22:15:00.099+0000] {logging_mixin.py:154} INFO - [2026-06-19T22:15:00.098+0000] {dag.py:3722} INFO - Setting next_dagrun for report_hourly_dag to 2026-06-19T01:58:00+00:00, run_after=2026-06-19T01:59:00+00:00
[2026-06-19T22:15:00.115+0000] {processor.py:179} INFO - Processing /opt/airflow/dags/report_hourly_dag.py took 0.071 seconds
[2026-06-19T22:15:30.323+0000] {processor.py:157} INFO - Started process (PID=7248) to work on /opt/airflow/dags/report_hourly_dag.py
[2026-06-19T22:15:30.325+0000] {processor.py:829} INFO - Processing file /opt/airflow/dags/report_hourly_dag.py for tasks to queue
[2026-06-19T22:15:30.326+0000] {logging_mixin.py:154} INFO - [2026-06-19T22:15:30.325+0000] {dagbag.py:536} INFO - Filling up the DagBag from /opt/airflow/dags/report_hourly_dag.py
[2026-06-19T22:15:30.341+0000] {processor.py:839} INFO - DAG(s) dict_keys(['report_hourly_dag']) retrieved from /opt/airflow/dags/report_hourly_dag.py
[2026-06-19T22:15:30.360+0000] {logging_mixin.py:154} INFO - [2026-06-19T22:15:30.359+0000] {dag.py:2941} INFO - Sync 1 DAGs
[2026-06-19T22:15:30.376+0000] {logging_mixin.py:154} INFO - [2026-06-19T22:15:30.376+0000] {dag.py:3722} INFO - Setting next_dagrun for report_hourly_dag to 2026-06-19T01:58:00+00:00, run_after=2026-06-19T01:59:00+00:00
[2026-06-19T22:15:30.387+0000] {processor.py:179} INFO - Processing /opt/airflow/dags/report_hourly_dag.py took 0.070 seconds
[2026-06-19T22:16:00.626+0000] {processor.py:157} INFO - Started process (PID=7263) to work on /opt/airflow/dags/report_hourly_dag.py
[2026-06-19T22:16:00.626+0000] {processor.py:829} INFO - Processing file /opt/airflow/dags/report_hourly_dag.py for tasks to queue
[2026-06-19T22:16:00.627+0000] {logging_mixin.py:154} INFO - [2026-06-19T22:16:00.627+0000] {dagbag.py:536} INFO - Filling up the DagBag from /opt/airflow/dags/report_hourly_dag.py
[2026-06-19T22:16:00.637+0000] {processor.py:839} INFO - DAG(s) dict_keys(['report_hourly_dag']) retrieved from /opt/airflow/dags/report_hourly_dag.py
[2026-06-19T22:16:00.653+0000] {logging_mixin.py:154} INFO - [2026-06-19T22:16:00.652+0000] {dag.py:2941} INFO - Sync 1 DAGs
[2026-06-19T22:16:00.669+0000] {logging_mixin.py:154} INFO - [2026-06-19T22:16:00.669+0000] {dag.py:3722} INFO - Setting next_dagrun for report_hourly_dag to 2026-06-19T01:58:00+00:00, run_after=2026-06-19T01:59:00+00:00
[2026-06-19T22:16:00.682+0000] {processor.py:179} INFO - Processing /opt/airflow/dags/report_hourly_dag.py took 0.060 seconds
[2026-06-19T22:16:30.918+0000] {processor.py:157} INFO - Started process (PID=7278) to work on /opt/airflow/dags/report_hourly_dag.py
[2026-06-19T22:16:30.919+0000] {processor.py:829} INFO - Processing file /opt/airflow/dags/report_hourly_dag.py for tasks to queue
[2026-06-19T22:16:30.921+0000] {logging_mixin.py:154} INFO - [2026-06-19T22:16:30.920+0000] {dagbag.py:536} INFO - Filling up the DagBag from /opt/airflow/dags/report_hourly_dag.py
[2026-06-19T22:16:30.936+0000] {processor.py:839} INFO - DAG(s) dict_keys(['report_hourly_dag']) retrieved from /opt/airflow/dags/report_hourly_dag.py
[2026-06-19T22:16:30.954+0000] {logging_mixin.py:154} INFO - [2026-06-19T22:16:30.954+0000] {dag.py:2941} INFO - Sync 1 DAGs
[2026-06-19T22:16:30.970+0000] {logging_mixin.py:154} INFO - [2026-06-19T22:16:30.970+0000] {dag.py:3722} INFO - Setting next_dagrun for report_hourly_dag to 2026-06-19T01:58:00+00:00, run_after=2026-06-19T01:59:00+00:00
[2026-06-19T22:16:30.981+0000] {processor.py:179} INFO - Processing /opt/airflow/dags/report_hourly_dag.py took 0.070 seconds
[2026-06-19T22:17:01.220+0000] {processor.py:157} INFO - Started process (PID=7293) to work on /opt/airflow/dags/report_hourly_dag.py
[2026-06-19T22:17:01.221+0000] {processor.py:829} INFO - Processing file /opt/airflow/dags/report_hourly_dag.py for tasks to queue
[2026-06-19T22:17:01.222+0000] {logging_mixin.py:154} INFO - [2026-06-19T22:17:01.222+0000] {dagbag.py:536} INFO - Filling up the DagBag from /opt/airflow/dags/report_hourly_dag.py
[2026-06-19T22:17:01.231+0000] {processor.py:839} INFO - DAG(s) dict_keys(['report_hourly_dag']) retrieved from /opt/airflow/dags/report_hourly_dag.py
[2026-06-19T22:17:01.246+0000] {logging_mixin.py:154} INFO - [2026-06-19T22:17:01.246+0000] {dag.py:2941} INFO - Sync 1 DAGs
[2026-06-19T22:17:01.262+0000] {logging_mixin.py:154} INFO - [2026-06-19T22:17:01.262+0000] {dag.py:3722} INFO - Setting next_dagrun for report_hourly_dag to 2026-06-19T01:58:00+00:00, run_after=2026-06-19T01:59:00+00:00
[2026-06-19T22:17:01.275+0000] {processor.py:179} INFO - Processing /opt/airflow/dags/report_hourly_dag.py took 0.058 seconds
[2026-06-19T22:17:31.502+0000] {processor.py:157} INFO - Started process (PID=7308) to work on /opt/airflow/dags/report_hourly_dag.py
[2026-06-19T22:17:31.505+0000] {processor.py:829} INFO - Processing file /opt/airflow/dags/report_hourly_dag.py for tasks to queue
[2026-06-19T22:17:31.505+0000] {logging_mixin.py:154} INFO - [2026-06-19T22:17:31.505+0000] {dagbag.py:536} INFO - Filling up the DagBag from /opt/airflow/dags/report_hourly_dag.py
[2026-06-19T22:17:31.515+0000] {processor.py:839} INFO - DAG(s) dict_keys(['report_hourly_dag']) retrieved from /opt/airflow/dags/report_hourly_dag.py
[2026-06-19T22:17:31.531+0000] {logging_mixin.py:154} INFO - [2026-06-19T22:17:31.531+0000] {dag.py:2941} INFO - Sync 1 DAGs
[2026-06-19T22:17:31.550+0000] {logging_mixin.py:154} INFO - [2026-06-19T22:17:31.550+0000] {dag.py:3722} INFO - Setting next_dagrun for report_hourly_dag to 2026-06-19T01:58:00+00:00, run_after=2026-06-19T01:59:00+00:00
[2026-06-19T22:17:31.562+0000] {processor.py:179} INFO - Processing /opt/airflow/dags/report_hourly_dag.py took 0.064 seconds
[2026-06-19T22:18:01.797+0000] {processor.py:157} INFO - Started process (PID=7323) to work on /opt/airflow/dags/report_hourly_dag.py
[2026-06-19T22:18:01.798+0000] {processor.py:829} INFO - Processing file /opt/airflow/dags/report_hourly_dag.py for tasks to queue
[2026-06-19T22:18:01.799+0000] {logging_mixin.py:154} INFO - [2026-06-19T22:18:01.798+0000] {dagbag.py:536} INFO - Filling up the DagBag from /opt/airflow/dags/report_hourly_dag.py
[2026-06-19T22:18:01.812+0000] {processor.py:839} INFO - DAG(s) dict_keys(['report_hourly_dag']) retrieved from /opt/airflow/dags/report_hourly_dag.py
[2026-06-19T22:18:01.827+0000] {logging_mixin.py:154} INFO - [2026-06-19T22:18:01.827+0000] {dag.py:2941} INFO - Sync 1 DAGs
[2026-06-19T22:18:01.843+0000] {logging_mixin.py:154} INFO - [2026-06-19T22:18:01.843+0000] {dag.py:3722} INFO - Setting next_dagrun for report_hourly_dag to 2026-06-19T01:58:00+00:00, run_after=2026-06-19T01:59:00+00:00
[2026-06-19T22:18:01.855+0000] {processor.py:179} INFO - Processing /opt/airflow/dags/report_hourly_dag.py took 0.064 seconds
[2026-06-19T22:18:32.087+0000] {processor.py:157} INFO - Started process (PID=7338) to work on /opt/airflow/dags/report_hourly_dag.py
[2026-06-19T22:18:32.090+0000] {processor.py:829} INFO - Processing file /opt/airflow/dags/report_hourly_dag.py for tasks to queue
[2026-06-19T22:18:32.090+0000] {logging_mixin.py:154} INFO - [2026-06-19T22:18:32.090+0000] {dagbag.py:536} INFO - Filling up the DagBag from /opt/airflow/dags/report_hourly_dag.py
[2026-06-19T22:18:32.103+0000] {processor.py:839} INFO - DAG(s) dict_keys(['report_hourly_dag']) retrieved from /opt/airflow/dags/report_hourly_dag.py
[2026-06-19T22:18:32.120+0000] {logging_mixin.py:154} INFO - [2026-06-19T22:18:32.120+0000] {dag.py:2941} INFO - Sync 1 DAGs
[2026-06-19T22:18:32.139+0000] {logging_mixin.py:154} INFO - [2026-06-19T22:18:32.139+0000] {dag.py:3722} INFO - Setting next_dagrun for report_hourly_dag to 2026-06-19T01:58:00+00:00, run_after=2026-06-19T01:59:00+00:00
[2026-06-19T22:18:32.152+0000] {processor.py:179} INFO - Processing /opt/airflow/dags/report_hourly_dag.py took 0.069 seconds
[2026-06-19T22:19:02.386+0000] {processor.py:157} INFO - Started process (PID=7353) to work on /opt/airflow/dags/report_hourly_dag.py
[2026-06-19T22:19:02.388+0000] {processor.py:829} INFO - Processing file /opt/airflow/dags/report_hourly_dag.py for tasks to queue
[2026-06-19T22:19:02.389+0000] {logging_mixin.py:154} INFO - [2026-06-19T22:19:02.389+0000] {dagbag.py:536} INFO - Filling up the DagBag from /opt/airflow/dags/report_hourly_dag.py
[2026-06-19T22:19:02.399+0000] {processor.py:839} INFO - DAG(s) dict_keys(['report_hourly_dag']) retrieved from /opt/airflow/dags/report_hourly_dag.py
[2026-06-19T22:19:02.415+0000] {logging_mixin.py:154} INFO - [2026-06-19T22:19:02.415+0000] {dag.py:2941} INFO - Sync 1 DAGs
[2026-06-19T22:19:02.433+0000] {logging_mixin.py:154} INFO - [2026-06-19T22:19:02.432+0000] {dag.py:3722} INFO - Setting next_dagrun for report_hourly_dag to 2026-06-19T01:58:00+00:00, run_after=2026-06-19T01:59:00+00:00
[2026-06-19T22:19:02.452+0000] {processor.py:179} INFO - Processing /opt/airflow/dags/report_hourly_dag.py took 0.070 seconds
[2026-06-19T22:19:32.678+0000] {processor.py:157} INFO - Started process (PID=7368) to work on /opt/airflow/dags/report_hourly_dag.py
[2026-06-19T22:19:32.678+0000] {processor.py:829} INFO - Processing file /opt/airflow/dags/report_hourly_dag.py for tasks to queue
[2026-06-19T22:19:32.679+0000] {logging_mixin.py:154} INFO - [2026-06-19T22:19:32.679+0000] {dagbag.py:536} INFO - Filling up the DagBag from /opt/airflow/dags/report_hourly_dag.py
[2026-06-19T22:19:32.689+0000] {processor.py:839} INFO - DAG(s) dict_keys(['report_hourly_dag']) retrieved from /opt/airflow/dags/report_hourly_dag.py
[2026-06-19T22:19:32.708+0000] {logging_mixin.py:154} INFO - [2026-06-19T22:19:32.708+0000] {dag.py:2941} INFO - Sync 1 DAGs
[2026-06-19T22:19:32.730+0000] {logging_mixin.py:154} INFO - [2026-06-19T22:19:32.730+0000] {dag.py:3722} INFO - Setting next_dagrun for report_hourly_dag to 2026-06-19T01:58:00+00:00, run_after=2026-06-19T01:59:00+00:00
[2026-06-19T22:19:32.745+0000] {processor.py:179} INFO - Processing /opt/airflow/dags/report_hourly_dag.py took 0.071 seconds
[2026-06-19T22:20:02.967+0000] {processor.py:157} INFO - Started process (PID=7383) to work on /opt/airflow/dags/report_hourly_dag.py
[2026-06-19T22:20:02.971+0000] {processor.py:829} INFO - Processing file /opt/airflow/dags/report_hourly_dag.py for tasks to queue
[2026-06-19T22:20:02.973+0000] {logging_mixin.py:154} INFO - [2026-06-19T22:20:02.972+0000] {dagbag.py:536} INFO - Filling up the DagBag from /opt/airflow/dags/report_hourly_dag.py
[2026-06-19T22:20:02.987+0000] {processor.py:839} INFO - DAG(s) dict_keys(['report_hourly_dag']) retrieved from /opt/airflow/dags/report_hourly_dag.py
[2026-06-19T22:20:03.006+0000] {logging_mixin.py:154} INFO - [2026-06-19T22:20:03.006+0000] {dag.py:2941} INFO - Sync 1 DAGs
[2026-06-19T22:20:03.023+0000] {logging_mixin.py:154} INFO - [2026-06-19T22:20:03.023+0000] {dag.py:3722} INFO - Setting next_dagrun for report_hourly_dag to 2026-06-19T01:58:00+00:00, run_after=2026-06-19T01:59:00+00:00
[2026-06-19T22:20:03.037+0000] {processor.py:179} INFO - Processing /opt/airflow/dags/report_hourly_dag.py took 0.073 seconds
[2026-06-19T22:20:33.274+0000] {processor.py:157} INFO - Started process (PID=7398) to work on /opt/airflow/dags/report_hourly_dag.py
[2026-06-19T22:20:33.275+0000] {processor.py:829} INFO - Processing file /opt/airflow/dags/report_hourly_dag.py for tasks to queue
[2026-06-19T22:20:33.276+0000] {logging_mixin.py:154} INFO - [2026-06-19T22:20:33.276+0000] {dagbag.py:536} INFO - Filling up the DagBag from /opt/airflow/dags/report_hourly_dag.py
[2026-06-19T22:20:33.286+0000] {processor.py:839} INFO - DAG(s) dict_keys(['report_hourly_dag']) retrieved from /opt/airflow/dags/report_hourly_dag.py
[2026-06-19T22:20:33.302+0000] {logging_mixin.py:154} INFO - [2026-06-19T22:20:33.302+0000] {dag.py:2941} INFO - Sync 1 DAGs
[2026-06-19T22:20:33.319+0000] {logging_mixin.py:154} INFO - [2026-06-19T22:20:33.319+0000] {dag.py:3722} INFO - Setting next_dagrun for report_hourly_dag to 2026-06-19T01:58:00+00:00, run_after=2026-06-19T01:59:00+00:00
[2026-06-19T22:20:33.331+0000] {processor.py:179} INFO - Processing /opt/airflow/dags/report_hourly_dag.py took 0.061 seconds
[2026-06-19T22:21:03.555+0000] {processor.py:157} INFO - Started process (PID=7413) to work on /opt/airflow/dags/report_hourly_dag.py
[2026-06-19T22:21:03.558+0000] {processor.py:829} INFO - Processing file /opt/airflow/dags/report_hourly_dag.py for tasks to queue
[2026-06-19T22:21:03.559+0000] {logging_mixin.py:154} INFO - [2026-06-19T22:21:03.559+0000] {dagbag.py:536} INFO - Filling up the DagBag from /opt/airflow/dags/report_hourly_dag.py
[2026-06-19T22:21:03.572+0000] {processor.py:839} INFO - DAG(s) dict_keys(['report_hourly_dag']) retrieved from /opt/airflow/dags/report_hourly_dag.py
[2026-06-19T22:21:03.588+0000] {logging_mixin.py:154} INFO - [2026-06-19T22:21:03.588+0000] {dag.py:2941} INFO - Sync 1 DAGs
[2026-06-19T22:21:03.605+0000] {logging_mixin.py:154} INFO - [2026-06-19T22:21:03.605+0000] {dag.py:3722} INFO - Setting next_dagrun for report_hourly_dag to 2026-06-19T01:58:00+00:00, run_after=2026-06-19T01:59:00+00:00
[2026-06-19T22:21:03.617+0000] {processor.py:179} INFO - Processing /opt/airflow/dags/report_hourly_dag.py took 0.066 seconds
[2026-06-19T22:21:33.841+0000] {processor.py:157} INFO - Started process (PID=7428) to work on /opt/airflow/dags/report_hourly_dag.py
[2026-06-19T22:21:33.842+0000] {processor.py:829} INFO - Processing file /opt/airflow/dags/report_hourly_dag.py for tasks to queue
[2026-06-19T22:21:33.843+0000] {logging_mixin.py:154} INFO - [2026-06-19T22:21:33.843+0000] {dagbag.py:536} INFO - Filling up the DagBag from /opt/airflow/dags/report_hourly_dag.py
[2026-06-19T22:21:33.852+0000] {processor.py:839} INFO - DAG(s) dict_keys(['report_hourly_dag']) retrieved from /opt/airflow/dags/report_hourly_dag.py
[2026-06-19T22:21:33.867+0000] {logging_mixin.py:154} INFO - [2026-06-19T22:21:33.867+0000] {dag.py:2941} INFO - Sync 1 DAGs
[2026-06-19T22:21:33.883+0000] {logging_mixin.py:154} INFO - [2026-06-19T22:21:33.883+0000] {dag.py:3722} INFO - Setting next_dagrun for report_hourly_dag to 2026-06-19T01:58:00+00:00, run_after=2026-06-19T01:59:00+00:00
[2026-06-19T22:21:33.899+0000] {processor.py:179} INFO - Processing /opt/airflow/dags/report_hourly_dag.py took 0.061 seconds
[2026-06-19T22:22:04.136+0000] {processor.py:157} INFO - Started process (PID=7443) to work on /opt/airflow/dags/report_hourly_dag.py
[2026-06-19T22:22:04.139+0000] {processor.py:829} INFO - Processing file /opt/airflow/dags/report_hourly_dag.py for tasks to queue
[2026-06-19T22:22:04.140+0000] {logging_mixin.py:154} INFO - [2026-06-19T22:22:04.139+0000] {dagbag.py:536} INFO - Filling up the DagBag from /opt/airflow/dags/report_hourly_dag.py
[2026-06-19T22:22:04.149+0000] {processor.py:839} INFO - DAG(s) dict_keys(['report_hourly_dag']) retrieved from /opt/airflow/dags/report_hourly_dag.py
[2026-06-19T22:22:04.165+0000] {logging_mixin.py:154} INFO - [2026-06-19T22:22:04.165+0000] {dag.py:2941} INFO - Sync 1 DAGs
[2026-06-19T22:22:04.183+0000] {logging_mixin.py:154} INFO - [2026-06-19T22:22:04.183+0000] {dag.py:3722} INFO - Setting next_dagrun for report_hourly_dag to 2026-06-19T01:58:00+00:00, run_after=2026-06-19T01:59:00+00:00
[2026-06-19T22:22:04.196+0000] {processor.py:179} INFO - Processing /opt/airflow/dags/report_hourly_dag.py took 0.063 seconds
[2026-06-19T22:22:34.455+0000] {processor.py:157} INFO - Started process (PID=7458) to work on /opt/airflow/dags/report_hourly_dag.py
[2026-06-19T22:22:34.455+0000] {processor.py:829} INFO - Processing file /opt/airflow/dags/report_hourly_dag.py for tasks to queue
[2026-06-19T22:22:34.456+0000] {logging_mixin.py:154} INFO - [2026-06-19T22:22:34.456+0000] {dagbag.py:536} INFO - Filling up the DagBag from /opt/airflow/dags/report_hourly_dag.py
[2026-06-19T22:22:34.466+0000] {processor.py:839} INFO - DAG(s) dict_keys(['report_hourly_dag']) retrieved from /opt/airflow/dags/report_hourly_dag.py
[2026-06-19T22:22:34.481+0000] {logging_mixin.py:154} INFO - [2026-06-19T22:22:34.481+0000] {dag.py:2941} INFO - Sync 1 DAGs
[2026-06-19T22:22:34.497+0000] {logging_mixin.py:154} INFO - [2026-06-19T22:22:34.497+0000] {dag.py:3722} INFO - Setting next_dagrun for report_hourly_dag to 2026-06-19T01:58:00+00:00, run_after=2026-06-19T01:59:00+00:00
[2026-06-19T22:22:34.509+0000] {processor.py:179} INFO - Processing /opt/airflow/dags/report_hourly_dag.py took 0.059 seconds
[2026-06-19T22:23:04.722+0000] {processor.py:157} INFO - Started process (PID=7473) to work on /opt/airflow/dags/report_hourly_dag.py
[2026-06-19T22:23:04.725+0000] {processor.py:829} INFO - Processing file /opt/airflow/dags/report_hourly_dag.py for tasks to queue
[2026-06-19T22:23:04.726+0000] {logging_mixin.py:154} INFO - [2026-06-19T22:23:04.725+0000] {dagbag.py:536} INFO - Filling up the DagBag from /opt/airflow/dags/report_hourly_dag.py
[2026-06-19T22:23:04.740+0000] {processor.py:839} INFO - DAG(s) dict_keys(['report_hourly_dag']) retrieved from /opt/airflow/dags/report_hourly_dag.py
[2026-06-19T22:23:04.761+0000] {logging_mixin.py:154} INFO - [2026-06-19T22:23:04.761+0000] {dag.py:2941} INFO - Sync 1 DAGs
[2026-06-19T22:23:04.778+0000] {logging_mixin.py:154} INFO - [2026-06-19T22:23:04.777+0000] {dag.py:3722} INFO - Setting next_dagrun for report_hourly_dag to 2026-06-19T01:58:00+00:00, run_after=2026-06-19T01:59:00+00:00
[2026-06-19T22:23:04.789+0000] {processor.py:179} INFO - Processing /opt/airflow/dags/report_hourly_dag.py took 0.072 seconds
[2026-06-19T22:23:35.017+0000] {processor.py:157} INFO - Started process (PID=7488) to work on /opt/airflow/dags/report_hourly_dag.py
[2026-06-19T22:23:35.018+0000] {processor.py:829} INFO - Processing file /opt/airflow/dags/report_hourly_dag.py for tasks to queue
[2026-06-19T22:23:35.019+0000] {logging_mixin.py:154} INFO - [2026-06-19T22:23:35.018+0000] {dagbag.py:536} INFO - Filling up the DagBag from /opt/airflow/dags/report_hourly_dag.py
[2026-06-19T22:23:35.029+0000] {processor.py:839} INFO - DAG(s) dict_keys(['report_hourly_dag']) retrieved from /opt/airflow/dags/report_hourly_dag.py
[2026-06-19T22:23:35.045+0000] {logging_mixin.py:154} INFO - [2026-06-19T22:23:35.045+0000] {dag.py:2941} INFO - Sync 1 DAGs
[2026-06-19T22:23:35.063+0000] {logging_mixin.py:154} INFO - [2026-06-19T22:23:35.063+0000] {dag.py:3722} INFO - Setting next_dagrun for report_hourly_dag to 2026-06-19T01:58:00+00:00, run_after=2026-06-19T01:59:00+00:00
[2026-06-19T22:23:35.077+0000] {processor.py:179} INFO - Processing /opt/airflow/dags/report_hourly_dag.py took 0.065 seconds
[2026-06-19T22:24:05.327+0000] {processor.py:157} INFO - Started process (PID=7503) to work on /opt/airflow/dags/report_hourly_dag.py
[2026-06-19T22:24:05.330+0000] {processor.py:829} INFO - Processing file /opt/airflow/dags/report_hourly_dag.py for tasks to queue
[2026-06-19T22:24:05.331+0000] {logging_mixin.py:154} INFO - [2026-06-19T22:24:05.331+0000] {dagbag.py:536} INFO - Filling up the DagBag from /opt/airflow/dags/report_hourly_dag.py
[2026-06-19T22:24:05.341+0000] {processor.py:839} INFO - DAG(s) dict_keys(['report_hourly_dag']) retrieved from /opt/airflow/dags/report_hourly_dag.py
[2026-06-19T22:24:05.360+0000] {logging_mixin.py:154} INFO - [2026-06-19T22:24:05.360+0000] {dag.py:2941} INFO - Sync 1 DAGs
[2026-06-19T22:24:05.376+0000] {logging_mixin.py:154} INFO - [2026-06-19T22:24:05.376+0000] {dag.py:3722} INFO - Setting next_dagrun for report_hourly_dag to 2026-06-19T01:58:00+00:00, run_after=2026-06-19T01:59:00+00:00
[2026-06-19T22:24:05.392+0000] {processor.py:179} INFO - Processing /opt/airflow/dags/report_hourly_dag.py took 0.070 seconds
[2026-06-19T22:24:35.629+0000] {processor.py:157} INFO - Started process (PID=7518) to work on /opt/airflow/dags/report_hourly_dag.py
[2026-06-19T22:24:35.631+0000] {processor.py:829} INFO - Processing file /opt/airflow/dags/report_hourly_dag.py for tasks to queue
[2026-06-19T22:24:35.632+0000] {logging_mixin.py:154} INFO - [2026-06-19T22:24:35.632+0000] {dagbag.py:536} INFO - Filling up the DagBag from /opt/airflow/dags/report_hourly_dag.py
[2026-06-19T22:24:35.647+0000] {processor.py:839} INFO - DAG(s) dict_keys(['report_hourly_dag']) retrieved from /opt/airflow/dags/report_hourly_dag.py
[2026-06-19T22:24:35.667+0000] {logging_mixin.py:154} INFO - [2026-06-19T22:24:35.667+0000] {dag.py:2941} INFO - Sync 1 DAGs
[2026-06-19T22:24:35.685+0000] {logging_mixin.py:154} INFO - [2026-06-19T22:24:35.684+0000] {dag.py:3722} INFO - Setting next_dagrun for report_hourly_dag to 2026-06-19T01:58:00+00:00, run_after=2026-06-19T01:59:00+00:00
[2026-06-19T22:24:35.698+0000] {processor.py:179} INFO - Processing /opt/airflow/dags/report_hourly_dag.py took 0.073 seconds
[2026-06-19T22:25:05.934+0000] {processor.py:157} INFO - Started process (PID=7533) to work on /opt/airflow/dags/report_hourly_dag.py
[2026-06-19T22:25:05.936+0000] {processor.py:829} INFO - Processing file /opt/airflow/dags/report_hourly_dag.py for tasks to queue
[2026-06-19T22:25:05.937+0000] {logging_mixin.py:154} INFO - [2026-06-19T22:25:05.937+0000] {dagbag.py:536} INFO - Filling up the DagBag from /opt/airflow/dags/report_hourly_dag.py
[2026-06-19T22:25:05.948+0000] {processor.py:839} INFO - DAG(s) dict_keys(['report_hourly_dag']) retrieved from /opt/airflow/dags/report_hourly_dag.py
[2026-06-19T22:25:05.968+0000] {logging_mixin.py:154} INFO - [2026-06-19T22:25:05.967+0000] {dag.py:2941} INFO - Sync 1 DAGs
[2026-06-19T22:25:05.985+0000] {logging_mixin.py:154} INFO - [2026-06-19T22:25:05.985+0000] {dag.py:3722} INFO - Setting next_dagrun for report_hourly_dag to 2026-06-19T01:58:00+00:00, run_after=2026-06-19T01:59:00+00:00
[2026-06-19T22:25:06.007+0000] {processor.py:179} INFO - Processing /opt/airflow/dags/report_hourly_dag.py took 0.077 seconds
[2026-06-19T22:25:36.208+0000] {processor.py:157} INFO - Started process (PID=7548) to work on /opt/airflow/dags/report_hourly_dag.py
[2026-06-19T22:25:36.209+0000] {processor.py:829} INFO - Processing file /opt/airflow/dags/report_hourly_dag.py for tasks to queue
[2026-06-19T22:25:36.209+0000] {logging_mixin.py:154} INFO - [2026-06-19T22:25:36.209+0000] {dagbag.py:536} INFO - Filling up the DagBag from /opt/airflow/dags/report_hourly_dag.py
[2026-06-19T22:25:36.217+0000] {processor.py:839} INFO - DAG(s) dict_keys(['report_hourly_dag']) retrieved from /opt/airflow/dags/report_hourly_dag.py
[2026-06-19T22:25:36.233+0000] {logging_mixin.py:154} INFO - [2026-06-19T22:25:36.233+0000] {dag.py:2941} INFO - Sync 1 DAGs
[2026-06-19T22:25:36.250+0000] {logging_mixin.py:154} INFO - [2026-06-19T22:25:36.250+0000] {dag.py:3722} INFO - Setting next_dagrun for report_hourly_dag to 2026-06-19T01:58:00+00:00, run_after=2026-06-19T01:59:00+00:00
[2026-06-19T22:25:36.263+0000] {processor.py:179} INFO - Processing /opt/airflow/dags/report_hourly_dag.py took 0.058 seconds
[2026-06-19T22:26:06.490+0000] {processor.py:157} INFO - Started process (PID=7563) to work on /opt/airflow/dags/report_hourly_dag.py
[2026-06-19T22:26:06.491+0000] {processor.py:829} INFO - Processing file /opt/airflow/dags/report_hourly_dag.py for tasks to queue
[2026-06-19T22:26:06.492+0000] {logging_mixin.py:154} INFO - [2026-06-19T22:26:06.491+0000] {dagbag.py:536} INFO - Filling up the DagBag from /opt/airflow/dags/report_hourly_dag.py
[2026-06-19T22:26:06.507+0000] {processor.py:839} INFO - DAG(s) dict_keys(['report_hourly_dag']) retrieved from /opt/airflow/dags/report_hourly_dag.py
[2026-06-19T22:26:06.522+0000] {logging_mixin.py:154} INFO - [2026-06-19T22:26:06.522+0000] {dag.py:2941} INFO - Sync 1 DAGs
[2026-06-19T22:26:06.539+0000] {logging_mixin.py:154} INFO - [2026-06-19T22:26:06.539+0000] {dag.py:3722} INFO - Setting next_dagrun for report_hourly_dag to 2026-06-19T01:58:00+00:00, run_after=2026-06-19T01:59:00+00:00
[2026-06-19T22:26:06.561+0000] {processor.py:179} INFO - Processing /opt/airflow/dags/report_hourly_dag.py took 0.077 seconds
[2026-06-19T22:26:36.787+0000] {processor.py:157} INFO - Started process (PID=7578) to work on /opt/airflow/dags/report_hourly_dag.py
[2026-06-19T22:26:36.788+0000] {processor.py:829} INFO - Processing file /opt/airflow/dags/report_hourly_dag.py for tasks to queue
[2026-06-19T22:26:36.789+0000] {logging_mixin.py:154} INFO - [2026-06-19T22:26:36.788+0000] {dagbag.py:536} INFO - Filling up the DagBag from /opt/airflow/dags/report_hourly_dag.py
[2026-06-19T22:26:36.802+0000] {processor.py:839} INFO - DAG(s) dict_keys(['report_hourly_dag']) retrieved from /opt/airflow/dags/report_hourly_dag.py
[2026-06-19T22:26:36.818+0000] {logging_mixin.py:154} INFO - [2026-06-19T22:26:36.818+0000] {dag.py:2941} INFO - Sync 1 DAGs
[2026-06-19T22:26:36.835+0000] {logging_mixin.py:154} INFO - [2026-06-19T22:26:36.835+0000] {dag.py:3722} INFO - Setting next_dagrun for report_hourly_dag to 2026-06-19T01:58:00+00:00, run_after=2026-06-19T01:59:00+00:00
[2026-06-19T22:26:36.847+0000] {processor.py:179} INFO - Processing /opt/airflow/dags/report_hourly_dag.py took 0.065 seconds
[2026-06-19T22:27:07.071+0000] {processor.py:157} INFO - Started process (PID=7593) to work on /opt/airflow/dags/report_hourly_dag.py
[2026-06-19T22:27:07.074+0000] {processor.py:829} INFO - Processing file /opt/airflow/dags/report_hourly_dag.py for tasks to queue
[2026-06-19T22:27:07.074+0000] {logging_mixin.py:154} INFO - [2026-06-19T22:27:07.074+0000] {dagbag.py:536} INFO - Filling up the DagBag from /opt/airflow/dags/report_hourly_dag.py
[2026-06-19T22:27:07.088+0000] {processor.py:839} INFO - DAG(s) dict_keys(['report_hourly_dag']) retrieved from /opt/airflow/dags/report_hourly_dag.py
[2026-06-19T22:27:07.107+0000] {logging_mixin.py:154} INFO - [2026-06-19T22:27:07.107+0000] {dag.py:2941} INFO - Sync 1 DAGs
[2026-06-19T22:27:07.123+0000] {logging_mixin.py:154} INFO - [2026-06-19T22:27:07.123+0000] {dag.py:3722} INFO - Setting next_dagrun for report_hourly_dag to 2026-06-19T01:58:00+00:00, run_after=2026-06-19T01:59:00+00:00
[2026-06-19T22:27:07.137+0000] {processor.py:179} INFO - Processing /opt/airflow/dags/report_hourly_dag.py took 0.070 seconds
[2026-06-19T22:27:37.391+0000] {processor.py:157} INFO - Started process (PID=7608) to work on /opt/airflow/dags/report_hourly_dag.py
[2026-06-19T22:27:37.392+0000] {processor.py:829} INFO - Processing file /opt/airflow/dags/report_hourly_dag.py for tasks to queue
[2026-06-19T22:27:37.393+0000] {logging_mixin.py:154} INFO - [2026-06-19T22:27:37.393+0000] {dagbag.py:536} INFO - Filling up the DagBag from /opt/airflow/dags/report_hourly_dag.py
[2026-06-19T22:27:37.407+0000] {processor.py:839} INFO - DAG(s) dict_keys(['report_hourly_dag']) retrieved from /opt/airflow/dags/report_hourly_dag.py
[2026-06-19T22:27:37.426+0000] {logging_mixin.py:154} INFO - [2026-06-19T22:27:37.426+0000] {dag.py:2941} INFO - Sync 1 DAGs
[2026-06-19T22:27:37.446+0000] {logging_mixin.py:154} INFO - [2026-06-19T22:27:37.446+0000] {dag.py:3722} INFO - Setting next_dagrun for report_hourly_dag to 2026-06-19T01:58:00+00:00, run_after=2026-06-19T01:59:00+00:00
[2026-06-19T22:27:37.460+0000] {processor.py:179} INFO - Processing /opt/airflow/dags/report_hourly_dag.py took 0.075 seconds
[2026-06-19T22:28:07.693+0000] {processor.py:157} INFO - Started process (PID=7623) to work on /opt/airflow/dags/report_hourly_dag.py
[2026-06-19T22:28:07.696+0000] {processor.py:829} INFO - Processing file /opt/airflow/dags/report_hourly_dag.py for tasks to queue
[2026-06-19T22:28:07.697+0000] {logging_mixin.py:154} INFO - [2026-06-19T22:28:07.697+0000] {dagbag.py:536} INFO - Filling up the DagBag from /opt/airflow/dags/report_hourly_dag.py
[2026-06-19T22:28:07.709+0000] {processor.py:839} INFO - DAG(s) dict_keys(['report_hourly_dag']) retrieved from /opt/airflow/dags/report_hourly_dag.py
[2026-06-19T22:28:07.730+0000] {logging_mixin.py:154} INFO - [2026-06-19T22:28:07.729+0000] {dag.py:2941} INFO - Sync 1 DAGs
[2026-06-19T22:28:07.747+0000] {logging_mixin.py:154} INFO - [2026-06-19T22:28:07.747+0000] {dag.py:3722} INFO - Setting next_dagrun for report_hourly_dag to 2026-06-19T01:58:00+00:00, run_after=2026-06-19T01:59:00+00:00
[2026-06-19T22:28:07.759+0000] {processor.py:179} INFO - Processing /opt/airflow/dags/report_hourly_dag.py took 0.070 seconds
[2026-06-19T22:28:37.996+0000] {processor.py:157} INFO - Started process (PID=7638) to work on /opt/airflow/dags/report_hourly_dag.py
[2026-06-19T22:28:37.997+0000] {processor.py:829} INFO - Processing file /opt/airflow/dags/report_hourly_dag.py for tasks to queue
[2026-06-19T22:28:37.998+0000] {logging_mixin.py:154} INFO - [2026-06-19T22:28:37.998+0000] {dagbag.py:536} INFO - Filling up the DagBag from /opt/airflow/dags/report_hourly_dag.py
[2026-06-19T22:28:38.008+0000] {processor.py:839} INFO - DAG(s) dict_keys(['report_hourly_dag']) retrieved from /opt/airflow/dags/report_hourly_dag.py
[2026-06-19T22:28:38.024+0000] {logging_mixin.py:154} INFO - [2026-06-19T22:28:38.023+0000] {dag.py:2941} INFO - Sync 1 DAGs
[2026-06-19T22:28:38.040+0000] {logging_mixin.py:154} INFO - [2026-06-19T22:28:38.040+0000] {dag.py:3722} INFO - Setting next_dagrun for report_hourly_dag to 2026-06-19T01:58:00+00:00, run_after=2026-06-19T01:59:00+00:00
[2026-06-19T22:28:38.052+0000] {processor.py:179} INFO - Processing /opt/airflow/dags/report_hourly_dag.py took 0.060 seconds
[2026-06-19T22:29:08.287+0000] {processor.py:157} INFO - Started process (PID=7653) to work on /opt/airflow/dags/report_hourly_dag.py
[2026-06-19T22:29:08.290+0000] {processor.py:829} INFO - Processing file /opt/airflow/dags/report_hourly_dag.py for tasks to queue
[2026-06-19T22:29:08.291+0000] {logging_mixin.py:154} INFO - [2026-06-19T22:29:08.291+0000] {dagbag.py:536} INFO - Filling up the DagBag from /opt/airflow/dags/report_hourly_dag.py
[2026-06-19T22:29:08.301+0000] {processor.py:839} INFO - DAG(s) dict_keys(['report_hourly_dag']) retrieved from /opt/airflow/dags/report_hourly_dag.py
[2026-06-19T22:29:08.319+0000] {logging_mixin.py:154} INFO - [2026-06-19T22:29:08.318+0000] {dag.py:2941} INFO - Sync 1 DAGs
[2026-06-19T22:29:08.412+0000] {logging_mixin.py:154} INFO - [2026-06-19T22:29:08.412+0000] {dag.py:3722} INFO - Setting next_dagrun for report_hourly_dag to 2026-06-19T01:58:00+00:00, run_after=2026-06-19T01:59:00+00:00
[2026-06-19T22:29:08.427+0000] {processor.py:179} INFO - Processing /opt/airflow/dags/report_hourly_dag.py took 0.144 seconds
[2026-06-19T22:29:38.674+0000] {processor.py:157} INFO - Started process (PID=7668) to work on /opt/airflow/dags/report_hourly_dag.py
[2026-06-19T22:29:38.674+0000] {processor.py:829} INFO - Processing file /opt/airflow/dags/report_hourly_dag.py for tasks to queue
[2026-06-19T22:29:38.675+0000] {logging_mixin.py:154} INFO - [2026-06-19T22:29:38.675+0000] {dagbag.py:536} INFO - Filling up the DagBag from /opt/airflow/dags/report_hourly_dag.py
[2026-06-19T22:29:38.687+0000] {processor.py:839} INFO - DAG(s) dict_keys(['report_hourly_dag']) retrieved from /opt/airflow/dags/report_hourly_dag.py
[2026-06-19T22:29:38.703+0000] {logging_mixin.py:154} INFO - [2026-06-19T22:29:38.703+0000] {dag.py:2941} INFO - Sync 1 DAGs
[2026-06-19T22:29:38.720+0000] {logging_mixin.py:154} INFO - [2026-06-19T22:29:38.719+0000] {dag.py:3722} INFO - Setting next_dagrun for report_hourly_dag to 2026-06-19T01:58:00+00:00, run_after=2026-06-19T01:59:00+00:00
[2026-06-19T22:29:38.805+0000] {processor.py:179} INFO - Processing /opt/airflow/dags/report_hourly_dag.py took 0.136 seconds
[2026-06-19T22:30:09.021+0000] {processor.py:157} INFO - Started process (PID=7683) to work on /opt/airflow/dags/report_hourly_dag.py
[2026-06-19T22:30:09.023+0000] {processor.py:829} INFO - Processing file /opt/airflow/dags/report_hourly_dag.py for tasks to queue
[2026-06-19T22:30:09.024+0000] {logging_mixin.py:154} INFO - [2026-06-19T22:30:09.023+0000] {dagbag.py:536} INFO - Filling up the DagBag from /opt/airflow/dags/report_hourly_dag.py
[2026-06-19T22:30:09.033+0000] {processor.py:839} INFO - DAG(s) dict_keys(['report_hourly_dag']) retrieved from /opt/airflow/dags/report_hourly_dag.py
[2026-06-19T22:30:09.050+0000] {logging_mixin.py:154} INFO - [2026-06-19T22:30:09.049+0000] {dag.py:2941} INFO - Sync 1 DAGs
[2026-06-19T22:30:09.066+0000] {logging_mixin.py:154} INFO - [2026-06-19T22:30:09.066+0000] {dag.py:3722} INFO - Setting next_dagrun for report_hourly_dag to 2026-06-19T01:58:00+00:00, run_after=2026-06-19T01:59:00+00:00
[2026-06-19T22:30:09.080+0000] {processor.py:179} INFO - Processing /opt/airflow/dags/report_hourly_dag.py took 0.063 seconds
[2026-06-19T22:30:39.313+0000] {processor.py:157} INFO - Started process (PID=7698) to work on /opt/airflow/dags/report_hourly_dag.py
[2026-06-19T22:30:39.313+0000] {processor.py:829} INFO - Processing file /opt/airflow/dags/report_hourly_dag.py for tasks to queue
[2026-06-19T22:30:39.314+0000] {logging_mixin.py:154} INFO - [2026-06-19T22:30:39.314+0000] {dagbag.py:536} INFO - Filling up the DagBag from /opt/airflow/dags/report_hourly_dag.py
[2026-06-19T22:30:39.324+0000] {processor.py:839} INFO - DAG(s) dict_keys(['report_hourly_dag']) retrieved from /opt/airflow/dags/report_hourly_dag.py
[2026-06-19T22:30:39.340+0000] {logging_mixin.py:154} INFO - [2026-06-19T22:30:39.340+0000] {dag.py:2941} INFO - Sync 1 DAGs
[2026-06-19T22:30:39.357+0000] {logging_mixin.py:154} INFO - [2026-06-19T22:30:39.357+0000] {dag.py:3722} INFO - Setting next_dagrun for report_hourly_dag to 2026-06-19T01:58:00+00:00, run_after=2026-06-19T01:59:00+00:00
[2026-06-19T22:30:39.371+0000] {processor.py:179} INFO - Processing /opt/airflow/dags/report_hourly_dag.py took 0.063 seconds
[2026-06-19T22:31:09.599+0000] {processor.py:157} INFO - Started process (PID=7713) to work on /opt/airflow/dags/report_hourly_dag.py
[2026-06-19T22:31:09.600+0000] {processor.py:829} INFO - Processing file /opt/airflow/dags/report_hourly_dag.py for tasks to queue
[2026-06-19T22:31:09.601+0000] {logging_mixin.py:154} INFO - [2026-06-19T22:31:09.600+0000] {dagbag.py:536} INFO - Filling up the DagBag from /opt/airflow/dags/report_hourly_dag.py
[2026-06-19T22:31:09.612+0000] {processor.py:839} INFO - DAG(s) dict_keys(['report_hourly_dag']) retrieved from /opt/airflow/dags/report_hourly_dag.py
[2026-06-19T22:31:09.704+0000] {logging_mixin.py:154} INFO - [2026-06-19T22:31:09.704+0000] {dag.py:2941} INFO - Sync 1 DAGs
[2026-06-19T22:31:09.719+0000] {logging_mixin.py:154} INFO - [2026-06-19T22:31:09.719+0000] {dag.py:3722} INFO - Setting next_dagrun for report_hourly_dag to 2026-06-19T01:58:00+00:00, run_after=2026-06-19T01:59:00+00:00
[2026-06-19T22:31:09.734+0000] {processor.py:179} INFO - Processing /opt/airflow/dags/report_hourly_dag.py took 0.140 seconds
[2026-06-19T22:31:40.036+0000] {processor.py:157} INFO - Started process (PID=7728) to work on /opt/airflow/dags/report_hourly_dag.py
[2026-06-19T22:31:40.037+0000] {processor.py:829} INFO - Processing file /opt/airflow/dags/report_hourly_dag.py for tasks to queue
[2026-06-19T22:31:40.038+0000] {logging_mixin.py:154} INFO - [2026-06-19T22:31:40.038+0000] {dagbag.py:536} INFO - Filling up the DagBag from /opt/airflow/dags/report_hourly_dag.py
[2026-06-19T22:31:40.049+0000] {processor.py:839} INFO - DAG(s) dict_keys(['report_hourly_dag']) retrieved from /opt/airflow/dags/report_hourly_dag.py
[2026-06-19T22:31:40.066+0000] {logging_mixin.py:154} INFO - [2026-06-19T22:31:40.066+0000] {dag.py:2941} INFO - Sync 1 DAGs
[2026-06-19T22:31:40.083+0000] {logging_mixin.py:154} INFO - [2026-06-19T22:31:40.083+0000] {dag.py:3722} INFO - Setting next_dagrun for report_hourly_dag to 2026-06-19T01:58:00+00:00, run_after=2026-06-19T01:59:00+00:00
[2026-06-19T22:31:40.102+0000] {processor.py:179} INFO - Processing /opt/airflow/dags/report_hourly_dag.py took 0.071 seconds
[2026-06-19T22:32:10.332+0000] {processor.py:157} INFO - Started process (PID=7743) to work on /opt/airflow/dags/report_hourly_dag.py
[2026-06-19T22:32:10.334+0000] {processor.py:829} INFO - Processing file /opt/airflow/dags/report_hourly_dag.py for tasks to queue
[2026-06-19T22:32:10.335+0000] {logging_mixin.py:154} INFO - [2026-06-19T22:32:10.334+0000] {dagbag.py:536} INFO - Filling up the DagBag from /opt/airflow/dags/report_hourly_dag.py
[2026-06-19T22:32:10.343+0000] {processor.py:839} INFO - DAG(s) dict_keys(['report_hourly_dag']) retrieved from /opt/airflow/dags/report_hourly_dag.py
[2026-06-19T22:32:10.359+0000] {logging_mixin.py:154} INFO - [2026-06-19T22:32:10.359+0000] {dag.py:2941} INFO - Sync 1 DAGs
[2026-06-19T22:32:10.376+0000] {logging_mixin.py:154} INFO - [2026-06-19T22:32:10.375+0000] {dag.py:3722} INFO - Setting next_dagrun for report_hourly_dag to 2026-06-19T01:58:00+00:00, run_after=2026-06-19T01:59:00+00:00
[2026-06-19T22:32:10.387+0000] {processor.py:179} INFO - Processing /opt/airflow/dags/report_hourly_dag.py took 0.059 seconds
[2026-06-19T22:32:40.639+0000] {processor.py:157} INFO - Started process (PID=7758) to work on /opt/airflow/dags/report_hourly_dag.py
[2026-06-19T22:32:40.640+0000] {processor.py:829} INFO - Processing file /opt/airflow/dags/report_hourly_dag.py for tasks to queue
[2026-06-19T22:32:40.641+0000] {logging_mixin.py:154} INFO - [2026-06-19T22:32:40.641+0000] {dagbag.py:536} INFO - Filling up the DagBag from /opt/airflow/dags/report_hourly_dag.py
[2026-06-19T22:32:40.651+0000] {processor.py:839} INFO - DAG(s) dict_keys(['report_hourly_dag']) retrieved from /opt/airflow/dags/report_hourly_dag.py
[2026-06-19T22:32:40.667+0000] {logging_mixin.py:154} INFO - [2026-06-19T22:32:40.667+0000] {dag.py:2941} INFO - Sync 1 DAGs
[2026-06-19T22:32:40.683+0000] {logging_mixin.py:154} INFO - [2026-06-19T22:32:40.683+0000] {dag.py:3722} INFO - Setting next_dagrun for report_hourly_dag to 2026-06-19T01:58:00+00:00, run_after=2026-06-19T01:59:00+00:00
[2026-06-19T22:32:40.695+0000] {processor.py:179} INFO - Processing /opt/airflow/dags/report_hourly_dag.py took 0.060 seconds
[2026-06-19T22:33:10.926+0000] {processor.py:157} INFO - Started process (PID=7773) to work on /opt/airflow/dags/report_hourly_dag.py
[2026-06-19T22:33:10.929+0000] {processor.py:829} INFO - Processing file /opt/airflow/dags/report_hourly_dag.py for tasks to queue
[2026-06-19T22:33:10.929+0000] {logging_mixin.py:154} INFO - [2026-06-19T22:33:10.929+0000] {dagbag.py:536} INFO - Filling up the DagBag from /opt/airflow/dags/report_hourly_dag.py
[2026-06-19T22:33:10.939+0000] {processor.py:839} INFO - DAG(s) dict_keys(['report_hourly_dag']) retrieved from /opt/airflow/dags/report_hourly_dag.py
[2026-06-19T22:33:10.955+0000] {logging_mixin.py:154} INFO - [2026-06-19T22:33:10.955+0000] {dag.py:2941} INFO - Sync 1 DAGs
[2026-06-19T22:33:10.971+0000] {logging_mixin.py:154} INFO - [2026-06-19T22:33:10.971+0000] {dag.py:3722} INFO - Setting next_dagrun for report_hourly_dag to 2026-06-19T01:58:00+00:00, run_after=2026-06-19T01:59:00+00:00
[2026-06-19T22:33:10.984+0000] {processor.py:179} INFO - Processing /opt/airflow/dags/report_hourly_dag.py took 0.061 seconds
[2026-06-19T22:33:41.201+0000] {processor.py:157} INFO - Started process (PID=7788) to work on /opt/airflow/dags/report_hourly_dag.py
[2026-06-19T22:33:41.202+0000] {processor.py:829} INFO - Processing file /opt/airflow/dags/report_hourly_dag.py for tasks to queue
[2026-06-19T22:33:41.203+0000] {logging_mixin.py:154} INFO - [2026-06-19T22:33:41.203+0000] {dagbag.py:536} INFO - Filling up the DagBag from /opt/airflow/dags/report_hourly_dag.py
[2026-06-19T22:33:41.213+0000] {processor.py:839} INFO - DAG(s) dict_keys(['report_hourly_dag']) retrieved from /opt/airflow/dags/report_hourly_dag.py
[2026-06-19T22:33:41.232+0000] {logging_mixin.py:154} INFO - [2026-06-19T22:33:41.232+0000] {dag.py:2941} INFO - Sync 1 DAGs
[2026-06-19T22:33:41.254+0000] {logging_mixin.py:154} INFO - [2026-06-19T22:33:41.254+0000] {dag.py:3722} INFO - Setting next_dagrun for report_hourly_dag to 2026-06-19T01:58:00+00:00, run_after=2026-06-19T01:59:00+00:00
[2026-06-19T22:33:41.266+0000] {processor.py:179} INFO - Processing /opt/airflow/dags/report_hourly_dag.py took 0.069 seconds
[2026-06-19T22:34:11.497+0000] {processor.py:157} INFO - Started process (PID=7803) to work on /opt/airflow/dags/report_hourly_dag.py
[2026-06-19T22:34:11.499+0000] {processor.py:829} INFO - Processing file /opt/airflow/dags/report_hourly_dag.py for tasks to queue
[2026-06-19T22:34:11.500+0000] {logging_mixin.py:154} INFO - [2026-06-19T22:34:11.500+0000] {dagbag.py:536} INFO - Filling up the DagBag from /opt/airflow/dags/report_hourly_dag.py
[2026-06-19T22:34:11.514+0000] {processor.py:839} INFO - DAG(s) dict_keys(['report_hourly_dag']) retrieved from /opt/airflow/dags/report_hourly_dag.py
[2026-06-19T22:34:11.534+0000] {logging_mixin.py:154} INFO - [2026-06-19T22:34:11.534+0000] {dag.py:2941} INFO - Sync 1 DAGs
[2026-06-19T22:34:11.552+0000] {logging_mixin.py:154} INFO - [2026-06-19T22:34:11.551+0000] {dag.py:3722} INFO - Setting next_dagrun for report_hourly_dag to 2026-06-19T01:58:00+00:00, run_after=2026-06-19T01:59:00+00:00
[2026-06-19T22:34:11.575+0000] {processor.py:179} INFO - Processing /opt/airflow/dags/report_hourly_dag.py took 0.082 seconds
[2026-06-19T22:34:41.809+0000] {processor.py:157} INFO - Started process (PID=7818) to work on /opt/airflow/dags/report_hourly_dag.py
[2026-06-19T22:34:41.811+0000] {processor.py:829} INFO - Processing file /opt/airflow/dags/report_hourly_dag.py for tasks to queue
[2026-06-19T22:34:41.812+0000] {logging_mixin.py:154} INFO - [2026-06-19T22:34:41.811+0000] {dagbag.py:536} INFO - Filling up the DagBag from /opt/airflow/dags/report_hourly_dag.py
[2026-06-19T22:34:41.823+0000] {processor.py:839} INFO - DAG(s) dict_keys(['report_hourly_dag']) retrieved from /opt/airflow/dags/report_hourly_dag.py
[2026-06-19T22:34:41.842+0000] {logging_mixin.py:154} INFO - [2026-06-19T22:34:41.842+0000] {dag.py:2941} INFO - Sync 1 DAGs
[2026-06-19T22:34:41.859+0000] {logging_mixin.py:154} INFO - [2026-06-19T22:34:41.859+0000] {dag.py:3722} INFO - Setting next_dagrun for report_hourly_dag to 2026-06-19T01:58:00+00:00, run_after=2026-06-19T01:59:00+00:00
[2026-06-19T22:34:41.875+0000] {processor.py:179} INFO - Processing /opt/airflow/dags/report_hourly_dag.py took 0.071 seconds
[2026-06-19T22:35:12.121+0000] {processor.py:157} INFO - Started process (PID=7833) to work on /opt/airflow/dags/report_hourly_dag.py
[2026-06-19T22:35:12.123+0000] {processor.py:829} INFO - Processing file /opt/airflow/dags/report_hourly_dag.py for tasks to queue
[2026-06-19T22:35:12.124+0000] {logging_mixin.py:154} INFO - [2026-06-19T22:35:12.123+0000] {dagbag.py:536} INFO - Filling up the DagBag from /opt/airflow/dags/report_hourly_dag.py
[2026-06-19T22:35:12.134+0000] {processor.py:839} INFO - DAG(s) dict_keys(['report_hourly_dag']) retrieved from /opt/airflow/dags/report_hourly_dag.py
[2026-06-19T22:35:12.153+0000] {logging_mixin.py:154} INFO - [2026-06-19T22:35:12.153+0000] {dag.py:2941} INFO - Sync 1 DAGs
[2026-06-19T22:35:12.170+0000] {logging_mixin.py:154} INFO - [2026-06-19T22:35:12.170+0000] {dag.py:3722} INFO - Setting next_dagrun for report_hourly_dag to 2026-06-19T01:58:00+00:00, run_after=2026-06-19T01:59:00+00:00
[2026-06-19T22:35:12.182+0000] {processor.py:179} INFO - Processing /opt/airflow/dags/report_hourly_dag.py took 0.066 seconds
[2026-06-19T22:35:42.421+0000] {processor.py:157} INFO - Started process (PID=7848) to work on /opt/airflow/dags/report_hourly_dag.py
[2026-06-19T22:35:42.422+0000] {processor.py:829} INFO - Processing file /opt/airflow/dags/report_hourly_dag.py for tasks to queue
[2026-06-19T22:35:42.422+0000] {logging_mixin.py:154} INFO - [2026-06-19T22:35:42.422+0000] {dagbag.py:536} INFO - Filling up the DagBag from /opt/airflow/dags/report_hourly_dag.py
[2026-06-19T22:35:42.432+0000] {processor.py:839} INFO - DAG(s) dict_keys(['report_hourly_dag']) retrieved from /opt/airflow/dags/report_hourly_dag.py
[2026-06-19T22:35:42.448+0000] {logging_mixin.py:154} INFO - [2026-06-19T22:35:42.447+0000] {dag.py:2941} INFO - Sync 1 DAGs
[2026-06-19T22:35:42.463+0000] {logging_mixin.py:154} INFO - [2026-06-19T22:35:42.463+0000] {dag.py:3722} INFO - Setting next_dagrun for report_hourly_dag to 2026-06-19T01:58:00+00:00, run_after=2026-06-19T01:59:00+00:00
[2026-06-19T22:35:42.477+0000] {processor.py:179} INFO - Processing /opt/airflow/dags/report_hourly_dag.py took 0.060 seconds
[2026-06-19T22:36:12.712+0000] {processor.py:157} INFO - Started process (PID=7863) to work on /opt/airflow/dags/report_hourly_dag.py
[2026-06-19T22:36:12.715+0000] {processor.py:829} INFO - Processing file /opt/airflow/dags/report_hourly_dag.py for tasks to queue
[2026-06-19T22:36:12.716+0000] {logging_mixin.py:154} INFO - [2026-06-19T22:36:12.716+0000] {dagbag.py:536} INFO - Filling up the DagBag from /opt/airflow/dags/report_hourly_dag.py
[2026-06-19T22:36:12.729+0000] {processor.py:839} INFO - DAG(s) dict_keys(['report_hourly_dag']) retrieved from /opt/airflow/dags/report_hourly_dag.py
[2026-06-19T22:36:12.746+0000] {logging_mixin.py:154} INFO - [2026-06-19T22:36:12.745+0000] {dag.py:2941} INFO - Sync 1 DAGs
[2026-06-19T22:36:12.762+0000] {logging_mixin.py:154} INFO - [2026-06-19T22:36:12.762+0000] {dag.py:3722} INFO - Setting next_dagrun for report_hourly_dag to 2026-06-19T01:58:00+00:00, run_after=2026-06-19T01:59:00+00:00
[2026-06-19T22:36:12.775+0000] {processor.py:179} INFO - Processing /opt/airflow/dags/report_hourly_dag.py took 0.067 seconds
[2026-06-19T22:36:43.003+0000] {processor.py:157} INFO - Started process (PID=7878) to work on /opt/airflow/dags/report_hourly_dag.py
[2026-06-19T22:36:43.004+0000] {processor.py:829} INFO - Processing file /opt/airflow/dags/report_hourly_dag.py for tasks to queue
[2026-06-19T22:36:43.005+0000] {logging_mixin.py:154} INFO - [2026-06-19T22:36:43.005+0000] {dagbag.py:536} INFO - Filling up the DagBag from /opt/airflow/dags/report_hourly_dag.py
[2026-06-19T22:36:43.018+0000] {processor.py:839} INFO - DAG(s) dict_keys(['report_hourly_dag']) retrieved from /opt/airflow/dags/report_hourly_dag.py
[2026-06-19T22:36:43.035+0000] {logging_mixin.py:154} INFO - [2026-06-19T22:36:43.034+0000] {dag.py:2941} INFO - Sync 1 DAGs
[2026-06-19T22:36:43.050+0000] {logging_mixin.py:154} INFO - [2026-06-19T22:36:43.050+0000] {dag.py:3722} INFO - Setting next_dagrun for report_hourly_dag to 2026-06-19T01:58:00+00:00, run_after=2026-06-19T01:59:00+00:00
[2026-06-19T22:36:43.062+0000] {processor.py:179} INFO - Processing /opt/airflow/dags/report_hourly_dag.py took 0.065 seconds
[2026-06-19T22:37:13.259+0000] {processor.py:157} INFO - Started process (PID=7893) to work on /opt/airflow/dags/report_hourly_dag.py
[2026-06-19T22:37:13.260+0000] {processor.py:829} INFO - Processing file /opt/airflow/dags/report_hourly_dag.py for tasks to queue
[2026-06-19T22:37:13.261+0000] {logging_mixin.py:154} INFO - [2026-06-19T22:37:13.261+0000] {dagbag.py:536} INFO - Filling up the DagBag from /opt/airflow/dags/report_hourly_dag.py
[2026-06-19T22:37:13.269+0000] {processor.py:839} INFO - DAG(s) dict_keys(['report_hourly_dag']) retrieved from /opt/airflow/dags/report_hourly_dag.py
[2026-06-19T22:37:13.285+0000] {logging_mixin.py:154} INFO - [2026-06-19T22:37:13.285+0000] {dag.py:2941} INFO - Sync 1 DAGs
[2026-06-19T22:37:13.302+0000] {logging_mixin.py:154} INFO - [2026-06-19T22:37:13.302+0000] {dag.py:3722} INFO - Setting next_dagrun for report_hourly_dag to 2026-06-19T01:58:00+00:00, run_after=2026-06-19T01:59:00+00:00
[2026-06-19T22:37:13.315+0000] {processor.py:179} INFO - Processing /opt/airflow/dags/report_hourly_dag.py took 0.058 seconds
[2026-06-19T22:37:43.567+0000] {processor.py:157} INFO - Started process (PID=7908) to work on /opt/airflow/dags/report_hourly_dag.py
[2026-06-19T22:37:43.568+0000] {processor.py:829} INFO - Processing file /opt/airflow/dags/report_hourly_dag.py for tasks to queue
[2026-06-19T22:37:43.569+0000] {logging_mixin.py:154} INFO - [2026-06-19T22:37:43.568+0000] {dagbag.py:536} INFO - Filling up the DagBag from /opt/airflow/dags/report_hourly_dag.py
[2026-06-19T22:37:43.580+0000] {processor.py:839} INFO - DAG(s) dict_keys(['report_hourly_dag']) retrieved from /opt/airflow/dags/report_hourly_dag.py
[2026-06-19T22:37:43.597+0000] {logging_mixin.py:154} INFO - [2026-06-19T22:37:43.597+0000] {dag.py:2941} INFO - Sync 1 DAGs
[2026-06-19T22:37:43.618+0000] {logging_mixin.py:154} INFO - [2026-06-19T22:37:43.618+0000] {dag.py:3722} INFO - Setting next_dagrun for report_hourly_dag to 2026-06-19T01:58:00+00:00, run_after=2026-06-19T01:59:00+00:00
[2026-06-19T22:37:43.634+0000] {processor.py:179} INFO - Processing /opt/airflow/dags/report_hourly_dag.py took 0.070 seconds
[2026-06-19T22:38:13.867+0000] {processor.py:157} INFO - Started process (PID=7923) to work on /opt/airflow/dags/report_hourly_dag.py
[2026-06-19T22:38:13.868+0000] {processor.py:829} INFO - Processing file /opt/airflow/dags/report_hourly_dag.py for tasks to queue
[2026-06-19T22:38:13.868+0000] {logging_mixin.py:154} INFO - [2026-06-19T22:38:13.868+0000] {dagbag.py:536} INFO - Filling up the DagBag from /opt/airflow/dags/report_hourly_dag.py
[2026-06-19T22:38:13.878+0000] {processor.py:839} INFO - DAG(s) dict_keys(['report_hourly_dag']) retrieved from /opt/airflow/dags/report_hourly_dag.py
[2026-06-19T22:38:13.894+0000] {logging_mixin.py:154} INFO - [2026-06-19T22:38:13.894+0000] {dag.py:2941} INFO - Sync 1 DAGs
[2026-06-19T22:38:13.911+0000] {logging_mixin.py:154} INFO - [2026-06-19T22:38:13.911+0000] {dag.py:3722} INFO - Setting next_dagrun for report_hourly_dag to 2026-06-19T01:58:00+00:00, run_after=2026-06-19T01:59:00+00:00
[2026-06-19T22:38:13.925+0000] {processor.py:179} INFO - Processing /opt/airflow/dags/report_hourly_dag.py took 0.062 seconds
[2026-06-19T22:38:44.159+0000] {processor.py:157} INFO - Started process (PID=7938) to work on /opt/airflow/dags/report_hourly_dag.py
[2026-06-19T22:38:44.160+0000] {processor.py:829} INFO - Processing file /opt/airflow/dags/report_hourly_dag.py for tasks to queue
[2026-06-19T22:38:44.161+0000] {logging_mixin.py:154} INFO - [2026-06-19T22:38:44.160+0000] {dagbag.py:536} INFO - Filling up the DagBag from /opt/airflow/dags/report_hourly_dag.py
[2026-06-19T22:38:44.174+0000] {processor.py:839} INFO - DAG(s) dict_keys(['report_hourly_dag']) retrieved from /opt/airflow/dags/report_hourly_dag.py
[2026-06-19T22:38:44.192+0000] {logging_mixin.py:154} INFO - [2026-06-19T22:38:44.191+0000] {dag.py:2941} INFO - Sync 1 DAGs
[2026-06-19T22:38:44.209+0000] {logging_mixin.py:154} INFO - [2026-06-19T22:38:44.209+0000] {dag.py:3722} INFO - Setting next_dagrun for report_hourly_dag to 2026-06-19T01:58:00+00:00, run_after=2026-06-19T01:59:00+00:00
[2026-06-19T22:38:44.222+0000] {processor.py:179} INFO - Processing /opt/airflow/dags/report_hourly_dag.py took 0.069 seconds
[2026-06-19T22:39:14.447+0000] {processor.py:157} INFO - Started process (PID=7953) to work on /opt/airflow/dags/report_hourly_dag.py
[2026-06-19T22:39:14.451+0000] {processor.py:829} INFO - Processing file /opt/airflow/dags/report_hourly_dag.py for tasks to queue
[2026-06-19T22:39:14.452+0000] {logging_mixin.py:154} INFO - [2026-06-19T22:39:14.452+0000] {dagbag.py:536} INFO - Filling up the DagBag from /opt/airflow/dags/report_hourly_dag.py
[2026-06-19T22:39:14.462+0000] {processor.py:839} INFO - DAG(s) dict_keys(['report_hourly_dag']) retrieved from /opt/airflow/dags/report_hourly_dag.py
[2026-06-19T22:39:14.481+0000] {logging_mixin.py:154} INFO - [2026-06-19T22:39:14.481+0000] {dag.py:2941} INFO - Sync 1 DAGs
[2026-06-19T22:39:14.498+0000] {logging_mixin.py:154} INFO - [2026-06-19T22:39:14.498+0000] {dag.py:3722} INFO - Setting next_dagrun for report_hourly_dag to 2026-06-19T01:58:00+00:00, run_after=2026-06-19T01:59:00+00:00
[2026-06-19T22:39:14.511+0000] {processor.py:179} INFO - Processing /opt/airflow/dags/report_hourly_dag.py took 0.067 seconds
[2026-06-19T22:39:44.717+0000] {processor.py:157} INFO - Started process (PID=7968) to work on /opt/airflow/dags/report_hourly_dag.py
[2026-06-19T22:39:44.718+0000] {processor.py:829} INFO - Processing file /opt/airflow/dags/report_hourly_dag.py for tasks to queue
[2026-06-19T22:39:44.718+0000] {logging_mixin.py:154} INFO - [2026-06-19T22:39:44.718+0000] {dagbag.py:536} INFO - Filling up the DagBag from /opt/airflow/dags/report_hourly_dag.py
[2026-06-19T22:39:44.726+0000] {processor.py:839} INFO - DAG(s) dict_keys(['report_hourly_dag']) retrieved from /opt/airflow/dags/report_hourly_dag.py
[2026-06-19T22:39:44.742+0000] {logging_mixin.py:154} INFO - [2026-06-19T22:39:44.741+0000] {dag.py:2941} INFO - Sync 1 DAGs
[2026-06-19T22:39:44.758+0000] {logging_mixin.py:154} INFO - [2026-06-19T22:39:44.758+0000] {dag.py:3722} INFO - Setting next_dagrun for report_hourly_dag to 2026-06-19T01:58:00+00:00, run_after=2026-06-19T01:59:00+00:00
[2026-06-19T22:39:44.771+0000] {processor.py:179} INFO - Processing /opt/airflow/dags/report_hourly_dag.py took 0.057 seconds
[2026-06-19T22:40:14.980+0000] {processor.py:157} INFO - Started process (PID=7983) to work on /opt/airflow/dags/report_hourly_dag.py
[2026-06-19T22:40:14.981+0000] {processor.py:829} INFO - Processing file /opt/airflow/dags/report_hourly_dag.py for tasks to queue
[2026-06-19T22:40:14.982+0000] {logging_mixin.py:154} INFO - [2026-06-19T22:40:14.981+0000] {dagbag.py:536} INFO - Filling up the DagBag from /opt/airflow/dags/report_hourly_dag.py
[2026-06-19T22:40:14.990+0000] {processor.py:839} INFO - DAG(s) dict_keys(['report_hourly_dag']) retrieved from /opt/airflow/dags/report_hourly_dag.py
[2026-06-19T22:40:15.007+0000] {logging_mixin.py:154} INFO - [2026-06-19T22:40:15.007+0000] {dag.py:2941} INFO - Sync 1 DAGs
[2026-06-19T22:40:15.023+0000] {logging_mixin.py:154} INFO - [2026-06-19T22:40:15.023+0000] {dag.py:3722} INFO - Setting next_dagrun for report_hourly_dag to 2026-06-19T01:58:00+00:00, run_after=2026-06-19T01:59:00+00:00
[2026-06-19T22:40:15.035+0000] {processor.py:179} INFO - Processing /opt/airflow/dags/report_hourly_dag.py took 0.058 seconds
[2026-06-19T22:40:45.260+0000] {processor.py:157} INFO - Started process (PID=7998) to work on /opt/airflow/dags/report_hourly_dag.py
[2026-06-19T22:40:45.261+0000] {processor.py:829} INFO - Processing file /opt/airflow/dags/report_hourly_dag.py for tasks to queue
[2026-06-19T22:40:45.262+0000] {logging_mixin.py:154} INFO - [2026-06-19T22:40:45.262+0000] {dagbag.py:536} INFO - Filling up the DagBag from /opt/airflow/dags/report_hourly_dag.py
[2026-06-19T22:40:45.275+0000] {processor.py:839} INFO - DAG(s) dict_keys(['report_hourly_dag']) retrieved from /opt/airflow/dags/report_hourly_dag.py
[2026-06-19T22:40:45.296+0000] {logging_mixin.py:154} INFO - [2026-06-19T22:40:45.296+0000] {dag.py:2941} INFO - Sync 1 DAGs
[2026-06-19T22:40:45.319+0000] {logging_mixin.py:154} INFO - [2026-06-19T22:40:45.319+0000] {dag.py:3722} INFO - Setting next_dagrun for report_hourly_dag to 2026-06-19T01:58:00+00:00, run_after=2026-06-19T01:59:00+00:00
[2026-06-19T22:40:45.332+0000] {processor.py:179} INFO - Processing /opt/airflow/dags/report_hourly_dag.py took 0.078 seconds
[2026-06-19T22:41:15.565+0000] {processor.py:157} INFO - Started process (PID=8013) to work on /opt/airflow/dags/report_hourly_dag.py
[2026-06-19T22:41:15.566+0000] {processor.py:829} INFO - Processing file /opt/airflow/dags/report_hourly_dag.py for tasks to queue
[2026-06-19T22:41:15.567+0000] {logging_mixin.py:154} INFO - [2026-06-19T22:41:15.566+0000] {dagbag.py:536} INFO - Filling up the DagBag from /opt/airflow/dags/report_hourly_dag.py
[2026-06-19T22:41:15.579+0000] {processor.py:839} INFO - DAG(s) dict_keys(['report_hourly_dag']) retrieved from /opt/airflow/dags/report_hourly_dag.py
[2026-06-19T22:41:15.594+0000] {logging_mixin.py:154} INFO - [2026-06-19T22:41:15.594+0000] {dag.py:2941} INFO - Sync 1 DAGs
[2026-06-19T22:41:15.611+0000] {logging_mixin.py:154} INFO - [2026-06-19T22:41:15.611+0000] {dag.py:3722} INFO - Setting next_dagrun for report_hourly_dag to 2026-06-19T01:58:00+00:00, run_after=2026-06-19T01:59:00+00:00
[2026-06-19T22:41:15.625+0000] {processor.py:179} INFO - Processing /opt/airflow/dags/report_hourly_dag.py took 0.065 seconds
[2026-06-19T22:41:45.867+0000] {processor.py:157} INFO - Started process (PID=8028) to work on /opt/airflow/dags/report_hourly_dag.py
[2026-06-19T22:41:45.870+0000] {processor.py:829} INFO - Processing file /opt/airflow/dags/report_hourly_dag.py for tasks to queue
[2026-06-19T22:41:45.871+0000] {logging_mixin.py:154} INFO - [2026-06-19T22:41:45.871+0000] {dagbag.py:536} INFO - Filling up the DagBag from /opt/airflow/dags/report_hourly_dag.py
[2026-06-19T22:41:45.880+0000] {processor.py:839} INFO - DAG(s) dict_keys(['report_hourly_dag']) retrieved from /opt/airflow/dags/report_hourly_dag.py
[2026-06-19T22:41:45.897+0000] {logging_mixin.py:154} INFO - [2026-06-19T22:41:45.897+0000] {dag.py:2941} INFO - Sync 1 DAGs
[2026-06-19T22:41:45.914+0000] {logging_mixin.py:154} INFO - [2026-06-19T22:41:45.914+0000] {dag.py:3722} INFO - Setting next_dagrun for report_hourly_dag to 2026-06-19T01:58:00+00:00, run_after=2026-06-19T01:59:00+00:00
[2026-06-19T22:41:45.929+0000] {processor.py:179} INFO - Processing /opt/airflow/dags/report_hourly_dag.py took 0.066 seconds
[2026-06-19T22:42:16.133+0000] {processor.py:157} INFO - Started process (PID=8043) to work on /opt/airflow/dags/report_hourly_dag.py
[2026-06-19T22:42:16.134+0000] {processor.py:829} INFO - Processing file /opt/airflow/dags/report_hourly_dag.py for tasks to queue
[2026-06-19T22:42:16.134+0000] {logging_mixin.py:154} INFO - [2026-06-19T22:42:16.134+0000] {dagbag.py:536} INFO - Filling up the DagBag from /opt/airflow/dags/report_hourly_dag.py
[2026-06-19T22:42:16.142+0000] {processor.py:839} INFO - DAG(s) dict_keys(['report_hourly_dag']) retrieved from /opt/airflow/dags/report_hourly_dag.py
[2026-06-19T22:42:16.158+0000] {logging_mixin.py:154} INFO - [2026-06-19T22:42:16.157+0000] {dag.py:2941} INFO - Sync 1 DAGs
[2026-06-19T22:42:16.174+0000] {logging_mixin.py:154} INFO - [2026-06-19T22:42:16.174+0000] {dag.py:3722} INFO - Setting next_dagrun for report_hourly_dag to 2026-06-19T01:58:00+00:00, run_after=2026-06-19T01:59:00+00:00
[2026-06-19T22:42:16.187+0000] {processor.py:179} INFO - Processing /opt/airflow/dags/report_hourly_dag.py took 0.056 seconds
[2026-06-19T22:42:46.394+0000] {processor.py:157} INFO - Started process (PID=8058) to work on /opt/airflow/dags/report_hourly_dag.py
[2026-06-19T22:42:46.399+0000] {processor.py:829} INFO - Processing file /opt/airflow/dags/report_hourly_dag.py for tasks to queue
[2026-06-19T22:42:46.400+0000] {logging_mixin.py:154} INFO - [2026-06-19T22:42:46.400+0000] {dagbag.py:536} INFO - Filling up the DagBag from /opt/airflow/dags/report_hourly_dag.py
[2026-06-19T22:42:46.408+0000] {processor.py:839} INFO - DAG(s) dict_keys(['report_hourly_dag']) retrieved from /opt/airflow/dags/report_hourly_dag.py
[2026-06-19T22:42:46.425+0000] {logging_mixin.py:154} INFO - [2026-06-19T22:42:46.425+0000] {dag.py:2941} INFO - Sync 1 DAGs
[2026-06-19T22:42:46.442+0000] {logging_mixin.py:154} INFO - [2026-06-19T22:42:46.442+0000] {dag.py:3722} INFO - Setting next_dagrun for report_hourly_dag to 2026-06-19T01:58:00+00:00, run_after=2026-06-19T01:59:00+00:00
[2026-06-19T22:42:46.455+0000] {processor.py:179} INFO - Processing /opt/airflow/dags/report_hourly_dag.py took 0.063 seconds
[2026-06-19T22:43:16.692+0000] {processor.py:157} INFO - Started process (PID=8073) to work on /opt/airflow/dags/report_hourly_dag.py
[2026-06-19T22:43:16.693+0000] {processor.py:829} INFO - Processing file /opt/airflow/dags/report_hourly_dag.py for tasks to queue
[2026-06-19T22:43:16.694+0000] {logging_mixin.py:154} INFO - [2026-06-19T22:43:16.694+0000] {dagbag.py:536} INFO - Filling up the DagBag from /opt/airflow/dags/report_hourly_dag.py
[2026-06-19T22:43:16.705+0000] {processor.py:839} INFO - DAG(s) dict_keys(['report_hourly_dag']) retrieved from /opt/airflow/dags/report_hourly_dag.py
[2026-06-19T22:43:16.720+0000] {logging_mixin.py:154} INFO - [2026-06-19T22:43:16.720+0000] {dag.py:2941} INFO - Sync 1 DAGs
[2026-06-19T22:43:16.737+0000] {logging_mixin.py:154} INFO - [2026-06-19T22:43:16.736+0000] {dag.py:3722} INFO - Setting next_dagrun for report_hourly_dag to 2026-06-19T01:58:00+00:00, run_after=2026-06-19T01:59:00+00:00
[2026-06-19T22:43:16.749+0000] {processor.py:179} INFO - Processing /opt/airflow/dags/report_hourly_dag.py took 0.063 seconds
[2026-06-19T22:43:46.985+0000] {processor.py:157} INFO - Started process (PID=8088) to work on /opt/airflow/dags/report_hourly_dag.py
[2026-06-19T22:43:46.988+0000] {processor.py:829} INFO - Processing file /opt/airflow/dags/report_hourly_dag.py for tasks to queue
[2026-06-19T22:43:46.989+0000] {logging_mixin.py:154} INFO - [2026-06-19T22:43:46.988+0000] {dagbag.py:536} INFO - Filling up the DagBag from /opt/airflow/dags/report_hourly_dag.py
[2026-06-19T22:43:47.001+0000] {processor.py:839} INFO - DAG(s) dict_keys(['report_hourly_dag']) retrieved from /opt/airflow/dags/report_hourly_dag.py
[2026-06-19T22:43:47.021+0000] {logging_mixin.py:154} INFO - [2026-06-19T22:43:47.021+0000] {dag.py:2941} INFO - Sync 1 DAGs
[2026-06-19T22:43:47.039+0000] {logging_mixin.py:154} INFO - [2026-06-19T22:43:47.039+0000] {dag.py:3722} INFO - Setting next_dagrun for report_hourly_dag to 2026-06-19T01:58:00+00:00, run_after=2026-06-19T01:59:00+00:00
[2026-06-19T22:43:47.059+0000] {processor.py:179} INFO - Processing /opt/airflow/dags/report_hourly_dag.py took 0.078 seconds
[2026-06-19T22:44:17.292+0000] {processor.py:157} INFO - Started process (PID=8103) to work on /opt/airflow/dags/report_hourly_dag.py
[2026-06-19T22:44:17.295+0000] {processor.py:829} INFO - Processing file /opt/airflow/dags/report_hourly_dag.py for tasks to queue
[2026-06-19T22:44:17.295+0000] {logging_mixin.py:154} INFO - [2026-06-19T22:44:17.295+0000] {dagbag.py:536} INFO - Filling up the DagBag from /opt/airflow/dags/report_hourly_dag.py
[2026-06-19T22:44:17.306+0000] {processor.py:839} INFO - DAG(s) dict_keys(['report_hourly_dag']) retrieved from /opt/airflow/dags/report_hourly_dag.py
[2026-06-19T22:44:17.325+0000] {logging_mixin.py:154} INFO - [2026-06-19T22:44:17.325+0000] {dag.py:2941} INFO - Sync 1 DAGs
[2026-06-19T22:44:17.343+0000] {logging_mixin.py:154} INFO - [2026-06-19T22:44:17.343+0000] {dag.py:3722} INFO - Setting next_dagrun for report_hourly_dag to 2026-06-19T01:58:00+00:00, run_after=2026-06-19T01:59:00+00:00
[2026-06-19T22:44:17.355+0000] {processor.py:179} INFO - Processing /opt/airflow/dags/report_hourly_dag.py took 0.067 seconds
[2026-06-19T22:44:47.580+0000] {processor.py:157} INFO - Started process (PID=8118) to work on /opt/airflow/dags/report_hourly_dag.py
[2026-06-19T22:44:47.581+0000] {processor.py:829} INFO - Processing file /opt/airflow/dags/report_hourly_dag.py for tasks to queue
[2026-06-19T22:44:47.581+0000] {logging_mixin.py:154} INFO - [2026-06-19T22:44:47.581+0000] {dagbag.py:536} INFO - Filling up the DagBag from /opt/airflow/dags/report_hourly_dag.py
[2026-06-19T22:44:47.591+0000] {processor.py:839} INFO - DAG(s) dict_keys(['report_hourly_dag']) retrieved from /opt/airflow/dags/report_hourly_dag.py
[2026-06-19T22:44:47.606+0000] {logging_mixin.py:154} INFO - [2026-06-19T22:44:47.606+0000] {dag.py:2941} INFO - Sync 1 DAGs
[2026-06-19T22:44:47.623+0000] {logging_mixin.py:154} INFO - [2026-06-19T22:44:47.623+0000] {dag.py:3722} INFO - Setting next_dagrun for report_hourly_dag to 2026-06-19T01:58:00+00:00, run_after=2026-06-19T01:59:00+00:00
[2026-06-19T22:44:47.636+0000] {processor.py:179} INFO - Processing /opt/airflow/dags/report_hourly_dag.py took 0.061 seconds
[2026-06-19T22:45:17.865+0000] {processor.py:157} INFO - Started process (PID=8133) to work on /opt/airflow/dags/report_hourly_dag.py
[2026-06-19T22:45:17.866+0000] {processor.py:829} INFO - Processing file /opt/airflow/dags/report_hourly_dag.py for tasks to queue
[2026-06-19T22:45:17.867+0000] {logging_mixin.py:154} INFO - [2026-06-19T22:45:17.866+0000] {dagbag.py:536} INFO - Filling up the DagBag from /opt/airflow/dags/report_hourly_dag.py
[2026-06-19T22:45:17.879+0000] {processor.py:839} INFO - DAG(s) dict_keys(['report_hourly_dag']) retrieved from /opt/airflow/dags/report_hourly_dag.py
[2026-06-19T22:45:17.897+0000] {logging_mixin.py:154} INFO - [2026-06-19T22:45:17.897+0000] {dag.py:2941} INFO - Sync 1 DAGs
[2026-06-19T22:45:17.914+0000] {logging_mixin.py:154} INFO - [2026-06-19T22:45:17.914+0000] {dag.py:3722} INFO - Setting next_dagrun for report_hourly_dag to 2026-06-19T01:58:00+00:00, run_after=2026-06-19T01:59:00+00:00
[2026-06-19T22:45:17.940+0000] {processor.py:179} INFO - Processing /opt/airflow/dags/report_hourly_dag.py took 0.079 seconds
[2026-06-19T22:45:48.172+0000] {processor.py:157} INFO - Started process (PID=8148) to work on /opt/airflow/dags/report_hourly_dag.py
[2026-06-19T22:45:48.173+0000] {processor.py:829} INFO - Processing file /opt/airflow/dags/report_hourly_dag.py for tasks to queue
[2026-06-19T22:45:48.173+0000] {logging_mixin.py:154} INFO - [2026-06-19T22:45:48.173+0000] {dagbag.py:536} INFO - Filling up the DagBag from /opt/airflow/dags/report_hourly_dag.py
[2026-06-19T22:45:48.183+0000] {processor.py:839} INFO - DAG(s) dict_keys(['report_hourly_dag']) retrieved from /opt/airflow/dags/report_hourly_dag.py
[2026-06-19T22:45:48.198+0000] {logging_mixin.py:154} INFO - [2026-06-19T22:45:48.198+0000] {dag.py:2941} INFO - Sync 1 DAGs
[2026-06-19T22:45:48.216+0000] {logging_mixin.py:154} INFO - [2026-06-19T22:45:48.216+0000] {dag.py:3722} INFO - Setting next_dagrun for report_hourly_dag to 2026-06-19T01:58:00+00:00, run_after=2026-06-19T01:59:00+00:00
[2026-06-19T22:45:48.229+0000] {processor.py:179} INFO - Processing /opt/airflow/dags/report_hourly_dag.py took 0.060 seconds
[2026-06-19T22:46:18.467+0000] {processor.py:157} INFO - Started process (PID=8163) to work on /opt/airflow/dags/report_hourly_dag.py
[2026-06-19T22:46:18.468+0000] {processor.py:829} INFO - Processing file /opt/airflow/dags/report_hourly_dag.py for tasks to queue
[2026-06-19T22:46:18.469+0000] {logging_mixin.py:154} INFO - [2026-06-19T22:46:18.469+0000] {dagbag.py:536} INFO - Filling up the DagBag from /opt/airflow/dags/report_hourly_dag.py
[2026-06-19T22:46:18.482+0000] {processor.py:839} INFO - DAG(s) dict_keys(['report_hourly_dag']) retrieved from /opt/airflow/dags/report_hourly_dag.py
[2026-06-19T22:46:18.502+0000] {logging_mixin.py:154} INFO - [2026-06-19T22:46:18.501+0000] {dag.py:2941} INFO - Sync 1 DAGs
[2026-06-19T22:46:18.524+0000] {logging_mixin.py:154} INFO - [2026-06-19T22:46:18.524+0000] {dag.py:3722} INFO - Setting next_dagrun for report_hourly_dag to 2026-06-19T01:58:00+00:00, run_after=2026-06-19T01:59:00+00:00
[2026-06-19T22:46:18.537+0000] {processor.py:179} INFO - Processing /opt/airflow/dags/report_hourly_dag.py took 0.075 seconds
[2026-06-19T22:46:48.769+0000] {processor.py:157} INFO - Started process (PID=8178) to work on /opt/airflow/dags/report_hourly_dag.py
[2026-06-19T22:46:48.774+0000] {processor.py:829} INFO - Processing file /opt/airflow/dags/report_hourly_dag.py for tasks to queue
[2026-06-19T22:46:48.774+0000] {logging_mixin.py:154} INFO - [2026-06-19T22:46:48.774+0000] {dagbag.py:536} INFO - Filling up the DagBag from /opt/airflow/dags/report_hourly_dag.py
[2026-06-19T22:46:48.782+0000] {processor.py:839} INFO - DAG(s) dict_keys(['report_hourly_dag']) retrieved from /opt/airflow/dags/report_hourly_dag.py
[2026-06-19T22:46:48.799+0000] {logging_mixin.py:154} INFO - [2026-06-19T22:46:48.799+0000] {dag.py:2941} INFO - Sync 1 DAGs
[2026-06-19T22:46:48.815+0000] {logging_mixin.py:154} INFO - [2026-06-19T22:46:48.815+0000] {dag.py:3722} INFO - Setting next_dagrun for report_hourly_dag to 2026-06-19T01:58:00+00:00, run_after=2026-06-19T01:59:00+00:00
[2026-06-19T22:46:48.829+0000] {processor.py:179} INFO - Processing /opt/airflow/dags/report_hourly_dag.py took 0.063 seconds
[2026-06-19T22:47:19.108+0000] {processor.py:157} INFO - Started process (PID=8193) to work on /opt/airflow/dags/report_hourly_dag.py
[2026-06-19T22:47:19.109+0000] {processor.py:829} INFO - Processing file /opt/airflow/dags/report_hourly_dag.py for tasks to queue
[2026-06-19T22:47:19.110+0000] {logging_mixin.py:154} INFO - [2026-06-19T22:47:19.110+0000] {dagbag.py:536} INFO - Filling up the DagBag from /opt/airflow/dags/report_hourly_dag.py
[2026-06-19T22:47:19.120+0000] {processor.py:839} INFO - DAG(s) dict_keys(['report_hourly_dag']) retrieved from /opt/airflow/dags/report_hourly_dag.py
[2026-06-19T22:47:19.138+0000] {logging_mixin.py:154} INFO - [2026-06-19T22:47:19.138+0000] {dag.py:2941} INFO - Sync 1 DAGs
[2026-06-19T22:47:19.161+0000] {logging_mixin.py:154} INFO - [2026-06-19T22:47:19.161+0000] {dag.py:3722} INFO - Setting next_dagrun for report_hourly_dag to 2026-06-19T01:58:00+00:00, run_after=2026-06-19T01:59:00+00:00
[2026-06-19T22:47:19.177+0000] {processor.py:179} INFO - Processing /opt/airflow/dags/report_hourly_dag.py took 0.073 seconds
[2026-06-19T22:47:49.395+0000] {processor.py:157} INFO - Started process (PID=8208) to work on /opt/airflow/dags/report_hourly_dag.py
[2026-06-19T22:47:49.396+0000] {processor.py:829} INFO - Processing file /opt/airflow/dags/report_hourly_dag.py for tasks to queue
[2026-06-19T22:47:49.397+0000] {logging_mixin.py:154} INFO - [2026-06-19T22:47:49.397+0000] {dagbag.py:536} INFO - Filling up the DagBag from /opt/airflow/dags/report_hourly_dag.py
[2026-06-19T22:47:49.407+0000] {processor.py:839} INFO - DAG(s) dict_keys(['report_hourly_dag']) retrieved from /opt/airflow/dags/report_hourly_dag.py
[2026-06-19T22:47:49.424+0000] {logging_mixin.py:154} INFO - [2026-06-19T22:47:49.424+0000] {dag.py:2941} INFO - Sync 1 DAGs
[2026-06-19T22:47:49.440+0000] {logging_mixin.py:154} INFO - [2026-06-19T22:47:49.440+0000] {dag.py:3722} INFO - Setting next_dagrun for report_hourly_dag to 2026-06-19T01:58:00+00:00, run_after=2026-06-19T01:59:00+00:00
[2026-06-19T22:47:49.454+0000] {processor.py:179} INFO - Processing /opt/airflow/dags/report_hourly_dag.py took 0.063 seconds
[2026-06-19T22:48:19.680+0000] {processor.py:157} INFO - Started process (PID=8223) to work on /opt/airflow/dags/report_hourly_dag.py
[2026-06-19T22:48:19.681+0000] {processor.py:829} INFO - Processing file /opt/airflow/dags/report_hourly_dag.py for tasks to queue
[2026-06-19T22:48:19.682+0000] {logging_mixin.py:154} INFO - [2026-06-19T22:48:19.681+0000] {dagbag.py:536} INFO - Filling up the DagBag from /opt/airflow/dags/report_hourly_dag.py
[2026-06-19T22:48:19.691+0000] {processor.py:839} INFO - DAG(s) dict_keys(['report_hourly_dag']) retrieved from /opt/airflow/dags/report_hourly_dag.py
[2026-06-19T22:48:19.706+0000] {logging_mixin.py:154} INFO - [2026-06-19T22:48:19.706+0000] {dag.py:2941} INFO - Sync 1 DAGs
[2026-06-19T22:48:19.722+0000] {logging_mixin.py:154} INFO - [2026-06-19T22:48:19.722+0000] {dag.py:3722} INFO - Setting next_dagrun for report_hourly_dag to 2026-06-19T01:58:00+00:00, run_after=2026-06-19T01:59:00+00:00
[2026-06-19T22:48:19.734+0000] {processor.py:179} INFO - Processing /opt/airflow/dags/report_hourly_dag.py took 0.058 seconds
[2026-06-19T22:48:49.956+0000] {processor.py:157} INFO - Started process (PID=8238) to work on /opt/airflow/dags/report_hourly_dag.py
[2026-06-19T22:48:49.959+0000] {processor.py:829} INFO - Processing file /opt/airflow/dags/report_hourly_dag.py for tasks to queue
[2026-06-19T22:48:49.960+0000] {logging_mixin.py:154} INFO - [2026-06-19T22:48:49.960+0000] {dagbag.py:536} INFO - Filling up the DagBag from /opt/airflow/dags/report_hourly_dag.py
[2026-06-19T22:48:49.972+0000] {processor.py:839} INFO - DAG(s) dict_keys(['report_hourly_dag']) retrieved from /opt/airflow/dags/report_hourly_dag.py
[2026-06-19T22:48:49.995+0000] {logging_mixin.py:154} INFO - [2026-06-19T22:48:49.995+0000] {dag.py:2941} INFO - Sync 1 DAGs
[2026-06-19T22:48:50.014+0000] {logging_mixin.py:154} INFO - [2026-06-19T22:48:50.013+0000] {dag.py:3722} INFO - Setting next_dagrun for report_hourly_dag to 2026-06-19T01:58:00+00:00, run_after=2026-06-19T01:59:00+00:00
[2026-06-19T22:48:50.026+0000] {processor.py:179} INFO - Processing /opt/airflow/dags/report_hourly_dag.py took 0.073 seconds
[2026-06-19T22:49:20.256+0000] {processor.py:157} INFO - Started process (PID=8253) to work on /opt/airflow/dags/report_hourly_dag.py
[2026-06-19T22:49:20.257+0000] {processor.py:829} INFO - Processing file /opt/airflow/dags/report_hourly_dag.py for tasks to queue
[2026-06-19T22:49:20.257+0000] {logging_mixin.py:154} INFO - [2026-06-19T22:49:20.257+0000] {dagbag.py:536} INFO - Filling up the DagBag from /opt/airflow/dags/report_hourly_dag.py
[2026-06-19T22:49:20.266+0000] {processor.py:839} INFO - DAG(s) dict_keys(['report_hourly_dag']) retrieved from /opt/airflow/dags/report_hourly_dag.py
[2026-06-19T22:49:20.282+0000] {logging_mixin.py:154} INFO - [2026-06-19T22:49:20.282+0000] {dag.py:2941} INFO - Sync 1 DAGs
[2026-06-19T22:49:20.298+0000] {logging_mixin.py:154} INFO - [2026-06-19T22:49:20.298+0000] {dag.py:3722} INFO - Setting next_dagrun for report_hourly_dag to 2026-06-19T01:58:00+00:00, run_after=2026-06-19T01:59:00+00:00
[2026-06-19T22:49:20.312+0000] {processor.py:179} INFO - Processing /opt/airflow/dags/report_hourly_dag.py took 0.059 seconds
[2026-06-19T22:49:50.534+0000] {processor.py:157} INFO - Started process (PID=8268) to work on /opt/airflow/dags/report_hourly_dag.py
[2026-06-19T22:49:50.535+0000] {processor.py:829} INFO - Processing file /opt/airflow/dags/report_hourly_dag.py for tasks to queue
[2026-06-19T22:49:50.535+0000] {logging_mixin.py:154} INFO - [2026-06-19T22:49:50.535+0000] {dagbag.py:536} INFO - Filling up the DagBag from /opt/airflow/dags/report_hourly_dag.py
[2026-06-19T22:49:50.545+0000] {processor.py:839} INFO - DAG(s) dict_keys(['report_hourly_dag']) retrieved from /opt/airflow/dags/report_hourly_dag.py
[2026-06-19T22:49:50.561+0000] {logging_mixin.py:154} INFO - [2026-06-19T22:49:50.561+0000] {dag.py:2941} INFO - Sync 1 DAGs
[2026-06-19T22:49:50.578+0000] {logging_mixin.py:154} INFO - [2026-06-19T22:49:50.577+0000] {dag.py:3722} INFO - Setting next_dagrun for report_hourly_dag to 2026-06-19T01:58:00+00:00, run_after=2026-06-19T01:59:00+00:00
[2026-06-19T22:49:50.590+0000] {processor.py:179} INFO - Processing /opt/airflow/dags/report_hourly_dag.py took 0.061 seconds
[2026-06-19T22:50:20.815+0000] {processor.py:157} INFO - Started process (PID=8283) to work on /opt/airflow/dags/report_hourly_dag.py
[2026-06-19T22:50:20.819+0000] {processor.py:829} INFO - Processing file /opt/airflow/dags/report_hourly_dag.py for tasks to queue
[2026-06-19T22:50:20.819+0000] {logging_mixin.py:154} INFO - [2026-06-19T22:50:20.819+0000] {dagbag.py:536} INFO - Filling up the DagBag from /opt/airflow/dags/report_hourly_dag.py
[2026-06-19T22:50:20.829+0000] {processor.py:839} INFO - DAG(s) dict_keys(['report_hourly_dag']) retrieved from /opt/airflow/dags/report_hourly_dag.py
[2026-06-19T22:50:20.844+0000] {logging_mixin.py:154} INFO - [2026-06-19T22:50:20.844+0000] {dag.py:2941} INFO - Sync 1 DAGs
[2026-06-19T22:50:20.936+0000] {logging_mixin.py:154} INFO - [2026-06-19T22:50:20.936+0000] {dag.py:3722} INFO - Setting next_dagrun for report_hourly_dag to 2026-06-19T01:58:00+00:00, run_after=2026-06-19T01:59:00+00:00
[2026-06-19T22:50:20.949+0000] {processor.py:179} INFO - Processing /opt/airflow/dags/report_hourly_dag.py took 0.137 seconds
[2026-06-19T22:50:51.173+0000] {processor.py:157} INFO - Started process (PID=8298) to work on /opt/airflow/dags/report_hourly_dag.py
[2026-06-19T22:50:51.174+0000] {processor.py:829} INFO - Processing file /opt/airflow/dags/report_hourly_dag.py for tasks to queue
[2026-06-19T22:50:51.175+0000] {logging_mixin.py:154} INFO - [2026-06-19T22:50:51.175+0000] {dagbag.py:536} INFO - Filling up the DagBag from /opt/airflow/dags/report_hourly_dag.py
[2026-06-19T22:50:51.185+0000] {processor.py:839} INFO - DAG(s) dict_keys(['report_hourly_dag']) retrieved from /opt/airflow/dags/report_hourly_dag.py
[2026-06-19T22:50:51.201+0000] {logging_mixin.py:154} INFO - [2026-06-19T22:50:51.200+0000] {dag.py:2941} INFO - Sync 1 DAGs
[2026-06-19T22:50:51.217+0000] {logging_mixin.py:154} INFO - [2026-06-19T22:50:51.217+0000] {dag.py:3722} INFO - Setting next_dagrun for report_hourly_dag to 2026-06-19T01:58:00+00:00, run_after=2026-06-19T01:59:00+00:00
[2026-06-19T22:50:51.231+0000] {processor.py:179} INFO - Processing /opt/airflow/dags/report_hourly_dag.py took 0.063 seconds
[2026-06-19T22:51:21.444+0000] {processor.py:157} INFO - Started process (PID=8313) to work on /opt/airflow/dags/report_hourly_dag.py
[2026-06-19T22:51:21.444+0000] {processor.py:829} INFO - Processing file /opt/airflow/dags/report_hourly_dag.py for tasks to queue
[2026-06-19T22:51:21.445+0000] {logging_mixin.py:154} INFO - [2026-06-19T22:51:21.445+0000] {dagbag.py:536} INFO - Filling up the DagBag from /opt/airflow/dags/report_hourly_dag.py
[2026-06-19T22:51:21.454+0000] {processor.py:839} INFO - DAG(s) dict_keys(['report_hourly_dag']) retrieved from /opt/airflow/dags/report_hourly_dag.py
[2026-06-19T22:51:21.474+0000] {logging_mixin.py:154} INFO - [2026-06-19T22:51:21.474+0000] {dag.py:2941} INFO - Sync 1 DAGs
[2026-06-19T22:51:21.494+0000] {logging_mixin.py:154} INFO - [2026-06-19T22:51:21.494+0000] {dag.py:3722} INFO - Setting next_dagrun for report_hourly_dag to 2026-06-19T01:58:00+00:00, run_after=2026-06-19T01:59:00+00:00
[2026-06-19T22:51:21.507+0000] {processor.py:179} INFO - Processing /opt/airflow/dags/report_hourly_dag.py took 0.067 seconds
[2026-06-19T22:51:51.732+0000] {processor.py:157} INFO - Started process (PID=8328) to work on /opt/airflow/dags/report_hourly_dag.py
[2026-06-19T22:51:51.736+0000] {processor.py:829} INFO - Processing file /opt/airflow/dags/report_hourly_dag.py for tasks to queue
[2026-06-19T22:51:51.737+0000] {logging_mixin.py:154} INFO - [2026-06-19T22:51:51.737+0000] {dagbag.py:536} INFO - Filling up the DagBag from /opt/airflow/dags/report_hourly_dag.py
[2026-06-19T22:51:51.747+0000] {processor.py:839} INFO - DAG(s) dict_keys(['report_hourly_dag']) retrieved from /opt/airflow/dags/report_hourly_dag.py
[2026-06-19T22:51:51.767+0000] {logging_mixin.py:154} INFO - [2026-06-19T22:51:51.767+0000] {dag.py:2941} INFO - Sync 1 DAGs
[2026-06-19T22:51:51.790+0000] {logging_mixin.py:154} INFO - [2026-06-19T22:51:51.789+0000] {dag.py:3722} INFO - Setting next_dagrun for report_hourly_dag to 2026-06-19T01:58:00+00:00, run_after=2026-06-19T01:59:00+00:00
[2026-06-19T22:51:51.804+0000] {processor.py:179} INFO - Processing /opt/airflow/dags/report_hourly_dag.py took 0.076 seconds
[2026-06-19T22:52:22.032+0000] {processor.py:157} INFO - Started process (PID=8343) to work on /opt/airflow/dags/report_hourly_dag.py
[2026-06-19T22:52:22.033+0000] {processor.py:829} INFO - Processing file /opt/airflow/dags/report_hourly_dag.py for tasks to queue
[2026-06-19T22:52:22.034+0000] {logging_mixin.py:154} INFO - [2026-06-19T22:52:22.034+0000] {dagbag.py:536} INFO - Filling up the DagBag from /opt/airflow/dags/report_hourly_dag.py
[2026-06-19T22:52:22.045+0000] {processor.py:839} INFO - DAG(s) dict_keys(['report_hourly_dag']) retrieved from /opt/airflow/dags/report_hourly_dag.py
[2026-06-19T22:52:22.063+0000] {logging_mixin.py:154} INFO - [2026-06-19T22:52:22.063+0000] {dag.py:2941} INFO - Sync 1 DAGs
[2026-06-19T22:52:22.155+0000] {logging_mixin.py:154} INFO - [2026-06-19T22:52:22.154+0000] {dag.py:3722} INFO - Setting next_dagrun for report_hourly_dag to 2026-06-19T01:58:00+00:00, run_after=2026-06-19T01:59:00+00:00
[2026-06-19T22:52:22.167+0000] {processor.py:179} INFO - Processing /opt/airflow/dags/report_hourly_dag.py took 0.138 seconds
[2026-06-19T22:52:52.471+0000] {processor.py:157} INFO - Started process (PID=8358) to work on /opt/airflow/dags/report_hourly_dag.py
[2026-06-19T22:52:52.475+0000] {processor.py:829} INFO - Processing file /opt/airflow/dags/report_hourly_dag.py for tasks to queue
[2026-06-19T22:52:52.476+0000] {logging_mixin.py:154} INFO - [2026-06-19T22:52:52.475+0000] {dagbag.py:536} INFO - Filling up the DagBag from /opt/airflow/dags/report_hourly_dag.py
[2026-06-19T22:52:52.485+0000] {processor.py:839} INFO - DAG(s) dict_keys(['report_hourly_dag']) retrieved from /opt/airflow/dags/report_hourly_dag.py
[2026-06-19T22:52:52.505+0000] {logging_mixin.py:154} INFO - [2026-06-19T22:52:52.505+0000] {dag.py:2941} INFO - Sync 1 DAGs
[2026-06-19T22:52:52.528+0000] {logging_mixin.py:154} INFO - [2026-06-19T22:52:52.527+0000] {dag.py:3722} INFO - Setting next_dagrun for report_hourly_dag to 2026-06-19T01:58:00+00:00, run_after=2026-06-19T01:59:00+00:00
[2026-06-19T22:52:52.540+0000] {processor.py:179} INFO - Processing /opt/airflow/dags/report_hourly_dag.py took 0.073 seconds
[2026-06-19T22:53:22.760+0000] {processor.py:157} INFO - Started process (PID=8373) to work on /opt/airflow/dags/report_hourly_dag.py
[2026-06-19T22:53:22.761+0000] {processor.py:829} INFO - Processing file /opt/airflow/dags/report_hourly_dag.py for tasks to queue
[2026-06-19T22:53:22.762+0000] {logging_mixin.py:154} INFO - [2026-06-19T22:53:22.761+0000] {dagbag.py:536} INFO - Filling up the DagBag from /opt/airflow/dags/report_hourly_dag.py
[2026-06-19T22:53:22.771+0000] {processor.py:839} INFO - DAG(s) dict_keys(['report_hourly_dag']) retrieved from /opt/airflow/dags/report_hourly_dag.py
[2026-06-19T22:53:22.786+0000] {logging_mixin.py:154} INFO - [2026-06-19T22:53:22.786+0000] {dag.py:2941} INFO - Sync 1 DAGs
[2026-06-19T22:53:22.803+0000] {logging_mixin.py:154} INFO - [2026-06-19T22:53:22.803+0000] {dag.py:3722} INFO - Setting next_dagrun for report_hourly_dag to 2026-06-19T01:58:00+00:00, run_after=2026-06-19T01:59:00+00:00
[2026-06-19T22:53:22.814+0000] {processor.py:179} INFO - Processing /opt/airflow/dags/report_hourly_dag.py took 0.058 seconds
[2026-06-19T22:53:53.035+0000] {processor.py:157} INFO - Started process (PID=8388) to work on /opt/airflow/dags/report_hourly_dag.py
[2026-06-19T22:53:53.038+0000] {processor.py:829} INFO - Processing file /opt/airflow/dags/report_hourly_dag.py for tasks to queue
[2026-06-19T22:53:53.039+0000] {logging_mixin.py:154} INFO - [2026-06-19T22:53:53.038+0000] {dagbag.py:536} INFO - Filling up the DagBag from /opt/airflow/dags/report_hourly_dag.py
[2026-06-19T22:53:53.052+0000] {processor.py:839} INFO - DAG(s) dict_keys(['report_hourly_dag']) retrieved from /opt/airflow/dags/report_hourly_dag.py
[2026-06-19T22:53:53.072+0000] {logging_mixin.py:154} INFO - [2026-06-19T22:53:53.072+0000] {dag.py:2941} INFO - Sync 1 DAGs
[2026-06-19T22:53:53.089+0000] {logging_mixin.py:154} INFO - [2026-06-19T22:53:53.089+0000] {dag.py:3722} INFO - Setting next_dagrun for report_hourly_dag to 2026-06-19T01:58:00+00:00, run_after=2026-06-19T01:59:00+00:00
[2026-06-19T22:53:53.108+0000] {processor.py:179} INFO - Processing /opt/airflow/dags/report_hourly_dag.py took 0.078 seconds
[2026-06-19T22:54:23.339+0000] {processor.py:157} INFO - Started process (PID=8403) to work on /opt/airflow/dags/report_hourly_dag.py
[2026-06-19T22:54:23.339+0000] {processor.py:829} INFO - Processing file /opt/airflow/dags/report_hourly_dag.py for tasks to queue
[2026-06-19T22:54:23.340+0000] {logging_mixin.py:154} INFO - [2026-06-19T22:54:23.339+0000] {dagbag.py:536} INFO - Filling up the DagBag from /opt/airflow/dags/report_hourly_dag.py
[2026-06-19T22:54:23.347+0000] {processor.py:839} INFO - DAG(s) dict_keys(['report_hourly_dag']) retrieved from /opt/airflow/dags/report_hourly_dag.py
[2026-06-19T22:54:23.365+0000] {logging_mixin.py:154} INFO - [2026-06-19T22:54:23.365+0000] {dag.py:2941} INFO - Sync 1 DAGs
[2026-06-19T22:54:23.385+0000] {logging_mixin.py:154} INFO - [2026-06-19T22:54:23.385+0000] {dag.py:3722} INFO - Setting next_dagrun for report_hourly_dag to 2026-06-19T01:58:00+00:00, run_after=2026-06-19T01:59:00+00:00
[2026-06-19T22:54:23.397+0000] {processor.py:179} INFO - Processing /opt/airflow/dags/report_hourly_dag.py took 0.061 seconds
[2026-06-19T22:54:53.622+0000] {processor.py:157} INFO - Started process (PID=8418) to work on /opt/airflow/dags/report_hourly_dag.py
[2026-06-19T22:54:53.623+0000] {processor.py:829} INFO - Processing file /opt/airflow/dags/report_hourly_dag.py for tasks to queue
[2026-06-19T22:54:53.624+0000] {logging_mixin.py:154} INFO - [2026-06-19T22:54:53.623+0000] {dagbag.py:536} INFO - Filling up the DagBag from /opt/airflow/dags/report_hourly_dag.py
[2026-06-19T22:54:53.632+0000] {processor.py:839} INFO - DAG(s) dict_keys(['report_hourly_dag']) retrieved from /opt/airflow/dags/report_hourly_dag.py
[2026-06-19T22:54:53.648+0000] {logging_mixin.py:154} INFO - [2026-06-19T22:54:53.648+0000] {dag.py:2941} INFO - Sync 1 DAGs
[2026-06-19T22:54:53.665+0000] {logging_mixin.py:154} INFO - [2026-06-19T22:54:53.665+0000] {dag.py:3722} INFO - Setting next_dagrun for report_hourly_dag to 2026-06-19T01:58:00+00:00, run_after=2026-06-19T01:59:00+00:00
[2026-06-19T22:54:53.678+0000] {processor.py:179} INFO - Processing /opt/airflow/dags/report_hourly_dag.py took 0.060 seconds
[2026-06-19T22:55:23.910+0000] {processor.py:157} INFO - Started process (PID=8433) to work on /opt/airflow/dags/report_hourly_dag.py
[2026-06-19T22:55:23.910+0000] {processor.py:829} INFO - Processing file /opt/airflow/dags/report_hourly_dag.py for tasks to queue
[2026-06-19T22:55:23.911+0000] {logging_mixin.py:154} INFO - [2026-06-19T22:55:23.911+0000] {dagbag.py:536} INFO - Filling up the DagBag from /opt/airflow/dags/report_hourly_dag.py
[2026-06-19T22:55:23.923+0000] {processor.py:839} INFO - DAG(s) dict_keys(['report_hourly_dag']) retrieved from /opt/airflow/dags/report_hourly_dag.py
[2026-06-19T22:55:23.939+0000] {logging_mixin.py:154} INFO - [2026-06-19T22:55:23.939+0000] {dag.py:2941} INFO - Sync 1 DAGs
[2026-06-19T22:55:23.956+0000] {logging_mixin.py:154} INFO - [2026-06-19T22:55:23.956+0000] {dag.py:3722} INFO - Setting next_dagrun for report_hourly_dag to 2026-06-19T01:58:00+00:00, run_after=2026-06-19T01:59:00+00:00
[2026-06-19T22:55:23.967+0000] {processor.py:179} INFO - Processing /opt/airflow/dags/report_hourly_dag.py took 0.061 seconds
[2026-06-19T22:55:54.195+0000] {processor.py:157} INFO - Started process (PID=8448) to work on /opt/airflow/dags/report_hourly_dag.py
[2026-06-19T22:55:54.198+0000] {processor.py:829} INFO - Processing file /opt/airflow/dags/report_hourly_dag.py for tasks to queue
[2026-06-19T22:55:54.199+0000] {logging_mixin.py:154} INFO - [2026-06-19T22:55:54.199+0000] {dagbag.py:536} INFO - Filling up the DagBag from /opt/airflow/dags/report_hourly_dag.py
[2026-06-19T22:55:54.209+0000] {processor.py:839} INFO - DAG(s) dict_keys(['report_hourly_dag']) retrieved from /opt/airflow/dags/report_hourly_dag.py
[2026-06-19T22:55:54.224+0000] {logging_mixin.py:154} INFO - [2026-06-19T22:55:54.224+0000] {dag.py:2941} INFO - Sync 1 DAGs
[2026-06-19T22:55:54.243+0000] {logging_mixin.py:154} INFO - [2026-06-19T22:55:54.243+0000] {dag.py:3722} INFO - Setting next_dagrun for report_hourly_dag to 2026-06-19T01:58:00+00:00, run_after=2026-06-19T01:59:00+00:00
[2026-06-19T22:55:54.257+0000] {processor.py:179} INFO - Processing /opt/airflow/dags/report_hourly_dag.py took 0.066 seconds
[2026-06-19T22:56:24.492+0000] {processor.py:157} INFO - Started process (PID=8463) to work on /opt/airflow/dags/report_hourly_dag.py
[2026-06-19T22:56:24.493+0000] {processor.py:829} INFO - Processing file /opt/airflow/dags/report_hourly_dag.py for tasks to queue
[2026-06-19T22:56:24.493+0000] {logging_mixin.py:154} INFO - [2026-06-19T22:56:24.493+0000] {dagbag.py:536} INFO - Filling up the DagBag from /opt/airflow/dags/report_hourly_dag.py
[2026-06-19T22:56:24.506+0000] {processor.py:839} INFO - DAG(s) dict_keys(['report_hourly_dag']) retrieved from /opt/airflow/dags/report_hourly_dag.py
[2026-06-19T22:56:24.522+0000] {logging_mixin.py:154} INFO - [2026-06-19T22:56:24.522+0000] {dag.py:2941} INFO - Sync 1 DAGs
[2026-06-19T22:56:24.540+0000] {logging_mixin.py:154} INFO - [2026-06-19T22:56:24.539+0000] {dag.py:3722} INFO - Setting next_dagrun for report_hourly_dag to 2026-06-19T01:58:00+00:00, run_after=2026-06-19T01:59:00+00:00
[2026-06-19T22:56:24.559+0000] {processor.py:179} INFO - Processing /opt/airflow/dags/report_hourly_dag.py took 0.072 seconds
[2026-06-19T22:56:54.776+0000] {processor.py:157} INFO - Started process (PID=8478) to work on /opt/airflow/dags/report_hourly_dag.py
[2026-06-19T22:56:54.779+0000] {processor.py:829} INFO - Processing file /opt/airflow/dags/report_hourly_dag.py for tasks to queue
[2026-06-19T22:56:54.780+0000] {logging_mixin.py:154} INFO - [2026-06-19T22:56:54.780+0000] {dagbag.py:536} INFO - Filling up the DagBag from /opt/airflow/dags/report_hourly_dag.py
[2026-06-19T22:56:54.790+0000] {processor.py:839} INFO - DAG(s) dict_keys(['report_hourly_dag']) retrieved from /opt/airflow/dags/report_hourly_dag.py
[2026-06-19T22:56:54.808+0000] {logging_mixin.py:154} INFO - [2026-06-19T22:56:54.807+0000] {dag.py:2941} INFO - Sync 1 DAGs
[2026-06-19T22:56:54.824+0000] {logging_mixin.py:154} INFO - [2026-06-19T22:56:54.824+0000] {dag.py:3722} INFO - Setting next_dagrun for report_hourly_dag to 2026-06-19T01:58:00+00:00, run_after=2026-06-19T01:59:00+00:00
[2026-06-19T22:56:54.836+0000] {processor.py:179} INFO - Processing /opt/airflow/dags/report_hourly_dag.py took 0.064 seconds
[2026-06-19T22:57:25.087+0000] {processor.py:157} INFO - Started process (PID=8493) to work on /opt/airflow/dags/report_hourly_dag.py
[2026-06-19T22:57:25.088+0000] {processor.py:829} INFO - Processing file /opt/airflow/dags/report_hourly_dag.py for tasks to queue
[2026-06-19T22:57:25.089+0000] {logging_mixin.py:154} INFO - [2026-06-19T22:57:25.088+0000] {dagbag.py:536} INFO - Filling up the DagBag from /opt/airflow/dags/report_hourly_dag.py
[2026-06-19T22:57:25.100+0000] {processor.py:839} INFO - DAG(s) dict_keys(['report_hourly_dag']) retrieved from /opt/airflow/dags/report_hourly_dag.py
[2026-06-19T22:57:25.117+0000] {logging_mixin.py:154} INFO - [2026-06-19T22:57:25.117+0000] {dag.py:2941} INFO - Sync 1 DAGs
[2026-06-19T22:57:25.134+0000] {logging_mixin.py:154} INFO - [2026-06-19T22:57:25.134+0000] {dag.py:3722} INFO - Setting next_dagrun for report_hourly_dag to 2026-06-19T01:58:00+00:00, run_after=2026-06-19T01:59:00+00:00
[2026-06-19T22:57:25.147+0000] {processor.py:179} INFO - Processing /opt/airflow/dags/report_hourly_dag.py took 0.064 seconds
[2026-06-19T22:57:55.368+0000] {processor.py:157} INFO - Started process (PID=8508) to work on /opt/airflow/dags/report_hourly_dag.py
[2026-06-19T22:57:55.372+0000] {processor.py:829} INFO - Processing file /opt/airflow/dags/report_hourly_dag.py for tasks to queue
[2026-06-19T22:57:55.373+0000] {logging_mixin.py:154} INFO - [2026-06-19T22:57:55.372+0000] {dagbag.py:536} INFO - Filling up the DagBag from /opt/airflow/dags/report_hourly_dag.py
[2026-06-19T22:57:55.382+0000] {processor.py:839} INFO - DAG(s) dict_keys(['report_hourly_dag']) retrieved from /opt/airflow/dags/report_hourly_dag.py
[2026-06-19T22:57:55.398+0000] {logging_mixin.py:154} INFO - [2026-06-19T22:57:55.398+0000] {dag.py:2941} INFO - Sync 1 DAGs
[2026-06-19T22:57:55.415+0000] {logging_mixin.py:154} INFO - [2026-06-19T22:57:55.415+0000] {dag.py:3722} INFO - Setting next_dagrun for report_hourly_dag to 2026-06-19T01:58:00+00:00, run_after=2026-06-19T01:59:00+00:00
[2026-06-19T22:57:55.427+0000] {processor.py:179} INFO - Processing /opt/airflow/dags/report_hourly_dag.py took 0.063 seconds
[2026-06-19T22:58:25.633+0000] {processor.py:157} INFO - Started process (PID=8523) to work on /opt/airflow/dags/report_hourly_dag.py
[2026-06-19T22:58:25.634+0000] {processor.py:829} INFO - Processing file /opt/airflow/dags/report_hourly_dag.py for tasks to queue
[2026-06-19T22:58:25.635+0000] {logging_mixin.py:154} INFO - [2026-06-19T22:58:25.634+0000] {dagbag.py:536} INFO - Filling up the DagBag from /opt/airflow/dags/report_hourly_dag.py
[2026-06-19T22:58:25.643+0000] {processor.py:839} INFO - DAG(s) dict_keys(['report_hourly_dag']) retrieved from /opt/airflow/dags/report_hourly_dag.py
[2026-06-19T22:58:25.658+0000] {logging_mixin.py:154} INFO - [2026-06-19T22:58:25.658+0000] {dag.py:2941} INFO - Sync 1 DAGs
[2026-06-19T22:58:25.678+0000] {logging_mixin.py:154} INFO - [2026-06-19T22:58:25.678+0000] {dag.py:3722} INFO - Setting next_dagrun for report_hourly_dag to 2026-06-19T01:58:00+00:00, run_after=2026-06-19T01:59:00+00:00
[2026-06-19T22:58:25.692+0000] {processor.py:179} INFO - Processing /opt/airflow/dags/report_hourly_dag.py took 0.061 seconds
[2026-06-19T22:58:55.908+0000] {processor.py:157} INFO - Started process (PID=8538) to work on /opt/airflow/dags/report_hourly_dag.py
[2026-06-19T22:58:55.912+0000] {processor.py:829} INFO - Processing file /opt/airflow/dags/report_hourly_dag.py for tasks to queue
[2026-06-19T22:58:55.913+0000] {logging_mixin.py:154} INFO - [2026-06-19T22:58:55.912+0000] {dagbag.py:536} INFO - Filling up the DagBag from /opt/airflow/dags/report_hourly_dag.py
[2026-06-19T22:58:55.925+0000] {processor.py:839} INFO - DAG(s) dict_keys(['report_hourly_dag']) retrieved from /opt/airflow/dags/report_hourly_dag.py
[2026-06-19T22:58:55.944+0000] {logging_mixin.py:154} INFO - [2026-06-19T22:58:55.944+0000] {dag.py:2941} INFO - Sync 1 DAGs
[2026-06-19T22:58:55.962+0000] {logging_mixin.py:154} INFO - [2026-06-19T22:58:55.962+0000] {dag.py:3722} INFO - Setting next_dagrun for report_hourly_dag to 2026-06-19T01:58:00+00:00, run_after=2026-06-19T01:59:00+00:00
[2026-06-19T22:58:55.975+0000] {processor.py:179} INFO - Processing /opt/airflow/dags/report_hourly_dag.py took 0.070 seconds
[2026-06-19T22:59:26.204+0000] {processor.py:157} INFO - Started process (PID=8553) to work on /opt/airflow/dags/report_hourly_dag.py
[2026-06-19T22:59:26.205+0000] {processor.py:829} INFO - Processing file /opt/airflow/dags/report_hourly_dag.py for tasks to queue
[2026-06-19T22:59:26.205+0000] {logging_mixin.py:154} INFO - [2026-06-19T22:59:26.205+0000] {dagbag.py:536} INFO - Filling up the DagBag from /opt/airflow/dags/report_hourly_dag.py
[2026-06-19T22:59:26.215+0000] {processor.py:839} INFO - DAG(s) dict_keys(['report_hourly_dag']) retrieved from /opt/airflow/dags/report_hourly_dag.py
[2026-06-19T22:59:26.230+0000] {logging_mixin.py:154} INFO - [2026-06-19T22:59:26.230+0000] {dag.py:2941} INFO - Sync 1 DAGs
[2026-06-19T22:59:26.247+0000] {logging_mixin.py:154} INFO - [2026-06-19T22:59:26.247+0000] {dag.py:3722} INFO - Setting next_dagrun for report_hourly_dag to 2026-06-19T01:58:00+00:00, run_after=2026-06-19T01:59:00+00:00
[2026-06-19T22:59:26.260+0000] {processor.py:179} INFO - Processing /opt/airflow/dags/report_hourly_dag.py took 0.060 seconds
[2026-06-19T22:59:56.468+0000] {processor.py:157} INFO - Started process (PID=8568) to work on /opt/airflow/dags/report_hourly_dag.py
[2026-06-19T22:59:56.471+0000] {processor.py:829} INFO - Processing file /opt/airflow/dags/report_hourly_dag.py for tasks to queue
[2026-06-19T22:59:56.472+0000] {logging_mixin.py:154} INFO - [2026-06-19T22:59:56.472+0000] {dagbag.py:536} INFO - Filling up the DagBag from /opt/airflow/dags/report_hourly_dag.py
[2026-06-19T22:59:56.483+0000] {processor.py:839} INFO - DAG(s) dict_keys(['report_hourly_dag']) retrieved from /opt/airflow/dags/report_hourly_dag.py
[2026-06-19T22:59:56.511+0000] {logging_mixin.py:154} INFO - [2026-06-19T22:59:56.510+0000] {dag.py:2941} INFO - Sync 1 DAGs
[2026-06-19T22:59:56.528+0000] {logging_mixin.py:154} INFO - [2026-06-19T22:59:56.528+0000] {dag.py:3722} INFO - Setting next_dagrun for report_hourly_dag to 2026-06-19T01:58:00+00:00, run_after=2026-06-19T01:59:00+00:00
[2026-06-19T22:59:56.540+0000] {processor.py:179} INFO - Processing /opt/airflow/dags/report_hourly_dag.py took 0.076 seconds
[2026-06-19T23:00:26.774+0000] {processor.py:157} INFO - Started process (PID=8583) to work on /opt/airflow/dags/report_hourly_dag.py
[2026-06-19T23:00:26.775+0000] {processor.py:829} INFO - Processing file /opt/airflow/dags/report_hourly_dag.py for tasks to queue
[2026-06-19T23:00:26.776+0000] {logging_mixin.py:154} INFO - [2026-06-19T23:00:26.775+0000] {dagbag.py:536} INFO - Filling up the DagBag from /opt/airflow/dags/report_hourly_dag.py
[2026-06-19T23:00:26.787+0000] {processor.py:839} INFO - DAG(s) dict_keys(['report_hourly_dag']) retrieved from /opt/airflow/dags/report_hourly_dag.py
[2026-06-19T23:00:26.803+0000] {logging_mixin.py:154} INFO - [2026-06-19T23:00:26.803+0000] {dag.py:2941} INFO - Sync 1 DAGs
[2026-06-19T23:00:26.819+0000] {logging_mixin.py:154} INFO - [2026-06-19T23:00:26.819+0000] {dag.py:3722} INFO - Setting next_dagrun for report_hourly_dag to 2026-06-19T01:58:00+00:00, run_after=2026-06-19T01:59:00+00:00
[2026-06-19T23:00:26.830+0000] {processor.py:179} INFO - Processing /opt/airflow/dags/report_hourly_dag.py took 0.060 seconds
[2026-06-19T23:00:57.056+0000] {processor.py:157} INFO - Started process (PID=8598) to work on /opt/airflow/dags/report_hourly_dag.py
[2026-06-19T23:00:57.058+0000] {processor.py:829} INFO - Processing file /opt/airflow/dags/report_hourly_dag.py for tasks to queue
[2026-06-19T23:00:57.059+0000] {logging_mixin.py:154} INFO - [2026-06-19T23:00:57.059+0000] {dagbag.py:536} INFO - Filling up the DagBag from /opt/airflow/dags/report_hourly_dag.py
[2026-06-19T23:00:57.069+0000] {processor.py:839} INFO - DAG(s) dict_keys(['report_hourly_dag']) retrieved from /opt/airflow/dags/report_hourly_dag.py
[2026-06-19T23:00:57.085+0000] {logging_mixin.py:154} INFO - [2026-06-19T23:00:57.085+0000] {dag.py:2941} INFO - Sync 1 DAGs
[2026-06-19T23:00:57.102+0000] {logging_mixin.py:154} INFO - [2026-06-19T23:00:57.102+0000] {dag.py:3722} INFO - Setting next_dagrun for report_hourly_dag to 2026-06-19T01:58:00+00:00, run_after=2026-06-19T01:59:00+00:00
[2026-06-19T23:00:57.116+0000] {processor.py:179} INFO - Processing /opt/airflow/dags/report_hourly_dag.py took 0.064 seconds
[2026-06-19T23:01:27.357+0000] {processor.py:157} INFO - Started process (PID=8613) to work on /opt/airflow/dags/report_hourly_dag.py
[2026-06-19T23:01:27.358+0000] {processor.py:829} INFO - Processing file /opt/airflow/dags/report_hourly_dag.py for tasks to queue
[2026-06-19T23:01:27.359+0000] {logging_mixin.py:154} INFO - [2026-06-19T23:01:27.358+0000] {dagbag.py:536} INFO - Filling up the DagBag from /opt/airflow/dags/report_hourly_dag.py
[2026-06-19T23:01:27.369+0000] {processor.py:839} INFO - DAG(s) dict_keys(['report_hourly_dag']) retrieved from /opt/airflow/dags/report_hourly_dag.py
[2026-06-19T23:01:27.384+0000] {logging_mixin.py:154} INFO - [2026-06-19T23:01:27.384+0000] {dag.py:2941} INFO - Sync 1 DAGs
[2026-06-19T23:01:27.402+0000] {logging_mixin.py:154} INFO - [2026-06-19T23:01:27.401+0000] {dag.py:3722} INFO - Setting next_dagrun for report_hourly_dag to 2026-06-19T01:58:00+00:00, run_after=2026-06-19T01:59:00+00:00
[2026-06-19T23:01:27.422+0000] {processor.py:179} INFO - Processing /opt/airflow/dags/report_hourly_dag.py took 0.068 seconds
[2026-06-19T23:01:57.645+0000] {processor.py:157} INFO - Started process (PID=8628) to work on /opt/airflow/dags/report_hourly_dag.py
[2026-06-19T23:01:57.645+0000] {processor.py:829} INFO - Processing file /opt/airflow/dags/report_hourly_dag.py for tasks to queue
[2026-06-19T23:01:57.646+0000] {logging_mixin.py:154} INFO - [2026-06-19T23:01:57.646+0000] {dagbag.py:536} INFO - Filling up the DagBag from /opt/airflow/dags/report_hourly_dag.py
[2026-06-19T23:01:57.655+0000] {processor.py:839} INFO - DAG(s) dict_keys(['report_hourly_dag']) retrieved from /opt/airflow/dags/report_hourly_dag.py
[2026-06-19T23:01:57.675+0000] {logging_mixin.py:154} INFO - [2026-06-19T23:01:57.675+0000] {dag.py:2941} INFO - Sync 1 DAGs
[2026-06-19T23:01:57.699+0000] {logging_mixin.py:154} INFO - [2026-06-19T23:01:57.699+0000] {dag.py:3722} INFO - Setting next_dagrun for report_hourly_dag to 2026-06-19T01:58:00+00:00, run_after=2026-06-19T01:59:00+00:00
[2026-06-19T23:01:57.716+0000] {processor.py:179} INFO - Processing /opt/airflow/dags/report_hourly_dag.py took 0.076 seconds
[2026-06-19T23:02:27.942+0000] {processor.py:157} INFO - Started process (PID=8643) to work on /opt/airflow/dags/report_hourly_dag.py
[2026-06-19T23:02:27.943+0000] {processor.py:829} INFO - Processing file /opt/airflow/dags/report_hourly_dag.py for tasks to queue
[2026-06-19T23:02:27.944+0000] {logging_mixin.py:154} INFO - [2026-06-19T23:02:27.944+0000] {dagbag.py:536} INFO - Filling up the DagBag from /opt/airflow/dags/report_hourly_dag.py
[2026-06-19T23:02:27.957+0000] {processor.py:839} INFO - DAG(s) dict_keys(['report_hourly_dag']) retrieved from /opt/airflow/dags/report_hourly_dag.py
[2026-06-19T23:02:27.977+0000] {logging_mixin.py:154} INFO - [2026-06-19T23:02:27.977+0000] {dag.py:2941} INFO - Sync 1 DAGs
[2026-06-19T23:02:27.999+0000] {logging_mixin.py:154} INFO - [2026-06-19T23:02:27.999+0000] {dag.py:3722} INFO - Setting next_dagrun for report_hourly_dag to 2026-06-19T01:58:00+00:00, run_after=2026-06-19T01:59:00+00:00
[2026-06-19T23:02:28.015+0000] {processor.py:179} INFO - Processing /opt/airflow/dags/report_hourly_dag.py took 0.078 seconds
[2026-06-19T23:02:58.244+0000] {processor.py:157} INFO - Started process (PID=8658) to work on /opt/airflow/dags/report_hourly_dag.py
[2026-06-19T23:02:58.245+0000] {processor.py:829} INFO - Processing file /opt/airflow/dags/report_hourly_dag.py for tasks to queue
[2026-06-19T23:02:58.246+0000] {logging_mixin.py:154} INFO - [2026-06-19T23:02:58.245+0000] {dagbag.py:536} INFO - Filling up the DagBag from /opt/airflow/dags/report_hourly_dag.py
[2026-06-19T23:02:58.255+0000] {processor.py:839} INFO - DAG(s) dict_keys(['report_hourly_dag']) retrieved from /opt/airflow/dags/report_hourly_dag.py
[2026-06-19T23:02:58.270+0000] {logging_mixin.py:154} INFO - [2026-06-19T23:02:58.269+0000] {dag.py:2941} INFO - Sync 1 DAGs
[2026-06-19T23:02:58.286+0000] {logging_mixin.py:154} INFO - [2026-06-19T23:02:58.286+0000] {dag.py:3722} INFO - Setting next_dagrun for report_hourly_dag to 2026-06-19T01:58:00+00:00, run_after=2026-06-19T01:59:00+00:00
[2026-06-19T23:02:58.298+0000] {processor.py:179} INFO - Processing /opt/airflow/dags/report_hourly_dag.py took 0.058 seconds
[2026-06-19T23:03:28.533+0000] {processor.py:157} INFO - Started process (PID=8673) to work on /opt/airflow/dags/report_hourly_dag.py
[2026-06-19T23:03:28.534+0000] {processor.py:829} INFO - Processing file /opt/airflow/dags/report_hourly_dag.py for tasks to queue
[2026-06-19T23:03:28.535+0000] {logging_mixin.py:154} INFO - [2026-06-19T23:03:28.534+0000] {dagbag.py:536} INFO - Filling up the DagBag from /opt/airflow/dags/report_hourly_dag.py
[2026-06-19T23:03:28.547+0000] {processor.py:839} INFO - DAG(s) dict_keys(['report_hourly_dag']) retrieved from /opt/airflow/dags/report_hourly_dag.py
[2026-06-19T23:03:28.568+0000] {logging_mixin.py:154} INFO - [2026-06-19T23:03:28.568+0000] {dag.py:2941} INFO - Sync 1 DAGs
[2026-06-19T23:03:28.591+0000] {logging_mixin.py:154} INFO - [2026-06-19T23:03:28.591+0000] {dag.py:3722} INFO - Setting next_dagrun for report_hourly_dag to 2026-06-19T01:58:00+00:00, run_after=2026-06-19T01:59:00+00:00
[2026-06-19T23:03:28.612+0000] {processor.py:179} INFO - Processing /opt/airflow/dags/report_hourly_dag.py took 0.083 seconds
[2026-06-19T23:03:58.838+0000] {processor.py:157} INFO - Started process (PID=8688) to work on /opt/airflow/dags/report_hourly_dag.py
[2026-06-19T23:03:58.842+0000] {processor.py:829} INFO - Processing file /opt/airflow/dags/report_hourly_dag.py for tasks to queue
[2026-06-19T23:03:58.843+0000] {logging_mixin.py:154} INFO - [2026-06-19T23:03:58.842+0000] {dagbag.py:536} INFO - Filling up the DagBag from /opt/airflow/dags/report_hourly_dag.py
[2026-06-19T23:03:58.859+0000] {processor.py:839} INFO - DAG(s) dict_keys(['report_hourly_dag']) retrieved from /opt/airflow/dags/report_hourly_dag.py
[2026-06-19T23:03:58.876+0000] {logging_mixin.py:154} INFO - [2026-06-19T23:03:58.876+0000] {dag.py:2941} INFO - Sync 1 DAGs
[2026-06-19T23:03:58.892+0000] {logging_mixin.py:154} INFO - [2026-06-19T23:03:58.892+0000] {dag.py:3722} INFO - Setting next_dagrun for report_hourly_dag to 2026-06-19T01:58:00+00:00, run_after=2026-06-19T01:59:00+00:00
[2026-06-19T23:03:58.913+0000] {processor.py:179} INFO - Processing /opt/airflow/dags/report_hourly_dag.py took 0.079 seconds
[2026-06-19T23:04:29.117+0000] {processor.py:157} INFO - Started process (PID=8703) to work on /opt/airflow/dags/report_hourly_dag.py
[2026-06-19T23:04:29.118+0000] {processor.py:829} INFO - Processing file /opt/airflow/dags/report_hourly_dag.py for tasks to queue
[2026-06-19T23:04:29.119+0000] {logging_mixin.py:154} INFO - [2026-06-19T23:04:29.118+0000] {dagbag.py:536} INFO - Filling up the DagBag from /opt/airflow/dags/report_hourly_dag.py
[2026-06-19T23:04:29.129+0000] {processor.py:839} INFO - DAG(s) dict_keys(['report_hourly_dag']) retrieved from /opt/airflow/dags/report_hourly_dag.py
[2026-06-19T23:04:29.146+0000] {logging_mixin.py:154} INFO - [2026-06-19T23:04:29.145+0000] {dag.py:2941} INFO - Sync 1 DAGs
[2026-06-19T23:04:29.162+0000] {logging_mixin.py:154} INFO - [2026-06-19T23:04:29.162+0000] {dag.py:3722} INFO - Setting next_dagrun for report_hourly_dag to 2026-06-19T01:58:00+00:00, run_after=2026-06-19T01:59:00+00:00
[2026-06-19T23:04:29.181+0000] {processor.py:179} INFO - Processing /opt/airflow/dags/report_hourly_dag.py took 0.067 seconds
[2026-06-19T23:04:59.400+0000] {processor.py:157} INFO - Started process (PID=8718) to work on /opt/airflow/dags/report_hourly_dag.py
[2026-06-19T23:04:59.400+0000] {processor.py:829} INFO - Processing file /opt/airflow/dags/report_hourly_dag.py for tasks to queue
[2026-06-19T23:04:59.401+0000] {logging_mixin.py:154} INFO - [2026-06-19T23:04:59.401+0000] {dagbag.py:536} INFO - Filling up the DagBag from /opt/airflow/dags/report_hourly_dag.py
[2026-06-19T23:04:59.409+0000] {processor.py:839} INFO - DAG(s) dict_keys(['report_hourly_dag']) retrieved from /opt/airflow/dags/report_hourly_dag.py
[2026-06-19T23:04:59.424+0000] {logging_mixin.py:154} INFO - [2026-06-19T23:04:59.424+0000] {dag.py:2941} INFO - Sync 1 DAGs
[2026-06-19T23:04:59.441+0000] {logging_mixin.py:154} INFO - [2026-06-19T23:04:59.441+0000] {dag.py:3722} INFO - Setting next_dagrun for report_hourly_dag to 2026-06-19T01:58:00+00:00, run_after=2026-06-19T01:59:00+00:00
[2026-06-19T23:04:59.453+0000] {processor.py:179} INFO - Processing /opt/airflow/dags/report_hourly_dag.py took 0.056 seconds
[2026-06-19T23:05:29.682+0000] {processor.py:157} INFO - Started process (PID=8733) to work on /opt/airflow/dags/report_hourly_dag.py
[2026-06-19T23:05:29.682+0000] {processor.py:829} INFO - Processing file /opt/airflow/dags/report_hourly_dag.py for tasks to queue
[2026-06-19T23:05:29.683+0000] {logging_mixin.py:154} INFO - [2026-06-19T23:05:29.683+0000] {dagbag.py:536} INFO - Filling up the DagBag from /opt/airflow/dags/report_hourly_dag.py
[2026-06-19T23:05:29.693+0000] {processor.py:839} INFO - DAG(s) dict_keys(['report_hourly_dag']) retrieved from /opt/airflow/dags/report_hourly_dag.py
[2026-06-19T23:05:29.709+0000] {logging_mixin.py:154} INFO - [2026-06-19T23:05:29.709+0000] {dag.py:2941} INFO - Sync 1 DAGs
[2026-06-19T23:05:29.727+0000] {logging_mixin.py:154} INFO - [2026-06-19T23:05:29.727+0000] {dag.py:3722} INFO - Setting next_dagrun for report_hourly_dag to 2026-06-19T01:58:00+00:00, run_after=2026-06-19T01:59:00+00:00
[2026-06-19T23:05:29.740+0000] {processor.py:179} INFO - Processing /opt/airflow/dags/report_hourly_dag.py took 0.062 seconds
[2026-06-19T23:05:59.969+0000] {processor.py:157} INFO - Started process (PID=8748) to work on /opt/airflow/dags/report_hourly_dag.py
[2026-06-19T23:05:59.971+0000] {processor.py:829} INFO - Processing file /opt/airflow/dags/report_hourly_dag.py for tasks to queue
[2026-06-19T23:05:59.972+0000] {logging_mixin.py:154} INFO - [2026-06-19T23:05:59.972+0000] {dagbag.py:536} INFO - Filling up the DagBag from /opt/airflow/dags/report_hourly_dag.py
[2026-06-19T23:05:59.985+0000] {processor.py:839} INFO - DAG(s) dict_keys(['report_hourly_dag']) retrieved from /opt/airflow/dags/report_hourly_dag.py
[2026-06-19T23:06:00.005+0000] {logging_mixin.py:154} INFO - [2026-06-19T23:06:00.005+0000] {dag.py:2941} INFO - Sync 1 DAGs
[2026-06-19T23:06:00.026+0000] {logging_mixin.py:154} INFO - [2026-06-19T23:06:00.026+0000] {dag.py:3722} INFO - Setting next_dagrun for report_hourly_dag to 2026-06-19T01:58:00+00:00, run_after=2026-06-19T01:59:00+00:00
[2026-06-19T23:06:00.038+0000] {processor.py:179} INFO - Processing /opt/airflow/dags/report_hourly_dag.py took 0.072 seconds
[2026-06-19T23:06:30.247+0000] {processor.py:157} INFO - Started process (PID=8763) to work on /opt/airflow/dags/report_hourly_dag.py
[2026-06-19T23:06:30.247+0000] {processor.py:829} INFO - Processing file /opt/airflow/dags/report_hourly_dag.py for tasks to queue
[2026-06-19T23:06:30.248+0000] {logging_mixin.py:154} INFO - [2026-06-19T23:06:30.248+0000] {dagbag.py:536} INFO - Filling up the DagBag from /opt/airflow/dags/report_hourly_dag.py
[2026-06-19T23:06:30.257+0000] {processor.py:839} INFO - DAG(s) dict_keys(['report_hourly_dag']) retrieved from /opt/airflow/dags/report_hourly_dag.py
[2026-06-19T23:06:30.275+0000] {logging_mixin.py:154} INFO - [2026-06-19T23:06:30.275+0000] {dag.py:2941} INFO - Sync 1 DAGs
[2026-06-19T23:06:30.296+0000] {logging_mixin.py:154} INFO - [2026-06-19T23:06:30.296+0000] {dag.py:3722} INFO - Setting next_dagrun for report_hourly_dag to 2026-06-19T01:58:00+00:00, run_after=2026-06-19T01:59:00+00:00
[2026-06-19T23:06:30.308+0000] {processor.py:179} INFO - Processing /opt/airflow/dags/report_hourly_dag.py took 0.065 seconds
[2026-06-19T23:07:00.523+0000] {processor.py:157} INFO - Started process (PID=8778) to work on /opt/airflow/dags/report_hourly_dag.py
[2026-06-19T23:07:00.525+0000] {processor.py:829} INFO - Processing file /opt/airflow/dags/report_hourly_dag.py for tasks to queue
[2026-06-19T23:07:00.526+0000] {logging_mixin.py:154} INFO - [2026-06-19T23:07:00.526+0000] {dagbag.py:536} INFO - Filling up the DagBag from /opt/airflow/dags/report_hourly_dag.py
[2026-06-19T23:07:00.536+0000] {processor.py:839} INFO - DAG(s) dict_keys(['report_hourly_dag']) retrieved from /opt/airflow/dags/report_hourly_dag.py
[2026-06-19T23:07:00.552+0000] {logging_mixin.py:154} INFO - [2026-06-19T23:07:00.552+0000] {dag.py:2941} INFO - Sync 1 DAGs
[2026-06-19T23:07:00.569+0000] {logging_mixin.py:154} INFO - [2026-06-19T23:07:00.569+0000] {dag.py:3722} INFO - Setting next_dagrun for report_hourly_dag to 2026-06-19T01:58:00+00:00, run_after=2026-06-19T01:59:00+00:00
[2026-06-19T23:07:00.581+0000] {processor.py:179} INFO - Processing /opt/airflow/dags/report_hourly_dag.py took 0.062 seconds
[2026-06-19T23:07:30.815+0000] {processor.py:157} INFO - Started process (PID=8793) to work on /opt/airflow/dags/report_hourly_dag.py
[2026-06-19T23:07:30.815+0000] {processor.py:829} INFO - Processing file /opt/airflow/dags/report_hourly_dag.py for tasks to queue
[2026-06-19T23:07:30.816+0000] {logging_mixin.py:154} INFO - [2026-06-19T23:07:30.816+0000] {dagbag.py:536} INFO - Filling up the DagBag from /opt/airflow/dags/report_hourly_dag.py
[2026-06-19T23:07:30.823+0000] {processor.py:839} INFO - DAG(s) dict_keys(['report_hourly_dag']) retrieved from /opt/airflow/dags/report_hourly_dag.py
[2026-06-19T23:07:30.838+0000] {logging_mixin.py:154} INFO - [2026-06-19T23:07:30.838+0000] {dag.py:2941} INFO - Sync 1 DAGs
[2026-06-19T23:07:30.854+0000] {logging_mixin.py:154} INFO - [2026-06-19T23:07:30.854+0000] {dag.py:3722} INFO - Setting next_dagrun for report_hourly_dag to 2026-06-19T01:58:00+00:00, run_after=2026-06-19T01:59:00+00:00
[2026-06-19T23:07:30.867+0000] {processor.py:179} INFO - Processing /opt/airflow/dags/report_hourly_dag.py took 0.055 seconds
[2026-06-19T23:08:01.090+0000] {processor.py:157} INFO - Started process (PID=8808) to work on /opt/airflow/dags/report_hourly_dag.py
[2026-06-19T23:08:01.092+0000] {processor.py:829} INFO - Processing file /opt/airflow/dags/report_hourly_dag.py for tasks to queue
[2026-06-19T23:08:01.093+0000] {logging_mixin.py:154} INFO - [2026-06-19T23:08:01.093+0000] {dagbag.py:536} INFO - Filling up the DagBag from /opt/airflow/dags/report_hourly_dag.py
[2026-06-19T23:08:01.102+0000] {processor.py:839} INFO - DAG(s) dict_keys(['report_hourly_dag']) retrieved from /opt/airflow/dags/report_hourly_dag.py
[2026-06-19T23:08:01.118+0000] {logging_mixin.py:154} INFO - [2026-06-19T23:08:01.118+0000] {dag.py:2941} INFO - Sync 1 DAGs
[2026-06-19T23:08:01.135+0000] {logging_mixin.py:154} INFO - [2026-06-19T23:08:01.135+0000] {dag.py:3722} INFO - Setting next_dagrun for report_hourly_dag to 2026-06-19T01:58:00+00:00, run_after=2026-06-19T01:59:00+00:00
[2026-06-19T23:08:01.148+0000] {processor.py:179} INFO - Processing /opt/airflow/dags/report_hourly_dag.py took 0.062 seconds
[2026-06-19T23:08:31.386+0000] {processor.py:157} INFO - Started process (PID=8823) to work on /opt/airflow/dags/report_hourly_dag.py
[2026-06-19T23:08:31.387+0000] {processor.py:829} INFO - Processing file /opt/airflow/dags/report_hourly_dag.py for tasks to queue
[2026-06-19T23:08:31.388+0000] {logging_mixin.py:154} INFO - [2026-06-19T23:08:31.388+0000] {dagbag.py:536} INFO - Filling up the DagBag from /opt/airflow/dags/report_hourly_dag.py
[2026-06-19T23:08:31.398+0000] {processor.py:839} INFO - DAG(s) dict_keys(['report_hourly_dag']) retrieved from /opt/airflow/dags/report_hourly_dag.py
[2026-06-19T23:08:31.414+0000] {logging_mixin.py:154} INFO - [2026-06-19T23:08:31.414+0000] {dag.py:2941} INFO - Sync 1 DAGs
[2026-06-19T23:08:31.431+0000] {logging_mixin.py:154} INFO - [2026-06-19T23:08:31.431+0000] {dag.py:3722} INFO - Setting next_dagrun for report_hourly_dag to 2026-06-19T01:58:00+00:00, run_after=2026-06-19T01:59:00+00:00
[2026-06-19T23:08:31.445+0000] {processor.py:179} INFO - Processing /opt/airflow/dags/report_hourly_dag.py took 0.063 seconds
[2026-06-19T23:09:01.664+0000] {processor.py:157} INFO - Started process (PID=8838) to work on /opt/airflow/dags/report_hourly_dag.py
[2026-06-19T23:09:01.667+0000] {processor.py:829} INFO - Processing file /opt/airflow/dags/report_hourly_dag.py for tasks to queue
[2026-06-19T23:09:01.668+0000] {logging_mixin.py:154} INFO - [2026-06-19T23:09:01.667+0000] {dagbag.py:536} INFO - Filling up the DagBag from /opt/airflow/dags/report_hourly_dag.py
[2026-06-19T23:09:01.679+0000] {processor.py:839} INFO - DAG(s) dict_keys(['report_hourly_dag']) retrieved from /opt/airflow/dags/report_hourly_dag.py
[2026-06-19T23:09:01.694+0000] {logging_mixin.py:154} INFO - [2026-06-19T23:09:01.694+0000] {dag.py:2941} INFO - Sync 1 DAGs
[2026-06-19T23:09:01.710+0000] {logging_mixin.py:154} INFO - [2026-06-19T23:09:01.710+0000] {dag.py:3722} INFO - Setting next_dagrun for report_hourly_dag to 2026-06-19T01:58:00+00:00, run_after=2026-06-19T01:59:00+00:00
[2026-06-19T23:09:01.721+0000] {processor.py:179} INFO - Processing /opt/airflow/dags/report_hourly_dag.py took 0.062 seconds
[2026-06-19T23:09:31.966+0000] {processor.py:157} INFO - Started process (PID=8853) to work on /opt/airflow/dags/report_hourly_dag.py
[2026-06-19T23:09:31.966+0000] {processor.py:829} INFO - Processing file /opt/airflow/dags/report_hourly_dag.py for tasks to queue
[2026-06-19T23:09:31.967+0000] {logging_mixin.py:154} INFO - [2026-06-19T23:09:31.967+0000] {dagbag.py:536} INFO - Filling up the DagBag from /opt/airflow/dags/report_hourly_dag.py
[2026-06-19T23:09:31.976+0000] {processor.py:839} INFO - DAG(s) dict_keys(['report_hourly_dag']) retrieved from /opt/airflow/dags/report_hourly_dag.py
[2026-06-19T23:09:31.990+0000] {logging_mixin.py:154} INFO - [2026-06-19T23:09:31.990+0000] {dag.py:2941} INFO - Sync 1 DAGs
[2026-06-19T23:09:32.006+0000] {logging_mixin.py:154} INFO - [2026-06-19T23:09:32.006+0000] {dag.py:3722} INFO - Setting next_dagrun for report_hourly_dag to 2026-06-19T01:58:00+00:00, run_after=2026-06-19T01:59:00+00:00
[2026-06-19T23:09:32.020+0000] {processor.py:179} INFO - Processing /opt/airflow/dags/report_hourly_dag.py took 0.059 seconds
[2026-06-19T23:10:02.257+0000] {processor.py:157} INFO - Started process (PID=8868) to work on /opt/airflow/dags/report_hourly_dag.py
[2026-06-19T23:10:02.260+0000] {processor.py:829} INFO - Processing file /opt/airflow/dags/report_hourly_dag.py for tasks to queue
[2026-06-19T23:10:02.261+0000] {logging_mixin.py:154} INFO - [2026-06-19T23:10:02.260+0000] {dagbag.py:536} INFO - Filling up the DagBag from /opt/airflow/dags/report_hourly_dag.py
[2026-06-19T23:10:02.270+0000] {processor.py:839} INFO - DAG(s) dict_keys(['report_hourly_dag']) retrieved from /opt/airflow/dags/report_hourly_dag.py
[2026-06-19T23:10:02.291+0000] {logging_mixin.py:154} INFO - [2026-06-19T23:10:02.291+0000] {dag.py:2941} INFO - Sync 1 DAGs
[2026-06-19T23:10:02.309+0000] {logging_mixin.py:154} INFO - [2026-06-19T23:10:02.309+0000] {dag.py:3722} INFO - Setting next_dagrun for report_hourly_dag to 2026-06-19T01:58:00+00:00, run_after=2026-06-19T01:59:00+00:00
[2026-06-19T23:10:02.322+0000] {processor.py:179} INFO - Processing /opt/airflow/dags/report_hourly_dag.py took 0.068 seconds
[2026-06-19T23:10:32.555+0000] {processor.py:157} INFO - Started process (PID=8883) to work on /opt/airflow/dags/report_hourly_dag.py
[2026-06-19T23:10:32.556+0000] {processor.py:829} INFO - Processing file /opt/airflow/dags/report_hourly_dag.py for tasks to queue
[2026-06-19T23:10:32.556+0000] {logging_mixin.py:154} INFO - [2026-06-19T23:10:32.556+0000] {dagbag.py:536} INFO - Filling up the DagBag from /opt/airflow/dags/report_hourly_dag.py
[2026-06-19T23:10:32.567+0000] {processor.py:839} INFO - DAG(s) dict_keys(['report_hourly_dag']) retrieved from /opt/airflow/dags/report_hourly_dag.py
[2026-06-19T23:10:32.582+0000] {logging_mixin.py:154} INFO - [2026-06-19T23:10:32.582+0000] {dag.py:2941} INFO - Sync 1 DAGs
[2026-06-19T23:10:32.598+0000] {logging_mixin.py:154} INFO - [2026-06-19T23:10:32.598+0000] {dag.py:3722} INFO - Setting next_dagrun for report_hourly_dag to 2026-06-19T01:58:00+00:00, run_after=2026-06-19T01:59:00+00:00
[2026-06-19T23:10:32.610+0000] {processor.py:179} INFO - Processing /opt/airflow/dags/report_hourly_dag.py took 0.059 seconds
[2026-06-19T23:11:02.835+0000] {processor.py:157} INFO - Started process (PID=8898) to work on /opt/airflow/dags/report_hourly_dag.py
[2026-06-19T23:11:02.837+0000] {processor.py:829} INFO - Processing file /opt/airflow/dags/report_hourly_dag.py for tasks to queue
[2026-06-19T23:11:02.838+0000] {logging_mixin.py:154} INFO - [2026-06-19T23:11:02.838+0000] {dagbag.py:536} INFO - Filling up the DagBag from /opt/airflow/dags/report_hourly_dag.py
[2026-06-19T23:11:02.849+0000] {processor.py:839} INFO - DAG(s) dict_keys(['report_hourly_dag']) retrieved from /opt/airflow/dags/report_hourly_dag.py
[2026-06-19T23:11:02.867+0000] {logging_mixin.py:154} INFO - [2026-06-19T23:11:02.867+0000] {dag.py:2941} INFO - Sync 1 DAGs
[2026-06-19T23:11:02.883+0000] {logging_mixin.py:154} INFO - [2026-06-19T23:11:02.883+0000] {dag.py:3722} INFO - Setting next_dagrun for report_hourly_dag to 2026-06-19T01:58:00+00:00, run_after=2026-06-19T01:59:00+00:00
[2026-06-19T23:11:02.896+0000] {processor.py:179} INFO - Processing /opt/airflow/dags/report_hourly_dag.py took 0.065 seconds
[2026-06-19T23:11:33.135+0000] {processor.py:157} INFO - Started process (PID=8913) to work on /opt/airflow/dags/report_hourly_dag.py
[2026-06-19T23:11:33.136+0000] {processor.py:829} INFO - Processing file /opt/airflow/dags/report_hourly_dag.py for tasks to queue
[2026-06-19T23:11:33.137+0000] {logging_mixin.py:154} INFO - [2026-06-19T23:11:33.137+0000] {dagbag.py:536} INFO - Filling up the DagBag from /opt/airflow/dags/report_hourly_dag.py
[2026-06-19T23:11:33.146+0000] {processor.py:839} INFO - DAG(s) dict_keys(['report_hourly_dag']) retrieved from /opt/airflow/dags/report_hourly_dag.py
[2026-06-19T23:11:33.161+0000] {logging_mixin.py:154} INFO - [2026-06-19T23:11:33.161+0000] {dag.py:2941} INFO - Sync 1 DAGs
[2026-06-19T23:11:33.178+0000] {logging_mixin.py:154} INFO - [2026-06-19T23:11:33.177+0000] {dag.py:3722} INFO - Setting next_dagrun for report_hourly_dag to 2026-06-19T01:58:00+00:00, run_after=2026-06-19T01:59:00+00:00
[2026-06-19T23:11:33.189+0000] {processor.py:179} INFO - Processing /opt/airflow/dags/report_hourly_dag.py took 0.057 seconds
[2026-06-19T23:12:03.415+0000] {processor.py:157} INFO - Started process (PID=8928) to work on /opt/airflow/dags/report_hourly_dag.py
[2026-06-19T23:12:03.417+0000] {processor.py:829} INFO - Processing file /opt/airflow/dags/report_hourly_dag.py for tasks to queue
[2026-06-19T23:12:03.418+0000] {logging_mixin.py:154} INFO - [2026-06-19T23:12:03.418+0000] {dagbag.py:536} INFO - Filling up the DagBag from /opt/airflow/dags/report_hourly_dag.py
[2026-06-19T23:12:03.427+0000] {processor.py:839} INFO - DAG(s) dict_keys(['report_hourly_dag']) retrieved from /opt/airflow/dags/report_hourly_dag.py
[2026-06-19T23:12:03.444+0000] {logging_mixin.py:154} INFO - [2026-06-19T23:12:03.443+0000] {dag.py:2941} INFO - Sync 1 DAGs
[2026-06-19T23:12:03.460+0000] {logging_mixin.py:154} INFO - [2026-06-19T23:12:03.460+0000] {dag.py:3722} INFO - Setting next_dagrun for report_hourly_dag to 2026-06-19T01:58:00+00:00, run_after=2026-06-19T01:59:00+00:00
[2026-06-19T23:12:03.473+0000] {processor.py:179} INFO - Processing /opt/airflow/dags/report_hourly_dag.py took 0.062 seconds
[2026-06-19T23:12:33.717+0000] {processor.py:157} INFO - Started process (PID=8943) to work on /opt/airflow/dags/report_hourly_dag.py
[2026-06-19T23:12:33.717+0000] {processor.py:829} INFO - Processing file /opt/airflow/dags/report_hourly_dag.py for tasks to queue
[2026-06-19T23:12:33.718+0000] {logging_mixin.py:154} INFO - [2026-06-19T23:12:33.718+0000] {dagbag.py:536} INFO - Filling up the DagBag from /opt/airflow/dags/report_hourly_dag.py
[2026-06-19T23:12:33.728+0000] {processor.py:839} INFO - DAG(s) dict_keys(['report_hourly_dag']) retrieved from /opt/airflow/dags/report_hourly_dag.py
[2026-06-19T23:12:33.743+0000] {logging_mixin.py:154} INFO - [2026-06-19T23:12:33.743+0000] {dag.py:2941} INFO - Sync 1 DAGs
[2026-06-19T23:12:33.761+0000] {logging_mixin.py:154} INFO - [2026-06-19T23:12:33.760+0000] {dag.py:3722} INFO - Setting next_dagrun for report_hourly_dag to 2026-06-19T01:58:00+00:00, run_after=2026-06-19T01:59:00+00:00
[2026-06-19T23:12:33.775+0000] {processor.py:179} INFO - Processing /opt/airflow/dags/report_hourly_dag.py took 0.062 seconds
[2026-06-19T23:13:04.002+0000] {processor.py:157} INFO - Started process (PID=8958) to work on /opt/airflow/dags/report_hourly_dag.py
[2026-06-19T23:13:04.003+0000] {processor.py:829} INFO - Processing file /opt/airflow/dags/report_hourly_dag.py for tasks to queue
[2026-06-19T23:13:04.004+0000] {logging_mixin.py:154} INFO - [2026-06-19T23:13:04.004+0000] {dagbag.py:536} INFO - Filling up the DagBag from /opt/airflow/dags/report_hourly_dag.py
[2026-06-19T23:13:04.020+0000] {processor.py:839} INFO - DAG(s) dict_keys(['report_hourly_dag']) retrieved from /opt/airflow/dags/report_hourly_dag.py
[2026-06-19T23:13:04.039+0000] {logging_mixin.py:154} INFO - [2026-06-19T23:13:04.039+0000] {dag.py:2941} INFO - Sync 1 DAGs
[2026-06-19T23:13:04.055+0000] {logging_mixin.py:154} INFO - [2026-06-19T23:13:04.055+0000] {dag.py:3722} INFO - Setting next_dagrun for report_hourly_dag to 2026-06-19T01:58:00+00:00, run_after=2026-06-19T01:59:00+00:00
[2026-06-19T23:13:04.067+0000] {processor.py:179} INFO - Processing /opt/airflow/dags/report_hourly_dag.py took 0.071 seconds
[2026-06-19T23:13:34.303+0000] {processor.py:157} INFO - Started process (PID=8973) to work on /opt/airflow/dags/report_hourly_dag.py
[2026-06-19T23:13:34.304+0000] {processor.py:829} INFO - Processing file /opt/airflow/dags/report_hourly_dag.py for tasks to queue
[2026-06-19T23:13:34.305+0000] {logging_mixin.py:154} INFO - [2026-06-19T23:13:34.305+0000] {dagbag.py:536} INFO - Filling up the DagBag from /opt/airflow/dags/report_hourly_dag.py
[2026-06-19T23:13:34.315+0000] {processor.py:839} INFO - DAG(s) dict_keys(['report_hourly_dag']) retrieved from /opt/airflow/dags/report_hourly_dag.py
[2026-06-19T23:13:34.330+0000] {logging_mixin.py:154} INFO - [2026-06-19T23:13:34.330+0000] {dag.py:2941} INFO - Sync 1 DAGs
[2026-06-19T23:13:34.347+0000] {logging_mixin.py:154} INFO - [2026-06-19T23:13:34.346+0000] {dag.py:3722} INFO - Setting next_dagrun for report_hourly_dag to 2026-06-19T01:58:00+00:00, run_after=2026-06-19T01:59:00+00:00
[2026-06-19T23:13:34.358+0000] {processor.py:179} INFO - Processing /opt/airflow/dags/report_hourly_dag.py took 0.059 seconds
[2026-06-19T23:14:04.582+0000] {processor.py:157} INFO - Started process (PID=8988) to work on /opt/airflow/dags/report_hourly_dag.py
[2026-06-19T23:14:04.583+0000] {processor.py:829} INFO - Processing file /opt/airflow/dags/report_hourly_dag.py for tasks to queue
[2026-06-19T23:14:04.584+0000] {logging_mixin.py:154} INFO - [2026-06-19T23:14:04.583+0000] {dagbag.py:536} INFO - Filling up the DagBag from /opt/airflow/dags/report_hourly_dag.py
[2026-06-19T23:14:04.601+0000] {processor.py:839} INFO - DAG(s) dict_keys(['report_hourly_dag']) retrieved from /opt/airflow/dags/report_hourly_dag.py
[2026-06-19T23:14:04.621+0000] {logging_mixin.py:154} INFO - [2026-06-19T23:14:04.621+0000] {dag.py:2941} INFO - Sync 1 DAGs
[2026-06-19T23:14:04.638+0000] {logging_mixin.py:154} INFO - [2026-06-19T23:14:04.638+0000] {dag.py:3722} INFO - Setting next_dagrun for report_hourly_dag to 2026-06-19T01:58:00+00:00, run_after=2026-06-19T01:59:00+00:00
[2026-06-19T23:14:04.650+0000] {processor.py:179} INFO - Processing /opt/airflow/dags/report_hourly_dag.py took 0.074 seconds
[2026-06-19T23:14:34.945+0000] {processor.py:157} INFO - Started process (PID=9003) to work on /opt/airflow/dags/report_hourly_dag.py
[2026-06-19T23:14:34.946+0000] {processor.py:829} INFO - Processing file /opt/airflow/dags/report_hourly_dag.py for tasks to queue
[2026-06-19T23:14:34.947+0000] {logging_mixin.py:154} INFO - [2026-06-19T23:14:34.947+0000] {dagbag.py:536} INFO - Filling up the DagBag from /opt/airflow/dags/report_hourly_dag.py
[2026-06-19T23:14:34.957+0000] {processor.py:839} INFO - DAG(s) dict_keys(['report_hourly_dag']) retrieved from /opt/airflow/dags/report_hourly_dag.py
[2026-06-19T23:14:34.974+0000] {logging_mixin.py:154} INFO - [2026-06-19T23:14:34.974+0000] {dag.py:2941} INFO - Sync 1 DAGs
[2026-06-19T23:14:34.990+0000] {logging_mixin.py:154} INFO - [2026-06-19T23:14:34.990+0000] {dag.py:3722} INFO - Setting next_dagrun for report_hourly_dag to 2026-06-19T01:58:00+00:00, run_after=2026-06-19T01:59:00+00:00
[2026-06-19T23:14:35.081+0000] {processor.py:179} INFO - Processing /opt/airflow/dags/report_hourly_dag.py took 0.139 seconds
[2026-06-19T23:15:05.310+0000] {processor.py:157} INFO - Started process (PID=9018) to work on /opt/airflow/dags/report_hourly_dag.py
[2026-06-19T23:15:05.314+0000] {processor.py:829} INFO - Processing file /opt/airflow/dags/report_hourly_dag.py for tasks to queue
[2026-06-19T23:15:05.315+0000] {logging_mixin.py:154} INFO - [2026-06-19T23:15:05.315+0000] {dagbag.py:536} INFO - Filling up the DagBag from /opt/airflow/dags/report_hourly_dag.py
[2026-06-19T23:15:05.324+0000] {processor.py:839} INFO - DAG(s) dict_keys(['report_hourly_dag']) retrieved from /opt/airflow/dags/report_hourly_dag.py
[2026-06-19T23:15:05.344+0000] {logging_mixin.py:154} INFO - [2026-06-19T23:15:05.344+0000] {dag.py:2941} INFO - Sync 1 DAGs
[2026-06-19T23:15:05.364+0000] {logging_mixin.py:154} INFO - [2026-06-19T23:15:05.363+0000] {dag.py:3722} INFO - Setting next_dagrun for report_hourly_dag to 2026-06-19T01:58:00+00:00, run_after=2026-06-19T01:59:00+00:00
[2026-06-19T23:15:05.376+0000] {processor.py:179} INFO - Processing /opt/airflow/dags/report_hourly_dag.py took 0.070 seconds
[2026-06-19T23:15:35.604+0000] {processor.py:157} INFO - Started process (PID=9033) to work on /opt/airflow/dags/report_hourly_dag.py
[2026-06-19T23:15:35.605+0000] {processor.py:829} INFO - Processing file /opt/airflow/dags/report_hourly_dag.py for tasks to queue
[2026-06-19T23:15:35.605+0000] {logging_mixin.py:154} INFO - [2026-06-19T23:15:35.605+0000] {dagbag.py:536} INFO - Filling up the DagBag from /opt/airflow/dags/report_hourly_dag.py
[2026-06-19T23:15:35.615+0000] {processor.py:839} INFO - DAG(s) dict_keys(['report_hourly_dag']) retrieved from /opt/airflow/dags/report_hourly_dag.py
[2026-06-19T23:15:35.630+0000] {logging_mixin.py:154} INFO - [2026-06-19T23:15:35.630+0000] {dag.py:2941} INFO - Sync 1 DAGs
[2026-06-19T23:15:35.646+0000] {logging_mixin.py:154} INFO - [2026-06-19T23:15:35.646+0000] {dag.py:3722} INFO - Setting next_dagrun for report_hourly_dag to 2026-06-19T01:58:00+00:00, run_after=2026-06-19T01:59:00+00:00
[2026-06-19T23:15:35.659+0000] {processor.py:179} INFO - Processing /opt/airflow/dags/report_hourly_dag.py took 0.059 seconds
[2026-06-19T23:16:05.888+0000] {processor.py:157} INFO - Started process (PID=9048) to work on /opt/airflow/dags/report_hourly_dag.py
[2026-06-19T23:16:05.890+0000] {processor.py:829} INFO - Processing file /opt/airflow/dags/report_hourly_dag.py for tasks to queue
[2026-06-19T23:16:05.891+0000] {logging_mixin.py:154} INFO - [2026-06-19T23:16:05.891+0000] {dagbag.py:536} INFO - Filling up the DagBag from /opt/airflow/dags/report_hourly_dag.py
[2026-06-19T23:16:05.901+0000] {processor.py:839} INFO - DAG(s) dict_keys(['report_hourly_dag']) retrieved from /opt/airflow/dags/report_hourly_dag.py
[2026-06-19T23:16:06.000+0000] {logging_mixin.py:154} INFO - [2026-06-19T23:16:06.000+0000] {dag.py:2941} INFO - Sync 1 DAGs
[2026-06-19T23:16:06.015+0000] {logging_mixin.py:154} INFO - [2026-06-19T23:16:06.015+0000] {dag.py:3722} INFO - Setting next_dagrun for report_hourly_dag to 2026-06-19T01:58:00+00:00, run_after=2026-06-19T01:59:00+00:00
[2026-06-19T23:16:06.032+0000] {processor.py:179} INFO - Processing /opt/airflow/dags/report_hourly_dag.py took 0.148 seconds
[2026-06-19T23:16:36.334+0000] {processor.py:157} INFO - Started process (PID=9063) to work on /opt/airflow/dags/report_hourly_dag.py
[2026-06-19T23:16:36.335+0000] {processor.py:829} INFO - Processing file /opt/airflow/dags/report_hourly_dag.py for tasks to queue
[2026-06-19T23:16:36.336+0000] {logging_mixin.py:154} INFO - [2026-06-19T23:16:36.336+0000] {dagbag.py:536} INFO - Filling up the DagBag from /opt/airflow/dags/report_hourly_dag.py
[2026-06-19T23:16:36.346+0000] {processor.py:839} INFO - DAG(s) dict_keys(['report_hourly_dag']) retrieved from /opt/airflow/dags/report_hourly_dag.py
[2026-06-19T23:16:36.361+0000] {logging_mixin.py:154} INFO - [2026-06-19T23:16:36.361+0000] {dag.py:2941} INFO - Sync 1 DAGs
[2026-06-19T23:16:36.378+0000] {logging_mixin.py:154} INFO - [2026-06-19T23:16:36.378+0000] {dag.py:3722} INFO - Setting next_dagrun for report_hourly_dag to 2026-06-19T01:58:00+00:00, run_after=2026-06-19T01:59:00+00:00
[2026-06-19T23:16:36.390+0000] {processor.py:179} INFO - Processing /opt/airflow/dags/report_hourly_dag.py took 0.059 seconds
[2026-06-19T23:17:06.618+0000] {processor.py:157} INFO - Started process (PID=9078) to work on /opt/airflow/dags/report_hourly_dag.py
[2026-06-19T23:17:06.621+0000] {processor.py:829} INFO - Processing file /opt/airflow/dags/report_hourly_dag.py for tasks to queue
[2026-06-19T23:17:06.622+0000] {logging_mixin.py:154} INFO - [2026-06-19T23:17:06.621+0000] {dagbag.py:536} INFO - Filling up the DagBag from /opt/airflow/dags/report_hourly_dag.py
[2026-06-19T23:17:06.635+0000] {processor.py:839} INFO - DAG(s) dict_keys(['report_hourly_dag']) retrieved from /opt/airflow/dags/report_hourly_dag.py
[2026-06-19T23:17:06.651+0000] {logging_mixin.py:154} INFO - [2026-06-19T23:17:06.651+0000] {dag.py:2941} INFO - Sync 1 DAGs
[2026-06-19T23:17:06.669+0000] {logging_mixin.py:154} INFO - [2026-06-19T23:17:06.669+0000] {dag.py:3722} INFO - Setting next_dagrun for report_hourly_dag to 2026-06-19T01:58:00+00:00, run_after=2026-06-19T01:59:00+00:00
[2026-06-19T23:17:06.681+0000] {processor.py:179} INFO - Processing /opt/airflow/dags/report_hourly_dag.py took 0.068 seconds
[2026-06-19T23:17:36.951+0000] {processor.py:157} INFO - Started process (PID=9093) to work on /opt/airflow/dags/report_hourly_dag.py
[2026-06-19T23:17:36.952+0000] {processor.py:829} INFO - Processing file /opt/airflow/dags/report_hourly_dag.py for tasks to queue
[2026-06-19T23:17:36.953+0000] {logging_mixin.py:154} INFO - [2026-06-19T23:17:36.953+0000] {dagbag.py:536} INFO - Filling up the DagBag from /opt/airflow/dags/report_hourly_dag.py
[2026-06-19T23:17:36.962+0000] {processor.py:839} INFO - DAG(s) dict_keys(['report_hourly_dag']) retrieved from /opt/airflow/dags/report_hourly_dag.py
[2026-06-19T23:17:36.980+0000] {logging_mixin.py:154} INFO - [2026-06-19T23:17:36.980+0000] {dag.py:2941} INFO - Sync 1 DAGs
[2026-06-19T23:17:36.999+0000] {logging_mixin.py:154} INFO - [2026-06-19T23:17:36.999+0000] {dag.py:3722} INFO - Setting next_dagrun for report_hourly_dag to 2026-06-19T01:58:00+00:00, run_after=2026-06-19T01:59:00+00:00
[2026-06-19T23:17:37.013+0000] {processor.py:179} INFO - Processing /opt/airflow/dags/report_hourly_dag.py took 0.065 seconds
[2026-06-19T23:18:07.244+0000] {processor.py:157} INFO - Started process (PID=9108) to work on /opt/airflow/dags/report_hourly_dag.py
[2026-06-19T23:18:07.247+0000] {processor.py:829} INFO - Processing file /opt/airflow/dags/report_hourly_dag.py for tasks to queue
[2026-06-19T23:18:07.248+0000] {logging_mixin.py:154} INFO - [2026-06-19T23:18:07.247+0000] {dagbag.py:536} INFO - Filling up the DagBag from /opt/airflow/dags/report_hourly_dag.py
[2026-06-19T23:18:07.257+0000] {processor.py:839} INFO - DAG(s) dict_keys(['report_hourly_dag']) retrieved from /opt/airflow/dags/report_hourly_dag.py
[2026-06-19T23:18:07.274+0000] {logging_mixin.py:154} INFO - [2026-06-19T23:18:07.273+0000] {dag.py:2941} INFO - Sync 1 DAGs
[2026-06-19T23:18:07.290+0000] {logging_mixin.py:154} INFO - [2026-06-19T23:18:07.289+0000] {dag.py:3722} INFO - Setting next_dagrun for report_hourly_dag to 2026-06-19T01:58:00+00:00, run_after=2026-06-19T01:59:00+00:00
[2026-06-19T23:18:07.303+0000] {processor.py:179} INFO - Processing /opt/airflow/dags/report_hourly_dag.py took 0.063 seconds
[2026-06-19T23:18:37.526+0000] {processor.py:157} INFO - Started process (PID=9123) to work on /opt/airflow/dags/report_hourly_dag.py
[2026-06-19T23:18:37.527+0000] {processor.py:829} INFO - Processing file /opt/airflow/dags/report_hourly_dag.py for tasks to queue
[2026-06-19T23:18:37.528+0000] {logging_mixin.py:154} INFO - [2026-06-19T23:18:37.527+0000] {dagbag.py:536} INFO - Filling up the DagBag from /opt/airflow/dags/report_hourly_dag.py
[2026-06-19T23:18:37.537+0000] {processor.py:839} INFO - DAG(s) dict_keys(['report_hourly_dag']) retrieved from /opt/airflow/dags/report_hourly_dag.py
[2026-06-19T23:18:37.553+0000] {logging_mixin.py:154} INFO - [2026-06-19T23:18:37.552+0000] {dag.py:2941} INFO - Sync 1 DAGs
[2026-06-19T23:18:37.570+0000] {logging_mixin.py:154} INFO - [2026-06-19T23:18:37.570+0000] {dag.py:3722} INFO - Setting next_dagrun for report_hourly_dag to 2026-06-19T01:58:00+00:00, run_after=2026-06-19T01:59:00+00:00
[2026-06-19T23:18:37.582+0000] {processor.py:179} INFO - Processing /opt/airflow/dags/report_hourly_dag.py took 0.059 seconds
[2026-06-19T23:19:07.805+0000] {processor.py:157} INFO - Started process (PID=9138) to work on /opt/airflow/dags/report_hourly_dag.py
[2026-06-19T23:19:07.809+0000] {processor.py:829} INFO - Processing file /opt/airflow/dags/report_hourly_dag.py for tasks to queue
[2026-06-19T23:19:07.810+0000] {logging_mixin.py:154} INFO - [2026-06-19T23:19:07.809+0000] {dagbag.py:536} INFO - Filling up the DagBag from /opt/airflow/dags/report_hourly_dag.py
[2026-06-19T23:19:07.819+0000] {processor.py:839} INFO - DAG(s) dict_keys(['report_hourly_dag']) retrieved from /opt/airflow/dags/report_hourly_dag.py
[2026-06-19T23:19:07.837+0000] {logging_mixin.py:154} INFO - [2026-06-19T23:19:07.837+0000] {dag.py:2941} INFO - Sync 1 DAGs
[2026-06-19T23:19:07.857+0000] {logging_mixin.py:154} INFO - [2026-06-19T23:19:07.857+0000] {dag.py:3722} INFO - Setting next_dagrun for report_hourly_dag to 2026-06-19T01:58:00+00:00, run_after=2026-06-19T01:59:00+00:00
[2026-06-19T23:19:07.871+0000] {processor.py:179} INFO - Processing /opt/airflow/dags/report_hourly_dag.py took 0.070 seconds
[2026-06-19T23:19:38.105+0000] {processor.py:157} INFO - Started process (PID=9153) to work on /opt/airflow/dags/report_hourly_dag.py
[2026-06-19T23:19:38.106+0000] {processor.py:829} INFO - Processing file /opt/airflow/dags/report_hourly_dag.py for tasks to queue
[2026-06-19T23:19:38.106+0000] {logging_mixin.py:154} INFO - [2026-06-19T23:19:38.106+0000] {dagbag.py:536} INFO - Filling up the DagBag from /opt/airflow/dags/report_hourly_dag.py
[2026-06-19T23:19:38.115+0000] {processor.py:839} INFO - DAG(s) dict_keys(['report_hourly_dag']) retrieved from /opt/airflow/dags/report_hourly_dag.py
[2026-06-19T23:19:38.130+0000] {logging_mixin.py:154} INFO - [2026-06-19T23:19:38.130+0000] {dag.py:2941} INFO - Sync 1 DAGs
[2026-06-19T23:19:38.148+0000] {logging_mixin.py:154} INFO - [2026-06-19T23:19:38.148+0000] {dag.py:3722} INFO - Setting next_dagrun for report_hourly_dag to 2026-06-19T01:58:00+00:00, run_after=2026-06-19T01:59:00+00:00
[2026-06-19T23:19:38.160+0000] {processor.py:179} INFO - Processing /opt/airflow/dags/report_hourly_dag.py took 0.059 seconds
[2026-06-19T23:20:08.386+0000] {processor.py:157} INFO - Started process (PID=9168) to work on /opt/airflow/dags/report_hourly_dag.py
[2026-06-19T23:20:08.387+0000] {processor.py:829} INFO - Processing file /opt/airflow/dags/report_hourly_dag.py for tasks to queue
[2026-06-19T23:20:08.388+0000] {logging_mixin.py:154} INFO - [2026-06-19T23:20:08.388+0000] {dagbag.py:536} INFO - Filling up the DagBag from /opt/airflow/dags/report_hourly_dag.py
[2026-06-19T23:20:08.399+0000] {processor.py:839} INFO - DAG(s) dict_keys(['report_hourly_dag']) retrieved from /opt/airflow/dags/report_hourly_dag.py
[2026-06-19T23:20:08.416+0000] {logging_mixin.py:154} INFO - [2026-06-19T23:20:08.416+0000] {dag.py:2941} INFO - Sync 1 DAGs
[2026-06-19T23:20:08.433+0000] {logging_mixin.py:154} INFO - [2026-06-19T23:20:08.433+0000] {dag.py:3722} INFO - Setting next_dagrun for report_hourly_dag to 2026-06-19T01:58:00+00:00, run_after=2026-06-19T01:59:00+00:00
[2026-06-19T23:20:08.450+0000] {processor.py:179} INFO - Processing /opt/airflow/dags/report_hourly_dag.py took 0.069 seconds
[2026-06-19T23:20:38.676+0000] {processor.py:157} INFO - Started process (PID=9183) to work on /opt/airflow/dags/report_hourly_dag.py
[2026-06-19T23:20:38.676+0000] {processor.py:829} INFO - Processing file /opt/airflow/dags/report_hourly_dag.py for tasks to queue
[2026-06-19T23:20:38.677+0000] {logging_mixin.py:154} INFO - [2026-06-19T23:20:38.677+0000] {dagbag.py:536} INFO - Filling up the DagBag from /opt/airflow/dags/report_hourly_dag.py
[2026-06-19T23:20:38.687+0000] {processor.py:839} INFO - DAG(s) dict_keys(['report_hourly_dag']) retrieved from /opt/airflow/dags/report_hourly_dag.py
[2026-06-19T23:20:38.702+0000] {logging_mixin.py:154} INFO - [2026-06-19T23:20:38.702+0000] {dag.py:2941} INFO - Sync 1 DAGs
[2026-06-19T23:20:38.718+0000] {logging_mixin.py:154} INFO - [2026-06-19T23:20:38.718+0000] {dag.py:3722} INFO - Setting next_dagrun for report_hourly_dag to 2026-06-19T01:58:00+00:00, run_after=2026-06-19T01:59:00+00:00
[2026-06-19T23:20:38.731+0000] {processor.py:179} INFO - Processing /opt/airflow/dags/report_hourly_dag.py took 0.059 seconds
[2026-06-19T23:21:08.970+0000] {processor.py:157} INFO - Started process (PID=9198) to work on /opt/airflow/dags/report_hourly_dag.py
[2026-06-19T23:21:08.973+0000] {processor.py:829} INFO - Processing file /opt/airflow/dags/report_hourly_dag.py for tasks to queue
[2026-06-19T23:21:08.974+0000] {logging_mixin.py:154} INFO - [2026-06-19T23:21:08.973+0000] {dagbag.py:536} INFO - Filling up the DagBag from /opt/airflow/dags/report_hourly_dag.py
[2026-06-19T23:21:08.986+0000] {processor.py:839} INFO - DAG(s) dict_keys(['report_hourly_dag']) retrieved from /opt/airflow/dags/report_hourly_dag.py
[2026-06-19T23:21:09.003+0000] {logging_mixin.py:154} INFO - [2026-06-19T23:21:09.003+0000] {dag.py:2941} INFO - Sync 1 DAGs
[2026-06-19T23:21:09.020+0000] {logging_mixin.py:154} INFO - [2026-06-19T23:21:09.020+0000] {dag.py:3722} INFO - Setting next_dagrun for report_hourly_dag to 2026-06-19T01:58:00+00:00, run_after=2026-06-19T01:59:00+00:00
[2026-06-19T23:21:09.034+0000] {processor.py:179} INFO - Processing /opt/airflow/dags/report_hourly_dag.py took 0.067 seconds
[2026-06-19T23:21:39.264+0000] {processor.py:157} INFO - Started process (PID=9213) to work on /opt/airflow/dags/report_hourly_dag.py
[2026-06-19T23:21:39.265+0000] {processor.py:829} INFO - Processing file /opt/airflow/dags/report_hourly_dag.py for tasks to queue
[2026-06-19T23:21:39.265+0000] {logging_mixin.py:154} INFO - [2026-06-19T23:21:39.265+0000] {dagbag.py:536} INFO - Filling up the DagBag from /opt/airflow/dags/report_hourly_dag.py
[2026-06-19T23:21:39.276+0000] {processor.py:839} INFO - DAG(s) dict_keys(['report_hourly_dag']) retrieved from /opt/airflow/dags/report_hourly_dag.py
[2026-06-19T23:21:39.291+0000] {logging_mixin.py:154} INFO - [2026-06-19T23:21:39.291+0000] {dag.py:2941} INFO - Sync 1 DAGs
[2026-06-19T23:21:39.309+0000] {logging_mixin.py:154} INFO - [2026-06-19T23:21:39.309+0000] {dag.py:3722} INFO - Setting next_dagrun for report_hourly_dag to 2026-06-19T01:58:00+00:00, run_after=2026-06-19T01:59:00+00:00
[2026-06-19T23:21:39.323+0000] {processor.py:179} INFO - Processing /opt/airflow/dags/report_hourly_dag.py took 0.063 seconds
[2026-06-19T23:22:09.551+0000] {processor.py:157} INFO - Started process (PID=9228) to work on /opt/airflow/dags/report_hourly_dag.py
[2026-06-19T23:22:09.552+0000] {processor.py:829} INFO - Processing file /opt/airflow/dags/report_hourly_dag.py for tasks to queue
[2026-06-19T23:22:09.552+0000] {logging_mixin.py:154} INFO - [2026-06-19T23:22:09.552+0000] {dagbag.py:536} INFO - Filling up the DagBag from /opt/airflow/dags/report_hourly_dag.py
[2026-06-19T23:22:09.562+0000] {processor.py:839} INFO - DAG(s) dict_keys(['report_hourly_dag']) retrieved from /opt/airflow/dags/report_hourly_dag.py
[2026-06-19T23:22:09.582+0000] {logging_mixin.py:154} INFO - [2026-06-19T23:22:09.582+0000] {dag.py:2941} INFO - Sync 1 DAGs
[2026-06-19T23:22:09.602+0000] {logging_mixin.py:154} INFO - [2026-06-19T23:22:09.602+0000] {dag.py:3722} INFO - Setting next_dagrun for report_hourly_dag to 2026-06-19T01:58:00+00:00, run_after=2026-06-19T01:59:00+00:00
[2026-06-19T23:22:09.618+0000] {processor.py:179} INFO - Processing /opt/airflow/dags/report_hourly_dag.py took 0.072 seconds
[2026-06-19T23:22:39.851+0000] {processor.py:157} INFO - Started process (PID=9243) to work on /opt/airflow/dags/report_hourly_dag.py
[2026-06-19T23:22:39.851+0000] {processor.py:829} INFO - Processing file /opt/airflow/dags/report_hourly_dag.py for tasks to queue
[2026-06-19T23:22:39.852+0000] {logging_mixin.py:154} INFO - [2026-06-19T23:22:39.852+0000] {dagbag.py:536} INFO - Filling up the DagBag from /opt/airflow/dags/report_hourly_dag.py
[2026-06-19T23:22:39.862+0000] {processor.py:839} INFO - DAG(s) dict_keys(['report_hourly_dag']) retrieved from /opt/airflow/dags/report_hourly_dag.py
[2026-06-19T23:22:39.878+0000] {logging_mixin.py:154} INFO - [2026-06-19T23:22:39.878+0000] {dag.py:2941} INFO - Sync 1 DAGs
[2026-06-19T23:22:39.896+0000] {logging_mixin.py:154} INFO - [2026-06-19T23:22:39.895+0000] {dag.py:3722} INFO - Setting next_dagrun for report_hourly_dag to 2026-06-19T01:58:00+00:00, run_after=2026-06-19T01:59:00+00:00
[2026-06-19T23:22:39.908+0000] {processor.py:179} INFO - Processing /opt/airflow/dags/report_hourly_dag.py took 0.061 seconds
[2026-06-19T23:23:10.152+0000] {processor.py:157} INFO - Started process (PID=9258) to work on /opt/airflow/dags/report_hourly_dag.py
[2026-06-19T23:23:10.161+0000] {processor.py:829} INFO - Processing file /opt/airflow/dags/report_hourly_dag.py for tasks to queue
[2026-06-19T23:23:10.162+0000] {logging_mixin.py:154} INFO - [2026-06-19T23:23:10.161+0000] {dagbag.py:536} INFO - Filling up the DagBag from /opt/airflow/dags/report_hourly_dag.py
[2026-06-19T23:23:10.173+0000] {processor.py:839} INFO - DAG(s) dict_keys(['report_hourly_dag']) retrieved from /opt/airflow/dags/report_hourly_dag.py
[2026-06-19T23:23:10.193+0000] {logging_mixin.py:154} INFO - [2026-06-19T23:23:10.192+0000] {dag.py:2941} INFO - Sync 1 DAGs
[2026-06-19T23:23:10.215+0000] {logging_mixin.py:154} INFO - [2026-06-19T23:23:10.215+0000] {dag.py:3722} INFO - Setting next_dagrun for report_hourly_dag to 2026-06-19T01:58:00+00:00, run_after=2026-06-19T01:59:00+00:00
[2026-06-19T23:23:10.231+0000] {processor.py:179} INFO - Processing /opt/airflow/dags/report_hourly_dag.py took 0.086 seconds
[2026-06-19T23:23:40.452+0000] {processor.py:157} INFO - Started process (PID=9273) to work on /opt/airflow/dags/report_hourly_dag.py
[2026-06-19T23:23:40.453+0000] {processor.py:829} INFO - Processing file /opt/airflow/dags/report_hourly_dag.py for tasks to queue
[2026-06-19T23:23:40.453+0000] {logging_mixin.py:154} INFO - [2026-06-19T23:23:40.453+0000] {dagbag.py:536} INFO - Filling up the DagBag from /opt/airflow/dags/report_hourly_dag.py
[2026-06-19T23:23:40.465+0000] {processor.py:839} INFO - DAG(s) dict_keys(['report_hourly_dag']) retrieved from /opt/airflow/dags/report_hourly_dag.py
[2026-06-19T23:23:40.479+0000] {logging_mixin.py:154} INFO - [2026-06-19T23:23:40.479+0000] {dag.py:2941} INFO - Sync 1 DAGs
[2026-06-19T23:23:40.499+0000] {logging_mixin.py:154} INFO - [2026-06-19T23:23:40.499+0000] {dag.py:3722} INFO - Setting next_dagrun for report_hourly_dag to 2026-06-19T01:58:00+00:00, run_after=2026-06-19T01:59:00+00:00
[2026-06-19T23:23:40.522+0000] {processor.py:179} INFO - Processing /opt/airflow/dags/report_hourly_dag.py took 0.074 seconds
[2026-06-19T23:24:10.748+0000] {processor.py:157} INFO - Started process (PID=9288) to work on /opt/airflow/dags/report_hourly_dag.py
[2026-06-19T23:24:10.752+0000] {processor.py:829} INFO - Processing file /opt/airflow/dags/report_hourly_dag.py for tasks to queue
[2026-06-19T23:24:10.752+0000] {logging_mixin.py:154} INFO - [2026-06-19T23:24:10.752+0000] {dagbag.py:536} INFO - Filling up the DagBag from /opt/airflow/dags/report_hourly_dag.py
[2026-06-19T23:24:10.764+0000] {processor.py:839} INFO - DAG(s) dict_keys(['report_hourly_dag']) retrieved from /opt/airflow/dags/report_hourly_dag.py
[2026-06-19T23:24:10.785+0000] {logging_mixin.py:154} INFO - [2026-06-19T23:24:10.785+0000] {dag.py:2941} INFO - Sync 1 DAGs
[2026-06-19T23:24:10.804+0000] {logging_mixin.py:154} INFO - [2026-06-19T23:24:10.804+0000] {dag.py:3722} INFO - Setting next_dagrun for report_hourly_dag to 2026-06-19T01:58:00+00:00, run_after=2026-06-19T01:59:00+00:00
[2026-06-19T23:24:10.820+0000] {processor.py:179} INFO - Processing /opt/airflow/dags/report_hourly_dag.py took 0.076 seconds
[2026-06-19T23:24:41.058+0000] {processor.py:157} INFO - Started process (PID=9303) to work on /opt/airflow/dags/report_hourly_dag.py
[2026-06-19T23:24:41.059+0000] {processor.py:829} INFO - Processing file /opt/airflow/dags/report_hourly_dag.py for tasks to queue
[2026-06-19T23:24:41.060+0000] {logging_mixin.py:154} INFO - [2026-06-19T23:24:41.059+0000] {dagbag.py:536} INFO - Filling up the DagBag from /opt/airflow/dags/report_hourly_dag.py
[2026-06-19T23:24:41.070+0000] {processor.py:839} INFO - DAG(s) dict_keys(['report_hourly_dag']) retrieved from /opt/airflow/dags/report_hourly_dag.py
[2026-06-19T23:24:41.088+0000] {logging_mixin.py:154} INFO - [2026-06-19T23:24:41.088+0000] {dag.py:2941} INFO - Sync 1 DAGs
[2026-06-19T23:24:41.104+0000] {logging_mixin.py:154} INFO - [2026-06-19T23:24:41.104+0000] {dag.py:3722} INFO - Setting next_dagrun for report_hourly_dag to 2026-06-19T01:58:00+00:00, run_after=2026-06-19T01:59:00+00:00
[2026-06-19T23:24:41.117+0000] {processor.py:179} INFO - Processing /opt/airflow/dags/report_hourly_dag.py took 0.062 seconds
[2026-06-19T23:25:11.346+0000] {processor.py:157} INFO - Started process (PID=9318) to work on /opt/airflow/dags/report_hourly_dag.py
[2026-06-19T23:25:11.348+0000] {processor.py:829} INFO - Processing file /opt/airflow/dags/report_hourly_dag.py for tasks to queue
[2026-06-19T23:25:11.348+0000] {logging_mixin.py:154} INFO - [2026-06-19T23:25:11.348+0000] {dagbag.py:536} INFO - Filling up the DagBag from /opt/airflow/dags/report_hourly_dag.py
[2026-06-19T23:25:11.359+0000] {processor.py:839} INFO - DAG(s) dict_keys(['report_hourly_dag']) retrieved from /opt/airflow/dags/report_hourly_dag.py
[2026-06-19T23:25:11.375+0000] {logging_mixin.py:154} INFO - [2026-06-19T23:25:11.375+0000] {dag.py:2941} INFO - Sync 1 DAGs
[2026-06-19T23:25:11.392+0000] {logging_mixin.py:154} INFO - [2026-06-19T23:25:11.391+0000] {dag.py:3722} INFO - Setting next_dagrun for report_hourly_dag to 2026-06-19T01:58:00+00:00, run_after=2026-06-19T01:59:00+00:00
[2026-06-19T23:25:11.404+0000] {processor.py:179} INFO - Processing /opt/airflow/dags/report_hourly_dag.py took 0.063 seconds
[2026-06-19T23:25:41.626+0000] {processor.py:157} INFO - Started process (PID=9333) to work on /opt/airflow/dags/report_hourly_dag.py
[2026-06-19T23:25:41.627+0000] {processor.py:829} INFO - Processing file /opt/airflow/dags/report_hourly_dag.py for tasks to queue
[2026-06-19T23:25:41.628+0000] {logging_mixin.py:154} INFO - [2026-06-19T23:25:41.627+0000] {dagbag.py:536} INFO - Filling up the DagBag from /opt/airflow/dags/report_hourly_dag.py
[2026-06-19T23:25:41.637+0000] {processor.py:839} INFO - DAG(s) dict_keys(['report_hourly_dag']) retrieved from /opt/airflow/dags/report_hourly_dag.py
[2026-06-19T23:25:41.653+0000] {logging_mixin.py:154} INFO - [2026-06-19T23:25:41.653+0000] {dag.py:2941} INFO - Sync 1 DAGs
[2026-06-19T23:25:41.669+0000] {logging_mixin.py:154} INFO - [2026-06-19T23:25:41.669+0000] {dag.py:3722} INFO - Setting next_dagrun for report_hourly_dag to 2026-06-19T01:58:00+00:00, run_after=2026-06-19T01:59:00+00:00
[2026-06-19T23:25:41.682+0000] {processor.py:179} INFO - Processing /opt/airflow/dags/report_hourly_dag.py took 0.060 seconds
[2026-06-19T23:26:11.909+0000] {processor.py:157} INFO - Started process (PID=9348) to work on /opt/airflow/dags/report_hourly_dag.py
[2026-06-19T23:26:11.913+0000] {processor.py:829} INFO - Processing file /opt/airflow/dags/report_hourly_dag.py for tasks to queue
[2026-06-19T23:26:11.914+0000] {logging_mixin.py:154} INFO - [2026-06-19T23:26:11.914+0000] {dagbag.py:536} INFO - Filling up the DagBag from /opt/airflow/dags/report_hourly_dag.py
[2026-06-19T23:26:11.927+0000] {processor.py:839} INFO - DAG(s) dict_keys(['report_hourly_dag']) retrieved from /opt/airflow/dags/report_hourly_dag.py
[2026-06-19T23:26:11.947+0000] {logging_mixin.py:154} INFO - [2026-06-19T23:26:11.947+0000] {dag.py:2941} INFO - Sync 1 DAGs
[2026-06-19T23:26:11.971+0000] {logging_mixin.py:154} INFO - [2026-06-19T23:26:11.971+0000] {dag.py:3722} INFO - Setting next_dagrun for report_hourly_dag to 2026-06-19T01:58:00+00:00, run_after=2026-06-19T01:59:00+00:00
[2026-06-19T23:26:11.985+0000] {processor.py:179} INFO - Processing /opt/airflow/dags/report_hourly_dag.py took 0.079 seconds
[2026-06-19T23:26:42.221+0000] {processor.py:157} INFO - Started process (PID=9363) to work on /opt/airflow/dags/report_hourly_dag.py
[2026-06-19T23:26:42.224+0000] {processor.py:829} INFO - Processing file /opt/airflow/dags/report_hourly_dag.py for tasks to queue
[2026-06-19T23:26:42.225+0000] {logging_mixin.py:154} INFO - [2026-06-19T23:26:42.225+0000] {dagbag.py:536} INFO - Filling up the DagBag from /opt/airflow/dags/report_hourly_dag.py
[2026-06-19T23:26:42.239+0000] {processor.py:839} INFO - DAG(s) dict_keys(['report_hourly_dag']) retrieved from /opt/airflow/dags/report_hourly_dag.py
[2026-06-19T23:26:42.257+0000] {logging_mixin.py:154} INFO - [2026-06-19T23:26:42.256+0000] {dag.py:2941} INFO - Sync 1 DAGs
[2026-06-19T23:26:42.274+0000] {logging_mixin.py:154} INFO - [2026-06-19T23:26:42.274+0000] {dag.py:3722} INFO - Setting next_dagrun for report_hourly_dag to 2026-06-19T01:58:00+00:00, run_after=2026-06-19T01:59:00+00:00
[2026-06-19T23:26:42.287+0000] {processor.py:179} INFO - Processing /opt/airflow/dags/report_hourly_dag.py took 0.070 seconds
[2026-06-19T23:27:12.494+0000] {processor.py:157} INFO - Started process (PID=9378) to work on /opt/airflow/dags/report_hourly_dag.py
[2026-06-19T23:27:12.495+0000] {processor.py:829} INFO - Processing file /opt/airflow/dags/report_hourly_dag.py for tasks to queue
[2026-06-19T23:27:12.496+0000] {logging_mixin.py:154} INFO - [2026-06-19T23:27:12.495+0000] {dagbag.py:536} INFO - Filling up the DagBag from /opt/airflow/dags/report_hourly_dag.py
[2026-06-19T23:27:12.506+0000] {processor.py:839} INFO - DAG(s) dict_keys(['report_hourly_dag']) retrieved from /opt/airflow/dags/report_hourly_dag.py
[2026-06-19T23:27:12.523+0000] {logging_mixin.py:154} INFO - [2026-06-19T23:27:12.523+0000] {dag.py:2941} INFO - Sync 1 DAGs
[2026-06-19T23:27:12.539+0000] {logging_mixin.py:154} INFO - [2026-06-19T23:27:12.539+0000] {dag.py:3722} INFO - Setting next_dagrun for report_hourly_dag to 2026-06-19T01:58:00+00:00, run_after=2026-06-19T01:59:00+00:00
[2026-06-19T23:27:12.552+0000] {processor.py:179} INFO - Processing /opt/airflow/dags/report_hourly_dag.py took 0.061 seconds
[2026-06-19T23:27:42.800+0000] {processor.py:157} INFO - Started process (PID=9393) to work on /opt/airflow/dags/report_hourly_dag.py
[2026-06-19T23:27:42.804+0000] {processor.py:829} INFO - Processing file /opt/airflow/dags/report_hourly_dag.py for tasks to queue
[2026-06-19T23:27:42.804+0000] {logging_mixin.py:154} INFO - [2026-06-19T23:27:42.804+0000] {dagbag.py:536} INFO - Filling up the DagBag from /opt/airflow/dags/report_hourly_dag.py
[2026-06-19T23:27:42.815+0000] {processor.py:839} INFO - DAG(s) dict_keys(['report_hourly_dag']) retrieved from /opt/airflow/dags/report_hourly_dag.py
[2026-06-19T23:27:42.835+0000] {logging_mixin.py:154} INFO - [2026-06-19T23:27:42.835+0000] {dag.py:2941} INFO - Sync 1 DAGs
[2026-06-19T23:27:42.851+0000] {logging_mixin.py:154} INFO - [2026-06-19T23:27:42.851+0000] {dag.py:3722} INFO - Setting next_dagrun for report_hourly_dag to 2026-06-19T01:58:00+00:00, run_after=2026-06-19T01:59:00+00:00
[2026-06-19T23:27:42.863+0000] {processor.py:179} INFO - Processing /opt/airflow/dags/report_hourly_dag.py took 0.067 seconds
[2026-06-19T23:28:13.097+0000] {processor.py:157} INFO - Started process (PID=9408) to work on /opt/airflow/dags/report_hourly_dag.py
[2026-06-19T23:28:13.101+0000] {processor.py:829} INFO - Processing file /opt/airflow/dags/report_hourly_dag.py for tasks to queue
[2026-06-19T23:28:13.102+0000] {logging_mixin.py:154} INFO - [2026-06-19T23:28:13.101+0000] {dagbag.py:536} INFO - Filling up the DagBag from /opt/airflow/dags/report_hourly_dag.py
[2026-06-19T23:28:13.114+0000] {processor.py:839} INFO - DAG(s) dict_keys(['report_hourly_dag']) retrieved from /opt/airflow/dags/report_hourly_dag.py
[2026-06-19T23:28:13.131+0000] {logging_mixin.py:154} INFO - [2026-06-19T23:28:13.131+0000] {dag.py:2941} INFO - Sync 1 DAGs
[2026-06-19T23:28:13.149+0000] {logging_mixin.py:154} INFO - [2026-06-19T23:28:13.149+0000] {dag.py:3722} INFO - Setting next_dagrun for report_hourly_dag to 2026-06-19T01:58:00+00:00, run_after=2026-06-19T01:59:00+00:00
[2026-06-19T23:28:13.162+0000] {processor.py:179} INFO - Processing /opt/airflow/dags/report_hourly_dag.py took 0.068 seconds
[2026-06-19T23:28:43.396+0000] {processor.py:157} INFO - Started process (PID=9423) to work on /opt/airflow/dags/report_hourly_dag.py
[2026-06-19T23:28:43.397+0000] {processor.py:829} INFO - Processing file /opt/airflow/dags/report_hourly_dag.py for tasks to queue
[2026-06-19T23:28:43.397+0000] {logging_mixin.py:154} INFO - [2026-06-19T23:28:43.397+0000] {dagbag.py:536} INFO - Filling up the DagBag from /opt/airflow/dags/report_hourly_dag.py
[2026-06-19T23:28:43.407+0000] {processor.py:839} INFO - DAG(s) dict_keys(['report_hourly_dag']) retrieved from /opt/airflow/dags/report_hourly_dag.py
[2026-06-19T23:28:43.424+0000] {logging_mixin.py:154} INFO - [2026-06-19T23:28:43.424+0000] {dag.py:2941} INFO - Sync 1 DAGs
[2026-06-19T23:28:43.440+0000] {logging_mixin.py:154} INFO - [2026-06-19T23:28:43.440+0000] {dag.py:3722} INFO - Setting next_dagrun for report_hourly_dag to 2026-06-19T01:58:00+00:00, run_after=2026-06-19T01:59:00+00:00
[2026-06-19T23:28:43.451+0000] {processor.py:179} INFO - Processing /opt/airflow/dags/report_hourly_dag.py took 0.060 seconds
[2026-06-19T23:29:13.679+0000] {processor.py:157} INFO - Started process (PID=9438) to work on /opt/airflow/dags/report_hourly_dag.py
[2026-06-19T23:29:13.680+0000] {processor.py:829} INFO - Processing file /opt/airflow/dags/report_hourly_dag.py for tasks to queue
[2026-06-19T23:29:13.681+0000] {logging_mixin.py:154} INFO - [2026-06-19T23:29:13.681+0000] {dagbag.py:536} INFO - Filling up the DagBag from /opt/airflow/dags/report_hourly_dag.py
[2026-06-19T23:29:13.691+0000] {processor.py:839} INFO - DAG(s) dict_keys(['report_hourly_dag']) retrieved from /opt/airflow/dags/report_hourly_dag.py
[2026-06-19T23:29:13.706+0000] {logging_mixin.py:154} INFO - [2026-06-19T23:29:13.706+0000] {dag.py:2941} INFO - Sync 1 DAGs
[2026-06-19T23:29:13.722+0000] {logging_mixin.py:154} INFO - [2026-06-19T23:29:13.722+0000] {dag.py:3722} INFO - Setting next_dagrun for report_hourly_dag to 2026-06-19T01:58:00+00:00, run_after=2026-06-19T01:59:00+00:00
[2026-06-19T23:29:13.735+0000] {processor.py:179} INFO - Processing /opt/airflow/dags/report_hourly_dag.py took 0.061 seconds
[2026-06-19T23:29:43.958+0000] {processor.py:157} INFO - Started process (PID=9453) to work on /opt/airflow/dags/report_hourly_dag.py
[2026-06-19T23:29:43.963+0000] {processor.py:829} INFO - Processing file /opt/airflow/dags/report_hourly_dag.py for tasks to queue
[2026-06-19T23:29:43.964+0000] {logging_mixin.py:154} INFO - [2026-06-19T23:29:43.964+0000] {dagbag.py:536} INFO - Filling up the DagBag from /opt/airflow/dags/report_hourly_dag.py
[2026-06-19T23:29:43.975+0000] {processor.py:839} INFO - DAG(s) dict_keys(['report_hourly_dag']) retrieved from /opt/airflow/dags/report_hourly_dag.py
[2026-06-19T23:29:43.994+0000] {logging_mixin.py:154} INFO - [2026-06-19T23:29:43.994+0000] {dag.py:2941} INFO - Sync 1 DAGs
[2026-06-19T23:29:44.010+0000] {logging_mixin.py:154} INFO - [2026-06-19T23:29:44.010+0000] {dag.py:3722} INFO - Setting next_dagrun for report_hourly_dag to 2026-06-19T01:58:00+00:00, run_after=2026-06-19T01:59:00+00:00
[2026-06-19T23:29:44.024+0000] {processor.py:179} INFO - Processing /opt/airflow/dags/report_hourly_dag.py took 0.068 seconds
[2026-06-19T23:30:14.250+0000] {processor.py:157} INFO - Started process (PID=9468) to work on /opt/airflow/dags/report_hourly_dag.py
[2026-06-19T23:30:14.251+0000] {processor.py:829} INFO - Processing file /opt/airflow/dags/report_hourly_dag.py for tasks to queue
[2026-06-19T23:30:14.252+0000] {logging_mixin.py:154} INFO - [2026-06-19T23:30:14.252+0000] {dagbag.py:536} INFO - Filling up the DagBag from /opt/airflow/dags/report_hourly_dag.py
[2026-06-19T23:30:14.261+0000] {processor.py:839} INFO - DAG(s) dict_keys(['report_hourly_dag']) retrieved from /opt/airflow/dags/report_hourly_dag.py
[2026-06-19T23:30:14.277+0000] {logging_mixin.py:154} INFO - [2026-06-19T23:30:14.277+0000] {dag.py:2941} INFO - Sync 1 DAGs
[2026-06-19T23:30:14.294+0000] {logging_mixin.py:154} INFO - [2026-06-19T23:30:14.293+0000] {dag.py:3722} INFO - Setting next_dagrun for report_hourly_dag to 2026-06-19T01:58:00+00:00, run_after=2026-06-19T01:59:00+00:00
[2026-06-19T23:30:14.305+0000] {processor.py:179} INFO - Processing /opt/airflow/dags/report_hourly_dag.py took 0.059 seconds
[2026-06-19T23:30:44.529+0000] {processor.py:157} INFO - Started process (PID=9483) to work on /opt/airflow/dags/report_hourly_dag.py
[2026-06-19T23:30:44.531+0000] {processor.py:829} INFO - Processing file /opt/airflow/dags/report_hourly_dag.py for tasks to queue
[2026-06-19T23:30:44.532+0000] {logging_mixin.py:154} INFO - [2026-06-19T23:30:44.531+0000] {dagbag.py:536} INFO - Filling up the DagBag from /opt/airflow/dags/report_hourly_dag.py
[2026-06-19T23:30:44.541+0000] {processor.py:839} INFO - DAG(s) dict_keys(['report_hourly_dag']) retrieved from /opt/airflow/dags/report_hourly_dag.py
[2026-06-19T23:30:44.557+0000] {logging_mixin.py:154} INFO - [2026-06-19T23:30:44.557+0000] {dag.py:2941} INFO - Sync 1 DAGs
[2026-06-19T23:30:44.574+0000] {logging_mixin.py:154} INFO - [2026-06-19T23:30:44.574+0000] {dag.py:3722} INFO - Setting next_dagrun for report_hourly_dag to 2026-06-19T01:58:00+00:00, run_after=2026-06-19T01:59:00+00:00
[2026-06-19T23:30:44.591+0000] {processor.py:179} INFO - Processing /opt/airflow/dags/report_hourly_dag.py took 0.066 seconds
[2026-06-19T23:31:14.827+0000] {processor.py:157} INFO - Started process (PID=9498) to work on /opt/airflow/dags/report_hourly_dag.py
[2026-06-19T23:31:14.828+0000] {processor.py:829} INFO - Processing file /opt/airflow/dags/report_hourly_dag.py for tasks to queue
[2026-06-19T23:31:14.829+0000] {logging_mixin.py:154} INFO - [2026-06-19T23:31:14.829+0000] {dagbag.py:536} INFO - Filling up the DagBag from /opt/airflow/dags/report_hourly_dag.py
[2026-06-19T23:31:14.843+0000] {processor.py:839} INFO - DAG(s) dict_keys(['report_hourly_dag']) retrieved from /opt/airflow/dags/report_hourly_dag.py
[2026-06-19T23:31:14.859+0000] {logging_mixin.py:154} INFO - [2026-06-19T23:31:14.859+0000] {dag.py:2941} INFO - Sync 1 DAGs
[2026-06-19T23:31:14.874+0000] {logging_mixin.py:154} INFO - [2026-06-19T23:31:14.874+0000] {dag.py:3722} INFO - Setting next_dagrun for report_hourly_dag to 2026-06-19T01:58:00+00:00, run_after=2026-06-19T01:59:00+00:00
[2026-06-19T23:31:14.886+0000] {processor.py:179} INFO - Processing /opt/airflow/dags/report_hourly_dag.py took 0.065 seconds
[2026-06-19T23:31:45.124+0000] {processor.py:157} INFO - Started process (PID=9513) to work on /opt/airflow/dags/report_hourly_dag.py
[2026-06-19T23:31:45.126+0000] {processor.py:829} INFO - Processing file /opt/airflow/dags/report_hourly_dag.py for tasks to queue
[2026-06-19T23:31:45.127+0000] {logging_mixin.py:154} INFO - [2026-06-19T23:31:45.127+0000] {dagbag.py:536} INFO - Filling up the DagBag from /opt/airflow/dags/report_hourly_dag.py
[2026-06-19T23:31:45.137+0000] {processor.py:839} INFO - DAG(s) dict_keys(['report_hourly_dag']) retrieved from /opt/airflow/dags/report_hourly_dag.py
[2026-06-19T23:31:45.155+0000] {logging_mixin.py:154} INFO - [2026-06-19T23:31:45.155+0000] {dag.py:2941} INFO - Sync 1 DAGs
[2026-06-19T23:31:45.172+0000] {logging_mixin.py:154} INFO - [2026-06-19T23:31:45.172+0000] {dag.py:3722} INFO - Setting next_dagrun for report_hourly_dag to 2026-06-19T01:58:00+00:00, run_after=2026-06-19T01:59:00+00:00
[2026-06-19T23:31:45.184+0000] {processor.py:179} INFO - Processing /opt/airflow/dags/report_hourly_dag.py took 0.064 seconds
[2026-06-19T23:32:15.410+0000] {processor.py:157} INFO - Started process (PID=9528) to work on /opt/airflow/dags/report_hourly_dag.py
[2026-06-19T23:32:15.411+0000] {processor.py:829} INFO - Processing file /opt/airflow/dags/report_hourly_dag.py for tasks to queue
[2026-06-19T23:32:15.412+0000] {logging_mixin.py:154} INFO - [2026-06-19T23:32:15.412+0000] {dagbag.py:536} INFO - Filling up the DagBag from /opt/airflow/dags/report_hourly_dag.py
[2026-06-19T23:32:15.423+0000] {processor.py:839} INFO - DAG(s) dict_keys(['report_hourly_dag']) retrieved from /opt/airflow/dags/report_hourly_dag.py
[2026-06-19T23:32:15.438+0000] {logging_mixin.py:154} INFO - [2026-06-19T23:32:15.438+0000] {dag.py:2941} INFO - Sync 1 DAGs
[2026-06-19T23:32:15.455+0000] {logging_mixin.py:154} INFO - [2026-06-19T23:32:15.455+0000] {dag.py:3722} INFO - Setting next_dagrun for report_hourly_dag to 2026-06-19T01:58:00+00:00, run_after=2026-06-19T01:59:00+00:00
[2026-06-19T23:32:15.471+0000] {processor.py:179} INFO - Processing /opt/airflow/dags/report_hourly_dag.py took 0.065 seconds
[2026-06-19T23:32:45.736+0000] {processor.py:157} INFO - Started process (PID=9543) to work on /opt/airflow/dags/report_hourly_dag.py
[2026-06-19T23:32:45.739+0000] {processor.py:829} INFO - Processing file /opt/airflow/dags/report_hourly_dag.py for tasks to queue
[2026-06-19T23:32:45.740+0000] {logging_mixin.py:154} INFO - [2026-06-19T23:32:45.740+0000] {dagbag.py:536} INFO - Filling up the DagBag from /opt/airflow/dags/report_hourly_dag.py
[2026-06-19T23:32:45.750+0000] {processor.py:839} INFO - DAG(s) dict_keys(['report_hourly_dag']) retrieved from /opt/airflow/dags/report_hourly_dag.py
[2026-06-19T23:32:45.771+0000] {logging_mixin.py:154} INFO - [2026-06-19T23:32:45.771+0000] {dag.py:2941} INFO - Sync 1 DAGs
[2026-06-19T23:32:45.791+0000] {logging_mixin.py:154} INFO - [2026-06-19T23:32:45.791+0000] {dag.py:3722} INFO - Setting next_dagrun for report_hourly_dag to 2026-06-19T01:58:00+00:00, run_after=2026-06-19T01:59:00+00:00
[2026-06-19T23:32:45.804+0000] {processor.py:179} INFO - Processing /opt/airflow/dags/report_hourly_dag.py took 0.071 seconds
[2026-06-19T23:33:16.033+0000] {processor.py:157} INFO - Started process (PID=9558) to work on /opt/airflow/dags/report_hourly_dag.py
[2026-06-19T23:33:16.034+0000] {processor.py:829} INFO - Processing file /opt/airflow/dags/report_hourly_dag.py for tasks to queue
[2026-06-19T23:33:16.035+0000] {logging_mixin.py:154} INFO - [2026-06-19T23:33:16.034+0000] {dagbag.py:536} INFO - Filling up the DagBag from /opt/airflow/dags/report_hourly_dag.py
[2026-06-19T23:33:16.044+0000] {processor.py:839} INFO - DAG(s) dict_keys(['report_hourly_dag']) retrieved from /opt/airflow/dags/report_hourly_dag.py
[2026-06-19T23:33:16.059+0000] {logging_mixin.py:154} INFO - [2026-06-19T23:33:16.059+0000] {dag.py:2941} INFO - Sync 1 DAGs
[2026-06-19T23:33:16.075+0000] {logging_mixin.py:154} INFO - [2026-06-19T23:33:16.075+0000] {dag.py:3722} INFO - Setting next_dagrun for report_hourly_dag to 2026-06-19T01:58:00+00:00, run_after=2026-06-19T01:59:00+00:00
[2026-06-19T23:33:16.088+0000] {processor.py:179} INFO - Processing /opt/airflow/dags/report_hourly_dag.py took 0.059 seconds
[2026-06-19T23:33:46.310+0000] {processor.py:157} INFO - Started process (PID=9573) to work on /opt/airflow/dags/report_hourly_dag.py
[2026-06-19T23:33:46.312+0000] {processor.py:829} INFO - Processing file /opt/airflow/dags/report_hourly_dag.py for tasks to queue
[2026-06-19T23:33:46.313+0000] {logging_mixin.py:154} INFO - [2026-06-19T23:33:46.313+0000] {dagbag.py:536} INFO - Filling up the DagBag from /opt/airflow/dags/report_hourly_dag.py
[2026-06-19T23:33:46.326+0000] {processor.py:839} INFO - DAG(s) dict_keys(['report_hourly_dag']) retrieved from /opt/airflow/dags/report_hourly_dag.py
[2026-06-19T23:33:46.345+0000] {logging_mixin.py:154} INFO - [2026-06-19T23:33:46.345+0000] {dag.py:2941} INFO - Sync 1 DAGs
[2026-06-19T23:33:46.361+0000] {logging_mixin.py:154} INFO - [2026-06-19T23:33:46.361+0000] {dag.py:3722} INFO - Setting next_dagrun for report_hourly_dag to 2026-06-19T01:58:00+00:00, run_after=2026-06-19T01:59:00+00:00
[2026-06-19T23:33:46.380+0000] {processor.py:179} INFO - Processing /opt/airflow/dags/report_hourly_dag.py took 0.074 seconds
[2026-06-19T23:34:16.612+0000] {processor.py:157} INFO - Started process (PID=9588) to work on /opt/airflow/dags/report_hourly_dag.py
[2026-06-19T23:34:16.612+0000] {processor.py:829} INFO - Processing file /opt/airflow/dags/report_hourly_dag.py for tasks to queue
[2026-06-19T23:34:16.613+0000] {logging_mixin.py:154} INFO - [2026-06-19T23:34:16.613+0000] {dagbag.py:536} INFO - Filling up the DagBag from /opt/airflow/dags/report_hourly_dag.py
[2026-06-19T23:34:16.624+0000] {processor.py:839} INFO - DAG(s) dict_keys(['report_hourly_dag']) retrieved from /opt/airflow/dags/report_hourly_dag.py
[2026-06-19T23:34:16.640+0000] {logging_mixin.py:154} INFO - [2026-06-19T23:34:16.640+0000] {dag.py:2941} INFO - Sync 1 DAGs
[2026-06-19T23:34:16.657+0000] {logging_mixin.py:154} INFO - [2026-06-19T23:34:16.656+0000] {dag.py:3722} INFO - Setting next_dagrun for report_hourly_dag to 2026-06-19T01:58:00+00:00, run_after=2026-06-19T01:59:00+00:00
[2026-06-19T23:34:16.669+0000] {processor.py:179} INFO - Processing /opt/airflow/dags/report_hourly_dag.py took 0.062 seconds
[2026-06-19T23:34:46.892+0000] {processor.py:157} INFO - Started process (PID=9603) to work on /opt/airflow/dags/report_hourly_dag.py
[2026-06-19T23:34:46.893+0000] {processor.py:829} INFO - Processing file /opt/airflow/dags/report_hourly_dag.py for tasks to queue
[2026-06-19T23:34:46.893+0000] {logging_mixin.py:154} INFO - [2026-06-19T23:34:46.893+0000] {dagbag.py:536} INFO - Filling up the DagBag from /opt/airflow/dags/report_hourly_dag.py
[2026-06-19T23:34:46.902+0000] {processor.py:839} INFO - DAG(s) dict_keys(['report_hourly_dag']) retrieved from /opt/airflow/dags/report_hourly_dag.py
[2026-06-19T23:34:46.917+0000] {logging_mixin.py:154} INFO - [2026-06-19T23:34:46.917+0000] {dag.py:2941} INFO - Sync 1 DAGs
[2026-06-19T23:34:46.934+0000] {logging_mixin.py:154} INFO - [2026-06-19T23:34:46.934+0000] {dag.py:3722} INFO - Setting next_dagrun for report_hourly_dag to 2026-06-19T01:58:00+00:00, run_after=2026-06-19T01:59:00+00:00
[2026-06-19T23:34:46.948+0000] {processor.py:179} INFO - Processing /opt/airflow/dags/report_hourly_dag.py took 0.060 seconds
[2026-06-19T23:35:17.146+0000] {processor.py:157} INFO - Started process (PID=9618) to work on /opt/airflow/dags/report_hourly_dag.py
[2026-06-19T23:35:17.147+0000] {processor.py:829} INFO - Processing file /opt/airflow/dags/report_hourly_dag.py for tasks to queue
[2026-06-19T23:35:17.148+0000] {logging_mixin.py:154} INFO - [2026-06-19T23:35:17.147+0000] {dagbag.py:536} INFO - Filling up the DagBag from /opt/airflow/dags/report_hourly_dag.py
[2026-06-19T23:35:17.155+0000] {processor.py:839} INFO - DAG(s) dict_keys(['report_hourly_dag']) retrieved from /opt/airflow/dags/report_hourly_dag.py
[2026-06-19T23:35:17.169+0000] {logging_mixin.py:154} INFO - [2026-06-19T23:35:17.169+0000] {dag.py:2941} INFO - Sync 1 DAGs
[2026-06-19T23:35:17.260+0000] {logging_mixin.py:154} INFO - [2026-06-19T23:35:17.260+0000] {dag.py:3722} INFO - Setting next_dagrun for report_hourly_dag to 2026-06-19T01:58:00+00:00, run_after=2026-06-19T01:59:00+00:00
[2026-06-19T23:35:17.271+0000] {processor.py:179} INFO - Processing /opt/airflow/dags/report_hourly_dag.py took 0.127 seconds
[2026-06-19T23:35:47.506+0000] {processor.py:157} INFO - Started process (PID=9633) to work on /opt/airflow/dags/report_hourly_dag.py
[2026-06-19T23:35:47.508+0000] {processor.py:829} INFO - Processing file /opt/airflow/dags/report_hourly_dag.py for tasks to queue
[2026-06-19T23:35:47.509+0000] {logging_mixin.py:154} INFO - [2026-06-19T23:35:47.509+0000] {dagbag.py:536} INFO - Filling up the DagBag from /opt/airflow/dags/report_hourly_dag.py
[2026-06-19T23:35:47.520+0000] {processor.py:839} INFO - DAG(s) dict_keys(['report_hourly_dag']) retrieved from /opt/airflow/dags/report_hourly_dag.py
[2026-06-19T23:35:47.540+0000] {logging_mixin.py:154} INFO - [2026-06-19T23:35:47.540+0000] {dag.py:2941} INFO - Sync 1 DAGs
[2026-06-19T23:35:47.556+0000] {logging_mixin.py:154} INFO - [2026-06-19T23:35:47.556+0000] {dag.py:3722} INFO - Setting next_dagrun for report_hourly_dag to 2026-06-19T01:58:00+00:00, run_after=2026-06-19T01:59:00+00:00
[2026-06-19T23:35:47.568+0000] {processor.py:179} INFO - Processing /opt/airflow/dags/report_hourly_dag.py took 0.066 seconds
[2026-06-19T23:36:17.796+0000] {processor.py:157} INFO - Started process (PID=9648) to work on /opt/airflow/dags/report_hourly_dag.py
[2026-06-19T23:36:17.797+0000] {processor.py:829} INFO - Processing file /opt/airflow/dags/report_hourly_dag.py for tasks to queue
[2026-06-19T23:36:17.798+0000] {logging_mixin.py:154} INFO - [2026-06-19T23:36:17.798+0000] {dagbag.py:536} INFO - Filling up the DagBag from /opt/airflow/dags/report_hourly_dag.py
[2026-06-19T23:36:17.810+0000] {processor.py:839} INFO - DAG(s) dict_keys(['report_hourly_dag']) retrieved from /opt/airflow/dags/report_hourly_dag.py
[2026-06-19T23:36:17.826+0000] {logging_mixin.py:154} INFO - [2026-06-19T23:36:17.825+0000] {dag.py:2941} INFO - Sync 1 DAGs
[2026-06-19T23:36:17.842+0000] {logging_mixin.py:154} INFO - [2026-06-19T23:36:17.842+0000] {dag.py:3722} INFO - Setting next_dagrun for report_hourly_dag to 2026-06-19T01:58:00+00:00, run_after=2026-06-19T01:59:00+00:00
[2026-06-19T23:36:17.855+0000] {processor.py:179} INFO - Processing /opt/airflow/dags/report_hourly_dag.py took 0.064 seconds
[2026-06-19T23:36:48.084+0000] {processor.py:157} INFO - Started process (PID=9663) to work on /opt/airflow/dags/report_hourly_dag.py
[2026-06-19T23:36:48.088+0000] {processor.py:829} INFO - Processing file /opt/airflow/dags/report_hourly_dag.py for tasks to queue
[2026-06-19T23:36:48.089+0000] {logging_mixin.py:154} INFO - [2026-06-19T23:36:48.088+0000] {dagbag.py:536} INFO - Filling up the DagBag from /opt/airflow/dags/report_hourly_dag.py
[2026-06-19T23:36:48.098+0000] {processor.py:839} INFO - DAG(s) dict_keys(['report_hourly_dag']) retrieved from /opt/airflow/dags/report_hourly_dag.py
[2026-06-19T23:36:48.118+0000] {logging_mixin.py:154} INFO - [2026-06-19T23:36:48.118+0000] {dag.py:2941} INFO - Sync 1 DAGs
[2026-06-19T23:36:48.135+0000] {logging_mixin.py:154} INFO - [2026-06-19T23:36:48.135+0000] {dag.py:3722} INFO - Setting next_dagrun for report_hourly_dag to 2026-06-19T01:58:00+00:00, run_after=2026-06-19T01:59:00+00:00
[2026-06-19T23:36:48.148+0000] {processor.py:179} INFO - Processing /opt/airflow/dags/report_hourly_dag.py took 0.068 seconds
[2026-06-19T23:37:18.373+0000] {processor.py:157} INFO - Started process (PID=9678) to work on /opt/airflow/dags/report_hourly_dag.py
[2026-06-19T23:37:18.374+0000] {processor.py:829} INFO - Processing file /opt/airflow/dags/report_hourly_dag.py for tasks to queue
[2026-06-19T23:37:18.375+0000] {logging_mixin.py:154} INFO - [2026-06-19T23:37:18.374+0000] {dagbag.py:536} INFO - Filling up the DagBag from /opt/airflow/dags/report_hourly_dag.py
[2026-06-19T23:37:18.385+0000] {processor.py:839} INFO - DAG(s) dict_keys(['report_hourly_dag']) retrieved from /opt/airflow/dags/report_hourly_dag.py
[2026-06-19T23:37:18.400+0000] {logging_mixin.py:154} INFO - [2026-06-19T23:37:18.400+0000] {dag.py:2941} INFO - Sync 1 DAGs
[2026-06-19T23:37:18.492+0000] {logging_mixin.py:154} INFO - [2026-06-19T23:37:18.492+0000] {dag.py:3722} INFO - Setting next_dagrun for report_hourly_dag to 2026-06-19T01:58:00+00:00, run_after=2026-06-19T01:59:00+00:00
[2026-06-19T23:37:18.503+0000] {processor.py:179} INFO - Processing /opt/airflow/dags/report_hourly_dag.py took 0.135 seconds
[2026-06-19T23:37:48.816+0000] {processor.py:157} INFO - Started process (PID=9693) to work on /opt/airflow/dags/report_hourly_dag.py
[2026-06-19T23:37:48.820+0000] {processor.py:829} INFO - Processing file /opt/airflow/dags/report_hourly_dag.py for tasks to queue
[2026-06-19T23:37:48.820+0000] {logging_mixin.py:154} INFO - [2026-06-19T23:37:48.820+0000] {dagbag.py:536} INFO - Filling up the DagBag from /opt/airflow/dags/report_hourly_dag.py
[2026-06-19T23:37:48.830+0000] {processor.py:839} INFO - DAG(s) dict_keys(['report_hourly_dag']) retrieved from /opt/airflow/dags/report_hourly_dag.py
[2026-06-19T23:37:48.846+0000] {logging_mixin.py:154} INFO - [2026-06-19T23:37:48.846+0000] {dag.py:2941} INFO - Sync 1 DAGs
[2026-06-19T23:37:48.863+0000] {logging_mixin.py:154} INFO - [2026-06-19T23:37:48.863+0000] {dag.py:3722} INFO - Setting next_dagrun for report_hourly_dag to 2026-06-19T01:58:00+00:00, run_after=2026-06-19T01:59:00+00:00
[2026-06-19T23:37:48.874+0000] {processor.py:179} INFO - Processing /opt/airflow/dags/report_hourly_dag.py took 0.062 seconds
[2026-06-19T23:38:19.087+0000] {processor.py:157} INFO - Started process (PID=9708) to work on /opt/airflow/dags/report_hourly_dag.py
[2026-06-19T23:38:19.088+0000] {processor.py:829} INFO - Processing file /opt/airflow/dags/report_hourly_dag.py for tasks to queue
[2026-06-19T23:38:19.088+0000] {logging_mixin.py:154} INFO - [2026-06-19T23:38:19.088+0000] {dagbag.py:536} INFO - Filling up the DagBag from /opt/airflow/dags/report_hourly_dag.py
[2026-06-19T23:38:19.096+0000] {processor.py:839} INFO - DAG(s) dict_keys(['report_hourly_dag']) retrieved from /opt/airflow/dags/report_hourly_dag.py
[2026-06-19T23:38:19.111+0000] {logging_mixin.py:154} INFO - [2026-06-19T23:38:19.111+0000] {dag.py:2941} INFO - Sync 1 DAGs
[2026-06-19T23:38:19.127+0000] {logging_mixin.py:154} INFO - [2026-06-19T23:38:19.127+0000] {dag.py:3722} INFO - Setting next_dagrun for report_hourly_dag to 2026-06-19T01:58:00+00:00, run_after=2026-06-19T01:59:00+00:00
[2026-06-19T23:38:19.140+0000] {processor.py:179} INFO - Processing /opt/airflow/dags/report_hourly_dag.py took 0.056 seconds
[2026-06-19T23:38:49.367+0000] {processor.py:157} INFO - Started process (PID=9723) to work on /opt/airflow/dags/report_hourly_dag.py
[2026-06-19T23:38:49.371+0000] {processor.py:829} INFO - Processing file /opt/airflow/dags/report_hourly_dag.py for tasks to queue
[2026-06-19T23:38:49.371+0000] {logging_mixin.py:154} INFO - [2026-06-19T23:38:49.371+0000] {dagbag.py:536} INFO - Filling up the DagBag from /opt/airflow/dags/report_hourly_dag.py
[2026-06-19T23:38:49.381+0000] {processor.py:839} INFO - DAG(s) dict_keys(['report_hourly_dag']) retrieved from /opt/airflow/dags/report_hourly_dag.py
[2026-06-19T23:38:49.398+0000] {logging_mixin.py:154} INFO - [2026-06-19T23:38:49.398+0000] {dag.py:2941} INFO - Sync 1 DAGs
[2026-06-19T23:38:49.415+0000] {logging_mixin.py:154} INFO - [2026-06-19T23:38:49.415+0000] {dag.py:3722} INFO - Setting next_dagrun for report_hourly_dag to 2026-06-19T01:58:00+00:00, run_after=2026-06-19T01:59:00+00:00
[2026-06-19T23:38:49.431+0000] {processor.py:179} INFO - Processing /opt/airflow/dags/report_hourly_dag.py took 0.067 seconds
[2026-06-19T23:39:19.629+0000] {processor.py:157} INFO - Started process (PID=9738) to work on /opt/airflow/dags/report_hourly_dag.py
[2026-06-19T23:39:19.629+0000] {processor.py:829} INFO - Processing file /opt/airflow/dags/report_hourly_dag.py for tasks to queue
[2026-06-19T23:39:19.630+0000] {logging_mixin.py:154} INFO - [2026-06-19T23:39:19.629+0000] {dagbag.py:536} INFO - Filling up the DagBag from /opt/airflow/dags/report_hourly_dag.py
[2026-06-19T23:39:19.637+0000] {processor.py:839} INFO - DAG(s) dict_keys(['report_hourly_dag']) retrieved from /opt/airflow/dags/report_hourly_dag.py
[2026-06-19T23:39:19.652+0000] {logging_mixin.py:154} INFO - [2026-06-19T23:39:19.652+0000] {dag.py:2941} INFO - Sync 1 DAGs
[2026-06-19T23:39:19.669+0000] {logging_mixin.py:154} INFO - [2026-06-19T23:39:19.669+0000] {dag.py:3722} INFO - Setting next_dagrun for report_hourly_dag to 2026-06-19T01:58:00+00:00, run_after=2026-06-19T01:59:00+00:00
[2026-06-19T23:39:19.682+0000] {processor.py:179} INFO - Processing /opt/airflow/dags/report_hourly_dag.py took 0.056 seconds
[2026-06-19T23:39:49.888+0000] {processor.py:157} INFO - Started process (PID=9753) to work on /opt/airflow/dags/report_hourly_dag.py
[2026-06-19T23:39:49.892+0000] {processor.py:829} INFO - Processing file /opt/airflow/dags/report_hourly_dag.py for tasks to queue
[2026-06-19T23:39:49.893+0000] {logging_mixin.py:154} INFO - [2026-06-19T23:39:49.893+0000] {dagbag.py:536} INFO - Filling up the DagBag from /opt/airflow/dags/report_hourly_dag.py
[2026-06-19T23:39:49.906+0000] {processor.py:839} INFO - DAG(s) dict_keys(['report_hourly_dag']) retrieved from /opt/airflow/dags/report_hourly_dag.py
[2026-06-19T23:39:49.922+0000] {logging_mixin.py:154} INFO - [2026-06-19T23:39:49.922+0000] {dag.py:2941} INFO - Sync 1 DAGs
[2026-06-19T23:39:49.940+0000] {logging_mixin.py:154} INFO - [2026-06-19T23:39:49.940+0000] {dag.py:3722} INFO - Setting next_dagrun for report_hourly_dag to 2026-06-19T01:58:00+00:00, run_after=2026-06-19T01:59:00+00:00
[2026-06-19T23:39:49.961+0000] {processor.py:179} INFO - Processing /opt/airflow/dags/report_hourly_dag.py took 0.077 seconds
[2026-06-19T23:40:20.192+0000] {processor.py:157} INFO - Started process (PID=9768) to work on /opt/airflow/dags/report_hourly_dag.py
[2026-06-19T23:40:20.193+0000] {processor.py:829} INFO - Processing file /opt/airflow/dags/report_hourly_dag.py for tasks to queue
[2026-06-19T23:40:20.194+0000] {logging_mixin.py:154} INFO - [2026-06-19T23:40:20.194+0000] {dagbag.py:536} INFO - Filling up the DagBag from /opt/airflow/dags/report_hourly_dag.py
[2026-06-19T23:40:20.204+0000] {processor.py:839} INFO - DAG(s) dict_keys(['report_hourly_dag']) retrieved from /opt/airflow/dags/report_hourly_dag.py
[2026-06-19T23:40:20.220+0000] {logging_mixin.py:154} INFO - [2026-06-19T23:40:20.219+0000] {dag.py:2941} INFO - Sync 1 DAGs
[2026-06-19T23:40:20.236+0000] {logging_mixin.py:154} INFO - [2026-06-19T23:40:20.236+0000] {dag.py:3722} INFO - Setting next_dagrun for report_hourly_dag to 2026-06-19T01:58:00+00:00, run_after=2026-06-19T01:59:00+00:00
[2026-06-19T23:40:20.255+0000] {processor.py:179} INFO - Processing /opt/airflow/dags/report_hourly_dag.py took 0.068 seconds
[2026-06-19T23:40:50.477+0000] {processor.py:157} INFO - Started process (PID=9783) to work on /opt/airflow/dags/report_hourly_dag.py
[2026-06-19T23:40:50.480+0000] {processor.py:829} INFO - Processing file /opt/airflow/dags/report_hourly_dag.py for tasks to queue
[2026-06-19T23:40:50.481+0000] {logging_mixin.py:154} INFO - [2026-06-19T23:40:50.481+0000] {dagbag.py:536} INFO - Filling up the DagBag from /opt/airflow/dags/report_hourly_dag.py
[2026-06-19T23:40:50.491+0000] {processor.py:839} INFO - DAG(s) dict_keys(['report_hourly_dag']) retrieved from /opt/airflow/dags/report_hourly_dag.py
[2026-06-19T23:40:50.509+0000] {logging_mixin.py:154} INFO - [2026-06-19T23:40:50.509+0000] {dag.py:2941} INFO - Sync 1 DAGs
[2026-06-19T23:40:50.527+0000] {logging_mixin.py:154} INFO - [2026-06-19T23:40:50.526+0000] {dag.py:3722} INFO - Setting next_dagrun for report_hourly_dag to 2026-06-19T01:58:00+00:00, run_after=2026-06-19T01:59:00+00:00
[2026-06-19T23:40:50.541+0000] {processor.py:179} INFO - Processing /opt/airflow/dags/report_hourly_dag.py took 0.067 seconds
[2026-06-19T23:41:20.766+0000] {processor.py:157} INFO - Started process (PID=9798) to work on /opt/airflow/dags/report_hourly_dag.py
[2026-06-19T23:41:20.767+0000] {processor.py:829} INFO - Processing file /opt/airflow/dags/report_hourly_dag.py for tasks to queue
[2026-06-19T23:41:20.767+0000] {logging_mixin.py:154} INFO - [2026-06-19T23:41:20.767+0000] {dagbag.py:536} INFO - Filling up the DagBag from /opt/airflow/dags/report_hourly_dag.py
[2026-06-19T23:41:20.776+0000] {processor.py:839} INFO - DAG(s) dict_keys(['report_hourly_dag']) retrieved from /opt/airflow/dags/report_hourly_dag.py
[2026-06-19T23:41:20.792+0000] {logging_mixin.py:154} INFO - [2026-06-19T23:41:20.792+0000] {dag.py:2941} INFO - Sync 1 DAGs
[2026-06-19T23:41:20.809+0000] {logging_mixin.py:154} INFO - [2026-06-19T23:41:20.809+0000] {dag.py:3722} INFO - Setting next_dagrun for report_hourly_dag to 2026-06-19T01:58:00+00:00, run_after=2026-06-19T01:59:00+00:00
[2026-06-19T23:41:20.821+0000] {processor.py:179} INFO - Processing /opt/airflow/dags/report_hourly_dag.py took 0.060 seconds
[2026-06-19T23:41:51.048+0000] {processor.py:157} INFO - Started process (PID=9813) to work on /opt/airflow/dags/report_hourly_dag.py
[2026-06-19T23:41:51.055+0000] {processor.py:829} INFO - Processing file /opt/airflow/dags/report_hourly_dag.py for tasks to queue
[2026-06-19T23:41:51.055+0000] {logging_mixin.py:154} INFO - [2026-06-19T23:41:51.055+0000] {dagbag.py:536} INFO - Filling up the DagBag from /opt/airflow/dags/report_hourly_dag.py
[2026-06-19T23:41:51.064+0000] {processor.py:839} INFO - DAG(s) dict_keys(['report_hourly_dag']) retrieved from /opt/airflow/dags/report_hourly_dag.py
[2026-06-19T23:41:51.079+0000] {logging_mixin.py:154} INFO - [2026-06-19T23:41:51.079+0000] {dag.py:2941} INFO - Sync 1 DAGs
[2026-06-19T23:41:51.095+0000] {logging_mixin.py:154} INFO - [2026-06-19T23:41:51.095+0000] {dag.py:3722} INFO - Setting next_dagrun for report_hourly_dag to 2026-06-19T01:58:00+00:00, run_after=2026-06-19T01:59:00+00:00
[2026-06-19T23:41:51.110+0000] {processor.py:179} INFO - Processing /opt/airflow/dags/report_hourly_dag.py took 0.066 seconds
[2026-06-19T23:42:21.344+0000] {processor.py:157} INFO - Started process (PID=9828) to work on /opt/airflow/dags/report_hourly_dag.py
[2026-06-19T23:42:21.345+0000] {processor.py:829} INFO - Processing file /opt/airflow/dags/report_hourly_dag.py for tasks to queue
[2026-06-19T23:42:21.346+0000] {logging_mixin.py:154} INFO - [2026-06-19T23:42:21.346+0000] {dagbag.py:536} INFO - Filling up the DagBag from /opt/airflow/dags/report_hourly_dag.py
[2026-06-19T23:42:21.356+0000] {processor.py:839} INFO - DAG(s) dict_keys(['report_hourly_dag']) retrieved from /opt/airflow/dags/report_hourly_dag.py
[2026-06-19T23:42:21.372+0000] {logging_mixin.py:154} INFO - [2026-06-19T23:42:21.372+0000] {dag.py:2941} INFO - Sync 1 DAGs
[2026-06-19T23:42:21.395+0000] {logging_mixin.py:154} INFO - [2026-06-19T23:42:21.395+0000] {dag.py:3722} INFO - Setting next_dagrun for report_hourly_dag to 2026-06-19T01:58:00+00:00, run_after=2026-06-19T01:59:00+00:00
[2026-06-19T23:42:21.409+0000] {processor.py:179} INFO - Processing /opt/airflow/dags/report_hourly_dag.py took 0.069 seconds
[2026-06-19T23:42:51.669+0000] {processor.py:157} INFO - Started process (PID=9843) to work on /opt/airflow/dags/report_hourly_dag.py
[2026-06-19T23:42:51.673+0000] {processor.py:829} INFO - Processing file /opt/airflow/dags/report_hourly_dag.py for tasks to queue
[2026-06-19T23:42:51.674+0000] {logging_mixin.py:154} INFO - [2026-06-19T23:42:51.674+0000] {dagbag.py:536} INFO - Filling up the DagBag from /opt/airflow/dags/report_hourly_dag.py
[2026-06-19T23:42:51.690+0000] {processor.py:839} INFO - DAG(s) dict_keys(['report_hourly_dag']) retrieved from /opt/airflow/dags/report_hourly_dag.py
[2026-06-19T23:42:51.707+0000] {logging_mixin.py:154} INFO - [2026-06-19T23:42:51.707+0000] {dag.py:2941} INFO - Sync 1 DAGs
[2026-06-19T23:42:51.725+0000] {logging_mixin.py:154} INFO - [2026-06-19T23:42:51.725+0000] {dag.py:3722} INFO - Setting next_dagrun for report_hourly_dag to 2026-06-19T01:58:00+00:00, run_after=2026-06-19T01:59:00+00:00
[2026-06-19T23:42:51.739+0000] {processor.py:179} INFO - Processing /opt/airflow/dags/report_hourly_dag.py took 0.073 seconds
[2026-06-19T23:43:21.972+0000] {processor.py:157} INFO - Started process (PID=9858) to work on /opt/airflow/dags/report_hourly_dag.py
[2026-06-19T23:43:21.973+0000] {processor.py:829} INFO - Processing file /opt/airflow/dags/report_hourly_dag.py for tasks to queue
[2026-06-19T23:43:21.974+0000] {logging_mixin.py:154} INFO - [2026-06-19T23:43:21.973+0000] {dagbag.py:536} INFO - Filling up the DagBag from /opt/airflow/dags/report_hourly_dag.py
[2026-06-19T23:43:21.983+0000] {processor.py:839} INFO - DAG(s) dict_keys(['report_hourly_dag']) retrieved from /opt/airflow/dags/report_hourly_dag.py
[2026-06-19T23:43:21.999+0000] {logging_mixin.py:154} INFO - [2026-06-19T23:43:21.999+0000] {dag.py:2941} INFO - Sync 1 DAGs
[2026-06-19T23:43:22.017+0000] {logging_mixin.py:154} INFO - [2026-06-19T23:43:22.016+0000] {dag.py:3722} INFO - Setting next_dagrun for report_hourly_dag to 2026-06-19T01:58:00+00:00, run_after=2026-06-19T01:59:00+00:00
[2026-06-19T23:43:22.029+0000] {processor.py:179} INFO - Processing /opt/airflow/dags/report_hourly_dag.py took 0.061 seconds
[2026-06-19T23:43:52.232+0000] {processor.py:157} INFO - Started process (PID=9873) to work on /opt/airflow/dags/report_hourly_dag.py
[2026-06-19T23:43:52.235+0000] {processor.py:829} INFO - Processing file /opt/airflow/dags/report_hourly_dag.py for tasks to queue
[2026-06-19T23:43:52.236+0000] {logging_mixin.py:154} INFO - [2026-06-19T23:43:52.235+0000] {dagbag.py:536} INFO - Filling up the DagBag from /opt/airflow/dags/report_hourly_dag.py
[2026-06-19T23:43:52.246+0000] {processor.py:839} INFO - DAG(s) dict_keys(['report_hourly_dag']) retrieved from /opt/airflow/dags/report_hourly_dag.py
[2026-06-19T23:43:52.263+0000] {logging_mixin.py:154} INFO - [2026-06-19T23:43:52.263+0000] {dag.py:2941} INFO - Sync 1 DAGs
[2026-06-19T23:43:52.280+0000] {logging_mixin.py:154} INFO - [2026-06-19T23:43:52.280+0000] {dag.py:3722} INFO - Setting next_dagrun for report_hourly_dag to 2026-06-19T01:58:00+00:00, run_after=2026-06-19T01:59:00+00:00
[2026-06-19T23:43:52.292+0000] {processor.py:179} INFO - Processing /opt/airflow/dags/report_hourly_dag.py took 0.064 seconds
[2026-06-19T23:44:22.522+0000] {processor.py:157} INFO - Started process (PID=9888) to work on /opt/airflow/dags/report_hourly_dag.py
[2026-06-19T23:44:22.523+0000] {processor.py:829} INFO - Processing file /opt/airflow/dags/report_hourly_dag.py for tasks to queue
[2026-06-19T23:44:22.525+0000] {logging_mixin.py:154} INFO - [2026-06-19T23:44:22.524+0000] {dagbag.py:536} INFO - Filling up the DagBag from /opt/airflow/dags/report_hourly_dag.py
[2026-06-19T23:44:22.538+0000] {processor.py:839} INFO - DAG(s) dict_keys(['report_hourly_dag']) retrieved from /opt/airflow/dags/report_hourly_dag.py
[2026-06-19T23:44:22.555+0000] {logging_mixin.py:154} INFO - [2026-06-19T23:44:22.554+0000] {dag.py:2941} INFO - Sync 1 DAGs
[2026-06-19T23:44:22.572+0000] {logging_mixin.py:154} INFO - [2026-06-19T23:44:22.571+0000] {dag.py:3722} INFO - Setting next_dagrun for report_hourly_dag to 2026-06-19T01:58:00+00:00, run_after=2026-06-19T01:59:00+00:00
[2026-06-19T23:44:22.591+0000] {processor.py:179} INFO - Processing /opt/airflow/dags/report_hourly_dag.py took 0.075 seconds
[2026-06-19T23:44:52.815+0000] {processor.py:157} INFO - Started process (PID=9903) to work on /opt/airflow/dags/report_hourly_dag.py
[2026-06-19T23:44:52.815+0000] {processor.py:829} INFO - Processing file /opt/airflow/dags/report_hourly_dag.py for tasks to queue
[2026-06-19T23:44:52.816+0000] {logging_mixin.py:154} INFO - [2026-06-19T23:44:52.816+0000] {dagbag.py:536} INFO - Filling up the DagBag from /opt/airflow/dags/report_hourly_dag.py
[2026-06-19T23:44:52.825+0000] {processor.py:839} INFO - DAG(s) dict_keys(['report_hourly_dag']) retrieved from /opt/airflow/dags/report_hourly_dag.py
[2026-06-19T23:44:52.842+0000] {logging_mixin.py:154} INFO - [2026-06-19T23:44:52.842+0000] {dag.py:2941} INFO - Sync 1 DAGs
[2026-06-19T23:44:52.858+0000] {logging_mixin.py:154} INFO - [2026-06-19T23:44:52.858+0000] {dag.py:3722} INFO - Setting next_dagrun for report_hourly_dag to 2026-06-19T01:58:00+00:00, run_after=2026-06-19T01:59:00+00:00
[2026-06-19T23:44:52.872+0000] {processor.py:179} INFO - Processing /opt/airflow/dags/report_hourly_dag.py took 0.062 seconds
[2026-06-19T23:45:23.067+0000] {processor.py:157} INFO - Started process (PID=9918) to work on /opt/airflow/dags/report_hourly_dag.py
[2026-06-19T23:45:23.067+0000] {processor.py:829} INFO - Processing file /opt/airflow/dags/report_hourly_dag.py for tasks to queue
[2026-06-19T23:45:23.068+0000] {logging_mixin.py:154} INFO - [2026-06-19T23:45:23.068+0000] {dagbag.py:536} INFO - Filling up the DagBag from /opt/airflow/dags/report_hourly_dag.py
[2026-06-19T23:45:23.078+0000] {processor.py:839} INFO - DAG(s) dict_keys(['report_hourly_dag']) retrieved from /opt/airflow/dags/report_hourly_dag.py
[2026-06-19T23:45:23.095+0000] {logging_mixin.py:154} INFO - [2026-06-19T23:45:23.094+0000] {dag.py:2941} INFO - Sync 1 DAGs
[2026-06-19T23:45:23.111+0000] {logging_mixin.py:154} INFO - [2026-06-19T23:45:23.111+0000] {dag.py:3722} INFO - Setting next_dagrun for report_hourly_dag to 2026-06-19T01:58:00+00:00, run_after=2026-06-19T01:59:00+00:00
[2026-06-19T23:45:23.125+0000] {processor.py:179} INFO - Processing /opt/airflow/dags/report_hourly_dag.py took 0.061 seconds
[2026-06-19T23:45:53.349+0000] {processor.py:157} INFO - Started process (PID=9933) to work on /opt/airflow/dags/report_hourly_dag.py
[2026-06-19T23:45:53.350+0000] {processor.py:829} INFO - Processing file /opt/airflow/dags/report_hourly_dag.py for tasks to queue
[2026-06-19T23:45:53.351+0000] {logging_mixin.py:154} INFO - [2026-06-19T23:45:53.351+0000] {dagbag.py:536} INFO - Filling up the DagBag from /opt/airflow/dags/report_hourly_dag.py
[2026-06-19T23:45:53.361+0000] {processor.py:839} INFO - DAG(s) dict_keys(['report_hourly_dag']) retrieved from /opt/airflow/dags/report_hourly_dag.py
[2026-06-19T23:45:53.376+0000] {logging_mixin.py:154} INFO - [2026-06-19T23:45:53.376+0000] {dag.py:2941} INFO - Sync 1 DAGs
[2026-06-19T23:45:53.393+0000] {logging_mixin.py:154} INFO - [2026-06-19T23:45:53.392+0000] {dag.py:3722} INFO - Setting next_dagrun for report_hourly_dag to 2026-06-19T01:58:00+00:00, run_after=2026-06-19T01:59:00+00:00
[2026-06-19T23:45:53.405+0000] {processor.py:179} INFO - Processing /opt/airflow/dags/report_hourly_dag.py took 0.059 seconds
[2026-06-19T23:46:23.642+0000] {processor.py:157} INFO - Started process (PID=9948) to work on /opt/airflow/dags/report_hourly_dag.py
[2026-06-19T23:46:23.643+0000] {processor.py:829} INFO - Processing file /opt/airflow/dags/report_hourly_dag.py for tasks to queue
[2026-06-19T23:46:23.644+0000] {logging_mixin.py:154} INFO - [2026-06-19T23:46:23.644+0000] {dagbag.py:536} INFO - Filling up the DagBag from /opt/airflow/dags/report_hourly_dag.py
[2026-06-19T23:46:23.657+0000] {processor.py:839} INFO - DAG(s) dict_keys(['report_hourly_dag']) retrieved from /opt/airflow/dags/report_hourly_dag.py
[2026-06-19T23:46:23.674+0000] {logging_mixin.py:154} INFO - [2026-06-19T23:46:23.674+0000] {dag.py:2941} INFO - Sync 1 DAGs
[2026-06-19T23:46:23.690+0000] {logging_mixin.py:154} INFO - [2026-06-19T23:46:23.690+0000] {dag.py:3722} INFO - Setting next_dagrun for report_hourly_dag to 2026-06-19T01:58:00+00:00, run_after=2026-06-19T01:59:00+00:00
[2026-06-19T23:46:23.703+0000] {processor.py:179} INFO - Processing /opt/airflow/dags/report_hourly_dag.py took 0.067 seconds
[2026-06-19T23:46:53.941+0000] {processor.py:157} INFO - Started process (PID=9963) to work on /opt/airflow/dags/report_hourly_dag.py
[2026-06-19T23:46:53.946+0000] {processor.py:829} INFO - Processing file /opt/airflow/dags/report_hourly_dag.py for tasks to queue
[2026-06-19T23:46:53.947+0000] {logging_mixin.py:154} INFO - [2026-06-19T23:46:53.947+0000] {dagbag.py:536} INFO - Filling up the DagBag from /opt/airflow/dags/report_hourly_dag.py
[2026-06-19T23:46:53.956+0000] {processor.py:839} INFO - DAG(s) dict_keys(['report_hourly_dag']) retrieved from /opt/airflow/dags/report_hourly_dag.py
[2026-06-19T23:46:53.973+0000] {logging_mixin.py:154} INFO - [2026-06-19T23:46:53.972+0000] {dag.py:2941} INFO - Sync 1 DAGs
[2026-06-19T23:46:53.990+0000] {logging_mixin.py:154} INFO - [2026-06-19T23:46:53.990+0000] {dag.py:3722} INFO - Setting next_dagrun for report_hourly_dag to 2026-06-19T01:58:00+00:00, run_after=2026-06-19T01:59:00+00:00
[2026-06-19T23:46:54.003+0000] {processor.py:179} INFO - Processing /opt/airflow/dags/report_hourly_dag.py took 0.066 seconds
[2026-06-19T23:47:24.220+0000] {processor.py:157} INFO - Started process (PID=9978) to work on /opt/airflow/dags/report_hourly_dag.py
[2026-06-19T23:47:24.224+0000] {processor.py:829} INFO - Processing file /opt/airflow/dags/report_hourly_dag.py for tasks to queue
[2026-06-19T23:47:24.225+0000] {logging_mixin.py:154} INFO - [2026-06-19T23:47:24.225+0000] {dagbag.py:536} INFO - Filling up the DagBag from /opt/airflow/dags/report_hourly_dag.py
[2026-06-19T23:47:24.237+0000] {processor.py:839} INFO - DAG(s) dict_keys(['report_hourly_dag']) retrieved from /opt/airflow/dags/report_hourly_dag.py
[2026-06-19T23:47:24.253+0000] {logging_mixin.py:154} INFO - [2026-06-19T23:47:24.253+0000] {dag.py:2941} INFO - Sync 1 DAGs
[2026-06-19T23:47:24.272+0000] {logging_mixin.py:154} INFO - [2026-06-19T23:47:24.272+0000] {dag.py:3722} INFO - Setting next_dagrun for report_hourly_dag to 2026-06-19T01:58:00+00:00, run_after=2026-06-19T01:59:00+00:00
[2026-06-19T23:47:24.285+0000] {processor.py:179} INFO - Processing /opt/airflow/dags/report_hourly_dag.py took 0.068 seconds
[2026-06-19T23:47:54.554+0000] {processor.py:157} INFO - Started process (PID=9993) to work on /opt/airflow/dags/report_hourly_dag.py
[2026-06-19T23:47:54.555+0000] {processor.py:829} INFO - Processing file /opt/airflow/dags/report_hourly_dag.py for tasks to queue
[2026-06-19T23:47:54.556+0000] {logging_mixin.py:154} INFO - [2026-06-19T23:47:54.556+0000] {dagbag.py:536} INFO - Filling up the DagBag from /opt/airflow/dags/report_hourly_dag.py
[2026-06-19T23:47:54.566+0000] {processor.py:839} INFO - DAG(s) dict_keys(['report_hourly_dag']) retrieved from /opt/airflow/dags/report_hourly_dag.py
[2026-06-19T23:47:54.581+0000] {logging_mixin.py:154} INFO - [2026-06-19T23:47:54.581+0000] {dag.py:2941} INFO - Sync 1 DAGs
[2026-06-19T23:47:54.597+0000] {logging_mixin.py:154} INFO - [2026-06-19T23:47:54.597+0000] {dag.py:3722} INFO - Setting next_dagrun for report_hourly_dag to 2026-06-19T01:58:00+00:00, run_after=2026-06-19T01:59:00+00:00
[2026-06-19T23:47:54.610+0000] {processor.py:179} INFO - Processing /opt/airflow/dags/report_hourly_dag.py took 0.059 seconds
[2026-06-19T23:48:24.836+0000] {processor.py:157} INFO - Started process (PID=10008) to work on /opt/airflow/dags/report_hourly_dag.py
[2026-06-19T23:48:24.838+0000] {processor.py:829} INFO - Processing file /opt/airflow/dags/report_hourly_dag.py for tasks to queue
[2026-06-19T23:48:24.839+0000] {logging_mixin.py:154} INFO - [2026-06-19T23:48:24.839+0000] {dagbag.py:536} INFO - Filling up the DagBag from /opt/airflow/dags/report_hourly_dag.py
[2026-06-19T23:48:24.855+0000] {processor.py:839} INFO - DAG(s) dict_keys(['report_hourly_dag']) retrieved from /opt/airflow/dags/report_hourly_dag.py
[2026-06-19T23:48:24.874+0000] {logging_mixin.py:154} INFO - [2026-06-19T23:48:24.874+0000] {dag.py:2941} INFO - Sync 1 DAGs
[2026-06-19T23:48:24.892+0000] {logging_mixin.py:154} INFO - [2026-06-19T23:48:24.892+0000] {dag.py:3722} INFO - Setting next_dagrun for report_hourly_dag to 2026-06-19T01:58:00+00:00, run_after=2026-06-19T01:59:00+00:00
[2026-06-19T23:48:24.904+0000] {processor.py:179} INFO - Processing /opt/airflow/dags/report_hourly_dag.py took 0.073 seconds
[2026-06-19T23:48:55.128+0000] {processor.py:157} INFO - Started process (PID=10023) to work on /opt/airflow/dags/report_hourly_dag.py
[2026-06-19T23:48:55.129+0000] {processor.py:829} INFO - Processing file /opt/airflow/dags/report_hourly_dag.py for tasks to queue
[2026-06-19T23:48:55.130+0000] {logging_mixin.py:154} INFO - [2026-06-19T23:48:55.130+0000] {dagbag.py:536} INFO - Filling up the DagBag from /opt/airflow/dags/report_hourly_dag.py
[2026-06-19T23:48:55.139+0000] {processor.py:839} INFO - DAG(s) dict_keys(['report_hourly_dag']) retrieved from /opt/airflow/dags/report_hourly_dag.py
[2026-06-19T23:48:55.155+0000] {logging_mixin.py:154} INFO - [2026-06-19T23:48:55.155+0000] {dag.py:2941} INFO - Sync 1 DAGs
[2026-06-19T23:48:55.172+0000] {logging_mixin.py:154} INFO - [2026-06-19T23:48:55.172+0000] {dag.py:3722} INFO - Setting next_dagrun for report_hourly_dag to 2026-06-19T01:58:00+00:00, run_after=2026-06-19T01:59:00+00:00
[2026-06-19T23:48:55.192+0000] {processor.py:179} INFO - Processing /opt/airflow/dags/report_hourly_dag.py took 0.067 seconds
[2026-06-19T23:49:25.401+0000] {processor.py:157} INFO - Started process (PID=10038) to work on /opt/airflow/dags/report_hourly_dag.py
[2026-06-19T23:49:25.405+0000] {processor.py:829} INFO - Processing file /opt/airflow/dags/report_hourly_dag.py for tasks to queue
[2026-06-19T23:49:25.406+0000] {logging_mixin.py:154} INFO - [2026-06-19T23:49:25.406+0000] {dagbag.py:536} INFO - Filling up the DagBag from /opt/airflow/dags/report_hourly_dag.py
[2026-06-19T23:49:25.416+0000] {processor.py:839} INFO - DAG(s) dict_keys(['report_hourly_dag']) retrieved from /opt/airflow/dags/report_hourly_dag.py
[2026-06-19T23:49:25.434+0000] {logging_mixin.py:154} INFO - [2026-06-19T23:49:25.434+0000] {dag.py:2941} INFO - Sync 1 DAGs
[2026-06-19T23:49:25.452+0000] {logging_mixin.py:154} INFO - [2026-06-19T23:49:25.452+0000] {dag.py:3722} INFO - Setting next_dagrun for report_hourly_dag to 2026-06-19T01:58:00+00:00, run_after=2026-06-19T01:59:00+00:00
[2026-06-19T23:49:25.466+0000] {processor.py:179} INFO - Processing /opt/airflow/dags/report_hourly_dag.py took 0.068 seconds
[2026-06-19T23:49:55.695+0000] {processor.py:157} INFO - Started process (PID=10053) to work on /opt/airflow/dags/report_hourly_dag.py
[2026-06-19T23:49:55.696+0000] {processor.py:829} INFO - Processing file /opt/airflow/dags/report_hourly_dag.py for tasks to queue
[2026-06-19T23:49:55.697+0000] {logging_mixin.py:154} INFO - [2026-06-19T23:49:55.696+0000] {dagbag.py:536} INFO - Filling up the DagBag from /opt/airflow/dags/report_hourly_dag.py
[2026-06-19T23:49:55.708+0000] {processor.py:839} INFO - DAG(s) dict_keys(['report_hourly_dag']) retrieved from /opt/airflow/dags/report_hourly_dag.py
[2026-06-19T23:49:55.726+0000] {logging_mixin.py:154} INFO - [2026-06-19T23:49:55.726+0000] {dag.py:2941} INFO - Sync 1 DAGs
[2026-06-19T23:49:55.744+0000] {logging_mixin.py:154} INFO - [2026-06-19T23:49:55.743+0000] {dag.py:3722} INFO - Setting next_dagrun for report_hourly_dag to 2026-06-19T01:58:00+00:00, run_after=2026-06-19T01:59:00+00:00
[2026-06-19T23:49:55.756+0000] {processor.py:179} INFO - Processing /opt/airflow/dags/report_hourly_dag.py took 0.065 seconds
[2026-06-19T23:50:25.971+0000] {processor.py:157} INFO - Started process (PID=10068) to work on /opt/airflow/dags/report_hourly_dag.py
[2026-06-19T23:50:25.974+0000] {processor.py:829} INFO - Processing file /opt/airflow/dags/report_hourly_dag.py for tasks to queue
[2026-06-19T23:50:25.975+0000] {logging_mixin.py:154} INFO - [2026-06-19T23:50:25.974+0000] {dagbag.py:536} INFO - Filling up the DagBag from /opt/airflow/dags/report_hourly_dag.py
[2026-06-19T23:50:25.988+0000] {processor.py:839} INFO - DAG(s) dict_keys(['report_hourly_dag']) retrieved from /opt/airflow/dags/report_hourly_dag.py
[2026-06-19T23:50:26.012+0000] {logging_mixin.py:154} INFO - [2026-06-19T23:50:26.012+0000] {dag.py:2941} INFO - Sync 1 DAGs
[2026-06-19T23:50:26.035+0000] {logging_mixin.py:154} INFO - [2026-06-19T23:50:26.035+0000] {dag.py:3722} INFO - Setting next_dagrun for report_hourly_dag to 2026-06-19T01:58:00+00:00, run_after=2026-06-19T01:59:00+00:00
[2026-06-19T23:50:26.047+0000] {processor.py:179} INFO - Processing /opt/airflow/dags/report_hourly_dag.py took 0.080 seconds
[2026-06-19T23:50:56.282+0000] {processor.py:157} INFO - Started process (PID=10083) to work on /opt/airflow/dags/report_hourly_dag.py
[2026-06-19T23:50:56.283+0000] {processor.py:829} INFO - Processing file /opt/airflow/dags/report_hourly_dag.py for tasks to queue
[2026-06-19T23:50:56.284+0000] {logging_mixin.py:154} INFO - [2026-06-19T23:50:56.283+0000] {dagbag.py:536} INFO - Filling up the DagBag from /opt/airflow/dags/report_hourly_dag.py
[2026-06-19T23:50:56.294+0000] {processor.py:839} INFO - DAG(s) dict_keys(['report_hourly_dag']) retrieved from /opt/airflow/dags/report_hourly_dag.py
[2026-06-19T23:50:56.313+0000] {logging_mixin.py:154} INFO - [2026-06-19T23:50:56.313+0000] {dag.py:2941} INFO - Sync 1 DAGs
[2026-06-19T23:50:56.334+0000] {logging_mixin.py:154} INFO - [2026-06-19T23:50:56.334+0000] {dag.py:3722} INFO - Setting next_dagrun for report_hourly_dag to 2026-06-19T01:58:00+00:00, run_after=2026-06-19T01:59:00+00:00
[2026-06-19T23:50:56.347+0000] {processor.py:179} INFO - Processing /opt/airflow/dags/report_hourly_dag.py took 0.070 seconds
[2026-06-19T23:51:26.556+0000] {processor.py:157} INFO - Started process (PID=10098) to work on /opt/airflow/dags/report_hourly_dag.py
[2026-06-19T23:51:26.558+0000] {processor.py:829} INFO - Processing file /opt/airflow/dags/report_hourly_dag.py for tasks to queue
[2026-06-19T23:51:26.559+0000] {logging_mixin.py:154} INFO - [2026-06-19T23:51:26.558+0000] {dagbag.py:536} INFO - Filling up the DagBag from /opt/airflow/dags/report_hourly_dag.py
[2026-06-19T23:51:26.572+0000] {processor.py:839} INFO - DAG(s) dict_keys(['report_hourly_dag']) retrieved from /opt/airflow/dags/report_hourly_dag.py
[2026-06-19T23:51:26.590+0000] {logging_mixin.py:154} INFO - [2026-06-19T23:51:26.590+0000] {dag.py:2941} INFO - Sync 1 DAGs
[2026-06-19T23:51:26.606+0000] {logging_mixin.py:154} INFO - [2026-06-19T23:51:26.606+0000] {dag.py:3722} INFO - Setting next_dagrun for report_hourly_dag to 2026-06-19T01:58:00+00:00, run_after=2026-06-19T01:59:00+00:00
[2026-06-19T23:51:26.618+0000] {processor.py:179} INFO - Processing /opt/airflow/dags/report_hourly_dag.py took 0.067 seconds
[2026-06-19T23:51:56.822+0000] {processor.py:157} INFO - Started process (PID=10113) to work on /opt/airflow/dags/report_hourly_dag.py
[2026-06-19T23:51:56.823+0000] {processor.py:829} INFO - Processing file /opt/airflow/dags/report_hourly_dag.py for tasks to queue
[2026-06-19T23:51:56.823+0000] {logging_mixin.py:154} INFO - [2026-06-19T23:51:56.823+0000] {dagbag.py:536} INFO - Filling up the DagBag from /opt/airflow/dags/report_hourly_dag.py
[2026-06-19T23:51:56.831+0000] {processor.py:839} INFO - DAG(s) dict_keys(['report_hourly_dag']) retrieved from /opt/airflow/dags/report_hourly_dag.py
[2026-06-19T23:51:56.847+0000] {logging_mixin.py:154} INFO - [2026-06-19T23:51:56.847+0000] {dag.py:2941} INFO - Sync 1 DAGs
[2026-06-19T23:51:56.863+0000] {logging_mixin.py:154} INFO - [2026-06-19T23:51:56.863+0000] {dag.py:3722} INFO - Setting next_dagrun for report_hourly_dag to 2026-06-19T01:58:00+00:00, run_after=2026-06-19T01:59:00+00:00
[2026-06-19T23:51:56.875+0000] {processor.py:179} INFO - Processing /opt/airflow/dags/report_hourly_dag.py took 0.055 seconds
[2026-06-19T23:52:27.094+0000] {processor.py:157} INFO - Started process (PID=10128) to work on /opt/airflow/dags/report_hourly_dag.py
[2026-06-19T23:52:27.100+0000] {processor.py:829} INFO - Processing file /opt/airflow/dags/report_hourly_dag.py for tasks to queue
[2026-06-19T23:52:27.101+0000] {logging_mixin.py:154} INFO - [2026-06-19T23:52:27.101+0000] {dagbag.py:536} INFO - Filling up the DagBag from /opt/airflow/dags/report_hourly_dag.py
[2026-06-19T23:52:27.108+0000] {processor.py:839} INFO - DAG(s) dict_keys(['report_hourly_dag']) retrieved from /opt/airflow/dags/report_hourly_dag.py
[2026-06-19T23:52:27.125+0000] {logging_mixin.py:154} INFO - [2026-06-19T23:52:27.124+0000] {dag.py:2941} INFO - Sync 1 DAGs
[2026-06-19T23:52:27.141+0000] {logging_mixin.py:154} INFO - [2026-06-19T23:52:27.141+0000] {dag.py:3722} INFO - Setting next_dagrun for report_hourly_dag to 2026-06-19T01:58:00+00:00, run_after=2026-06-19T01:59:00+00:00
[2026-06-19T23:52:27.153+0000] {processor.py:179} INFO - Processing /opt/airflow/dags/report_hourly_dag.py took 0.061 seconds
[2026-06-19T23:52:57.384+0000] {processor.py:157} INFO - Started process (PID=10143) to work on /opt/airflow/dags/report_hourly_dag.py
[2026-06-19T23:52:57.385+0000] {processor.py:829} INFO - Processing file /opt/airflow/dags/report_hourly_dag.py for tasks to queue
[2026-06-19T23:52:57.386+0000] {logging_mixin.py:154} INFO - [2026-06-19T23:52:57.386+0000] {dagbag.py:536} INFO - Filling up the DagBag from /opt/airflow/dags/report_hourly_dag.py
[2026-06-19T23:52:57.399+0000] {processor.py:839} INFO - DAG(s) dict_keys(['report_hourly_dag']) retrieved from /opt/airflow/dags/report_hourly_dag.py
[2026-06-19T23:52:57.416+0000] {logging_mixin.py:154} INFO - [2026-06-19T23:52:57.416+0000] {dag.py:2941} INFO - Sync 1 DAGs
[2026-06-19T23:52:57.432+0000] {logging_mixin.py:154} INFO - [2026-06-19T23:52:57.432+0000] {dag.py:3722} INFO - Setting next_dagrun for report_hourly_dag to 2026-06-19T01:58:00+00:00, run_after=2026-06-19T01:59:00+00:00
[2026-06-19T23:52:57.449+0000] {processor.py:179} INFO - Processing /opt/airflow/dags/report_hourly_dag.py took 0.069 seconds
[2026-06-19T23:53:27.673+0000] {processor.py:157} INFO - Started process (PID=10158) to work on /opt/airflow/dags/report_hourly_dag.py
[2026-06-19T23:53:27.676+0000] {processor.py:829} INFO - Processing file /opt/airflow/dags/report_hourly_dag.py for tasks to queue
[2026-06-19T23:53:27.677+0000] {logging_mixin.py:154} INFO - [2026-06-19T23:53:27.677+0000] {dagbag.py:536} INFO - Filling up the DagBag from /opt/airflow/dags/report_hourly_dag.py
[2026-06-19T23:53:27.688+0000] {processor.py:839} INFO - DAG(s) dict_keys(['report_hourly_dag']) retrieved from /opt/airflow/dags/report_hourly_dag.py
[2026-06-19T23:53:27.707+0000] {logging_mixin.py:154} INFO - [2026-06-19T23:53:27.706+0000] {dag.py:2941} INFO - Sync 1 DAGs
[2026-06-19T23:53:27.724+0000] {logging_mixin.py:154} INFO - [2026-06-19T23:53:27.723+0000] {dag.py:3722} INFO - Setting next_dagrun for report_hourly_dag to 2026-06-19T01:58:00+00:00, run_after=2026-06-19T01:59:00+00:00
[2026-06-19T23:53:27.735+0000] {processor.py:179} INFO - Processing /opt/airflow/dags/report_hourly_dag.py took 0.066 seconds
[2026-06-19T23:53:57.971+0000] {processor.py:157} INFO - Started process (PID=10173) to work on /opt/airflow/dags/report_hourly_dag.py
[2026-06-19T23:53:57.972+0000] {processor.py:829} INFO - Processing file /opt/airflow/dags/report_hourly_dag.py for tasks to queue
[2026-06-19T23:53:57.973+0000] {logging_mixin.py:154} INFO - [2026-06-19T23:53:57.973+0000] {dagbag.py:536} INFO - Filling up the DagBag from /opt/airflow/dags/report_hourly_dag.py
[2026-06-19T23:53:57.987+0000] {processor.py:839} INFO - DAG(s) dict_keys(['report_hourly_dag']) retrieved from /opt/airflow/dags/report_hourly_dag.py
[2026-06-19T23:53:58.003+0000] {logging_mixin.py:154} INFO - [2026-06-19T23:53:58.003+0000] {dag.py:2941} INFO - Sync 1 DAGs
[2026-06-19T23:53:58.019+0000] {logging_mixin.py:154} INFO - [2026-06-19T23:53:58.019+0000] {dag.py:3722} INFO - Setting next_dagrun for report_hourly_dag to 2026-06-19T01:58:00+00:00, run_after=2026-06-19T01:59:00+00:00
[2026-06-19T23:53:58.032+0000] {processor.py:179} INFO - Processing /opt/airflow/dags/report_hourly_dag.py took 0.066 seconds
[2026-06-19T23:54:28.268+0000] {processor.py:157} INFO - Started process (PID=10188) to work on /opt/airflow/dags/report_hourly_dag.py
[2026-06-19T23:54:28.271+0000] {processor.py:829} INFO - Processing file /opt/airflow/dags/report_hourly_dag.py for tasks to queue
[2026-06-19T23:54:28.272+0000] {logging_mixin.py:154} INFO - [2026-06-19T23:54:28.272+0000] {dagbag.py:536} INFO - Filling up the DagBag from /opt/airflow/dags/report_hourly_dag.py
[2026-06-19T23:54:28.281+0000] {processor.py:839} INFO - DAG(s) dict_keys(['report_hourly_dag']) retrieved from /opt/airflow/dags/report_hourly_dag.py
[2026-06-19T23:54:28.297+0000] {logging_mixin.py:154} INFO - [2026-06-19T23:54:28.297+0000] {dag.py:2941} INFO - Sync 1 DAGs
[2026-06-19T23:54:28.313+0000] {logging_mixin.py:154} INFO - [2026-06-19T23:54:28.312+0000] {dag.py:3722} INFO - Setting next_dagrun for report_hourly_dag to 2026-06-19T01:58:00+00:00, run_after=2026-06-19T01:59:00+00:00
[2026-06-19T23:54:28.324+0000] {processor.py:179} INFO - Processing /opt/airflow/dags/report_hourly_dag.py took 0.060 seconds
[2026-06-19T23:54:58.563+0000] {processor.py:157} INFO - Started process (PID=10203) to work on /opt/airflow/dags/report_hourly_dag.py
[2026-06-19T23:54:58.564+0000] {processor.py:829} INFO - Processing file /opt/airflow/dags/report_hourly_dag.py for tasks to queue
[2026-06-19T23:54:58.565+0000] {logging_mixin.py:154} INFO - [2026-06-19T23:54:58.564+0000] {dagbag.py:536} INFO - Filling up the DagBag from /opt/airflow/dags/report_hourly_dag.py
[2026-06-19T23:54:58.575+0000] {processor.py:839} INFO - DAG(s) dict_keys(['report_hourly_dag']) retrieved from /opt/airflow/dags/report_hourly_dag.py
[2026-06-19T23:54:58.590+0000] {logging_mixin.py:154} INFO - [2026-06-19T23:54:58.590+0000] {dag.py:2941} INFO - Sync 1 DAGs
[2026-06-19T23:54:58.606+0000] {logging_mixin.py:154} INFO - [2026-06-19T23:54:58.606+0000] {dag.py:3722} INFO - Setting next_dagrun for report_hourly_dag to 2026-06-19T01:58:00+00:00, run_after=2026-06-19T01:59:00+00:00
[2026-06-19T23:54:58.618+0000] {processor.py:179} INFO - Processing /opt/airflow/dags/report_hourly_dag.py took 0.060 seconds
[2026-06-19T23:55:28.846+0000] {processor.py:157} INFO - Started process (PID=10218) to work on /opt/airflow/dags/report_hourly_dag.py
[2026-06-19T23:55:28.847+0000] {processor.py:829} INFO - Processing file /opt/airflow/dags/report_hourly_dag.py for tasks to queue
[2026-06-19T23:55:28.848+0000] {logging_mixin.py:154} INFO - [2026-06-19T23:55:28.848+0000] {dagbag.py:536} INFO - Filling up the DagBag from /opt/airflow/dags/report_hourly_dag.py
[2026-06-19T23:55:28.862+0000] {processor.py:839} INFO - DAG(s) dict_keys(['report_hourly_dag']) retrieved from /opt/airflow/dags/report_hourly_dag.py
[2026-06-19T23:55:28.885+0000] {logging_mixin.py:154} INFO - [2026-06-19T23:55:28.885+0000] {dag.py:2941} INFO - Sync 1 DAGs
[2026-06-19T23:55:28.910+0000] {logging_mixin.py:154} INFO - [2026-06-19T23:55:28.910+0000] {dag.py:3722} INFO - Setting next_dagrun for report_hourly_dag to 2026-06-19T01:58:00+00:00, run_after=2026-06-19T01:59:00+00:00
[2026-06-19T23:55:28.925+0000] {processor.py:179} INFO - Processing /opt/airflow/dags/report_hourly_dag.py took 0.085 seconds
[2026-06-19T23:55:59.156+0000] {processor.py:157} INFO - Started process (PID=10233) to work on /opt/airflow/dags/report_hourly_dag.py
[2026-06-19T23:55:59.159+0000] {processor.py:829} INFO - Processing file /opt/airflow/dags/report_hourly_dag.py for tasks to queue
[2026-06-19T23:55:59.160+0000] {logging_mixin.py:154} INFO - [2026-06-19T23:55:59.160+0000] {dagbag.py:536} INFO - Filling up the DagBag from /opt/airflow/dags/report_hourly_dag.py
[2026-06-19T23:55:59.171+0000] {processor.py:839} INFO - DAG(s) dict_keys(['report_hourly_dag']) retrieved from /opt/airflow/dags/report_hourly_dag.py
[2026-06-19T23:55:59.190+0000] {logging_mixin.py:154} INFO - [2026-06-19T23:55:59.190+0000] {dag.py:2941} INFO - Sync 1 DAGs
[2026-06-19T23:55:59.208+0000] {logging_mixin.py:154} INFO - [2026-06-19T23:55:59.208+0000] {dag.py:3722} INFO - Setting next_dagrun for report_hourly_dag to 2026-06-19T01:58:00+00:00, run_after=2026-06-19T01:59:00+00:00
[2026-06-19T23:55:59.220+0000] {processor.py:179} INFO - Processing /opt/airflow/dags/report_hourly_dag.py took 0.067 seconds
[2026-06-19T23:56:29.446+0000] {processor.py:157} INFO - Started process (PID=10248) to work on /opt/airflow/dags/report_hourly_dag.py
[2026-06-19T23:56:29.451+0000] {processor.py:829} INFO - Processing file /opt/airflow/dags/report_hourly_dag.py for tasks to queue
[2026-06-19T23:56:29.452+0000] {logging_mixin.py:154} INFO - [2026-06-19T23:56:29.452+0000] {dagbag.py:536} INFO - Filling up the DagBag from /opt/airflow/dags/report_hourly_dag.py
[2026-06-19T23:56:29.461+0000] {processor.py:839} INFO - DAG(s) dict_keys(['report_hourly_dag']) retrieved from /opt/airflow/dags/report_hourly_dag.py
[2026-06-19T23:56:29.477+0000] {logging_mixin.py:154} INFO - [2026-06-19T23:56:29.477+0000] {dag.py:2941} INFO - Sync 1 DAGs
[2026-06-19T23:56:29.569+0000] {logging_mixin.py:154} INFO - [2026-06-19T23:56:29.569+0000] {dag.py:3722} INFO - Setting next_dagrun for report_hourly_dag to 2026-06-19T01:58:00+00:00, run_after=2026-06-19T01:59:00+00:00
[2026-06-19T23:56:29.581+0000] {processor.py:179} INFO - Processing /opt/airflow/dags/report_hourly_dag.py took 0.138 seconds
[2026-06-19T23:56:59.809+0000] {processor.py:157} INFO - Started process (PID=10263) to work on /opt/airflow/dags/report_hourly_dag.py
[2026-06-19T23:56:59.810+0000] {processor.py:829} INFO - Processing file /opt/airflow/dags/report_hourly_dag.py for tasks to queue
[2026-06-19T23:56:59.810+0000] {logging_mixin.py:154} INFO - [2026-06-19T23:56:59.810+0000] {dagbag.py:536} INFO - Filling up the DagBag from /opt/airflow/dags/report_hourly_dag.py
[2026-06-19T23:56:59.818+0000] {processor.py:839} INFO - DAG(s) dict_keys(['report_hourly_dag']) retrieved from /opt/airflow/dags/report_hourly_dag.py
[2026-06-19T23:56:59.833+0000] {logging_mixin.py:154} INFO - [2026-06-19T23:56:59.833+0000] {dag.py:2941} INFO - Sync 1 DAGs
[2026-06-19T23:56:59.849+0000] {logging_mixin.py:154} INFO - [2026-06-19T23:56:59.849+0000] {dag.py:3722} INFO - Setting next_dagrun for report_hourly_dag to 2026-06-19T01:58:00+00:00, run_after=2026-06-19T01:59:00+00:00
[2026-06-19T23:56:59.864+0000] {processor.py:179} INFO - Processing /opt/airflow/dags/report_hourly_dag.py took 0.058 seconds
[2026-06-19T23:57:30.083+0000] {processor.py:157} INFO - Started process (PID=10278) to work on /opt/airflow/dags/report_hourly_dag.py
[2026-06-19T23:57:30.086+0000] {processor.py:829} INFO - Processing file /opt/airflow/dags/report_hourly_dag.py for tasks to queue
[2026-06-19T23:57:30.086+0000] {logging_mixin.py:154} INFO - [2026-06-19T23:57:30.086+0000] {dagbag.py:536} INFO - Filling up the DagBag from /opt/airflow/dags/report_hourly_dag.py
[2026-06-19T23:57:30.096+0000] {processor.py:839} INFO - DAG(s) dict_keys(['report_hourly_dag']) retrieved from /opt/airflow/dags/report_hourly_dag.py
[2026-06-19T23:57:30.113+0000] {logging_mixin.py:154} INFO - [2026-06-19T23:57:30.113+0000] {dag.py:2941} INFO - Sync 1 DAGs
[2026-06-19T23:57:30.129+0000] {logging_mixin.py:154} INFO - [2026-06-19T23:57:30.129+0000] {dag.py:3722} INFO - Setting next_dagrun for report_hourly_dag to 2026-06-19T01:58:00+00:00, run_after=2026-06-19T01:59:00+00:00
[2026-06-19T23:57:30.149+0000] {processor.py:179} INFO - Processing /opt/airflow/dags/report_hourly_dag.py took 0.070 seconds
[2026-06-19T23:58:00.382+0000] {processor.py:157} INFO - Started process (PID=10293) to work on /opt/airflow/dags/report_hourly_dag.py
[2026-06-19T23:58:00.382+0000] {processor.py:829} INFO - Processing file /opt/airflow/dags/report_hourly_dag.py for tasks to queue
[2026-06-19T23:58:00.383+0000] {logging_mixin.py:154} INFO - [2026-06-19T23:58:00.383+0000] {dagbag.py:536} INFO - Filling up the DagBag from /opt/airflow/dags/report_hourly_dag.py
[2026-06-19T23:58:00.393+0000] {processor.py:839} INFO - DAG(s) dict_keys(['report_hourly_dag']) retrieved from /opt/airflow/dags/report_hourly_dag.py
[2026-06-19T23:58:00.412+0000] {logging_mixin.py:154} INFO - [2026-06-19T23:58:00.412+0000] {dag.py:2941} INFO - Sync 1 DAGs
[2026-06-19T23:58:00.434+0000] {logging_mixin.py:154} INFO - [2026-06-19T23:58:00.434+0000] {dag.py:3722} INFO - Setting next_dagrun for report_hourly_dag to 2026-06-19T01:58:00+00:00, run_after=2026-06-19T01:59:00+00:00
[2026-06-19T23:58:00.448+0000] {processor.py:179} INFO - Processing /opt/airflow/dags/report_hourly_dag.py took 0.071 seconds
[2026-06-19T23:58:30.685+0000] {processor.py:157} INFO - Started process (PID=10308) to work on /opt/airflow/dags/report_hourly_dag.py
[2026-06-19T23:58:30.687+0000] {processor.py:829} INFO - Processing file /opt/airflow/dags/report_hourly_dag.py for tasks to queue
[2026-06-19T23:58:30.688+0000] {logging_mixin.py:154} INFO - [2026-06-19T23:58:30.688+0000] {dagbag.py:536} INFO - Filling up the DagBag from /opt/airflow/dags/report_hourly_dag.py
[2026-06-19T23:58:30.706+0000] {processor.py:839} INFO - DAG(s) dict_keys(['report_hourly_dag']) retrieved from /opt/airflow/dags/report_hourly_dag.py
[2026-06-19T23:58:30.725+0000] {logging_mixin.py:154} INFO - [2026-06-19T23:58:30.725+0000] {dag.py:2941} INFO - Sync 1 DAGs
[2026-06-19T23:58:30.816+0000] {logging_mixin.py:154} INFO - [2026-06-19T23:58:30.816+0000] {dag.py:3722} INFO - Setting next_dagrun for report_hourly_dag to 2026-06-19T01:58:00+00:00, run_after=2026-06-19T01:59:00+00:00
[2026-06-19T23:58:30.832+0000] {processor.py:179} INFO - Processing /opt/airflow/dags/report_hourly_dag.py took 0.152 seconds
[2026-06-19T23:59:01.137+0000] {processor.py:157} INFO - Started process (PID=10323) to work on /opt/airflow/dags/report_hourly_dag.py
[2026-06-19T23:59:01.141+0000] {processor.py:829} INFO - Processing file /opt/airflow/dags/report_hourly_dag.py for tasks to queue
[2026-06-19T23:59:01.142+0000] {logging_mixin.py:154} INFO - [2026-06-19T23:59:01.141+0000] {dagbag.py:536} INFO - Filling up the DagBag from /opt/airflow/dags/report_hourly_dag.py
[2026-06-19T23:59:01.154+0000] {processor.py:839} INFO - DAG(s) dict_keys(['report_hourly_dag']) retrieved from /opt/airflow/dags/report_hourly_dag.py
[2026-06-19T23:59:01.173+0000] {logging_mixin.py:154} INFO - [2026-06-19T23:59:01.173+0000] {dag.py:2941} INFO - Sync 1 DAGs
[2026-06-19T23:59:01.190+0000] {logging_mixin.py:154} INFO - [2026-06-19T23:59:01.190+0000] {dag.py:3722} INFO - Setting next_dagrun for report_hourly_dag to 2026-06-19T01:58:00+00:00, run_after=2026-06-19T01:59:00+00:00
[2026-06-19T23:59:01.205+0000] {processor.py:179} INFO - Processing /opt/airflow/dags/report_hourly_dag.py took 0.072 seconds
[2026-06-19T23:59:31.430+0000] {processor.py:157} INFO - Started process (PID=10338) to work on /opt/airflow/dags/report_hourly_dag.py
[2026-06-19T23:59:31.431+0000] {processor.py:829} INFO - Processing file /opt/airflow/dags/report_hourly_dag.py for tasks to queue
[2026-06-19T23:59:31.432+0000] {logging_mixin.py:154} INFO - [2026-06-19T23:59:31.432+0000] {dagbag.py:536} INFO - Filling up the DagBag from /opt/airflow/dags/report_hourly_dag.py
[2026-06-19T23:59:31.443+0000] {processor.py:839} INFO - DAG(s) dict_keys(['report_hourly_dag']) retrieved from /opt/airflow/dags/report_hourly_dag.py
[2026-06-19T23:59:31.459+0000] {logging_mixin.py:154} INFO - [2026-06-19T23:59:31.459+0000] {dag.py:2941} INFO - Sync 1 DAGs
[2026-06-19T23:59:31.478+0000] {logging_mixin.py:154} INFO - [2026-06-19T23:59:31.478+0000] {dag.py:3722} INFO - Setting next_dagrun for report_hourly_dag to 2026-06-19T01:58:00+00:00, run_after=2026-06-19T01:59:00+00:00
[2026-06-19T23:59:31.490+0000] {processor.py:179} INFO - Processing /opt/airflow/dags/report_hourly_dag.py took 0.065 seconds
