[2026-06-13T00:00:26.093+0000] {processor.py:157} INFO - Started process (PID=9061) to work on /opt/airflow/dags/S3_UPLOAD_BRONZE_DAG.py
[2026-06-13T00:00:26.094+0000] {processor.py:829} INFO - Processing file /opt/airflow/dags/S3_UPLOAD_BRONZE_DAG.py for tasks to queue
[2026-06-13T00:00:26.094+0000] {logging_mixin.py:154} INFO - [2026-06-13T00:00:26.094+0000] {dagbag.py:536} INFO - Filling up the DagBag from /opt/airflow/dags/S3_UPLOAD_BRONZE_DAG.py
[2026-06-13T00:00:26.109+0000] {processor.py:839} INFO - DAG(s) dict_keys(['daily_vulnerability_ingestion']) retrieved from /opt/airflow/dags/S3_UPLOAD_BRONZE_DAG.py
[2026-06-13T00:00:26.128+0000] {logging_mixin.py:154} INFO - [2026-06-13T00:00:26.128+0000] {dag.py:2941} INFO - Sync 1 DAGs
[2026-06-13T00:00:26.143+0000] {logging_mixin.py:154} INFO - [2026-06-13T00:00:26.143+0000] {dag.py:3722} INFO - Setting next_dagrun for daily_vulnerability_ingestion to 2026-06-12T14:52:05.384041+00:00, run_after=2026-06-13T14:52:05.384041+00:00
[2026-06-13T00:00:26.157+0000] {processor.py:179} INFO - Processing /opt/airflow/dags/S3_UPLOAD_BRONZE_DAG.py took 0.066 seconds
[2026-06-13T00:00:56.279+0000] {processor.py:157} INFO - Started process (PID=9066) to work on /opt/airflow/dags/S3_UPLOAD_BRONZE_DAG.py
[2026-06-13T00:00:56.288+0000] {processor.py:829} INFO - Processing file /opt/airflow/dags/S3_UPLOAD_BRONZE_DAG.py for tasks to queue
[2026-06-13T00:00:56.289+0000] {logging_mixin.py:154} INFO - [2026-06-13T00:00:56.288+0000] {dagbag.py:536} INFO - Filling up the DagBag from /opt/airflow/dags/S3_UPLOAD_BRONZE_DAG.py
[2026-06-13T00:00:56.301+0000] {processor.py:839} INFO - DAG(s) dict_keys(['daily_vulnerability_ingestion']) retrieved from /opt/airflow/dags/S3_UPLOAD_BRONZE_DAG.py
[2026-06-13T00:00:56.320+0000] {logging_mixin.py:154} INFO - [2026-06-13T00:00:56.320+0000] {dag.py:2941} INFO - Sync 1 DAGs
[2026-06-13T00:00:56.335+0000] {logging_mixin.py:154} INFO - [2026-06-13T00:00:56.335+0000] {dag.py:3722} INFO - Setting next_dagrun for daily_vulnerability_ingestion to 2026-06-12T14:52:05.384041+00:00, run_after=2026-06-13T14:52:05.384041+00:00
[2026-06-13T00:00:56.347+0000] {processor.py:179} INFO - Processing /opt/airflow/dags/S3_UPLOAD_BRONZE_DAG.py took 0.071 seconds
[2026-06-13T00:01:26.514+0000] {processor.py:157} INFO - Started process (PID=9071) to work on /opt/airflow/dags/S3_UPLOAD_BRONZE_DAG.py
[2026-06-13T00:01:26.515+0000] {processor.py:829} INFO - Processing file /opt/airflow/dags/S3_UPLOAD_BRONZE_DAG.py for tasks to queue
[2026-06-13T00:01:26.516+0000] {logging_mixin.py:154} INFO - [2026-06-13T00:01:26.516+0000] {dagbag.py:536} INFO - Filling up the DagBag from /opt/airflow/dags/S3_UPLOAD_BRONZE_DAG.py
[2026-06-13T00:01:26.531+0000] {processor.py:839} INFO - DAG(s) dict_keys(['daily_vulnerability_ingestion']) retrieved from /opt/airflow/dags/S3_UPLOAD_BRONZE_DAG.py
[2026-06-13T00:01:26.551+0000] {logging_mixin.py:154} INFO - [2026-06-13T00:01:26.550+0000] {dag.py:2941} INFO - Sync 1 DAGs
[2026-06-13T00:01:26.567+0000] {logging_mixin.py:154} INFO - [2026-06-13T00:01:26.567+0000] {dag.py:3722} INFO - Setting next_dagrun for daily_vulnerability_ingestion to 2026-06-12T14:52:05.384041+00:00, run_after=2026-06-13T14:52:05.384041+00:00
[2026-06-13T00:01:26.579+0000] {processor.py:179} INFO - Processing /opt/airflow/dags/S3_UPLOAD_BRONZE_DAG.py took 0.069 seconds
[2026-06-13T00:01:56.702+0000] {processor.py:157} INFO - Started process (PID=9076) to work on /opt/airflow/dags/S3_UPLOAD_BRONZE_DAG.py
[2026-06-13T00:01:56.711+0000] {processor.py:829} INFO - Processing file /opt/airflow/dags/S3_UPLOAD_BRONZE_DAG.py for tasks to queue
[2026-06-13T00:01:56.713+0000] {logging_mixin.py:154} INFO - [2026-06-13T00:01:56.712+0000] {dagbag.py:536} INFO - Filling up the DagBag from /opt/airflow/dags/S3_UPLOAD_BRONZE_DAG.py
[2026-06-13T00:01:56.734+0000] {processor.py:839} INFO - DAG(s) dict_keys(['daily_vulnerability_ingestion']) retrieved from /opt/airflow/dags/S3_UPLOAD_BRONZE_DAG.py
[2026-06-13T00:01:56.754+0000] {logging_mixin.py:154} INFO - [2026-06-13T00:01:56.754+0000] {dag.py:2941} INFO - Sync 1 DAGs
[2026-06-13T00:01:56.770+0000] {logging_mixin.py:154} INFO - [2026-06-13T00:01:56.770+0000] {dag.py:3722} INFO - Setting next_dagrun for daily_vulnerability_ingestion to 2026-06-12T14:52:05.384041+00:00, run_after=2026-06-13T14:52:05.384041+00:00
[2026-06-13T00:01:56.782+0000] {processor.py:179} INFO - Processing /opt/airflow/dags/S3_UPLOAD_BRONZE_DAG.py took 0.089 seconds
[2026-06-13T00:02:26.914+0000] {processor.py:157} INFO - Started process (PID=9081) to work on /opt/airflow/dags/S3_UPLOAD_BRONZE_DAG.py
[2026-06-13T00:02:26.915+0000] {processor.py:829} INFO - Processing file /opt/airflow/dags/S3_UPLOAD_BRONZE_DAG.py for tasks to queue
[2026-06-13T00:02:26.917+0000] {logging_mixin.py:154} INFO - [2026-06-13T00:02:26.916+0000] {dagbag.py:536} INFO - Filling up the DagBag from /opt/airflow/dags/S3_UPLOAD_BRONZE_DAG.py
[2026-06-13T00:02:26.939+0000] {processor.py:839} INFO - DAG(s) dict_keys(['daily_vulnerability_ingestion']) retrieved from /opt/airflow/dags/S3_UPLOAD_BRONZE_DAG.py
[2026-06-13T00:02:26.960+0000] {logging_mixin.py:154} INFO - [2026-06-13T00:02:26.959+0000] {dag.py:2941} INFO - Sync 1 DAGs
[2026-06-13T00:02:26.976+0000] {logging_mixin.py:154} INFO - [2026-06-13T00:02:26.976+0000] {dag.py:3722} INFO - Setting next_dagrun for daily_vulnerability_ingestion to 2026-06-12T14:52:05.384041+00:00, run_after=2026-06-13T14:52:05.384041+00:00
[2026-06-13T00:02:26.989+0000] {processor.py:179} INFO - Processing /opt/airflow/dags/S3_UPLOAD_BRONZE_DAG.py took 0.082 seconds
[2026-06-13T00:02:57.099+0000] {processor.py:157} INFO - Started process (PID=9086) to work on /opt/airflow/dags/S3_UPLOAD_BRONZE_DAG.py
[2026-06-13T00:02:57.107+0000] {processor.py:829} INFO - Processing file /opt/airflow/dags/S3_UPLOAD_BRONZE_DAG.py for tasks to queue
[2026-06-13T00:02:57.108+0000] {logging_mixin.py:154} INFO - [2026-06-13T00:02:57.108+0000] {dagbag.py:536} INFO - Filling up the DagBag from /opt/airflow/dags/S3_UPLOAD_BRONZE_DAG.py
[2026-06-13T00:02:57.120+0000] {processor.py:839} INFO - DAG(s) dict_keys(['daily_vulnerability_ingestion']) retrieved from /opt/airflow/dags/S3_UPLOAD_BRONZE_DAG.py
[2026-06-13T00:02:57.139+0000] {logging_mixin.py:154} INFO - [2026-06-13T00:02:57.139+0000] {dag.py:2941} INFO - Sync 1 DAGs
[2026-06-13T00:02:57.155+0000] {logging_mixin.py:154} INFO - [2026-06-13T00:02:57.154+0000] {dag.py:3722} INFO - Setting next_dagrun for daily_vulnerability_ingestion to 2026-06-12T14:52:05.384041+00:00, run_after=2026-06-13T14:52:05.384041+00:00
[2026-06-13T00:02:57.167+0000] {processor.py:179} INFO - Processing /opt/airflow/dags/S3_UPLOAD_BRONZE_DAG.py took 0.071 seconds
[2026-06-13T00:03:27.326+0000] {processor.py:157} INFO - Started process (PID=9091) to work on /opt/airflow/dags/S3_UPLOAD_BRONZE_DAG.py
[2026-06-13T00:03:27.327+0000] {processor.py:829} INFO - Processing file /opt/airflow/dags/S3_UPLOAD_BRONZE_DAG.py for tasks to queue
[2026-06-13T00:03:27.328+0000] {logging_mixin.py:154} INFO - [2026-06-13T00:03:27.327+0000] {dagbag.py:536} INFO - Filling up the DagBag from /opt/airflow/dags/S3_UPLOAD_BRONZE_DAG.py
[2026-06-13T00:03:27.343+0000] {processor.py:839} INFO - DAG(s) dict_keys(['daily_vulnerability_ingestion']) retrieved from /opt/airflow/dags/S3_UPLOAD_BRONZE_DAG.py
[2026-06-13T00:03:27.363+0000] {logging_mixin.py:154} INFO - [2026-06-13T00:03:27.363+0000] {dag.py:2941} INFO - Sync 1 DAGs
[2026-06-13T00:03:27.380+0000] {logging_mixin.py:154} INFO - [2026-06-13T00:03:27.380+0000] {dag.py:3722} INFO - Setting next_dagrun for daily_vulnerability_ingestion to 2026-06-12T14:52:05.384041+00:00, run_after=2026-06-13T14:52:05.384041+00:00
[2026-06-13T00:03:27.394+0000] {processor.py:179} INFO - Processing /opt/airflow/dags/S3_UPLOAD_BRONZE_DAG.py took 0.074 seconds
[2026-06-13T00:03:57.517+0000] {processor.py:157} INFO - Started process (PID=9096) to work on /opt/airflow/dags/S3_UPLOAD_BRONZE_DAG.py
[2026-06-13T00:03:57.526+0000] {processor.py:829} INFO - Processing file /opt/airflow/dags/S3_UPLOAD_BRONZE_DAG.py for tasks to queue
[2026-06-13T00:03:57.527+0000] {logging_mixin.py:154} INFO - [2026-06-13T00:03:57.527+0000] {dagbag.py:536} INFO - Filling up the DagBag from /opt/airflow/dags/S3_UPLOAD_BRONZE_DAG.py
[2026-06-13T00:03:57.542+0000] {processor.py:839} INFO - DAG(s) dict_keys(['daily_vulnerability_ingestion']) retrieved from /opt/airflow/dags/S3_UPLOAD_BRONZE_DAG.py
[2026-06-13T00:03:57.562+0000] {logging_mixin.py:154} INFO - [2026-06-13T00:03:57.562+0000] {dag.py:2941} INFO - Sync 1 DAGs
[2026-06-13T00:03:57.579+0000] {logging_mixin.py:154} INFO - [2026-06-13T00:03:57.579+0000] {dag.py:3722} INFO - Setting next_dagrun for daily_vulnerability_ingestion to 2026-06-12T14:52:05.384041+00:00, run_after=2026-06-13T14:52:05.384041+00:00
[2026-06-13T00:03:57.592+0000] {processor.py:179} INFO - Processing /opt/airflow/dags/S3_UPLOAD_BRONZE_DAG.py took 0.081 seconds
[2026-06-13T00:04:27.736+0000] {processor.py:157} INFO - Started process (PID=9101) to work on /opt/airflow/dags/S3_UPLOAD_BRONZE_DAG.py
[2026-06-13T00:04:27.737+0000] {processor.py:829} INFO - Processing file /opt/airflow/dags/S3_UPLOAD_BRONZE_DAG.py for tasks to queue
[2026-06-13T00:04:27.738+0000] {logging_mixin.py:154} INFO - [2026-06-13T00:04:27.737+0000] {dagbag.py:536} INFO - Filling up the DagBag from /opt/airflow/dags/S3_UPLOAD_BRONZE_DAG.py
[2026-06-13T00:04:27.752+0000] {processor.py:839} INFO - DAG(s) dict_keys(['daily_vulnerability_ingestion']) retrieved from /opt/airflow/dags/S3_UPLOAD_BRONZE_DAG.py
[2026-06-13T00:04:27.771+0000] {logging_mixin.py:154} INFO - [2026-06-13T00:04:27.771+0000] {dag.py:2941} INFO - Sync 1 DAGs
[2026-06-13T00:04:27.787+0000] {logging_mixin.py:154} INFO - [2026-06-13T00:04:27.787+0000] {dag.py:3722} INFO - Setting next_dagrun for daily_vulnerability_ingestion to 2026-06-12T14:52:05.384041+00:00, run_after=2026-06-13T14:52:05.384041+00:00
[2026-06-13T00:04:27.800+0000] {processor.py:179} INFO - Processing /opt/airflow/dags/S3_UPLOAD_BRONZE_DAG.py took 0.068 seconds
[2026-06-13T00:04:57.913+0000] {processor.py:157} INFO - Started process (PID=9106) to work on /opt/airflow/dags/S3_UPLOAD_BRONZE_DAG.py
[2026-06-13T00:04:57.922+0000] {processor.py:829} INFO - Processing file /opt/airflow/dags/S3_UPLOAD_BRONZE_DAG.py for tasks to queue
[2026-06-13T00:04:57.923+0000] {logging_mixin.py:154} INFO - [2026-06-13T00:04:57.923+0000] {dagbag.py:536} INFO - Filling up the DagBag from /opt/airflow/dags/S3_UPLOAD_BRONZE_DAG.py
[2026-06-13T00:04:57.936+0000] {processor.py:839} INFO - DAG(s) dict_keys(['daily_vulnerability_ingestion']) retrieved from /opt/airflow/dags/S3_UPLOAD_BRONZE_DAG.py
[2026-06-13T00:04:57.954+0000] {logging_mixin.py:154} INFO - [2026-06-13T00:04:57.954+0000] {dag.py:2941} INFO - Sync 1 DAGs
[2026-06-13T00:04:57.971+0000] {logging_mixin.py:154} INFO - [2026-06-13T00:04:57.971+0000] {dag.py:3722} INFO - Setting next_dagrun for daily_vulnerability_ingestion to 2026-06-12T14:52:05.384041+00:00, run_after=2026-06-13T14:52:05.384041+00:00
[2026-06-13T00:04:57.983+0000] {processor.py:179} INFO - Processing /opt/airflow/dags/S3_UPLOAD_BRONZE_DAG.py took 0.074 seconds
[2026-06-13T00:05:28.141+0000] {processor.py:157} INFO - Started process (PID=9111) to work on /opt/airflow/dags/S3_UPLOAD_BRONZE_DAG.py
[2026-06-13T00:05:28.142+0000] {processor.py:829} INFO - Processing file /opt/airflow/dags/S3_UPLOAD_BRONZE_DAG.py for tasks to queue
[2026-06-13T00:05:28.143+0000] {logging_mixin.py:154} INFO - [2026-06-13T00:05:28.142+0000] {dagbag.py:536} INFO - Filling up the DagBag from /opt/airflow/dags/S3_UPLOAD_BRONZE_DAG.py
[2026-06-13T00:05:28.156+0000] {processor.py:839} INFO - DAG(s) dict_keys(['daily_vulnerability_ingestion']) retrieved from /opt/airflow/dags/S3_UPLOAD_BRONZE_DAG.py
[2026-06-13T00:05:28.175+0000] {logging_mixin.py:154} INFO - [2026-06-13T00:05:28.175+0000] {dag.py:2941} INFO - Sync 1 DAGs
[2026-06-13T00:05:28.191+0000] {logging_mixin.py:154} INFO - [2026-06-13T00:05:28.191+0000] {dag.py:3722} INFO - Setting next_dagrun for daily_vulnerability_ingestion to 2026-06-12T14:52:05.384041+00:00, run_after=2026-06-13T14:52:05.384041+00:00
[2026-06-13T00:05:28.202+0000] {processor.py:179} INFO - Processing /opt/airflow/dags/S3_UPLOAD_BRONZE_DAG.py took 0.065 seconds
[2026-06-13T00:05:58.326+0000] {processor.py:157} INFO - Started process (PID=9116) to work on /opt/airflow/dags/S3_UPLOAD_BRONZE_DAG.py
[2026-06-13T00:05:58.336+0000] {processor.py:829} INFO - Processing file /opt/airflow/dags/S3_UPLOAD_BRONZE_DAG.py for tasks to queue
[2026-06-13T00:05:58.338+0000] {logging_mixin.py:154} INFO - [2026-06-13T00:05:58.337+0000] {dagbag.py:536} INFO - Filling up the DagBag from /opt/airflow/dags/S3_UPLOAD_BRONZE_DAG.py
[2026-06-13T00:05:58.364+0000] {processor.py:839} INFO - DAG(s) dict_keys(['daily_vulnerability_ingestion']) retrieved from /opt/airflow/dags/S3_UPLOAD_BRONZE_DAG.py
[2026-06-13T00:05:58.389+0000] {logging_mixin.py:154} INFO - [2026-06-13T00:05:58.389+0000] {dag.py:2941} INFO - Sync 1 DAGs
[2026-06-13T00:05:58.408+0000] {logging_mixin.py:154} INFO - [2026-06-13T00:05:58.408+0000] {dag.py:3722} INFO - Setting next_dagrun for daily_vulnerability_ingestion to 2026-06-12T14:52:05.384041+00:00, run_after=2026-06-13T14:52:05.384041+00:00
[2026-06-13T00:05:58.421+0000] {processor.py:179} INFO - Processing /opt/airflow/dags/S3_UPLOAD_BRONZE_DAG.py took 0.103 seconds
[2026-06-13T00:06:28.525+0000] {processor.py:157} INFO - Started process (PID=9121) to work on /opt/airflow/dags/S3_UPLOAD_BRONZE_DAG.py
[2026-06-13T00:06:28.526+0000] {processor.py:829} INFO - Processing file /opt/airflow/dags/S3_UPLOAD_BRONZE_DAG.py for tasks to queue
[2026-06-13T00:06:28.527+0000] {logging_mixin.py:154} INFO - [2026-06-13T00:06:28.527+0000] {dagbag.py:536} INFO - Filling up the DagBag from /opt/airflow/dags/S3_UPLOAD_BRONZE_DAG.py
[2026-06-13T00:06:28.545+0000] {processor.py:839} INFO - DAG(s) dict_keys(['daily_vulnerability_ingestion']) retrieved from /opt/airflow/dags/S3_UPLOAD_BRONZE_DAG.py
[2026-06-13T00:06:28.566+0000] {logging_mixin.py:154} INFO - [2026-06-13T00:06:28.566+0000] {dag.py:2941} INFO - Sync 1 DAGs
[2026-06-13T00:06:28.582+0000] {logging_mixin.py:154} INFO - [2026-06-13T00:06:28.581+0000] {dag.py:3722} INFO - Setting next_dagrun for daily_vulnerability_ingestion to 2026-06-12T14:52:05.384041+00:00, run_after=2026-06-13T14:52:05.384041+00:00
[2026-06-13T00:06:28.595+0000] {processor.py:179} INFO - Processing /opt/airflow/dags/S3_UPLOAD_BRONZE_DAG.py took 0.074 seconds
[2026-06-13T00:06:58.754+0000] {processor.py:157} INFO - Started process (PID=9126) to work on /opt/airflow/dags/S3_UPLOAD_BRONZE_DAG.py
[2026-06-13T00:06:58.763+0000] {processor.py:829} INFO - Processing file /opt/airflow/dags/S3_UPLOAD_BRONZE_DAG.py for tasks to queue
[2026-06-13T00:06:58.764+0000] {logging_mixin.py:154} INFO - [2026-06-13T00:06:58.764+0000] {dagbag.py:536} INFO - Filling up the DagBag from /opt/airflow/dags/S3_UPLOAD_BRONZE_DAG.py
[2026-06-13T00:06:58.781+0000] {processor.py:839} INFO - DAG(s) dict_keys(['daily_vulnerability_ingestion']) retrieved from /opt/airflow/dags/S3_UPLOAD_BRONZE_DAG.py
[2026-06-13T00:06:58.800+0000] {logging_mixin.py:154} INFO - [2026-06-13T00:06:58.800+0000] {dag.py:2941} INFO - Sync 1 DAGs
[2026-06-13T00:06:58.815+0000] {logging_mixin.py:154} INFO - [2026-06-13T00:06:58.815+0000] {dag.py:3722} INFO - Setting next_dagrun for daily_vulnerability_ingestion to 2026-06-12T14:52:05.384041+00:00, run_after=2026-06-13T14:52:05.384041+00:00
[2026-06-13T00:06:58.827+0000] {processor.py:179} INFO - Processing /opt/airflow/dags/S3_UPLOAD_BRONZE_DAG.py took 0.077 seconds
[2026-06-13T00:07:28.932+0000] {processor.py:157} INFO - Started process (PID=9131) to work on /opt/airflow/dags/S3_UPLOAD_BRONZE_DAG.py
[2026-06-13T00:07:28.933+0000] {processor.py:829} INFO - Processing file /opt/airflow/dags/S3_UPLOAD_BRONZE_DAG.py for tasks to queue
[2026-06-13T00:07:28.934+0000] {logging_mixin.py:154} INFO - [2026-06-13T00:07:28.934+0000] {dagbag.py:536} INFO - Filling up the DagBag from /opt/airflow/dags/S3_UPLOAD_BRONZE_DAG.py
[2026-06-13T00:07:28.952+0000] {processor.py:839} INFO - DAG(s) dict_keys(['daily_vulnerability_ingestion']) retrieved from /opt/airflow/dags/S3_UPLOAD_BRONZE_DAG.py
[2026-06-13T00:07:28.972+0000] {logging_mixin.py:154} INFO - [2026-06-13T00:07:28.972+0000] {dag.py:2941} INFO - Sync 1 DAGs
[2026-06-13T00:07:28.990+0000] {logging_mixin.py:154} INFO - [2026-06-13T00:07:28.990+0000] {dag.py:3722} INFO - Setting next_dagrun for daily_vulnerability_ingestion to 2026-06-12T14:52:05.384041+00:00, run_after=2026-06-13T14:52:05.384041+00:00
[2026-06-13T00:07:29.003+0000] {processor.py:179} INFO - Processing /opt/airflow/dags/S3_UPLOAD_BRONZE_DAG.py took 0.075 seconds
[2026-06-13T00:07:59.181+0000] {processor.py:157} INFO - Started process (PID=9136) to work on /opt/airflow/dags/S3_UPLOAD_BRONZE_DAG.py
[2026-06-13T00:07:59.184+0000] {processor.py:829} INFO - Processing file /opt/airflow/dags/S3_UPLOAD_BRONZE_DAG.py for tasks to queue
[2026-06-13T00:07:59.185+0000] {logging_mixin.py:154} INFO - [2026-06-13T00:07:59.185+0000] {dagbag.py:536} INFO - Filling up the DagBag from /opt/airflow/dags/S3_UPLOAD_BRONZE_DAG.py
[2026-06-13T00:07:59.202+0000] {processor.py:839} INFO - DAG(s) dict_keys(['daily_vulnerability_ingestion']) retrieved from /opt/airflow/dags/S3_UPLOAD_BRONZE_DAG.py
[2026-06-13T00:07:59.221+0000] {logging_mixin.py:154} INFO - [2026-06-13T00:07:59.221+0000] {dag.py:2941} INFO - Sync 1 DAGs
[2026-06-13T00:07:59.237+0000] {logging_mixin.py:154} INFO - [2026-06-13T00:07:59.237+0000] {dag.py:3722} INFO - Setting next_dagrun for daily_vulnerability_ingestion to 2026-06-12T14:52:05.384041+00:00, run_after=2026-06-13T14:52:05.384041+00:00
[2026-06-13T00:07:59.249+0000] {processor.py:179} INFO - Processing /opt/airflow/dags/S3_UPLOAD_BRONZE_DAG.py took 0.072 seconds
[2026-06-13T00:08:29.359+0000] {processor.py:157} INFO - Started process (PID=9141) to work on /opt/airflow/dags/S3_UPLOAD_BRONZE_DAG.py
[2026-06-13T00:08:29.359+0000] {processor.py:829} INFO - Processing file /opt/airflow/dags/S3_UPLOAD_BRONZE_DAG.py for tasks to queue
[2026-06-13T00:08:29.360+0000] {logging_mixin.py:154} INFO - [2026-06-13T00:08:29.360+0000] {dagbag.py:536} INFO - Filling up the DagBag from /opt/airflow/dags/S3_UPLOAD_BRONZE_DAG.py
[2026-06-13T00:08:29.373+0000] {processor.py:839} INFO - DAG(s) dict_keys(['daily_vulnerability_ingestion']) retrieved from /opt/airflow/dags/S3_UPLOAD_BRONZE_DAG.py
[2026-06-13T00:08:29.392+0000] {logging_mixin.py:154} INFO - [2026-06-13T00:08:29.392+0000] {dag.py:2941} INFO - Sync 1 DAGs
[2026-06-13T00:08:29.408+0000] {logging_mixin.py:154} INFO - [2026-06-13T00:08:29.408+0000] {dag.py:3722} INFO - Setting next_dagrun for daily_vulnerability_ingestion to 2026-06-12T14:52:05.384041+00:00, run_after=2026-06-13T14:52:05.384041+00:00
[2026-06-13T00:08:29.420+0000] {processor.py:179} INFO - Processing /opt/airflow/dags/S3_UPLOAD_BRONZE_DAG.py took 0.066 seconds
[2026-06-13T00:08:59.564+0000] {processor.py:157} INFO - Started process (PID=9146) to work on /opt/airflow/dags/S3_UPLOAD_BRONZE_DAG.py
[2026-06-13T00:08:59.573+0000] {processor.py:829} INFO - Processing file /opt/airflow/dags/S3_UPLOAD_BRONZE_DAG.py for tasks to queue
[2026-06-13T00:08:59.574+0000] {logging_mixin.py:154} INFO - [2026-06-13T00:08:59.573+0000] {dagbag.py:536} INFO - Filling up the DagBag from /opt/airflow/dags/S3_UPLOAD_BRONZE_DAG.py
[2026-06-13T00:08:59.589+0000] {processor.py:839} INFO - DAG(s) dict_keys(['daily_vulnerability_ingestion']) retrieved from /opt/airflow/dags/S3_UPLOAD_BRONZE_DAG.py
[2026-06-13T00:08:59.608+0000] {logging_mixin.py:154} INFO - [2026-06-13T00:08:59.608+0000] {dag.py:2941} INFO - Sync 1 DAGs
[2026-06-13T00:08:59.624+0000] {logging_mixin.py:154} INFO - [2026-06-13T00:08:59.624+0000] {dag.py:3722} INFO - Setting next_dagrun for daily_vulnerability_ingestion to 2026-06-12T14:52:05.384041+00:00, run_after=2026-06-13T14:52:05.384041+00:00
[2026-06-13T00:08:59.637+0000] {processor.py:179} INFO - Processing /opt/airflow/dags/S3_UPLOAD_BRONZE_DAG.py took 0.076 seconds
[2026-06-13T00:09:29.793+0000] {processor.py:157} INFO - Started process (PID=9151) to work on /opt/airflow/dags/S3_UPLOAD_BRONZE_DAG.py
[2026-06-13T00:09:29.794+0000] {processor.py:829} INFO - Processing file /opt/airflow/dags/S3_UPLOAD_BRONZE_DAG.py for tasks to queue
[2026-06-13T00:09:29.795+0000] {logging_mixin.py:154} INFO - [2026-06-13T00:09:29.794+0000] {dagbag.py:536} INFO - Filling up the DagBag from /opt/airflow/dags/S3_UPLOAD_BRONZE_DAG.py
[2026-06-13T00:09:29.809+0000] {processor.py:839} INFO - DAG(s) dict_keys(['daily_vulnerability_ingestion']) retrieved from /opt/airflow/dags/S3_UPLOAD_BRONZE_DAG.py
[2026-06-13T00:09:29.829+0000] {logging_mixin.py:154} INFO - [2026-06-13T00:09:29.828+0000] {dag.py:2941} INFO - Sync 1 DAGs
[2026-06-13T00:09:29.844+0000] {logging_mixin.py:154} INFO - [2026-06-13T00:09:29.844+0000] {dag.py:3722} INFO - Setting next_dagrun for daily_vulnerability_ingestion to 2026-06-12T14:52:05.384041+00:00, run_after=2026-06-13T14:52:05.384041+00:00
[2026-06-13T00:09:29.855+0000] {processor.py:179} INFO - Processing /opt/airflow/dags/S3_UPLOAD_BRONZE_DAG.py took 0.066 seconds
[2026-06-13T00:09:59.950+0000] {processor.py:157} INFO - Started process (PID=9156) to work on /opt/airflow/dags/S3_UPLOAD_BRONZE_DAG.py
[2026-06-13T00:09:59.959+0000] {processor.py:829} INFO - Processing file /opt/airflow/dags/S3_UPLOAD_BRONZE_DAG.py for tasks to queue
[2026-06-13T00:09:59.960+0000] {logging_mixin.py:154} INFO - [2026-06-13T00:09:59.959+0000] {dagbag.py:536} INFO - Filling up the DagBag from /opt/airflow/dags/S3_UPLOAD_BRONZE_DAG.py
[2026-06-13T00:09:59.980+0000] {processor.py:839} INFO - DAG(s) dict_keys(['daily_vulnerability_ingestion']) retrieved from /opt/airflow/dags/S3_UPLOAD_BRONZE_DAG.py
[2026-06-13T00:10:00.001+0000] {logging_mixin.py:154} INFO - [2026-06-13T00:10:00.001+0000] {dag.py:2941} INFO - Sync 1 DAGs
[2026-06-13T00:10:00.017+0000] {logging_mixin.py:154} INFO - [2026-06-13T00:10:00.017+0000] {dag.py:3722} INFO - Setting next_dagrun for daily_vulnerability_ingestion to 2026-06-12T14:52:05.384041+00:00, run_after=2026-06-13T14:52:05.384041+00:00
[2026-06-13T00:10:00.030+0000] {processor.py:179} INFO - Processing /opt/airflow/dags/S3_UPLOAD_BRONZE_DAG.py took 0.085 seconds
[2026-06-13T00:10:30.210+0000] {processor.py:157} INFO - Started process (PID=9161) to work on /opt/airflow/dags/S3_UPLOAD_BRONZE_DAG.py
[2026-06-13T00:10:30.211+0000] {processor.py:829} INFO - Processing file /opt/airflow/dags/S3_UPLOAD_BRONZE_DAG.py for tasks to queue
[2026-06-13T00:10:30.212+0000] {logging_mixin.py:154} INFO - [2026-06-13T00:10:30.212+0000] {dagbag.py:536} INFO - Filling up the DagBag from /opt/airflow/dags/S3_UPLOAD_BRONZE_DAG.py
[2026-06-13T00:10:30.227+0000] {processor.py:839} INFO - DAG(s) dict_keys(['daily_vulnerability_ingestion']) retrieved from /opt/airflow/dags/S3_UPLOAD_BRONZE_DAG.py
[2026-06-13T00:10:30.246+0000] {logging_mixin.py:154} INFO - [2026-06-13T00:10:30.246+0000] {dag.py:2941} INFO - Sync 1 DAGs
[2026-06-13T00:10:30.262+0000] {logging_mixin.py:154} INFO - [2026-06-13T00:10:30.262+0000] {dag.py:3722} INFO - Setting next_dagrun for daily_vulnerability_ingestion to 2026-06-12T14:52:05.384041+00:00, run_after=2026-06-13T14:52:05.384041+00:00
[2026-06-13T00:10:30.273+0000] {processor.py:179} INFO - Processing /opt/airflow/dags/S3_UPLOAD_BRONZE_DAG.py took 0.068 seconds
[2026-06-13T00:11:00.396+0000] {processor.py:157} INFO - Started process (PID=9166) to work on /opt/airflow/dags/S3_UPLOAD_BRONZE_DAG.py
[2026-06-13T00:11:00.397+0000] {processor.py:829} INFO - Processing file /opt/airflow/dags/S3_UPLOAD_BRONZE_DAG.py for tasks to queue
[2026-06-13T00:11:00.398+0000] {logging_mixin.py:154} INFO - [2026-06-13T00:11:00.398+0000] {dagbag.py:536} INFO - Filling up the DagBag from /opt/airflow/dags/S3_UPLOAD_BRONZE_DAG.py
[2026-06-13T00:11:00.418+0000] {processor.py:839} INFO - DAG(s) dict_keys(['daily_vulnerability_ingestion']) retrieved from /opt/airflow/dags/S3_UPLOAD_BRONZE_DAG.py
[2026-06-13T00:11:00.438+0000] {logging_mixin.py:154} INFO - [2026-06-13T00:11:00.437+0000] {dag.py:2941} INFO - Sync 1 DAGs
[2026-06-13T00:11:00.454+0000] {logging_mixin.py:154} INFO - [2026-06-13T00:11:00.454+0000] {dag.py:3722} INFO - Setting next_dagrun for daily_vulnerability_ingestion to 2026-06-12T14:52:05.384041+00:00, run_after=2026-06-13T14:52:05.384041+00:00
[2026-06-13T00:11:00.466+0000] {processor.py:179} INFO - Processing /opt/airflow/dags/S3_UPLOAD_BRONZE_DAG.py took 0.076 seconds
[2026-06-13T00:11:30.615+0000] {processor.py:157} INFO - Started process (PID=9171) to work on /opt/airflow/dags/S3_UPLOAD_BRONZE_DAG.py
[2026-06-13T00:11:30.616+0000] {processor.py:829} INFO - Processing file /opt/airflow/dags/S3_UPLOAD_BRONZE_DAG.py for tasks to queue
[2026-06-13T00:11:30.616+0000] {logging_mixin.py:154} INFO - [2026-06-13T00:11:30.616+0000] {dagbag.py:536} INFO - Filling up the DagBag from /opt/airflow/dags/S3_UPLOAD_BRONZE_DAG.py
[2026-06-13T00:11:30.630+0000] {processor.py:839} INFO - DAG(s) dict_keys(['daily_vulnerability_ingestion']) retrieved from /opt/airflow/dags/S3_UPLOAD_BRONZE_DAG.py
[2026-06-13T00:11:30.648+0000] {logging_mixin.py:154} INFO - [2026-06-13T00:11:30.648+0000] {dag.py:2941} INFO - Sync 1 DAGs
[2026-06-13T00:11:30.665+0000] {logging_mixin.py:154} INFO - [2026-06-13T00:11:30.665+0000] {dag.py:3722} INFO - Setting next_dagrun for daily_vulnerability_ingestion to 2026-06-12T14:52:05.384041+00:00, run_after=2026-06-13T14:52:05.384041+00:00
[2026-06-13T00:11:30.678+0000] {processor.py:179} INFO - Processing /opt/airflow/dags/S3_UPLOAD_BRONZE_DAG.py took 0.067 seconds
[2026-06-13T00:12:00.810+0000] {processor.py:157} INFO - Started process (PID=9176) to work on /opt/airflow/dags/S3_UPLOAD_BRONZE_DAG.py
[2026-06-13T00:12:00.819+0000] {processor.py:829} INFO - Processing file /opt/airflow/dags/S3_UPLOAD_BRONZE_DAG.py for tasks to queue
[2026-06-13T00:12:00.820+0000] {logging_mixin.py:154} INFO - [2026-06-13T00:12:00.819+0000] {dagbag.py:536} INFO - Filling up the DagBag from /opt/airflow/dags/S3_UPLOAD_BRONZE_DAG.py
[2026-06-13T00:12:00.837+0000] {processor.py:839} INFO - DAG(s) dict_keys(['daily_vulnerability_ingestion']) retrieved from /opt/airflow/dags/S3_UPLOAD_BRONZE_DAG.py
[2026-06-13T00:12:00.856+0000] {logging_mixin.py:154} INFO - [2026-06-13T00:12:00.856+0000] {dag.py:2941} INFO - Sync 1 DAGs
[2026-06-13T00:12:00.871+0000] {logging_mixin.py:154} INFO - [2026-06-13T00:12:00.871+0000] {dag.py:3722} INFO - Setting next_dagrun for daily_vulnerability_ingestion to 2026-06-12T14:52:05.384041+00:00, run_after=2026-06-13T14:52:05.384041+00:00
[2026-06-13T00:12:00.884+0000] {processor.py:179} INFO - Processing /opt/airflow/dags/S3_UPLOAD_BRONZE_DAG.py took 0.078 seconds
[2026-06-13T00:12:31.023+0000] {processor.py:157} INFO - Started process (PID=9181) to work on /opt/airflow/dags/S3_UPLOAD_BRONZE_DAG.py
[2026-06-13T00:12:31.024+0000] {processor.py:829} INFO - Processing file /opt/airflow/dags/S3_UPLOAD_BRONZE_DAG.py for tasks to queue
[2026-06-13T00:12:31.024+0000] {logging_mixin.py:154} INFO - [2026-06-13T00:12:31.024+0000] {dagbag.py:536} INFO - Filling up the DagBag from /opt/airflow/dags/S3_UPLOAD_BRONZE_DAG.py
[2026-06-13T00:12:31.039+0000] {processor.py:839} INFO - DAG(s) dict_keys(['daily_vulnerability_ingestion']) retrieved from /opt/airflow/dags/S3_UPLOAD_BRONZE_DAG.py
[2026-06-13T00:12:31.058+0000] {logging_mixin.py:154} INFO - [2026-06-13T00:12:31.058+0000] {dag.py:2941} INFO - Sync 1 DAGs
[2026-06-13T00:12:31.074+0000] {logging_mixin.py:154} INFO - [2026-06-13T00:12:31.074+0000] {dag.py:3722} INFO - Setting next_dagrun for daily_vulnerability_ingestion to 2026-06-12T14:52:05.384041+00:00, run_after=2026-06-13T14:52:05.384041+00:00
[2026-06-13T00:12:31.087+0000] {processor.py:179} INFO - Processing /opt/airflow/dags/S3_UPLOAD_BRONZE_DAG.py took 0.069 seconds
[2026-06-13T00:13:01.241+0000] {processor.py:157} INFO - Started process (PID=9186) to work on /opt/airflow/dags/S3_UPLOAD_BRONZE_DAG.py
[2026-06-13T00:13:01.242+0000] {processor.py:829} INFO - Processing file /opt/airflow/dags/S3_UPLOAD_BRONZE_DAG.py for tasks to queue
[2026-06-13T00:13:01.243+0000] {logging_mixin.py:154} INFO - [2026-06-13T00:13:01.243+0000] {dagbag.py:536} INFO - Filling up the DagBag from /opt/airflow/dags/S3_UPLOAD_BRONZE_DAG.py
[2026-06-13T00:13:01.261+0000] {processor.py:839} INFO - DAG(s) dict_keys(['daily_vulnerability_ingestion']) retrieved from /opt/airflow/dags/S3_UPLOAD_BRONZE_DAG.py
[2026-06-13T00:13:01.279+0000] {logging_mixin.py:154} INFO - [2026-06-13T00:13:01.279+0000] {dag.py:2941} INFO - Sync 1 DAGs
[2026-06-13T00:13:01.294+0000] {logging_mixin.py:154} INFO - [2026-06-13T00:13:01.294+0000] {dag.py:3722} INFO - Setting next_dagrun for daily_vulnerability_ingestion to 2026-06-12T14:52:05.384041+00:00, run_after=2026-06-13T14:52:05.384041+00:00
[2026-06-13T00:13:01.307+0000] {processor.py:179} INFO - Processing /opt/airflow/dags/S3_UPLOAD_BRONZE_DAG.py took 0.070 seconds
[2026-06-13T00:13:31.436+0000] {processor.py:157} INFO - Started process (PID=9191) to work on /opt/airflow/dags/S3_UPLOAD_BRONZE_DAG.py
[2026-06-13T00:13:31.437+0000] {processor.py:829} INFO - Processing file /opt/airflow/dags/S3_UPLOAD_BRONZE_DAG.py for tasks to queue
[2026-06-13T00:13:31.438+0000] {logging_mixin.py:154} INFO - [2026-06-13T00:13:31.437+0000] {dagbag.py:536} INFO - Filling up the DagBag from /opt/airflow/dags/S3_UPLOAD_BRONZE_DAG.py
[2026-06-13T00:13:31.455+0000] {processor.py:839} INFO - DAG(s) dict_keys(['daily_vulnerability_ingestion']) retrieved from /opt/airflow/dags/S3_UPLOAD_BRONZE_DAG.py
[2026-06-13T00:13:31.474+0000] {logging_mixin.py:154} INFO - [2026-06-13T00:13:31.474+0000] {dag.py:2941} INFO - Sync 1 DAGs
[2026-06-13T00:13:31.490+0000] {logging_mixin.py:154} INFO - [2026-06-13T00:13:31.490+0000] {dag.py:3722} INFO - Setting next_dagrun for daily_vulnerability_ingestion to 2026-06-12T14:52:05.384041+00:00, run_after=2026-06-13T14:52:05.384041+00:00
[2026-06-13T00:13:31.503+0000] {processor.py:179} INFO - Processing /opt/airflow/dags/S3_UPLOAD_BRONZE_DAG.py took 0.071 seconds
[2026-06-13T00:14:01.650+0000] {processor.py:157} INFO - Started process (PID=9196) to work on /opt/airflow/dags/S3_UPLOAD_BRONZE_DAG.py
[2026-06-13T00:14:01.658+0000] {processor.py:829} INFO - Processing file /opt/airflow/dags/S3_UPLOAD_BRONZE_DAG.py for tasks to queue
[2026-06-13T00:14:01.659+0000] {logging_mixin.py:154} INFO - [2026-06-13T00:14:01.659+0000] {dagbag.py:536} INFO - Filling up the DagBag from /opt/airflow/dags/S3_UPLOAD_BRONZE_DAG.py
[2026-06-13T00:14:01.674+0000] {processor.py:839} INFO - DAG(s) dict_keys(['daily_vulnerability_ingestion']) retrieved from /opt/airflow/dags/S3_UPLOAD_BRONZE_DAG.py
[2026-06-13T00:14:01.700+0000] {logging_mixin.py:154} INFO - [2026-06-13T00:14:01.699+0000] {dag.py:2941} INFO - Sync 1 DAGs
[2026-06-13T00:14:01.719+0000] {logging_mixin.py:154} INFO - [2026-06-13T00:14:01.719+0000] {dag.py:3722} INFO - Setting next_dagrun for daily_vulnerability_ingestion to 2026-06-12T14:52:05.384041+00:00, run_after=2026-06-13T14:52:05.384041+00:00
[2026-06-13T00:14:01.729+0000] {processor.py:179} INFO - Processing /opt/airflow/dags/S3_UPLOAD_BRONZE_DAG.py took 0.084 seconds
[2026-06-13T00:14:31.823+0000] {processor.py:157} INFO - Started process (PID=9201) to work on /opt/airflow/dags/S3_UPLOAD_BRONZE_DAG.py
[2026-06-13T00:14:31.824+0000] {processor.py:829} INFO - Processing file /opt/airflow/dags/S3_UPLOAD_BRONZE_DAG.py for tasks to queue
[2026-06-13T00:14:31.824+0000] {logging_mixin.py:154} INFO - [2026-06-13T00:14:31.824+0000] {dagbag.py:536} INFO - Filling up the DagBag from /opt/airflow/dags/S3_UPLOAD_BRONZE_DAG.py
[2026-06-13T00:14:31.840+0000] {processor.py:839} INFO - DAG(s) dict_keys(['daily_vulnerability_ingestion']) retrieved from /opt/airflow/dags/S3_UPLOAD_BRONZE_DAG.py
[2026-06-13T00:14:31.859+0000] {logging_mixin.py:154} INFO - [2026-06-13T00:14:31.858+0000] {dag.py:2941} INFO - Sync 1 DAGs
[2026-06-13T00:14:31.876+0000] {logging_mixin.py:154} INFO - [2026-06-13T00:14:31.876+0000] {dag.py:3722} INFO - Setting next_dagrun for daily_vulnerability_ingestion to 2026-06-12T14:52:05.384041+00:00, run_after=2026-06-13T14:52:05.384041+00:00
[2026-06-13T00:14:31.889+0000] {processor.py:179} INFO - Processing /opt/airflow/dags/S3_UPLOAD_BRONZE_DAG.py took 0.070 seconds
[2026-06-13T00:15:02.056+0000] {processor.py:157} INFO - Started process (PID=9206) to work on /opt/airflow/dags/S3_UPLOAD_BRONZE_DAG.py
[2026-06-13T00:15:02.065+0000] {processor.py:829} INFO - Processing file /opt/airflow/dags/S3_UPLOAD_BRONZE_DAG.py for tasks to queue
[2026-06-13T00:15:02.066+0000] {logging_mixin.py:154} INFO - [2026-06-13T00:15:02.066+0000] {dagbag.py:536} INFO - Filling up the DagBag from /opt/airflow/dags/S3_UPLOAD_BRONZE_DAG.py
[2026-06-13T00:15:02.079+0000] {processor.py:839} INFO - DAG(s) dict_keys(['daily_vulnerability_ingestion']) retrieved from /opt/airflow/dags/S3_UPLOAD_BRONZE_DAG.py
[2026-06-13T00:15:02.099+0000] {logging_mixin.py:154} INFO - [2026-06-13T00:15:02.099+0000] {dag.py:2941} INFO - Sync 1 DAGs
[2026-06-13T00:15:02.117+0000] {logging_mixin.py:154} INFO - [2026-06-13T00:15:02.117+0000] {dag.py:3722} INFO - Setting next_dagrun for daily_vulnerability_ingestion to 2026-06-12T14:52:05.384041+00:00, run_after=2026-06-13T14:52:05.384041+00:00
[2026-06-13T00:15:02.131+0000] {processor.py:179} INFO - Processing /opt/airflow/dags/S3_UPLOAD_BRONZE_DAG.py took 0.079 seconds
[2026-06-13T00:15:32.262+0000] {processor.py:157} INFO - Started process (PID=9211) to work on /opt/airflow/dags/S3_UPLOAD_BRONZE_DAG.py
[2026-06-13T00:15:32.263+0000] {processor.py:829} INFO - Processing file /opt/airflow/dags/S3_UPLOAD_BRONZE_DAG.py for tasks to queue
[2026-06-13T00:15:32.264+0000] {logging_mixin.py:154} INFO - [2026-06-13T00:15:32.264+0000] {dagbag.py:536} INFO - Filling up the DagBag from /opt/airflow/dags/S3_UPLOAD_BRONZE_DAG.py
[2026-06-13T00:15:32.282+0000] {processor.py:839} INFO - DAG(s) dict_keys(['daily_vulnerability_ingestion']) retrieved from /opt/airflow/dags/S3_UPLOAD_BRONZE_DAG.py
[2026-06-13T00:15:32.301+0000] {logging_mixin.py:154} INFO - [2026-06-13T00:15:32.301+0000] {dag.py:2941} INFO - Sync 1 DAGs
[2026-06-13T00:15:32.317+0000] {logging_mixin.py:154} INFO - [2026-06-13T00:15:32.317+0000] {dag.py:3722} INFO - Setting next_dagrun for daily_vulnerability_ingestion to 2026-06-12T14:52:05.384041+00:00, run_after=2026-06-13T14:52:05.384041+00:00
[2026-06-13T00:15:32.330+0000] {processor.py:179} INFO - Processing /opt/airflow/dags/S3_UPLOAD_BRONZE_DAG.py took 0.072 seconds
[2026-06-13T00:16:02.492+0000] {processor.py:157} INFO - Started process (PID=9216) to work on /opt/airflow/dags/S3_UPLOAD_BRONZE_DAG.py
[2026-06-13T00:16:02.500+0000] {processor.py:829} INFO - Processing file /opt/airflow/dags/S3_UPLOAD_BRONZE_DAG.py for tasks to queue
[2026-06-13T00:16:02.501+0000] {logging_mixin.py:154} INFO - [2026-06-13T00:16:02.501+0000] {dagbag.py:536} INFO - Filling up the DagBag from /opt/airflow/dags/S3_UPLOAD_BRONZE_DAG.py
[2026-06-13T00:16:02.516+0000] {processor.py:839} INFO - DAG(s) dict_keys(['daily_vulnerability_ingestion']) retrieved from /opt/airflow/dags/S3_UPLOAD_BRONZE_DAG.py
[2026-06-13T00:16:02.538+0000] {logging_mixin.py:154} INFO - [2026-06-13T00:16:02.538+0000] {dag.py:2941} INFO - Sync 1 DAGs
[2026-06-13T00:16:02.554+0000] {logging_mixin.py:154} INFO - [2026-06-13T00:16:02.554+0000] {dag.py:3722} INFO - Setting next_dagrun for daily_vulnerability_ingestion to 2026-06-12T14:52:05.384041+00:00, run_after=2026-06-13T14:52:05.384041+00:00
[2026-06-13T00:16:02.567+0000] {processor.py:179} INFO - Processing /opt/airflow/dags/S3_UPLOAD_BRONZE_DAG.py took 0.080 seconds
[2026-06-13T00:16:32.671+0000] {processor.py:157} INFO - Started process (PID=9221) to work on /opt/airflow/dags/S3_UPLOAD_BRONZE_DAG.py
[2026-06-13T00:16:32.672+0000] {processor.py:829} INFO - Processing file /opt/airflow/dags/S3_UPLOAD_BRONZE_DAG.py for tasks to queue
[2026-06-13T00:16:32.673+0000] {logging_mixin.py:154} INFO - [2026-06-13T00:16:32.672+0000] {dagbag.py:536} INFO - Filling up the DagBag from /opt/airflow/dags/S3_UPLOAD_BRONZE_DAG.py
[2026-06-13T00:16:32.686+0000] {processor.py:839} INFO - DAG(s) dict_keys(['daily_vulnerability_ingestion']) retrieved from /opt/airflow/dags/S3_UPLOAD_BRONZE_DAG.py
[2026-06-13T00:16:32.707+0000] {logging_mixin.py:154} INFO - [2026-06-13T00:16:32.707+0000] {dag.py:2941} INFO - Sync 1 DAGs
[2026-06-13T00:16:32.723+0000] {logging_mixin.py:154} INFO - [2026-06-13T00:16:32.723+0000] {dag.py:3722} INFO - Setting next_dagrun for daily_vulnerability_ingestion to 2026-06-12T14:52:05.384041+00:00, run_after=2026-06-13T14:52:05.384041+00:00
[2026-06-13T00:16:32.736+0000] {processor.py:179} INFO - Processing /opt/airflow/dags/S3_UPLOAD_BRONZE_DAG.py took 0.069 seconds
[2026-06-13T00:17:02.907+0000] {processor.py:157} INFO - Started process (PID=9226) to work on /opt/airflow/dags/S3_UPLOAD_BRONZE_DAG.py
[2026-06-13T00:17:02.916+0000] {processor.py:829} INFO - Processing file /opt/airflow/dags/S3_UPLOAD_BRONZE_DAG.py for tasks to queue
[2026-06-13T00:17:02.917+0000] {logging_mixin.py:154} INFO - [2026-06-13T00:17:02.917+0000] {dagbag.py:536} INFO - Filling up the DagBag from /opt/airflow/dags/S3_UPLOAD_BRONZE_DAG.py
[2026-06-13T00:17:02.933+0000] {processor.py:839} INFO - DAG(s) dict_keys(['daily_vulnerability_ingestion']) retrieved from /opt/airflow/dags/S3_UPLOAD_BRONZE_DAG.py
[2026-06-13T00:17:02.953+0000] {logging_mixin.py:154} INFO - [2026-06-13T00:17:02.952+0000] {dag.py:2941} INFO - Sync 1 DAGs
[2026-06-13T00:17:02.968+0000] {logging_mixin.py:154} INFO - [2026-06-13T00:17:02.968+0000] {dag.py:3722} INFO - Setting next_dagrun for daily_vulnerability_ingestion to 2026-06-12T14:52:05.384041+00:00, run_after=2026-06-13T14:52:05.384041+00:00
[2026-06-13T00:17:02.981+0000] {processor.py:179} INFO - Processing /opt/airflow/dags/S3_UPLOAD_BRONZE_DAG.py took 0.078 seconds
[2026-06-13T00:17:33.083+0000] {processor.py:157} INFO - Started process (PID=9231) to work on /opt/airflow/dags/S3_UPLOAD_BRONZE_DAG.py
[2026-06-13T00:17:33.084+0000] {processor.py:829} INFO - Processing file /opt/airflow/dags/S3_UPLOAD_BRONZE_DAG.py for tasks to queue
[2026-06-13T00:17:33.085+0000] {logging_mixin.py:154} INFO - [2026-06-13T00:17:33.084+0000] {dagbag.py:536} INFO - Filling up the DagBag from /opt/airflow/dags/S3_UPLOAD_BRONZE_DAG.py
[2026-06-13T00:17:33.101+0000] {processor.py:839} INFO - DAG(s) dict_keys(['daily_vulnerability_ingestion']) retrieved from /opt/airflow/dags/S3_UPLOAD_BRONZE_DAG.py
[2026-06-13T00:17:33.121+0000] {logging_mixin.py:154} INFO - [2026-06-13T00:17:33.121+0000] {dag.py:2941} INFO - Sync 1 DAGs
[2026-06-13T00:17:33.138+0000] {logging_mixin.py:154} INFO - [2026-06-13T00:17:33.138+0000] {dag.py:3722} INFO - Setting next_dagrun for daily_vulnerability_ingestion to 2026-06-12T14:52:05.384041+00:00, run_after=2026-06-13T14:52:05.384041+00:00
[2026-06-13T00:17:33.151+0000] {processor.py:179} INFO - Processing /opt/airflow/dags/S3_UPLOAD_BRONZE_DAG.py took 0.071 seconds
[2026-06-13T00:18:03.310+0000] {processor.py:157} INFO - Started process (PID=9236) to work on /opt/airflow/dags/S3_UPLOAD_BRONZE_DAG.py
[2026-06-13T00:18:03.319+0000] {processor.py:829} INFO - Processing file /opt/airflow/dags/S3_UPLOAD_BRONZE_DAG.py for tasks to queue
[2026-06-13T00:18:03.320+0000] {logging_mixin.py:154} INFO - [2026-06-13T00:18:03.320+0000] {dagbag.py:536} INFO - Filling up the DagBag from /opt/airflow/dags/S3_UPLOAD_BRONZE_DAG.py
[2026-06-13T00:18:03.337+0000] {processor.py:839} INFO - DAG(s) dict_keys(['daily_vulnerability_ingestion']) retrieved from /opt/airflow/dags/S3_UPLOAD_BRONZE_DAG.py
[2026-06-13T00:18:03.358+0000] {logging_mixin.py:154} INFO - [2026-06-13T00:18:03.358+0000] {dag.py:2941} INFO - Sync 1 DAGs
[2026-06-13T00:18:03.374+0000] {logging_mixin.py:154} INFO - [2026-06-13T00:18:03.374+0000] {dag.py:3722} INFO - Setting next_dagrun for daily_vulnerability_ingestion to 2026-06-12T14:52:05.384041+00:00, run_after=2026-06-13T14:52:05.384041+00:00
[2026-06-13T00:18:03.388+0000] {processor.py:179} INFO - Processing /opt/airflow/dags/S3_UPLOAD_BRONZE_DAG.py took 0.082 seconds
[2026-06-13T00:18:33.511+0000] {processor.py:157} INFO - Started process (PID=9241) to work on /opt/airflow/dags/S3_UPLOAD_BRONZE_DAG.py
[2026-06-13T00:18:33.512+0000] {processor.py:829} INFO - Processing file /opt/airflow/dags/S3_UPLOAD_BRONZE_DAG.py for tasks to queue
[2026-06-13T00:18:33.513+0000] {logging_mixin.py:154} INFO - [2026-06-13T00:18:33.513+0000] {dagbag.py:536} INFO - Filling up the DagBag from /opt/airflow/dags/S3_UPLOAD_BRONZE_DAG.py
[2026-06-13T00:18:33.528+0000] {processor.py:839} INFO - DAG(s) dict_keys(['daily_vulnerability_ingestion']) retrieved from /opt/airflow/dags/S3_UPLOAD_BRONZE_DAG.py
[2026-06-13T00:18:33.546+0000] {logging_mixin.py:154} INFO - [2026-06-13T00:18:33.546+0000] {dag.py:2941} INFO - Sync 1 DAGs
[2026-06-13T00:18:33.562+0000] {logging_mixin.py:154} INFO - [2026-06-13T00:18:33.562+0000] {dag.py:3722} INFO - Setting next_dagrun for daily_vulnerability_ingestion to 2026-06-12T14:52:05.384041+00:00, run_after=2026-06-13T14:52:05.384041+00:00
[2026-06-13T00:18:33.576+0000] {processor.py:179} INFO - Processing /opt/airflow/dags/S3_UPLOAD_BRONZE_DAG.py took 0.068 seconds
[2026-06-13T00:19:03.747+0000] {processor.py:157} INFO - Started process (PID=9246) to work on /opt/airflow/dags/S3_UPLOAD_BRONZE_DAG.py
[2026-06-13T00:19:03.748+0000] {processor.py:829} INFO - Processing file /opt/airflow/dags/S3_UPLOAD_BRONZE_DAG.py for tasks to queue
[2026-06-13T00:19:03.749+0000] {logging_mixin.py:154} INFO - [2026-06-13T00:19:03.748+0000] {dagbag.py:536} INFO - Filling up the DagBag from /opt/airflow/dags/S3_UPLOAD_BRONZE_DAG.py
[2026-06-13T00:19:03.762+0000] {processor.py:839} INFO - DAG(s) dict_keys(['daily_vulnerability_ingestion']) retrieved from /opt/airflow/dags/S3_UPLOAD_BRONZE_DAG.py
[2026-06-13T00:19:03.780+0000] {logging_mixin.py:154} INFO - [2026-06-13T00:19:03.780+0000] {dag.py:2941} INFO - Sync 1 DAGs
[2026-06-13T00:19:03.796+0000] {logging_mixin.py:154} INFO - [2026-06-13T00:19:03.796+0000] {dag.py:3722} INFO - Setting next_dagrun for daily_vulnerability_ingestion to 2026-06-12T14:52:05.384041+00:00, run_after=2026-06-13T14:52:05.384041+00:00
[2026-06-13T00:19:03.808+0000] {processor.py:179} INFO - Processing /opt/airflow/dags/S3_UPLOAD_BRONZE_DAG.py took 0.065 seconds
[2026-06-13T00:19:33.925+0000] {processor.py:157} INFO - Started process (PID=9251) to work on /opt/airflow/dags/S3_UPLOAD_BRONZE_DAG.py
[2026-06-13T00:19:33.926+0000] {processor.py:829} INFO - Processing file /opt/airflow/dags/S3_UPLOAD_BRONZE_DAG.py for tasks to queue
[2026-06-13T00:19:33.927+0000] {logging_mixin.py:154} INFO - [2026-06-13T00:19:33.926+0000] {dagbag.py:536} INFO - Filling up the DagBag from /opt/airflow/dags/S3_UPLOAD_BRONZE_DAG.py
[2026-06-13T00:19:33.947+0000] {processor.py:839} INFO - DAG(s) dict_keys(['daily_vulnerability_ingestion']) retrieved from /opt/airflow/dags/S3_UPLOAD_BRONZE_DAG.py
[2026-06-13T00:19:33.969+0000] {logging_mixin.py:154} INFO - [2026-06-13T00:19:33.968+0000] {dag.py:2941} INFO - Sync 1 DAGs
[2026-06-13T00:19:33.986+0000] {logging_mixin.py:154} INFO - [2026-06-13T00:19:33.986+0000] {dag.py:3722} INFO - Setting next_dagrun for daily_vulnerability_ingestion to 2026-06-12T14:52:05.384041+00:00, run_after=2026-06-13T14:52:05.384041+00:00
[2026-06-13T00:19:33.997+0000] {processor.py:179} INFO - Processing /opt/airflow/dags/S3_UPLOAD_BRONZE_DAG.py took 0.077 seconds
[2026-06-13T00:20:04.130+0000] {processor.py:157} INFO - Started process (PID=9256) to work on /opt/airflow/dags/S3_UPLOAD_BRONZE_DAG.py
[2026-06-13T00:20:04.139+0000] {processor.py:829} INFO - Processing file /opt/airflow/dags/S3_UPLOAD_BRONZE_DAG.py for tasks to queue
[2026-06-13T00:20:04.140+0000] {logging_mixin.py:154} INFO - [2026-06-13T00:20:04.139+0000] {dagbag.py:536} INFO - Filling up the DagBag from /opt/airflow/dags/S3_UPLOAD_BRONZE_DAG.py
[2026-06-13T00:20:04.153+0000] {processor.py:839} INFO - DAG(s) dict_keys(['daily_vulnerability_ingestion']) retrieved from /opt/airflow/dags/S3_UPLOAD_BRONZE_DAG.py
[2026-06-13T00:20:04.172+0000] {logging_mixin.py:154} INFO - [2026-06-13T00:20:04.172+0000] {dag.py:2941} INFO - Sync 1 DAGs
[2026-06-13T00:20:04.188+0000] {logging_mixin.py:154} INFO - [2026-06-13T00:20:04.188+0000] {dag.py:3722} INFO - Setting next_dagrun for daily_vulnerability_ingestion to 2026-06-12T14:52:05.384041+00:00, run_after=2026-06-13T14:52:05.384041+00:00
[2026-06-13T00:20:04.199+0000] {processor.py:179} INFO - Processing /opt/airflow/dags/S3_UPLOAD_BRONZE_DAG.py took 0.072 seconds
[2026-06-13T00:20:34.322+0000] {processor.py:157} INFO - Started process (PID=9261) to work on /opt/airflow/dags/S3_UPLOAD_BRONZE_DAG.py
[2026-06-13T00:20:34.323+0000] {processor.py:829} INFO - Processing file /opt/airflow/dags/S3_UPLOAD_BRONZE_DAG.py for tasks to queue
[2026-06-13T00:20:34.324+0000] {logging_mixin.py:154} INFO - [2026-06-13T00:20:34.323+0000] {dagbag.py:536} INFO - Filling up the DagBag from /opt/airflow/dags/S3_UPLOAD_BRONZE_DAG.py
[2026-06-13T00:20:34.341+0000] {processor.py:839} INFO - DAG(s) dict_keys(['daily_vulnerability_ingestion']) retrieved from /opt/airflow/dags/S3_UPLOAD_BRONZE_DAG.py
[2026-06-13T00:20:34.363+0000] {logging_mixin.py:154} INFO - [2026-06-13T00:20:34.363+0000] {dag.py:2941} INFO - Sync 1 DAGs
[2026-06-13T00:20:34.380+0000] {logging_mixin.py:154} INFO - [2026-06-13T00:20:34.380+0000] {dag.py:3722} INFO - Setting next_dagrun for daily_vulnerability_ingestion to 2026-06-12T14:52:05.384041+00:00, run_after=2026-06-13T14:52:05.384041+00:00
[2026-06-13T00:20:34.392+0000] {processor.py:179} INFO - Processing /opt/airflow/dags/S3_UPLOAD_BRONZE_DAG.py took 0.074 seconds
[2026-06-13T00:21:04.518+0000] {processor.py:157} INFO - Started process (PID=9266) to work on /opt/airflow/dags/S3_UPLOAD_BRONZE_DAG.py
[2026-06-13T00:21:04.518+0000] {processor.py:829} INFO - Processing file /opt/airflow/dags/S3_UPLOAD_BRONZE_DAG.py for tasks to queue
[2026-06-13T00:21:04.519+0000] {logging_mixin.py:154} INFO - [2026-06-13T00:21:04.519+0000] {dagbag.py:536} INFO - Filling up the DagBag from /opt/airflow/dags/S3_UPLOAD_BRONZE_DAG.py
[2026-06-13T00:21:04.535+0000] {processor.py:839} INFO - DAG(s) dict_keys(['daily_vulnerability_ingestion']) retrieved from /opt/airflow/dags/S3_UPLOAD_BRONZE_DAG.py
[2026-06-13T00:21:04.553+0000] {logging_mixin.py:154} INFO - [2026-06-13T00:21:04.553+0000] {dag.py:2941} INFO - Sync 1 DAGs
[2026-06-13T00:21:04.578+0000] {logging_mixin.py:154} INFO - [2026-06-13T00:21:04.578+0000] {dag.py:3722} INFO - Setting next_dagrun for daily_vulnerability_ingestion to 2026-06-12T14:52:05.384041+00:00, run_after=2026-06-13T14:52:05.384041+00:00
[2026-06-13T00:21:04.596+0000] {processor.py:179} INFO - Processing /opt/airflow/dags/S3_UPLOAD_BRONZE_DAG.py took 0.081 seconds
[2026-06-13T00:21:34.727+0000] {processor.py:157} INFO - Started process (PID=9271) to work on /opt/airflow/dags/S3_UPLOAD_BRONZE_DAG.py
[2026-06-13T00:21:34.736+0000] {processor.py:829} INFO - Processing file /opt/airflow/dags/S3_UPLOAD_BRONZE_DAG.py for tasks to queue
[2026-06-13T00:21:34.736+0000] {logging_mixin.py:154} INFO - [2026-06-13T00:21:34.736+0000] {dagbag.py:536} INFO - Filling up the DagBag from /opt/airflow/dags/S3_UPLOAD_BRONZE_DAG.py
[2026-06-13T00:21:34.751+0000] {processor.py:839} INFO - DAG(s) dict_keys(['daily_vulnerability_ingestion']) retrieved from /opt/airflow/dags/S3_UPLOAD_BRONZE_DAG.py
[2026-06-13T00:21:34.770+0000] {logging_mixin.py:154} INFO - [2026-06-13T00:21:34.770+0000] {dag.py:2941} INFO - Sync 1 DAGs
[2026-06-13T00:21:34.788+0000] {logging_mixin.py:154} INFO - [2026-06-13T00:21:34.788+0000] {dag.py:3722} INFO - Setting next_dagrun for daily_vulnerability_ingestion to 2026-06-12T14:52:05.384041+00:00, run_after=2026-06-13T14:52:05.384041+00:00
[2026-06-13T00:21:34.800+0000] {processor.py:179} INFO - Processing /opt/airflow/dags/S3_UPLOAD_BRONZE_DAG.py took 0.078 seconds
[2026-06-13T00:22:04.930+0000] {processor.py:157} INFO - Started process (PID=9276) to work on /opt/airflow/dags/S3_UPLOAD_BRONZE_DAG.py
[2026-06-13T00:22:04.931+0000] {processor.py:829} INFO - Processing file /opt/airflow/dags/S3_UPLOAD_BRONZE_DAG.py for tasks to queue
[2026-06-13T00:22:04.931+0000] {logging_mixin.py:154} INFO - [2026-06-13T00:22:04.931+0000] {dagbag.py:536} INFO - Filling up the DagBag from /opt/airflow/dags/S3_UPLOAD_BRONZE_DAG.py
[2026-06-13T00:22:04.945+0000] {processor.py:839} INFO - DAG(s) dict_keys(['daily_vulnerability_ingestion']) retrieved from /opt/airflow/dags/S3_UPLOAD_BRONZE_DAG.py
[2026-06-13T00:22:04.964+0000] {logging_mixin.py:154} INFO - [2026-06-13T00:22:04.964+0000] {dag.py:2941} INFO - Sync 1 DAGs
[2026-06-13T00:22:04.980+0000] {logging_mixin.py:154} INFO - [2026-06-13T00:22:04.979+0000] {dag.py:3722} INFO - Setting next_dagrun for daily_vulnerability_ingestion to 2026-06-12T14:52:05.384041+00:00, run_after=2026-06-13T14:52:05.384041+00:00
[2026-06-13T00:22:05.068+0000] {processor.py:179} INFO - Processing /opt/airflow/dags/S3_UPLOAD_BRONZE_DAG.py took 0.141 seconds
[2026-06-13T00:22:35.147+0000] {processor.py:157} INFO - Started process (PID=9281) to work on /opt/airflow/dags/S3_UPLOAD_BRONZE_DAG.py
[2026-06-13T00:22:35.156+0000] {processor.py:829} INFO - Processing file /opt/airflow/dags/S3_UPLOAD_BRONZE_DAG.py for tasks to queue
[2026-06-13T00:22:35.157+0000] {logging_mixin.py:154} INFO - [2026-06-13T00:22:35.157+0000] {dagbag.py:536} INFO - Filling up the DagBag from /opt/airflow/dags/S3_UPLOAD_BRONZE_DAG.py
[2026-06-13T00:22:35.169+0000] {processor.py:839} INFO - DAG(s) dict_keys(['daily_vulnerability_ingestion']) retrieved from /opt/airflow/dags/S3_UPLOAD_BRONZE_DAG.py
[2026-06-13T00:22:35.188+0000] {logging_mixin.py:154} INFO - [2026-06-13T00:22:35.188+0000] {dag.py:2941} INFO - Sync 1 DAGs
[2026-06-13T00:22:35.203+0000] {logging_mixin.py:154} INFO - [2026-06-13T00:22:35.203+0000] {dag.py:3722} INFO - Setting next_dagrun for daily_vulnerability_ingestion to 2026-06-12T14:52:05.384041+00:00, run_after=2026-06-13T14:52:05.384041+00:00
[2026-06-13T00:22:35.216+0000] {processor.py:179} INFO - Processing /opt/airflow/dags/S3_UPLOAD_BRONZE_DAG.py took 0.073 seconds
[2026-06-13T00:23:05.335+0000] {processor.py:157} INFO - Started process (PID=9286) to work on /opt/airflow/dags/S3_UPLOAD_BRONZE_DAG.py
[2026-06-13T00:23:05.336+0000] {processor.py:829} INFO - Processing file /opt/airflow/dags/S3_UPLOAD_BRONZE_DAG.py for tasks to queue
[2026-06-13T00:23:05.337+0000] {logging_mixin.py:154} INFO - [2026-06-13T00:23:05.337+0000] {dagbag.py:536} INFO - Filling up the DagBag from /opt/airflow/dags/S3_UPLOAD_BRONZE_DAG.py
[2026-06-13T00:23:05.359+0000] {processor.py:839} INFO - DAG(s) dict_keys(['daily_vulnerability_ingestion']) retrieved from /opt/airflow/dags/S3_UPLOAD_BRONZE_DAG.py
[2026-06-13T00:23:05.380+0000] {logging_mixin.py:154} INFO - [2026-06-13T00:23:05.380+0000] {dag.py:2941} INFO - Sync 1 DAGs
[2026-06-13T00:23:05.471+0000] {logging_mixin.py:154} INFO - [2026-06-13T00:23:05.471+0000] {dag.py:3722} INFO - Setting next_dagrun for daily_vulnerability_ingestion to 2026-06-12T14:52:05.384041+00:00, run_after=2026-06-13T14:52:05.384041+00:00
[2026-06-13T00:23:05.488+0000] {processor.py:179} INFO - Processing /opt/airflow/dags/S3_UPLOAD_BRONZE_DAG.py took 0.159 seconds
[2026-06-13T00:23:35.541+0000] {processor.py:157} INFO - Started process (PID=9291) to work on /opt/airflow/dags/S3_UPLOAD_BRONZE_DAG.py
[2026-06-13T00:23:35.550+0000] {processor.py:829} INFO - Processing file /opt/airflow/dags/S3_UPLOAD_BRONZE_DAG.py for tasks to queue
[2026-06-13T00:23:35.551+0000] {logging_mixin.py:154} INFO - [2026-06-13T00:23:35.551+0000] {dagbag.py:536} INFO - Filling up the DagBag from /opt/airflow/dags/S3_UPLOAD_BRONZE_DAG.py
[2026-06-13T00:23:35.653+0000] {processor.py:839} INFO - DAG(s) dict_keys(['daily_vulnerability_ingestion']) retrieved from /opt/airflow/dags/S3_UPLOAD_BRONZE_DAG.py
[2026-06-13T00:23:35.669+0000] {logging_mixin.py:154} INFO - [2026-06-13T00:23:35.669+0000] {dag.py:2941} INFO - Sync 1 DAGs
[2026-06-13T00:23:35.684+0000] {logging_mixin.py:154} INFO - [2026-06-13T00:23:35.683+0000] {dag.py:3722} INFO - Setting next_dagrun for daily_vulnerability_ingestion to 2026-06-12T14:52:05.384041+00:00, run_after=2026-06-13T14:52:05.384041+00:00
[2026-06-13T00:23:35.703+0000] {processor.py:179} INFO - Processing /opt/airflow/dags/S3_UPLOAD_BRONZE_DAG.py took 0.169 seconds
[2026-06-13T00:24:05.820+0000] {processor.py:157} INFO - Started process (PID=9296) to work on /opt/airflow/dags/S3_UPLOAD_BRONZE_DAG.py
[2026-06-13T00:24:05.821+0000] {processor.py:829} INFO - Processing file /opt/airflow/dags/S3_UPLOAD_BRONZE_DAG.py for tasks to queue
[2026-06-13T00:24:05.822+0000] {logging_mixin.py:154} INFO - [2026-06-13T00:24:05.821+0000] {dagbag.py:536} INFO - Filling up the DagBag from /opt/airflow/dags/S3_UPLOAD_BRONZE_DAG.py
[2026-06-13T00:24:05.835+0000] {processor.py:839} INFO - DAG(s) dict_keys(['daily_vulnerability_ingestion']) retrieved from /opt/airflow/dags/S3_UPLOAD_BRONZE_DAG.py
[2026-06-13T00:24:05.856+0000] {logging_mixin.py:154} INFO - [2026-06-13T00:24:05.855+0000] {dag.py:2941} INFO - Sync 1 DAGs
[2026-06-13T00:24:05.876+0000] {logging_mixin.py:154} INFO - [2026-06-13T00:24:05.876+0000] {dag.py:3722} INFO - Setting next_dagrun for daily_vulnerability_ingestion to 2026-06-12T14:52:05.384041+00:00, run_after=2026-06-13T14:52:05.384041+00:00
[2026-06-13T00:24:05.887+0000] {processor.py:179} INFO - Processing /opt/airflow/dags/S3_UPLOAD_BRONZE_DAG.py took 0.069 seconds
[2026-06-13T00:24:35.966+0000] {processor.py:157} INFO - Started process (PID=9301) to work on /opt/airflow/dags/S3_UPLOAD_BRONZE_DAG.py
[2026-06-13T00:24:35.974+0000] {processor.py:829} INFO - Processing file /opt/airflow/dags/S3_UPLOAD_BRONZE_DAG.py for tasks to queue
[2026-06-13T00:24:35.975+0000] {logging_mixin.py:154} INFO - [2026-06-13T00:24:35.975+0000] {dagbag.py:536} INFO - Filling up the DagBag from /opt/airflow/dags/S3_UPLOAD_BRONZE_DAG.py
[2026-06-13T00:24:35.988+0000] {processor.py:839} INFO - DAG(s) dict_keys(['daily_vulnerability_ingestion']) retrieved from /opt/airflow/dags/S3_UPLOAD_BRONZE_DAG.py
[2026-06-13T00:24:36.008+0000] {logging_mixin.py:154} INFO - [2026-06-13T00:24:36.008+0000] {dag.py:2941} INFO - Sync 1 DAGs
[2026-06-13T00:24:36.024+0000] {logging_mixin.py:154} INFO - [2026-06-13T00:24:36.024+0000] {dag.py:3722} INFO - Setting next_dagrun for daily_vulnerability_ingestion to 2026-06-12T14:52:05.384041+00:00, run_after=2026-06-13T14:52:05.384041+00:00
[2026-06-13T00:24:36.037+0000] {processor.py:179} INFO - Processing /opt/airflow/dags/S3_UPLOAD_BRONZE_DAG.py took 0.075 seconds
[2026-06-13T00:25:06.207+0000] {processor.py:157} INFO - Started process (PID=9306) to work on /opt/airflow/dags/S3_UPLOAD_BRONZE_DAG.py
[2026-06-13T00:25:06.208+0000] {processor.py:829} INFO - Processing file /opt/airflow/dags/S3_UPLOAD_BRONZE_DAG.py for tasks to queue
[2026-06-13T00:25:06.209+0000] {logging_mixin.py:154} INFO - [2026-06-13T00:25:06.208+0000] {dagbag.py:536} INFO - Filling up the DagBag from /opt/airflow/dags/S3_UPLOAD_BRONZE_DAG.py
[2026-06-13T00:25:06.225+0000] {processor.py:839} INFO - DAG(s) dict_keys(['daily_vulnerability_ingestion']) retrieved from /opt/airflow/dags/S3_UPLOAD_BRONZE_DAG.py
[2026-06-13T00:25:06.245+0000] {logging_mixin.py:154} INFO - [2026-06-13T00:25:06.245+0000] {dag.py:2941} INFO - Sync 1 DAGs
[2026-06-13T00:25:06.261+0000] {logging_mixin.py:154} INFO - [2026-06-13T00:25:06.261+0000] {dag.py:3722} INFO - Setting next_dagrun for daily_vulnerability_ingestion to 2026-06-12T14:52:05.384041+00:00, run_after=2026-06-13T14:52:05.384041+00:00
[2026-06-13T00:25:06.274+0000] {processor.py:179} INFO - Processing /opt/airflow/dags/S3_UPLOAD_BRONZE_DAG.py took 0.072 seconds
[2026-06-13T00:25:36.376+0000] {processor.py:157} INFO - Started process (PID=9311) to work on /opt/airflow/dags/S3_UPLOAD_BRONZE_DAG.py
[2026-06-13T00:25:36.385+0000] {processor.py:829} INFO - Processing file /opt/airflow/dags/S3_UPLOAD_BRONZE_DAG.py for tasks to queue
[2026-06-13T00:25:36.385+0000] {logging_mixin.py:154} INFO - [2026-06-13T00:25:36.385+0000] {dagbag.py:536} INFO - Filling up the DagBag from /opt/airflow/dags/S3_UPLOAD_BRONZE_DAG.py
[2026-06-13T00:25:36.397+0000] {processor.py:839} INFO - DAG(s) dict_keys(['daily_vulnerability_ingestion']) retrieved from /opt/airflow/dags/S3_UPLOAD_BRONZE_DAG.py
[2026-06-13T00:25:36.416+0000] {logging_mixin.py:154} INFO - [2026-06-13T00:25:36.415+0000] {dag.py:2941} INFO - Sync 1 DAGs
[2026-06-13T00:25:36.433+0000] {logging_mixin.py:154} INFO - [2026-06-13T00:25:36.432+0000] {dag.py:3722} INFO - Setting next_dagrun for daily_vulnerability_ingestion to 2026-06-12T14:52:05.384041+00:00, run_after=2026-06-13T14:52:05.384041+00:00
[2026-06-13T00:25:36.445+0000] {processor.py:179} INFO - Processing /opt/airflow/dags/S3_UPLOAD_BRONZE_DAG.py took 0.071 seconds
[2026-06-13T00:26:06.603+0000] {processor.py:157} INFO - Started process (PID=9316) to work on /opt/airflow/dags/S3_UPLOAD_BRONZE_DAG.py
[2026-06-13T00:26:06.604+0000] {processor.py:829} INFO - Processing file /opt/airflow/dags/S3_UPLOAD_BRONZE_DAG.py for tasks to queue
[2026-06-13T00:26:06.605+0000] {logging_mixin.py:154} INFO - [2026-06-13T00:26:06.605+0000] {dagbag.py:536} INFO - Filling up the DagBag from /opt/airflow/dags/S3_UPLOAD_BRONZE_DAG.py
[2026-06-13T00:26:06.620+0000] {processor.py:839} INFO - DAG(s) dict_keys(['daily_vulnerability_ingestion']) retrieved from /opt/airflow/dags/S3_UPLOAD_BRONZE_DAG.py
[2026-06-13T00:26:06.639+0000] {logging_mixin.py:154} INFO - [2026-06-13T00:26:06.639+0000] {dag.py:2941} INFO - Sync 1 DAGs
[2026-06-13T00:26:06.655+0000] {logging_mixin.py:154} INFO - [2026-06-13T00:26:06.655+0000] {dag.py:3722} INFO - Setting next_dagrun for daily_vulnerability_ingestion to 2026-06-12T14:52:05.384041+00:00, run_after=2026-06-13T14:52:05.384041+00:00
[2026-06-13T00:26:06.669+0000] {processor.py:179} INFO - Processing /opt/airflow/dags/S3_UPLOAD_BRONZE_DAG.py took 0.071 seconds
[2026-06-13T00:26:36.779+0000] {processor.py:157} INFO - Started process (PID=9321) to work on /opt/airflow/dags/S3_UPLOAD_BRONZE_DAG.py
[2026-06-13T00:26:36.781+0000] {processor.py:829} INFO - Processing file /opt/airflow/dags/S3_UPLOAD_BRONZE_DAG.py for tasks to queue
[2026-06-13T00:26:36.782+0000] {logging_mixin.py:154} INFO - [2026-06-13T00:26:36.782+0000] {dagbag.py:536} INFO - Filling up the DagBag from /opt/airflow/dags/S3_UPLOAD_BRONZE_DAG.py
[2026-06-13T00:26:36.803+0000] {processor.py:839} INFO - DAG(s) dict_keys(['daily_vulnerability_ingestion']) retrieved from /opt/airflow/dags/S3_UPLOAD_BRONZE_DAG.py
[2026-06-13T00:26:36.823+0000] {logging_mixin.py:154} INFO - [2026-06-13T00:26:36.823+0000] {dag.py:2941} INFO - Sync 1 DAGs
[2026-06-13T00:26:36.840+0000] {logging_mixin.py:154} INFO - [2026-06-13T00:26:36.840+0000] {dag.py:3722} INFO - Setting next_dagrun for daily_vulnerability_ingestion to 2026-06-12T14:52:05.384041+00:00, run_after=2026-06-13T14:52:05.384041+00:00
[2026-06-13T00:26:36.853+0000] {processor.py:179} INFO - Processing /opt/airflow/dags/S3_UPLOAD_BRONZE_DAG.py took 0.079 seconds
[2026-06-13T00:27:06.988+0000] {processor.py:157} INFO - Started process (PID=9326) to work on /opt/airflow/dags/S3_UPLOAD_BRONZE_DAG.py
[2026-06-13T00:27:06.989+0000] {processor.py:829} INFO - Processing file /opt/airflow/dags/S3_UPLOAD_BRONZE_DAG.py for tasks to queue
[2026-06-13T00:27:06.990+0000] {logging_mixin.py:154} INFO - [2026-06-13T00:27:06.990+0000] {dagbag.py:536} INFO - Filling up the DagBag from /opt/airflow/dags/S3_UPLOAD_BRONZE_DAG.py
[2026-06-13T00:27:07.007+0000] {processor.py:839} INFO - DAG(s) dict_keys(['daily_vulnerability_ingestion']) retrieved from /opt/airflow/dags/S3_UPLOAD_BRONZE_DAG.py
[2026-06-13T00:27:07.026+0000] {logging_mixin.py:154} INFO - [2026-06-13T00:27:07.026+0000] {dag.py:2941} INFO - Sync 1 DAGs
[2026-06-13T00:27:07.042+0000] {logging_mixin.py:154} INFO - [2026-06-13T00:27:07.042+0000] {dag.py:3722} INFO - Setting next_dagrun for daily_vulnerability_ingestion to 2026-06-12T14:52:05.384041+00:00, run_after=2026-06-13T14:52:05.384041+00:00
[2026-06-13T00:27:07.055+0000] {processor.py:179} INFO - Processing /opt/airflow/dags/S3_UPLOAD_BRONZE_DAG.py took 0.072 seconds
[2026-06-13T00:27:37.171+0000] {processor.py:157} INFO - Started process (PID=9331) to work on /opt/airflow/dags/S3_UPLOAD_BRONZE_DAG.py
[2026-06-13T00:27:37.180+0000] {processor.py:829} INFO - Processing file /opt/airflow/dags/S3_UPLOAD_BRONZE_DAG.py for tasks to queue
[2026-06-13T00:27:37.181+0000] {logging_mixin.py:154} INFO - [2026-06-13T00:27:37.180+0000] {dagbag.py:536} INFO - Filling up the DagBag from /opt/airflow/dags/S3_UPLOAD_BRONZE_DAG.py
[2026-06-13T00:27:37.194+0000] {processor.py:839} INFO - DAG(s) dict_keys(['daily_vulnerability_ingestion']) retrieved from /opt/airflow/dags/S3_UPLOAD_BRONZE_DAG.py
[2026-06-13T00:27:37.212+0000] {logging_mixin.py:154} INFO - [2026-06-13T00:27:37.212+0000] {dag.py:2941} INFO - Sync 1 DAGs
[2026-06-13T00:27:37.227+0000] {logging_mixin.py:154} INFO - [2026-06-13T00:27:37.227+0000] {dag.py:3722} INFO - Setting next_dagrun for daily_vulnerability_ingestion to 2026-06-12T14:52:05.384041+00:00, run_after=2026-06-13T14:52:05.384041+00:00
[2026-06-13T00:27:37.243+0000] {processor.py:179} INFO - Processing /opt/airflow/dags/S3_UPLOAD_BRONZE_DAG.py took 0.076 seconds
[2026-06-13T00:28:07.377+0000] {processor.py:157} INFO - Started process (PID=9336) to work on /opt/airflow/dags/S3_UPLOAD_BRONZE_DAG.py
[2026-06-13T00:28:07.378+0000] {processor.py:829} INFO - Processing file /opt/airflow/dags/S3_UPLOAD_BRONZE_DAG.py for tasks to queue
[2026-06-13T00:28:07.379+0000] {logging_mixin.py:154} INFO - [2026-06-13T00:28:07.379+0000] {dagbag.py:536} INFO - Filling up the DagBag from /opt/airflow/dags/S3_UPLOAD_BRONZE_DAG.py
[2026-06-13T00:28:07.393+0000] {processor.py:839} INFO - DAG(s) dict_keys(['daily_vulnerability_ingestion']) retrieved from /opt/airflow/dags/S3_UPLOAD_BRONZE_DAG.py
[2026-06-13T00:28:07.412+0000] {logging_mixin.py:154} INFO - [2026-06-13T00:28:07.412+0000] {dag.py:2941} INFO - Sync 1 DAGs
[2026-06-13T00:28:07.428+0000] {logging_mixin.py:154} INFO - [2026-06-13T00:28:07.428+0000] {dag.py:3722} INFO - Setting next_dagrun for daily_vulnerability_ingestion to 2026-06-12T14:52:05.384041+00:00, run_after=2026-06-13T14:52:05.384041+00:00
[2026-06-13T00:28:07.441+0000] {processor.py:179} INFO - Processing /opt/airflow/dags/S3_UPLOAD_BRONZE_DAG.py took 0.069 seconds
[2026-06-13T00:28:37.580+0000] {processor.py:157} INFO - Started process (PID=9341) to work on /opt/airflow/dags/S3_UPLOAD_BRONZE_DAG.py
[2026-06-13T00:28:37.589+0000] {processor.py:829} INFO - Processing file /opt/airflow/dags/S3_UPLOAD_BRONZE_DAG.py for tasks to queue
[2026-06-13T00:28:37.590+0000] {logging_mixin.py:154} INFO - [2026-06-13T00:28:37.589+0000] {dagbag.py:536} INFO - Filling up the DagBag from /opt/airflow/dags/S3_UPLOAD_BRONZE_DAG.py
[2026-06-13T00:28:37.610+0000] {processor.py:839} INFO - DAG(s) dict_keys(['daily_vulnerability_ingestion']) retrieved from /opt/airflow/dags/S3_UPLOAD_BRONZE_DAG.py
[2026-06-13T00:28:37.630+0000] {logging_mixin.py:154} INFO - [2026-06-13T00:28:37.630+0000] {dag.py:2941} INFO - Sync 1 DAGs
[2026-06-13T00:28:37.646+0000] {logging_mixin.py:154} INFO - [2026-06-13T00:28:37.646+0000] {dag.py:3722} INFO - Setting next_dagrun for daily_vulnerability_ingestion to 2026-06-12T14:52:05.384041+00:00, run_after=2026-06-13T14:52:05.384041+00:00
[2026-06-13T00:28:37.658+0000] {processor.py:179} INFO - Processing /opt/airflow/dags/S3_UPLOAD_BRONZE_DAG.py took 0.085 seconds
[2026-06-13T00:29:07.777+0000] {processor.py:157} INFO - Started process (PID=9346) to work on /opt/airflow/dags/S3_UPLOAD_BRONZE_DAG.py
[2026-06-13T00:29:07.778+0000] {processor.py:829} INFO - Processing file /opt/airflow/dags/S3_UPLOAD_BRONZE_DAG.py for tasks to queue
[2026-06-13T00:29:07.780+0000] {logging_mixin.py:154} INFO - [2026-06-13T00:29:07.779+0000] {dagbag.py:536} INFO - Filling up the DagBag from /opt/airflow/dags/S3_UPLOAD_BRONZE_DAG.py
[2026-06-13T00:29:07.799+0000] {processor.py:839} INFO - DAG(s) dict_keys(['daily_vulnerability_ingestion']) retrieved from /opt/airflow/dags/S3_UPLOAD_BRONZE_DAG.py
[2026-06-13T00:29:07.818+0000] {logging_mixin.py:154} INFO - [2026-06-13T00:29:07.818+0000] {dag.py:2941} INFO - Sync 1 DAGs
[2026-06-13T00:29:07.835+0000] {logging_mixin.py:154} INFO - [2026-06-13T00:29:07.834+0000] {dag.py:3722} INFO - Setting next_dagrun for daily_vulnerability_ingestion to 2026-06-12T14:52:05.384041+00:00, run_after=2026-06-13T14:52:05.384041+00:00
[2026-06-13T00:29:07.847+0000] {processor.py:179} INFO - Processing /opt/airflow/dags/S3_UPLOAD_BRONZE_DAG.py took 0.076 seconds
[2026-06-13T00:29:37.980+0000] {processor.py:157} INFO - Started process (PID=9351) to work on /opt/airflow/dags/S3_UPLOAD_BRONZE_DAG.py
[2026-06-13T00:29:37.989+0000] {processor.py:829} INFO - Processing file /opt/airflow/dags/S3_UPLOAD_BRONZE_DAG.py for tasks to queue
[2026-06-13T00:29:37.990+0000] {logging_mixin.py:154} INFO - [2026-06-13T00:29:37.990+0000] {dagbag.py:536} INFO - Filling up the DagBag from /opt/airflow/dags/S3_UPLOAD_BRONZE_DAG.py
[2026-06-13T00:29:38.004+0000] {processor.py:839} INFO - DAG(s) dict_keys(['daily_vulnerability_ingestion']) retrieved from /opt/airflow/dags/S3_UPLOAD_BRONZE_DAG.py
[2026-06-13T00:29:38.023+0000] {logging_mixin.py:154} INFO - [2026-06-13T00:29:38.023+0000] {dag.py:2941} INFO - Sync 1 DAGs
[2026-06-13T00:29:38.039+0000] {logging_mixin.py:154} INFO - [2026-06-13T00:29:38.039+0000] {dag.py:3722} INFO - Setting next_dagrun for daily_vulnerability_ingestion to 2026-06-12T14:52:05.384041+00:00, run_after=2026-06-13T14:52:05.384041+00:00
[2026-06-13T00:29:38.052+0000] {processor.py:179} INFO - Processing /opt/airflow/dags/S3_UPLOAD_BRONZE_DAG.py took 0.075 seconds
[2026-06-13T00:30:08.166+0000] {processor.py:157} INFO - Started process (PID=9356) to work on /opt/airflow/dags/S3_UPLOAD_BRONZE_DAG.py
[2026-06-13T00:30:08.167+0000] {processor.py:829} INFO - Processing file /opt/airflow/dags/S3_UPLOAD_BRONZE_DAG.py for tasks to queue
[2026-06-13T00:30:08.169+0000] {logging_mixin.py:154} INFO - [2026-06-13T00:30:08.168+0000] {dagbag.py:536} INFO - Filling up the DagBag from /opt/airflow/dags/S3_UPLOAD_BRONZE_DAG.py
[2026-06-13T00:30:08.190+0000] {processor.py:839} INFO - DAG(s) dict_keys(['daily_vulnerability_ingestion']) retrieved from /opt/airflow/dags/S3_UPLOAD_BRONZE_DAG.py
[2026-06-13T00:30:08.213+0000] {logging_mixin.py:154} INFO - [2026-06-13T00:30:08.213+0000] {dag.py:2941} INFO - Sync 1 DAGs
[2026-06-13T00:30:08.230+0000] {logging_mixin.py:154} INFO - [2026-06-13T00:30:08.230+0000] {dag.py:3722} INFO - Setting next_dagrun for daily_vulnerability_ingestion to 2026-06-12T14:52:05.384041+00:00, run_after=2026-06-13T14:52:05.384041+00:00
[2026-06-13T00:30:08.243+0000] {processor.py:179} INFO - Processing /opt/airflow/dags/S3_UPLOAD_BRONZE_DAG.py took 0.082 seconds
[2026-06-13T00:30:38.375+0000] {processor.py:157} INFO - Started process (PID=9361) to work on /opt/airflow/dags/S3_UPLOAD_BRONZE_DAG.py
[2026-06-13T00:30:38.376+0000] {processor.py:829} INFO - Processing file /opt/airflow/dags/S3_UPLOAD_BRONZE_DAG.py for tasks to queue
[2026-06-13T00:30:38.377+0000] {logging_mixin.py:154} INFO - [2026-06-13T00:30:38.376+0000] {dagbag.py:536} INFO - Filling up the DagBag from /opt/airflow/dags/S3_UPLOAD_BRONZE_DAG.py
[2026-06-13T00:30:38.390+0000] {processor.py:839} INFO - DAG(s) dict_keys(['daily_vulnerability_ingestion']) retrieved from /opt/airflow/dags/S3_UPLOAD_BRONZE_DAG.py
[2026-06-13T00:30:38.410+0000] {logging_mixin.py:154} INFO - [2026-06-13T00:30:38.410+0000] {dag.py:2941} INFO - Sync 1 DAGs
[2026-06-13T00:30:38.425+0000] {logging_mixin.py:154} INFO - [2026-06-13T00:30:38.425+0000] {dag.py:3722} INFO - Setting next_dagrun for daily_vulnerability_ingestion to 2026-06-12T14:52:05.384041+00:00, run_after=2026-06-13T14:52:05.384041+00:00
[2026-06-13T00:30:38.438+0000] {processor.py:179} INFO - Processing /opt/airflow/dags/S3_UPLOAD_BRONZE_DAG.py took 0.066 seconds
[2026-06-13T00:31:08.561+0000] {processor.py:157} INFO - Started process (PID=9366) to work on /opt/airflow/dags/S3_UPLOAD_BRONZE_DAG.py
[2026-06-13T00:31:08.562+0000] {processor.py:829} INFO - Processing file /opt/airflow/dags/S3_UPLOAD_BRONZE_DAG.py for tasks to queue
[2026-06-13T00:31:08.563+0000] {logging_mixin.py:154} INFO - [2026-06-13T00:31:08.563+0000] {dagbag.py:536} INFO - Filling up the DagBag from /opt/airflow/dags/S3_UPLOAD_BRONZE_DAG.py
[2026-06-13T00:31:08.576+0000] {processor.py:839} INFO - DAG(s) dict_keys(['daily_vulnerability_ingestion']) retrieved from /opt/airflow/dags/S3_UPLOAD_BRONZE_DAG.py
[2026-06-13T00:31:08.595+0000] {logging_mixin.py:154} INFO - [2026-06-13T00:31:08.595+0000] {dag.py:2941} INFO - Sync 1 DAGs
[2026-06-13T00:31:08.611+0000] {logging_mixin.py:154} INFO - [2026-06-13T00:31:08.611+0000] {dag.py:3722} INFO - Setting next_dagrun for daily_vulnerability_ingestion to 2026-06-12T14:52:05.384041+00:00, run_after=2026-06-13T14:52:05.384041+00:00
[2026-06-13T00:31:08.624+0000] {processor.py:179} INFO - Processing /opt/airflow/dags/S3_UPLOAD_BRONZE_DAG.py took 0.066 seconds
[2026-06-13T00:31:38.755+0000] {processor.py:157} INFO - Started process (PID=9371) to work on /opt/airflow/dags/S3_UPLOAD_BRONZE_DAG.py
[2026-06-13T00:31:38.756+0000] {processor.py:829} INFO - Processing file /opt/airflow/dags/S3_UPLOAD_BRONZE_DAG.py for tasks to queue
[2026-06-13T00:31:38.757+0000] {logging_mixin.py:154} INFO - [2026-06-13T00:31:38.757+0000] {dagbag.py:536} INFO - Filling up the DagBag from /opt/airflow/dags/S3_UPLOAD_BRONZE_DAG.py
[2026-06-13T00:31:38.773+0000] {processor.py:839} INFO - DAG(s) dict_keys(['daily_vulnerability_ingestion']) retrieved from /opt/airflow/dags/S3_UPLOAD_BRONZE_DAG.py
[2026-06-13T00:31:38.792+0000] {logging_mixin.py:154} INFO - [2026-06-13T00:31:38.792+0000] {dag.py:2941} INFO - Sync 1 DAGs
[2026-06-13T00:31:38.809+0000] {logging_mixin.py:154} INFO - [2026-06-13T00:31:38.809+0000] {dag.py:3722} INFO - Setting next_dagrun for daily_vulnerability_ingestion to 2026-06-12T14:52:05.384041+00:00, run_after=2026-06-13T14:52:05.384041+00:00
[2026-06-13T00:31:38.822+0000] {processor.py:179} INFO - Processing /opt/airflow/dags/S3_UPLOAD_BRONZE_DAG.py took 0.072 seconds
[2026-06-13T00:32:08.956+0000] {processor.py:157} INFO - Started process (PID=9376) to work on /opt/airflow/dags/S3_UPLOAD_BRONZE_DAG.py
[2026-06-13T00:32:08.957+0000] {processor.py:829} INFO - Processing file /opt/airflow/dags/S3_UPLOAD_BRONZE_DAG.py for tasks to queue
[2026-06-13T00:32:08.957+0000] {logging_mixin.py:154} INFO - [2026-06-13T00:32:08.957+0000] {dagbag.py:536} INFO - Filling up the DagBag from /opt/airflow/dags/S3_UPLOAD_BRONZE_DAG.py
[2026-06-13T00:32:08.973+0000] {processor.py:839} INFO - DAG(s) dict_keys(['daily_vulnerability_ingestion']) retrieved from /opt/airflow/dags/S3_UPLOAD_BRONZE_DAG.py
[2026-06-13T00:32:08.995+0000] {logging_mixin.py:154} INFO - [2026-06-13T00:32:08.995+0000] {dag.py:2941} INFO - Sync 1 DAGs
[2026-06-13T00:32:09.015+0000] {logging_mixin.py:154} INFO - [2026-06-13T00:32:09.014+0000] {dag.py:3722} INFO - Setting next_dagrun for daily_vulnerability_ingestion to 2026-06-12T14:52:05.384041+00:00, run_after=2026-06-13T14:52:05.384041+00:00
[2026-06-13T00:32:09.029+0000] {processor.py:179} INFO - Processing /opt/airflow/dags/S3_UPLOAD_BRONZE_DAG.py took 0.079 seconds
[2026-06-13T00:32:39.168+0000] {processor.py:157} INFO - Started process (PID=9381) to work on /opt/airflow/dags/S3_UPLOAD_BRONZE_DAG.py
[2026-06-13T00:32:39.177+0000] {processor.py:829} INFO - Processing file /opt/airflow/dags/S3_UPLOAD_BRONZE_DAG.py for tasks to queue
[2026-06-13T00:32:39.178+0000] {logging_mixin.py:154} INFO - [2026-06-13T00:32:39.178+0000] {dagbag.py:536} INFO - Filling up the DagBag from /opt/airflow/dags/S3_UPLOAD_BRONZE_DAG.py
[2026-06-13T00:32:39.195+0000] {processor.py:839} INFO - DAG(s) dict_keys(['daily_vulnerability_ingestion']) retrieved from /opt/airflow/dags/S3_UPLOAD_BRONZE_DAG.py
[2026-06-13T00:32:39.215+0000] {logging_mixin.py:154} INFO - [2026-06-13T00:32:39.215+0000] {dag.py:2941} INFO - Sync 1 DAGs
[2026-06-13T00:32:39.233+0000] {logging_mixin.py:154} INFO - [2026-06-13T00:32:39.232+0000] {dag.py:3722} INFO - Setting next_dagrun for daily_vulnerability_ingestion to 2026-06-12T14:52:05.384041+00:00, run_after=2026-06-13T14:52:05.384041+00:00
[2026-06-13T00:32:39.245+0000] {processor.py:179} INFO - Processing /opt/airflow/dags/S3_UPLOAD_BRONZE_DAG.py took 0.082 seconds
[2026-06-13T00:33:09.368+0000] {processor.py:157} INFO - Started process (PID=9386) to work on /opt/airflow/dags/S3_UPLOAD_BRONZE_DAG.py
[2026-06-13T00:33:09.369+0000] {processor.py:829} INFO - Processing file /opt/airflow/dags/S3_UPLOAD_BRONZE_DAG.py for tasks to queue
[2026-06-13T00:33:09.370+0000] {logging_mixin.py:154} INFO - [2026-06-13T00:33:09.370+0000] {dagbag.py:536} INFO - Filling up the DagBag from /opt/airflow/dags/S3_UPLOAD_BRONZE_DAG.py
[2026-06-13T00:33:09.387+0000] {processor.py:839} INFO - DAG(s) dict_keys(['daily_vulnerability_ingestion']) retrieved from /opt/airflow/dags/S3_UPLOAD_BRONZE_DAG.py
[2026-06-13T00:33:09.409+0000] {logging_mixin.py:154} INFO - [2026-06-13T00:33:09.409+0000] {dag.py:2941} INFO - Sync 1 DAGs
[2026-06-13T00:33:09.424+0000] {logging_mixin.py:154} INFO - [2026-06-13T00:33:09.424+0000] {dag.py:3722} INFO - Setting next_dagrun for daily_vulnerability_ingestion to 2026-06-12T14:52:05.384041+00:00, run_after=2026-06-13T14:52:05.384041+00:00
[2026-06-13T00:33:09.436+0000] {processor.py:179} INFO - Processing /opt/airflow/dags/S3_UPLOAD_BRONZE_DAG.py took 0.072 seconds
[2026-06-13T00:33:39.599+0000] {processor.py:157} INFO - Started process (PID=9391) to work on /opt/airflow/dags/S3_UPLOAD_BRONZE_DAG.py
[2026-06-13T00:33:39.608+0000] {processor.py:829} INFO - Processing file /opt/airflow/dags/S3_UPLOAD_BRONZE_DAG.py for tasks to queue
[2026-06-13T00:33:39.609+0000] {logging_mixin.py:154} INFO - [2026-06-13T00:33:39.608+0000] {dagbag.py:536} INFO - Filling up the DagBag from /opt/airflow/dags/S3_UPLOAD_BRONZE_DAG.py
[2026-06-13T00:33:39.622+0000] {processor.py:839} INFO - DAG(s) dict_keys(['daily_vulnerability_ingestion']) retrieved from /opt/airflow/dags/S3_UPLOAD_BRONZE_DAG.py
[2026-06-13T00:33:39.648+0000] {logging_mixin.py:154} INFO - [2026-06-13T00:33:39.648+0000] {dag.py:2941} INFO - Sync 1 DAGs
[2026-06-13T00:33:39.665+0000] {logging_mixin.py:154} INFO - [2026-06-13T00:33:39.665+0000] {dag.py:3722} INFO - Setting next_dagrun for daily_vulnerability_ingestion to 2026-06-12T14:52:05.384041+00:00, run_after=2026-06-13T14:52:05.384041+00:00
[2026-06-13T00:33:39.677+0000] {processor.py:179} INFO - Processing /opt/airflow/dags/S3_UPLOAD_BRONZE_DAG.py took 0.082 seconds
[2026-06-13T00:34:09.779+0000] {processor.py:157} INFO - Started process (PID=9396) to work on /opt/airflow/dags/S3_UPLOAD_BRONZE_DAG.py
[2026-06-13T00:34:09.781+0000] {processor.py:829} INFO - Processing file /opt/airflow/dags/S3_UPLOAD_BRONZE_DAG.py for tasks to queue
[2026-06-13T00:34:09.782+0000] {logging_mixin.py:154} INFO - [2026-06-13T00:34:09.781+0000] {dagbag.py:536} INFO - Filling up the DagBag from /opt/airflow/dags/S3_UPLOAD_BRONZE_DAG.py
[2026-06-13T00:34:09.804+0000] {processor.py:839} INFO - DAG(s) dict_keys(['daily_vulnerability_ingestion']) retrieved from /opt/airflow/dags/S3_UPLOAD_BRONZE_DAG.py
[2026-06-13T00:34:09.825+0000] {logging_mixin.py:154} INFO - [2026-06-13T00:34:09.825+0000] {dag.py:2941} INFO - Sync 1 DAGs
[2026-06-13T00:34:09.841+0000] {logging_mixin.py:154} INFO - [2026-06-13T00:34:09.841+0000] {dag.py:3722} INFO - Setting next_dagrun for daily_vulnerability_ingestion to 2026-06-12T14:52:05.384041+00:00, run_after=2026-06-13T14:52:05.384041+00:00
[2026-06-13T00:34:09.854+0000] {processor.py:179} INFO - Processing /opt/airflow/dags/S3_UPLOAD_BRONZE_DAG.py took 0.081 seconds
[2026-06-13T00:34:40.026+0000] {processor.py:157} INFO - Started process (PID=9401) to work on /opt/airflow/dags/S3_UPLOAD_BRONZE_DAG.py
[2026-06-13T00:34:40.035+0000] {processor.py:829} INFO - Processing file /opt/airflow/dags/S3_UPLOAD_BRONZE_DAG.py for tasks to queue
[2026-06-13T00:34:40.036+0000] {logging_mixin.py:154} INFO - [2026-06-13T00:34:40.036+0000] {dagbag.py:536} INFO - Filling up the DagBag from /opt/airflow/dags/S3_UPLOAD_BRONZE_DAG.py
[2026-06-13T00:34:40.051+0000] {processor.py:839} INFO - DAG(s) dict_keys(['daily_vulnerability_ingestion']) retrieved from /opt/airflow/dags/S3_UPLOAD_BRONZE_DAG.py
[2026-06-13T00:34:40.070+0000] {logging_mixin.py:154} INFO - [2026-06-13T00:34:40.070+0000] {dag.py:2941} INFO - Sync 1 DAGs
[2026-06-13T00:34:40.085+0000] {logging_mixin.py:154} INFO - [2026-06-13T00:34:40.085+0000] {dag.py:3722} INFO - Setting next_dagrun for daily_vulnerability_ingestion to 2026-06-12T14:52:05.384041+00:00, run_after=2026-06-13T14:52:05.384041+00:00
[2026-06-13T00:34:40.098+0000] {processor.py:179} INFO - Processing /opt/airflow/dags/S3_UPLOAD_BRONZE_DAG.py took 0.077 seconds
[2026-06-13T00:35:10.198+0000] {processor.py:157} INFO - Started process (PID=9406) to work on /opt/airflow/dags/S3_UPLOAD_BRONZE_DAG.py
[2026-06-13T00:35:10.199+0000] {processor.py:829} INFO - Processing file /opt/airflow/dags/S3_UPLOAD_BRONZE_DAG.py for tasks to queue
[2026-06-13T00:35:10.199+0000] {logging_mixin.py:154} INFO - [2026-06-13T00:35:10.199+0000] {dagbag.py:536} INFO - Filling up the DagBag from /opt/airflow/dags/S3_UPLOAD_BRONZE_DAG.py
[2026-06-13T00:35:10.215+0000] {processor.py:839} INFO - DAG(s) dict_keys(['daily_vulnerability_ingestion']) retrieved from /opt/airflow/dags/S3_UPLOAD_BRONZE_DAG.py
[2026-06-13T00:35:10.234+0000] {logging_mixin.py:154} INFO - [2026-06-13T00:35:10.234+0000] {dag.py:2941} INFO - Sync 1 DAGs
[2026-06-13T00:35:10.251+0000] {logging_mixin.py:154} INFO - [2026-06-13T00:35:10.251+0000] {dag.py:3722} INFO - Setting next_dagrun for daily_vulnerability_ingestion to 2026-06-12T14:52:05.384041+00:00, run_after=2026-06-13T14:52:05.384041+00:00
[2026-06-13T00:35:10.264+0000] {processor.py:179} INFO - Processing /opt/airflow/dags/S3_UPLOAD_BRONZE_DAG.py took 0.071 seconds
[2026-06-13T00:35:40.418+0000] {processor.py:157} INFO - Started process (PID=9411) to work on /opt/airflow/dags/S3_UPLOAD_BRONZE_DAG.py
[2026-06-13T00:35:40.426+0000] {processor.py:829} INFO - Processing file /opt/airflow/dags/S3_UPLOAD_BRONZE_DAG.py for tasks to queue
[2026-06-13T00:35:40.427+0000] {logging_mixin.py:154} INFO - [2026-06-13T00:35:40.427+0000] {dagbag.py:536} INFO - Filling up the DagBag from /opt/airflow/dags/S3_UPLOAD_BRONZE_DAG.py
[2026-06-13T00:35:40.442+0000] {processor.py:839} INFO - DAG(s) dict_keys(['daily_vulnerability_ingestion']) retrieved from /opt/airflow/dags/S3_UPLOAD_BRONZE_DAG.py
[2026-06-13T00:35:40.464+0000] {logging_mixin.py:154} INFO - [2026-06-13T00:35:40.463+0000] {dag.py:2941} INFO - Sync 1 DAGs
[2026-06-13T00:35:40.481+0000] {logging_mixin.py:154} INFO - [2026-06-13T00:35:40.481+0000] {dag.py:3722} INFO - Setting next_dagrun for daily_vulnerability_ingestion to 2026-06-12T14:52:05.384041+00:00, run_after=2026-06-13T14:52:05.384041+00:00
[2026-06-13T00:35:40.494+0000] {processor.py:179} INFO - Processing /opt/airflow/dags/S3_UPLOAD_BRONZE_DAG.py took 0.080 seconds
[2026-06-13T00:36:10.596+0000] {processor.py:157} INFO - Started process (PID=9416) to work on /opt/airflow/dags/S3_UPLOAD_BRONZE_DAG.py
[2026-06-13T00:36:10.597+0000] {processor.py:829} INFO - Processing file /opt/airflow/dags/S3_UPLOAD_BRONZE_DAG.py for tasks to queue
[2026-06-13T00:36:10.597+0000] {logging_mixin.py:154} INFO - [2026-06-13T00:36:10.597+0000] {dagbag.py:536} INFO - Filling up the DagBag from /opt/airflow/dags/S3_UPLOAD_BRONZE_DAG.py
[2026-06-13T00:36:10.611+0000] {processor.py:839} INFO - DAG(s) dict_keys(['daily_vulnerability_ingestion']) retrieved from /opt/airflow/dags/S3_UPLOAD_BRONZE_DAG.py
[2026-06-13T00:36:10.632+0000] {logging_mixin.py:154} INFO - [2026-06-13T00:36:10.632+0000] {dag.py:2941} INFO - Sync 1 DAGs
[2026-06-13T00:36:10.649+0000] {logging_mixin.py:154} INFO - [2026-06-13T00:36:10.648+0000] {dag.py:3722} INFO - Setting next_dagrun for daily_vulnerability_ingestion to 2026-06-12T14:52:05.384041+00:00, run_after=2026-06-13T14:52:05.384041+00:00
[2026-06-13T00:36:10.661+0000] {processor.py:179} INFO - Processing /opt/airflow/dags/S3_UPLOAD_BRONZE_DAG.py took 0.068 seconds
[2026-06-13T00:36:40.856+0000] {processor.py:157} INFO - Started process (PID=9421) to work on /opt/airflow/dags/S3_UPLOAD_BRONZE_DAG.py
[2026-06-13T00:36:40.865+0000] {processor.py:829} INFO - Processing file /opt/airflow/dags/S3_UPLOAD_BRONZE_DAG.py for tasks to queue
[2026-06-13T00:36:40.865+0000] {logging_mixin.py:154} INFO - [2026-06-13T00:36:40.865+0000] {dagbag.py:536} INFO - Filling up the DagBag from /opt/airflow/dags/S3_UPLOAD_BRONZE_DAG.py
[2026-06-13T00:36:40.880+0000] {processor.py:839} INFO - DAG(s) dict_keys(['daily_vulnerability_ingestion']) retrieved from /opt/airflow/dags/S3_UPLOAD_BRONZE_DAG.py
[2026-06-13T00:36:40.902+0000] {logging_mixin.py:154} INFO - [2026-06-13T00:36:40.902+0000] {dag.py:2941} INFO - Sync 1 DAGs
[2026-06-13T00:36:40.917+0000] {logging_mixin.py:154} INFO - [2026-06-13T00:36:40.917+0000] {dag.py:3722} INFO - Setting next_dagrun for daily_vulnerability_ingestion to 2026-06-12T14:52:05.384041+00:00, run_after=2026-06-13T14:52:05.384041+00:00
[2026-06-13T00:36:40.931+0000] {processor.py:179} INFO - Processing /opt/airflow/dags/S3_UPLOAD_BRONZE_DAG.py took 0.079 seconds
[2026-06-13T00:37:11.034+0000] {processor.py:157} INFO - Started process (PID=9426) to work on /opt/airflow/dags/S3_UPLOAD_BRONZE_DAG.py
[2026-06-13T00:37:11.035+0000] {processor.py:829} INFO - Processing file /opt/airflow/dags/S3_UPLOAD_BRONZE_DAG.py for tasks to queue
[2026-06-13T00:37:11.036+0000] {logging_mixin.py:154} INFO - [2026-06-13T00:37:11.036+0000] {dagbag.py:536} INFO - Filling up the DagBag from /opt/airflow/dags/S3_UPLOAD_BRONZE_DAG.py
[2026-06-13T00:37:11.051+0000] {processor.py:839} INFO - DAG(s) dict_keys(['daily_vulnerability_ingestion']) retrieved from /opt/airflow/dags/S3_UPLOAD_BRONZE_DAG.py
[2026-06-13T00:37:11.072+0000] {logging_mixin.py:154} INFO - [2026-06-13T00:37:11.072+0000] {dag.py:2941} INFO - Sync 1 DAGs
[2026-06-13T00:37:11.089+0000] {logging_mixin.py:154} INFO - [2026-06-13T00:37:11.089+0000] {dag.py:3722} INFO - Setting next_dagrun for daily_vulnerability_ingestion to 2026-06-12T14:52:05.384041+00:00, run_after=2026-06-13T14:52:05.384041+00:00
[2026-06-13T00:37:11.101+0000] {processor.py:179} INFO - Processing /opt/airflow/dags/S3_UPLOAD_BRONZE_DAG.py took 0.070 seconds
[2026-06-13T00:37:41.253+0000] {processor.py:157} INFO - Started process (PID=9431) to work on /opt/airflow/dags/S3_UPLOAD_BRONZE_DAG.py
[2026-06-13T00:37:41.262+0000] {processor.py:829} INFO - Processing file /opt/airflow/dags/S3_UPLOAD_BRONZE_DAG.py for tasks to queue
[2026-06-13T00:37:41.263+0000] {logging_mixin.py:154} INFO - [2026-06-13T00:37:41.263+0000] {dagbag.py:536} INFO - Filling up the DagBag from /opt/airflow/dags/S3_UPLOAD_BRONZE_DAG.py
[2026-06-13T00:37:41.280+0000] {processor.py:839} INFO - DAG(s) dict_keys(['daily_vulnerability_ingestion']) retrieved from /opt/airflow/dags/S3_UPLOAD_BRONZE_DAG.py
[2026-06-13T00:37:41.300+0000] {logging_mixin.py:154} INFO - [2026-06-13T00:37:41.300+0000] {dag.py:2941} INFO - Sync 1 DAGs
[2026-06-13T00:37:41.318+0000] {logging_mixin.py:154} INFO - [2026-06-13T00:37:41.318+0000] {dag.py:3722} INFO - Setting next_dagrun for daily_vulnerability_ingestion to 2026-06-12T14:52:05.384041+00:00, run_after=2026-06-13T14:52:05.384041+00:00
[2026-06-13T00:37:41.330+0000] {processor.py:179} INFO - Processing /opt/airflow/dags/S3_UPLOAD_BRONZE_DAG.py took 0.082 seconds
[2026-06-13T00:38:11.462+0000] {processor.py:157} INFO - Started process (PID=9436) to work on /opt/airflow/dags/S3_UPLOAD_BRONZE_DAG.py
[2026-06-13T00:38:11.464+0000] {processor.py:829} INFO - Processing file /opt/airflow/dags/S3_UPLOAD_BRONZE_DAG.py for tasks to queue
[2026-06-13T00:38:11.465+0000] {logging_mixin.py:154} INFO - [2026-06-13T00:38:11.464+0000] {dagbag.py:536} INFO - Filling up the DagBag from /opt/airflow/dags/S3_UPLOAD_BRONZE_DAG.py
[2026-06-13T00:38:11.482+0000] {processor.py:839} INFO - DAG(s) dict_keys(['daily_vulnerability_ingestion']) retrieved from /opt/airflow/dags/S3_UPLOAD_BRONZE_DAG.py
[2026-06-13T00:38:11.501+0000] {logging_mixin.py:154} INFO - [2026-06-13T00:38:11.501+0000] {dag.py:2941} INFO - Sync 1 DAGs
[2026-06-13T00:38:11.516+0000] {logging_mixin.py:154} INFO - [2026-06-13T00:38:11.516+0000] {dag.py:3722} INFO - Setting next_dagrun for daily_vulnerability_ingestion to 2026-06-12T14:52:05.384041+00:00, run_after=2026-06-13T14:52:05.384041+00:00
[2026-06-13T00:38:11.528+0000] {processor.py:179} INFO - Processing /opt/airflow/dags/S3_UPLOAD_BRONZE_DAG.py took 0.073 seconds
[2026-06-13T00:38:41.681+0000] {processor.py:157} INFO - Started process (PID=9441) to work on /opt/airflow/dags/S3_UPLOAD_BRONZE_DAG.py
[2026-06-13T00:38:41.690+0000] {processor.py:829} INFO - Processing file /opt/airflow/dags/S3_UPLOAD_BRONZE_DAG.py for tasks to queue
[2026-06-13T00:38:41.691+0000] {logging_mixin.py:154} INFO - [2026-06-13T00:38:41.691+0000] {dagbag.py:536} INFO - Filling up the DagBag from /opt/airflow/dags/S3_UPLOAD_BRONZE_DAG.py
[2026-06-13T00:38:41.709+0000] {processor.py:839} INFO - DAG(s) dict_keys(['daily_vulnerability_ingestion']) retrieved from /opt/airflow/dags/S3_UPLOAD_BRONZE_DAG.py
[2026-06-13T00:38:41.729+0000] {logging_mixin.py:154} INFO - [2026-06-13T00:38:41.729+0000] {dag.py:2941} INFO - Sync 1 DAGs
[2026-06-13T00:38:41.745+0000] {logging_mixin.py:154} INFO - [2026-06-13T00:38:41.745+0000] {dag.py:3722} INFO - Setting next_dagrun for daily_vulnerability_ingestion to 2026-06-12T14:52:05.384041+00:00, run_after=2026-06-13T14:52:05.384041+00:00
[2026-06-13T00:38:41.757+0000] {processor.py:179} INFO - Processing /opt/airflow/dags/S3_UPLOAD_BRONZE_DAG.py took 0.082 seconds
[2026-06-13T00:39:11.897+0000] {processor.py:157} INFO - Started process (PID=9446) to work on /opt/airflow/dags/S3_UPLOAD_BRONZE_DAG.py
[2026-06-13T00:39:11.897+0000] {processor.py:829} INFO - Processing file /opt/airflow/dags/S3_UPLOAD_BRONZE_DAG.py for tasks to queue
[2026-06-13T00:39:11.898+0000] {logging_mixin.py:154} INFO - [2026-06-13T00:39:11.898+0000] {dagbag.py:536} INFO - Filling up the DagBag from /opt/airflow/dags/S3_UPLOAD_BRONZE_DAG.py
[2026-06-13T00:39:11.912+0000] {processor.py:839} INFO - DAG(s) dict_keys(['daily_vulnerability_ingestion']) retrieved from /opt/airflow/dags/S3_UPLOAD_BRONZE_DAG.py
[2026-06-13T00:39:11.932+0000] {logging_mixin.py:154} INFO - [2026-06-13T00:39:11.932+0000] {dag.py:2941} INFO - Sync 1 DAGs
[2026-06-13T00:39:11.947+0000] {logging_mixin.py:154} INFO - [2026-06-13T00:39:11.947+0000] {dag.py:3722} INFO - Setting next_dagrun for daily_vulnerability_ingestion to 2026-06-12T14:52:05.384041+00:00, run_after=2026-06-13T14:52:05.384041+00:00
[2026-06-13T00:39:11.960+0000] {processor.py:179} INFO - Processing /opt/airflow/dags/S3_UPLOAD_BRONZE_DAG.py took 0.068 seconds
[2026-06-13T00:39:42.099+0000] {processor.py:157} INFO - Started process (PID=9451) to work on /opt/airflow/dags/S3_UPLOAD_BRONZE_DAG.py
[2026-06-13T00:39:42.108+0000] {processor.py:829} INFO - Processing file /opt/airflow/dags/S3_UPLOAD_BRONZE_DAG.py for tasks to queue
[2026-06-13T00:39:42.109+0000] {logging_mixin.py:154} INFO - [2026-06-13T00:39:42.108+0000] {dagbag.py:536} INFO - Filling up the DagBag from /opt/airflow/dags/S3_UPLOAD_BRONZE_DAG.py
[2026-06-13T00:39:42.126+0000] {processor.py:839} INFO - DAG(s) dict_keys(['daily_vulnerability_ingestion']) retrieved from /opt/airflow/dags/S3_UPLOAD_BRONZE_DAG.py
[2026-06-13T00:39:42.147+0000] {logging_mixin.py:154} INFO - [2026-06-13T00:39:42.147+0000] {dag.py:2941} INFO - Sync 1 DAGs
[2026-06-13T00:39:42.162+0000] {logging_mixin.py:154} INFO - [2026-06-13T00:39:42.162+0000] {dag.py:3722} INFO - Setting next_dagrun for daily_vulnerability_ingestion to 2026-06-12T14:52:05.384041+00:00, run_after=2026-06-13T14:52:05.384041+00:00
[2026-06-13T00:39:42.174+0000] {processor.py:179} INFO - Processing /opt/airflow/dags/S3_UPLOAD_BRONZE_DAG.py took 0.080 seconds
[2026-06-13T00:40:12.277+0000] {processor.py:157} INFO - Started process (PID=9456) to work on /opt/airflow/dags/S3_UPLOAD_BRONZE_DAG.py
[2026-06-13T00:40:12.278+0000] {processor.py:829} INFO - Processing file /opt/airflow/dags/S3_UPLOAD_BRONZE_DAG.py for tasks to queue
[2026-06-13T00:40:12.279+0000] {logging_mixin.py:154} INFO - [2026-06-13T00:40:12.278+0000] {dagbag.py:536} INFO - Filling up the DagBag from /opt/airflow/dags/S3_UPLOAD_BRONZE_DAG.py
[2026-06-13T00:40:12.298+0000] {processor.py:839} INFO - DAG(s) dict_keys(['daily_vulnerability_ingestion']) retrieved from /opt/airflow/dags/S3_UPLOAD_BRONZE_DAG.py
[2026-06-13T00:40:12.320+0000] {logging_mixin.py:154} INFO - [2026-06-13T00:40:12.319+0000] {dag.py:2941} INFO - Sync 1 DAGs
[2026-06-13T00:40:12.336+0000] {logging_mixin.py:154} INFO - [2026-06-13T00:40:12.336+0000] {dag.py:3722} INFO - Setting next_dagrun for daily_vulnerability_ingestion to 2026-06-12T14:52:05.384041+00:00, run_after=2026-06-13T14:52:05.384041+00:00
[2026-06-13T00:40:12.350+0000] {processor.py:179} INFO - Processing /opt/airflow/dags/S3_UPLOAD_BRONZE_DAG.py took 0.077 seconds
[2026-06-13T00:40:42.508+0000] {processor.py:157} INFO - Started process (PID=9461) to work on /opt/airflow/dags/S3_UPLOAD_BRONZE_DAG.py
[2026-06-13T00:40:42.517+0000] {processor.py:829} INFO - Processing file /opt/airflow/dags/S3_UPLOAD_BRONZE_DAG.py for tasks to queue
[2026-06-13T00:40:42.518+0000] {logging_mixin.py:154} INFO - [2026-06-13T00:40:42.517+0000] {dagbag.py:536} INFO - Filling up the DagBag from /opt/airflow/dags/S3_UPLOAD_BRONZE_DAG.py
[2026-06-13T00:40:42.534+0000] {processor.py:839} INFO - DAG(s) dict_keys(['daily_vulnerability_ingestion']) retrieved from /opt/airflow/dags/S3_UPLOAD_BRONZE_DAG.py
[2026-06-13T00:40:42.560+0000] {logging_mixin.py:154} INFO - [2026-06-13T00:40:42.560+0000] {dag.py:2941} INFO - Sync 1 DAGs
[2026-06-13T00:40:42.579+0000] {logging_mixin.py:154} INFO - [2026-06-13T00:40:42.579+0000] {dag.py:3722} INFO - Setting next_dagrun for daily_vulnerability_ingestion to 2026-06-12T14:52:05.384041+00:00, run_after=2026-06-13T14:52:05.384041+00:00
[2026-06-13T00:40:42.592+0000] {processor.py:179} INFO - Processing /opt/airflow/dags/S3_UPLOAD_BRONZE_DAG.py took 0.088 seconds
[2026-06-13T00:41:12.703+0000] {processor.py:157} INFO - Started process (PID=9466) to work on /opt/airflow/dags/S3_UPLOAD_BRONZE_DAG.py
[2026-06-13T00:41:12.704+0000] {processor.py:829} INFO - Processing file /opt/airflow/dags/S3_UPLOAD_BRONZE_DAG.py for tasks to queue
[2026-06-13T00:41:12.705+0000] {logging_mixin.py:154} INFO - [2026-06-13T00:41:12.705+0000] {dagbag.py:536} INFO - Filling up the DagBag from /opt/airflow/dags/S3_UPLOAD_BRONZE_DAG.py
[2026-06-13T00:41:12.719+0000] {processor.py:839} INFO - DAG(s) dict_keys(['daily_vulnerability_ingestion']) retrieved from /opt/airflow/dags/S3_UPLOAD_BRONZE_DAG.py
[2026-06-13T00:41:12.740+0000] {logging_mixin.py:154} INFO - [2026-06-13T00:41:12.740+0000] {dag.py:2941} INFO - Sync 1 DAGs
[2026-06-13T00:41:12.757+0000] {logging_mixin.py:154} INFO - [2026-06-13T00:41:12.757+0000] {dag.py:3722} INFO - Setting next_dagrun for daily_vulnerability_ingestion to 2026-06-12T14:52:05.384041+00:00, run_after=2026-06-13T14:52:05.384041+00:00
[2026-06-13T00:41:12.770+0000] {processor.py:179} INFO - Processing /opt/airflow/dags/S3_UPLOAD_BRONZE_DAG.py took 0.071 seconds
[2026-06-13T00:41:42.935+0000] {processor.py:157} INFO - Started process (PID=9471) to work on /opt/airflow/dags/S3_UPLOAD_BRONZE_DAG.py
[2026-06-13T00:41:42.944+0000] {processor.py:829} INFO - Processing file /opt/airflow/dags/S3_UPLOAD_BRONZE_DAG.py for tasks to queue
[2026-06-13T00:41:42.945+0000] {logging_mixin.py:154} INFO - [2026-06-13T00:41:42.945+0000] {dagbag.py:536} INFO - Filling up the DagBag from /opt/airflow/dags/S3_UPLOAD_BRONZE_DAG.py
[2026-06-13T00:41:42.957+0000] {processor.py:839} INFO - DAG(s) dict_keys(['daily_vulnerability_ingestion']) retrieved from /opt/airflow/dags/S3_UPLOAD_BRONZE_DAG.py
[2026-06-13T00:41:42.977+0000] {logging_mixin.py:154} INFO - [2026-06-13T00:41:42.977+0000] {dag.py:2941} INFO - Sync 1 DAGs
[2026-06-13T00:41:42.996+0000] {logging_mixin.py:154} INFO - [2026-06-13T00:41:42.995+0000] {dag.py:3722} INFO - Setting next_dagrun for daily_vulnerability_ingestion to 2026-06-12T14:52:05.384041+00:00, run_after=2026-06-13T14:52:05.384041+00:00
[2026-06-13T00:41:43.010+0000] {processor.py:179} INFO - Processing /opt/airflow/dags/S3_UPLOAD_BRONZE_DAG.py took 0.079 seconds
[2026-06-13T00:42:13.102+0000] {processor.py:157} INFO - Started process (PID=9476) to work on /opt/airflow/dags/S3_UPLOAD_BRONZE_DAG.py
[2026-06-13T00:42:13.102+0000] {processor.py:829} INFO - Processing file /opt/airflow/dags/S3_UPLOAD_BRONZE_DAG.py for tasks to queue
[2026-06-13T00:42:13.103+0000] {logging_mixin.py:154} INFO - [2026-06-13T00:42:13.103+0000] {dagbag.py:536} INFO - Filling up the DagBag from /opt/airflow/dags/S3_UPLOAD_BRONZE_DAG.py
[2026-06-13T00:42:13.120+0000] {processor.py:839} INFO - DAG(s) dict_keys(['daily_vulnerability_ingestion']) retrieved from /opt/airflow/dags/S3_UPLOAD_BRONZE_DAG.py
[2026-06-13T00:42:13.140+0000] {logging_mixin.py:154} INFO - [2026-06-13T00:42:13.139+0000] {dag.py:2941} INFO - Sync 1 DAGs
[2026-06-13T00:42:13.156+0000] {logging_mixin.py:154} INFO - [2026-06-13T00:42:13.156+0000] {dag.py:3722} INFO - Setting next_dagrun for daily_vulnerability_ingestion to 2026-06-12T14:52:05.384041+00:00, run_after=2026-06-13T14:52:05.384041+00:00
[2026-06-13T00:42:13.168+0000] {processor.py:179} INFO - Processing /opt/airflow/dags/S3_UPLOAD_BRONZE_DAG.py took 0.070 seconds
[2026-06-13T00:42:43.341+0000] {processor.py:157} INFO - Started process (PID=9481) to work on /opt/airflow/dags/S3_UPLOAD_BRONZE_DAG.py
[2026-06-13T00:42:43.351+0000] {processor.py:829} INFO - Processing file /opt/airflow/dags/S3_UPLOAD_BRONZE_DAG.py for tasks to queue
[2026-06-13T00:42:43.352+0000] {logging_mixin.py:154} INFO - [2026-06-13T00:42:43.352+0000] {dagbag.py:536} INFO - Filling up the DagBag from /opt/airflow/dags/S3_UPLOAD_BRONZE_DAG.py
[2026-06-13T00:42:43.378+0000] {processor.py:839} INFO - DAG(s) dict_keys(['daily_vulnerability_ingestion']) retrieved from /opt/airflow/dags/S3_UPLOAD_BRONZE_DAG.py
[2026-06-13T00:42:43.397+0000] {logging_mixin.py:154} INFO - [2026-06-13T00:42:43.397+0000] {dag.py:2941} INFO - Sync 1 DAGs
[2026-06-13T00:42:43.412+0000] {logging_mixin.py:154} INFO - [2026-06-13T00:42:43.412+0000] {dag.py:3722} INFO - Setting next_dagrun for daily_vulnerability_ingestion to 2026-06-12T14:52:05.384041+00:00, run_after=2026-06-13T14:52:05.384041+00:00
[2026-06-13T00:42:43.426+0000] {processor.py:179} INFO - Processing /opt/airflow/dags/S3_UPLOAD_BRONZE_DAG.py took 0.088 seconds
[2026-06-13T00:43:13.517+0000] {processor.py:157} INFO - Started process (PID=9486) to work on /opt/airflow/dags/S3_UPLOAD_BRONZE_DAG.py
[2026-06-13T00:43:13.518+0000] {processor.py:829} INFO - Processing file /opt/airflow/dags/S3_UPLOAD_BRONZE_DAG.py for tasks to queue
[2026-06-13T00:43:13.519+0000] {logging_mixin.py:154} INFO - [2026-06-13T00:43:13.519+0000] {dagbag.py:536} INFO - Filling up the DagBag from /opt/airflow/dags/S3_UPLOAD_BRONZE_DAG.py
[2026-06-13T00:43:13.533+0000] {processor.py:839} INFO - DAG(s) dict_keys(['daily_vulnerability_ingestion']) retrieved from /opt/airflow/dags/S3_UPLOAD_BRONZE_DAG.py
[2026-06-13T00:43:13.552+0000] {logging_mixin.py:154} INFO - [2026-06-13T00:43:13.552+0000] {dag.py:2941} INFO - Sync 1 DAGs
[2026-06-13T00:43:13.568+0000] {logging_mixin.py:154} INFO - [2026-06-13T00:43:13.568+0000] {dag.py:3722} INFO - Setting next_dagrun for daily_vulnerability_ingestion to 2026-06-12T14:52:05.384041+00:00, run_after=2026-06-13T14:52:05.384041+00:00
[2026-06-13T00:43:13.581+0000] {processor.py:179} INFO - Processing /opt/airflow/dags/S3_UPLOAD_BRONZE_DAG.py took 0.068 seconds
[2026-06-13T00:43:43.769+0000] {processor.py:157} INFO - Started process (PID=9491) to work on /opt/airflow/dags/S3_UPLOAD_BRONZE_DAG.py
[2026-06-13T00:43:43.770+0000] {processor.py:829} INFO - Processing file /opt/airflow/dags/S3_UPLOAD_BRONZE_DAG.py for tasks to queue
[2026-06-13T00:43:43.771+0000] {logging_mixin.py:154} INFO - [2026-06-13T00:43:43.770+0000] {dagbag.py:536} INFO - Filling up the DagBag from /opt/airflow/dags/S3_UPLOAD_BRONZE_DAG.py
[2026-06-13T00:43:43.785+0000] {processor.py:839} INFO - DAG(s) dict_keys(['daily_vulnerability_ingestion']) retrieved from /opt/airflow/dags/S3_UPLOAD_BRONZE_DAG.py
[2026-06-13T00:43:43.804+0000] {logging_mixin.py:154} INFO - [2026-06-13T00:43:43.804+0000] {dag.py:2941} INFO - Sync 1 DAGs
[2026-06-13T00:43:43.820+0000] {logging_mixin.py:154} INFO - [2026-06-13T00:43:43.820+0000] {dag.py:3722} INFO - Setting next_dagrun for daily_vulnerability_ingestion to 2026-06-12T14:52:05.384041+00:00, run_after=2026-06-13T14:52:05.384041+00:00
[2026-06-13T00:43:43.831+0000] {processor.py:179} INFO - Processing /opt/airflow/dags/S3_UPLOAD_BRONZE_DAG.py took 0.066 seconds
[2026-06-13T00:44:13.966+0000] {processor.py:157} INFO - Started process (PID=9496) to work on /opt/airflow/dags/S3_UPLOAD_BRONZE_DAG.py
[2026-06-13T00:44:13.967+0000] {processor.py:829} INFO - Processing file /opt/airflow/dags/S3_UPLOAD_BRONZE_DAG.py for tasks to queue
[2026-06-13T00:44:13.969+0000] {logging_mixin.py:154} INFO - [2026-06-13T00:44:13.968+0000] {dagbag.py:536} INFO - Filling up the DagBag from /opt/airflow/dags/S3_UPLOAD_BRONZE_DAG.py
[2026-06-13T00:44:13.985+0000] {processor.py:839} INFO - DAG(s) dict_keys(['daily_vulnerability_ingestion']) retrieved from /opt/airflow/dags/S3_UPLOAD_BRONZE_DAG.py
[2026-06-13T00:44:14.005+0000] {logging_mixin.py:154} INFO - [2026-06-13T00:44:14.005+0000] {dag.py:2941} INFO - Sync 1 DAGs
[2026-06-13T00:44:14.021+0000] {logging_mixin.py:154} INFO - [2026-06-13T00:44:14.021+0000] {dag.py:3722} INFO - Setting next_dagrun for daily_vulnerability_ingestion to 2026-06-12T14:52:05.384041+00:00, run_after=2026-06-13T14:52:05.384041+00:00
[2026-06-13T00:44:14.033+0000] {processor.py:179} INFO - Processing /opt/airflow/dags/S3_UPLOAD_BRONZE_DAG.py took 0.073 seconds
[2026-06-13T00:44:44.142+0000] {processor.py:157} INFO - Started process (PID=9501) to work on /opt/airflow/dags/S3_UPLOAD_BRONZE_DAG.py
[2026-06-13T00:44:44.151+0000] {processor.py:829} INFO - Processing file /opt/airflow/dags/S3_UPLOAD_BRONZE_DAG.py for tasks to queue
[2026-06-13T00:44:44.151+0000] {logging_mixin.py:154} INFO - [2026-06-13T00:44:44.151+0000] {dagbag.py:536} INFO - Filling up the DagBag from /opt/airflow/dags/S3_UPLOAD_BRONZE_DAG.py
[2026-06-13T00:44:44.165+0000] {processor.py:839} INFO - DAG(s) dict_keys(['daily_vulnerability_ingestion']) retrieved from /opt/airflow/dags/S3_UPLOAD_BRONZE_DAG.py
[2026-06-13T00:44:44.184+0000] {logging_mixin.py:154} INFO - [2026-06-13T00:44:44.184+0000] {dag.py:2941} INFO - Sync 1 DAGs
[2026-06-13T00:44:44.200+0000] {logging_mixin.py:154} INFO - [2026-06-13T00:44:44.200+0000] {dag.py:3722} INFO - Setting next_dagrun for daily_vulnerability_ingestion to 2026-06-12T14:52:05.384041+00:00, run_after=2026-06-13T14:52:05.384041+00:00
[2026-06-13T00:44:44.212+0000] {processor.py:179} INFO - Processing /opt/airflow/dags/S3_UPLOAD_BRONZE_DAG.py took 0.074 seconds
[2026-06-13T00:45:14.352+0000] {processor.py:157} INFO - Started process (PID=9506) to work on /opt/airflow/dags/S3_UPLOAD_BRONZE_DAG.py
[2026-06-13T00:45:14.353+0000] {processor.py:829} INFO - Processing file /opt/airflow/dags/S3_UPLOAD_BRONZE_DAG.py for tasks to queue
[2026-06-13T00:45:14.354+0000] {logging_mixin.py:154} INFO - [2026-06-13T00:45:14.354+0000] {dagbag.py:536} INFO - Filling up the DagBag from /opt/airflow/dags/S3_UPLOAD_BRONZE_DAG.py
[2026-06-13T00:45:14.370+0000] {processor.py:839} INFO - DAG(s) dict_keys(['daily_vulnerability_ingestion']) retrieved from /opt/airflow/dags/S3_UPLOAD_BRONZE_DAG.py
[2026-06-13T00:45:14.389+0000] {logging_mixin.py:154} INFO - [2026-06-13T00:45:14.389+0000] {dag.py:2941} INFO - Sync 1 DAGs
[2026-06-13T00:45:14.405+0000] {logging_mixin.py:154} INFO - [2026-06-13T00:45:14.404+0000] {dag.py:3722} INFO - Setting next_dagrun for daily_vulnerability_ingestion to 2026-06-12T14:52:05.384041+00:00, run_after=2026-06-13T14:52:05.384041+00:00
[2026-06-13T00:45:14.415+0000] {processor.py:179} INFO - Processing /opt/airflow/dags/S3_UPLOAD_BRONZE_DAG.py took 0.067 seconds
[2026-06-13T00:45:44.543+0000] {processor.py:157} INFO - Started process (PID=9511) to work on /opt/airflow/dags/S3_UPLOAD_BRONZE_DAG.py
[2026-06-13T00:45:44.552+0000] {processor.py:829} INFO - Processing file /opt/airflow/dags/S3_UPLOAD_BRONZE_DAG.py for tasks to queue
[2026-06-13T00:45:44.554+0000] {logging_mixin.py:154} INFO - [2026-06-13T00:45:44.553+0000] {dagbag.py:536} INFO - Filling up the DagBag from /opt/airflow/dags/S3_UPLOAD_BRONZE_DAG.py
[2026-06-13T00:45:44.574+0000] {processor.py:839} INFO - DAG(s) dict_keys(['daily_vulnerability_ingestion']) retrieved from /opt/airflow/dags/S3_UPLOAD_BRONZE_DAG.py
[2026-06-13T00:45:44.595+0000] {logging_mixin.py:154} INFO - [2026-06-13T00:45:44.595+0000] {dag.py:2941} INFO - Sync 1 DAGs
[2026-06-13T00:45:44.610+0000] {logging_mixin.py:154} INFO - [2026-06-13T00:45:44.610+0000] {dag.py:3722} INFO - Setting next_dagrun for daily_vulnerability_ingestion to 2026-06-12T14:52:05.384041+00:00, run_after=2026-06-13T14:52:05.384041+00:00
[2026-06-13T00:45:44.623+0000] {processor.py:179} INFO - Processing /opt/airflow/dags/S3_UPLOAD_BRONZE_DAG.py took 0.085 seconds
[2026-06-13T00:46:14.739+0000] {processor.py:157} INFO - Started process (PID=9516) to work on /opt/airflow/dags/S3_UPLOAD_BRONZE_DAG.py
[2026-06-13T00:46:14.740+0000] {processor.py:829} INFO - Processing file /opt/airflow/dags/S3_UPLOAD_BRONZE_DAG.py for tasks to queue
[2026-06-13T00:46:14.741+0000] {logging_mixin.py:154} INFO - [2026-06-13T00:46:14.740+0000] {dagbag.py:536} INFO - Filling up the DagBag from /opt/airflow/dags/S3_UPLOAD_BRONZE_DAG.py
[2026-06-13T00:46:14.759+0000] {processor.py:839} INFO - DAG(s) dict_keys(['daily_vulnerability_ingestion']) retrieved from /opt/airflow/dags/S3_UPLOAD_BRONZE_DAG.py
[2026-06-13T00:46:14.781+0000] {logging_mixin.py:154} INFO - [2026-06-13T00:46:14.781+0000] {dag.py:2941} INFO - Sync 1 DAGs
[2026-06-13T00:46:14.796+0000] {logging_mixin.py:154} INFO - [2026-06-13T00:46:14.796+0000] {dag.py:3722} INFO - Setting next_dagrun for daily_vulnerability_ingestion to 2026-06-12T14:52:05.384041+00:00, run_after=2026-06-13T14:52:05.384041+00:00
[2026-06-13T00:46:14.810+0000] {processor.py:179} INFO - Processing /opt/airflow/dags/S3_UPLOAD_BRONZE_DAG.py took 0.075 seconds
[2026-06-13T00:46:44.943+0000] {processor.py:157} INFO - Started process (PID=9521) to work on /opt/airflow/dags/S3_UPLOAD_BRONZE_DAG.py
[2026-06-13T00:46:44.952+0000] {processor.py:829} INFO - Processing file /opt/airflow/dags/S3_UPLOAD_BRONZE_DAG.py for tasks to queue
[2026-06-13T00:46:44.953+0000] {logging_mixin.py:154} INFO - [2026-06-13T00:46:44.953+0000] {dagbag.py:536} INFO - Filling up the DagBag from /opt/airflow/dags/S3_UPLOAD_BRONZE_DAG.py
[2026-06-13T00:46:44.968+0000] {processor.py:839} INFO - DAG(s) dict_keys(['daily_vulnerability_ingestion']) retrieved from /opt/airflow/dags/S3_UPLOAD_BRONZE_DAG.py
[2026-06-13T00:46:44.989+0000] {logging_mixin.py:154} INFO - [2026-06-13T00:46:44.989+0000] {dag.py:2941} INFO - Sync 1 DAGs
[2026-06-13T00:46:45.005+0000] {logging_mixin.py:154} INFO - [2026-06-13T00:46:45.005+0000] {dag.py:3722} INFO - Setting next_dagrun for daily_vulnerability_ingestion to 2026-06-12T14:52:05.384041+00:00, run_after=2026-06-13T14:52:05.384041+00:00
[2026-06-13T00:46:45.018+0000] {processor.py:179} INFO - Processing /opt/airflow/dags/S3_UPLOAD_BRONZE_DAG.py took 0.078 seconds
[2026-06-13T00:47:15.110+0000] {processor.py:157} INFO - Started process (PID=9526) to work on /opt/airflow/dags/S3_UPLOAD_BRONZE_DAG.py
[2026-06-13T00:47:15.111+0000] {processor.py:829} INFO - Processing file /opt/airflow/dags/S3_UPLOAD_BRONZE_DAG.py for tasks to queue
[2026-06-13T00:47:15.112+0000] {logging_mixin.py:154} INFO - [2026-06-13T00:47:15.111+0000] {dagbag.py:536} INFO - Filling up the DagBag from /opt/airflow/dags/S3_UPLOAD_BRONZE_DAG.py
[2026-06-13T00:47:15.132+0000] {processor.py:839} INFO - DAG(s) dict_keys(['daily_vulnerability_ingestion']) retrieved from /opt/airflow/dags/S3_UPLOAD_BRONZE_DAG.py
[2026-06-13T00:47:15.153+0000] {logging_mixin.py:154} INFO - [2026-06-13T00:47:15.153+0000] {dag.py:2941} INFO - Sync 1 DAGs
[2026-06-13T00:47:15.171+0000] {logging_mixin.py:154} INFO - [2026-06-13T00:47:15.171+0000] {dag.py:3722} INFO - Setting next_dagrun for daily_vulnerability_ingestion to 2026-06-12T14:52:05.384041+00:00, run_after=2026-06-13T14:52:05.384041+00:00
[2026-06-13T00:47:15.201+0000] {processor.py:179} INFO - Processing /opt/airflow/dags/S3_UPLOAD_BRONZE_DAG.py took 0.096 seconds
[2026-06-13T00:47:45.306+0000] {processor.py:157} INFO - Started process (PID=9531) to work on /opt/airflow/dags/S3_UPLOAD_BRONZE_DAG.py
[2026-06-13T00:47:45.307+0000] {processor.py:829} INFO - Processing file /opt/airflow/dags/S3_UPLOAD_BRONZE_DAG.py for tasks to queue
[2026-06-13T00:47:45.308+0000] {logging_mixin.py:154} INFO - [2026-06-13T00:47:45.307+0000] {dagbag.py:536} INFO - Filling up the DagBag from /opt/airflow/dags/S3_UPLOAD_BRONZE_DAG.py
[2026-06-13T00:47:45.320+0000] {processor.py:839} INFO - DAG(s) dict_keys(['daily_vulnerability_ingestion']) retrieved from /opt/airflow/dags/S3_UPLOAD_BRONZE_DAG.py
[2026-06-13T00:47:45.339+0000] {logging_mixin.py:154} INFO - [2026-06-13T00:47:45.339+0000] {dag.py:2941} INFO - Sync 1 DAGs
[2026-06-13T00:47:45.355+0000] {logging_mixin.py:154} INFO - [2026-06-13T00:47:45.355+0000] {dag.py:3722} INFO - Setting next_dagrun for daily_vulnerability_ingestion to 2026-06-12T14:52:05.384041+00:00, run_after=2026-06-13T14:52:05.384041+00:00
[2026-06-13T00:47:45.368+0000] {processor.py:179} INFO - Processing /opt/airflow/dags/S3_UPLOAD_BRONZE_DAG.py took 0.064 seconds
[2026-06-13T00:48:15.515+0000] {processor.py:157} INFO - Started process (PID=9536) to work on /opt/airflow/dags/S3_UPLOAD_BRONZE_DAG.py
[2026-06-13T00:48:15.516+0000] {processor.py:829} INFO - Processing file /opt/airflow/dags/S3_UPLOAD_BRONZE_DAG.py for tasks to queue
[2026-06-13T00:48:15.517+0000] {logging_mixin.py:154} INFO - [2026-06-13T00:48:15.517+0000] {dagbag.py:536} INFO - Filling up the DagBag from /opt/airflow/dags/S3_UPLOAD_BRONZE_DAG.py
[2026-06-13T00:48:15.534+0000] {processor.py:839} INFO - DAG(s) dict_keys(['daily_vulnerability_ingestion']) retrieved from /opt/airflow/dags/S3_UPLOAD_BRONZE_DAG.py
[2026-06-13T00:48:15.552+0000] {logging_mixin.py:154} INFO - [2026-06-13T00:48:15.552+0000] {dag.py:2941} INFO - Sync 1 DAGs
[2026-06-13T00:48:15.568+0000] {logging_mixin.py:154} INFO - [2026-06-13T00:48:15.568+0000] {dag.py:3722} INFO - Setting next_dagrun for daily_vulnerability_ingestion to 2026-06-12T14:52:05.384041+00:00, run_after=2026-06-13T14:52:05.384041+00:00
[2026-06-13T00:48:15.581+0000] {processor.py:179} INFO - Processing /opt/airflow/dags/S3_UPLOAD_BRONZE_DAG.py took 0.070 seconds
[2026-06-13T00:48:45.706+0000] {processor.py:157} INFO - Started process (PID=9541) to work on /opt/airflow/dags/S3_UPLOAD_BRONZE_DAG.py
[2026-06-13T00:48:45.716+0000] {processor.py:829} INFO - Processing file /opt/airflow/dags/S3_UPLOAD_BRONZE_DAG.py for tasks to queue
[2026-06-13T00:48:45.717+0000] {logging_mixin.py:154} INFO - [2026-06-13T00:48:45.716+0000] {dagbag.py:536} INFO - Filling up the DagBag from /opt/airflow/dags/S3_UPLOAD_BRONZE_DAG.py
[2026-06-13T00:48:45.734+0000] {processor.py:839} INFO - DAG(s) dict_keys(['daily_vulnerability_ingestion']) retrieved from /opt/airflow/dags/S3_UPLOAD_BRONZE_DAG.py
[2026-06-13T00:48:45.753+0000] {logging_mixin.py:154} INFO - [2026-06-13T00:48:45.753+0000] {dag.py:2941} INFO - Sync 1 DAGs
[2026-06-13T00:48:45.768+0000] {logging_mixin.py:154} INFO - [2026-06-13T00:48:45.768+0000] {dag.py:3722} INFO - Setting next_dagrun for daily_vulnerability_ingestion to 2026-06-12T14:52:05.384041+00:00, run_after=2026-06-13T14:52:05.384041+00:00
[2026-06-13T00:48:45.781+0000] {processor.py:179} INFO - Processing /opt/airflow/dags/S3_UPLOAD_BRONZE_DAG.py took 0.081 seconds
[2026-06-13T00:49:15.899+0000] {processor.py:157} INFO - Started process (PID=9546) to work on /opt/airflow/dags/S3_UPLOAD_BRONZE_DAG.py
[2026-06-13T00:49:15.899+0000] {processor.py:829} INFO - Processing file /opt/airflow/dags/S3_UPLOAD_BRONZE_DAG.py for tasks to queue
[2026-06-13T00:49:15.900+0000] {logging_mixin.py:154} INFO - [2026-06-13T00:49:15.900+0000] {dagbag.py:536} INFO - Filling up the DagBag from /opt/airflow/dags/S3_UPLOAD_BRONZE_DAG.py
[2026-06-13T00:49:15.913+0000] {processor.py:839} INFO - DAG(s) dict_keys(['daily_vulnerability_ingestion']) retrieved from /opt/airflow/dags/S3_UPLOAD_BRONZE_DAG.py
[2026-06-13T00:49:15.932+0000] {logging_mixin.py:154} INFO - [2026-06-13T00:49:15.932+0000] {dag.py:2941} INFO - Sync 1 DAGs
[2026-06-13T00:49:15.951+0000] {logging_mixin.py:154} INFO - [2026-06-13T00:49:15.951+0000] {dag.py:3722} INFO - Setting next_dagrun for daily_vulnerability_ingestion to 2026-06-12T14:52:05.384041+00:00, run_after=2026-06-13T14:52:05.384041+00:00
[2026-06-13T00:49:15.964+0000] {processor.py:179} INFO - Processing /opt/airflow/dags/S3_UPLOAD_BRONZE_DAG.py took 0.067 seconds
[2026-06-13T00:49:46.133+0000] {processor.py:157} INFO - Started process (PID=9551) to work on /opt/airflow/dags/S3_UPLOAD_BRONZE_DAG.py
[2026-06-13T00:49:46.142+0000] {processor.py:829} INFO - Processing file /opt/airflow/dags/S3_UPLOAD_BRONZE_DAG.py for tasks to queue
[2026-06-13T00:49:46.143+0000] {logging_mixin.py:154} INFO - [2026-06-13T00:49:46.143+0000] {dagbag.py:536} INFO - Filling up the DagBag from /opt/airflow/dags/S3_UPLOAD_BRONZE_DAG.py
[2026-06-13T00:49:46.168+0000] {processor.py:839} INFO - DAG(s) dict_keys(['daily_vulnerability_ingestion']) retrieved from /opt/airflow/dags/S3_UPLOAD_BRONZE_DAG.py
[2026-06-13T00:49:46.189+0000] {logging_mixin.py:154} INFO - [2026-06-13T00:49:46.189+0000] {dag.py:2941} INFO - Sync 1 DAGs
[2026-06-13T00:49:46.206+0000] {logging_mixin.py:154} INFO - [2026-06-13T00:49:46.206+0000] {dag.py:3722} INFO - Setting next_dagrun for daily_vulnerability_ingestion to 2026-06-12T14:52:05.384041+00:00, run_after=2026-06-13T14:52:05.384041+00:00
[2026-06-13T00:49:46.218+0000] {processor.py:179} INFO - Processing /opt/airflow/dags/S3_UPLOAD_BRONZE_DAG.py took 0.090 seconds
[2026-06-13T00:50:16.317+0000] {processor.py:157} INFO - Started process (PID=9556) to work on /opt/airflow/dags/S3_UPLOAD_BRONZE_DAG.py
[2026-06-13T00:50:16.318+0000] {processor.py:829} INFO - Processing file /opt/airflow/dags/S3_UPLOAD_BRONZE_DAG.py for tasks to queue
[2026-06-13T00:50:16.319+0000] {logging_mixin.py:154} INFO - [2026-06-13T00:50:16.318+0000] {dagbag.py:536} INFO - Filling up the DagBag from /opt/airflow/dags/S3_UPLOAD_BRONZE_DAG.py
[2026-06-13T00:50:16.341+0000] {processor.py:839} INFO - DAG(s) dict_keys(['daily_vulnerability_ingestion']) retrieved from /opt/airflow/dags/S3_UPLOAD_BRONZE_DAG.py
[2026-06-13T00:50:16.362+0000] {logging_mixin.py:154} INFO - [2026-06-13T00:50:16.361+0000] {dag.py:2941} INFO - Sync 1 DAGs
[2026-06-13T00:50:16.377+0000] {logging_mixin.py:154} INFO - [2026-06-13T00:50:16.377+0000] {dag.py:3722} INFO - Setting next_dagrun for daily_vulnerability_ingestion to 2026-06-12T14:52:05.384041+00:00, run_after=2026-06-13T14:52:05.384041+00:00
[2026-06-13T00:50:16.390+0000] {processor.py:179} INFO - Processing /opt/airflow/dags/S3_UPLOAD_BRONZE_DAG.py took 0.078 seconds
[2026-06-13T00:50:46.570+0000] {processor.py:157} INFO - Started process (PID=9561) to work on /opt/airflow/dags/S3_UPLOAD_BRONZE_DAG.py
[2026-06-13T00:50:46.579+0000] {processor.py:829} INFO - Processing file /opt/airflow/dags/S3_UPLOAD_BRONZE_DAG.py for tasks to queue
[2026-06-13T00:50:46.580+0000] {logging_mixin.py:154} INFO - [2026-06-13T00:50:46.579+0000] {dagbag.py:536} INFO - Filling up the DagBag from /opt/airflow/dags/S3_UPLOAD_BRONZE_DAG.py
[2026-06-13T00:50:46.598+0000] {processor.py:839} INFO - DAG(s) dict_keys(['daily_vulnerability_ingestion']) retrieved from /opt/airflow/dags/S3_UPLOAD_BRONZE_DAG.py
[2026-06-13T00:50:46.620+0000] {logging_mixin.py:154} INFO - [2026-06-13T00:50:46.620+0000] {dag.py:2941} INFO - Sync 1 DAGs
[2026-06-13T00:50:46.639+0000] {logging_mixin.py:154} INFO - [2026-06-13T00:50:46.639+0000] {dag.py:3722} INFO - Setting next_dagrun for daily_vulnerability_ingestion to 2026-06-12T14:52:05.384041+00:00, run_after=2026-06-13T14:52:05.384041+00:00
[2026-06-13T00:50:46.653+0000] {processor.py:179} INFO - Processing /opt/airflow/dags/S3_UPLOAD_BRONZE_DAG.py took 0.088 seconds
[2026-06-13T00:51:16.761+0000] {processor.py:157} INFO - Started process (PID=9566) to work on /opt/airflow/dags/S3_UPLOAD_BRONZE_DAG.py
[2026-06-13T00:51:16.762+0000] {processor.py:829} INFO - Processing file /opt/airflow/dags/S3_UPLOAD_BRONZE_DAG.py for tasks to queue
[2026-06-13T00:51:16.763+0000] {logging_mixin.py:154} INFO - [2026-06-13T00:51:16.763+0000] {dagbag.py:536} INFO - Filling up the DagBag from /opt/airflow/dags/S3_UPLOAD_BRONZE_DAG.py
[2026-06-13T00:51:16.781+0000] {processor.py:839} INFO - DAG(s) dict_keys(['daily_vulnerability_ingestion']) retrieved from /opt/airflow/dags/S3_UPLOAD_BRONZE_DAG.py
[2026-06-13T00:51:16.801+0000] {logging_mixin.py:154} INFO - [2026-06-13T00:51:16.801+0000] {dag.py:2941} INFO - Sync 1 DAGs
[2026-06-13T00:51:16.819+0000] {logging_mixin.py:154} INFO - [2026-06-13T00:51:16.819+0000] {dag.py:3722} INFO - Setting next_dagrun for daily_vulnerability_ingestion to 2026-06-12T14:52:05.384041+00:00, run_after=2026-06-13T14:52:05.384041+00:00
[2026-06-13T00:51:16.832+0000] {processor.py:179} INFO - Processing /opt/airflow/dags/S3_UPLOAD_BRONZE_DAG.py took 0.080 seconds
[2026-06-13T00:51:46.996+0000] {processor.py:157} INFO - Started process (PID=9571) to work on /opt/airflow/dags/S3_UPLOAD_BRONZE_DAG.py
[2026-06-13T00:51:47.005+0000] {processor.py:829} INFO - Processing file /opt/airflow/dags/S3_UPLOAD_BRONZE_DAG.py for tasks to queue
[2026-06-13T00:51:47.006+0000] {logging_mixin.py:154} INFO - [2026-06-13T00:51:47.006+0000] {dagbag.py:536} INFO - Filling up the DagBag from /opt/airflow/dags/S3_UPLOAD_BRONZE_DAG.py
[2026-06-13T00:51:47.021+0000] {processor.py:839} INFO - DAG(s) dict_keys(['daily_vulnerability_ingestion']) retrieved from /opt/airflow/dags/S3_UPLOAD_BRONZE_DAG.py
[2026-06-13T00:51:47.041+0000] {logging_mixin.py:154} INFO - [2026-06-13T00:51:47.041+0000] {dag.py:2941} INFO - Sync 1 DAGs
[2026-06-13T00:51:47.057+0000] {logging_mixin.py:154} INFO - [2026-06-13T00:51:47.057+0000] {dag.py:3722} INFO - Setting next_dagrun for daily_vulnerability_ingestion to 2026-06-12T14:52:05.384041+00:00, run_after=2026-06-13T14:52:05.384041+00:00
[2026-06-13T00:51:47.070+0000] {processor.py:179} INFO - Processing /opt/airflow/dags/S3_UPLOAD_BRONZE_DAG.py took 0.077 seconds
[2026-06-13T00:52:17.168+0000] {processor.py:157} INFO - Started process (PID=9576) to work on /opt/airflow/dags/S3_UPLOAD_BRONZE_DAG.py
[2026-06-13T00:52:17.169+0000] {processor.py:829} INFO - Processing file /opt/airflow/dags/S3_UPLOAD_BRONZE_DAG.py for tasks to queue
[2026-06-13T00:52:17.170+0000] {logging_mixin.py:154} INFO - [2026-06-13T00:52:17.169+0000] {dagbag.py:536} INFO - Filling up the DagBag from /opt/airflow/dags/S3_UPLOAD_BRONZE_DAG.py
[2026-06-13T00:52:17.186+0000] {processor.py:839} INFO - DAG(s) dict_keys(['daily_vulnerability_ingestion']) retrieved from /opt/airflow/dags/S3_UPLOAD_BRONZE_DAG.py
[2026-06-13T00:52:17.208+0000] {logging_mixin.py:154} INFO - [2026-06-13T00:52:17.208+0000] {dag.py:2941} INFO - Sync 1 DAGs
[2026-06-13T00:52:17.224+0000] {logging_mixin.py:154} INFO - [2026-06-13T00:52:17.224+0000] {dag.py:3722} INFO - Setting next_dagrun for daily_vulnerability_ingestion to 2026-06-12T14:52:05.384041+00:00, run_after=2026-06-13T14:52:05.384041+00:00
[2026-06-13T00:52:17.315+0000] {processor.py:179} INFO - Processing /opt/airflow/dags/S3_UPLOAD_BRONZE_DAG.py took 0.151 seconds
[2026-06-13T00:52:47.395+0000] {processor.py:157} INFO - Started process (PID=9581) to work on /opt/airflow/dags/S3_UPLOAD_BRONZE_DAG.py
[2026-06-13T00:52:47.404+0000] {processor.py:829} INFO - Processing file /opt/airflow/dags/S3_UPLOAD_BRONZE_DAG.py for tasks to queue
[2026-06-13T00:52:47.405+0000] {logging_mixin.py:154} INFO - [2026-06-13T00:52:47.405+0000] {dagbag.py:536} INFO - Filling up the DagBag from /opt/airflow/dags/S3_UPLOAD_BRONZE_DAG.py
[2026-06-13T00:52:47.431+0000] {processor.py:839} INFO - DAG(s) dict_keys(['daily_vulnerability_ingestion']) retrieved from /opt/airflow/dags/S3_UPLOAD_BRONZE_DAG.py
[2026-06-13T00:52:47.454+0000] {logging_mixin.py:154} INFO - [2026-06-13T00:52:47.453+0000] {dag.py:2941} INFO - Sync 1 DAGs
[2026-06-13T00:52:47.470+0000] {logging_mixin.py:154} INFO - [2026-06-13T00:52:47.470+0000] {dag.py:3722} INFO - Setting next_dagrun for daily_vulnerability_ingestion to 2026-06-12T14:52:05.384041+00:00, run_after=2026-06-13T14:52:05.384041+00:00
[2026-06-13T00:52:47.484+0000] {processor.py:179} INFO - Processing /opt/airflow/dags/S3_UPLOAD_BRONZE_DAG.py took 0.094 seconds
[2026-06-13T00:53:17.662+0000] {processor.py:157} INFO - Started process (PID=9586) to work on /opt/airflow/dags/S3_UPLOAD_BRONZE_DAG.py
[2026-06-13T00:53:17.663+0000] {processor.py:829} INFO - Processing file /opt/airflow/dags/S3_UPLOAD_BRONZE_DAG.py for tasks to queue
[2026-06-13T00:53:17.664+0000] {logging_mixin.py:154} INFO - [2026-06-13T00:53:17.663+0000] {dagbag.py:536} INFO - Filling up the DagBag from /opt/airflow/dags/S3_UPLOAD_BRONZE_DAG.py
[2026-06-13T00:53:17.680+0000] {processor.py:839} INFO - DAG(s) dict_keys(['daily_vulnerability_ingestion']) retrieved from /opt/airflow/dags/S3_UPLOAD_BRONZE_DAG.py
[2026-06-13T00:53:17.700+0000] {logging_mixin.py:154} INFO - [2026-06-13T00:53:17.699+0000] {dag.py:2941} INFO - Sync 1 DAGs
[2026-06-13T00:53:17.794+0000] {logging_mixin.py:154} INFO - [2026-06-13T00:53:17.794+0000] {dag.py:3722} INFO - Setting next_dagrun for daily_vulnerability_ingestion to 2026-06-12T14:52:05.384041+00:00, run_after=2026-06-13T14:52:05.384041+00:00
[2026-06-13T00:53:17.816+0000] {processor.py:179} INFO - Processing /opt/airflow/dags/S3_UPLOAD_BRONZE_DAG.py took 0.159 seconds
[2026-06-13T00:53:48.010+0000] {processor.py:157} INFO - Started process (PID=9591) to work on /opt/airflow/dags/S3_UPLOAD_BRONZE_DAG.py
[2026-06-13T00:53:48.019+0000] {processor.py:829} INFO - Processing file /opt/airflow/dags/S3_UPLOAD_BRONZE_DAG.py for tasks to queue
[2026-06-13T00:53:48.019+0000] {logging_mixin.py:154} INFO - [2026-06-13T00:53:48.019+0000] {dagbag.py:536} INFO - Filling up the DagBag from /opt/airflow/dags/S3_UPLOAD_BRONZE_DAG.py
[2026-06-13T00:53:48.111+0000] {processor.py:839} INFO - DAG(s) dict_keys(['daily_vulnerability_ingestion']) retrieved from /opt/airflow/dags/S3_UPLOAD_BRONZE_DAG.py
[2026-06-13T00:53:48.128+0000] {logging_mixin.py:154} INFO - [2026-06-13T00:53:48.128+0000] {dag.py:2941} INFO - Sync 1 DAGs
[2026-06-13T00:53:48.143+0000] {logging_mixin.py:154} INFO - [2026-06-13T00:53:48.143+0000] {dag.py:3722} INFO - Setting next_dagrun for daily_vulnerability_ingestion to 2026-06-12T14:52:05.384041+00:00, run_after=2026-06-13T14:52:05.384041+00:00
[2026-06-13T00:53:48.164+0000] {processor.py:179} INFO - Processing /opt/airflow/dags/S3_UPLOAD_BRONZE_DAG.py took 0.159 seconds
[2026-06-13T00:54:18.205+0000] {processor.py:157} INFO - Started process (PID=9596) to work on /opt/airflow/dags/S3_UPLOAD_BRONZE_DAG.py
[2026-06-13T00:54:18.206+0000] {processor.py:829} INFO - Processing file /opt/airflow/dags/S3_UPLOAD_BRONZE_DAG.py for tasks to queue
[2026-06-13T00:54:18.207+0000] {logging_mixin.py:154} INFO - [2026-06-13T00:54:18.207+0000] {dagbag.py:536} INFO - Filling up the DagBag from /opt/airflow/dags/S3_UPLOAD_BRONZE_DAG.py
[2026-06-13T00:54:18.229+0000] {processor.py:839} INFO - DAG(s) dict_keys(['daily_vulnerability_ingestion']) retrieved from /opt/airflow/dags/S3_UPLOAD_BRONZE_DAG.py
[2026-06-13T00:54:18.250+0000] {logging_mixin.py:154} INFO - [2026-06-13T00:54:18.250+0000] {dag.py:2941} INFO - Sync 1 DAGs
[2026-06-13T00:54:18.266+0000] {logging_mixin.py:154} INFO - [2026-06-13T00:54:18.266+0000] {dag.py:3722} INFO - Setting next_dagrun for daily_vulnerability_ingestion to 2026-06-12T14:52:05.384041+00:00, run_after=2026-06-13T14:52:05.384041+00:00
[2026-06-13T00:54:18.279+0000] {processor.py:179} INFO - Processing /opt/airflow/dags/S3_UPLOAD_BRONZE_DAG.py took 0.080 seconds
[2026-06-13T00:54:48.372+0000] {processor.py:157} INFO - Started process (PID=9601) to work on /opt/airflow/dags/S3_UPLOAD_BRONZE_DAG.py
[2026-06-13T00:54:48.381+0000] {processor.py:829} INFO - Processing file /opt/airflow/dags/S3_UPLOAD_BRONZE_DAG.py for tasks to queue
[2026-06-13T00:54:48.382+0000] {logging_mixin.py:154} INFO - [2026-06-13T00:54:48.382+0000] {dagbag.py:536} INFO - Filling up the DagBag from /opt/airflow/dags/S3_UPLOAD_BRONZE_DAG.py
[2026-06-13T00:54:48.401+0000] {processor.py:839} INFO - DAG(s) dict_keys(['daily_vulnerability_ingestion']) retrieved from /opt/airflow/dags/S3_UPLOAD_BRONZE_DAG.py
[2026-06-13T00:54:48.424+0000] {logging_mixin.py:154} INFO - [2026-06-13T00:54:48.423+0000] {dag.py:2941} INFO - Sync 1 DAGs
[2026-06-13T00:54:48.439+0000] {logging_mixin.py:154} INFO - [2026-06-13T00:54:48.439+0000] {dag.py:3722} INFO - Setting next_dagrun for daily_vulnerability_ingestion to 2026-06-12T14:52:05.384041+00:00, run_after=2026-06-13T14:52:05.384041+00:00
[2026-06-13T00:54:48.452+0000] {processor.py:179} INFO - Processing /opt/airflow/dags/S3_UPLOAD_BRONZE_DAG.py took 0.084 seconds
[2026-06-13T00:55:18.609+0000] {processor.py:157} INFO - Started process (PID=9606) to work on /opt/airflow/dags/S3_UPLOAD_BRONZE_DAG.py
[2026-06-13T00:55:18.610+0000] {processor.py:829} INFO - Processing file /opt/airflow/dags/S3_UPLOAD_BRONZE_DAG.py for tasks to queue
[2026-06-13T00:55:18.611+0000] {logging_mixin.py:154} INFO - [2026-06-13T00:55:18.611+0000] {dagbag.py:536} INFO - Filling up the DagBag from /opt/airflow/dags/S3_UPLOAD_BRONZE_DAG.py
[2026-06-13T00:55:18.626+0000] {processor.py:839} INFO - DAG(s) dict_keys(['daily_vulnerability_ingestion']) retrieved from /opt/airflow/dags/S3_UPLOAD_BRONZE_DAG.py
[2026-06-13T00:55:18.645+0000] {logging_mixin.py:154} INFO - [2026-06-13T00:55:18.645+0000] {dag.py:2941} INFO - Sync 1 DAGs
[2026-06-13T00:55:18.662+0000] {logging_mixin.py:154} INFO - [2026-06-13T00:55:18.662+0000] {dag.py:3722} INFO - Setting next_dagrun for daily_vulnerability_ingestion to 2026-06-12T14:52:05.384041+00:00, run_after=2026-06-13T14:52:05.384041+00:00
[2026-06-13T00:55:18.675+0000] {processor.py:179} INFO - Processing /opt/airflow/dags/S3_UPLOAD_BRONZE_DAG.py took 0.070 seconds
[2026-06-13T00:55:48.792+0000] {processor.py:157} INFO - Started process (PID=9611) to work on /opt/airflow/dags/S3_UPLOAD_BRONZE_DAG.py
[2026-06-13T00:55:48.793+0000] {processor.py:829} INFO - Processing file /opt/airflow/dags/S3_UPLOAD_BRONZE_DAG.py for tasks to queue
[2026-06-13T00:55:48.794+0000] {logging_mixin.py:154} INFO - [2026-06-13T00:55:48.794+0000] {dagbag.py:536} INFO - Filling up the DagBag from /opt/airflow/dags/S3_UPLOAD_BRONZE_DAG.py
[2026-06-13T00:55:48.811+0000] {processor.py:839} INFO - DAG(s) dict_keys(['daily_vulnerability_ingestion']) retrieved from /opt/airflow/dags/S3_UPLOAD_BRONZE_DAG.py
[2026-06-13T00:55:48.831+0000] {logging_mixin.py:154} INFO - [2026-06-13T00:55:48.831+0000] {dag.py:2941} INFO - Sync 1 DAGs
[2026-06-13T00:55:48.848+0000] {logging_mixin.py:154} INFO - [2026-06-13T00:55:48.847+0000] {dag.py:3722} INFO - Setting next_dagrun for daily_vulnerability_ingestion to 2026-06-12T14:52:05.384041+00:00, run_after=2026-06-13T14:52:05.384041+00:00
[2026-06-13T00:55:48.860+0000] {processor.py:179} INFO - Processing /opt/airflow/dags/S3_UPLOAD_BRONZE_DAG.py took 0.071 seconds
[2026-06-13T00:56:18.990+0000] {processor.py:157} INFO - Started process (PID=9616) to work on /opt/airflow/dags/S3_UPLOAD_BRONZE_DAG.py
[2026-06-13T00:56:18.991+0000] {processor.py:829} INFO - Processing file /opt/airflow/dags/S3_UPLOAD_BRONZE_DAG.py for tasks to queue
[2026-06-13T00:56:18.991+0000] {logging_mixin.py:154} INFO - [2026-06-13T00:56:18.991+0000] {dagbag.py:536} INFO - Filling up the DagBag from /opt/airflow/dags/S3_UPLOAD_BRONZE_DAG.py
[2026-06-13T00:56:19.004+0000] {processor.py:839} INFO - DAG(s) dict_keys(['daily_vulnerability_ingestion']) retrieved from /opt/airflow/dags/S3_UPLOAD_BRONZE_DAG.py
[2026-06-13T00:56:19.023+0000] {logging_mixin.py:154} INFO - [2026-06-13T00:56:19.023+0000] {dag.py:2941} INFO - Sync 1 DAGs
[2026-06-13T00:56:19.039+0000] {logging_mixin.py:154} INFO - [2026-06-13T00:56:19.039+0000] {dag.py:3722} INFO - Setting next_dagrun for daily_vulnerability_ingestion to 2026-06-12T14:52:05.384041+00:00, run_after=2026-06-13T14:52:05.384041+00:00
[2026-06-13T00:56:19.051+0000] {processor.py:179} INFO - Processing /opt/airflow/dags/S3_UPLOAD_BRONZE_DAG.py took 0.065 seconds
[2026-06-13T00:56:49.178+0000] {processor.py:157} INFO - Started process (PID=9621) to work on /opt/airflow/dags/S3_UPLOAD_BRONZE_DAG.py
[2026-06-13T00:56:49.188+0000] {processor.py:829} INFO - Processing file /opt/airflow/dags/S3_UPLOAD_BRONZE_DAG.py for tasks to queue
[2026-06-13T00:56:49.189+0000] {logging_mixin.py:154} INFO - [2026-06-13T00:56:49.188+0000] {dagbag.py:536} INFO - Filling up the DagBag from /opt/airflow/dags/S3_UPLOAD_BRONZE_DAG.py
[2026-06-13T00:56:49.211+0000] {processor.py:839} INFO - DAG(s) dict_keys(['daily_vulnerability_ingestion']) retrieved from /opt/airflow/dags/S3_UPLOAD_BRONZE_DAG.py
[2026-06-13T00:56:49.237+0000] {logging_mixin.py:154} INFO - [2026-06-13T00:56:49.237+0000] {dag.py:2941} INFO - Sync 1 DAGs
[2026-06-13T00:56:49.253+0000] {logging_mixin.py:154} INFO - [2026-06-13T00:56:49.253+0000] {dag.py:3722} INFO - Setting next_dagrun for daily_vulnerability_ingestion to 2026-06-12T14:52:05.384041+00:00, run_after=2026-06-13T14:52:05.384041+00:00
[2026-06-13T00:56:49.266+0000] {processor.py:179} INFO - Processing /opt/airflow/dags/S3_UPLOAD_BRONZE_DAG.py took 0.092 seconds
[2026-06-13T00:57:19.393+0000] {processor.py:157} INFO - Started process (PID=9626) to work on /opt/airflow/dags/S3_UPLOAD_BRONZE_DAG.py
[2026-06-13T00:57:19.394+0000] {processor.py:829} INFO - Processing file /opt/airflow/dags/S3_UPLOAD_BRONZE_DAG.py for tasks to queue
[2026-06-13T00:57:19.396+0000] {logging_mixin.py:154} INFO - [2026-06-13T00:57:19.395+0000] {dagbag.py:536} INFO - Filling up the DagBag from /opt/airflow/dags/S3_UPLOAD_BRONZE_DAG.py
[2026-06-13T00:57:19.421+0000] {processor.py:839} INFO - DAG(s) dict_keys(['daily_vulnerability_ingestion']) retrieved from /opt/airflow/dags/S3_UPLOAD_BRONZE_DAG.py
[2026-06-13T00:57:19.441+0000] {logging_mixin.py:154} INFO - [2026-06-13T00:57:19.441+0000] {dag.py:2941} INFO - Sync 1 DAGs
[2026-06-13T00:57:19.456+0000] {logging_mixin.py:154} INFO - [2026-06-13T00:57:19.456+0000] {dag.py:3722} INFO - Setting next_dagrun for daily_vulnerability_ingestion to 2026-06-12T14:52:05.384041+00:00, run_after=2026-06-13T14:52:05.384041+00:00
[2026-06-13T00:57:19.469+0000] {processor.py:179} INFO - Processing /opt/airflow/dags/S3_UPLOAD_BRONZE_DAG.py took 0.085 seconds
[2026-06-13T00:57:49.584+0000] {processor.py:157} INFO - Started process (PID=9631) to work on /opt/airflow/dags/S3_UPLOAD_BRONZE_DAG.py
[2026-06-13T00:57:49.593+0000] {processor.py:829} INFO - Processing file /opt/airflow/dags/S3_UPLOAD_BRONZE_DAG.py for tasks to queue
[2026-06-13T00:57:49.594+0000] {logging_mixin.py:154} INFO - [2026-06-13T00:57:49.593+0000] {dagbag.py:536} INFO - Filling up the DagBag from /opt/airflow/dags/S3_UPLOAD_BRONZE_DAG.py
[2026-06-13T00:57:49.608+0000] {processor.py:839} INFO - DAG(s) dict_keys(['daily_vulnerability_ingestion']) retrieved from /opt/airflow/dags/S3_UPLOAD_BRONZE_DAG.py
[2026-06-13T00:57:49.629+0000] {logging_mixin.py:154} INFO - [2026-06-13T00:57:49.629+0000] {dag.py:2941} INFO - Sync 1 DAGs
[2026-06-13T00:57:49.646+0000] {logging_mixin.py:154} INFO - [2026-06-13T00:57:49.646+0000] {dag.py:3722} INFO - Setting next_dagrun for daily_vulnerability_ingestion to 2026-06-12T14:52:05.384041+00:00, run_after=2026-06-13T14:52:05.384041+00:00
[2026-06-13T00:57:49.659+0000] {processor.py:179} INFO - Processing /opt/airflow/dags/S3_UPLOAD_BRONZE_DAG.py took 0.079 seconds
[2026-06-13T00:58:19.781+0000] {processor.py:157} INFO - Started process (PID=9636) to work on /opt/airflow/dags/S3_UPLOAD_BRONZE_DAG.py
[2026-06-13T00:58:19.782+0000] {processor.py:829} INFO - Processing file /opt/airflow/dags/S3_UPLOAD_BRONZE_DAG.py for tasks to queue
[2026-06-13T00:58:19.783+0000] {logging_mixin.py:154} INFO - [2026-06-13T00:58:19.783+0000] {dagbag.py:536} INFO - Filling up the DagBag from /opt/airflow/dags/S3_UPLOAD_BRONZE_DAG.py
[2026-06-13T00:58:19.799+0000] {processor.py:839} INFO - DAG(s) dict_keys(['daily_vulnerability_ingestion']) retrieved from /opt/airflow/dags/S3_UPLOAD_BRONZE_DAG.py
[2026-06-13T00:58:19.819+0000] {logging_mixin.py:154} INFO - [2026-06-13T00:58:19.818+0000] {dag.py:2941} INFO - Sync 1 DAGs
[2026-06-13T00:58:19.835+0000] {logging_mixin.py:154} INFO - [2026-06-13T00:58:19.835+0000] {dag.py:3722} INFO - Setting next_dagrun for daily_vulnerability_ingestion to 2026-06-12T14:52:05.384041+00:00, run_after=2026-06-13T14:52:05.384041+00:00
[2026-06-13T00:58:19.849+0000] {processor.py:179} INFO - Processing /opt/airflow/dags/S3_UPLOAD_BRONZE_DAG.py took 0.073 seconds
[2026-06-13T00:58:49.985+0000] {processor.py:157} INFO - Started process (PID=9641) to work on /opt/airflow/dags/S3_UPLOAD_BRONZE_DAG.py
[2026-06-13T00:58:49.995+0000] {processor.py:829} INFO - Processing file /opt/airflow/dags/S3_UPLOAD_BRONZE_DAG.py for tasks to queue
[2026-06-13T00:58:49.996+0000] {logging_mixin.py:154} INFO - [2026-06-13T00:58:49.996+0000] {dagbag.py:536} INFO - Filling up the DagBag from /opt/airflow/dags/S3_UPLOAD_BRONZE_DAG.py
[2026-06-13T00:58:50.016+0000] {processor.py:839} INFO - DAG(s) dict_keys(['daily_vulnerability_ingestion']) retrieved from /opt/airflow/dags/S3_UPLOAD_BRONZE_DAG.py
[2026-06-13T00:58:50.035+0000] {logging_mixin.py:154} INFO - [2026-06-13T00:58:50.035+0000] {dag.py:2941} INFO - Sync 1 DAGs
[2026-06-13T00:58:50.051+0000] {logging_mixin.py:154} INFO - [2026-06-13T00:58:50.051+0000] {dag.py:3722} INFO - Setting next_dagrun for daily_vulnerability_ingestion to 2026-06-12T14:52:05.384041+00:00, run_after=2026-06-13T14:52:05.384041+00:00
[2026-06-13T00:58:50.062+0000] {processor.py:179} INFO - Processing /opt/airflow/dags/S3_UPLOAD_BRONZE_DAG.py took 0.083 seconds
[2026-06-13T00:59:20.162+0000] {processor.py:157} INFO - Started process (PID=9646) to work on /opt/airflow/dags/S3_UPLOAD_BRONZE_DAG.py
[2026-06-13T00:59:20.163+0000] {processor.py:829} INFO - Processing file /opt/airflow/dags/S3_UPLOAD_BRONZE_DAG.py for tasks to queue
[2026-06-13T00:59:20.164+0000] {logging_mixin.py:154} INFO - [2026-06-13T00:59:20.164+0000] {dagbag.py:536} INFO - Filling up the DagBag from /opt/airflow/dags/S3_UPLOAD_BRONZE_DAG.py
[2026-06-13T00:59:20.180+0000] {processor.py:839} INFO - DAG(s) dict_keys(['daily_vulnerability_ingestion']) retrieved from /opt/airflow/dags/S3_UPLOAD_BRONZE_DAG.py
[2026-06-13T00:59:20.200+0000] {logging_mixin.py:154} INFO - [2026-06-13T00:59:20.200+0000] {dag.py:2941} INFO - Sync 1 DAGs
[2026-06-13T00:59:20.217+0000] {logging_mixin.py:154} INFO - [2026-06-13T00:59:20.217+0000] {dag.py:3722} INFO - Setting next_dagrun for daily_vulnerability_ingestion to 2026-06-12T14:52:05.384041+00:00, run_after=2026-06-13T14:52:05.384041+00:00
[2026-06-13T00:59:20.229+0000] {processor.py:179} INFO - Processing /opt/airflow/dags/S3_UPLOAD_BRONZE_DAG.py took 0.072 seconds
[2026-06-13T00:59:50.397+0000] {processor.py:157} INFO - Started process (PID=9651) to work on /opt/airflow/dags/S3_UPLOAD_BRONZE_DAG.py
[2026-06-13T00:59:50.406+0000] {processor.py:829} INFO - Processing file /opt/airflow/dags/S3_UPLOAD_BRONZE_DAG.py for tasks to queue
[2026-06-13T00:59:50.407+0000] {logging_mixin.py:154} INFO - [2026-06-13T00:59:50.407+0000] {dagbag.py:536} INFO - Filling up the DagBag from /opt/airflow/dags/S3_UPLOAD_BRONZE_DAG.py
[2026-06-13T00:59:50.420+0000] {processor.py:839} INFO - DAG(s) dict_keys(['daily_vulnerability_ingestion']) retrieved from /opt/airflow/dags/S3_UPLOAD_BRONZE_DAG.py
[2026-06-13T00:59:50.441+0000] {logging_mixin.py:154} INFO - [2026-06-13T00:59:50.441+0000] {dag.py:2941} INFO - Sync 1 DAGs
[2026-06-13T00:59:50.456+0000] {logging_mixin.py:154} INFO - [2026-06-13T00:59:50.456+0000] {dag.py:3722} INFO - Setting next_dagrun for daily_vulnerability_ingestion to 2026-06-12T14:52:05.384041+00:00, run_after=2026-06-13T14:52:05.384041+00:00
[2026-06-13T00:59:50.468+0000] {processor.py:179} INFO - Processing /opt/airflow/dags/S3_UPLOAD_BRONZE_DAG.py took 0.074 seconds
[2026-06-13T01:00:20.587+0000] {processor.py:157} INFO - Started process (PID=9656) to work on /opt/airflow/dags/S3_UPLOAD_BRONZE_DAG.py
[2026-06-13T01:00:20.588+0000] {processor.py:829} INFO - Processing file /opt/airflow/dags/S3_UPLOAD_BRONZE_DAG.py for tasks to queue
[2026-06-13T01:00:20.589+0000] {logging_mixin.py:154} INFO - [2026-06-13T01:00:20.588+0000] {dagbag.py:536} INFO - Filling up the DagBag from /opt/airflow/dags/S3_UPLOAD_BRONZE_DAG.py
[2026-06-13T01:00:20.611+0000] {processor.py:839} INFO - DAG(s) dict_keys(['daily_vulnerability_ingestion']) retrieved from /opt/airflow/dags/S3_UPLOAD_BRONZE_DAG.py
[2026-06-13T01:00:20.631+0000] {logging_mixin.py:154} INFO - [2026-06-13T01:00:20.630+0000] {dag.py:2941} INFO - Sync 1 DAGs
[2026-06-13T01:00:20.646+0000] {logging_mixin.py:154} INFO - [2026-06-13T01:00:20.646+0000] {dag.py:3722} INFO - Setting next_dagrun for daily_vulnerability_ingestion to 2026-06-12T14:52:05.384041+00:00, run_after=2026-06-13T14:52:05.384041+00:00
[2026-06-13T01:00:20.657+0000] {processor.py:179} INFO - Processing /opt/airflow/dags/S3_UPLOAD_BRONZE_DAG.py took 0.074 seconds
[2026-06-13T01:00:50.822+0000] {processor.py:157} INFO - Started process (PID=9661) to work on /opt/airflow/dags/S3_UPLOAD_BRONZE_DAG.py
[2026-06-13T01:00:50.830+0000] {processor.py:829} INFO - Processing file /opt/airflow/dags/S3_UPLOAD_BRONZE_DAG.py for tasks to queue
[2026-06-13T01:00:50.831+0000] {logging_mixin.py:154} INFO - [2026-06-13T01:00:50.831+0000] {dagbag.py:536} INFO - Filling up the DagBag from /opt/airflow/dags/S3_UPLOAD_BRONZE_DAG.py
[2026-06-13T01:00:50.844+0000] {processor.py:839} INFO - DAG(s) dict_keys(['daily_vulnerability_ingestion']) retrieved from /opt/airflow/dags/S3_UPLOAD_BRONZE_DAG.py
[2026-06-13T01:00:50.865+0000] {logging_mixin.py:154} INFO - [2026-06-13T01:00:50.865+0000] {dag.py:2941} INFO - Sync 1 DAGs
[2026-06-13T01:00:50.881+0000] {logging_mixin.py:154} INFO - [2026-06-13T01:00:50.881+0000] {dag.py:3722} INFO - Setting next_dagrun for daily_vulnerability_ingestion to 2026-06-12T14:52:05.384041+00:00, run_after=2026-06-13T14:52:05.384041+00:00
[2026-06-13T01:00:50.894+0000] {processor.py:179} INFO - Processing /opt/airflow/dags/S3_UPLOAD_BRONZE_DAG.py took 0.077 seconds
[2026-06-13T01:01:20.997+0000] {processor.py:157} INFO - Started process (PID=9666) to work on /opt/airflow/dags/S3_UPLOAD_BRONZE_DAG.py
[2026-06-13T01:01:20.997+0000] {processor.py:829} INFO - Processing file /opt/airflow/dags/S3_UPLOAD_BRONZE_DAG.py for tasks to queue
[2026-06-13T01:01:20.998+0000] {logging_mixin.py:154} INFO - [2026-06-13T01:01:20.998+0000] {dagbag.py:536} INFO - Filling up the DagBag from /opt/airflow/dags/S3_UPLOAD_BRONZE_DAG.py
[2026-06-13T01:01:21.013+0000] {processor.py:839} INFO - DAG(s) dict_keys(['daily_vulnerability_ingestion']) retrieved from /opt/airflow/dags/S3_UPLOAD_BRONZE_DAG.py
[2026-06-13T01:01:21.032+0000] {logging_mixin.py:154} INFO - [2026-06-13T01:01:21.032+0000] {dag.py:2941} INFO - Sync 1 DAGs
[2026-06-13T01:01:21.047+0000] {logging_mixin.py:154} INFO - [2026-06-13T01:01:21.047+0000] {dag.py:3722} INFO - Setting next_dagrun for daily_vulnerability_ingestion to 2026-06-12T14:52:05.384041+00:00, run_after=2026-06-13T14:52:05.384041+00:00
[2026-06-13T01:01:21.059+0000] {processor.py:179} INFO - Processing /opt/airflow/dags/S3_UPLOAD_BRONZE_DAG.py took 0.066 seconds
[2026-06-13T01:01:51.228+0000] {processor.py:157} INFO - Started process (PID=9671) to work on /opt/airflow/dags/S3_UPLOAD_BRONZE_DAG.py
[2026-06-13T01:01:51.237+0000] {processor.py:829} INFO - Processing file /opt/airflow/dags/S3_UPLOAD_BRONZE_DAG.py for tasks to queue
[2026-06-13T01:01:51.238+0000] {logging_mixin.py:154} INFO - [2026-06-13T01:01:51.238+0000] {dagbag.py:536} INFO - Filling up the DagBag from /opt/airflow/dags/S3_UPLOAD_BRONZE_DAG.py
[2026-06-13T01:01:51.251+0000] {processor.py:839} INFO - DAG(s) dict_keys(['daily_vulnerability_ingestion']) retrieved from /opt/airflow/dags/S3_UPLOAD_BRONZE_DAG.py
[2026-06-13T01:01:51.268+0000] {logging_mixin.py:154} INFO - [2026-06-13T01:01:51.268+0000] {dag.py:2941} INFO - Sync 1 DAGs
[2026-06-13T01:01:51.284+0000] {logging_mixin.py:154} INFO - [2026-06-13T01:01:51.284+0000] {dag.py:3722} INFO - Setting next_dagrun for daily_vulnerability_ingestion to 2026-06-12T14:52:05.384041+00:00, run_after=2026-06-13T14:52:05.384041+00:00
[2026-06-13T01:01:51.297+0000] {processor.py:179} INFO - Processing /opt/airflow/dags/S3_UPLOAD_BRONZE_DAG.py took 0.073 seconds
[2026-06-13T01:02:21.412+0000] {processor.py:157} INFO - Started process (PID=9676) to work on /opt/airflow/dags/S3_UPLOAD_BRONZE_DAG.py
[2026-06-13T01:02:21.413+0000] {processor.py:829} INFO - Processing file /opt/airflow/dags/S3_UPLOAD_BRONZE_DAG.py for tasks to queue
[2026-06-13T01:02:21.414+0000] {logging_mixin.py:154} INFO - [2026-06-13T01:02:21.414+0000] {dagbag.py:536} INFO - Filling up the DagBag from /opt/airflow/dags/S3_UPLOAD_BRONZE_DAG.py
[2026-06-13T01:02:21.434+0000] {processor.py:839} INFO - DAG(s) dict_keys(['daily_vulnerability_ingestion']) retrieved from /opt/airflow/dags/S3_UPLOAD_BRONZE_DAG.py
[2026-06-13T01:02:21.456+0000] {logging_mixin.py:154} INFO - [2026-06-13T01:02:21.455+0000] {dag.py:2941} INFO - Sync 1 DAGs
[2026-06-13T01:02:21.472+0000] {logging_mixin.py:154} INFO - [2026-06-13T01:02:21.472+0000] {dag.py:3722} INFO - Setting next_dagrun for daily_vulnerability_ingestion to 2026-06-12T14:52:05.384041+00:00, run_after=2026-06-13T14:52:05.384041+00:00
[2026-06-13T01:02:21.485+0000] {processor.py:179} INFO - Processing /opt/airflow/dags/S3_UPLOAD_BRONZE_DAG.py took 0.077 seconds
[2026-06-13T01:02:51.603+0000] {processor.py:157} INFO - Started process (PID=9681) to work on /opt/airflow/dags/S3_UPLOAD_BRONZE_DAG.py
[2026-06-13T01:02:51.612+0000] {processor.py:829} INFO - Processing file /opt/airflow/dags/S3_UPLOAD_BRONZE_DAG.py for tasks to queue
[2026-06-13T01:02:51.612+0000] {logging_mixin.py:154} INFO - [2026-06-13T01:02:51.612+0000] {dagbag.py:536} INFO - Filling up the DagBag from /opt/airflow/dags/S3_UPLOAD_BRONZE_DAG.py
[2026-06-13T01:02:51.624+0000] {processor.py:839} INFO - DAG(s) dict_keys(['daily_vulnerability_ingestion']) retrieved from /opt/airflow/dags/S3_UPLOAD_BRONZE_DAG.py
[2026-06-13T01:02:51.643+0000] {logging_mixin.py:154} INFO - [2026-06-13T01:02:51.642+0000] {dag.py:2941} INFO - Sync 1 DAGs
[2026-06-13T01:02:51.659+0000] {logging_mixin.py:154} INFO - [2026-06-13T01:02:51.659+0000] {dag.py:3722} INFO - Setting next_dagrun for daily_vulnerability_ingestion to 2026-06-12T14:52:05.384041+00:00, run_after=2026-06-13T14:52:05.384041+00:00
[2026-06-13T01:02:51.671+0000] {processor.py:179} INFO - Processing /opt/airflow/dags/S3_UPLOAD_BRONZE_DAG.py took 0.071 seconds
[2026-06-13T01:03:21.803+0000] {processor.py:157} INFO - Started process (PID=9686) to work on /opt/airflow/dags/S3_UPLOAD_BRONZE_DAG.py
[2026-06-13T01:03:21.804+0000] {processor.py:829} INFO - Processing file /opt/airflow/dags/S3_UPLOAD_BRONZE_DAG.py for tasks to queue
[2026-06-13T01:03:21.805+0000] {logging_mixin.py:154} INFO - [2026-06-13T01:03:21.804+0000] {dagbag.py:536} INFO - Filling up the DagBag from /opt/airflow/dags/S3_UPLOAD_BRONZE_DAG.py
[2026-06-13T01:03:21.823+0000] {processor.py:839} INFO - DAG(s) dict_keys(['daily_vulnerability_ingestion']) retrieved from /opt/airflow/dags/S3_UPLOAD_BRONZE_DAG.py
[2026-06-13T01:03:21.843+0000] {logging_mixin.py:154} INFO - [2026-06-13T01:03:21.843+0000] {dag.py:2941} INFO - Sync 1 DAGs
[2026-06-13T01:03:21.858+0000] {logging_mixin.py:154} INFO - [2026-06-13T01:03:21.858+0000] {dag.py:3722} INFO - Setting next_dagrun for daily_vulnerability_ingestion to 2026-06-12T14:52:05.384041+00:00, run_after=2026-06-13T14:52:05.384041+00:00
[2026-06-13T01:03:21.871+0000] {processor.py:179} INFO - Processing /opt/airflow/dags/S3_UPLOAD_BRONZE_DAG.py took 0.074 seconds
[2026-06-13T01:03:52.021+0000] {processor.py:157} INFO - Started process (PID=9691) to work on /opt/airflow/dags/S3_UPLOAD_BRONZE_DAG.py
[2026-06-13T01:03:52.030+0000] {processor.py:829} INFO - Processing file /opt/airflow/dags/S3_UPLOAD_BRONZE_DAG.py for tasks to queue
[2026-06-13T01:03:52.031+0000] {logging_mixin.py:154} INFO - [2026-06-13T01:03:52.031+0000] {dagbag.py:536} INFO - Filling up the DagBag from /opt/airflow/dags/S3_UPLOAD_BRONZE_DAG.py
[2026-06-13T01:03:52.050+0000] {processor.py:839} INFO - DAG(s) dict_keys(['daily_vulnerability_ingestion']) retrieved from /opt/airflow/dags/S3_UPLOAD_BRONZE_DAG.py
[2026-06-13T01:03:52.071+0000] {logging_mixin.py:154} INFO - [2026-06-13T01:03:52.071+0000] {dag.py:2941} INFO - Sync 1 DAGs
[2026-06-13T01:03:52.087+0000] {logging_mixin.py:154} INFO - [2026-06-13T01:03:52.087+0000] {dag.py:3722} INFO - Setting next_dagrun for daily_vulnerability_ingestion to 2026-06-12T14:52:05.384041+00:00, run_after=2026-06-13T14:52:05.384041+00:00
[2026-06-13T01:03:52.098+0000] {processor.py:179} INFO - Processing /opt/airflow/dags/S3_UPLOAD_BRONZE_DAG.py took 0.082 seconds
[2026-06-13T01:04:22.172+0000] {processor.py:157} INFO - Started process (PID=9696) to work on /opt/airflow/dags/S3_UPLOAD_BRONZE_DAG.py
[2026-06-13T01:04:22.173+0000] {processor.py:829} INFO - Processing file /opt/airflow/dags/S3_UPLOAD_BRONZE_DAG.py for tasks to queue
[2026-06-13T01:04:22.174+0000] {logging_mixin.py:154} INFO - [2026-06-13T01:04:22.173+0000] {dagbag.py:536} INFO - Filling up the DagBag from /opt/airflow/dags/S3_UPLOAD_BRONZE_DAG.py
[2026-06-13T01:04:22.190+0000] {processor.py:839} INFO - DAG(s) dict_keys(['daily_vulnerability_ingestion']) retrieved from /opt/airflow/dags/S3_UPLOAD_BRONZE_DAG.py
[2026-06-13T01:04:22.210+0000] {logging_mixin.py:154} INFO - [2026-06-13T01:04:22.210+0000] {dag.py:2941} INFO - Sync 1 DAGs
[2026-06-13T01:04:22.226+0000] {logging_mixin.py:154} INFO - [2026-06-13T01:04:22.225+0000] {dag.py:3722} INFO - Setting next_dagrun for daily_vulnerability_ingestion to 2026-06-12T14:52:05.384041+00:00, run_after=2026-06-13T14:52:05.384041+00:00
[2026-06-13T01:04:22.239+0000] {processor.py:179} INFO - Processing /opt/airflow/dags/S3_UPLOAD_BRONZE_DAG.py took 0.070 seconds
[2026-06-13T01:04:52.351+0000] {processor.py:157} INFO - Started process (PID=9701) to work on /opt/airflow/dags/S3_UPLOAD_BRONZE_DAG.py
[2026-06-13T01:04:52.360+0000] {processor.py:829} INFO - Processing file /opt/airflow/dags/S3_UPLOAD_BRONZE_DAG.py for tasks to queue
[2026-06-13T01:04:52.361+0000] {logging_mixin.py:154} INFO - [2026-06-13T01:04:52.361+0000] {dagbag.py:536} INFO - Filling up the DagBag from /opt/airflow/dags/S3_UPLOAD_BRONZE_DAG.py
[2026-06-13T01:04:52.382+0000] {processor.py:839} INFO - DAG(s) dict_keys(['daily_vulnerability_ingestion']) retrieved from /opt/airflow/dags/S3_UPLOAD_BRONZE_DAG.py
[2026-06-13T01:04:52.403+0000] {logging_mixin.py:154} INFO - [2026-06-13T01:04:52.403+0000] {dag.py:2941} INFO - Sync 1 DAGs
[2026-06-13T01:04:52.419+0000] {logging_mixin.py:154} INFO - [2026-06-13T01:04:52.419+0000] {dag.py:3722} INFO - Setting next_dagrun for daily_vulnerability_ingestion to 2026-06-12T14:52:05.384041+00:00, run_after=2026-06-13T14:52:05.384041+00:00
[2026-06-13T01:04:52.434+0000] {processor.py:179} INFO - Processing /opt/airflow/dags/S3_UPLOAD_BRONZE_DAG.py took 0.089 seconds
[2026-06-13T01:05:22.580+0000] {processor.py:157} INFO - Started process (PID=9706) to work on /opt/airflow/dags/S3_UPLOAD_BRONZE_DAG.py
[2026-06-13T01:05:22.581+0000] {processor.py:829} INFO - Processing file /opt/airflow/dags/S3_UPLOAD_BRONZE_DAG.py for tasks to queue
[2026-06-13T01:05:22.582+0000] {logging_mixin.py:154} INFO - [2026-06-13T01:05:22.581+0000] {dagbag.py:536} INFO - Filling up the DagBag from /opt/airflow/dags/S3_UPLOAD_BRONZE_DAG.py
[2026-06-13T01:05:22.597+0000] {processor.py:839} INFO - DAG(s) dict_keys(['daily_vulnerability_ingestion']) retrieved from /opt/airflow/dags/S3_UPLOAD_BRONZE_DAG.py
[2026-06-13T01:05:22.617+0000] {logging_mixin.py:154} INFO - [2026-06-13T01:05:22.617+0000] {dag.py:2941} INFO - Sync 1 DAGs
[2026-06-13T01:05:22.634+0000] {logging_mixin.py:154} INFO - [2026-06-13T01:05:22.634+0000] {dag.py:3722} INFO - Setting next_dagrun for daily_vulnerability_ingestion to 2026-06-12T14:52:05.384041+00:00, run_after=2026-06-13T14:52:05.384041+00:00
[2026-06-13T01:05:22.646+0000] {processor.py:179} INFO - Processing /opt/airflow/dags/S3_UPLOAD_BRONZE_DAG.py took 0.073 seconds
[2026-06-13T01:05:52.765+0000] {processor.py:157} INFO - Started process (PID=9711) to work on /opt/airflow/dags/S3_UPLOAD_BRONZE_DAG.py
[2026-06-13T01:05:52.774+0000] {processor.py:829} INFO - Processing file /opt/airflow/dags/S3_UPLOAD_BRONZE_DAG.py for tasks to queue
[2026-06-13T01:05:52.775+0000] {logging_mixin.py:154} INFO - [2026-06-13T01:05:52.775+0000] {dagbag.py:536} INFO - Filling up the DagBag from /opt/airflow/dags/S3_UPLOAD_BRONZE_DAG.py
[2026-06-13T01:05:52.797+0000] {processor.py:839} INFO - DAG(s) dict_keys(['daily_vulnerability_ingestion']) retrieved from /opt/airflow/dags/S3_UPLOAD_BRONZE_DAG.py
[2026-06-13T01:05:52.818+0000] {logging_mixin.py:154} INFO - [2026-06-13T01:05:52.818+0000] {dag.py:2941} INFO - Sync 1 DAGs
[2026-06-13T01:05:52.837+0000] {logging_mixin.py:154} INFO - [2026-06-13T01:05:52.837+0000] {dag.py:3722} INFO - Setting next_dagrun for daily_vulnerability_ingestion to 2026-06-12T14:52:05.384041+00:00, run_after=2026-06-13T14:52:05.384041+00:00
[2026-06-13T01:05:52.853+0000] {processor.py:179} INFO - Processing /opt/airflow/dags/S3_UPLOAD_BRONZE_DAG.py took 0.092 seconds
[2026-06-13T01:06:22.979+0000] {processor.py:157} INFO - Started process (PID=9716) to work on /opt/airflow/dags/S3_UPLOAD_BRONZE_DAG.py
[2026-06-13T01:06:22.980+0000] {processor.py:829} INFO - Processing file /opt/airflow/dags/S3_UPLOAD_BRONZE_DAG.py for tasks to queue
[2026-06-13T01:06:22.981+0000] {logging_mixin.py:154} INFO - [2026-06-13T01:06:22.981+0000] {dagbag.py:536} INFO - Filling up the DagBag from /opt/airflow/dags/S3_UPLOAD_BRONZE_DAG.py
[2026-06-13T01:06:22.999+0000] {processor.py:839} INFO - DAG(s) dict_keys(['daily_vulnerability_ingestion']) retrieved from /opt/airflow/dags/S3_UPLOAD_BRONZE_DAG.py
[2026-06-13T01:06:23.020+0000] {logging_mixin.py:154} INFO - [2026-06-13T01:06:23.019+0000] {dag.py:2941} INFO - Sync 1 DAGs
[2026-06-13T01:06:23.036+0000] {logging_mixin.py:154} INFO - [2026-06-13T01:06:23.036+0000] {dag.py:3722} INFO - Setting next_dagrun for daily_vulnerability_ingestion to 2026-06-12T14:52:05.384041+00:00, run_after=2026-06-13T14:52:05.384041+00:00
[2026-06-13T01:06:23.049+0000] {processor.py:179} INFO - Processing /opt/airflow/dags/S3_UPLOAD_BRONZE_DAG.py took 0.077 seconds
[2026-06-13T01:06:53.198+0000] {processor.py:157} INFO - Started process (PID=9721) to work on /opt/airflow/dags/S3_UPLOAD_BRONZE_DAG.py
[2026-06-13T01:06:53.207+0000] {processor.py:829} INFO - Processing file /opt/airflow/dags/S3_UPLOAD_BRONZE_DAG.py for tasks to queue
[2026-06-13T01:06:53.208+0000] {logging_mixin.py:154} INFO - [2026-06-13T01:06:53.208+0000] {dagbag.py:536} INFO - Filling up the DagBag from /opt/airflow/dags/S3_UPLOAD_BRONZE_DAG.py
[2026-06-13T01:06:53.221+0000] {processor.py:839} INFO - DAG(s) dict_keys(['daily_vulnerability_ingestion']) retrieved from /opt/airflow/dags/S3_UPLOAD_BRONZE_DAG.py
[2026-06-13T01:06:53.240+0000] {logging_mixin.py:154} INFO - [2026-06-13T01:06:53.239+0000] {dag.py:2941} INFO - Sync 1 DAGs
[2026-06-13T01:06:53.255+0000] {logging_mixin.py:154} INFO - [2026-06-13T01:06:53.255+0000] {dag.py:3722} INFO - Setting next_dagrun for daily_vulnerability_ingestion to 2026-06-12T14:52:05.384041+00:00, run_after=2026-06-13T14:52:05.384041+00:00
[2026-06-13T01:06:53.269+0000] {processor.py:179} INFO - Processing /opt/airflow/dags/S3_UPLOAD_BRONZE_DAG.py took 0.074 seconds
[2026-06-13T01:07:23.365+0000] {processor.py:157} INFO - Started process (PID=9726) to work on /opt/airflow/dags/S3_UPLOAD_BRONZE_DAG.py
[2026-06-13T01:07:23.366+0000] {processor.py:829} INFO - Processing file /opt/airflow/dags/S3_UPLOAD_BRONZE_DAG.py for tasks to queue
[2026-06-13T01:07:23.368+0000] {logging_mixin.py:154} INFO - [2026-06-13T01:07:23.367+0000] {dagbag.py:536} INFO - Filling up the DagBag from /opt/airflow/dags/S3_UPLOAD_BRONZE_DAG.py
[2026-06-13T01:07:23.389+0000] {processor.py:839} INFO - DAG(s) dict_keys(['daily_vulnerability_ingestion']) retrieved from /opt/airflow/dags/S3_UPLOAD_BRONZE_DAG.py
[2026-06-13T01:07:23.411+0000] {logging_mixin.py:154} INFO - [2026-06-13T01:07:23.411+0000] {dag.py:2941} INFO - Sync 1 DAGs
[2026-06-13T01:07:23.428+0000] {logging_mixin.py:154} INFO - [2026-06-13T01:07:23.427+0000] {dag.py:3722} INFO - Setting next_dagrun for daily_vulnerability_ingestion to 2026-06-12T14:52:05.384041+00:00, run_after=2026-06-13T14:52:05.384041+00:00
[2026-06-13T01:07:23.443+0000] {processor.py:179} INFO - Processing /opt/airflow/dags/S3_UPLOAD_BRONZE_DAG.py took 0.083 seconds
[2026-06-13T01:07:53.611+0000] {processor.py:157} INFO - Started process (PID=9731) to work on /opt/airflow/dags/S3_UPLOAD_BRONZE_DAG.py
[2026-06-13T01:07:53.619+0000] {processor.py:829} INFO - Processing file /opt/airflow/dags/S3_UPLOAD_BRONZE_DAG.py for tasks to queue
[2026-06-13T01:07:53.620+0000] {logging_mixin.py:154} INFO - [2026-06-13T01:07:53.620+0000] {dagbag.py:536} INFO - Filling up the DagBag from /opt/airflow/dags/S3_UPLOAD_BRONZE_DAG.py
[2026-06-13T01:07:53.633+0000] {processor.py:839} INFO - DAG(s) dict_keys(['daily_vulnerability_ingestion']) retrieved from /opt/airflow/dags/S3_UPLOAD_BRONZE_DAG.py
[2026-06-13T01:07:53.652+0000] {logging_mixin.py:154} INFO - [2026-06-13T01:07:53.652+0000] {dag.py:2941} INFO - Sync 1 DAGs
[2026-06-13T01:07:53.669+0000] {logging_mixin.py:154} INFO - [2026-06-13T01:07:53.669+0000] {dag.py:3722} INFO - Setting next_dagrun for daily_vulnerability_ingestion to 2026-06-12T14:52:05.384041+00:00, run_after=2026-06-13T14:52:05.384041+00:00
[2026-06-13T01:07:53.682+0000] {processor.py:179} INFO - Processing /opt/airflow/dags/S3_UPLOAD_BRONZE_DAG.py took 0.075 seconds
[2026-06-13T01:08:23.788+0000] {processor.py:157} INFO - Started process (PID=9736) to work on /opt/airflow/dags/S3_UPLOAD_BRONZE_DAG.py
[2026-06-13T01:08:23.788+0000] {processor.py:829} INFO - Processing file /opt/airflow/dags/S3_UPLOAD_BRONZE_DAG.py for tasks to queue
[2026-06-13T01:08:23.789+0000] {logging_mixin.py:154} INFO - [2026-06-13T01:08:23.789+0000] {dagbag.py:536} INFO - Filling up the DagBag from /opt/airflow/dags/S3_UPLOAD_BRONZE_DAG.py
[2026-06-13T01:08:23.803+0000] {processor.py:839} INFO - DAG(s) dict_keys(['daily_vulnerability_ingestion']) retrieved from /opt/airflow/dags/S3_UPLOAD_BRONZE_DAG.py
[2026-06-13T01:08:23.822+0000] {logging_mixin.py:154} INFO - [2026-06-13T01:08:23.822+0000] {dag.py:2941} INFO - Sync 1 DAGs
[2026-06-13T01:08:23.841+0000] {logging_mixin.py:154} INFO - [2026-06-13T01:08:23.840+0000] {dag.py:3722} INFO - Setting next_dagrun for daily_vulnerability_ingestion to 2026-06-12T14:52:05.384041+00:00, run_after=2026-06-13T14:52:05.384041+00:00
[2026-06-13T01:08:23.855+0000] {processor.py:179} INFO - Processing /opt/airflow/dags/S3_UPLOAD_BRONZE_DAG.py took 0.072 seconds
[2026-06-13T01:08:54.005+0000] {processor.py:157} INFO - Started process (PID=9741) to work on /opt/airflow/dags/S3_UPLOAD_BRONZE_DAG.py
[2026-06-13T01:08:54.014+0000] {processor.py:829} INFO - Processing file /opt/airflow/dags/S3_UPLOAD_BRONZE_DAG.py for tasks to queue
[2026-06-13T01:08:54.015+0000] {logging_mixin.py:154} INFO - [2026-06-13T01:08:54.015+0000] {dagbag.py:536} INFO - Filling up the DagBag from /opt/airflow/dags/S3_UPLOAD_BRONZE_DAG.py
[2026-06-13T01:08:54.030+0000] {processor.py:839} INFO - DAG(s) dict_keys(['daily_vulnerability_ingestion']) retrieved from /opt/airflow/dags/S3_UPLOAD_BRONZE_DAG.py
[2026-06-13T01:08:54.050+0000] {logging_mixin.py:154} INFO - [2026-06-13T01:08:54.050+0000] {dag.py:2941} INFO - Sync 1 DAGs
[2026-06-13T01:08:54.066+0000] {logging_mixin.py:154} INFO - [2026-06-13T01:08:54.066+0000] {dag.py:3722} INFO - Setting next_dagrun for daily_vulnerability_ingestion to 2026-06-12T14:52:05.384041+00:00, run_after=2026-06-13T14:52:05.384041+00:00
[2026-06-13T01:08:54.079+0000] {processor.py:179} INFO - Processing /opt/airflow/dags/S3_UPLOAD_BRONZE_DAG.py took 0.077 seconds
[2026-06-13T01:09:24.209+0000] {processor.py:157} INFO - Started process (PID=9746) to work on /opt/airflow/dags/S3_UPLOAD_BRONZE_DAG.py
[2026-06-13T01:09:24.210+0000] {processor.py:829} INFO - Processing file /opt/airflow/dags/S3_UPLOAD_BRONZE_DAG.py for tasks to queue
[2026-06-13T01:09:24.211+0000] {logging_mixin.py:154} INFO - [2026-06-13T01:09:24.211+0000] {dagbag.py:536} INFO - Filling up the DagBag from /opt/airflow/dags/S3_UPLOAD_BRONZE_DAG.py
[2026-06-13T01:09:24.226+0000] {processor.py:839} INFO - DAG(s) dict_keys(['daily_vulnerability_ingestion']) retrieved from /opt/airflow/dags/S3_UPLOAD_BRONZE_DAG.py
[2026-06-13T01:09:24.244+0000] {logging_mixin.py:154} INFO - [2026-06-13T01:09:24.244+0000] {dag.py:2941} INFO - Sync 1 DAGs
[2026-06-13T01:09:24.260+0000] {logging_mixin.py:154} INFO - [2026-06-13T01:09:24.259+0000] {dag.py:3722} INFO - Setting next_dagrun for daily_vulnerability_ingestion to 2026-06-12T14:52:05.384041+00:00, run_after=2026-06-13T14:52:05.384041+00:00
[2026-06-13T01:09:24.272+0000] {processor.py:179} INFO - Processing /opt/airflow/dags/S3_UPLOAD_BRONZE_DAG.py took 0.067 seconds
[2026-06-13T01:09:54.398+0000] {processor.py:157} INFO - Started process (PID=9751) to work on /opt/airflow/dags/S3_UPLOAD_BRONZE_DAG.py
[2026-06-13T01:09:54.407+0000] {processor.py:829} INFO - Processing file /opt/airflow/dags/S3_UPLOAD_BRONZE_DAG.py for tasks to queue
[2026-06-13T01:09:54.408+0000] {logging_mixin.py:154} INFO - [2026-06-13T01:09:54.408+0000] {dagbag.py:536} INFO - Filling up the DagBag from /opt/airflow/dags/S3_UPLOAD_BRONZE_DAG.py
[2026-06-13T01:09:54.424+0000] {processor.py:839} INFO - DAG(s) dict_keys(['daily_vulnerability_ingestion']) retrieved from /opt/airflow/dags/S3_UPLOAD_BRONZE_DAG.py
[2026-06-13T01:09:54.443+0000] {logging_mixin.py:154} INFO - [2026-06-13T01:09:54.443+0000] {dag.py:2941} INFO - Sync 1 DAGs
[2026-06-13T01:09:54.460+0000] {logging_mixin.py:154} INFO - [2026-06-13T01:09:54.460+0000] {dag.py:3722} INFO - Setting next_dagrun for daily_vulnerability_ingestion to 2026-06-12T14:52:05.384041+00:00, run_after=2026-06-13T14:52:05.384041+00:00
[2026-06-13T01:09:54.474+0000] {processor.py:179} INFO - Processing /opt/airflow/dags/S3_UPLOAD_BRONZE_DAG.py took 0.080 seconds
[2026-06-13T01:10:24.594+0000] {processor.py:157} INFO - Started process (PID=9756) to work on /opt/airflow/dags/S3_UPLOAD_BRONZE_DAG.py
[2026-06-13T01:10:24.595+0000] {processor.py:829} INFO - Processing file /opt/airflow/dags/S3_UPLOAD_BRONZE_DAG.py for tasks to queue
[2026-06-13T01:10:24.595+0000] {logging_mixin.py:154} INFO - [2026-06-13T01:10:24.595+0000] {dagbag.py:536} INFO - Filling up the DagBag from /opt/airflow/dags/S3_UPLOAD_BRONZE_DAG.py
[2026-06-13T01:10:24.607+0000] {processor.py:839} INFO - DAG(s) dict_keys(['daily_vulnerability_ingestion']) retrieved from /opt/airflow/dags/S3_UPLOAD_BRONZE_DAG.py
[2026-06-13T01:10:24.627+0000] {logging_mixin.py:154} INFO - [2026-06-13T01:10:24.627+0000] {dag.py:2941} INFO - Sync 1 DAGs
[2026-06-13T01:10:24.642+0000] {logging_mixin.py:154} INFO - [2026-06-13T01:10:24.642+0000] {dag.py:3722} INFO - Setting next_dagrun for daily_vulnerability_ingestion to 2026-06-12T14:52:05.384041+00:00, run_after=2026-06-13T14:52:05.384041+00:00
[2026-06-13T01:10:24.654+0000] {processor.py:179} INFO - Processing /opt/airflow/dags/S3_UPLOAD_BRONZE_DAG.py took 0.063 seconds
[2026-06-13T01:10:54.794+0000] {processor.py:157} INFO - Started process (PID=9761) to work on /opt/airflow/dags/S3_UPLOAD_BRONZE_DAG.py
[2026-06-13T01:10:54.796+0000] {processor.py:829} INFO - Processing file /opt/airflow/dags/S3_UPLOAD_BRONZE_DAG.py for tasks to queue
[2026-06-13T01:10:54.797+0000] {logging_mixin.py:154} INFO - [2026-06-13T01:10:54.796+0000] {dagbag.py:536} INFO - Filling up the DagBag from /opt/airflow/dags/S3_UPLOAD_BRONZE_DAG.py
[2026-06-13T01:10:54.817+0000] {processor.py:839} INFO - DAG(s) dict_keys(['daily_vulnerability_ingestion']) retrieved from /opt/airflow/dags/S3_UPLOAD_BRONZE_DAG.py
[2026-06-13T01:10:54.840+0000] {logging_mixin.py:154} INFO - [2026-06-13T01:10:54.840+0000] {dag.py:2941} INFO - Sync 1 DAGs
[2026-06-13T01:10:54.857+0000] {logging_mixin.py:154} INFO - [2026-06-13T01:10:54.857+0000] {dag.py:3722} INFO - Setting next_dagrun for daily_vulnerability_ingestion to 2026-06-12T14:52:05.384041+00:00, run_after=2026-06-13T14:52:05.384041+00:00
[2026-06-13T01:10:54.870+0000] {processor.py:179} INFO - Processing /opt/airflow/dags/S3_UPLOAD_BRONZE_DAG.py took 0.080 seconds
[2026-06-13T01:11:24.990+0000] {processor.py:157} INFO - Started process (PID=9766) to work on /opt/airflow/dags/S3_UPLOAD_BRONZE_DAG.py
[2026-06-13T01:11:24.991+0000] {processor.py:829} INFO - Processing file /opt/airflow/dags/S3_UPLOAD_BRONZE_DAG.py for tasks to queue
[2026-06-13T01:11:24.993+0000] {logging_mixin.py:154} INFO - [2026-06-13T01:11:24.993+0000] {dagbag.py:536} INFO - Filling up the DagBag from /opt/airflow/dags/S3_UPLOAD_BRONZE_DAG.py
[2026-06-13T01:11:25.012+0000] {processor.py:839} INFO - DAG(s) dict_keys(['daily_vulnerability_ingestion']) retrieved from /opt/airflow/dags/S3_UPLOAD_BRONZE_DAG.py
[2026-06-13T01:11:25.031+0000] {logging_mixin.py:154} INFO - [2026-06-13T01:11:25.031+0000] {dag.py:2941} INFO - Sync 1 DAGs
[2026-06-13T01:11:25.047+0000] {logging_mixin.py:154} INFO - [2026-06-13T01:11:25.047+0000] {dag.py:3722} INFO - Setting next_dagrun for daily_vulnerability_ingestion to 2026-06-12T14:52:05.384041+00:00, run_after=2026-06-13T14:52:05.384041+00:00
[2026-06-13T01:11:25.058+0000] {processor.py:179} INFO - Processing /opt/airflow/dags/S3_UPLOAD_BRONZE_DAG.py took 0.076 seconds
[2026-06-13T01:11:55.195+0000] {processor.py:157} INFO - Started process (PID=9771) to work on /opt/airflow/dags/S3_UPLOAD_BRONZE_DAG.py
[2026-06-13T01:11:55.196+0000] {processor.py:829} INFO - Processing file /opt/airflow/dags/S3_UPLOAD_BRONZE_DAG.py for tasks to queue
[2026-06-13T01:11:55.196+0000] {logging_mixin.py:154} INFO - [2026-06-13T01:11:55.196+0000] {dagbag.py:536} INFO - Filling up the DagBag from /opt/airflow/dags/S3_UPLOAD_BRONZE_DAG.py
[2026-06-13T01:11:55.208+0000] {processor.py:839} INFO - DAG(s) dict_keys(['daily_vulnerability_ingestion']) retrieved from /opt/airflow/dags/S3_UPLOAD_BRONZE_DAG.py
[2026-06-13T01:11:55.227+0000] {logging_mixin.py:154} INFO - [2026-06-13T01:11:55.227+0000] {dag.py:2941} INFO - Sync 1 DAGs
[2026-06-13T01:11:55.242+0000] {logging_mixin.py:154} INFO - [2026-06-13T01:11:55.242+0000] {dag.py:3722} INFO - Setting next_dagrun for daily_vulnerability_ingestion to 2026-06-12T14:52:05.384041+00:00, run_after=2026-06-13T14:52:05.384041+00:00
[2026-06-13T01:11:55.254+0000] {processor.py:179} INFO - Processing /opt/airflow/dags/S3_UPLOAD_BRONZE_DAG.py took 0.062 seconds
[2026-06-13T01:12:25.369+0000] {processor.py:157} INFO - Started process (PID=9776) to work on /opt/airflow/dags/S3_UPLOAD_BRONZE_DAG.py
[2026-06-13T01:12:25.370+0000] {processor.py:829} INFO - Processing file /opt/airflow/dags/S3_UPLOAD_BRONZE_DAG.py for tasks to queue
[2026-06-13T01:12:25.371+0000] {logging_mixin.py:154} INFO - [2026-06-13T01:12:25.371+0000] {dagbag.py:536} INFO - Filling up the DagBag from /opt/airflow/dags/S3_UPLOAD_BRONZE_DAG.py
[2026-06-13T01:12:25.390+0000] {processor.py:839} INFO - DAG(s) dict_keys(['daily_vulnerability_ingestion']) retrieved from /opt/airflow/dags/S3_UPLOAD_BRONZE_DAG.py
[2026-06-13T01:12:25.411+0000] {logging_mixin.py:154} INFO - [2026-06-13T01:12:25.411+0000] {dag.py:2941} INFO - Sync 1 DAGs
[2026-06-13T01:12:25.428+0000] {logging_mixin.py:154} INFO - [2026-06-13T01:12:25.428+0000] {dag.py:3722} INFO - Setting next_dagrun for daily_vulnerability_ingestion to 2026-06-12T14:52:05.384041+00:00, run_after=2026-06-13T14:52:05.384041+00:00
[2026-06-13T01:12:25.440+0000] {processor.py:179} INFO - Processing /opt/airflow/dags/S3_UPLOAD_BRONZE_DAG.py took 0.075 seconds
[2026-06-13T01:12:55.592+0000] {processor.py:157} INFO - Started process (PID=9781) to work on /opt/airflow/dags/S3_UPLOAD_BRONZE_DAG.py
[2026-06-13T01:12:55.601+0000] {processor.py:829} INFO - Processing file /opt/airflow/dags/S3_UPLOAD_BRONZE_DAG.py for tasks to queue
[2026-06-13T01:12:55.602+0000] {logging_mixin.py:154} INFO - [2026-06-13T01:12:55.602+0000] {dagbag.py:536} INFO - Filling up the DagBag from /opt/airflow/dags/S3_UPLOAD_BRONZE_DAG.py
[2026-06-13T01:12:55.618+0000] {processor.py:839} INFO - DAG(s) dict_keys(['daily_vulnerability_ingestion']) retrieved from /opt/airflow/dags/S3_UPLOAD_BRONZE_DAG.py
[2026-06-13T01:12:55.638+0000] {logging_mixin.py:154} INFO - [2026-06-13T01:12:55.638+0000] {dag.py:2941} INFO - Sync 1 DAGs
[2026-06-13T01:12:55.654+0000] {logging_mixin.py:154} INFO - [2026-06-13T01:12:55.654+0000] {dag.py:3722} INFO - Setting next_dagrun for daily_vulnerability_ingestion to 2026-06-12T14:52:05.384041+00:00, run_after=2026-06-13T14:52:05.384041+00:00
[2026-06-13T01:12:55.668+0000] {processor.py:179} INFO - Processing /opt/airflow/dags/S3_UPLOAD_BRONZE_DAG.py took 0.080 seconds
[2026-06-13T01:13:25.760+0000] {processor.py:157} INFO - Started process (PID=9786) to work on /opt/airflow/dags/S3_UPLOAD_BRONZE_DAG.py
[2026-06-13T01:13:25.761+0000] {processor.py:829} INFO - Processing file /opt/airflow/dags/S3_UPLOAD_BRONZE_DAG.py for tasks to queue
[2026-06-13T01:13:25.762+0000] {logging_mixin.py:154} INFO - [2026-06-13T01:13:25.761+0000] {dagbag.py:536} INFO - Filling up the DagBag from /opt/airflow/dags/S3_UPLOAD_BRONZE_DAG.py
[2026-06-13T01:13:25.774+0000] {processor.py:839} INFO - DAG(s) dict_keys(['daily_vulnerability_ingestion']) retrieved from /opt/airflow/dags/S3_UPLOAD_BRONZE_DAG.py
[2026-06-13T01:13:25.794+0000] {logging_mixin.py:154} INFO - [2026-06-13T01:13:25.794+0000] {dag.py:2941} INFO - Sync 1 DAGs
[2026-06-13T01:13:25.811+0000] {logging_mixin.py:154} INFO - [2026-06-13T01:13:25.811+0000] {dag.py:3722} INFO - Setting next_dagrun for daily_vulnerability_ingestion to 2026-06-12T14:52:05.384041+00:00, run_after=2026-06-13T14:52:05.384041+00:00
[2026-06-13T01:13:25.824+0000] {processor.py:179} INFO - Processing /opt/airflow/dags/S3_UPLOAD_BRONZE_DAG.py took 0.066 seconds
[2026-06-13T01:13:55.985+0000] {processor.py:157} INFO - Started process (PID=9791) to work on /opt/airflow/dags/S3_UPLOAD_BRONZE_DAG.py
[2026-06-13T01:13:55.994+0000] {processor.py:829} INFO - Processing file /opt/airflow/dags/S3_UPLOAD_BRONZE_DAG.py for tasks to queue
[2026-06-13T01:13:55.994+0000] {logging_mixin.py:154} INFO - [2026-06-13T01:13:55.994+0000] {dagbag.py:536} INFO - Filling up the DagBag from /opt/airflow/dags/S3_UPLOAD_BRONZE_DAG.py
[2026-06-13T01:13:56.012+0000] {processor.py:839} INFO - DAG(s) dict_keys(['daily_vulnerability_ingestion']) retrieved from /opt/airflow/dags/S3_UPLOAD_BRONZE_DAG.py
[2026-06-13T01:13:56.036+0000] {logging_mixin.py:154} INFO - [2026-06-13T01:13:56.036+0000] {dag.py:2941} INFO - Sync 1 DAGs
[2026-06-13T01:13:56.056+0000] {logging_mixin.py:154} INFO - [2026-06-13T01:13:56.056+0000] {dag.py:3722} INFO - Setting next_dagrun for daily_vulnerability_ingestion to 2026-06-12T14:52:05.384041+00:00, run_after=2026-06-13T14:52:05.384041+00:00
[2026-06-13T01:13:56.068+0000] {processor.py:179} INFO - Processing /opt/airflow/dags/S3_UPLOAD_BRONZE_DAG.py took 0.088 seconds
[2026-06-13T01:14:26.181+0000] {processor.py:157} INFO - Started process (PID=9796) to work on /opt/airflow/dags/S3_UPLOAD_BRONZE_DAG.py
[2026-06-13T01:14:26.183+0000] {processor.py:829} INFO - Processing file /opt/airflow/dags/S3_UPLOAD_BRONZE_DAG.py for tasks to queue
[2026-06-13T01:14:26.184+0000] {logging_mixin.py:154} INFO - [2026-06-13T01:14:26.183+0000] {dagbag.py:536} INFO - Filling up the DagBag from /opt/airflow/dags/S3_UPLOAD_BRONZE_DAG.py
[2026-06-13T01:14:26.201+0000] {processor.py:839} INFO - DAG(s) dict_keys(['daily_vulnerability_ingestion']) retrieved from /opt/airflow/dags/S3_UPLOAD_BRONZE_DAG.py
[2026-06-13T01:14:26.220+0000] {logging_mixin.py:154} INFO - [2026-06-13T01:14:26.220+0000] {dag.py:2941} INFO - Sync 1 DAGs
[2026-06-13T01:14:26.236+0000] {logging_mixin.py:154} INFO - [2026-06-13T01:14:26.236+0000] {dag.py:3722} INFO - Setting next_dagrun for daily_vulnerability_ingestion to 2026-06-12T14:52:05.384041+00:00, run_after=2026-06-13T14:52:05.384041+00:00
[2026-06-13T01:14:26.248+0000] {processor.py:179} INFO - Processing /opt/airflow/dags/S3_UPLOAD_BRONZE_DAG.py took 0.072 seconds
[2026-06-13T01:14:56.382+0000] {processor.py:157} INFO - Started process (PID=9801) to work on /opt/airflow/dags/S3_UPLOAD_BRONZE_DAG.py
[2026-06-13T01:14:56.383+0000] {processor.py:829} INFO - Processing file /opt/airflow/dags/S3_UPLOAD_BRONZE_DAG.py for tasks to queue
[2026-06-13T01:14:56.384+0000] {logging_mixin.py:154} INFO - [2026-06-13T01:14:56.384+0000] {dagbag.py:536} INFO - Filling up the DagBag from /opt/airflow/dags/S3_UPLOAD_BRONZE_DAG.py
[2026-06-13T01:14:56.402+0000] {processor.py:839} INFO - DAG(s) dict_keys(['daily_vulnerability_ingestion']) retrieved from /opt/airflow/dags/S3_UPLOAD_BRONZE_DAG.py
[2026-06-13T01:14:56.421+0000] {logging_mixin.py:154} INFO - [2026-06-13T01:14:56.421+0000] {dag.py:2941} INFO - Sync 1 DAGs
[2026-06-13T01:14:56.438+0000] {logging_mixin.py:154} INFO - [2026-06-13T01:14:56.438+0000] {dag.py:3722} INFO - Setting next_dagrun for daily_vulnerability_ingestion to 2026-06-12T14:52:05.384041+00:00, run_after=2026-06-13T14:52:05.384041+00:00
[2026-06-13T01:14:56.450+0000] {processor.py:179} INFO - Processing /opt/airflow/dags/S3_UPLOAD_BRONZE_DAG.py took 0.072 seconds
[2026-06-13T01:15:26.565+0000] {processor.py:157} INFO - Started process (PID=9806) to work on /opt/airflow/dags/S3_UPLOAD_BRONZE_DAG.py
[2026-06-13T01:15:26.566+0000] {processor.py:829} INFO - Processing file /opt/airflow/dags/S3_UPLOAD_BRONZE_DAG.py for tasks to queue
[2026-06-13T01:15:26.567+0000] {logging_mixin.py:154} INFO - [2026-06-13T01:15:26.567+0000] {dagbag.py:536} INFO - Filling up the DagBag from /opt/airflow/dags/S3_UPLOAD_BRONZE_DAG.py
[2026-06-13T01:15:26.588+0000] {processor.py:839} INFO - DAG(s) dict_keys(['daily_vulnerability_ingestion']) retrieved from /opt/airflow/dags/S3_UPLOAD_BRONZE_DAG.py
[2026-06-13T01:15:26.607+0000] {logging_mixin.py:154} INFO - [2026-06-13T01:15:26.607+0000] {dag.py:2941} INFO - Sync 1 DAGs
[2026-06-13T01:15:26.622+0000] {logging_mixin.py:154} INFO - [2026-06-13T01:15:26.622+0000] {dag.py:3722} INFO - Setting next_dagrun for daily_vulnerability_ingestion to 2026-06-12T14:52:05.384041+00:00, run_after=2026-06-13T14:52:05.384041+00:00
[2026-06-13T01:15:26.635+0000] {processor.py:179} INFO - Processing /opt/airflow/dags/S3_UPLOAD_BRONZE_DAG.py took 0.076 seconds
[2026-06-13T01:15:56.744+0000] {processor.py:157} INFO - Started process (PID=9811) to work on /opt/airflow/dags/S3_UPLOAD_BRONZE_DAG.py
[2026-06-13T01:15:56.751+0000] {processor.py:829} INFO - Processing file /opt/airflow/dags/S3_UPLOAD_BRONZE_DAG.py for tasks to queue
[2026-06-13T01:15:56.752+0000] {logging_mixin.py:154} INFO - [2026-06-13T01:15:56.752+0000] {dagbag.py:536} INFO - Filling up the DagBag from /opt/airflow/dags/S3_UPLOAD_BRONZE_DAG.py
[2026-06-13T01:15:56.764+0000] {processor.py:839} INFO - DAG(s) dict_keys(['daily_vulnerability_ingestion']) retrieved from /opt/airflow/dags/S3_UPLOAD_BRONZE_DAG.py
[2026-06-13T01:15:56.785+0000] {logging_mixin.py:154} INFO - [2026-06-13T01:15:56.785+0000] {dag.py:2941} INFO - Sync 1 DAGs
[2026-06-13T01:15:56.802+0000] {logging_mixin.py:154} INFO - [2026-06-13T01:15:56.802+0000] {dag.py:3722} INFO - Setting next_dagrun for daily_vulnerability_ingestion to 2026-06-12T14:52:05.384041+00:00, run_after=2026-06-13T14:52:05.384041+00:00
[2026-06-13T01:15:56.814+0000] {processor.py:179} INFO - Processing /opt/airflow/dags/S3_UPLOAD_BRONZE_DAG.py took 0.073 seconds
[2026-06-13T01:16:26.930+0000] {processor.py:157} INFO - Started process (PID=9816) to work on /opt/airflow/dags/S3_UPLOAD_BRONZE_DAG.py
[2026-06-13T01:16:26.939+0000] {processor.py:829} INFO - Processing file /opt/airflow/dags/S3_UPLOAD_BRONZE_DAG.py for tasks to queue
[2026-06-13T01:16:26.939+0000] {logging_mixin.py:154} INFO - [2026-06-13T01:16:26.939+0000] {dagbag.py:536} INFO - Filling up the DagBag from /opt/airflow/dags/S3_UPLOAD_BRONZE_DAG.py
[2026-06-13T01:16:26.951+0000] {processor.py:839} INFO - DAG(s) dict_keys(['daily_vulnerability_ingestion']) retrieved from /opt/airflow/dags/S3_UPLOAD_BRONZE_DAG.py
[2026-06-13T01:16:26.970+0000] {logging_mixin.py:154} INFO - [2026-06-13T01:16:26.970+0000] {dag.py:2941} INFO - Sync 1 DAGs
[2026-06-13T01:16:26.986+0000] {logging_mixin.py:154} INFO - [2026-06-13T01:16:26.985+0000] {dag.py:3722} INFO - Setting next_dagrun for daily_vulnerability_ingestion to 2026-06-12T14:52:05.384041+00:00, run_after=2026-06-13T14:52:05.384041+00:00
[2026-06-13T01:16:26.998+0000] {processor.py:179} INFO - Processing /opt/airflow/dags/S3_UPLOAD_BRONZE_DAG.py took 0.070 seconds
[2026-06-13T01:16:57.129+0000] {processor.py:157} INFO - Started process (PID=9821) to work on /opt/airflow/dags/S3_UPLOAD_BRONZE_DAG.py
[2026-06-13T01:16:57.130+0000] {processor.py:829} INFO - Processing file /opt/airflow/dags/S3_UPLOAD_BRONZE_DAG.py for tasks to queue
[2026-06-13T01:16:57.131+0000] {logging_mixin.py:154} INFO - [2026-06-13T01:16:57.130+0000] {dagbag.py:536} INFO - Filling up the DagBag from /opt/airflow/dags/S3_UPLOAD_BRONZE_DAG.py
[2026-06-13T01:16:57.143+0000] {processor.py:839} INFO - DAG(s) dict_keys(['daily_vulnerability_ingestion']) retrieved from /opt/airflow/dags/S3_UPLOAD_BRONZE_DAG.py
[2026-06-13T01:16:57.162+0000] {logging_mixin.py:154} INFO - [2026-06-13T01:16:57.162+0000] {dag.py:2941} INFO - Sync 1 DAGs
[2026-06-13T01:16:57.179+0000] {logging_mixin.py:154} INFO - [2026-06-13T01:16:57.179+0000] {dag.py:3722} INFO - Setting next_dagrun for daily_vulnerability_ingestion to 2026-06-12T14:52:05.384041+00:00, run_after=2026-06-13T14:52:05.384041+00:00
[2026-06-13T01:16:57.192+0000] {processor.py:179} INFO - Processing /opt/airflow/dags/S3_UPLOAD_BRONZE_DAG.py took 0.065 seconds
[2026-06-13T01:17:27.322+0000] {processor.py:157} INFO - Started process (PID=9826) to work on /opt/airflow/dags/S3_UPLOAD_BRONZE_DAG.py
[2026-06-13T01:17:27.332+0000] {processor.py:829} INFO - Processing file /opt/airflow/dags/S3_UPLOAD_BRONZE_DAG.py for tasks to queue
[2026-06-13T01:17:27.333+0000] {logging_mixin.py:154} INFO - [2026-06-13T01:17:27.333+0000] {dagbag.py:536} INFO - Filling up the DagBag from /opt/airflow/dags/S3_UPLOAD_BRONZE_DAG.py
[2026-06-13T01:17:27.364+0000] {processor.py:839} INFO - DAG(s) dict_keys(['daily_vulnerability_ingestion']) retrieved from /opt/airflow/dags/S3_UPLOAD_BRONZE_DAG.py
[2026-06-13T01:17:27.388+0000] {logging_mixin.py:154} INFO - [2026-06-13T01:17:27.388+0000] {dag.py:2941} INFO - Sync 1 DAGs
[2026-06-13T01:17:27.406+0000] {logging_mixin.py:154} INFO - [2026-06-13T01:17:27.406+0000] {dag.py:3722} INFO - Setting next_dagrun for daily_vulnerability_ingestion to 2026-06-12T14:52:05.384041+00:00, run_after=2026-06-13T14:52:05.384041+00:00
[2026-06-13T01:17:27.419+0000] {processor.py:179} INFO - Processing /opt/airflow/dags/S3_UPLOAD_BRONZE_DAG.py took 0.105 seconds
[2026-06-13T01:17:57.538+0000] {processor.py:157} INFO - Started process (PID=9831) to work on /opt/airflow/dags/S3_UPLOAD_BRONZE_DAG.py
[2026-06-13T01:17:57.539+0000] {processor.py:829} INFO - Processing file /opt/airflow/dags/S3_UPLOAD_BRONZE_DAG.py for tasks to queue
[2026-06-13T01:17:57.540+0000] {logging_mixin.py:154} INFO - [2026-06-13T01:17:57.540+0000] {dagbag.py:536} INFO - Filling up the DagBag from /opt/airflow/dags/S3_UPLOAD_BRONZE_DAG.py
[2026-06-13T01:17:57.554+0000] {processor.py:839} INFO - DAG(s) dict_keys(['daily_vulnerability_ingestion']) retrieved from /opt/airflow/dags/S3_UPLOAD_BRONZE_DAG.py
[2026-06-13T01:17:57.574+0000] {logging_mixin.py:154} INFO - [2026-06-13T01:17:57.574+0000] {dag.py:2941} INFO - Sync 1 DAGs
[2026-06-13T01:17:57.591+0000] {logging_mixin.py:154} INFO - [2026-06-13T01:17:57.591+0000] {dag.py:3722} INFO - Setting next_dagrun for daily_vulnerability_ingestion to 2026-06-12T14:52:05.384041+00:00, run_after=2026-06-13T14:52:05.384041+00:00
[2026-06-13T01:17:57.604+0000] {processor.py:179} INFO - Processing /opt/airflow/dags/S3_UPLOAD_BRONZE_DAG.py took 0.069 seconds
[2026-06-13T01:18:27.758+0000] {processor.py:157} INFO - Started process (PID=9836) to work on /opt/airflow/dags/S3_UPLOAD_BRONZE_DAG.py
[2026-06-13T01:18:27.767+0000] {processor.py:829} INFO - Processing file /opt/airflow/dags/S3_UPLOAD_BRONZE_DAG.py for tasks to queue
[2026-06-13T01:18:27.767+0000] {logging_mixin.py:154} INFO - [2026-06-13T01:18:27.767+0000] {dagbag.py:536} INFO - Filling up the DagBag from /opt/airflow/dags/S3_UPLOAD_BRONZE_DAG.py
[2026-06-13T01:18:27.781+0000] {processor.py:839} INFO - DAG(s) dict_keys(['daily_vulnerability_ingestion']) retrieved from /opt/airflow/dags/S3_UPLOAD_BRONZE_DAG.py
[2026-06-13T01:18:27.800+0000] {logging_mixin.py:154} INFO - [2026-06-13T01:18:27.800+0000] {dag.py:2941} INFO - Sync 1 DAGs
[2026-06-13T01:18:27.817+0000] {logging_mixin.py:154} INFO - [2026-06-13T01:18:27.816+0000] {dag.py:3722} INFO - Setting next_dagrun for daily_vulnerability_ingestion to 2026-06-12T14:52:05.384041+00:00, run_after=2026-06-13T14:52:05.384041+00:00
[2026-06-13T01:18:27.829+0000] {processor.py:179} INFO - Processing /opt/airflow/dags/S3_UPLOAD_BRONZE_DAG.py took 0.074 seconds
[2026-06-13T01:18:57.953+0000] {processor.py:157} INFO - Started process (PID=9841) to work on /opt/airflow/dags/S3_UPLOAD_BRONZE_DAG.py
[2026-06-13T01:18:57.954+0000] {processor.py:829} INFO - Processing file /opt/airflow/dags/S3_UPLOAD_BRONZE_DAG.py for tasks to queue
[2026-06-13T01:18:57.955+0000] {logging_mixin.py:154} INFO - [2026-06-13T01:18:57.955+0000] {dagbag.py:536} INFO - Filling up the DagBag from /opt/airflow/dags/S3_UPLOAD_BRONZE_DAG.py
[2026-06-13T01:18:57.972+0000] {processor.py:839} INFO - DAG(s) dict_keys(['daily_vulnerability_ingestion']) retrieved from /opt/airflow/dags/S3_UPLOAD_BRONZE_DAG.py
[2026-06-13T01:18:57.992+0000] {logging_mixin.py:154} INFO - [2026-06-13T01:18:57.991+0000] {dag.py:2941} INFO - Sync 1 DAGs
[2026-06-13T01:18:58.008+0000] {logging_mixin.py:154} INFO - [2026-06-13T01:18:58.007+0000] {dag.py:3722} INFO - Setting next_dagrun for daily_vulnerability_ingestion to 2026-06-12T14:52:05.384041+00:00, run_after=2026-06-13T14:52:05.384041+00:00
[2026-06-13T01:18:58.021+0000] {processor.py:179} INFO - Processing /opt/airflow/dags/S3_UPLOAD_BRONZE_DAG.py took 0.073 seconds
[2026-06-13T01:19:28.201+0000] {processor.py:157} INFO - Started process (PID=9846) to work on /opt/airflow/dags/S3_UPLOAD_BRONZE_DAG.py
[2026-06-13T01:19:28.210+0000] {processor.py:829} INFO - Processing file /opt/airflow/dags/S3_UPLOAD_BRONZE_DAG.py for tasks to queue
[2026-06-13T01:19:28.211+0000] {logging_mixin.py:154} INFO - [2026-06-13T01:19:28.211+0000] {dagbag.py:536} INFO - Filling up the DagBag from /opt/airflow/dags/S3_UPLOAD_BRONZE_DAG.py
[2026-06-13T01:19:28.222+0000] {processor.py:839} INFO - DAG(s) dict_keys(['daily_vulnerability_ingestion']) retrieved from /opt/airflow/dags/S3_UPLOAD_BRONZE_DAG.py
[2026-06-13T01:19:28.240+0000] {logging_mixin.py:154} INFO - [2026-06-13T01:19:28.240+0000] {dag.py:2941} INFO - Sync 1 DAGs
[2026-06-13T01:19:28.256+0000] {logging_mixin.py:154} INFO - [2026-06-13T01:19:28.256+0000] {dag.py:3722} INFO - Setting next_dagrun for daily_vulnerability_ingestion to 2026-06-12T14:52:05.384041+00:00, run_after=2026-06-13T14:52:05.384041+00:00
[2026-06-13T01:19:28.272+0000] {processor.py:179} INFO - Processing /opt/airflow/dags/S3_UPLOAD_BRONZE_DAG.py took 0.075 seconds
[2026-06-13T01:19:58.372+0000] {processor.py:157} INFO - Started process (PID=9851) to work on /opt/airflow/dags/S3_UPLOAD_BRONZE_DAG.py
[2026-06-13T01:19:58.372+0000] {processor.py:829} INFO - Processing file /opt/airflow/dags/S3_UPLOAD_BRONZE_DAG.py for tasks to queue
[2026-06-13T01:19:58.373+0000] {logging_mixin.py:154} INFO - [2026-06-13T01:19:58.373+0000] {dagbag.py:536} INFO - Filling up the DagBag from /opt/airflow/dags/S3_UPLOAD_BRONZE_DAG.py
[2026-06-13T01:19:58.387+0000] {processor.py:839} INFO - DAG(s) dict_keys(['daily_vulnerability_ingestion']) retrieved from /opt/airflow/dags/S3_UPLOAD_BRONZE_DAG.py
[2026-06-13T01:19:58.405+0000] {logging_mixin.py:154} INFO - [2026-06-13T01:19:58.405+0000] {dag.py:2941} INFO - Sync 1 DAGs
[2026-06-13T01:19:58.421+0000] {logging_mixin.py:154} INFO - [2026-06-13T01:19:58.421+0000] {dag.py:3722} INFO - Setting next_dagrun for daily_vulnerability_ingestion to 2026-06-12T14:52:05.384041+00:00, run_after=2026-06-13T14:52:05.384041+00:00
[2026-06-13T01:19:58.434+0000] {processor.py:179} INFO - Processing /opt/airflow/dags/S3_UPLOAD_BRONZE_DAG.py took 0.065 seconds
[2026-06-13T01:20:28.607+0000] {processor.py:157} INFO - Started process (PID=9856) to work on /opt/airflow/dags/S3_UPLOAD_BRONZE_DAG.py
[2026-06-13T01:20:28.615+0000] {processor.py:829} INFO - Processing file /opt/airflow/dags/S3_UPLOAD_BRONZE_DAG.py for tasks to queue
[2026-06-13T01:20:28.616+0000] {logging_mixin.py:154} INFO - [2026-06-13T01:20:28.616+0000] {dagbag.py:536} INFO - Filling up the DagBag from /opt/airflow/dags/S3_UPLOAD_BRONZE_DAG.py
[2026-06-13T01:20:28.633+0000] {processor.py:839} INFO - DAG(s) dict_keys(['daily_vulnerability_ingestion']) retrieved from /opt/airflow/dags/S3_UPLOAD_BRONZE_DAG.py
[2026-06-13T01:20:28.655+0000] {logging_mixin.py:154} INFO - [2026-06-13T01:20:28.655+0000] {dag.py:2941} INFO - Sync 1 DAGs
[2026-06-13T01:20:28.672+0000] {logging_mixin.py:154} INFO - [2026-06-13T01:20:28.672+0000] {dag.py:3722} INFO - Setting next_dagrun for daily_vulnerability_ingestion to 2026-06-12T14:52:05.384041+00:00, run_after=2026-06-13T14:52:05.384041+00:00
[2026-06-13T01:20:28.684+0000] {processor.py:179} INFO - Processing /opt/airflow/dags/S3_UPLOAD_BRONZE_DAG.py took 0.082 seconds
[2026-06-13T01:20:58.785+0000] {processor.py:157} INFO - Started process (PID=9861) to work on /opt/airflow/dags/S3_UPLOAD_BRONZE_DAG.py
[2026-06-13T01:20:58.786+0000] {processor.py:829} INFO - Processing file /opt/airflow/dags/S3_UPLOAD_BRONZE_DAG.py for tasks to queue
[2026-06-13T01:20:58.786+0000] {logging_mixin.py:154} INFO - [2026-06-13T01:20:58.786+0000] {dagbag.py:536} INFO - Filling up the DagBag from /opt/airflow/dags/S3_UPLOAD_BRONZE_DAG.py
[2026-06-13T01:20:58.800+0000] {processor.py:839} INFO - DAG(s) dict_keys(['daily_vulnerability_ingestion']) retrieved from /opt/airflow/dags/S3_UPLOAD_BRONZE_DAG.py
[2026-06-13T01:20:58.821+0000] {logging_mixin.py:154} INFO - [2026-06-13T01:20:58.821+0000] {dag.py:2941} INFO - Sync 1 DAGs
[2026-06-13T01:20:58.838+0000] {logging_mixin.py:154} INFO - [2026-06-13T01:20:58.838+0000] {dag.py:3722} INFO - Setting next_dagrun for daily_vulnerability_ingestion to 2026-06-12T14:52:05.384041+00:00, run_after=2026-06-13T14:52:05.384041+00:00
[2026-06-13T01:20:58.850+0000] {processor.py:179} INFO - Processing /opt/airflow/dags/S3_UPLOAD_BRONZE_DAG.py took 0.068 seconds
[2026-06-13T01:21:29.010+0000] {processor.py:157} INFO - Started process (PID=9866) to work on /opt/airflow/dags/S3_UPLOAD_BRONZE_DAG.py
[2026-06-13T01:21:29.019+0000] {processor.py:829} INFO - Processing file /opt/airflow/dags/S3_UPLOAD_BRONZE_DAG.py for tasks to queue
[2026-06-13T01:21:29.020+0000] {logging_mixin.py:154} INFO - [2026-06-13T01:21:29.020+0000] {dagbag.py:536} INFO - Filling up the DagBag from /opt/airflow/dags/S3_UPLOAD_BRONZE_DAG.py
[2026-06-13T01:21:29.038+0000] {processor.py:839} INFO - DAG(s) dict_keys(['daily_vulnerability_ingestion']) retrieved from /opt/airflow/dags/S3_UPLOAD_BRONZE_DAG.py
[2026-06-13T01:21:29.058+0000] {logging_mixin.py:154} INFO - [2026-06-13T01:21:29.058+0000] {dag.py:2941} INFO - Sync 1 DAGs
[2026-06-13T01:21:29.074+0000] {logging_mixin.py:154} INFO - [2026-06-13T01:21:29.074+0000] {dag.py:3722} INFO - Setting next_dagrun for daily_vulnerability_ingestion to 2026-06-12T14:52:05.384041+00:00, run_after=2026-06-13T14:52:05.384041+00:00
[2026-06-13T01:21:29.089+0000] {processor.py:179} INFO - Processing /opt/airflow/dags/S3_UPLOAD_BRONZE_DAG.py took 0.085 seconds
[2026-06-13T01:21:59.193+0000] {processor.py:157} INFO - Started process (PID=9871) to work on /opt/airflow/dags/S3_UPLOAD_BRONZE_DAG.py
[2026-06-13T01:21:59.194+0000] {processor.py:829} INFO - Processing file /opt/airflow/dags/S3_UPLOAD_BRONZE_DAG.py for tasks to queue
[2026-06-13T01:21:59.195+0000] {logging_mixin.py:154} INFO - [2026-06-13T01:21:59.194+0000] {dagbag.py:536} INFO - Filling up the DagBag from /opt/airflow/dags/S3_UPLOAD_BRONZE_DAG.py
[2026-06-13T01:21:59.209+0000] {processor.py:839} INFO - DAG(s) dict_keys(['daily_vulnerability_ingestion']) retrieved from /opt/airflow/dags/S3_UPLOAD_BRONZE_DAG.py
[2026-06-13T01:21:59.229+0000] {logging_mixin.py:154} INFO - [2026-06-13T01:21:59.228+0000] {dag.py:2941} INFO - Sync 1 DAGs
[2026-06-13T01:21:59.244+0000] {logging_mixin.py:154} INFO - [2026-06-13T01:21:59.244+0000] {dag.py:3722} INFO - Setting next_dagrun for daily_vulnerability_ingestion to 2026-06-12T14:52:05.384041+00:00, run_after=2026-06-13T14:52:05.384041+00:00
[2026-06-13T01:21:59.257+0000] {processor.py:179} INFO - Processing /opt/airflow/dags/S3_UPLOAD_BRONZE_DAG.py took 0.068 seconds
[2026-06-13T01:22:29.421+0000] {processor.py:157} INFO - Started process (PID=9876) to work on /opt/airflow/dags/S3_UPLOAD_BRONZE_DAG.py
[2026-06-13T01:22:29.430+0000] {processor.py:829} INFO - Processing file /opt/airflow/dags/S3_UPLOAD_BRONZE_DAG.py for tasks to queue
[2026-06-13T01:22:29.430+0000] {logging_mixin.py:154} INFO - [2026-06-13T01:22:29.430+0000] {dagbag.py:536} INFO - Filling up the DagBag from /opt/airflow/dags/S3_UPLOAD_BRONZE_DAG.py
[2026-06-13T01:22:29.447+0000] {processor.py:839} INFO - DAG(s) dict_keys(['daily_vulnerability_ingestion']) retrieved from /opt/airflow/dags/S3_UPLOAD_BRONZE_DAG.py
[2026-06-13T01:22:29.467+0000] {logging_mixin.py:154} INFO - [2026-06-13T01:22:29.467+0000] {dag.py:2941} INFO - Sync 1 DAGs
[2026-06-13T01:22:29.484+0000] {logging_mixin.py:154} INFO - [2026-06-13T01:22:29.484+0000] {dag.py:3722} INFO - Setting next_dagrun for daily_vulnerability_ingestion to 2026-06-12T14:52:05.384041+00:00, run_after=2026-06-13T14:52:05.384041+00:00
[2026-06-13T01:22:29.573+0000] {processor.py:179} INFO - Processing /opt/airflow/dags/S3_UPLOAD_BRONZE_DAG.py took 0.157 seconds
[2026-06-13T01:22:59.730+0000] {processor.py:157} INFO - Started process (PID=9881) to work on /opt/airflow/dags/S3_UPLOAD_BRONZE_DAG.py
[2026-06-13T01:22:59.731+0000] {processor.py:829} INFO - Processing file /opt/airflow/dags/S3_UPLOAD_BRONZE_DAG.py for tasks to queue
[2026-06-13T01:22:59.732+0000] {logging_mixin.py:154} INFO - [2026-06-13T01:22:59.732+0000] {dagbag.py:536} INFO - Filling up the DagBag from /opt/airflow/dags/S3_UPLOAD_BRONZE_DAG.py
[2026-06-13T01:22:59.749+0000] {processor.py:839} INFO - DAG(s) dict_keys(['daily_vulnerability_ingestion']) retrieved from /opt/airflow/dags/S3_UPLOAD_BRONZE_DAG.py
[2026-06-13T01:22:59.768+0000] {logging_mixin.py:154} INFO - [2026-06-13T01:22:59.768+0000] {dag.py:2941} INFO - Sync 1 DAGs
[2026-06-13T01:22:59.784+0000] {logging_mixin.py:154} INFO - [2026-06-13T01:22:59.784+0000] {dag.py:3722} INFO - Setting next_dagrun for daily_vulnerability_ingestion to 2026-06-12T14:52:05.384041+00:00, run_after=2026-06-13T14:52:05.384041+00:00
[2026-06-13T01:22:59.797+0000] {processor.py:179} INFO - Processing /opt/airflow/dags/S3_UPLOAD_BRONZE_DAG.py took 0.071 seconds
[2026-06-13T01:23:29.907+0000] {processor.py:157} INFO - Started process (PID=9886) to work on /opt/airflow/dags/S3_UPLOAD_BRONZE_DAG.py
[2026-06-13T01:23:29.916+0000] {processor.py:829} INFO - Processing file /opt/airflow/dags/S3_UPLOAD_BRONZE_DAG.py for tasks to queue
[2026-06-13T01:23:29.917+0000] {logging_mixin.py:154} INFO - [2026-06-13T01:23:29.916+0000] {dagbag.py:536} INFO - Filling up the DagBag from /opt/airflow/dags/S3_UPLOAD_BRONZE_DAG.py
[2026-06-13T01:23:29.934+0000] {processor.py:839} INFO - DAG(s) dict_keys(['daily_vulnerability_ingestion']) retrieved from /opt/airflow/dags/S3_UPLOAD_BRONZE_DAG.py
[2026-06-13T01:23:29.954+0000] {logging_mixin.py:154} INFO - [2026-06-13T01:23:29.954+0000] {dag.py:2941} INFO - Sync 1 DAGs
[2026-06-13T01:23:30.048+0000] {logging_mixin.py:154} INFO - [2026-06-13T01:23:30.048+0000] {dag.py:3722} INFO - Setting next_dagrun for daily_vulnerability_ingestion to 2026-06-12T14:52:05.384041+00:00, run_after=2026-06-13T14:52:05.384041+00:00
[2026-06-13T01:23:30.070+0000] {processor.py:179} INFO - Processing /opt/airflow/dags/S3_UPLOAD_BRONZE_DAG.py took 0.168 seconds
[2026-06-13T01:24:00.144+0000] {processor.py:157} INFO - Started process (PID=9891) to work on /opt/airflow/dags/S3_UPLOAD_BRONZE_DAG.py
[2026-06-13T01:24:00.145+0000] {processor.py:829} INFO - Processing file /opt/airflow/dags/S3_UPLOAD_BRONZE_DAG.py for tasks to queue
[2026-06-13T01:24:00.146+0000] {logging_mixin.py:154} INFO - [2026-06-13T01:24:00.146+0000] {dagbag.py:536} INFO - Filling up the DagBag from /opt/airflow/dags/S3_UPLOAD_BRONZE_DAG.py
[2026-06-13T01:24:00.241+0000] {processor.py:839} INFO - DAG(s) dict_keys(['daily_vulnerability_ingestion']) retrieved from /opt/airflow/dags/S3_UPLOAD_BRONZE_DAG.py
[2026-06-13T01:24:00.258+0000] {logging_mixin.py:154} INFO - [2026-06-13T01:24:00.258+0000] {dag.py:2941} INFO - Sync 1 DAGs
[2026-06-13T01:24:00.274+0000] {logging_mixin.py:154} INFO - [2026-06-13T01:24:00.274+0000] {dag.py:3722} INFO - Setting next_dagrun for daily_vulnerability_ingestion to 2026-06-12T14:52:05.384041+00:00, run_after=2026-06-13T14:52:05.384041+00:00
[2026-06-13T01:24:00.296+0000] {processor.py:179} INFO - Processing /opt/airflow/dags/S3_UPLOAD_BRONZE_DAG.py took 0.156 seconds
[2026-06-13T01:24:30.409+0000] {processor.py:157} INFO - Started process (PID=9896) to work on /opt/airflow/dags/S3_UPLOAD_BRONZE_DAG.py
[2026-06-13T01:24:30.419+0000] {processor.py:829} INFO - Processing file /opt/airflow/dags/S3_UPLOAD_BRONZE_DAG.py for tasks to queue
[2026-06-13T01:24:30.420+0000] {logging_mixin.py:154} INFO - [2026-06-13T01:24:30.420+0000] {dagbag.py:536} INFO - Filling up the DagBag from /opt/airflow/dags/S3_UPLOAD_BRONZE_DAG.py
[2026-06-13T01:24:30.446+0000] {processor.py:839} INFO - DAG(s) dict_keys(['daily_vulnerability_ingestion']) retrieved from /opt/airflow/dags/S3_UPLOAD_BRONZE_DAG.py
[2026-06-13T01:24:30.470+0000] {logging_mixin.py:154} INFO - [2026-06-13T01:24:30.470+0000] {dag.py:2941} INFO - Sync 1 DAGs
[2026-06-13T01:24:30.489+0000] {logging_mixin.py:154} INFO - [2026-06-13T01:24:30.489+0000] {dag.py:3722} INFO - Setting next_dagrun for daily_vulnerability_ingestion to 2026-06-12T14:52:05.384041+00:00, run_after=2026-06-13T14:52:05.384041+00:00
[2026-06-13T01:24:30.502+0000] {processor.py:179} INFO - Processing /opt/airflow/dags/S3_UPLOAD_BRONZE_DAG.py took 0.099 seconds
[2026-06-13T01:25:00.567+0000] {processor.py:157} INFO - Started process (PID=9901) to work on /opt/airflow/dags/S3_UPLOAD_BRONZE_DAG.py
[2026-06-13T01:25:00.568+0000] {processor.py:829} INFO - Processing file /opt/airflow/dags/S3_UPLOAD_BRONZE_DAG.py for tasks to queue
[2026-06-13T01:25:00.569+0000] {logging_mixin.py:154} INFO - [2026-06-13T01:25:00.568+0000] {dagbag.py:536} INFO - Filling up the DagBag from /opt/airflow/dags/S3_UPLOAD_BRONZE_DAG.py
[2026-06-13T01:25:00.583+0000] {processor.py:839} INFO - DAG(s) dict_keys(['daily_vulnerability_ingestion']) retrieved from /opt/airflow/dags/S3_UPLOAD_BRONZE_DAG.py
[2026-06-13T01:25:00.603+0000] {logging_mixin.py:154} INFO - [2026-06-13T01:25:00.603+0000] {dag.py:2941} INFO - Sync 1 DAGs
[2026-06-13T01:25:00.619+0000] {logging_mixin.py:154} INFO - [2026-06-13T01:25:00.619+0000] {dag.py:3722} INFO - Setting next_dagrun for daily_vulnerability_ingestion to 2026-06-12T14:52:05.384041+00:00, run_after=2026-06-13T14:52:05.384041+00:00
[2026-06-13T01:25:00.633+0000] {processor.py:179} INFO - Processing /opt/airflow/dags/S3_UPLOAD_BRONZE_DAG.py took 0.070 seconds
[2026-06-13T01:25:30.830+0000] {processor.py:157} INFO - Started process (PID=9906) to work on /opt/airflow/dags/S3_UPLOAD_BRONZE_DAG.py
[2026-06-13T01:25:30.839+0000] {processor.py:829} INFO - Processing file /opt/airflow/dags/S3_UPLOAD_BRONZE_DAG.py for tasks to queue
[2026-06-13T01:25:30.839+0000] {logging_mixin.py:154} INFO - [2026-06-13T01:25:30.839+0000] {dagbag.py:536} INFO - Filling up the DagBag from /opt/airflow/dags/S3_UPLOAD_BRONZE_DAG.py
[2026-06-13T01:25:30.855+0000] {processor.py:839} INFO - DAG(s) dict_keys(['daily_vulnerability_ingestion']) retrieved from /opt/airflow/dags/S3_UPLOAD_BRONZE_DAG.py
[2026-06-13T01:25:30.876+0000] {logging_mixin.py:154} INFO - [2026-06-13T01:25:30.876+0000] {dag.py:2941} INFO - Sync 1 DAGs
[2026-06-13T01:25:30.891+0000] {logging_mixin.py:154} INFO - [2026-06-13T01:25:30.891+0000] {dag.py:3722} INFO - Setting next_dagrun for daily_vulnerability_ingestion to 2026-06-12T14:52:05.384041+00:00, run_after=2026-06-13T14:52:05.384041+00:00
[2026-06-13T01:25:30.903+0000] {processor.py:179} INFO - Processing /opt/airflow/dags/S3_UPLOAD_BRONZE_DAG.py took 0.077 seconds
[2026-06-13T01:26:01.024+0000] {processor.py:157} INFO - Started process (PID=9911) to work on /opt/airflow/dags/S3_UPLOAD_BRONZE_DAG.py
[2026-06-13T01:26:01.026+0000] {processor.py:829} INFO - Processing file /opt/airflow/dags/S3_UPLOAD_BRONZE_DAG.py for tasks to queue
[2026-06-13T01:26:01.027+0000] {logging_mixin.py:154} INFO - [2026-06-13T01:26:01.026+0000] {dagbag.py:536} INFO - Filling up the DagBag from /opt/airflow/dags/S3_UPLOAD_BRONZE_DAG.py
[2026-06-13T01:26:01.050+0000] {processor.py:839} INFO - DAG(s) dict_keys(['daily_vulnerability_ingestion']) retrieved from /opt/airflow/dags/S3_UPLOAD_BRONZE_DAG.py
[2026-06-13T01:26:01.072+0000] {logging_mixin.py:154} INFO - [2026-06-13T01:26:01.071+0000] {dag.py:2941} INFO - Sync 1 DAGs
[2026-06-13T01:26:01.087+0000] {logging_mixin.py:154} INFO - [2026-06-13T01:26:01.087+0000] {dag.py:3722} INFO - Setting next_dagrun for daily_vulnerability_ingestion to 2026-06-12T14:52:05.384041+00:00, run_after=2026-06-13T14:52:05.384041+00:00
[2026-06-13T01:26:01.099+0000] {processor.py:179} INFO - Processing /opt/airflow/dags/S3_UPLOAD_BRONZE_DAG.py took 0.082 seconds
[2026-06-13T01:26:31.246+0000] {processor.py:157} INFO - Started process (PID=9916) to work on /opt/airflow/dags/S3_UPLOAD_BRONZE_DAG.py
[2026-06-13T01:26:31.255+0000] {processor.py:829} INFO - Processing file /opt/airflow/dags/S3_UPLOAD_BRONZE_DAG.py for tasks to queue
[2026-06-13T01:26:31.257+0000] {logging_mixin.py:154} INFO - [2026-06-13T01:26:31.256+0000] {dagbag.py:536} INFO - Filling up the DagBag from /opt/airflow/dags/S3_UPLOAD_BRONZE_DAG.py
[2026-06-13T01:26:31.279+0000] {processor.py:839} INFO - DAG(s) dict_keys(['daily_vulnerability_ingestion']) retrieved from /opt/airflow/dags/S3_UPLOAD_BRONZE_DAG.py
[2026-06-13T01:26:31.300+0000] {logging_mixin.py:154} INFO - [2026-06-13T01:26:31.300+0000] {dag.py:2941} INFO - Sync 1 DAGs
[2026-06-13T01:26:31.315+0000] {logging_mixin.py:154} INFO - [2026-06-13T01:26:31.315+0000] {dag.py:3722} INFO - Setting next_dagrun for daily_vulnerability_ingestion to 2026-06-12T14:52:05.384041+00:00, run_after=2026-06-13T14:52:05.384041+00:00
[2026-06-13T01:26:31.327+0000] {processor.py:179} INFO - Processing /opt/airflow/dags/S3_UPLOAD_BRONZE_DAG.py took 0.087 seconds
[2026-06-13T01:27:01.447+0000] {processor.py:157} INFO - Started process (PID=9921) to work on /opt/airflow/dags/S3_UPLOAD_BRONZE_DAG.py
[2026-06-13T01:27:01.447+0000] {processor.py:829} INFO - Processing file /opt/airflow/dags/S3_UPLOAD_BRONZE_DAG.py for tasks to queue
[2026-06-13T01:27:01.448+0000] {logging_mixin.py:154} INFO - [2026-06-13T01:27:01.448+0000] {dagbag.py:536} INFO - Filling up the DagBag from /opt/airflow/dags/S3_UPLOAD_BRONZE_DAG.py
[2026-06-13T01:27:01.462+0000] {processor.py:839} INFO - DAG(s) dict_keys(['daily_vulnerability_ingestion']) retrieved from /opt/airflow/dags/S3_UPLOAD_BRONZE_DAG.py
[2026-06-13T01:27:01.482+0000] {logging_mixin.py:154} INFO - [2026-06-13T01:27:01.482+0000] {dag.py:2941} INFO - Sync 1 DAGs
[2026-06-13T01:27:01.498+0000] {logging_mixin.py:154} INFO - [2026-06-13T01:27:01.498+0000] {dag.py:3722} INFO - Setting next_dagrun for daily_vulnerability_ingestion to 2026-06-12T14:52:05.384041+00:00, run_after=2026-06-13T14:52:05.384041+00:00
[2026-06-13T01:27:01.511+0000] {processor.py:179} INFO - Processing /opt/airflow/dags/S3_UPLOAD_BRONZE_DAG.py took 0.068 seconds
[2026-06-13T01:27:31.670+0000] {processor.py:157} INFO - Started process (PID=9926) to work on /opt/airflow/dags/S3_UPLOAD_BRONZE_DAG.py
[2026-06-13T01:27:31.679+0000] {processor.py:829} INFO - Processing file /opt/airflow/dags/S3_UPLOAD_BRONZE_DAG.py for tasks to queue
[2026-06-13T01:27:31.680+0000] {logging_mixin.py:154} INFO - [2026-06-13T01:27:31.680+0000] {dagbag.py:536} INFO - Filling up the DagBag from /opt/airflow/dags/S3_UPLOAD_BRONZE_DAG.py
[2026-06-13T01:27:31.698+0000] {processor.py:839} INFO - DAG(s) dict_keys(['daily_vulnerability_ingestion']) retrieved from /opt/airflow/dags/S3_UPLOAD_BRONZE_DAG.py
[2026-06-13T01:27:31.719+0000] {logging_mixin.py:154} INFO - [2026-06-13T01:27:31.719+0000] {dag.py:2941} INFO - Sync 1 DAGs
[2026-06-13T01:27:31.736+0000] {logging_mixin.py:154} INFO - [2026-06-13T01:27:31.736+0000] {dag.py:3722} INFO - Setting next_dagrun for daily_vulnerability_ingestion to 2026-06-12T14:52:05.384041+00:00, run_after=2026-06-13T14:52:05.384041+00:00
[2026-06-13T01:27:31.748+0000] {processor.py:179} INFO - Processing /opt/airflow/dags/S3_UPLOAD_BRONZE_DAG.py took 0.083 seconds
[2026-06-13T01:28:01.847+0000] {processor.py:157} INFO - Started process (PID=9931) to work on /opt/airflow/dags/S3_UPLOAD_BRONZE_DAG.py
[2026-06-13T01:28:01.847+0000] {processor.py:829} INFO - Processing file /opt/airflow/dags/S3_UPLOAD_BRONZE_DAG.py for tasks to queue
[2026-06-13T01:28:01.848+0000] {logging_mixin.py:154} INFO - [2026-06-13T01:28:01.848+0000] {dagbag.py:536} INFO - Filling up the DagBag from /opt/airflow/dags/S3_UPLOAD_BRONZE_DAG.py
[2026-06-13T01:28:01.864+0000] {processor.py:839} INFO - DAG(s) dict_keys(['daily_vulnerability_ingestion']) retrieved from /opt/airflow/dags/S3_UPLOAD_BRONZE_DAG.py
[2026-06-13T01:28:01.883+0000] {logging_mixin.py:154} INFO - [2026-06-13T01:28:01.883+0000] {dag.py:2941} INFO - Sync 1 DAGs
[2026-06-13T01:28:01.899+0000] {logging_mixin.py:154} INFO - [2026-06-13T01:28:01.899+0000] {dag.py:3722} INFO - Setting next_dagrun for daily_vulnerability_ingestion to 2026-06-12T14:52:05.384041+00:00, run_after=2026-06-13T14:52:05.384041+00:00
[2026-06-13T01:28:01.912+0000] {processor.py:179} INFO - Processing /opt/airflow/dags/S3_UPLOAD_BRONZE_DAG.py took 0.070 seconds
[2026-06-13T01:28:32.066+0000] {processor.py:157} INFO - Started process (PID=9936) to work on /opt/airflow/dags/S3_UPLOAD_BRONZE_DAG.py
[2026-06-13T01:28:32.075+0000] {processor.py:829} INFO - Processing file /opt/airflow/dags/S3_UPLOAD_BRONZE_DAG.py for tasks to queue
[2026-06-13T01:28:32.075+0000] {logging_mixin.py:154} INFO - [2026-06-13T01:28:32.075+0000] {dagbag.py:536} INFO - Filling up the DagBag from /opt/airflow/dags/S3_UPLOAD_BRONZE_DAG.py
[2026-06-13T01:28:32.088+0000] {processor.py:839} INFO - DAG(s) dict_keys(['daily_vulnerability_ingestion']) retrieved from /opt/airflow/dags/S3_UPLOAD_BRONZE_DAG.py
[2026-06-13T01:28:32.109+0000] {logging_mixin.py:154} INFO - [2026-06-13T01:28:32.109+0000] {dag.py:2941} INFO - Sync 1 DAGs
[2026-06-13T01:28:32.124+0000] {logging_mixin.py:154} INFO - [2026-06-13T01:28:32.124+0000] {dag.py:3722} INFO - Setting next_dagrun for daily_vulnerability_ingestion to 2026-06-12T14:52:05.384041+00:00, run_after=2026-06-13T14:52:05.384041+00:00
[2026-06-13T01:28:32.138+0000] {processor.py:179} INFO - Processing /opt/airflow/dags/S3_UPLOAD_BRONZE_DAG.py took 0.075 seconds
[2026-06-13T01:29:02.278+0000] {processor.py:157} INFO - Started process (PID=9941) to work on /opt/airflow/dags/S3_UPLOAD_BRONZE_DAG.py
[2026-06-13T01:29:02.279+0000] {processor.py:829} INFO - Processing file /opt/airflow/dags/S3_UPLOAD_BRONZE_DAG.py for tasks to queue
[2026-06-13T01:29:02.279+0000] {logging_mixin.py:154} INFO - [2026-06-13T01:29:02.279+0000] {dagbag.py:536} INFO - Filling up the DagBag from /opt/airflow/dags/S3_UPLOAD_BRONZE_DAG.py
[2026-06-13T01:29:02.294+0000] {processor.py:839} INFO - DAG(s) dict_keys(['daily_vulnerability_ingestion']) retrieved from /opt/airflow/dags/S3_UPLOAD_BRONZE_DAG.py
[2026-06-13T01:29:02.314+0000] {logging_mixin.py:154} INFO - [2026-06-13T01:29:02.314+0000] {dag.py:2941} INFO - Sync 1 DAGs
[2026-06-13T01:29:02.331+0000] {logging_mixin.py:154} INFO - [2026-06-13T01:29:02.330+0000] {dag.py:3722} INFO - Setting next_dagrun for daily_vulnerability_ingestion to 2026-06-12T14:52:05.384041+00:00, run_after=2026-06-13T14:52:05.384041+00:00
[2026-06-13T01:29:02.343+0000] {processor.py:179} INFO - Processing /opt/airflow/dags/S3_UPLOAD_BRONZE_DAG.py took 0.069 seconds
[2026-06-13T01:29:32.502+0000] {processor.py:157} INFO - Started process (PID=9946) to work on /opt/airflow/dags/S3_UPLOAD_BRONZE_DAG.py
[2026-06-13T01:29:32.511+0000] {processor.py:829} INFO - Processing file /opt/airflow/dags/S3_UPLOAD_BRONZE_DAG.py for tasks to queue
[2026-06-13T01:29:32.511+0000] {logging_mixin.py:154} INFO - [2026-06-13T01:29:32.511+0000] {dagbag.py:536} INFO - Filling up the DagBag from /opt/airflow/dags/S3_UPLOAD_BRONZE_DAG.py
[2026-06-13T01:29:32.525+0000] {processor.py:839} INFO - DAG(s) dict_keys(['daily_vulnerability_ingestion']) retrieved from /opt/airflow/dags/S3_UPLOAD_BRONZE_DAG.py
[2026-06-13T01:29:32.544+0000] {logging_mixin.py:154} INFO - [2026-06-13T01:29:32.543+0000] {dag.py:2941} INFO - Sync 1 DAGs
[2026-06-13T01:29:32.559+0000] {logging_mixin.py:154} INFO - [2026-06-13T01:29:32.559+0000] {dag.py:3722} INFO - Setting next_dagrun for daily_vulnerability_ingestion to 2026-06-12T14:52:05.384041+00:00, run_after=2026-06-13T14:52:05.384041+00:00
[2026-06-13T01:29:32.572+0000] {processor.py:179} INFO - Processing /opt/airflow/dags/S3_UPLOAD_BRONZE_DAG.py took 0.075 seconds
[2026-06-13T01:30:02.713+0000] {processor.py:157} INFO - Started process (PID=9951) to work on /opt/airflow/dags/S3_UPLOAD_BRONZE_DAG.py
[2026-06-13T01:30:02.715+0000] {processor.py:829} INFO - Processing file /opt/airflow/dags/S3_UPLOAD_BRONZE_DAG.py for tasks to queue
[2026-06-13T01:30:02.716+0000] {logging_mixin.py:154} INFO - [2026-06-13T01:30:02.716+0000] {dagbag.py:536} INFO - Filling up the DagBag from /opt/airflow/dags/S3_UPLOAD_BRONZE_DAG.py
[2026-06-13T01:30:02.736+0000] {processor.py:839} INFO - DAG(s) dict_keys(['daily_vulnerability_ingestion']) retrieved from /opt/airflow/dags/S3_UPLOAD_BRONZE_DAG.py
[2026-06-13T01:30:02.756+0000] {logging_mixin.py:154} INFO - [2026-06-13T01:30:02.755+0000] {dag.py:2941} INFO - Sync 1 DAGs
[2026-06-13T01:30:02.771+0000] {logging_mixin.py:154} INFO - [2026-06-13T01:30:02.771+0000] {dag.py:3722} INFO - Setting next_dagrun for daily_vulnerability_ingestion to 2026-06-12T14:52:05.384041+00:00, run_after=2026-06-13T14:52:05.384041+00:00
[2026-06-13T01:30:02.783+0000] {processor.py:179} INFO - Processing /opt/airflow/dags/S3_UPLOAD_BRONZE_DAG.py took 0.077 seconds
[2026-06-13T01:30:32.908+0000] {processor.py:157} INFO - Started process (PID=9956) to work on /opt/airflow/dags/S3_UPLOAD_BRONZE_DAG.py
[2026-06-13T01:30:32.917+0000] {processor.py:829} INFO - Processing file /opt/airflow/dags/S3_UPLOAD_BRONZE_DAG.py for tasks to queue
[2026-06-13T01:30:32.919+0000] {logging_mixin.py:154} INFO - [2026-06-13T01:30:32.918+0000] {dagbag.py:536} INFO - Filling up the DagBag from /opt/airflow/dags/S3_UPLOAD_BRONZE_DAG.py
[2026-06-13T01:30:32.938+0000] {processor.py:839} INFO - DAG(s) dict_keys(['daily_vulnerability_ingestion']) retrieved from /opt/airflow/dags/S3_UPLOAD_BRONZE_DAG.py
[2026-06-13T01:30:32.958+0000] {logging_mixin.py:154} INFO - [2026-06-13T01:30:32.958+0000] {dag.py:2941} INFO - Sync 1 DAGs
[2026-06-13T01:30:32.974+0000] {logging_mixin.py:154} INFO - [2026-06-13T01:30:32.974+0000] {dag.py:3722} INFO - Setting next_dagrun for daily_vulnerability_ingestion to 2026-06-12T14:52:05.384041+00:00, run_after=2026-06-13T14:52:05.384041+00:00
[2026-06-13T01:30:32.986+0000] {processor.py:179} INFO - Processing /opt/airflow/dags/S3_UPLOAD_BRONZE_DAG.py took 0.082 seconds
[2026-06-13T01:31:03.108+0000] {processor.py:157} INFO - Started process (PID=9961) to work on /opt/airflow/dags/S3_UPLOAD_BRONZE_DAG.py
[2026-06-13T01:31:03.109+0000] {processor.py:829} INFO - Processing file /opt/airflow/dags/S3_UPLOAD_BRONZE_DAG.py for tasks to queue
[2026-06-13T01:31:03.110+0000] {logging_mixin.py:154} INFO - [2026-06-13T01:31:03.110+0000] {dagbag.py:536} INFO - Filling up the DagBag from /opt/airflow/dags/S3_UPLOAD_BRONZE_DAG.py
[2026-06-13T01:31:03.130+0000] {processor.py:839} INFO - DAG(s) dict_keys(['daily_vulnerability_ingestion']) retrieved from /opt/airflow/dags/S3_UPLOAD_BRONZE_DAG.py
[2026-06-13T01:31:03.152+0000] {logging_mixin.py:154} INFO - [2026-06-13T01:31:03.151+0000] {dag.py:2941} INFO - Sync 1 DAGs
[2026-06-13T01:31:03.168+0000] {logging_mixin.py:154} INFO - [2026-06-13T01:31:03.168+0000] {dag.py:3722} INFO - Setting next_dagrun for daily_vulnerability_ingestion to 2026-06-12T14:52:05.384041+00:00, run_after=2026-06-13T14:52:05.384041+00:00
[2026-06-13T01:31:03.185+0000] {processor.py:179} INFO - Processing /opt/airflow/dags/S3_UPLOAD_BRONZE_DAG.py took 0.082 seconds
[2026-06-13T01:31:33.325+0000] {processor.py:157} INFO - Started process (PID=9966) to work on /opt/airflow/dags/S3_UPLOAD_BRONZE_DAG.py
[2026-06-13T01:31:33.334+0000] {processor.py:829} INFO - Processing file /opt/airflow/dags/S3_UPLOAD_BRONZE_DAG.py for tasks to queue
[2026-06-13T01:31:33.335+0000] {logging_mixin.py:154} INFO - [2026-06-13T01:31:33.335+0000] {dagbag.py:536} INFO - Filling up the DagBag from /opt/airflow/dags/S3_UPLOAD_BRONZE_DAG.py
[2026-06-13T01:31:33.348+0000] {processor.py:839} INFO - DAG(s) dict_keys(['daily_vulnerability_ingestion']) retrieved from /opt/airflow/dags/S3_UPLOAD_BRONZE_DAG.py
[2026-06-13T01:31:33.368+0000] {logging_mixin.py:154} INFO - [2026-06-13T01:31:33.368+0000] {dag.py:2941} INFO - Sync 1 DAGs
[2026-06-13T01:31:33.384+0000] {logging_mixin.py:154} INFO - [2026-06-13T01:31:33.384+0000] {dag.py:3722} INFO - Setting next_dagrun for daily_vulnerability_ingestion to 2026-06-12T14:52:05.384041+00:00, run_after=2026-06-13T14:52:05.384041+00:00
[2026-06-13T01:31:33.397+0000] {processor.py:179} INFO - Processing /opt/airflow/dags/S3_UPLOAD_BRONZE_DAG.py took 0.076 seconds
[2026-06-13T01:32:03.523+0000] {processor.py:157} INFO - Started process (PID=9971) to work on /opt/airflow/dags/S3_UPLOAD_BRONZE_DAG.py
[2026-06-13T01:32:03.525+0000] {processor.py:829} INFO - Processing file /opt/airflow/dags/S3_UPLOAD_BRONZE_DAG.py for tasks to queue
[2026-06-13T01:32:03.527+0000] {logging_mixin.py:154} INFO - [2026-06-13T01:32:03.526+0000] {dagbag.py:536} INFO - Filling up the DagBag from /opt/airflow/dags/S3_UPLOAD_BRONZE_DAG.py
[2026-06-13T01:32:03.547+0000] {processor.py:839} INFO - DAG(s) dict_keys(['daily_vulnerability_ingestion']) retrieved from /opt/airflow/dags/S3_UPLOAD_BRONZE_DAG.py
[2026-06-13T01:32:03.567+0000] {logging_mixin.py:154} INFO - [2026-06-13T01:32:03.566+0000] {dag.py:2941} INFO - Sync 1 DAGs
[2026-06-13T01:32:03.583+0000] {logging_mixin.py:154} INFO - [2026-06-13T01:32:03.582+0000] {dag.py:3722} INFO - Setting next_dagrun for daily_vulnerability_ingestion to 2026-06-12T14:52:05.384041+00:00, run_after=2026-06-13T14:52:05.384041+00:00
[2026-06-13T01:32:03.595+0000] {processor.py:179} INFO - Processing /opt/airflow/dags/S3_UPLOAD_BRONZE_DAG.py took 0.078 seconds
[2026-06-13T01:32:33.723+0000] {processor.py:157} INFO - Started process (PID=9976) to work on /opt/airflow/dags/S3_UPLOAD_BRONZE_DAG.py
[2026-06-13T01:32:33.732+0000] {processor.py:829} INFO - Processing file /opt/airflow/dags/S3_UPLOAD_BRONZE_DAG.py for tasks to queue
[2026-06-13T01:32:33.733+0000] {logging_mixin.py:154} INFO - [2026-06-13T01:32:33.732+0000] {dagbag.py:536} INFO - Filling up the DagBag from /opt/airflow/dags/S3_UPLOAD_BRONZE_DAG.py
[2026-06-13T01:32:33.748+0000] {processor.py:839} INFO - DAG(s) dict_keys(['daily_vulnerability_ingestion']) retrieved from /opt/airflow/dags/S3_UPLOAD_BRONZE_DAG.py
[2026-06-13T01:32:33.768+0000] {logging_mixin.py:154} INFO - [2026-06-13T01:32:33.768+0000] {dag.py:2941} INFO - Sync 1 DAGs
[2026-06-13T01:32:33.784+0000] {logging_mixin.py:154} INFO - [2026-06-13T01:32:33.784+0000] {dag.py:3722} INFO - Setting next_dagrun for daily_vulnerability_ingestion to 2026-06-12T14:52:05.384041+00:00, run_after=2026-06-13T14:52:05.384041+00:00
[2026-06-13T01:32:33.797+0000] {processor.py:179} INFO - Processing /opt/airflow/dags/S3_UPLOAD_BRONZE_DAG.py took 0.077 seconds
[2026-06-13T01:33:03.908+0000] {processor.py:157} INFO - Started process (PID=9981) to work on /opt/airflow/dags/S3_UPLOAD_BRONZE_DAG.py
[2026-06-13T01:33:03.909+0000] {processor.py:829} INFO - Processing file /opt/airflow/dags/S3_UPLOAD_BRONZE_DAG.py for tasks to queue
[2026-06-13T01:33:03.910+0000] {logging_mixin.py:154} INFO - [2026-06-13T01:33:03.909+0000] {dagbag.py:536} INFO - Filling up the DagBag from /opt/airflow/dags/S3_UPLOAD_BRONZE_DAG.py
[2026-06-13T01:33:03.923+0000] {processor.py:839} INFO - DAG(s) dict_keys(['daily_vulnerability_ingestion']) retrieved from /opt/airflow/dags/S3_UPLOAD_BRONZE_DAG.py
[2026-06-13T01:33:03.942+0000] {logging_mixin.py:154} INFO - [2026-06-13T01:33:03.942+0000] {dag.py:2941} INFO - Sync 1 DAGs
[2026-06-13T01:33:03.959+0000] {logging_mixin.py:154} INFO - [2026-06-13T01:33:03.959+0000] {dag.py:3722} INFO - Setting next_dagrun for daily_vulnerability_ingestion to 2026-06-12T14:52:05.384041+00:00, run_after=2026-06-13T14:52:05.384041+00:00
[2026-06-13T01:33:03.970+0000] {processor.py:179} INFO - Processing /opt/airflow/dags/S3_UPLOAD_BRONZE_DAG.py took 0.066 seconds
[2026-06-13T01:33:34.107+0000] {processor.py:157} INFO - Started process (PID=9986) to work on /opt/airflow/dags/S3_UPLOAD_BRONZE_DAG.py
[2026-06-13T01:33:34.108+0000] {processor.py:829} INFO - Processing file /opt/airflow/dags/S3_UPLOAD_BRONZE_DAG.py for tasks to queue
[2026-06-13T01:33:34.109+0000] {logging_mixin.py:154} INFO - [2026-06-13T01:33:34.108+0000] {dagbag.py:536} INFO - Filling up the DagBag from /opt/airflow/dags/S3_UPLOAD_BRONZE_DAG.py
[2026-06-13T01:33:34.127+0000] {processor.py:839} INFO - DAG(s) dict_keys(['daily_vulnerability_ingestion']) retrieved from /opt/airflow/dags/S3_UPLOAD_BRONZE_DAG.py
[2026-06-13T01:33:34.146+0000] {logging_mixin.py:154} INFO - [2026-06-13T01:33:34.146+0000] {dag.py:2941} INFO - Sync 1 DAGs
[2026-06-13T01:33:34.162+0000] {logging_mixin.py:154} INFO - [2026-06-13T01:33:34.161+0000] {dag.py:3722} INFO - Setting next_dagrun for daily_vulnerability_ingestion to 2026-06-12T14:52:05.384041+00:00, run_after=2026-06-13T14:52:05.384041+00:00
[2026-06-13T01:33:34.174+0000] {processor.py:179} INFO - Processing /opt/airflow/dags/S3_UPLOAD_BRONZE_DAG.py took 0.072 seconds
[2026-06-13T01:34:04.278+0000] {processor.py:157} INFO - Started process (PID=9991) to work on /opt/airflow/dags/S3_UPLOAD_BRONZE_DAG.py
[2026-06-13T01:34:04.279+0000] {processor.py:829} INFO - Processing file /opt/airflow/dags/S3_UPLOAD_BRONZE_DAG.py for tasks to queue
[2026-06-13T01:34:04.280+0000] {logging_mixin.py:154} INFO - [2026-06-13T01:34:04.279+0000] {dagbag.py:536} INFO - Filling up the DagBag from /opt/airflow/dags/S3_UPLOAD_BRONZE_DAG.py
[2026-06-13T01:34:04.295+0000] {processor.py:839} INFO - DAG(s) dict_keys(['daily_vulnerability_ingestion']) retrieved from /opt/airflow/dags/S3_UPLOAD_BRONZE_DAG.py
[2026-06-13T01:34:04.320+0000] {logging_mixin.py:154} INFO - [2026-06-13T01:34:04.320+0000] {dag.py:2941} INFO - Sync 1 DAGs
[2026-06-13T01:34:04.339+0000] {logging_mixin.py:154} INFO - [2026-06-13T01:34:04.339+0000] {dag.py:3722} INFO - Setting next_dagrun for daily_vulnerability_ingestion to 2026-06-12T14:52:05.384041+00:00, run_after=2026-06-13T14:52:05.384041+00:00
[2026-06-13T01:34:04.353+0000] {processor.py:179} INFO - Processing /opt/airflow/dags/S3_UPLOAD_BRONZE_DAG.py took 0.078 seconds
[2026-06-13T01:34:34.494+0000] {processor.py:157} INFO - Started process (PID=9996) to work on /opt/airflow/dags/S3_UPLOAD_BRONZE_DAG.py
[2026-06-13T01:34:34.503+0000] {processor.py:829} INFO - Processing file /opt/airflow/dags/S3_UPLOAD_BRONZE_DAG.py for tasks to queue
[2026-06-13T01:34:34.504+0000] {logging_mixin.py:154} INFO - [2026-06-13T01:34:34.504+0000] {dagbag.py:536} INFO - Filling up the DagBag from /opt/airflow/dags/S3_UPLOAD_BRONZE_DAG.py
[2026-06-13T01:34:34.518+0000] {processor.py:839} INFO - DAG(s) dict_keys(['daily_vulnerability_ingestion']) retrieved from /opt/airflow/dags/S3_UPLOAD_BRONZE_DAG.py
[2026-06-13T01:34:34.537+0000] {logging_mixin.py:154} INFO - [2026-06-13T01:34:34.537+0000] {dag.py:2941} INFO - Sync 1 DAGs
[2026-06-13T01:34:34.553+0000] {logging_mixin.py:154} INFO - [2026-06-13T01:34:34.553+0000] {dag.py:3722} INFO - Setting next_dagrun for daily_vulnerability_ingestion to 2026-06-12T14:52:05.384041+00:00, run_after=2026-06-13T14:52:05.384041+00:00
[2026-06-13T01:34:34.566+0000] {processor.py:179} INFO - Processing /opt/airflow/dags/S3_UPLOAD_BRONZE_DAG.py took 0.079 seconds
[2026-06-13T01:35:04.703+0000] {processor.py:157} INFO - Started process (PID=10001) to work on /opt/airflow/dags/S3_UPLOAD_BRONZE_DAG.py
[2026-06-13T01:35:04.704+0000] {processor.py:829} INFO - Processing file /opt/airflow/dags/S3_UPLOAD_BRONZE_DAG.py for tasks to queue
[2026-06-13T01:35:04.705+0000] {logging_mixin.py:154} INFO - [2026-06-13T01:35:04.705+0000] {dagbag.py:536} INFO - Filling up the DagBag from /opt/airflow/dags/S3_UPLOAD_BRONZE_DAG.py
[2026-06-13T01:35:04.724+0000] {processor.py:839} INFO - DAG(s) dict_keys(['daily_vulnerability_ingestion']) retrieved from /opt/airflow/dags/S3_UPLOAD_BRONZE_DAG.py
[2026-06-13T01:35:04.744+0000] {logging_mixin.py:154} INFO - [2026-06-13T01:35:04.744+0000] {dag.py:2941} INFO - Sync 1 DAGs
[2026-06-13T01:35:04.764+0000] {logging_mixin.py:154} INFO - [2026-06-13T01:35:04.763+0000] {dag.py:3722} INFO - Setting next_dagrun for daily_vulnerability_ingestion to 2026-06-12T14:52:05.384041+00:00, run_after=2026-06-13T14:52:05.384041+00:00
[2026-06-13T01:35:04.776+0000] {processor.py:179} INFO - Processing /opt/airflow/dags/S3_UPLOAD_BRONZE_DAG.py took 0.082 seconds
[2026-06-13T01:35:34.904+0000] {processor.py:157} INFO - Started process (PID=10006) to work on /opt/airflow/dags/S3_UPLOAD_BRONZE_DAG.py
[2026-06-13T01:35:34.913+0000] {processor.py:829} INFO - Processing file /opt/airflow/dags/S3_UPLOAD_BRONZE_DAG.py for tasks to queue
[2026-06-13T01:35:34.914+0000] {logging_mixin.py:154} INFO - [2026-06-13T01:35:34.914+0000] {dagbag.py:536} INFO - Filling up the DagBag from /opt/airflow/dags/S3_UPLOAD_BRONZE_DAG.py
[2026-06-13T01:35:34.926+0000] {processor.py:839} INFO - DAG(s) dict_keys(['daily_vulnerability_ingestion']) retrieved from /opt/airflow/dags/S3_UPLOAD_BRONZE_DAG.py
[2026-06-13T01:35:34.944+0000] {logging_mixin.py:154} INFO - [2026-06-13T01:35:34.944+0000] {dag.py:2941} INFO - Sync 1 DAGs
[2026-06-13T01:35:34.961+0000] {logging_mixin.py:154} INFO - [2026-06-13T01:35:34.961+0000] {dag.py:3722} INFO - Setting next_dagrun for daily_vulnerability_ingestion to 2026-06-12T14:52:05.384041+00:00, run_after=2026-06-13T14:52:05.384041+00:00
[2026-06-13T01:35:34.974+0000] {processor.py:179} INFO - Processing /opt/airflow/dags/S3_UPLOAD_BRONZE_DAG.py took 0.073 seconds
[2026-06-13T01:36:05.107+0000] {processor.py:157} INFO - Started process (PID=10011) to work on /opt/airflow/dags/S3_UPLOAD_BRONZE_DAG.py
[2026-06-13T01:36:05.108+0000] {processor.py:829} INFO - Processing file /opt/airflow/dags/S3_UPLOAD_BRONZE_DAG.py for tasks to queue
[2026-06-13T01:36:05.108+0000] {logging_mixin.py:154} INFO - [2026-06-13T01:36:05.108+0000] {dagbag.py:536} INFO - Filling up the DagBag from /opt/airflow/dags/S3_UPLOAD_BRONZE_DAG.py
[2026-06-13T01:36:05.124+0000] {processor.py:839} INFO - DAG(s) dict_keys(['daily_vulnerability_ingestion']) retrieved from /opt/airflow/dags/S3_UPLOAD_BRONZE_DAG.py
[2026-06-13T01:36:05.142+0000] {logging_mixin.py:154} INFO - [2026-06-13T01:36:05.142+0000] {dag.py:2941} INFO - Sync 1 DAGs
[2026-06-13T01:36:05.157+0000] {logging_mixin.py:154} INFO - [2026-06-13T01:36:05.157+0000] {dag.py:3722} INFO - Setting next_dagrun for daily_vulnerability_ingestion to 2026-06-12T14:52:05.384041+00:00, run_after=2026-06-13T14:52:05.384041+00:00
[2026-06-13T01:36:05.169+0000] {processor.py:179} INFO - Processing /opt/airflow/dags/S3_UPLOAD_BRONZE_DAG.py took 0.066 seconds
[2026-06-13T01:36:35.290+0000] {processor.py:157} INFO - Started process (PID=10016) to work on /opt/airflow/dags/S3_UPLOAD_BRONZE_DAG.py
[2026-06-13T01:36:35.291+0000] {processor.py:829} INFO - Processing file /opt/airflow/dags/S3_UPLOAD_BRONZE_DAG.py for tasks to queue
[2026-06-13T01:36:35.292+0000] {logging_mixin.py:154} INFO - [2026-06-13T01:36:35.292+0000] {dagbag.py:536} INFO - Filling up the DagBag from /opt/airflow/dags/S3_UPLOAD_BRONZE_DAG.py
[2026-06-13T01:36:35.305+0000] {processor.py:839} INFO - DAG(s) dict_keys(['daily_vulnerability_ingestion']) retrieved from /opt/airflow/dags/S3_UPLOAD_BRONZE_DAG.py
[2026-06-13T01:36:35.324+0000] {logging_mixin.py:154} INFO - [2026-06-13T01:36:35.324+0000] {dag.py:2941} INFO - Sync 1 DAGs
[2026-06-13T01:36:35.342+0000] {logging_mixin.py:154} INFO - [2026-06-13T01:36:35.342+0000] {dag.py:3722} INFO - Setting next_dagrun for daily_vulnerability_ingestion to 2026-06-12T14:52:05.384041+00:00, run_after=2026-06-13T14:52:05.384041+00:00
[2026-06-13T01:36:35.354+0000] {processor.py:179} INFO - Processing /opt/airflow/dags/S3_UPLOAD_BRONZE_DAG.py took 0.067 seconds
[2026-06-13T01:37:05.491+0000] {processor.py:157} INFO - Started process (PID=10021) to work on /opt/airflow/dags/S3_UPLOAD_BRONZE_DAG.py
[2026-06-13T01:37:05.492+0000] {processor.py:829} INFO - Processing file /opt/airflow/dags/S3_UPLOAD_BRONZE_DAG.py for tasks to queue
[2026-06-13T01:37:05.493+0000] {logging_mixin.py:154} INFO - [2026-06-13T01:37:05.492+0000] {dagbag.py:536} INFO - Filling up the DagBag from /opt/airflow/dags/S3_UPLOAD_BRONZE_DAG.py
[2026-06-13T01:37:05.507+0000] {processor.py:839} INFO - DAG(s) dict_keys(['daily_vulnerability_ingestion']) retrieved from /opt/airflow/dags/S3_UPLOAD_BRONZE_DAG.py
[2026-06-13T01:37:05.528+0000] {logging_mixin.py:154} INFO - [2026-06-13T01:37:05.528+0000] {dag.py:2941} INFO - Sync 1 DAGs
[2026-06-13T01:37:05.544+0000] {logging_mixin.py:154} INFO - [2026-06-13T01:37:05.544+0000] {dag.py:3722} INFO - Setting next_dagrun for daily_vulnerability_ingestion to 2026-06-12T14:52:05.384041+00:00, run_after=2026-06-13T14:52:05.384041+00:00
[2026-06-13T01:37:05.558+0000] {processor.py:179} INFO - Processing /opt/airflow/dags/S3_UPLOAD_BRONZE_DAG.py took 0.071 seconds
[2026-06-13T01:37:35.685+0000] {processor.py:157} INFO - Started process (PID=10026) to work on /opt/airflow/dags/S3_UPLOAD_BRONZE_DAG.py
[2026-06-13T01:37:35.694+0000] {processor.py:829} INFO - Processing file /opt/airflow/dags/S3_UPLOAD_BRONZE_DAG.py for tasks to queue
[2026-06-13T01:37:35.695+0000] {logging_mixin.py:154} INFO - [2026-06-13T01:37:35.695+0000] {dagbag.py:536} INFO - Filling up the DagBag from /opt/airflow/dags/S3_UPLOAD_BRONZE_DAG.py
[2026-06-13T01:37:35.708+0000] {processor.py:839} INFO - DAG(s) dict_keys(['daily_vulnerability_ingestion']) retrieved from /opt/airflow/dags/S3_UPLOAD_BRONZE_DAG.py
[2026-06-13T01:37:35.728+0000] {logging_mixin.py:154} INFO - [2026-06-13T01:37:35.728+0000] {dag.py:2941} INFO - Sync 1 DAGs
[2026-06-13T01:37:35.745+0000] {logging_mixin.py:154} INFO - [2026-06-13T01:37:35.744+0000] {dag.py:3722} INFO - Setting next_dagrun for daily_vulnerability_ingestion to 2026-06-12T14:52:05.384041+00:00, run_after=2026-06-13T14:52:05.384041+00:00
[2026-06-13T01:37:35.757+0000] {processor.py:179} INFO - Processing /opt/airflow/dags/S3_UPLOAD_BRONZE_DAG.py took 0.075 seconds
[2026-06-13T01:38:05.903+0000] {processor.py:157} INFO - Started process (PID=10031) to work on /opt/airflow/dags/S3_UPLOAD_BRONZE_DAG.py
[2026-06-13T01:38:05.904+0000] {processor.py:829} INFO - Processing file /opt/airflow/dags/S3_UPLOAD_BRONZE_DAG.py for tasks to queue
[2026-06-13T01:38:05.905+0000] {logging_mixin.py:154} INFO - [2026-06-13T01:38:05.904+0000] {dagbag.py:536} INFO - Filling up the DagBag from /opt/airflow/dags/S3_UPLOAD_BRONZE_DAG.py
[2026-06-13T01:38:05.920+0000] {processor.py:839} INFO - DAG(s) dict_keys(['daily_vulnerability_ingestion']) retrieved from /opt/airflow/dags/S3_UPLOAD_BRONZE_DAG.py
[2026-06-13T01:38:05.939+0000] {logging_mixin.py:154} INFO - [2026-06-13T01:38:05.939+0000] {dag.py:2941} INFO - Sync 1 DAGs
[2026-06-13T01:38:05.956+0000] {logging_mixin.py:154} INFO - [2026-06-13T01:38:05.956+0000] {dag.py:3722} INFO - Setting next_dagrun for daily_vulnerability_ingestion to 2026-06-12T14:52:05.384041+00:00, run_after=2026-06-13T14:52:05.384041+00:00
[2026-06-13T01:38:05.970+0000] {processor.py:179} INFO - Processing /opt/airflow/dags/S3_UPLOAD_BRONZE_DAG.py took 0.070 seconds
[2026-06-13T01:38:36.091+0000] {processor.py:157} INFO - Started process (PID=10036) to work on /opt/airflow/dags/S3_UPLOAD_BRONZE_DAG.py
[2026-06-13T01:38:36.101+0000] {processor.py:829} INFO - Processing file /opt/airflow/dags/S3_UPLOAD_BRONZE_DAG.py for tasks to queue
[2026-06-13T01:38:36.102+0000] {logging_mixin.py:154} INFO - [2026-06-13T01:38:36.101+0000] {dagbag.py:536} INFO - Filling up the DagBag from /opt/airflow/dags/S3_UPLOAD_BRONZE_DAG.py
[2026-06-13T01:38:36.125+0000] {processor.py:839} INFO - DAG(s) dict_keys(['daily_vulnerability_ingestion']) retrieved from /opt/airflow/dags/S3_UPLOAD_BRONZE_DAG.py
[2026-06-13T01:38:36.145+0000] {logging_mixin.py:154} INFO - [2026-06-13T01:38:36.145+0000] {dag.py:2941} INFO - Sync 1 DAGs
[2026-06-13T01:38:36.161+0000] {logging_mixin.py:154} INFO - [2026-06-13T01:38:36.161+0000] {dag.py:3722} INFO - Setting next_dagrun for daily_vulnerability_ingestion to 2026-06-12T14:52:05.384041+00:00, run_after=2026-06-13T14:52:05.384041+00:00
[2026-06-13T01:38:36.172+0000] {processor.py:179} INFO - Processing /opt/airflow/dags/S3_UPLOAD_BRONZE_DAG.py took 0.087 seconds
[2026-06-13T01:39:06.332+0000] {processor.py:157} INFO - Started process (PID=10041) to work on /opt/airflow/dags/S3_UPLOAD_BRONZE_DAG.py
[2026-06-13T01:39:06.333+0000] {processor.py:829} INFO - Processing file /opt/airflow/dags/S3_UPLOAD_BRONZE_DAG.py for tasks to queue
[2026-06-13T01:39:06.334+0000] {logging_mixin.py:154} INFO - [2026-06-13T01:39:06.333+0000] {dagbag.py:536} INFO - Filling up the DagBag from /opt/airflow/dags/S3_UPLOAD_BRONZE_DAG.py
[2026-06-13T01:39:06.347+0000] {processor.py:839} INFO - DAG(s) dict_keys(['daily_vulnerability_ingestion']) retrieved from /opt/airflow/dags/S3_UPLOAD_BRONZE_DAG.py
[2026-06-13T01:39:06.369+0000] {logging_mixin.py:154} INFO - [2026-06-13T01:39:06.369+0000] {dag.py:2941} INFO - Sync 1 DAGs
[2026-06-13T01:39:06.391+0000] {logging_mixin.py:154} INFO - [2026-06-13T01:39:06.391+0000] {dag.py:3722} INFO - Setting next_dagrun for daily_vulnerability_ingestion to 2026-06-12T14:52:05.384041+00:00, run_after=2026-06-13T14:52:05.384041+00:00
[2026-06-13T01:39:06.410+0000] {processor.py:179} INFO - Processing /opt/airflow/dags/S3_UPLOAD_BRONZE_DAG.py took 0.081 seconds
[2026-06-13T01:39:36.502+0000] {processor.py:157} INFO - Started process (PID=10046) to work on /opt/airflow/dags/S3_UPLOAD_BRONZE_DAG.py
[2026-06-13T01:39:36.511+0000] {processor.py:829} INFO - Processing file /opt/airflow/dags/S3_UPLOAD_BRONZE_DAG.py for tasks to queue
[2026-06-13T01:39:36.512+0000] {logging_mixin.py:154} INFO - [2026-06-13T01:39:36.512+0000] {dagbag.py:536} INFO - Filling up the DagBag from /opt/airflow/dags/S3_UPLOAD_BRONZE_DAG.py
[2026-06-13T01:39:36.526+0000] {processor.py:839} INFO - DAG(s) dict_keys(['daily_vulnerability_ingestion']) retrieved from /opt/airflow/dags/S3_UPLOAD_BRONZE_DAG.py
[2026-06-13T01:39:36.546+0000] {logging_mixin.py:154} INFO - [2026-06-13T01:39:36.546+0000] {dag.py:2941} INFO - Sync 1 DAGs
[2026-06-13T01:39:36.562+0000] {logging_mixin.py:154} INFO - [2026-06-13T01:39:36.562+0000] {dag.py:3722} INFO - Setting next_dagrun for daily_vulnerability_ingestion to 2026-06-12T14:52:05.384041+00:00, run_after=2026-06-13T14:52:05.384041+00:00
[2026-06-13T01:39:36.575+0000] {processor.py:179} INFO - Processing /opt/airflow/dags/S3_UPLOAD_BRONZE_DAG.py took 0.079 seconds
[2026-06-13T01:40:06.747+0000] {processor.py:157} INFO - Started process (PID=10051) to work on /opt/airflow/dags/S3_UPLOAD_BRONZE_DAG.py
[2026-06-13T01:40:06.748+0000] {processor.py:829} INFO - Processing file /opt/airflow/dags/S3_UPLOAD_BRONZE_DAG.py for tasks to queue
[2026-06-13T01:40:06.748+0000] {logging_mixin.py:154} INFO - [2026-06-13T01:40:06.748+0000] {dagbag.py:536} INFO - Filling up the DagBag from /opt/airflow/dags/S3_UPLOAD_BRONZE_DAG.py
[2026-06-13T01:40:06.763+0000] {processor.py:839} INFO - DAG(s) dict_keys(['daily_vulnerability_ingestion']) retrieved from /opt/airflow/dags/S3_UPLOAD_BRONZE_DAG.py
[2026-06-13T01:40:06.783+0000] {logging_mixin.py:154} INFO - [2026-06-13T01:40:06.783+0000] {dag.py:2941} INFO - Sync 1 DAGs
[2026-06-13T01:40:06.800+0000] {logging_mixin.py:154} INFO - [2026-06-13T01:40:06.799+0000] {dag.py:3722} INFO - Setting next_dagrun for daily_vulnerability_ingestion to 2026-06-12T14:52:05.384041+00:00, run_after=2026-06-13T14:52:05.384041+00:00
[2026-06-13T01:40:06.813+0000] {processor.py:179} INFO - Processing /opt/airflow/dags/S3_UPLOAD_BRONZE_DAG.py took 0.070 seconds
[2026-06-13T01:40:36.906+0000] {processor.py:157} INFO - Started process (PID=10056) to work on /opt/airflow/dags/S3_UPLOAD_BRONZE_DAG.py
[2026-06-13T01:40:36.914+0000] {processor.py:829} INFO - Processing file /opt/airflow/dags/S3_UPLOAD_BRONZE_DAG.py for tasks to queue
[2026-06-13T01:40:36.915+0000] {logging_mixin.py:154} INFO - [2026-06-13T01:40:36.915+0000] {dagbag.py:536} INFO - Filling up the DagBag from /opt/airflow/dags/S3_UPLOAD_BRONZE_DAG.py
[2026-06-13T01:40:36.932+0000] {processor.py:839} INFO - DAG(s) dict_keys(['daily_vulnerability_ingestion']) retrieved from /opt/airflow/dags/S3_UPLOAD_BRONZE_DAG.py
[2026-06-13T01:40:36.954+0000] {logging_mixin.py:154} INFO - [2026-06-13T01:40:36.953+0000] {dag.py:2941} INFO - Sync 1 DAGs
[2026-06-13T01:40:36.969+0000] {logging_mixin.py:154} INFO - [2026-06-13T01:40:36.969+0000] {dag.py:3722} INFO - Setting next_dagrun for daily_vulnerability_ingestion to 2026-06-12T14:52:05.384041+00:00, run_after=2026-06-13T14:52:05.384041+00:00
[2026-06-13T01:40:36.982+0000] {processor.py:179} INFO - Processing /opt/airflow/dags/S3_UPLOAD_BRONZE_DAG.py took 0.080 seconds
[2026-06-13T01:41:07.145+0000] {processor.py:157} INFO - Started process (PID=10061) to work on /opt/airflow/dags/S3_UPLOAD_BRONZE_DAG.py
[2026-06-13T01:41:07.146+0000] {processor.py:829} INFO - Processing file /opt/airflow/dags/S3_UPLOAD_BRONZE_DAG.py for tasks to queue
[2026-06-13T01:41:07.146+0000] {logging_mixin.py:154} INFO - [2026-06-13T01:41:07.146+0000] {dagbag.py:536} INFO - Filling up the DagBag from /opt/airflow/dags/S3_UPLOAD_BRONZE_DAG.py
[2026-06-13T01:41:07.162+0000] {processor.py:839} INFO - DAG(s) dict_keys(['daily_vulnerability_ingestion']) retrieved from /opt/airflow/dags/S3_UPLOAD_BRONZE_DAG.py
[2026-06-13T01:41:07.182+0000] {logging_mixin.py:154} INFO - [2026-06-13T01:41:07.182+0000] {dag.py:2941} INFO - Sync 1 DAGs
[2026-06-13T01:41:07.200+0000] {logging_mixin.py:154} INFO - [2026-06-13T01:41:07.199+0000] {dag.py:3722} INFO - Setting next_dagrun for daily_vulnerability_ingestion to 2026-06-12T14:52:05.384041+00:00, run_after=2026-06-13T14:52:05.384041+00:00
[2026-06-13T01:41:07.212+0000] {processor.py:179} INFO - Processing /opt/airflow/dags/S3_UPLOAD_BRONZE_DAG.py took 0.070 seconds
[2026-06-13T01:41:37.311+0000] {processor.py:157} INFO - Started process (PID=10066) to work on /opt/airflow/dags/S3_UPLOAD_BRONZE_DAG.py
[2026-06-13T01:41:37.312+0000] {processor.py:829} INFO - Processing file /opt/airflow/dags/S3_UPLOAD_BRONZE_DAG.py for tasks to queue
[2026-06-13T01:41:37.313+0000] {logging_mixin.py:154} INFO - [2026-06-13T01:41:37.312+0000] {dagbag.py:536} INFO - Filling up the DagBag from /opt/airflow/dags/S3_UPLOAD_BRONZE_DAG.py
[2026-06-13T01:41:37.325+0000] {processor.py:839} INFO - DAG(s) dict_keys(['daily_vulnerability_ingestion']) retrieved from /opt/airflow/dags/S3_UPLOAD_BRONZE_DAG.py
[2026-06-13T01:41:37.347+0000] {logging_mixin.py:154} INFO - [2026-06-13T01:41:37.346+0000] {dag.py:2941} INFO - Sync 1 DAGs
[2026-06-13T01:41:37.363+0000] {logging_mixin.py:154} INFO - [2026-06-13T01:41:37.363+0000] {dag.py:3722} INFO - Setting next_dagrun for daily_vulnerability_ingestion to 2026-06-12T14:52:05.384041+00:00, run_after=2026-06-13T14:52:05.384041+00:00
[2026-06-13T01:41:37.377+0000] {processor.py:179} INFO - Processing /opt/airflow/dags/S3_UPLOAD_BRONZE_DAG.py took 0.068 seconds
[2026-06-13T01:42:07.549+0000] {processor.py:157} INFO - Started process (PID=10071) to work on /opt/airflow/dags/S3_UPLOAD_BRONZE_DAG.py
[2026-06-13T01:42:07.550+0000] {processor.py:829} INFO - Processing file /opt/airflow/dags/S3_UPLOAD_BRONZE_DAG.py for tasks to queue
[2026-06-13T01:42:07.550+0000] {logging_mixin.py:154} INFO - [2026-06-13T01:42:07.550+0000] {dagbag.py:536} INFO - Filling up the DagBag from /opt/airflow/dags/S3_UPLOAD_BRONZE_DAG.py
[2026-06-13T01:42:07.570+0000] {processor.py:839} INFO - DAG(s) dict_keys(['daily_vulnerability_ingestion']) retrieved from /opt/airflow/dags/S3_UPLOAD_BRONZE_DAG.py
[2026-06-13T01:42:07.599+0000] {logging_mixin.py:154} INFO - [2026-06-13T01:42:07.599+0000] {dag.py:2941} INFO - Sync 1 DAGs
[2026-06-13T01:42:07.624+0000] {logging_mixin.py:154} INFO - [2026-06-13T01:42:07.624+0000] {dag.py:3722} INFO - Setting next_dagrun for daily_vulnerability_ingestion to 2026-06-12T14:52:05.384041+00:00, run_after=2026-06-13T14:52:05.384041+00:00
[2026-06-13T01:42:07.642+0000] {processor.py:179} INFO - Processing /opt/airflow/dags/S3_UPLOAD_BRONZE_DAG.py took 0.097 seconds
[2026-06-13T01:42:37.724+0000] {processor.py:157} INFO - Started process (PID=10076) to work on /opt/airflow/dags/S3_UPLOAD_BRONZE_DAG.py
[2026-06-13T01:42:37.733+0000] {processor.py:829} INFO - Processing file /opt/airflow/dags/S3_UPLOAD_BRONZE_DAG.py for tasks to queue
[2026-06-13T01:42:37.734+0000] {logging_mixin.py:154} INFO - [2026-06-13T01:42:37.734+0000] {dagbag.py:536} INFO - Filling up the DagBag from /opt/airflow/dags/S3_UPLOAD_BRONZE_DAG.py
[2026-06-13T01:42:37.751+0000] {processor.py:839} INFO - DAG(s) dict_keys(['daily_vulnerability_ingestion']) retrieved from /opt/airflow/dags/S3_UPLOAD_BRONZE_DAG.py
[2026-06-13T01:42:37.771+0000] {logging_mixin.py:154} INFO - [2026-06-13T01:42:37.771+0000] {dag.py:2941} INFO - Sync 1 DAGs
[2026-06-13T01:42:37.787+0000] {logging_mixin.py:154} INFO - [2026-06-13T01:42:37.787+0000] {dag.py:3722} INFO - Setting next_dagrun for daily_vulnerability_ingestion to 2026-06-12T14:52:05.384041+00:00, run_after=2026-06-13T14:52:05.384041+00:00
[2026-06-13T01:42:37.800+0000] {processor.py:179} INFO - Processing /opt/airflow/dags/S3_UPLOAD_BRONZE_DAG.py took 0.079 seconds
[2026-06-13T01:43:07.970+0000] {processor.py:157} INFO - Started process (PID=10081) to work on /opt/airflow/dags/S3_UPLOAD_BRONZE_DAG.py
[2026-06-13T01:43:07.971+0000] {processor.py:829} INFO - Processing file /opt/airflow/dags/S3_UPLOAD_BRONZE_DAG.py for tasks to queue
[2026-06-13T01:43:07.972+0000] {logging_mixin.py:154} INFO - [2026-06-13T01:43:07.972+0000] {dagbag.py:536} INFO - Filling up the DagBag from /opt/airflow/dags/S3_UPLOAD_BRONZE_DAG.py
[2026-06-13T01:43:07.994+0000] {processor.py:839} INFO - DAG(s) dict_keys(['daily_vulnerability_ingestion']) retrieved from /opt/airflow/dags/S3_UPLOAD_BRONZE_DAG.py
[2026-06-13T01:43:08.016+0000] {logging_mixin.py:154} INFO - [2026-06-13T01:43:08.015+0000] {dag.py:2941} INFO - Sync 1 DAGs
[2026-06-13T01:43:08.032+0000] {logging_mixin.py:154} INFO - [2026-06-13T01:43:08.032+0000] {dag.py:3722} INFO - Setting next_dagrun for daily_vulnerability_ingestion to 2026-06-12T14:52:05.384041+00:00, run_after=2026-06-13T14:52:05.384041+00:00
[2026-06-13T01:43:08.045+0000] {processor.py:179} INFO - Processing /opt/airflow/dags/S3_UPLOAD_BRONZE_DAG.py took 0.082 seconds
[2026-06-13T01:43:38.139+0000] {processor.py:157} INFO - Started process (PID=10086) to work on /opt/airflow/dags/S3_UPLOAD_BRONZE_DAG.py
[2026-06-13T01:43:38.148+0000] {processor.py:829} INFO - Processing file /opt/airflow/dags/S3_UPLOAD_BRONZE_DAG.py for tasks to queue
[2026-06-13T01:43:38.149+0000] {logging_mixin.py:154} INFO - [2026-06-13T01:43:38.149+0000] {dagbag.py:536} INFO - Filling up the DagBag from /opt/airflow/dags/S3_UPLOAD_BRONZE_DAG.py
[2026-06-13T01:43:38.172+0000] {processor.py:839} INFO - DAG(s) dict_keys(['daily_vulnerability_ingestion']) retrieved from /opt/airflow/dags/S3_UPLOAD_BRONZE_DAG.py
[2026-06-13T01:43:38.194+0000] {logging_mixin.py:154} INFO - [2026-06-13T01:43:38.194+0000] {dag.py:2941} INFO - Sync 1 DAGs
[2026-06-13T01:43:38.209+0000] {logging_mixin.py:154} INFO - [2026-06-13T01:43:38.209+0000] {dag.py:3722} INFO - Setting next_dagrun for daily_vulnerability_ingestion to 2026-06-12T14:52:05.384041+00:00, run_after=2026-06-13T14:52:05.384041+00:00
[2026-06-13T01:43:38.222+0000] {processor.py:179} INFO - Processing /opt/airflow/dags/S3_UPLOAD_BRONZE_DAG.py took 0.088 seconds
[2026-06-13T01:44:08.397+0000] {processor.py:157} INFO - Started process (PID=10091) to work on /opt/airflow/dags/S3_UPLOAD_BRONZE_DAG.py
[2026-06-13T01:44:08.398+0000] {processor.py:829} INFO - Processing file /opt/airflow/dags/S3_UPLOAD_BRONZE_DAG.py for tasks to queue
[2026-06-13T01:44:08.399+0000] {logging_mixin.py:154} INFO - [2026-06-13T01:44:08.398+0000] {dagbag.py:536} INFO - Filling up the DagBag from /opt/airflow/dags/S3_UPLOAD_BRONZE_DAG.py
[2026-06-13T01:44:08.413+0000] {processor.py:839} INFO - DAG(s) dict_keys(['daily_vulnerability_ingestion']) retrieved from /opt/airflow/dags/S3_UPLOAD_BRONZE_DAG.py
[2026-06-13T01:44:08.433+0000] {logging_mixin.py:154} INFO - [2026-06-13T01:44:08.432+0000] {dag.py:2941} INFO - Sync 1 DAGs
[2026-06-13T01:44:08.450+0000] {logging_mixin.py:154} INFO - [2026-06-13T01:44:08.449+0000] {dag.py:3722} INFO - Setting next_dagrun for daily_vulnerability_ingestion to 2026-06-12T14:52:05.384041+00:00, run_after=2026-06-13T14:52:05.384041+00:00
[2026-06-13T01:44:08.462+0000] {processor.py:179} INFO - Processing /opt/airflow/dags/S3_UPLOAD_BRONZE_DAG.py took 0.069 seconds
[2026-06-13T01:44:38.588+0000] {processor.py:157} INFO - Started process (PID=10096) to work on /opt/airflow/dags/S3_UPLOAD_BRONZE_DAG.py
[2026-06-13T01:44:38.597+0000] {processor.py:829} INFO - Processing file /opt/airflow/dags/S3_UPLOAD_BRONZE_DAG.py for tasks to queue
[2026-06-13T01:44:38.598+0000] {logging_mixin.py:154} INFO - [2026-06-13T01:44:38.598+0000] {dagbag.py:536} INFO - Filling up the DagBag from /opt/airflow/dags/S3_UPLOAD_BRONZE_DAG.py
[2026-06-13T01:44:38.623+0000] {processor.py:839} INFO - DAG(s) dict_keys(['daily_vulnerability_ingestion']) retrieved from /opt/airflow/dags/S3_UPLOAD_BRONZE_DAG.py
[2026-06-13T01:44:38.645+0000] {logging_mixin.py:154} INFO - [2026-06-13T01:44:38.645+0000] {dag.py:2941} INFO - Sync 1 DAGs
[2026-06-13T01:44:38.661+0000] {logging_mixin.py:154} INFO - [2026-06-13T01:44:38.661+0000] {dag.py:3722} INFO - Setting next_dagrun for daily_vulnerability_ingestion to 2026-06-12T14:52:05.384041+00:00, run_after=2026-06-13T14:52:05.384041+00:00
[2026-06-13T01:44:38.673+0000] {processor.py:179} INFO - Processing /opt/airflow/dags/S3_UPLOAD_BRONZE_DAG.py took 0.091 seconds
[2026-06-13T01:45:08.794+0000] {processor.py:157} INFO - Started process (PID=10101) to work on /opt/airflow/dags/S3_UPLOAD_BRONZE_DAG.py
[2026-06-13T01:45:08.795+0000] {processor.py:829} INFO - Processing file /opt/airflow/dags/S3_UPLOAD_BRONZE_DAG.py for tasks to queue
[2026-06-13T01:45:08.796+0000] {logging_mixin.py:154} INFO - [2026-06-13T01:45:08.795+0000] {dagbag.py:536} INFO - Filling up the DagBag from /opt/airflow/dags/S3_UPLOAD_BRONZE_DAG.py
[2026-06-13T01:45:08.813+0000] {processor.py:839} INFO - DAG(s) dict_keys(['daily_vulnerability_ingestion']) retrieved from /opt/airflow/dags/S3_UPLOAD_BRONZE_DAG.py
[2026-06-13T01:45:08.833+0000] {logging_mixin.py:154} INFO - [2026-06-13T01:45:08.833+0000] {dag.py:2941} INFO - Sync 1 DAGs
[2026-06-13T01:45:08.852+0000] {logging_mixin.py:154} INFO - [2026-06-13T01:45:08.852+0000] {dag.py:3722} INFO - Setting next_dagrun for daily_vulnerability_ingestion to 2026-06-12T14:52:05.384041+00:00, run_after=2026-06-13T14:52:05.384041+00:00
[2026-06-13T01:45:08.866+0000] {processor.py:179} INFO - Processing /opt/airflow/dags/S3_UPLOAD_BRONZE_DAG.py took 0.077 seconds
[2026-06-13T01:45:39.003+0000] {processor.py:157} INFO - Started process (PID=10106) to work on /opt/airflow/dags/S3_UPLOAD_BRONZE_DAG.py
[2026-06-13T01:45:39.012+0000] {processor.py:829} INFO - Processing file /opt/airflow/dags/S3_UPLOAD_BRONZE_DAG.py for tasks to queue
[2026-06-13T01:45:39.013+0000] {logging_mixin.py:154} INFO - [2026-06-13T01:45:39.013+0000] {dagbag.py:536} INFO - Filling up the DagBag from /opt/airflow/dags/S3_UPLOAD_BRONZE_DAG.py
[2026-06-13T01:45:39.032+0000] {processor.py:839} INFO - DAG(s) dict_keys(['daily_vulnerability_ingestion']) retrieved from /opt/airflow/dags/S3_UPLOAD_BRONZE_DAG.py
[2026-06-13T01:45:39.051+0000] {logging_mixin.py:154} INFO - [2026-06-13T01:45:39.051+0000] {dag.py:2941} INFO - Sync 1 DAGs
[2026-06-13T01:45:39.067+0000] {logging_mixin.py:154} INFO - [2026-06-13T01:45:39.067+0000] {dag.py:3722} INFO - Setting next_dagrun for daily_vulnerability_ingestion to 2026-06-12T14:52:05.384041+00:00, run_after=2026-06-13T14:52:05.384041+00:00
[2026-06-13T01:45:39.079+0000] {processor.py:179} INFO - Processing /opt/airflow/dags/S3_UPLOAD_BRONZE_DAG.py took 0.085 seconds
[2026-06-13T01:46:09.207+0000] {processor.py:157} INFO - Started process (PID=10111) to work on /opt/airflow/dags/S3_UPLOAD_BRONZE_DAG.py
[2026-06-13T01:46:09.208+0000] {processor.py:829} INFO - Processing file /opt/airflow/dags/S3_UPLOAD_BRONZE_DAG.py for tasks to queue
[2026-06-13T01:46:09.210+0000] {logging_mixin.py:154} INFO - [2026-06-13T01:46:09.209+0000] {dagbag.py:536} INFO - Filling up the DagBag from /opt/airflow/dags/S3_UPLOAD_BRONZE_DAG.py
[2026-06-13T01:46:09.229+0000] {processor.py:839} INFO - DAG(s) dict_keys(['daily_vulnerability_ingestion']) retrieved from /opt/airflow/dags/S3_UPLOAD_BRONZE_DAG.py
[2026-06-13T01:46:09.248+0000] {logging_mixin.py:154} INFO - [2026-06-13T01:46:09.248+0000] {dag.py:2941} INFO - Sync 1 DAGs
[2026-06-13T01:46:09.263+0000] {logging_mixin.py:154} INFO - [2026-06-13T01:46:09.263+0000] {dag.py:3722} INFO - Setting next_dagrun for daily_vulnerability_ingestion to 2026-06-12T14:52:05.384041+00:00, run_after=2026-06-13T14:52:05.384041+00:00
[2026-06-13T01:46:09.274+0000] {processor.py:179} INFO - Processing /opt/airflow/dags/S3_UPLOAD_BRONZE_DAG.py took 0.073 seconds
[2026-06-13T01:46:39.421+0000] {processor.py:157} INFO - Started process (PID=10116) to work on /opt/airflow/dags/S3_UPLOAD_BRONZE_DAG.py
[2026-06-13T01:46:39.430+0000] {processor.py:829} INFO - Processing file /opt/airflow/dags/S3_UPLOAD_BRONZE_DAG.py for tasks to queue
[2026-06-13T01:46:39.431+0000] {logging_mixin.py:154} INFO - [2026-06-13T01:46:39.431+0000] {dagbag.py:536} INFO - Filling up the DagBag from /opt/airflow/dags/S3_UPLOAD_BRONZE_DAG.py
[2026-06-13T01:46:39.449+0000] {processor.py:839} INFO - DAG(s) dict_keys(['daily_vulnerability_ingestion']) retrieved from /opt/airflow/dags/S3_UPLOAD_BRONZE_DAG.py
[2026-06-13T01:46:39.469+0000] {logging_mixin.py:154} INFO - [2026-06-13T01:46:39.468+0000] {dag.py:2941} INFO - Sync 1 DAGs
[2026-06-13T01:46:39.484+0000] {logging_mixin.py:154} INFO - [2026-06-13T01:46:39.484+0000] {dag.py:3722} INFO - Setting next_dagrun for daily_vulnerability_ingestion to 2026-06-12T14:52:05.384041+00:00, run_after=2026-06-13T14:52:05.384041+00:00
[2026-06-13T01:46:39.497+0000] {processor.py:179} INFO - Processing /opt/airflow/dags/S3_UPLOAD_BRONZE_DAG.py took 0.081 seconds
[2026-06-13T01:47:09.613+0000] {processor.py:157} INFO - Started process (PID=10121) to work on /opt/airflow/dags/S3_UPLOAD_BRONZE_DAG.py
[2026-06-13T01:47:09.614+0000] {processor.py:829} INFO - Processing file /opt/airflow/dags/S3_UPLOAD_BRONZE_DAG.py for tasks to queue
[2026-06-13T01:47:09.615+0000] {logging_mixin.py:154} INFO - [2026-06-13T01:47:09.614+0000] {dagbag.py:536} INFO - Filling up the DagBag from /opt/airflow/dags/S3_UPLOAD_BRONZE_DAG.py
[2026-06-13T01:47:09.634+0000] {processor.py:839} INFO - DAG(s) dict_keys(['daily_vulnerability_ingestion']) retrieved from /opt/airflow/dags/S3_UPLOAD_BRONZE_DAG.py
[2026-06-13T01:47:09.654+0000] {logging_mixin.py:154} INFO - [2026-06-13T01:47:09.653+0000] {dag.py:2941} INFO - Sync 1 DAGs
[2026-06-13T01:47:09.669+0000] {logging_mixin.py:154} INFO - [2026-06-13T01:47:09.669+0000] {dag.py:3722} INFO - Setting next_dagrun for daily_vulnerability_ingestion to 2026-06-12T14:52:05.384041+00:00, run_after=2026-06-13T14:52:05.384041+00:00
[2026-06-13T01:47:09.681+0000] {processor.py:179} INFO - Processing /opt/airflow/dags/S3_UPLOAD_BRONZE_DAG.py took 0.072 seconds
[2026-06-13T01:47:39.833+0000] {processor.py:157} INFO - Started process (PID=10126) to work on /opt/airflow/dags/S3_UPLOAD_BRONZE_DAG.py
[2026-06-13T01:47:39.842+0000] {processor.py:829} INFO - Processing file /opt/airflow/dags/S3_UPLOAD_BRONZE_DAG.py for tasks to queue
[2026-06-13T01:47:39.843+0000] {logging_mixin.py:154} INFO - [2026-06-13T01:47:39.843+0000] {dagbag.py:536} INFO - Filling up the DagBag from /opt/airflow/dags/S3_UPLOAD_BRONZE_DAG.py
[2026-06-13T01:47:39.861+0000] {processor.py:839} INFO - DAG(s) dict_keys(['daily_vulnerability_ingestion']) retrieved from /opt/airflow/dags/S3_UPLOAD_BRONZE_DAG.py
[2026-06-13T01:47:39.880+0000] {logging_mixin.py:154} INFO - [2026-06-13T01:47:39.879+0000] {dag.py:2941} INFO - Sync 1 DAGs
[2026-06-13T01:47:39.895+0000] {logging_mixin.py:154} INFO - [2026-06-13T01:47:39.895+0000] {dag.py:3722} INFO - Setting next_dagrun for daily_vulnerability_ingestion to 2026-06-12T14:52:05.384041+00:00, run_after=2026-06-13T14:52:05.384041+00:00
[2026-06-13T01:47:39.908+0000] {processor.py:179} INFO - Processing /opt/airflow/dags/S3_UPLOAD_BRONZE_DAG.py took 0.080 seconds
[2026-06-13T01:48:10.010+0000] {processor.py:157} INFO - Started process (PID=10131) to work on /opt/airflow/dags/S3_UPLOAD_BRONZE_DAG.py
[2026-06-13T01:48:10.010+0000] {processor.py:829} INFO - Processing file /opt/airflow/dags/S3_UPLOAD_BRONZE_DAG.py for tasks to queue
[2026-06-13T01:48:10.011+0000] {logging_mixin.py:154} INFO - [2026-06-13T01:48:10.011+0000] {dagbag.py:536} INFO - Filling up the DagBag from /opt/airflow/dags/S3_UPLOAD_BRONZE_DAG.py
[2026-06-13T01:48:10.024+0000] {processor.py:839} INFO - DAG(s) dict_keys(['daily_vulnerability_ingestion']) retrieved from /opt/airflow/dags/S3_UPLOAD_BRONZE_DAG.py
[2026-06-13T01:48:10.046+0000] {logging_mixin.py:154} INFO - [2026-06-13T01:48:10.046+0000] {dag.py:2941} INFO - Sync 1 DAGs
[2026-06-13T01:48:10.062+0000] {logging_mixin.py:154} INFO - [2026-06-13T01:48:10.062+0000] {dag.py:3722} INFO - Setting next_dagrun for daily_vulnerability_ingestion to 2026-06-12T14:52:05.384041+00:00, run_after=2026-06-13T14:52:05.384041+00:00
[2026-06-13T01:48:10.075+0000] {processor.py:179} INFO - Processing /opt/airflow/dags/S3_UPLOAD_BRONZE_DAG.py took 0.068 seconds
[2026-06-13T01:48:40.244+0000] {processor.py:157} INFO - Started process (PID=10136) to work on /opt/airflow/dags/S3_UPLOAD_BRONZE_DAG.py
[2026-06-13T01:48:40.253+0000] {processor.py:829} INFO - Processing file /opt/airflow/dags/S3_UPLOAD_BRONZE_DAG.py for tasks to queue
[2026-06-13T01:48:40.254+0000] {logging_mixin.py:154} INFO - [2026-06-13T01:48:40.253+0000] {dagbag.py:536} INFO - Filling up the DagBag from /opt/airflow/dags/S3_UPLOAD_BRONZE_DAG.py
[2026-06-13T01:48:40.267+0000] {processor.py:839} INFO - DAG(s) dict_keys(['daily_vulnerability_ingestion']) retrieved from /opt/airflow/dags/S3_UPLOAD_BRONZE_DAG.py
[2026-06-13T01:48:40.287+0000] {logging_mixin.py:154} INFO - [2026-06-13T01:48:40.286+0000] {dag.py:2941} INFO - Sync 1 DAGs
[2026-06-13T01:48:40.303+0000] {logging_mixin.py:154} INFO - [2026-06-13T01:48:40.303+0000] {dag.py:3722} INFO - Setting next_dagrun for daily_vulnerability_ingestion to 2026-06-12T14:52:05.384041+00:00, run_after=2026-06-13T14:52:05.384041+00:00
[2026-06-13T01:48:40.316+0000] {processor.py:179} INFO - Processing /opt/airflow/dags/S3_UPLOAD_BRONZE_DAG.py took 0.076 seconds
[2026-06-13T01:49:10.464+0000] {processor.py:157} INFO - Started process (PID=10141) to work on /opt/airflow/dags/S3_UPLOAD_BRONZE_DAG.py
[2026-06-13T01:49:10.465+0000] {processor.py:829} INFO - Processing file /opt/airflow/dags/S3_UPLOAD_BRONZE_DAG.py for tasks to queue
[2026-06-13T01:49:10.466+0000] {logging_mixin.py:154} INFO - [2026-06-13T01:49:10.466+0000] {dagbag.py:536} INFO - Filling up the DagBag from /opt/airflow/dags/S3_UPLOAD_BRONZE_DAG.py
[2026-06-13T01:49:10.486+0000] {processor.py:839} INFO - DAG(s) dict_keys(['daily_vulnerability_ingestion']) retrieved from /opt/airflow/dags/S3_UPLOAD_BRONZE_DAG.py
[2026-06-13T01:49:10.506+0000] {logging_mixin.py:154} INFO - [2026-06-13T01:49:10.506+0000] {dag.py:2941} INFO - Sync 1 DAGs
[2026-06-13T01:49:10.521+0000] {logging_mixin.py:154} INFO - [2026-06-13T01:49:10.521+0000] {dag.py:3722} INFO - Setting next_dagrun for daily_vulnerability_ingestion to 2026-06-12T14:52:05.384041+00:00, run_after=2026-06-13T14:52:05.384041+00:00
[2026-06-13T01:49:10.534+0000] {processor.py:179} INFO - Processing /opt/airflow/dags/S3_UPLOAD_BRONZE_DAG.py took 0.076 seconds
[2026-06-13T01:49:40.652+0000] {processor.py:157} INFO - Started process (PID=10146) to work on /opt/airflow/dags/S3_UPLOAD_BRONZE_DAG.py
[2026-06-13T01:49:40.662+0000] {processor.py:829} INFO - Processing file /opt/airflow/dags/S3_UPLOAD_BRONZE_DAG.py for tasks to queue
[2026-06-13T01:49:40.663+0000] {logging_mixin.py:154} INFO - [2026-06-13T01:49:40.663+0000] {dagbag.py:536} INFO - Filling up the DagBag from /opt/airflow/dags/S3_UPLOAD_BRONZE_DAG.py
[2026-06-13T01:49:40.684+0000] {processor.py:839} INFO - DAG(s) dict_keys(['daily_vulnerability_ingestion']) retrieved from /opt/airflow/dags/S3_UPLOAD_BRONZE_DAG.py
[2026-06-13T01:49:40.704+0000] {logging_mixin.py:154} INFO - [2026-06-13T01:49:40.704+0000] {dag.py:2941} INFO - Sync 1 DAGs
[2026-06-13T01:49:40.719+0000] {logging_mixin.py:154} INFO - [2026-06-13T01:49:40.719+0000] {dag.py:3722} INFO - Setting next_dagrun for daily_vulnerability_ingestion to 2026-06-12T14:52:05.384041+00:00, run_after=2026-06-13T14:52:05.384041+00:00
[2026-06-13T01:49:40.731+0000] {processor.py:179} INFO - Processing /opt/airflow/dags/S3_UPLOAD_BRONZE_DAG.py took 0.083 seconds
[2026-06-13T01:50:10.837+0000] {processor.py:157} INFO - Started process (PID=10151) to work on /opt/airflow/dags/S3_UPLOAD_BRONZE_DAG.py
[2026-06-13T01:50:10.838+0000] {processor.py:829} INFO - Processing file /opt/airflow/dags/S3_UPLOAD_BRONZE_DAG.py for tasks to queue
[2026-06-13T01:50:10.838+0000] {logging_mixin.py:154} INFO - [2026-06-13T01:50:10.838+0000] {dagbag.py:536} INFO - Filling up the DagBag from /opt/airflow/dags/S3_UPLOAD_BRONZE_DAG.py
[2026-06-13T01:50:10.851+0000] {processor.py:839} INFO - DAG(s) dict_keys(['daily_vulnerability_ingestion']) retrieved from /opt/airflow/dags/S3_UPLOAD_BRONZE_DAG.py
[2026-06-13T01:50:10.873+0000] {logging_mixin.py:154} INFO - [2026-06-13T01:50:10.873+0000] {dag.py:2941} INFO - Sync 1 DAGs
[2026-06-13T01:50:10.890+0000] {logging_mixin.py:154} INFO - [2026-06-13T01:50:10.890+0000] {dag.py:3722} INFO - Setting next_dagrun for daily_vulnerability_ingestion to 2026-06-12T14:52:05.384041+00:00, run_after=2026-06-13T14:52:05.384041+00:00
[2026-06-13T01:50:10.902+0000] {processor.py:179} INFO - Processing /opt/airflow/dags/S3_UPLOAD_BRONZE_DAG.py took 0.068 seconds
[2026-06-13T01:50:41.055+0000] {processor.py:157} INFO - Started process (PID=10156) to work on /opt/airflow/dags/S3_UPLOAD_BRONZE_DAG.py
[2026-06-13T01:50:41.064+0000] {processor.py:829} INFO - Processing file /opt/airflow/dags/S3_UPLOAD_BRONZE_DAG.py for tasks to queue
[2026-06-13T01:50:41.065+0000] {logging_mixin.py:154} INFO - [2026-06-13T01:50:41.065+0000] {dagbag.py:536} INFO - Filling up the DagBag from /opt/airflow/dags/S3_UPLOAD_BRONZE_DAG.py
[2026-06-13T01:50:41.081+0000] {processor.py:839} INFO - DAG(s) dict_keys(['daily_vulnerability_ingestion']) retrieved from /opt/airflow/dags/S3_UPLOAD_BRONZE_DAG.py
[2026-06-13T01:50:41.101+0000] {logging_mixin.py:154} INFO - [2026-06-13T01:50:41.101+0000] {dag.py:2941} INFO - Sync 1 DAGs
[2026-06-13T01:50:41.117+0000] {logging_mixin.py:154} INFO - [2026-06-13T01:50:41.117+0000] {dag.py:3722} INFO - Setting next_dagrun for daily_vulnerability_ingestion to 2026-06-12T14:52:05.384041+00:00, run_after=2026-06-13T14:52:05.384041+00:00
[2026-06-13T01:50:41.130+0000] {processor.py:179} INFO - Processing /opt/airflow/dags/S3_UPLOAD_BRONZE_DAG.py took 0.079 seconds
[2026-06-13T01:51:11.241+0000] {processor.py:157} INFO - Started process (PID=10161) to work on /opt/airflow/dags/S3_UPLOAD_BRONZE_DAG.py
[2026-06-13T01:51:11.241+0000] {processor.py:829} INFO - Processing file /opt/airflow/dags/S3_UPLOAD_BRONZE_DAG.py for tasks to queue
[2026-06-13T01:51:11.242+0000] {logging_mixin.py:154} INFO - [2026-06-13T01:51:11.242+0000] {dagbag.py:536} INFO - Filling up the DagBag from /opt/airflow/dags/S3_UPLOAD_BRONZE_DAG.py
[2026-06-13T01:51:11.255+0000] {processor.py:839} INFO - DAG(s) dict_keys(['daily_vulnerability_ingestion']) retrieved from /opt/airflow/dags/S3_UPLOAD_BRONZE_DAG.py
[2026-06-13T01:51:11.275+0000] {logging_mixin.py:154} INFO - [2026-06-13T01:51:11.275+0000] {dag.py:2941} INFO - Sync 1 DAGs
[2026-06-13T01:51:11.292+0000] {logging_mixin.py:154} INFO - [2026-06-13T01:51:11.291+0000] {dag.py:3722} INFO - Setting next_dagrun for daily_vulnerability_ingestion to 2026-06-12T14:52:05.384041+00:00, run_after=2026-06-13T14:52:05.384041+00:00
[2026-06-13T01:51:11.310+0000] {processor.py:179} INFO - Processing /opt/airflow/dags/S3_UPLOAD_BRONZE_DAG.py took 0.073 seconds
[2026-06-13T01:51:41.452+0000] {processor.py:157} INFO - Started process (PID=10166) to work on /opt/airflow/dags/S3_UPLOAD_BRONZE_DAG.py
[2026-06-13T01:51:41.461+0000] {processor.py:829} INFO - Processing file /opt/airflow/dags/S3_UPLOAD_BRONZE_DAG.py for tasks to queue
[2026-06-13T01:51:41.461+0000] {logging_mixin.py:154} INFO - [2026-06-13T01:51:41.461+0000] {dagbag.py:536} INFO - Filling up the DagBag from /opt/airflow/dags/S3_UPLOAD_BRONZE_DAG.py
[2026-06-13T01:51:41.475+0000] {processor.py:839} INFO - DAG(s) dict_keys(['daily_vulnerability_ingestion']) retrieved from /opt/airflow/dags/S3_UPLOAD_BRONZE_DAG.py
[2026-06-13T01:51:41.494+0000] {logging_mixin.py:154} INFO - [2026-06-13T01:51:41.494+0000] {dag.py:2941} INFO - Sync 1 DAGs
[2026-06-13T01:51:41.509+0000] {logging_mixin.py:154} INFO - [2026-06-13T01:51:41.509+0000] {dag.py:3722} INFO - Setting next_dagrun for daily_vulnerability_ingestion to 2026-06-12T14:52:05.384041+00:00, run_after=2026-06-13T14:52:05.384041+00:00
[2026-06-13T01:51:41.521+0000] {processor.py:179} INFO - Processing /opt/airflow/dags/S3_UPLOAD_BRONZE_DAG.py took 0.074 seconds
[2026-06-13T01:52:11.643+0000] {processor.py:157} INFO - Started process (PID=10171) to work on /opt/airflow/dags/S3_UPLOAD_BRONZE_DAG.py
[2026-06-13T01:52:11.644+0000] {processor.py:829} INFO - Processing file /opt/airflow/dags/S3_UPLOAD_BRONZE_DAG.py for tasks to queue
[2026-06-13T01:52:11.645+0000] {logging_mixin.py:154} INFO - [2026-06-13T01:52:11.645+0000] {dagbag.py:536} INFO - Filling up the DagBag from /opt/airflow/dags/S3_UPLOAD_BRONZE_DAG.py
[2026-06-13T01:52:11.662+0000] {processor.py:839} INFO - DAG(s) dict_keys(['daily_vulnerability_ingestion']) retrieved from /opt/airflow/dags/S3_UPLOAD_BRONZE_DAG.py
[2026-06-13T01:52:11.682+0000] {logging_mixin.py:154} INFO - [2026-06-13T01:52:11.682+0000] {dag.py:2941} INFO - Sync 1 DAGs
[2026-06-13T01:52:11.698+0000] {logging_mixin.py:154} INFO - [2026-06-13T01:52:11.698+0000] {dag.py:3722} INFO - Setting next_dagrun for daily_vulnerability_ingestion to 2026-06-12T14:52:05.384041+00:00, run_after=2026-06-13T14:52:05.384041+00:00
[2026-06-13T01:52:11.710+0000] {processor.py:179} INFO - Processing /opt/airflow/dags/S3_UPLOAD_BRONZE_DAG.py took 0.071 seconds
[2026-06-13T01:52:41.831+0000] {processor.py:157} INFO - Started process (PID=10176) to work on /opt/airflow/dags/S3_UPLOAD_BRONZE_DAG.py
[2026-06-13T01:52:41.840+0000] {processor.py:829} INFO - Processing file /opt/airflow/dags/S3_UPLOAD_BRONZE_DAG.py for tasks to queue
[2026-06-13T01:52:41.840+0000] {logging_mixin.py:154} INFO - [2026-06-13T01:52:41.840+0000] {dagbag.py:536} INFO - Filling up the DagBag from /opt/airflow/dags/S3_UPLOAD_BRONZE_DAG.py
[2026-06-13T01:52:41.856+0000] {processor.py:839} INFO - DAG(s) dict_keys(['daily_vulnerability_ingestion']) retrieved from /opt/airflow/dags/S3_UPLOAD_BRONZE_DAG.py
[2026-06-13T01:52:41.877+0000] {logging_mixin.py:154} INFO - [2026-06-13T01:52:41.877+0000] {dag.py:2941} INFO - Sync 1 DAGs
[2026-06-13T01:52:41.893+0000] {logging_mixin.py:154} INFO - [2026-06-13T01:52:41.893+0000] {dag.py:3722} INFO - Setting next_dagrun for daily_vulnerability_ingestion to 2026-06-12T14:52:05.384041+00:00, run_after=2026-06-13T14:52:05.384041+00:00
[2026-06-13T01:52:41.981+0000] {processor.py:179} INFO - Processing /opt/airflow/dags/S3_UPLOAD_BRONZE_DAG.py took 0.154 seconds
[2026-06-13T01:53:12.025+0000] {processor.py:157} INFO - Started process (PID=10181) to work on /opt/airflow/dags/S3_UPLOAD_BRONZE_DAG.py
[2026-06-13T01:53:12.026+0000] {processor.py:829} INFO - Processing file /opt/airflow/dags/S3_UPLOAD_BRONZE_DAG.py for tasks to queue
[2026-06-13T01:53:12.027+0000] {logging_mixin.py:154} INFO - [2026-06-13T01:53:12.027+0000] {dagbag.py:536} INFO - Filling up the DagBag from /opt/airflow/dags/S3_UPLOAD_BRONZE_DAG.py
[2026-06-13T01:53:12.046+0000] {processor.py:839} INFO - DAG(s) dict_keys(['daily_vulnerability_ingestion']) retrieved from /opt/airflow/dags/S3_UPLOAD_BRONZE_DAG.py
[2026-06-13T01:53:12.066+0000] {logging_mixin.py:154} INFO - [2026-06-13T01:53:12.066+0000] {dag.py:2941} INFO - Sync 1 DAGs
[2026-06-13T01:53:12.082+0000] {logging_mixin.py:154} INFO - [2026-06-13T01:53:12.082+0000] {dag.py:3722} INFO - Setting next_dagrun for daily_vulnerability_ingestion to 2026-06-12T14:52:05.384041+00:00, run_after=2026-06-13T14:52:05.384041+00:00
[2026-06-13T01:53:12.094+0000] {processor.py:179} INFO - Processing /opt/airflow/dags/S3_UPLOAD_BRONZE_DAG.py took 0.073 seconds
[2026-06-13T01:53:42.203+0000] {processor.py:157} INFO - Started process (PID=10186) to work on /opt/airflow/dags/S3_UPLOAD_BRONZE_DAG.py
[2026-06-13T01:53:42.212+0000] {processor.py:829} INFO - Processing file /opt/airflow/dags/S3_UPLOAD_BRONZE_DAG.py for tasks to queue
[2026-06-13T01:53:42.213+0000] {logging_mixin.py:154} INFO - [2026-06-13T01:53:42.213+0000] {dagbag.py:536} INFO - Filling up the DagBag from /opt/airflow/dags/S3_UPLOAD_BRONZE_DAG.py
[2026-06-13T01:53:42.227+0000] {processor.py:839} INFO - DAG(s) dict_keys(['daily_vulnerability_ingestion']) retrieved from /opt/airflow/dags/S3_UPLOAD_BRONZE_DAG.py
[2026-06-13T01:53:42.246+0000] {logging_mixin.py:154} INFO - [2026-06-13T01:53:42.246+0000] {dag.py:2941} INFO - Sync 1 DAGs
[2026-06-13T01:53:42.336+0000] {logging_mixin.py:154} INFO - [2026-06-13T01:53:42.336+0000] {dag.py:3722} INFO - Setting next_dagrun for daily_vulnerability_ingestion to 2026-06-12T14:52:05.384041+00:00, run_after=2026-06-13T14:52:05.384041+00:00
[2026-06-13T01:53:42.356+0000] {processor.py:179} INFO - Processing /opt/airflow/dags/S3_UPLOAD_BRONZE_DAG.py took 0.157 seconds
[2026-06-13T01:54:12.430+0000] {processor.py:157} INFO - Started process (PID=10191) to work on /opt/airflow/dags/S3_UPLOAD_BRONZE_DAG.py
[2026-06-13T01:54:12.431+0000] {processor.py:829} INFO - Processing file /opt/airflow/dags/S3_UPLOAD_BRONZE_DAG.py for tasks to queue
[2026-06-13T01:54:12.432+0000] {logging_mixin.py:154} INFO - [2026-06-13T01:54:12.431+0000] {dagbag.py:536} INFO - Filling up the DagBag from /opt/airflow/dags/S3_UPLOAD_BRONZE_DAG.py
[2026-06-13T01:54:12.523+0000] {processor.py:839} INFO - DAG(s) dict_keys(['daily_vulnerability_ingestion']) retrieved from /opt/airflow/dags/S3_UPLOAD_BRONZE_DAG.py
[2026-06-13T01:54:12.540+0000] {logging_mixin.py:154} INFO - [2026-06-13T01:54:12.540+0000] {dag.py:2941} INFO - Sync 1 DAGs
[2026-06-13T01:54:12.555+0000] {logging_mixin.py:154} INFO - [2026-06-13T01:54:12.554+0000] {dag.py:3722} INFO - Setting next_dagrun for daily_vulnerability_ingestion to 2026-06-12T14:52:05.384041+00:00, run_after=2026-06-13T14:52:05.384041+00:00
[2026-06-13T01:54:12.574+0000] {processor.py:179} INFO - Processing /opt/airflow/dags/S3_UPLOAD_BRONZE_DAG.py took 0.148 seconds
[2026-06-13T01:54:42.778+0000] {processor.py:157} INFO - Started process (PID=10196) to work on /opt/airflow/dags/S3_UPLOAD_BRONZE_DAG.py
[2026-06-13T01:54:42.787+0000] {processor.py:829} INFO - Processing file /opt/airflow/dags/S3_UPLOAD_BRONZE_DAG.py for tasks to queue
[2026-06-13T01:54:42.788+0000] {logging_mixin.py:154} INFO - [2026-06-13T01:54:42.787+0000] {dagbag.py:536} INFO - Filling up the DagBag from /opt/airflow/dags/S3_UPLOAD_BRONZE_DAG.py
[2026-06-13T01:54:42.805+0000] {processor.py:839} INFO - DAG(s) dict_keys(['daily_vulnerability_ingestion']) retrieved from /opt/airflow/dags/S3_UPLOAD_BRONZE_DAG.py
[2026-06-13T01:54:42.831+0000] {logging_mixin.py:154} INFO - [2026-06-13T01:54:42.830+0000] {dag.py:2941} INFO - Sync 1 DAGs
[2026-06-13T01:54:42.851+0000] {logging_mixin.py:154} INFO - [2026-06-13T01:54:42.851+0000] {dag.py:3722} INFO - Setting next_dagrun for daily_vulnerability_ingestion to 2026-06-12T14:52:05.384041+00:00, run_after=2026-06-13T14:52:05.384041+00:00
[2026-06-13T01:54:42.863+0000] {processor.py:179} INFO - Processing /opt/airflow/dags/S3_UPLOAD_BRONZE_DAG.py took 0.089 seconds
[2026-06-13T01:55:12.938+0000] {processor.py:157} INFO - Started process (PID=10201) to work on /opt/airflow/dags/S3_UPLOAD_BRONZE_DAG.py
[2026-06-13T01:55:12.938+0000] {processor.py:829} INFO - Processing file /opt/airflow/dags/S3_UPLOAD_BRONZE_DAG.py for tasks to queue
[2026-06-13T01:55:12.939+0000] {logging_mixin.py:154} INFO - [2026-06-13T01:55:12.939+0000] {dagbag.py:536} INFO - Filling up the DagBag from /opt/airflow/dags/S3_UPLOAD_BRONZE_DAG.py
[2026-06-13T01:55:12.956+0000] {processor.py:839} INFO - DAG(s) dict_keys(['daily_vulnerability_ingestion']) retrieved from /opt/airflow/dags/S3_UPLOAD_BRONZE_DAG.py
[2026-06-13T01:55:12.975+0000] {logging_mixin.py:154} INFO - [2026-06-13T01:55:12.975+0000] {dag.py:2941} INFO - Sync 1 DAGs
[2026-06-13T01:55:12.990+0000] {logging_mixin.py:154} INFO - [2026-06-13T01:55:12.990+0000] {dag.py:3722} INFO - Setting next_dagrun for daily_vulnerability_ingestion to 2026-06-12T14:52:05.384041+00:00, run_after=2026-06-13T14:52:05.384041+00:00
[2026-06-13T01:55:13.003+0000] {processor.py:179} INFO - Processing /opt/airflow/dags/S3_UPLOAD_BRONZE_DAG.py took 0.069 seconds
[2026-06-13T01:55:43.175+0000] {processor.py:157} INFO - Started process (PID=10206) to work on /opt/airflow/dags/S3_UPLOAD_BRONZE_DAG.py
[2026-06-13T01:55:43.184+0000] {processor.py:829} INFO - Processing file /opt/airflow/dags/S3_UPLOAD_BRONZE_DAG.py for tasks to queue
[2026-06-13T01:55:43.185+0000] {logging_mixin.py:154} INFO - [2026-06-13T01:55:43.184+0000] {dagbag.py:536} INFO - Filling up the DagBag from /opt/airflow/dags/S3_UPLOAD_BRONZE_DAG.py
[2026-06-13T01:55:43.198+0000] {processor.py:839} INFO - DAG(s) dict_keys(['daily_vulnerability_ingestion']) retrieved from /opt/airflow/dags/S3_UPLOAD_BRONZE_DAG.py
[2026-06-13T01:55:43.216+0000] {logging_mixin.py:154} INFO - [2026-06-13T01:55:43.216+0000] {dag.py:2941} INFO - Sync 1 DAGs
[2026-06-13T01:55:43.232+0000] {logging_mixin.py:154} INFO - [2026-06-13T01:55:43.232+0000] {dag.py:3722} INFO - Setting next_dagrun for daily_vulnerability_ingestion to 2026-06-12T14:52:05.384041+00:00, run_after=2026-06-13T14:52:05.384041+00:00
[2026-06-13T01:55:43.244+0000] {processor.py:179} INFO - Processing /opt/airflow/dags/S3_UPLOAD_BRONZE_DAG.py took 0.074 seconds
[2026-06-13T01:56:13.382+0000] {processor.py:157} INFO - Started process (PID=10211) to work on /opt/airflow/dags/S3_UPLOAD_BRONZE_DAG.py
[2026-06-13T01:56:13.384+0000] {processor.py:829} INFO - Processing file /opt/airflow/dags/S3_UPLOAD_BRONZE_DAG.py for tasks to queue
[2026-06-13T01:56:13.385+0000] {logging_mixin.py:154} INFO - [2026-06-13T01:56:13.385+0000] {dagbag.py:536} INFO - Filling up the DagBag from /opt/airflow/dags/S3_UPLOAD_BRONZE_DAG.py
[2026-06-13T01:56:13.405+0000] {processor.py:839} INFO - DAG(s) dict_keys(['daily_vulnerability_ingestion']) retrieved from /opt/airflow/dags/S3_UPLOAD_BRONZE_DAG.py
[2026-06-13T01:56:13.424+0000] {logging_mixin.py:154} INFO - [2026-06-13T01:56:13.424+0000] {dag.py:2941} INFO - Sync 1 DAGs
[2026-06-13T01:56:13.441+0000] {logging_mixin.py:154} INFO - [2026-06-13T01:56:13.440+0000] {dag.py:3722} INFO - Setting next_dagrun for daily_vulnerability_ingestion to 2026-06-12T14:52:05.384041+00:00, run_after=2026-06-13T14:52:05.384041+00:00
[2026-06-13T01:56:13.454+0000] {processor.py:179} INFO - Processing /opt/airflow/dags/S3_UPLOAD_BRONZE_DAG.py took 0.081 seconds
[2026-06-13T01:56:43.576+0000] {processor.py:157} INFO - Started process (PID=10216) to work on /opt/airflow/dags/S3_UPLOAD_BRONZE_DAG.py
[2026-06-13T01:56:43.586+0000] {processor.py:829} INFO - Processing file /opt/airflow/dags/S3_UPLOAD_BRONZE_DAG.py for tasks to queue
[2026-06-13T01:56:43.587+0000] {logging_mixin.py:154} INFO - [2026-06-13T01:56:43.587+0000] {dagbag.py:536} INFO - Filling up the DagBag from /opt/airflow/dags/S3_UPLOAD_BRONZE_DAG.py
[2026-06-13T01:56:43.613+0000] {processor.py:839} INFO - DAG(s) dict_keys(['daily_vulnerability_ingestion']) retrieved from /opt/airflow/dags/S3_UPLOAD_BRONZE_DAG.py
[2026-06-13T01:56:43.635+0000] {logging_mixin.py:154} INFO - [2026-06-13T01:56:43.635+0000] {dag.py:2941} INFO - Sync 1 DAGs
[2026-06-13T01:56:43.651+0000] {logging_mixin.py:154} INFO - [2026-06-13T01:56:43.651+0000] {dag.py:3722} INFO - Setting next_dagrun for daily_vulnerability_ingestion to 2026-06-12T14:52:05.384041+00:00, run_after=2026-06-13T14:52:05.384041+00:00
[2026-06-13T01:56:43.665+0000] {processor.py:179} INFO - Processing /opt/airflow/dags/S3_UPLOAD_BRONZE_DAG.py took 0.096 seconds
[2026-06-13T01:57:13.791+0000] {processor.py:157} INFO - Started process (PID=10221) to work on /opt/airflow/dags/S3_UPLOAD_BRONZE_DAG.py
[2026-06-13T01:57:13.792+0000] {processor.py:829} INFO - Processing file /opt/airflow/dags/S3_UPLOAD_BRONZE_DAG.py for tasks to queue
[2026-06-13T01:57:13.793+0000] {logging_mixin.py:154} INFO - [2026-06-13T01:57:13.792+0000] {dagbag.py:536} INFO - Filling up the DagBag from /opt/airflow/dags/S3_UPLOAD_BRONZE_DAG.py
[2026-06-13T01:57:13.808+0000] {processor.py:839} INFO - DAG(s) dict_keys(['daily_vulnerability_ingestion']) retrieved from /opt/airflow/dags/S3_UPLOAD_BRONZE_DAG.py
[2026-06-13T01:57:13.827+0000] {logging_mixin.py:154} INFO - [2026-06-13T01:57:13.827+0000] {dag.py:2941} INFO - Sync 1 DAGs
[2026-06-13T01:57:13.843+0000] {logging_mixin.py:154} INFO - [2026-06-13T01:57:13.843+0000] {dag.py:3722} INFO - Setting next_dagrun for daily_vulnerability_ingestion to 2026-06-12T14:52:05.384041+00:00, run_after=2026-06-13T14:52:05.384041+00:00
[2026-06-13T01:57:13.855+0000] {processor.py:179} INFO - Processing /opt/airflow/dags/S3_UPLOAD_BRONZE_DAG.py took 0.068 seconds
[2026-06-13T01:57:43.996+0000] {processor.py:157} INFO - Started process (PID=10226) to work on /opt/airflow/dags/S3_UPLOAD_BRONZE_DAG.py
[2026-06-13T01:57:43.997+0000] {processor.py:829} INFO - Processing file /opt/airflow/dags/S3_UPLOAD_BRONZE_DAG.py for tasks to queue
[2026-06-13T01:57:43.997+0000] {logging_mixin.py:154} INFO - [2026-06-13T01:57:43.997+0000] {dagbag.py:536} INFO - Filling up the DagBag from /opt/airflow/dags/S3_UPLOAD_BRONZE_DAG.py
[2026-06-13T01:57:44.009+0000] {processor.py:839} INFO - DAG(s) dict_keys(['daily_vulnerability_ingestion']) retrieved from /opt/airflow/dags/S3_UPLOAD_BRONZE_DAG.py
[2026-06-13T01:57:44.030+0000] {logging_mixin.py:154} INFO - [2026-06-13T01:57:44.029+0000] {dag.py:2941} INFO - Sync 1 DAGs
[2026-06-13T01:57:44.045+0000] {logging_mixin.py:154} INFO - [2026-06-13T01:57:44.045+0000] {dag.py:3722} INFO - Setting next_dagrun for daily_vulnerability_ingestion to 2026-06-12T14:52:05.384041+00:00, run_after=2026-06-13T14:52:05.384041+00:00
[2026-06-13T01:57:44.058+0000] {processor.py:179} INFO - Processing /opt/airflow/dags/S3_UPLOAD_BRONZE_DAG.py took 0.065 seconds
[2026-06-13T01:58:14.211+0000] {processor.py:157} INFO - Started process (PID=10231) to work on /opt/airflow/dags/S3_UPLOAD_BRONZE_DAG.py
[2026-06-13T01:58:14.212+0000] {processor.py:829} INFO - Processing file /opt/airflow/dags/S3_UPLOAD_BRONZE_DAG.py for tasks to queue
[2026-06-13T01:58:14.213+0000] {logging_mixin.py:154} INFO - [2026-06-13T01:58:14.213+0000] {dagbag.py:536} INFO - Filling up the DagBag from /opt/airflow/dags/S3_UPLOAD_BRONZE_DAG.py
[2026-06-13T01:58:14.228+0000] {processor.py:839} INFO - DAG(s) dict_keys(['daily_vulnerability_ingestion']) retrieved from /opt/airflow/dags/S3_UPLOAD_BRONZE_DAG.py
[2026-06-13T01:58:14.247+0000] {logging_mixin.py:154} INFO - [2026-06-13T01:58:14.247+0000] {dag.py:2941} INFO - Sync 1 DAGs
[2026-06-13T01:58:14.264+0000] {logging_mixin.py:154} INFO - [2026-06-13T01:58:14.264+0000] {dag.py:3722} INFO - Setting next_dagrun for daily_vulnerability_ingestion to 2026-06-12T14:52:05.384041+00:00, run_after=2026-06-13T14:52:05.384041+00:00
[2026-06-13T01:58:14.277+0000] {processor.py:179} INFO - Processing /opt/airflow/dags/S3_UPLOAD_BRONZE_DAG.py took 0.069 seconds
[2026-06-13T01:58:44.407+0000] {processor.py:157} INFO - Started process (PID=10236) to work on /opt/airflow/dags/S3_UPLOAD_BRONZE_DAG.py
[2026-06-13T01:58:44.417+0000] {processor.py:829} INFO - Processing file /opt/airflow/dags/S3_UPLOAD_BRONZE_DAG.py for tasks to queue
[2026-06-13T01:58:44.417+0000] {logging_mixin.py:154} INFO - [2026-06-13T01:58:44.417+0000] {dagbag.py:536} INFO - Filling up the DagBag from /opt/airflow/dags/S3_UPLOAD_BRONZE_DAG.py
[2026-06-13T01:58:44.435+0000] {processor.py:839} INFO - DAG(s) dict_keys(['daily_vulnerability_ingestion']) retrieved from /opt/airflow/dags/S3_UPLOAD_BRONZE_DAG.py
[2026-06-13T01:58:44.454+0000] {logging_mixin.py:154} INFO - [2026-06-13T01:58:44.453+0000] {dag.py:2941} INFO - Sync 1 DAGs
[2026-06-13T01:58:44.469+0000] {logging_mixin.py:154} INFO - [2026-06-13T01:58:44.469+0000] {dag.py:3722} INFO - Setting next_dagrun for daily_vulnerability_ingestion to 2026-06-12T14:52:05.384041+00:00, run_after=2026-06-13T14:52:05.384041+00:00
[2026-06-13T01:58:44.483+0000] {processor.py:179} INFO - Processing /opt/airflow/dags/S3_UPLOAD_BRONZE_DAG.py took 0.081 seconds
[2026-06-13T01:59:14.661+0000] {processor.py:157} INFO - Started process (PID=10241) to work on /opt/airflow/dags/S3_UPLOAD_BRONZE_DAG.py
[2026-06-13T01:59:14.663+0000] {processor.py:829} INFO - Processing file /opt/airflow/dags/S3_UPLOAD_BRONZE_DAG.py for tasks to queue
[2026-06-13T01:59:14.664+0000] {logging_mixin.py:154} INFO - [2026-06-13T01:59:14.664+0000] {dagbag.py:536} INFO - Filling up the DagBag from /opt/airflow/dags/S3_UPLOAD_BRONZE_DAG.py
[2026-06-13T01:59:14.683+0000] {processor.py:839} INFO - DAG(s) dict_keys(['daily_vulnerability_ingestion']) retrieved from /opt/airflow/dags/S3_UPLOAD_BRONZE_DAG.py
[2026-06-13T01:59:14.707+0000] {logging_mixin.py:154} INFO - [2026-06-13T01:59:14.707+0000] {dag.py:2941} INFO - Sync 1 DAGs
[2026-06-13T01:59:14.722+0000] {logging_mixin.py:154} INFO - [2026-06-13T01:59:14.722+0000] {dag.py:3722} INFO - Setting next_dagrun for daily_vulnerability_ingestion to 2026-06-12T14:52:05.384041+00:00, run_after=2026-06-13T14:52:05.384041+00:00
[2026-06-13T01:59:14.735+0000] {processor.py:179} INFO - Processing /opt/airflow/dags/S3_UPLOAD_BRONZE_DAG.py took 0.080 seconds
[2026-06-13T01:59:44.838+0000] {processor.py:157} INFO - Started process (PID=10246) to work on /opt/airflow/dags/S3_UPLOAD_BRONZE_DAG.py
[2026-06-13T01:59:44.847+0000] {processor.py:829} INFO - Processing file /opt/airflow/dags/S3_UPLOAD_BRONZE_DAG.py for tasks to queue
[2026-06-13T01:59:44.848+0000] {logging_mixin.py:154} INFO - [2026-06-13T01:59:44.848+0000] {dagbag.py:536} INFO - Filling up the DagBag from /opt/airflow/dags/S3_UPLOAD_BRONZE_DAG.py
[2026-06-13T01:59:44.864+0000] {processor.py:839} INFO - DAG(s) dict_keys(['daily_vulnerability_ingestion']) retrieved from /opt/airflow/dags/S3_UPLOAD_BRONZE_DAG.py
[2026-06-13T01:59:44.885+0000] {logging_mixin.py:154} INFO - [2026-06-13T01:59:44.885+0000] {dag.py:2941} INFO - Sync 1 DAGs
[2026-06-13T01:59:44.902+0000] {logging_mixin.py:154} INFO - [2026-06-13T01:59:44.902+0000] {dag.py:3722} INFO - Setting next_dagrun for daily_vulnerability_ingestion to 2026-06-12T14:52:05.384041+00:00, run_after=2026-06-13T14:52:05.384041+00:00
[2026-06-13T01:59:44.914+0000] {processor.py:179} INFO - Processing /opt/airflow/dags/S3_UPLOAD_BRONZE_DAG.py took 0.080 seconds
[2026-06-13T02:00:15.071+0000] {processor.py:157} INFO - Started process (PID=10251) to work on /opt/airflow/dags/S3_UPLOAD_BRONZE_DAG.py
[2026-06-13T02:00:15.072+0000] {processor.py:829} INFO - Processing file /opt/airflow/dags/S3_UPLOAD_BRONZE_DAG.py for tasks to queue
[2026-06-13T02:00:15.072+0000] {logging_mixin.py:154} INFO - [2026-06-13T02:00:15.072+0000] {dagbag.py:536} INFO - Filling up the DagBag from /opt/airflow/dags/S3_UPLOAD_BRONZE_DAG.py
[2026-06-13T02:00:15.088+0000] {processor.py:839} INFO - DAG(s) dict_keys(['daily_vulnerability_ingestion']) retrieved from /opt/airflow/dags/S3_UPLOAD_BRONZE_DAG.py
[2026-06-13T02:00:15.107+0000] {logging_mixin.py:154} INFO - [2026-06-13T02:00:15.107+0000] {dag.py:2941} INFO - Sync 1 DAGs
[2026-06-13T02:00:15.123+0000] {logging_mixin.py:154} INFO - [2026-06-13T02:00:15.123+0000] {dag.py:3722} INFO - Setting next_dagrun for daily_vulnerability_ingestion to 2026-06-12T14:52:05.384041+00:00, run_after=2026-06-13T14:52:05.384041+00:00
[2026-06-13T02:00:15.135+0000] {processor.py:179} INFO - Processing /opt/airflow/dags/S3_UPLOAD_BRONZE_DAG.py took 0.069 seconds
[2026-06-13T02:00:45.247+0000] {processor.py:157} INFO - Started process (PID=10256) to work on /opt/airflow/dags/S3_UPLOAD_BRONZE_DAG.py
[2026-06-13T02:00:45.248+0000] {processor.py:829} INFO - Processing file /opt/airflow/dags/S3_UPLOAD_BRONZE_DAG.py for tasks to queue
[2026-06-13T02:00:45.249+0000] {logging_mixin.py:154} INFO - [2026-06-13T02:00:45.249+0000] {dagbag.py:536} INFO - Filling up the DagBag from /opt/airflow/dags/S3_UPLOAD_BRONZE_DAG.py
[2026-06-13T02:00:45.261+0000] {processor.py:839} INFO - DAG(s) dict_keys(['daily_vulnerability_ingestion']) retrieved from /opt/airflow/dags/S3_UPLOAD_BRONZE_DAG.py
[2026-06-13T02:00:45.289+0000] {logging_mixin.py:154} INFO - [2026-06-13T02:00:45.289+0000] {dag.py:2941} INFO - Sync 1 DAGs
[2026-06-13T02:00:45.312+0000] {logging_mixin.py:154} INFO - [2026-06-13T02:00:45.312+0000] {dag.py:3722} INFO - Setting next_dagrun for daily_vulnerability_ingestion to 2026-06-12T14:52:05.384041+00:00, run_after=2026-06-13T14:52:05.384041+00:00
[2026-06-13T02:00:45.329+0000] {processor.py:179} INFO - Processing /opt/airflow/dags/S3_UPLOAD_BRONZE_DAG.py took 0.085 seconds
[2026-06-13T02:01:15.488+0000] {processor.py:157} INFO - Started process (PID=10261) to work on /opt/airflow/dags/S3_UPLOAD_BRONZE_DAG.py
[2026-06-13T02:01:15.488+0000] {processor.py:829} INFO - Processing file /opt/airflow/dags/S3_UPLOAD_BRONZE_DAG.py for tasks to queue
[2026-06-13T02:01:15.489+0000] {logging_mixin.py:154} INFO - [2026-06-13T02:01:15.489+0000] {dagbag.py:536} INFO - Filling up the DagBag from /opt/airflow/dags/S3_UPLOAD_BRONZE_DAG.py
[2026-06-13T02:01:15.507+0000] {processor.py:839} INFO - DAG(s) dict_keys(['daily_vulnerability_ingestion']) retrieved from /opt/airflow/dags/S3_UPLOAD_BRONZE_DAG.py
[2026-06-13T02:01:15.529+0000] {logging_mixin.py:154} INFO - [2026-06-13T02:01:15.529+0000] {dag.py:2941} INFO - Sync 1 DAGs
[2026-06-13T02:01:15.548+0000] {logging_mixin.py:154} INFO - [2026-06-13T02:01:15.548+0000] {dag.py:3722} INFO - Setting next_dagrun for daily_vulnerability_ingestion to 2026-06-12T14:52:05.384041+00:00, run_after=2026-06-13T14:52:05.384041+00:00
[2026-06-13T02:01:15.560+0000] {processor.py:179} INFO - Processing /opt/airflow/dags/S3_UPLOAD_BRONZE_DAG.py took 0.077 seconds
[2026-06-13T02:01:45.634+0000] {processor.py:157} INFO - Started process (PID=10266) to work on /opt/airflow/dags/S3_UPLOAD_BRONZE_DAG.py
[2026-06-13T02:01:45.634+0000] {processor.py:829} INFO - Processing file /opt/airflow/dags/S3_UPLOAD_BRONZE_DAG.py for tasks to queue
[2026-06-13T02:01:45.635+0000] {logging_mixin.py:154} INFO - [2026-06-13T02:01:45.635+0000] {dagbag.py:536} INFO - Filling up the DagBag from /opt/airflow/dags/S3_UPLOAD_BRONZE_DAG.py
[2026-06-13T02:01:45.647+0000] {processor.py:839} INFO - DAG(s) dict_keys(['daily_vulnerability_ingestion']) retrieved from /opt/airflow/dags/S3_UPLOAD_BRONZE_DAG.py
[2026-06-13T02:01:45.668+0000] {logging_mixin.py:154} INFO - [2026-06-13T02:01:45.668+0000] {dag.py:2941} INFO - Sync 1 DAGs
[2026-06-13T02:01:45.688+0000] {logging_mixin.py:154} INFO - [2026-06-13T02:01:45.688+0000] {dag.py:3722} INFO - Setting next_dagrun for daily_vulnerability_ingestion to 2026-06-12T14:52:05.384041+00:00, run_after=2026-06-13T14:52:05.384041+00:00
[2026-06-13T02:01:45.705+0000] {processor.py:179} INFO - Processing /opt/airflow/dags/S3_UPLOAD_BRONZE_DAG.py took 0.074 seconds
[2026-06-13T02:02:15.871+0000] {processor.py:157} INFO - Started process (PID=10271) to work on /opt/airflow/dags/S3_UPLOAD_BRONZE_DAG.py
[2026-06-13T02:02:15.880+0000] {processor.py:829} INFO - Processing file /opt/airflow/dags/S3_UPLOAD_BRONZE_DAG.py for tasks to queue
[2026-06-13T02:02:15.880+0000] {logging_mixin.py:154} INFO - [2026-06-13T02:02:15.880+0000] {dagbag.py:536} INFO - Filling up the DagBag from /opt/airflow/dags/S3_UPLOAD_BRONZE_DAG.py
[2026-06-13T02:02:15.897+0000] {processor.py:839} INFO - DAG(s) dict_keys(['daily_vulnerability_ingestion']) retrieved from /opt/airflow/dags/S3_UPLOAD_BRONZE_DAG.py
[2026-06-13T02:02:15.921+0000] {logging_mixin.py:154} INFO - [2026-06-13T02:02:15.921+0000] {dag.py:2941} INFO - Sync 1 DAGs
[2026-06-13T02:02:15.938+0000] {logging_mixin.py:154} INFO - [2026-06-13T02:02:15.938+0000] {dag.py:3722} INFO - Setting next_dagrun for daily_vulnerability_ingestion to 2026-06-12T14:52:05.384041+00:00, run_after=2026-06-13T14:52:05.384041+00:00
[2026-06-13T02:02:15.952+0000] {processor.py:179} INFO - Processing /opt/airflow/dags/S3_UPLOAD_BRONZE_DAG.py took 0.085 seconds
[2026-06-13T02:02:46.059+0000] {processor.py:157} INFO - Started process (PID=10276) to work on /opt/airflow/dags/S3_UPLOAD_BRONZE_DAG.py
[2026-06-13T02:02:46.060+0000] {processor.py:829} INFO - Processing file /opt/airflow/dags/S3_UPLOAD_BRONZE_DAG.py for tasks to queue
[2026-06-13T02:02:46.062+0000] {logging_mixin.py:154} INFO - [2026-06-13T02:02:46.061+0000] {dagbag.py:536} INFO - Filling up the DagBag from /opt/airflow/dags/S3_UPLOAD_BRONZE_DAG.py
[2026-06-13T02:02:46.079+0000] {processor.py:839} INFO - DAG(s) dict_keys(['daily_vulnerability_ingestion']) retrieved from /opt/airflow/dags/S3_UPLOAD_BRONZE_DAG.py
[2026-06-13T02:02:46.099+0000] {logging_mixin.py:154} INFO - [2026-06-13T02:02:46.099+0000] {dag.py:2941} INFO - Sync 1 DAGs
[2026-06-13T02:02:46.115+0000] {logging_mixin.py:154} INFO - [2026-06-13T02:02:46.115+0000] {dag.py:3722} INFO - Setting next_dagrun for daily_vulnerability_ingestion to 2026-06-12T14:52:05.384041+00:00, run_after=2026-06-13T14:52:05.384041+00:00
[2026-06-13T02:02:46.128+0000] {processor.py:179} INFO - Processing /opt/airflow/dags/S3_UPLOAD_BRONZE_DAG.py took 0.075 seconds
[2026-06-13T02:03:16.296+0000] {processor.py:157} INFO - Started process (PID=10281) to work on /opt/airflow/dags/S3_UPLOAD_BRONZE_DAG.py
[2026-06-13T02:03:16.297+0000] {processor.py:829} INFO - Processing file /opt/airflow/dags/S3_UPLOAD_BRONZE_DAG.py for tasks to queue
[2026-06-13T02:03:16.297+0000] {logging_mixin.py:154} INFO - [2026-06-13T02:03:16.297+0000] {dagbag.py:536} INFO - Filling up the DagBag from /opt/airflow/dags/S3_UPLOAD_BRONZE_DAG.py
[2026-06-13T02:03:16.311+0000] {processor.py:839} INFO - DAG(s) dict_keys(['daily_vulnerability_ingestion']) retrieved from /opt/airflow/dags/S3_UPLOAD_BRONZE_DAG.py
[2026-06-13T02:03:16.330+0000] {logging_mixin.py:154} INFO - [2026-06-13T02:03:16.330+0000] {dag.py:2941} INFO - Sync 1 DAGs
[2026-06-13T02:03:16.347+0000] {logging_mixin.py:154} INFO - [2026-06-13T02:03:16.347+0000] {dag.py:3722} INFO - Setting next_dagrun for daily_vulnerability_ingestion to 2026-06-12T14:52:05.384041+00:00, run_after=2026-06-13T14:52:05.384041+00:00
[2026-06-13T02:03:16.360+0000] {processor.py:179} INFO - Processing /opt/airflow/dags/S3_UPLOAD_BRONZE_DAG.py took 0.068 seconds
[2026-06-13T02:03:46.493+0000] {processor.py:157} INFO - Started process (PID=10286) to work on /opt/airflow/dags/S3_UPLOAD_BRONZE_DAG.py
[2026-06-13T02:03:46.494+0000] {processor.py:829} INFO - Processing file /opt/airflow/dags/S3_UPLOAD_BRONZE_DAG.py for tasks to queue
[2026-06-13T02:03:46.495+0000] {logging_mixin.py:154} INFO - [2026-06-13T02:03:46.495+0000] {dagbag.py:536} INFO - Filling up the DagBag from /opt/airflow/dags/S3_UPLOAD_BRONZE_DAG.py
[2026-06-13T02:03:46.517+0000] {processor.py:839} INFO - DAG(s) dict_keys(['daily_vulnerability_ingestion']) retrieved from /opt/airflow/dags/S3_UPLOAD_BRONZE_DAG.py
[2026-06-13T02:03:46.538+0000] {logging_mixin.py:154} INFO - [2026-06-13T02:03:46.538+0000] {dag.py:2941} INFO - Sync 1 DAGs
[2026-06-13T02:03:46.555+0000] {logging_mixin.py:154} INFO - [2026-06-13T02:03:46.554+0000] {dag.py:3722} INFO - Setting next_dagrun for daily_vulnerability_ingestion to 2026-06-12T14:52:05.384041+00:00, run_after=2026-06-13T14:52:05.384041+00:00
[2026-06-13T02:03:46.567+0000] {processor.py:179} INFO - Processing /opt/airflow/dags/S3_UPLOAD_BRONZE_DAG.py took 0.081 seconds
[2026-06-13T02:04:16.695+0000] {processor.py:157} INFO - Started process (PID=10291) to work on /opt/airflow/dags/S3_UPLOAD_BRONZE_DAG.py
[2026-06-13T02:04:16.704+0000] {processor.py:829} INFO - Processing file /opt/airflow/dags/S3_UPLOAD_BRONZE_DAG.py for tasks to queue
[2026-06-13T02:04:16.705+0000] {logging_mixin.py:154} INFO - [2026-06-13T02:04:16.705+0000] {dagbag.py:536} INFO - Filling up the DagBag from /opt/airflow/dags/S3_UPLOAD_BRONZE_DAG.py
[2026-06-13T02:04:16.717+0000] {processor.py:839} INFO - DAG(s) dict_keys(['daily_vulnerability_ingestion']) retrieved from /opt/airflow/dags/S3_UPLOAD_BRONZE_DAG.py
[2026-06-13T02:04:16.735+0000] {logging_mixin.py:154} INFO - [2026-06-13T02:04:16.735+0000] {dag.py:2941} INFO - Sync 1 DAGs
[2026-06-13T02:04:16.751+0000] {logging_mixin.py:154} INFO - [2026-06-13T02:04:16.751+0000] {dag.py:3722} INFO - Setting next_dagrun for daily_vulnerability_ingestion to 2026-06-12T14:52:05.384041+00:00, run_after=2026-06-13T14:52:05.384041+00:00
[2026-06-13T02:04:16.763+0000] {processor.py:179} INFO - Processing /opt/airflow/dags/S3_UPLOAD_BRONZE_DAG.py took 0.073 seconds
[2026-06-13T02:04:46.894+0000] {processor.py:157} INFO - Started process (PID=10296) to work on /opt/airflow/dags/S3_UPLOAD_BRONZE_DAG.py
[2026-06-13T02:04:46.895+0000] {processor.py:829} INFO - Processing file /opt/airflow/dags/S3_UPLOAD_BRONZE_DAG.py for tasks to queue
[2026-06-13T02:04:46.895+0000] {logging_mixin.py:154} INFO - [2026-06-13T02:04:46.895+0000] {dagbag.py:536} INFO - Filling up the DagBag from /opt/airflow/dags/S3_UPLOAD_BRONZE_DAG.py
[2026-06-13T02:04:46.914+0000] {processor.py:839} INFO - DAG(s) dict_keys(['daily_vulnerability_ingestion']) retrieved from /opt/airflow/dags/S3_UPLOAD_BRONZE_DAG.py
[2026-06-13T02:04:46.934+0000] {logging_mixin.py:154} INFO - [2026-06-13T02:04:46.933+0000] {dag.py:2941} INFO - Sync 1 DAGs
[2026-06-13T02:04:46.949+0000] {logging_mixin.py:154} INFO - [2026-06-13T02:04:46.949+0000] {dag.py:3722} INFO - Setting next_dagrun for daily_vulnerability_ingestion to 2026-06-12T14:52:05.384041+00:00, run_after=2026-06-13T14:52:05.384041+00:00
[2026-06-13T02:04:46.961+0000] {processor.py:179} INFO - Processing /opt/airflow/dags/S3_UPLOAD_BRONZE_DAG.py took 0.072 seconds
[2026-06-13T02:05:17.098+0000] {processor.py:157} INFO - Started process (PID=10301) to work on /opt/airflow/dags/S3_UPLOAD_BRONZE_DAG.py
[2026-06-13T02:05:17.107+0000] {processor.py:829} INFO - Processing file /opt/airflow/dags/S3_UPLOAD_BRONZE_DAG.py for tasks to queue
[2026-06-13T02:05:17.108+0000] {logging_mixin.py:154} INFO - [2026-06-13T02:05:17.107+0000] {dagbag.py:536} INFO - Filling up the DagBag from /opt/airflow/dags/S3_UPLOAD_BRONZE_DAG.py
[2026-06-13T02:05:17.121+0000] {processor.py:839} INFO - DAG(s) dict_keys(['daily_vulnerability_ingestion']) retrieved from /opt/airflow/dags/S3_UPLOAD_BRONZE_DAG.py
[2026-06-13T02:05:17.140+0000] {logging_mixin.py:154} INFO - [2026-06-13T02:05:17.140+0000] {dag.py:2941} INFO - Sync 1 DAGs
[2026-06-13T02:05:17.156+0000] {logging_mixin.py:154} INFO - [2026-06-13T02:05:17.155+0000] {dag.py:3722} INFO - Setting next_dagrun for daily_vulnerability_ingestion to 2026-06-12T14:52:05.384041+00:00, run_after=2026-06-13T14:52:05.384041+00:00
[2026-06-13T02:05:17.167+0000] {processor.py:179} INFO - Processing /opt/airflow/dags/S3_UPLOAD_BRONZE_DAG.py took 0.073 seconds
[2026-06-13T02:05:47.309+0000] {processor.py:157} INFO - Started process (PID=10306) to work on /opt/airflow/dags/S3_UPLOAD_BRONZE_DAG.py
[2026-06-13T02:05:47.311+0000] {processor.py:829} INFO - Processing file /opt/airflow/dags/S3_UPLOAD_BRONZE_DAG.py for tasks to queue
[2026-06-13T02:05:47.312+0000] {logging_mixin.py:154} INFO - [2026-06-13T02:05:47.312+0000] {dagbag.py:536} INFO - Filling up the DagBag from /opt/airflow/dags/S3_UPLOAD_BRONZE_DAG.py
[2026-06-13T02:05:47.332+0000] {processor.py:839} INFO - DAG(s) dict_keys(['daily_vulnerability_ingestion']) retrieved from /opt/airflow/dags/S3_UPLOAD_BRONZE_DAG.py
[2026-06-13T02:05:47.353+0000] {logging_mixin.py:154} INFO - [2026-06-13T02:05:47.353+0000] {dag.py:2941} INFO - Sync 1 DAGs
[2026-06-13T02:05:47.370+0000] {logging_mixin.py:154} INFO - [2026-06-13T02:05:47.370+0000] {dag.py:3722} INFO - Setting next_dagrun for daily_vulnerability_ingestion to 2026-06-12T14:52:05.384041+00:00, run_after=2026-06-13T14:52:05.384041+00:00
[2026-06-13T02:05:47.382+0000] {processor.py:179} INFO - Processing /opt/airflow/dags/S3_UPLOAD_BRONZE_DAG.py took 0.079 seconds
[2026-06-13T02:06:17.505+0000] {processor.py:157} INFO - Started process (PID=10311) to work on /opt/airflow/dags/S3_UPLOAD_BRONZE_DAG.py
[2026-06-13T02:06:17.514+0000] {processor.py:829} INFO - Processing file /opt/airflow/dags/S3_UPLOAD_BRONZE_DAG.py for tasks to queue
[2026-06-13T02:06:17.514+0000] {logging_mixin.py:154} INFO - [2026-06-13T02:06:17.514+0000] {dagbag.py:536} INFO - Filling up the DagBag from /opt/airflow/dags/S3_UPLOAD_BRONZE_DAG.py
[2026-06-13T02:06:17.527+0000] {processor.py:839} INFO - DAG(s) dict_keys(['daily_vulnerability_ingestion']) retrieved from /opt/airflow/dags/S3_UPLOAD_BRONZE_DAG.py
[2026-06-13T02:06:17.548+0000] {logging_mixin.py:154} INFO - [2026-06-13T02:06:17.547+0000] {dag.py:2941} INFO - Sync 1 DAGs
[2026-06-13T02:06:17.564+0000] {logging_mixin.py:154} INFO - [2026-06-13T02:06:17.564+0000] {dag.py:3722} INFO - Setting next_dagrun for daily_vulnerability_ingestion to 2026-06-12T14:52:05.384041+00:00, run_after=2026-06-13T14:52:05.384041+00:00
[2026-06-13T02:06:17.577+0000] {processor.py:179} INFO - Processing /opt/airflow/dags/S3_UPLOAD_BRONZE_DAG.py took 0.076 seconds
[2026-06-13T02:06:47.714+0000] {processor.py:157} INFO - Started process (PID=10316) to work on /opt/airflow/dags/S3_UPLOAD_BRONZE_DAG.py
[2026-06-13T02:06:47.715+0000] {processor.py:829} INFO - Processing file /opt/airflow/dags/S3_UPLOAD_BRONZE_DAG.py for tasks to queue
[2026-06-13T02:06:47.717+0000] {logging_mixin.py:154} INFO - [2026-06-13T02:06:47.716+0000] {dagbag.py:536} INFO - Filling up the DagBag from /opt/airflow/dags/S3_UPLOAD_BRONZE_DAG.py
[2026-06-13T02:06:47.736+0000] {processor.py:839} INFO - DAG(s) dict_keys(['daily_vulnerability_ingestion']) retrieved from /opt/airflow/dags/S3_UPLOAD_BRONZE_DAG.py
[2026-06-13T02:06:47.755+0000] {logging_mixin.py:154} INFO - [2026-06-13T02:06:47.755+0000] {dag.py:2941} INFO - Sync 1 DAGs
[2026-06-13T02:06:47.772+0000] {logging_mixin.py:154} INFO - [2026-06-13T02:06:47.772+0000] {dag.py:3722} INFO - Setting next_dagrun for daily_vulnerability_ingestion to 2026-06-12T14:52:05.384041+00:00, run_after=2026-06-13T14:52:05.384041+00:00
[2026-06-13T02:06:47.785+0000] {processor.py:179} INFO - Processing /opt/airflow/dags/S3_UPLOAD_BRONZE_DAG.py took 0.078 seconds
[2026-06-13T02:07:17.898+0000] {processor.py:157} INFO - Started process (PID=10321) to work on /opt/airflow/dags/S3_UPLOAD_BRONZE_DAG.py
[2026-06-13T02:07:17.899+0000] {processor.py:829} INFO - Processing file /opt/airflow/dags/S3_UPLOAD_BRONZE_DAG.py for tasks to queue
[2026-06-13T02:07:17.899+0000] {logging_mixin.py:154} INFO - [2026-06-13T02:07:17.899+0000] {dagbag.py:536} INFO - Filling up the DagBag from /opt/airflow/dags/S3_UPLOAD_BRONZE_DAG.py
[2026-06-13T02:07:17.911+0000] {processor.py:839} INFO - DAG(s) dict_keys(['daily_vulnerability_ingestion']) retrieved from /opt/airflow/dags/S3_UPLOAD_BRONZE_DAG.py
[2026-06-13T02:07:17.931+0000] {logging_mixin.py:154} INFO - [2026-06-13T02:07:17.931+0000] {dag.py:2941} INFO - Sync 1 DAGs
[2026-06-13T02:07:17.947+0000] {logging_mixin.py:154} INFO - [2026-06-13T02:07:17.947+0000] {dag.py:3722} INFO - Setting next_dagrun for daily_vulnerability_ingestion to 2026-06-12T14:52:05.384041+00:00, run_after=2026-06-13T14:52:05.384041+00:00
[2026-06-13T02:07:17.965+0000] {processor.py:179} INFO - Processing /opt/airflow/dags/S3_UPLOAD_BRONZE_DAG.py took 0.069 seconds
[2026-06-13T02:07:48.118+0000] {processor.py:157} INFO - Started process (PID=10326) to work on /opt/airflow/dags/S3_UPLOAD_BRONZE_DAG.py
[2026-06-13T02:07:48.118+0000] {processor.py:829} INFO - Processing file /opt/airflow/dags/S3_UPLOAD_BRONZE_DAG.py for tasks to queue
[2026-06-13T02:07:48.119+0000] {logging_mixin.py:154} INFO - [2026-06-13T02:07:48.119+0000] {dagbag.py:536} INFO - Filling up the DagBag from /opt/airflow/dags/S3_UPLOAD_BRONZE_DAG.py
[2026-06-13T02:07:48.131+0000] {processor.py:839} INFO - DAG(s) dict_keys(['daily_vulnerability_ingestion']) retrieved from /opt/airflow/dags/S3_UPLOAD_BRONZE_DAG.py
[2026-06-13T02:07:48.150+0000] {logging_mixin.py:154} INFO - [2026-06-13T02:07:48.150+0000] {dag.py:2941} INFO - Sync 1 DAGs
[2026-06-13T02:07:48.165+0000] {logging_mixin.py:154} INFO - [2026-06-13T02:07:48.165+0000] {dag.py:3722} INFO - Setting next_dagrun for daily_vulnerability_ingestion to 2026-06-12T14:52:05.384041+00:00, run_after=2026-06-13T14:52:05.384041+00:00
[2026-06-13T02:07:48.177+0000] {processor.py:179} INFO - Processing /opt/airflow/dags/S3_UPLOAD_BRONZE_DAG.py took 0.063 seconds
[2026-06-13T02:08:18.283+0000] {processor.py:157} INFO - Started process (PID=10331) to work on /opt/airflow/dags/S3_UPLOAD_BRONZE_DAG.py
[2026-06-13T02:08:18.292+0000] {processor.py:829} INFO - Processing file /opt/airflow/dags/S3_UPLOAD_BRONZE_DAG.py for tasks to queue
[2026-06-13T02:08:18.293+0000] {logging_mixin.py:154} INFO - [2026-06-13T02:08:18.292+0000] {dagbag.py:536} INFO - Filling up the DagBag from /opt/airflow/dags/S3_UPLOAD_BRONZE_DAG.py
[2026-06-13T02:08:18.311+0000] {processor.py:839} INFO - DAG(s) dict_keys(['daily_vulnerability_ingestion']) retrieved from /opt/airflow/dags/S3_UPLOAD_BRONZE_DAG.py
[2026-06-13T02:08:18.334+0000] {logging_mixin.py:154} INFO - [2026-06-13T02:08:18.334+0000] {dag.py:2941} INFO - Sync 1 DAGs
[2026-06-13T02:08:18.351+0000] {logging_mixin.py:154} INFO - [2026-06-13T02:08:18.351+0000] {dag.py:3722} INFO - Setting next_dagrun for daily_vulnerability_ingestion to 2026-06-12T14:52:05.384041+00:00, run_after=2026-06-13T14:52:05.384041+00:00
[2026-06-13T02:08:18.364+0000] {processor.py:179} INFO - Processing /opt/airflow/dags/S3_UPLOAD_BRONZE_DAG.py took 0.084 seconds
[2026-06-13T02:08:48.514+0000] {processor.py:157} INFO - Started process (PID=10336) to work on /opt/airflow/dags/S3_UPLOAD_BRONZE_DAG.py
[2026-06-13T02:08:48.515+0000] {processor.py:829} INFO - Processing file /opt/airflow/dags/S3_UPLOAD_BRONZE_DAG.py for tasks to queue
[2026-06-13T02:08:48.516+0000] {logging_mixin.py:154} INFO - [2026-06-13T02:08:48.516+0000] {dagbag.py:536} INFO - Filling up the DagBag from /opt/airflow/dags/S3_UPLOAD_BRONZE_DAG.py
[2026-06-13T02:08:48.534+0000] {processor.py:839} INFO - DAG(s) dict_keys(['daily_vulnerability_ingestion']) retrieved from /opt/airflow/dags/S3_UPLOAD_BRONZE_DAG.py
[2026-06-13T02:08:48.554+0000] {logging_mixin.py:154} INFO - [2026-06-13T02:08:48.554+0000] {dag.py:2941} INFO - Sync 1 DAGs
[2026-06-13T02:08:48.571+0000] {logging_mixin.py:154} INFO - [2026-06-13T02:08:48.571+0000] {dag.py:3722} INFO - Setting next_dagrun for daily_vulnerability_ingestion to 2026-06-12T14:52:05.384041+00:00, run_after=2026-06-13T14:52:05.384041+00:00
[2026-06-13T02:08:48.584+0000] {processor.py:179} INFO - Processing /opt/airflow/dags/S3_UPLOAD_BRONZE_DAG.py took 0.076 seconds
[2026-06-13T02:09:18.685+0000] {processor.py:157} INFO - Started process (PID=10341) to work on /opt/airflow/dags/S3_UPLOAD_BRONZE_DAG.py
[2026-06-13T02:09:18.695+0000] {processor.py:829} INFO - Processing file /opt/airflow/dags/S3_UPLOAD_BRONZE_DAG.py for tasks to queue
[2026-06-13T02:09:18.696+0000] {logging_mixin.py:154} INFO - [2026-06-13T02:09:18.696+0000] {dagbag.py:536} INFO - Filling up the DagBag from /opt/airflow/dags/S3_UPLOAD_BRONZE_DAG.py
[2026-06-13T02:09:18.716+0000] {processor.py:839} INFO - DAG(s) dict_keys(['daily_vulnerability_ingestion']) retrieved from /opt/airflow/dags/S3_UPLOAD_BRONZE_DAG.py
[2026-06-13T02:09:18.737+0000] {logging_mixin.py:154} INFO - [2026-06-13T02:09:18.736+0000] {dag.py:2941} INFO - Sync 1 DAGs
[2026-06-13T02:09:18.753+0000] {logging_mixin.py:154} INFO - [2026-06-13T02:09:18.752+0000] {dag.py:3722} INFO - Setting next_dagrun for daily_vulnerability_ingestion to 2026-06-12T14:52:05.384041+00:00, run_after=2026-06-13T14:52:05.384041+00:00
[2026-06-13T02:09:18.765+0000] {processor.py:179} INFO - Processing /opt/airflow/dags/S3_UPLOAD_BRONZE_DAG.py took 0.086 seconds
[2026-06-13T02:09:48.926+0000] {processor.py:157} INFO - Started process (PID=10346) to work on /opt/airflow/dags/S3_UPLOAD_BRONZE_DAG.py
[2026-06-13T02:09:48.926+0000] {processor.py:829} INFO - Processing file /opt/airflow/dags/S3_UPLOAD_BRONZE_DAG.py for tasks to queue
[2026-06-13T02:09:48.927+0000] {logging_mixin.py:154} INFO - [2026-06-13T02:09:48.927+0000] {dagbag.py:536} INFO - Filling up the DagBag from /opt/airflow/dags/S3_UPLOAD_BRONZE_DAG.py
[2026-06-13T02:09:48.942+0000] {processor.py:839} INFO - DAG(s) dict_keys(['daily_vulnerability_ingestion']) retrieved from /opt/airflow/dags/S3_UPLOAD_BRONZE_DAG.py
[2026-06-13T02:09:48.961+0000] {logging_mixin.py:154} INFO - [2026-06-13T02:09:48.961+0000] {dag.py:2941} INFO - Sync 1 DAGs
[2026-06-13T02:09:48.977+0000] {logging_mixin.py:154} INFO - [2026-06-13T02:09:48.977+0000] {dag.py:3722} INFO - Setting next_dagrun for daily_vulnerability_ingestion to 2026-06-12T14:52:05.384041+00:00, run_after=2026-06-13T14:52:05.384041+00:00
[2026-06-13T02:09:48.988+0000] {processor.py:179} INFO - Processing /opt/airflow/dags/S3_UPLOAD_BRONZE_DAG.py took 0.068 seconds
[2026-06-13T02:10:19.120+0000] {processor.py:157} INFO - Started process (PID=10351) to work on /opt/airflow/dags/S3_UPLOAD_BRONZE_DAG.py
[2026-06-13T02:10:19.129+0000] {processor.py:829} INFO - Processing file /opt/airflow/dags/S3_UPLOAD_BRONZE_DAG.py for tasks to queue
[2026-06-13T02:10:19.130+0000] {logging_mixin.py:154} INFO - [2026-06-13T02:10:19.129+0000] {dagbag.py:536} INFO - Filling up the DagBag from /opt/airflow/dags/S3_UPLOAD_BRONZE_DAG.py
[2026-06-13T02:10:19.143+0000] {processor.py:839} INFO - DAG(s) dict_keys(['daily_vulnerability_ingestion']) retrieved from /opt/airflow/dags/S3_UPLOAD_BRONZE_DAG.py
[2026-06-13T02:10:19.161+0000] {logging_mixin.py:154} INFO - [2026-06-13T02:10:19.161+0000] {dag.py:2941} INFO - Sync 1 DAGs
[2026-06-13T02:10:19.177+0000] {logging_mixin.py:154} INFO - [2026-06-13T02:10:19.177+0000] {dag.py:3722} INFO - Setting next_dagrun for daily_vulnerability_ingestion to 2026-06-12T14:52:05.384041+00:00, run_after=2026-06-13T14:52:05.384041+00:00
[2026-06-13T02:10:19.189+0000] {processor.py:179} INFO - Processing /opt/airflow/dags/S3_UPLOAD_BRONZE_DAG.py took 0.073 seconds
[2026-06-13T02:10:49.315+0000] {processor.py:157} INFO - Started process (PID=10356) to work on /opt/airflow/dags/S3_UPLOAD_BRONZE_DAG.py
[2026-06-13T02:10:49.316+0000] {processor.py:829} INFO - Processing file /opt/airflow/dags/S3_UPLOAD_BRONZE_DAG.py for tasks to queue
[2026-06-13T02:10:49.318+0000] {logging_mixin.py:154} INFO - [2026-06-13T02:10:49.317+0000] {dagbag.py:536} INFO - Filling up the DagBag from /opt/airflow/dags/S3_UPLOAD_BRONZE_DAG.py
[2026-06-13T02:10:49.340+0000] {processor.py:839} INFO - DAG(s) dict_keys(['daily_vulnerability_ingestion']) retrieved from /opt/airflow/dags/S3_UPLOAD_BRONZE_DAG.py
[2026-06-13T02:10:49.362+0000] {logging_mixin.py:154} INFO - [2026-06-13T02:10:49.361+0000] {dag.py:2941} INFO - Sync 1 DAGs
[2026-06-13T02:10:49.377+0000] {logging_mixin.py:154} INFO - [2026-06-13T02:10:49.377+0000] {dag.py:3722} INFO - Setting next_dagrun for daily_vulnerability_ingestion to 2026-06-12T14:52:05.384041+00:00, run_after=2026-06-13T14:52:05.384041+00:00
[2026-06-13T02:10:49.390+0000] {processor.py:179} INFO - Processing /opt/airflow/dags/S3_UPLOAD_BRONZE_DAG.py took 0.082 seconds
[2026-06-13T02:11:19.524+0000] {processor.py:157} INFO - Started process (PID=10361) to work on /opt/airflow/dags/S3_UPLOAD_BRONZE_DAG.py
[2026-06-13T02:11:19.533+0000] {processor.py:829} INFO - Processing file /opt/airflow/dags/S3_UPLOAD_BRONZE_DAG.py for tasks to queue
[2026-06-13T02:11:19.534+0000] {logging_mixin.py:154} INFO - [2026-06-13T02:11:19.534+0000] {dagbag.py:536} INFO - Filling up the DagBag from /opt/airflow/dags/S3_UPLOAD_BRONZE_DAG.py
[2026-06-13T02:11:19.549+0000] {processor.py:839} INFO - DAG(s) dict_keys(['daily_vulnerability_ingestion']) retrieved from /opt/airflow/dags/S3_UPLOAD_BRONZE_DAG.py
[2026-06-13T02:11:19.576+0000] {logging_mixin.py:154} INFO - [2026-06-13T02:11:19.576+0000] {dag.py:2941} INFO - Sync 1 DAGs
[2026-06-13T02:11:19.594+0000] {logging_mixin.py:154} INFO - [2026-06-13T02:11:19.593+0000] {dag.py:3722} INFO - Setting next_dagrun for daily_vulnerability_ingestion to 2026-06-12T14:52:05.384041+00:00, run_after=2026-06-13T14:52:05.384041+00:00
[2026-06-13T02:11:19.605+0000] {processor.py:179} INFO - Processing /opt/airflow/dags/S3_UPLOAD_BRONZE_DAG.py took 0.086 seconds
[2026-06-13T02:11:49.730+0000] {processor.py:157} INFO - Started process (PID=10366) to work on /opt/airflow/dags/S3_UPLOAD_BRONZE_DAG.py
[2026-06-13T02:11:49.731+0000] {processor.py:829} INFO - Processing file /opt/airflow/dags/S3_UPLOAD_BRONZE_DAG.py for tasks to queue
[2026-06-13T02:11:49.732+0000] {logging_mixin.py:154} INFO - [2026-06-13T02:11:49.732+0000] {dagbag.py:536} INFO - Filling up the DagBag from /opt/airflow/dags/S3_UPLOAD_BRONZE_DAG.py
[2026-06-13T02:11:49.746+0000] {processor.py:839} INFO - DAG(s) dict_keys(['daily_vulnerability_ingestion']) retrieved from /opt/airflow/dags/S3_UPLOAD_BRONZE_DAG.py
[2026-06-13T02:11:49.766+0000] {logging_mixin.py:154} INFO - [2026-06-13T02:11:49.766+0000] {dag.py:2941} INFO - Sync 1 DAGs
[2026-06-13T02:11:49.783+0000] {logging_mixin.py:154} INFO - [2026-06-13T02:11:49.783+0000] {dag.py:3722} INFO - Setting next_dagrun for daily_vulnerability_ingestion to 2026-06-12T14:52:05.384041+00:00, run_after=2026-06-13T14:52:05.384041+00:00
[2026-06-13T02:11:49.796+0000] {processor.py:179} INFO - Processing /opt/airflow/dags/S3_UPLOAD_BRONZE_DAG.py took 0.070 seconds
[2026-06-13T02:12:19.914+0000] {processor.py:157} INFO - Started process (PID=10371) to work on /opt/airflow/dags/S3_UPLOAD_BRONZE_DAG.py
[2026-06-13T02:12:19.922+0000] {processor.py:829} INFO - Processing file /opt/airflow/dags/S3_UPLOAD_BRONZE_DAG.py for tasks to queue
[2026-06-13T02:12:19.923+0000] {logging_mixin.py:154} INFO - [2026-06-13T02:12:19.923+0000] {dagbag.py:536} INFO - Filling up the DagBag from /opt/airflow/dags/S3_UPLOAD_BRONZE_DAG.py
[2026-06-13T02:12:19.937+0000] {processor.py:839} INFO - DAG(s) dict_keys(['daily_vulnerability_ingestion']) retrieved from /opt/airflow/dags/S3_UPLOAD_BRONZE_DAG.py
[2026-06-13T02:12:19.955+0000] {logging_mixin.py:154} INFO - [2026-06-13T02:12:19.955+0000] {dag.py:2941} INFO - Sync 1 DAGs
[2026-06-13T02:12:19.971+0000] {logging_mixin.py:154} INFO - [2026-06-13T02:12:19.971+0000] {dag.py:3722} INFO - Setting next_dagrun for daily_vulnerability_ingestion to 2026-06-12T14:52:05.384041+00:00, run_after=2026-06-13T14:52:05.384041+00:00
[2026-06-13T02:12:19.982+0000] {processor.py:179} INFO - Processing /opt/airflow/dags/S3_UPLOAD_BRONZE_DAG.py took 0.073 seconds
[2026-06-13T02:12:50.134+0000] {processor.py:157} INFO - Started process (PID=10376) to work on /opt/airflow/dags/S3_UPLOAD_BRONZE_DAG.py
[2026-06-13T02:12:50.135+0000] {processor.py:829} INFO - Processing file /opt/airflow/dags/S3_UPLOAD_BRONZE_DAG.py for tasks to queue
[2026-06-13T02:12:50.137+0000] {logging_mixin.py:154} INFO - [2026-06-13T02:12:50.136+0000] {dagbag.py:536} INFO - Filling up the DagBag from /opt/airflow/dags/S3_UPLOAD_BRONZE_DAG.py
[2026-06-13T02:12:50.157+0000] {processor.py:839} INFO - DAG(s) dict_keys(['daily_vulnerability_ingestion']) retrieved from /opt/airflow/dags/S3_UPLOAD_BRONZE_DAG.py
[2026-06-13T02:12:50.176+0000] {logging_mixin.py:154} INFO - [2026-06-13T02:12:50.176+0000] {dag.py:2941} INFO - Sync 1 DAGs
[2026-06-13T02:12:50.192+0000] {logging_mixin.py:154} INFO - [2026-06-13T02:12:50.192+0000] {dag.py:3722} INFO - Setting next_dagrun for daily_vulnerability_ingestion to 2026-06-12T14:52:05.384041+00:00, run_after=2026-06-13T14:52:05.384041+00:00
[2026-06-13T02:12:50.206+0000] {processor.py:179} INFO - Processing /opt/airflow/dags/S3_UPLOAD_BRONZE_DAG.py took 0.079 seconds
[2026-06-13T02:13:20.326+0000] {processor.py:157} INFO - Started process (PID=10381) to work on /opt/airflow/dags/S3_UPLOAD_BRONZE_DAG.py
[2026-06-13T02:13:20.334+0000] {processor.py:829} INFO - Processing file /opt/airflow/dags/S3_UPLOAD_BRONZE_DAG.py for tasks to queue
[2026-06-13T02:13:20.335+0000] {logging_mixin.py:154} INFO - [2026-06-13T02:13:20.335+0000] {dagbag.py:536} INFO - Filling up the DagBag from /opt/airflow/dags/S3_UPLOAD_BRONZE_DAG.py
[2026-06-13T02:13:20.348+0000] {processor.py:839} INFO - DAG(s) dict_keys(['daily_vulnerability_ingestion']) retrieved from /opt/airflow/dags/S3_UPLOAD_BRONZE_DAG.py
[2026-06-13T02:13:20.367+0000] {logging_mixin.py:154} INFO - [2026-06-13T02:13:20.367+0000] {dag.py:2941} INFO - Sync 1 DAGs
[2026-06-13T02:13:20.382+0000] {logging_mixin.py:154} INFO - [2026-06-13T02:13:20.382+0000] {dag.py:3722} INFO - Setting next_dagrun for daily_vulnerability_ingestion to 2026-06-12T14:52:05.384041+00:00, run_after=2026-06-13T14:52:05.384041+00:00
[2026-06-13T02:13:20.394+0000] {processor.py:179} INFO - Processing /opt/airflow/dags/S3_UPLOAD_BRONZE_DAG.py took 0.072 seconds
[2026-06-13T02:13:50.537+0000] {processor.py:157} INFO - Started process (PID=10386) to work on /opt/airflow/dags/S3_UPLOAD_BRONZE_DAG.py
[2026-06-13T02:13:50.538+0000] {processor.py:829} INFO - Processing file /opt/airflow/dags/S3_UPLOAD_BRONZE_DAG.py for tasks to queue
[2026-06-13T02:13:50.539+0000] {logging_mixin.py:154} INFO - [2026-06-13T02:13:50.538+0000] {dagbag.py:536} INFO - Filling up the DagBag from /opt/airflow/dags/S3_UPLOAD_BRONZE_DAG.py
[2026-06-13T02:13:50.553+0000] {processor.py:839} INFO - DAG(s) dict_keys(['daily_vulnerability_ingestion']) retrieved from /opt/airflow/dags/S3_UPLOAD_BRONZE_DAG.py
[2026-06-13T02:13:50.575+0000] {logging_mixin.py:154} INFO - [2026-06-13T02:13:50.575+0000] {dag.py:2941} INFO - Sync 1 DAGs
[2026-06-13T02:13:50.591+0000] {logging_mixin.py:154} INFO - [2026-06-13T02:13:50.591+0000] {dag.py:3722} INFO - Setting next_dagrun for daily_vulnerability_ingestion to 2026-06-12T14:52:05.384041+00:00, run_after=2026-06-13T14:52:05.384041+00:00
[2026-06-13T02:13:50.602+0000] {processor.py:179} INFO - Processing /opt/airflow/dags/S3_UPLOAD_BRONZE_DAG.py took 0.068 seconds
[2026-06-13T02:14:20.723+0000] {processor.py:157} INFO - Started process (PID=10391) to work on /opt/airflow/dags/S3_UPLOAD_BRONZE_DAG.py
[2026-06-13T02:14:20.732+0000] {processor.py:829} INFO - Processing file /opt/airflow/dags/S3_UPLOAD_BRONZE_DAG.py for tasks to queue
[2026-06-13T02:14:20.733+0000] {logging_mixin.py:154} INFO - [2026-06-13T02:14:20.733+0000] {dagbag.py:536} INFO - Filling up the DagBag from /opt/airflow/dags/S3_UPLOAD_BRONZE_DAG.py
[2026-06-13T02:14:20.749+0000] {processor.py:839} INFO - DAG(s) dict_keys(['daily_vulnerability_ingestion']) retrieved from /opt/airflow/dags/S3_UPLOAD_BRONZE_DAG.py
[2026-06-13T02:14:20.769+0000] {logging_mixin.py:154} INFO - [2026-06-13T02:14:20.769+0000] {dag.py:2941} INFO - Sync 1 DAGs
[2026-06-13T02:14:20.785+0000] {logging_mixin.py:154} INFO - [2026-06-13T02:14:20.784+0000] {dag.py:3722} INFO - Setting next_dagrun for daily_vulnerability_ingestion to 2026-06-12T14:52:05.384041+00:00, run_after=2026-06-13T14:52:05.384041+00:00
[2026-06-13T02:14:20.798+0000] {processor.py:179} INFO - Processing /opt/airflow/dags/S3_UPLOAD_BRONZE_DAG.py took 0.080 seconds
[2026-06-13T02:14:50.929+0000] {processor.py:157} INFO - Started process (PID=10396) to work on /opt/airflow/dags/S3_UPLOAD_BRONZE_DAG.py
[2026-06-13T02:14:50.930+0000] {processor.py:829} INFO - Processing file /opt/airflow/dags/S3_UPLOAD_BRONZE_DAG.py for tasks to queue
[2026-06-13T02:14:50.931+0000] {logging_mixin.py:154} INFO - [2026-06-13T02:14:50.930+0000] {dagbag.py:536} INFO - Filling up the DagBag from /opt/airflow/dags/S3_UPLOAD_BRONZE_DAG.py
[2026-06-13T02:14:50.948+0000] {processor.py:839} INFO - DAG(s) dict_keys(['daily_vulnerability_ingestion']) retrieved from /opt/airflow/dags/S3_UPLOAD_BRONZE_DAG.py
[2026-06-13T02:14:50.968+0000] {logging_mixin.py:154} INFO - [2026-06-13T02:14:50.967+0000] {dag.py:2941} INFO - Sync 1 DAGs
[2026-06-13T02:14:50.984+0000] {logging_mixin.py:154} INFO - [2026-06-13T02:14:50.983+0000] {dag.py:3722} INFO - Setting next_dagrun for daily_vulnerability_ingestion to 2026-06-12T14:52:05.384041+00:00, run_after=2026-06-13T14:52:05.384041+00:00
[2026-06-13T02:14:50.996+0000] {processor.py:179} INFO - Processing /opt/airflow/dags/S3_UPLOAD_BRONZE_DAG.py took 0.074 seconds
[2026-06-13T02:15:21.095+0000] {processor.py:157} INFO - Started process (PID=10401) to work on /opt/airflow/dags/S3_UPLOAD_BRONZE_DAG.py
[2026-06-13T02:15:21.104+0000] {processor.py:829} INFO - Processing file /opt/airflow/dags/S3_UPLOAD_BRONZE_DAG.py for tasks to queue
[2026-06-13T02:15:21.105+0000] {logging_mixin.py:154} INFO - [2026-06-13T02:15:21.105+0000] {dagbag.py:536} INFO - Filling up the DagBag from /opt/airflow/dags/S3_UPLOAD_BRONZE_DAG.py
[2026-06-13T02:15:21.124+0000] {processor.py:839} INFO - DAG(s) dict_keys(['daily_vulnerability_ingestion']) retrieved from /opt/airflow/dags/S3_UPLOAD_BRONZE_DAG.py
[2026-06-13T02:15:21.146+0000] {logging_mixin.py:154} INFO - [2026-06-13T02:15:21.146+0000] {dag.py:2941} INFO - Sync 1 DAGs
[2026-06-13T02:15:21.163+0000] {logging_mixin.py:154} INFO - [2026-06-13T02:15:21.163+0000] {dag.py:3722} INFO - Setting next_dagrun for daily_vulnerability_ingestion to 2026-06-12T14:52:05.384041+00:00, run_after=2026-06-13T14:52:05.384041+00:00
[2026-06-13T02:15:21.175+0000] {processor.py:179} INFO - Processing /opt/airflow/dags/S3_UPLOAD_BRONZE_DAG.py took 0.084 seconds
[2026-06-13T02:15:51.295+0000] {processor.py:157} INFO - Started process (PID=10406) to work on /opt/airflow/dags/S3_UPLOAD_BRONZE_DAG.py
[2026-06-13T02:15:51.295+0000] {processor.py:829} INFO - Processing file /opt/airflow/dags/S3_UPLOAD_BRONZE_DAG.py for tasks to queue
[2026-06-13T02:15:51.296+0000] {logging_mixin.py:154} INFO - [2026-06-13T02:15:51.296+0000] {dagbag.py:536} INFO - Filling up the DagBag from /opt/airflow/dags/S3_UPLOAD_BRONZE_DAG.py
[2026-06-13T02:15:51.308+0000] {processor.py:839} INFO - DAG(s) dict_keys(['daily_vulnerability_ingestion']) retrieved from /opt/airflow/dags/S3_UPLOAD_BRONZE_DAG.py
[2026-06-13T02:15:51.327+0000] {logging_mixin.py:154} INFO - [2026-06-13T02:15:51.327+0000] {dag.py:2941} INFO - Sync 1 DAGs
[2026-06-13T02:15:51.342+0000] {logging_mixin.py:154} INFO - [2026-06-13T02:15:51.342+0000] {dag.py:3722} INFO - Setting next_dagrun for daily_vulnerability_ingestion to 2026-06-12T14:52:05.384041+00:00, run_after=2026-06-13T14:52:05.384041+00:00
[2026-06-13T02:15:51.354+0000] {processor.py:179} INFO - Processing /opt/airflow/dags/S3_UPLOAD_BRONZE_DAG.py took 0.062 seconds
[2026-06-13T02:16:21.517+0000] {processor.py:157} INFO - Started process (PID=10411) to work on /opt/airflow/dags/S3_UPLOAD_BRONZE_DAG.py
[2026-06-13T02:16:21.526+0000] {processor.py:829} INFO - Processing file /opt/airflow/dags/S3_UPLOAD_BRONZE_DAG.py for tasks to queue
[2026-06-13T02:16:21.527+0000] {logging_mixin.py:154} INFO - [2026-06-13T02:16:21.527+0000] {dagbag.py:536} INFO - Filling up the DagBag from /opt/airflow/dags/S3_UPLOAD_BRONZE_DAG.py
[2026-06-13T02:16:21.544+0000] {processor.py:839} INFO - DAG(s) dict_keys(['daily_vulnerability_ingestion']) retrieved from /opt/airflow/dags/S3_UPLOAD_BRONZE_DAG.py
[2026-06-13T02:16:21.566+0000] {logging_mixin.py:154} INFO - [2026-06-13T02:16:21.566+0000] {dag.py:2941} INFO - Sync 1 DAGs
[2026-06-13T02:16:21.582+0000] {logging_mixin.py:154} INFO - [2026-06-13T02:16:21.581+0000] {dag.py:3722} INFO - Setting next_dagrun for daily_vulnerability_ingestion to 2026-06-12T14:52:05.384041+00:00, run_after=2026-06-13T14:52:05.384041+00:00
[2026-06-13T02:16:21.593+0000] {processor.py:179} INFO - Processing /opt/airflow/dags/S3_UPLOAD_BRONZE_DAG.py took 0.080 seconds
[2026-06-13T02:16:51.680+0000] {processor.py:157} INFO - Started process (PID=10416) to work on /opt/airflow/dags/S3_UPLOAD_BRONZE_DAG.py
[2026-06-13T02:16:51.680+0000] {processor.py:829} INFO - Processing file /opt/airflow/dags/S3_UPLOAD_BRONZE_DAG.py for tasks to queue
[2026-06-13T02:16:51.681+0000] {logging_mixin.py:154} INFO - [2026-06-13T02:16:51.681+0000] {dagbag.py:536} INFO - Filling up the DagBag from /opt/airflow/dags/S3_UPLOAD_BRONZE_DAG.py
[2026-06-13T02:16:51.698+0000] {processor.py:839} INFO - DAG(s) dict_keys(['daily_vulnerability_ingestion']) retrieved from /opt/airflow/dags/S3_UPLOAD_BRONZE_DAG.py
[2026-06-13T02:16:51.719+0000] {logging_mixin.py:154} INFO - [2026-06-13T02:16:51.719+0000] {dag.py:2941} INFO - Sync 1 DAGs
[2026-06-13T02:16:51.737+0000] {logging_mixin.py:154} INFO - [2026-06-13T02:16:51.737+0000] {dag.py:3722} INFO - Setting next_dagrun for daily_vulnerability_ingestion to 2026-06-12T14:52:05.384041+00:00, run_after=2026-06-13T14:52:05.384041+00:00
[2026-06-13T02:16:51.753+0000] {processor.py:179} INFO - Processing /opt/airflow/dags/S3_UPLOAD_BRONZE_DAG.py took 0.076 seconds
[2026-06-13T02:17:21.905+0000] {processor.py:157} INFO - Started process (PID=10421) to work on /opt/airflow/dags/S3_UPLOAD_BRONZE_DAG.py
[2026-06-13T02:17:21.914+0000] {processor.py:829} INFO - Processing file /opt/airflow/dags/S3_UPLOAD_BRONZE_DAG.py for tasks to queue
[2026-06-13T02:17:21.915+0000] {logging_mixin.py:154} INFO - [2026-06-13T02:17:21.914+0000] {dagbag.py:536} INFO - Filling up the DagBag from /opt/airflow/dags/S3_UPLOAD_BRONZE_DAG.py
[2026-06-13T02:17:21.928+0000] {processor.py:839} INFO - DAG(s) dict_keys(['daily_vulnerability_ingestion']) retrieved from /opt/airflow/dags/S3_UPLOAD_BRONZE_DAG.py
[2026-06-13T02:17:21.946+0000] {logging_mixin.py:154} INFO - [2026-06-13T02:17:21.946+0000] {dag.py:2941} INFO - Sync 1 DAGs
[2026-06-13T02:17:21.962+0000] {logging_mixin.py:154} INFO - [2026-06-13T02:17:21.962+0000] {dag.py:3722} INFO - Setting next_dagrun for daily_vulnerability_ingestion to 2026-06-12T14:52:05.384041+00:00, run_after=2026-06-13T14:52:05.384041+00:00
[2026-06-13T02:17:21.975+0000] {processor.py:179} INFO - Processing /opt/airflow/dags/S3_UPLOAD_BRONZE_DAG.py took 0.073 seconds
[2026-06-13T02:17:52.107+0000] {processor.py:157} INFO - Started process (PID=10426) to work on /opt/airflow/dags/S3_UPLOAD_BRONZE_DAG.py
[2026-06-13T02:17:52.108+0000] {processor.py:829} INFO - Processing file /opt/airflow/dags/S3_UPLOAD_BRONZE_DAG.py for tasks to queue
[2026-06-13T02:17:52.109+0000] {logging_mixin.py:154} INFO - [2026-06-13T02:17:52.109+0000] {dagbag.py:536} INFO - Filling up the DagBag from /opt/airflow/dags/S3_UPLOAD_BRONZE_DAG.py
[2026-06-13T02:17:52.126+0000] {processor.py:839} INFO - DAG(s) dict_keys(['daily_vulnerability_ingestion']) retrieved from /opt/airflow/dags/S3_UPLOAD_BRONZE_DAG.py
[2026-06-13T02:17:52.145+0000] {logging_mixin.py:154} INFO - [2026-06-13T02:17:52.145+0000] {dag.py:2941} INFO - Sync 1 DAGs
[2026-06-13T02:17:52.160+0000] {logging_mixin.py:154} INFO - [2026-06-13T02:17:52.160+0000] {dag.py:3722} INFO - Setting next_dagrun for daily_vulnerability_ingestion to 2026-06-12T14:52:05.384041+00:00, run_after=2026-06-13T14:52:05.384041+00:00
[2026-06-13T02:17:52.173+0000] {processor.py:179} INFO - Processing /opt/airflow/dags/S3_UPLOAD_BRONZE_DAG.py took 0.072 seconds
[2026-06-13T02:18:22.287+0000] {processor.py:157} INFO - Started process (PID=10431) to work on /opt/airflow/dags/S3_UPLOAD_BRONZE_DAG.py
[2026-06-13T02:18:22.296+0000] {processor.py:829} INFO - Processing file /opt/airflow/dags/S3_UPLOAD_BRONZE_DAG.py for tasks to queue
[2026-06-13T02:18:22.297+0000] {logging_mixin.py:154} INFO - [2026-06-13T02:18:22.297+0000] {dagbag.py:536} INFO - Filling up the DagBag from /opt/airflow/dags/S3_UPLOAD_BRONZE_DAG.py
[2026-06-13T02:18:22.313+0000] {processor.py:839} INFO - DAG(s) dict_keys(['daily_vulnerability_ingestion']) retrieved from /opt/airflow/dags/S3_UPLOAD_BRONZE_DAG.py
[2026-06-13T02:18:22.332+0000] {logging_mixin.py:154} INFO - [2026-06-13T02:18:22.332+0000] {dag.py:2941} INFO - Sync 1 DAGs
[2026-06-13T02:18:22.348+0000] {logging_mixin.py:154} INFO - [2026-06-13T02:18:22.348+0000] {dag.py:3722} INFO - Setting next_dagrun for daily_vulnerability_ingestion to 2026-06-12T14:52:05.384041+00:00, run_after=2026-06-13T14:52:05.384041+00:00
[2026-06-13T02:18:22.360+0000] {processor.py:179} INFO - Processing /opt/airflow/dags/S3_UPLOAD_BRONZE_DAG.py took 0.077 seconds
[2026-06-13T02:18:52.505+0000] {processor.py:157} INFO - Started process (PID=10436) to work on /opt/airflow/dags/S3_UPLOAD_BRONZE_DAG.py
[2026-06-13T02:18:52.506+0000] {processor.py:829} INFO - Processing file /opt/airflow/dags/S3_UPLOAD_BRONZE_DAG.py for tasks to queue
[2026-06-13T02:18:52.507+0000] {logging_mixin.py:154} INFO - [2026-06-13T02:18:52.506+0000] {dagbag.py:536} INFO - Filling up the DagBag from /opt/airflow/dags/S3_UPLOAD_BRONZE_DAG.py
[2026-06-13T02:18:52.521+0000] {processor.py:839} INFO - DAG(s) dict_keys(['daily_vulnerability_ingestion']) retrieved from /opt/airflow/dags/S3_UPLOAD_BRONZE_DAG.py
[2026-06-13T02:18:52.539+0000] {logging_mixin.py:154} INFO - [2026-06-13T02:18:52.539+0000] {dag.py:2941} INFO - Sync 1 DAGs
[2026-06-13T02:18:52.555+0000] {logging_mixin.py:154} INFO - [2026-06-13T02:18:52.555+0000] {dag.py:3722} INFO - Setting next_dagrun for daily_vulnerability_ingestion to 2026-06-12T14:52:05.384041+00:00, run_after=2026-06-13T14:52:05.384041+00:00
[2026-06-13T02:18:52.569+0000] {processor.py:179} INFO - Processing /opt/airflow/dags/S3_UPLOAD_BRONZE_DAG.py took 0.068 seconds
[2026-06-13T02:19:22.710+0000] {processor.py:157} INFO - Started process (PID=10441) to work on /opt/airflow/dags/S3_UPLOAD_BRONZE_DAG.py
[2026-06-13T02:19:22.719+0000] {processor.py:829} INFO - Processing file /opt/airflow/dags/S3_UPLOAD_BRONZE_DAG.py for tasks to queue
[2026-06-13T02:19:22.719+0000] {logging_mixin.py:154} INFO - [2026-06-13T02:19:22.719+0000] {dagbag.py:536} INFO - Filling up the DagBag from /opt/airflow/dags/S3_UPLOAD_BRONZE_DAG.py
[2026-06-13T02:19:22.732+0000] {processor.py:839} INFO - DAG(s) dict_keys(['daily_vulnerability_ingestion']) retrieved from /opt/airflow/dags/S3_UPLOAD_BRONZE_DAG.py
[2026-06-13T02:19:22.752+0000] {logging_mixin.py:154} INFO - [2026-06-13T02:19:22.752+0000] {dag.py:2941} INFO - Sync 1 DAGs
[2026-06-13T02:19:22.768+0000] {logging_mixin.py:154} INFO - [2026-06-13T02:19:22.768+0000] {dag.py:3722} INFO - Setting next_dagrun for daily_vulnerability_ingestion to 2026-06-12T14:52:05.384041+00:00, run_after=2026-06-13T14:52:05.384041+00:00
[2026-06-13T02:19:22.780+0000] {processor.py:179} INFO - Processing /opt/airflow/dags/S3_UPLOAD_BRONZE_DAG.py took 0.074 seconds
[2026-06-13T02:19:52.881+0000] {processor.py:157} INFO - Started process (PID=10446) to work on /opt/airflow/dags/S3_UPLOAD_BRONZE_DAG.py
[2026-06-13T02:19:52.881+0000] {processor.py:829} INFO - Processing file /opt/airflow/dags/S3_UPLOAD_BRONZE_DAG.py for tasks to queue
[2026-06-13T02:19:52.882+0000] {logging_mixin.py:154} INFO - [2026-06-13T02:19:52.882+0000] {dagbag.py:536} INFO - Filling up the DagBag from /opt/airflow/dags/S3_UPLOAD_BRONZE_DAG.py
[2026-06-13T02:19:52.896+0000] {processor.py:839} INFO - DAG(s) dict_keys(['daily_vulnerability_ingestion']) retrieved from /opt/airflow/dags/S3_UPLOAD_BRONZE_DAG.py
[2026-06-13T02:19:52.916+0000] {logging_mixin.py:154} INFO - [2026-06-13T02:19:52.916+0000] {dag.py:2941} INFO - Sync 1 DAGs
[2026-06-13T02:19:52.933+0000] {logging_mixin.py:154} INFO - [2026-06-13T02:19:52.933+0000] {dag.py:3722} INFO - Setting next_dagrun for daily_vulnerability_ingestion to 2026-06-12T14:52:05.384041+00:00, run_after=2026-06-13T14:52:05.384041+00:00
[2026-06-13T02:19:52.945+0000] {processor.py:179} INFO - Processing /opt/airflow/dags/S3_UPLOAD_BRONZE_DAG.py took 0.069 seconds
[2026-06-13T02:20:23.115+0000] {processor.py:157} INFO - Started process (PID=10451) to work on /opt/airflow/dags/S3_UPLOAD_BRONZE_DAG.py
[2026-06-13T02:20:23.124+0000] {processor.py:829} INFO - Processing file /opt/airflow/dags/S3_UPLOAD_BRONZE_DAG.py for tasks to queue
[2026-06-13T02:20:23.125+0000] {logging_mixin.py:154} INFO - [2026-06-13T02:20:23.124+0000] {dagbag.py:536} INFO - Filling up the DagBag from /opt/airflow/dags/S3_UPLOAD_BRONZE_DAG.py
[2026-06-13T02:20:23.139+0000] {processor.py:839} INFO - DAG(s) dict_keys(['daily_vulnerability_ingestion']) retrieved from /opt/airflow/dags/S3_UPLOAD_BRONZE_DAG.py
[2026-06-13T02:20:23.159+0000] {logging_mixin.py:154} INFO - [2026-06-13T02:20:23.159+0000] {dag.py:2941} INFO - Sync 1 DAGs
[2026-06-13T02:20:23.175+0000] {logging_mixin.py:154} INFO - [2026-06-13T02:20:23.175+0000] {dag.py:3722} INFO - Setting next_dagrun for daily_vulnerability_ingestion to 2026-06-12T14:52:05.384041+00:00, run_after=2026-06-13T14:52:05.384041+00:00
[2026-06-13T02:20:23.189+0000] {processor.py:179} INFO - Processing /opt/airflow/dags/S3_UPLOAD_BRONZE_DAG.py took 0.078 seconds
[2026-06-13T02:20:53.305+0000] {processor.py:157} INFO - Started process (PID=10456) to work on /opt/airflow/dags/S3_UPLOAD_BRONZE_DAG.py
[2026-06-13T02:20:53.306+0000] {processor.py:829} INFO - Processing file /opt/airflow/dags/S3_UPLOAD_BRONZE_DAG.py for tasks to queue
[2026-06-13T02:20:53.307+0000] {logging_mixin.py:154} INFO - [2026-06-13T02:20:53.306+0000] {dagbag.py:536} INFO - Filling up the DagBag from /opt/airflow/dags/S3_UPLOAD_BRONZE_DAG.py
[2026-06-13T02:20:53.325+0000] {processor.py:839} INFO - DAG(s) dict_keys(['daily_vulnerability_ingestion']) retrieved from /opt/airflow/dags/S3_UPLOAD_BRONZE_DAG.py
[2026-06-13T02:20:53.348+0000] {logging_mixin.py:154} INFO - [2026-06-13T02:20:53.348+0000] {dag.py:2941} INFO - Sync 1 DAGs
[2026-06-13T02:20:53.364+0000] {logging_mixin.py:154} INFO - [2026-06-13T02:20:53.364+0000] {dag.py:3722} INFO - Setting next_dagrun for daily_vulnerability_ingestion to 2026-06-12T14:52:05.384041+00:00, run_after=2026-06-13T14:52:05.384041+00:00
[2026-06-13T02:20:53.377+0000] {processor.py:179} INFO - Processing /opt/airflow/dags/S3_UPLOAD_BRONZE_DAG.py took 0.077 seconds
[2026-06-13T02:21:23.522+0000] {processor.py:157} INFO - Started process (PID=10461) to work on /opt/airflow/dags/S3_UPLOAD_BRONZE_DAG.py
[2026-06-13T02:21:23.531+0000] {processor.py:829} INFO - Processing file /opt/airflow/dags/S3_UPLOAD_BRONZE_DAG.py for tasks to queue
[2026-06-13T02:21:23.532+0000] {logging_mixin.py:154} INFO - [2026-06-13T02:21:23.532+0000] {dagbag.py:536} INFO - Filling up the DagBag from /opt/airflow/dags/S3_UPLOAD_BRONZE_DAG.py
[2026-06-13T02:21:23.543+0000] {processor.py:839} INFO - DAG(s) dict_keys(['daily_vulnerability_ingestion']) retrieved from /opt/airflow/dags/S3_UPLOAD_BRONZE_DAG.py
[2026-06-13T02:21:23.561+0000] {logging_mixin.py:154} INFO - [2026-06-13T02:21:23.561+0000] {dag.py:2941} INFO - Sync 1 DAGs
[2026-06-13T02:21:23.577+0000] {logging_mixin.py:154} INFO - [2026-06-13T02:21:23.577+0000] {dag.py:3722} INFO - Setting next_dagrun for daily_vulnerability_ingestion to 2026-06-12T14:52:05.384041+00:00, run_after=2026-06-13T14:52:05.384041+00:00
[2026-06-13T02:21:23.589+0000] {processor.py:179} INFO - Processing /opt/airflow/dags/S3_UPLOAD_BRONZE_DAG.py took 0.070 seconds
[2026-06-13T02:21:53.713+0000] {processor.py:157} INFO - Started process (PID=10466) to work on /opt/airflow/dags/S3_UPLOAD_BRONZE_DAG.py
[2026-06-13T02:21:53.713+0000] {processor.py:829} INFO - Processing file /opt/airflow/dags/S3_UPLOAD_BRONZE_DAG.py for tasks to queue
[2026-06-13T02:21:53.714+0000] {logging_mixin.py:154} INFO - [2026-06-13T02:21:53.714+0000] {dagbag.py:536} INFO - Filling up the DagBag from /opt/airflow/dags/S3_UPLOAD_BRONZE_DAG.py
[2026-06-13T02:21:53.729+0000] {processor.py:839} INFO - DAG(s) dict_keys(['daily_vulnerability_ingestion']) retrieved from /opt/airflow/dags/S3_UPLOAD_BRONZE_DAG.py
[2026-06-13T02:21:53.748+0000] {logging_mixin.py:154} INFO - [2026-06-13T02:21:53.748+0000] {dag.py:2941} INFO - Sync 1 DAGs
[2026-06-13T02:21:53.762+0000] {logging_mixin.py:154} INFO - [2026-06-13T02:21:53.762+0000] {dag.py:3722} INFO - Setting next_dagrun for daily_vulnerability_ingestion to 2026-06-12T14:52:05.384041+00:00, run_after=2026-06-13T14:52:05.384041+00:00
[2026-06-13T02:21:53.773+0000] {processor.py:179} INFO - Processing /opt/airflow/dags/S3_UPLOAD_BRONZE_DAG.py took 0.064 seconds
[2026-06-13T02:22:23.914+0000] {processor.py:157} INFO - Started process (PID=10471) to work on /opt/airflow/dags/S3_UPLOAD_BRONZE_DAG.py
[2026-06-13T02:22:23.922+0000] {processor.py:829} INFO - Processing file /opt/airflow/dags/S3_UPLOAD_BRONZE_DAG.py for tasks to queue
[2026-06-13T02:22:23.923+0000] {logging_mixin.py:154} INFO - [2026-06-13T02:22:23.923+0000] {dagbag.py:536} INFO - Filling up the DagBag from /opt/airflow/dags/S3_UPLOAD_BRONZE_DAG.py
[2026-06-13T02:22:23.940+0000] {processor.py:839} INFO - DAG(s) dict_keys(['daily_vulnerability_ingestion']) retrieved from /opt/airflow/dags/S3_UPLOAD_BRONZE_DAG.py
[2026-06-13T02:22:23.962+0000] {logging_mixin.py:154} INFO - [2026-06-13T02:22:23.961+0000] {dag.py:2941} INFO - Sync 1 DAGs
[2026-06-13T02:22:24.051+0000] {logging_mixin.py:154} INFO - [2026-06-13T02:22:24.051+0000] {dag.py:3722} INFO - Setting next_dagrun for daily_vulnerability_ingestion to 2026-06-12T14:52:05.384041+00:00, run_after=2026-06-13T14:52:05.384041+00:00
[2026-06-13T02:22:24.072+0000] {processor.py:179} INFO - Processing /opt/airflow/dags/S3_UPLOAD_BRONZE_DAG.py took 0.162 seconds
[2026-06-13T02:22:54.268+0000] {processor.py:157} INFO - Started process (PID=10476) to work on /opt/airflow/dags/S3_UPLOAD_BRONZE_DAG.py
[2026-06-13T02:22:54.269+0000] {processor.py:829} INFO - Processing file /opt/airflow/dags/S3_UPLOAD_BRONZE_DAG.py for tasks to queue
[2026-06-13T02:22:54.271+0000] {logging_mixin.py:154} INFO - [2026-06-13T02:22:54.270+0000] {dagbag.py:536} INFO - Filling up the DagBag from /opt/airflow/dags/S3_UPLOAD_BRONZE_DAG.py
[2026-06-13T02:22:54.294+0000] {processor.py:839} INFO - DAG(s) dict_keys(['daily_vulnerability_ingestion']) retrieved from /opt/airflow/dags/S3_UPLOAD_BRONZE_DAG.py
[2026-06-13T02:22:54.313+0000] {logging_mixin.py:154} INFO - [2026-06-13T02:22:54.313+0000] {dag.py:2941} INFO - Sync 1 DAGs
[2026-06-13T02:22:54.330+0000] {logging_mixin.py:154} INFO - [2026-06-13T02:22:54.330+0000] {dag.py:3722} INFO - Setting next_dagrun for daily_vulnerability_ingestion to 2026-06-12T14:52:05.384041+00:00, run_after=2026-06-13T14:52:05.384041+00:00
[2026-06-13T02:22:54.343+0000] {processor.py:179} INFO - Processing /opt/airflow/dags/S3_UPLOAD_BRONZE_DAG.py took 0.083 seconds
[2026-06-13T02:23:24.427+0000] {processor.py:157} INFO - Started process (PID=10481) to work on /opt/airflow/dags/S3_UPLOAD_BRONZE_DAG.py
[2026-06-13T02:23:24.428+0000] {processor.py:829} INFO - Processing file /opt/airflow/dags/S3_UPLOAD_BRONZE_DAG.py for tasks to queue
[2026-06-13T02:23:24.429+0000] {logging_mixin.py:154} INFO - [2026-06-13T02:23:24.428+0000] {dagbag.py:536} INFO - Filling up the DagBag from /opt/airflow/dags/S3_UPLOAD_BRONZE_DAG.py
[2026-06-13T02:23:24.444+0000] {processor.py:839} INFO - DAG(s) dict_keys(['daily_vulnerability_ingestion']) retrieved from /opt/airflow/dags/S3_UPLOAD_BRONZE_DAG.py
[2026-06-13T02:23:24.546+0000] {logging_mixin.py:154} INFO - [2026-06-13T02:23:24.546+0000] {dag.py:2941} INFO - Sync 1 DAGs
[2026-06-13T02:23:24.562+0000] {logging_mixin.py:154} INFO - [2026-06-13T02:23:24.561+0000] {dag.py:3722} INFO - Setting next_dagrun for daily_vulnerability_ingestion to 2026-06-12T14:52:05.384041+00:00, run_after=2026-06-13T14:52:05.384041+00:00
[2026-06-13T02:23:24.582+0000] {processor.py:179} INFO - Processing /opt/airflow/dags/S3_UPLOAD_BRONZE_DAG.py took 0.161 seconds
[2026-06-13T02:23:54.734+0000] {processor.py:157} INFO - Started process (PID=10486) to work on /opt/airflow/dags/S3_UPLOAD_BRONZE_DAG.py
[2026-06-13T02:23:54.735+0000] {processor.py:829} INFO - Processing file /opt/airflow/dags/S3_UPLOAD_BRONZE_DAG.py for tasks to queue
[2026-06-13T02:23:54.736+0000] {logging_mixin.py:154} INFO - [2026-06-13T02:23:54.735+0000] {dagbag.py:536} INFO - Filling up the DagBag from /opt/airflow/dags/S3_UPLOAD_BRONZE_DAG.py
[2026-06-13T02:23:54.747+0000] {processor.py:839} INFO - DAG(s) dict_keys(['daily_vulnerability_ingestion']) retrieved from /opt/airflow/dags/S3_UPLOAD_BRONZE_DAG.py
[2026-06-13T02:23:54.765+0000] {logging_mixin.py:154} INFO - [2026-06-13T02:23:54.765+0000] {dag.py:2941} INFO - Sync 1 DAGs
[2026-06-13T02:23:54.783+0000] {logging_mixin.py:154} INFO - [2026-06-13T02:23:54.782+0000] {dag.py:3722} INFO - Setting next_dagrun for daily_vulnerability_ingestion to 2026-06-12T14:52:05.384041+00:00, run_after=2026-06-13T14:52:05.384041+00:00
[2026-06-13T02:23:54.795+0000] {processor.py:179} INFO - Processing /opt/airflow/dags/S3_UPLOAD_BRONZE_DAG.py took 0.063 seconds
[2026-06-13T02:24:24.928+0000] {processor.py:157} INFO - Started process (PID=10491) to work on /opt/airflow/dags/S3_UPLOAD_BRONZE_DAG.py
[2026-06-13T02:24:24.929+0000] {processor.py:829} INFO - Processing file /opt/airflow/dags/S3_UPLOAD_BRONZE_DAG.py for tasks to queue
[2026-06-13T02:24:24.930+0000] {logging_mixin.py:154} INFO - [2026-06-13T02:24:24.930+0000] {dagbag.py:536} INFO - Filling up the DagBag from /opt/airflow/dags/S3_UPLOAD_BRONZE_DAG.py
[2026-06-13T02:24:24.943+0000] {processor.py:839} INFO - DAG(s) dict_keys(['daily_vulnerability_ingestion']) retrieved from /opt/airflow/dags/S3_UPLOAD_BRONZE_DAG.py
[2026-06-13T02:24:24.962+0000] {logging_mixin.py:154} INFO - [2026-06-13T02:24:24.962+0000] {dag.py:2941} INFO - Sync 1 DAGs
[2026-06-13T02:24:24.977+0000] {logging_mixin.py:154} INFO - [2026-06-13T02:24:24.977+0000] {dag.py:3722} INFO - Setting next_dagrun for daily_vulnerability_ingestion to 2026-06-12T14:52:05.384041+00:00, run_after=2026-06-13T14:52:05.384041+00:00
[2026-06-13T02:24:24.989+0000] {processor.py:179} INFO - Processing /opt/airflow/dags/S3_UPLOAD_BRONZE_DAG.py took 0.065 seconds
[2026-06-13T02:24:55.108+0000] {processor.py:157} INFO - Started process (PID=10496) to work on /opt/airflow/dags/S3_UPLOAD_BRONZE_DAG.py
[2026-06-13T02:24:55.109+0000] {processor.py:829} INFO - Processing file /opt/airflow/dags/S3_UPLOAD_BRONZE_DAG.py for tasks to queue
[2026-06-13T02:24:55.109+0000] {logging_mixin.py:154} INFO - [2026-06-13T02:24:55.109+0000] {dagbag.py:536} INFO - Filling up the DagBag from /opt/airflow/dags/S3_UPLOAD_BRONZE_DAG.py
[2026-06-13T02:24:55.122+0000] {processor.py:839} INFO - DAG(s) dict_keys(['daily_vulnerability_ingestion']) retrieved from /opt/airflow/dags/S3_UPLOAD_BRONZE_DAG.py
[2026-06-13T02:24:55.143+0000] {logging_mixin.py:154} INFO - [2026-06-13T02:24:55.143+0000] {dag.py:2941} INFO - Sync 1 DAGs
[2026-06-13T02:24:55.162+0000] {logging_mixin.py:154} INFO - [2026-06-13T02:24:55.161+0000] {dag.py:3722} INFO - Setting next_dagrun for daily_vulnerability_ingestion to 2026-06-12T14:52:05.384041+00:00, run_after=2026-06-13T14:52:05.384041+00:00
[2026-06-13T02:24:55.174+0000] {processor.py:179} INFO - Processing /opt/airflow/dags/S3_UPLOAD_BRONZE_DAG.py took 0.070 seconds
[2026-06-13T02:25:25.330+0000] {processor.py:157} INFO - Started process (PID=10501) to work on /opt/airflow/dags/S3_UPLOAD_BRONZE_DAG.py
[2026-06-13T02:25:25.332+0000] {processor.py:829} INFO - Processing file /opt/airflow/dags/S3_UPLOAD_BRONZE_DAG.py for tasks to queue
[2026-06-13T02:25:25.332+0000] {logging_mixin.py:154} INFO - [2026-06-13T02:25:25.332+0000] {dagbag.py:536} INFO - Filling up the DagBag from /opt/airflow/dags/S3_UPLOAD_BRONZE_DAG.py
[2026-06-13T02:25:25.349+0000] {processor.py:839} INFO - DAG(s) dict_keys(['daily_vulnerability_ingestion']) retrieved from /opt/airflow/dags/S3_UPLOAD_BRONZE_DAG.py
[2026-06-13T02:25:25.368+0000] {logging_mixin.py:154} INFO - [2026-06-13T02:25:25.368+0000] {dag.py:2941} INFO - Sync 1 DAGs
[2026-06-13T02:25:25.383+0000] {logging_mixin.py:154} INFO - [2026-06-13T02:25:25.383+0000] {dag.py:3722} INFO - Setting next_dagrun for daily_vulnerability_ingestion to 2026-06-12T14:52:05.384041+00:00, run_after=2026-06-13T14:52:05.384041+00:00
[2026-06-13T02:25:25.395+0000] {processor.py:179} INFO - Processing /opt/airflow/dags/S3_UPLOAD_BRONZE_DAG.py took 0.068 seconds
[2026-06-13T02:25:55.512+0000] {processor.py:157} INFO - Started process (PID=10506) to work on /opt/airflow/dags/S3_UPLOAD_BRONZE_DAG.py
[2026-06-13T02:25:55.513+0000] {processor.py:829} INFO - Processing file /opt/airflow/dags/S3_UPLOAD_BRONZE_DAG.py for tasks to queue
[2026-06-13T02:25:55.515+0000] {logging_mixin.py:154} INFO - [2026-06-13T02:25:55.514+0000] {dagbag.py:536} INFO - Filling up the DagBag from /opt/airflow/dags/S3_UPLOAD_BRONZE_DAG.py
[2026-06-13T02:25:55.536+0000] {processor.py:839} INFO - DAG(s) dict_keys(['daily_vulnerability_ingestion']) retrieved from /opt/airflow/dags/S3_UPLOAD_BRONZE_DAG.py
[2026-06-13T02:25:55.557+0000] {logging_mixin.py:154} INFO - [2026-06-13T02:25:55.557+0000] {dag.py:2941} INFO - Sync 1 DAGs
[2026-06-13T02:25:55.572+0000] {logging_mixin.py:154} INFO - [2026-06-13T02:25:55.572+0000] {dag.py:3722} INFO - Setting next_dagrun for daily_vulnerability_ingestion to 2026-06-12T14:52:05.384041+00:00, run_after=2026-06-13T14:52:05.384041+00:00
[2026-06-13T02:25:55.585+0000] {processor.py:179} INFO - Processing /opt/airflow/dags/S3_UPLOAD_BRONZE_DAG.py took 0.080 seconds
[2026-06-13T02:26:25.693+0000] {processor.py:157} INFO - Started process (PID=10511) to work on /opt/airflow/dags/S3_UPLOAD_BRONZE_DAG.py
[2026-06-13T02:26:25.694+0000] {processor.py:829} INFO - Processing file /opt/airflow/dags/S3_UPLOAD_BRONZE_DAG.py for tasks to queue
[2026-06-13T02:26:25.695+0000] {logging_mixin.py:154} INFO - [2026-06-13T02:26:25.695+0000] {dagbag.py:536} INFO - Filling up the DagBag from /opt/airflow/dags/S3_UPLOAD_BRONZE_DAG.py
[2026-06-13T02:26:25.707+0000] {processor.py:839} INFO - DAG(s) dict_keys(['daily_vulnerability_ingestion']) retrieved from /opt/airflow/dags/S3_UPLOAD_BRONZE_DAG.py
[2026-06-13T02:26:25.729+0000] {logging_mixin.py:154} INFO - [2026-06-13T02:26:25.729+0000] {dag.py:2941} INFO - Sync 1 DAGs
[2026-06-13T02:26:25.746+0000] {logging_mixin.py:154} INFO - [2026-06-13T02:26:25.746+0000] {dag.py:3722} INFO - Setting next_dagrun for daily_vulnerability_ingestion to 2026-06-12T14:52:05.384041+00:00, run_after=2026-06-13T14:52:05.384041+00:00
[2026-06-13T02:26:25.759+0000] {processor.py:179} INFO - Processing /opt/airflow/dags/S3_UPLOAD_BRONZE_DAG.py took 0.069 seconds
[2026-06-13T02:26:55.879+0000] {processor.py:157} INFO - Started process (PID=10516) to work on /opt/airflow/dags/S3_UPLOAD_BRONZE_DAG.py
[2026-06-13T02:26:55.880+0000] {processor.py:829} INFO - Processing file /opt/airflow/dags/S3_UPLOAD_BRONZE_DAG.py for tasks to queue
[2026-06-13T02:26:55.881+0000] {logging_mixin.py:154} INFO - [2026-06-13T02:26:55.880+0000] {dagbag.py:536} INFO - Filling up the DagBag from /opt/airflow/dags/S3_UPLOAD_BRONZE_DAG.py
[2026-06-13T02:26:55.899+0000] {processor.py:839} INFO - DAG(s) dict_keys(['daily_vulnerability_ingestion']) retrieved from /opt/airflow/dags/S3_UPLOAD_BRONZE_DAG.py
[2026-06-13T02:26:55.919+0000] {logging_mixin.py:154} INFO - [2026-06-13T02:26:55.919+0000] {dag.py:2941} INFO - Sync 1 DAGs
[2026-06-13T02:26:55.935+0000] {logging_mixin.py:154} INFO - [2026-06-13T02:26:55.935+0000] {dag.py:3722} INFO - Setting next_dagrun for daily_vulnerability_ingestion to 2026-06-12T14:52:05.384041+00:00, run_after=2026-06-13T14:52:05.384041+00:00
[2026-06-13T02:26:55.947+0000] {processor.py:179} INFO - Processing /opt/airflow/dags/S3_UPLOAD_BRONZE_DAG.py took 0.074 seconds
[2026-06-13T02:27:26.072+0000] {processor.py:157} INFO - Started process (PID=10521) to work on /opt/airflow/dags/S3_UPLOAD_BRONZE_DAG.py
[2026-06-13T02:27:26.082+0000] {processor.py:829} INFO - Processing file /opt/airflow/dags/S3_UPLOAD_BRONZE_DAG.py for tasks to queue
[2026-06-13T02:27:26.083+0000] {logging_mixin.py:154} INFO - [2026-06-13T02:27:26.083+0000] {dagbag.py:536} INFO - Filling up the DagBag from /opt/airflow/dags/S3_UPLOAD_BRONZE_DAG.py
[2026-06-13T02:27:26.107+0000] {processor.py:839} INFO - DAG(s) dict_keys(['daily_vulnerability_ingestion']) retrieved from /opt/airflow/dags/S3_UPLOAD_BRONZE_DAG.py
[2026-06-13T02:27:26.129+0000] {logging_mixin.py:154} INFO - [2026-06-13T02:27:26.129+0000] {dag.py:2941} INFO - Sync 1 DAGs
[2026-06-13T02:27:26.145+0000] {logging_mixin.py:154} INFO - [2026-06-13T02:27:26.145+0000] {dag.py:3722} INFO - Setting next_dagrun for daily_vulnerability_ingestion to 2026-06-12T14:52:05.384041+00:00, run_after=2026-06-13T14:52:05.384041+00:00
[2026-06-13T02:27:26.157+0000] {processor.py:179} INFO - Processing /opt/airflow/dags/S3_UPLOAD_BRONZE_DAG.py took 0.091 seconds
[2026-06-13T02:27:56.279+0000] {processor.py:157} INFO - Started process (PID=10526) to work on /opt/airflow/dags/S3_UPLOAD_BRONZE_DAG.py
[2026-06-13T02:27:56.279+0000] {processor.py:829} INFO - Processing file /opt/airflow/dags/S3_UPLOAD_BRONZE_DAG.py for tasks to queue
[2026-06-13T02:27:56.280+0000] {logging_mixin.py:154} INFO - [2026-06-13T02:27:56.280+0000] {dagbag.py:536} INFO - Filling up the DagBag from /opt/airflow/dags/S3_UPLOAD_BRONZE_DAG.py
[2026-06-13T02:27:56.295+0000] {processor.py:839} INFO - DAG(s) dict_keys(['daily_vulnerability_ingestion']) retrieved from /opt/airflow/dags/S3_UPLOAD_BRONZE_DAG.py
[2026-06-13T02:27:56.320+0000] {logging_mixin.py:154} INFO - [2026-06-13T02:27:56.320+0000] {dag.py:2941} INFO - Sync 1 DAGs
[2026-06-13T02:27:56.340+0000] {logging_mixin.py:154} INFO - [2026-06-13T02:27:56.340+0000] {dag.py:3722} INFO - Setting next_dagrun for daily_vulnerability_ingestion to 2026-06-12T14:52:05.384041+00:00, run_after=2026-06-13T14:52:05.384041+00:00
[2026-06-13T02:27:56.352+0000] {processor.py:179} INFO - Processing /opt/airflow/dags/S3_UPLOAD_BRONZE_DAG.py took 0.076 seconds
[2026-06-13T02:28:26.491+0000] {processor.py:157} INFO - Started process (PID=10531) to work on /opt/airflow/dags/S3_UPLOAD_BRONZE_DAG.py
[2026-06-13T02:28:26.500+0000] {processor.py:829} INFO - Processing file /opt/airflow/dags/S3_UPLOAD_BRONZE_DAG.py for tasks to queue
[2026-06-13T02:28:26.501+0000] {logging_mixin.py:154} INFO - [2026-06-13T02:28:26.501+0000] {dagbag.py:536} INFO - Filling up the DagBag from /opt/airflow/dags/S3_UPLOAD_BRONZE_DAG.py
[2026-06-13T02:28:26.519+0000] {processor.py:839} INFO - DAG(s) dict_keys(['daily_vulnerability_ingestion']) retrieved from /opt/airflow/dags/S3_UPLOAD_BRONZE_DAG.py
[2026-06-13T02:28:26.539+0000] {logging_mixin.py:154} INFO - [2026-06-13T02:28:26.539+0000] {dag.py:2941} INFO - Sync 1 DAGs
[2026-06-13T02:28:26.555+0000] {logging_mixin.py:154} INFO - [2026-06-13T02:28:26.555+0000] {dag.py:3722} INFO - Setting next_dagrun for daily_vulnerability_ingestion to 2026-06-12T14:52:05.384041+00:00, run_after=2026-06-13T14:52:05.384041+00:00
[2026-06-13T02:28:26.568+0000] {processor.py:179} INFO - Processing /opt/airflow/dags/S3_UPLOAD_BRONZE_DAG.py took 0.081 seconds
[2026-06-13T02:28:56.701+0000] {processor.py:157} INFO - Started process (PID=10536) to work on /opt/airflow/dags/S3_UPLOAD_BRONZE_DAG.py
[2026-06-13T02:28:56.702+0000] {processor.py:829} INFO - Processing file /opt/airflow/dags/S3_UPLOAD_BRONZE_DAG.py for tasks to queue
[2026-06-13T02:28:56.702+0000] {logging_mixin.py:154} INFO - [2026-06-13T02:28:56.702+0000] {dagbag.py:536} INFO - Filling up the DagBag from /opt/airflow/dags/S3_UPLOAD_BRONZE_DAG.py
[2026-06-13T02:28:56.717+0000] {processor.py:839} INFO - DAG(s) dict_keys(['daily_vulnerability_ingestion']) retrieved from /opt/airflow/dags/S3_UPLOAD_BRONZE_DAG.py
[2026-06-13T02:28:56.736+0000] {logging_mixin.py:154} INFO - [2026-06-13T02:28:56.735+0000] {dag.py:2941} INFO - Sync 1 DAGs
[2026-06-13T02:28:56.751+0000] {logging_mixin.py:154} INFO - [2026-06-13T02:28:56.751+0000] {dag.py:3722} INFO - Setting next_dagrun for daily_vulnerability_ingestion to 2026-06-12T14:52:05.384041+00:00, run_after=2026-06-13T14:52:05.384041+00:00
[2026-06-13T02:28:56.764+0000] {processor.py:179} INFO - Processing /opt/airflow/dags/S3_UPLOAD_BRONZE_DAG.py took 0.066 seconds
[2026-06-13T02:29:26.888+0000] {processor.py:157} INFO - Started process (PID=10541) to work on /opt/airflow/dags/S3_UPLOAD_BRONZE_DAG.py
[2026-06-13T02:29:26.896+0000] {processor.py:829} INFO - Processing file /opt/airflow/dags/S3_UPLOAD_BRONZE_DAG.py for tasks to queue
[2026-06-13T02:29:26.897+0000] {logging_mixin.py:154} INFO - [2026-06-13T02:29:26.897+0000] {dagbag.py:536} INFO - Filling up the DagBag from /opt/airflow/dags/S3_UPLOAD_BRONZE_DAG.py
[2026-06-13T02:29:26.911+0000] {processor.py:839} INFO - DAG(s) dict_keys(['daily_vulnerability_ingestion']) retrieved from /opt/airflow/dags/S3_UPLOAD_BRONZE_DAG.py
[2026-06-13T02:29:26.931+0000] {logging_mixin.py:154} INFO - [2026-06-13T02:29:26.930+0000] {dag.py:2941} INFO - Sync 1 DAGs
[2026-06-13T02:29:26.946+0000] {logging_mixin.py:154} INFO - [2026-06-13T02:29:26.946+0000] {dag.py:3722} INFO - Setting next_dagrun for daily_vulnerability_ingestion to 2026-06-12T14:52:05.384041+00:00, run_after=2026-06-13T14:52:05.384041+00:00
[2026-06-13T02:29:26.959+0000] {processor.py:179} INFO - Processing /opt/airflow/dags/S3_UPLOAD_BRONZE_DAG.py took 0.075 seconds
[2026-06-13T02:29:57.093+0000] {processor.py:157} INFO - Started process (PID=10546) to work on /opt/airflow/dags/S3_UPLOAD_BRONZE_DAG.py
[2026-06-13T02:29:57.094+0000] {processor.py:829} INFO - Processing file /opt/airflow/dags/S3_UPLOAD_BRONZE_DAG.py for tasks to queue
[2026-06-13T02:29:57.095+0000] {logging_mixin.py:154} INFO - [2026-06-13T02:29:57.095+0000] {dagbag.py:536} INFO - Filling up the DagBag from /opt/airflow/dags/S3_UPLOAD_BRONZE_DAG.py
[2026-06-13T02:29:57.115+0000] {processor.py:839} INFO - DAG(s) dict_keys(['daily_vulnerability_ingestion']) retrieved from /opt/airflow/dags/S3_UPLOAD_BRONZE_DAG.py
[2026-06-13T02:29:57.135+0000] {logging_mixin.py:154} INFO - [2026-06-13T02:29:57.135+0000] {dag.py:2941} INFO - Sync 1 DAGs
[2026-06-13T02:29:57.151+0000] {logging_mixin.py:154} INFO - [2026-06-13T02:29:57.151+0000] {dag.py:3722} INFO - Setting next_dagrun for daily_vulnerability_ingestion to 2026-06-12T14:52:05.384041+00:00, run_after=2026-06-13T14:52:05.384041+00:00
[2026-06-13T02:29:57.163+0000] {processor.py:179} INFO - Processing /opt/airflow/dags/S3_UPLOAD_BRONZE_DAG.py took 0.078 seconds
[2026-06-13T02:30:27.298+0000] {processor.py:157} INFO - Started process (PID=10551) to work on /opt/airflow/dags/S3_UPLOAD_BRONZE_DAG.py
[2026-06-13T02:30:27.307+0000] {processor.py:829} INFO - Processing file /opt/airflow/dags/S3_UPLOAD_BRONZE_DAG.py for tasks to queue
[2026-06-13T02:30:27.308+0000] {logging_mixin.py:154} INFO - [2026-06-13T02:30:27.308+0000] {dagbag.py:536} INFO - Filling up the DagBag from /opt/airflow/dags/S3_UPLOAD_BRONZE_DAG.py
[2026-06-13T02:30:27.322+0000] {processor.py:839} INFO - DAG(s) dict_keys(['daily_vulnerability_ingestion']) retrieved from /opt/airflow/dags/S3_UPLOAD_BRONZE_DAG.py
[2026-06-13T02:30:27.340+0000] {logging_mixin.py:154} INFO - [2026-06-13T02:30:27.340+0000] {dag.py:2941} INFO - Sync 1 DAGs
[2026-06-13T02:30:27.355+0000] {logging_mixin.py:154} INFO - [2026-06-13T02:30:27.355+0000] {dag.py:3722} INFO - Setting next_dagrun for daily_vulnerability_ingestion to 2026-06-12T14:52:05.384041+00:00, run_after=2026-06-13T14:52:05.384041+00:00
[2026-06-13T02:30:27.365+0000] {processor.py:179} INFO - Processing /opt/airflow/dags/S3_UPLOAD_BRONZE_DAG.py took 0.072 seconds
[2026-06-13T02:30:57.494+0000] {processor.py:157} INFO - Started process (PID=10556) to work on /opt/airflow/dags/S3_UPLOAD_BRONZE_DAG.py
[2026-06-13T02:30:57.495+0000] {processor.py:829} INFO - Processing file /opt/airflow/dags/S3_UPLOAD_BRONZE_DAG.py for tasks to queue
[2026-06-13T02:30:57.496+0000] {logging_mixin.py:154} INFO - [2026-06-13T02:30:57.496+0000] {dagbag.py:536} INFO - Filling up the DagBag from /opt/airflow/dags/S3_UPLOAD_BRONZE_DAG.py
[2026-06-13T02:30:57.512+0000] {processor.py:839} INFO - DAG(s) dict_keys(['daily_vulnerability_ingestion']) retrieved from /opt/airflow/dags/S3_UPLOAD_BRONZE_DAG.py
[2026-06-13T02:30:57.531+0000] {logging_mixin.py:154} INFO - [2026-06-13T02:30:57.531+0000] {dag.py:2941} INFO - Sync 1 DAGs
[2026-06-13T02:30:57.548+0000] {logging_mixin.py:154} INFO - [2026-06-13T02:30:57.548+0000] {dag.py:3722} INFO - Setting next_dagrun for daily_vulnerability_ingestion to 2026-06-12T14:52:05.384041+00:00, run_after=2026-06-13T14:52:05.384041+00:00
[2026-06-13T02:30:57.560+0000] {processor.py:179} INFO - Processing /opt/airflow/dags/S3_UPLOAD_BRONZE_DAG.py took 0.072 seconds
[2026-06-13T02:31:27.692+0000] {processor.py:157} INFO - Started process (PID=10561) to work on /opt/airflow/dags/S3_UPLOAD_BRONZE_DAG.py
[2026-06-13T02:31:27.702+0000] {processor.py:829} INFO - Processing file /opt/airflow/dags/S3_UPLOAD_BRONZE_DAG.py for tasks to queue
[2026-06-13T02:31:27.703+0000] {logging_mixin.py:154} INFO - [2026-06-13T02:31:27.703+0000] {dagbag.py:536} INFO - Filling up the DagBag from /opt/airflow/dags/S3_UPLOAD_BRONZE_DAG.py
[2026-06-13T02:31:27.724+0000] {processor.py:839} INFO - DAG(s) dict_keys(['daily_vulnerability_ingestion']) retrieved from /opt/airflow/dags/S3_UPLOAD_BRONZE_DAG.py
[2026-06-13T02:31:27.744+0000] {logging_mixin.py:154} INFO - [2026-06-13T02:31:27.744+0000] {dag.py:2941} INFO - Sync 1 DAGs
[2026-06-13T02:31:27.759+0000] {logging_mixin.py:154} INFO - [2026-06-13T02:31:27.759+0000] {dag.py:3722} INFO - Setting next_dagrun for daily_vulnerability_ingestion to 2026-06-12T14:52:05.384041+00:00, run_after=2026-06-13T14:52:05.384041+00:00
[2026-06-13T02:31:27.771+0000] {processor.py:179} INFO - Processing /opt/airflow/dags/S3_UPLOAD_BRONZE_DAG.py took 0.084 seconds
[2026-06-13T02:31:57.892+0000] {processor.py:157} INFO - Started process (PID=10566) to work on /opt/airflow/dags/S3_UPLOAD_BRONZE_DAG.py
[2026-06-13T02:31:57.893+0000] {processor.py:829} INFO - Processing file /opt/airflow/dags/S3_UPLOAD_BRONZE_DAG.py for tasks to queue
[2026-06-13T02:31:57.894+0000] {logging_mixin.py:154} INFO - [2026-06-13T02:31:57.894+0000] {dagbag.py:536} INFO - Filling up the DagBag from /opt/airflow/dags/S3_UPLOAD_BRONZE_DAG.py
[2026-06-13T02:31:57.916+0000] {processor.py:839} INFO - DAG(s) dict_keys(['daily_vulnerability_ingestion']) retrieved from /opt/airflow/dags/S3_UPLOAD_BRONZE_DAG.py
[2026-06-13T02:31:57.938+0000] {logging_mixin.py:154} INFO - [2026-06-13T02:31:57.937+0000] {dag.py:2941} INFO - Sync 1 DAGs
[2026-06-13T02:31:57.954+0000] {logging_mixin.py:154} INFO - [2026-06-13T02:31:57.954+0000] {dag.py:3722} INFO - Setting next_dagrun for daily_vulnerability_ingestion to 2026-06-12T14:52:05.384041+00:00, run_after=2026-06-13T14:52:05.384041+00:00
[2026-06-13T02:31:57.967+0000] {processor.py:179} INFO - Processing /opt/airflow/dags/S3_UPLOAD_BRONZE_DAG.py took 0.080 seconds
[2026-06-13T02:32:28.103+0000] {processor.py:157} INFO - Started process (PID=10571) to work on /opt/airflow/dags/S3_UPLOAD_BRONZE_DAG.py
[2026-06-13T02:32:28.112+0000] {processor.py:829} INFO - Processing file /opt/airflow/dags/S3_UPLOAD_BRONZE_DAG.py for tasks to queue
[2026-06-13T02:32:28.114+0000] {logging_mixin.py:154} INFO - [2026-06-13T02:32:28.113+0000] {dagbag.py:536} INFO - Filling up the DagBag from /opt/airflow/dags/S3_UPLOAD_BRONZE_DAG.py
[2026-06-13T02:32:28.137+0000] {processor.py:839} INFO - DAG(s) dict_keys(['daily_vulnerability_ingestion']) retrieved from /opt/airflow/dags/S3_UPLOAD_BRONZE_DAG.py
[2026-06-13T02:32:28.159+0000] {logging_mixin.py:154} INFO - [2026-06-13T02:32:28.159+0000] {dag.py:2941} INFO - Sync 1 DAGs
[2026-06-13T02:32:28.176+0000] {logging_mixin.py:154} INFO - [2026-06-13T02:32:28.175+0000] {dag.py:3722} INFO - Setting next_dagrun for daily_vulnerability_ingestion to 2026-06-12T14:52:05.384041+00:00, run_after=2026-06-13T14:52:05.384041+00:00
[2026-06-13T02:32:28.189+0000] {processor.py:179} INFO - Processing /opt/airflow/dags/S3_UPLOAD_BRONZE_DAG.py took 0.091 seconds
[2026-06-13T02:32:58.301+0000] {processor.py:157} INFO - Started process (PID=10576) to work on /opt/airflow/dags/S3_UPLOAD_BRONZE_DAG.py
[2026-06-13T02:32:58.303+0000] {processor.py:829} INFO - Processing file /opt/airflow/dags/S3_UPLOAD_BRONZE_DAG.py for tasks to queue
[2026-06-13T02:32:58.304+0000] {logging_mixin.py:154} INFO - [2026-06-13T02:32:58.303+0000] {dagbag.py:536} INFO - Filling up the DagBag from /opt/airflow/dags/S3_UPLOAD_BRONZE_DAG.py
[2026-06-13T02:32:58.322+0000] {processor.py:839} INFO - DAG(s) dict_keys(['daily_vulnerability_ingestion']) retrieved from /opt/airflow/dags/S3_UPLOAD_BRONZE_DAG.py
[2026-06-13T02:32:58.343+0000] {logging_mixin.py:154} INFO - [2026-06-13T02:32:58.343+0000] {dag.py:2941} INFO - Sync 1 DAGs
[2026-06-13T02:32:58.358+0000] {logging_mixin.py:154} INFO - [2026-06-13T02:32:58.358+0000] {dag.py:3722} INFO - Setting next_dagrun for daily_vulnerability_ingestion to 2026-06-12T14:52:05.384041+00:00, run_after=2026-06-13T14:52:05.384041+00:00
[2026-06-13T02:32:58.371+0000] {processor.py:179} INFO - Processing /opt/airflow/dags/S3_UPLOAD_BRONZE_DAG.py took 0.076 seconds
[2026-06-13T02:33:28.521+0000] {processor.py:157} INFO - Started process (PID=10581) to work on /opt/airflow/dags/S3_UPLOAD_BRONZE_DAG.py
[2026-06-13T02:33:28.530+0000] {processor.py:829} INFO - Processing file /opt/airflow/dags/S3_UPLOAD_BRONZE_DAG.py for tasks to queue
[2026-06-13T02:33:28.531+0000] {logging_mixin.py:154} INFO - [2026-06-13T02:33:28.530+0000] {dagbag.py:536} INFO - Filling up the DagBag from /opt/airflow/dags/S3_UPLOAD_BRONZE_DAG.py
[2026-06-13T02:33:28.542+0000] {processor.py:839} INFO - DAG(s) dict_keys(['daily_vulnerability_ingestion']) retrieved from /opt/airflow/dags/S3_UPLOAD_BRONZE_DAG.py
[2026-06-13T02:33:28.560+0000] {logging_mixin.py:154} INFO - [2026-06-13T02:33:28.560+0000] {dag.py:2941} INFO - Sync 1 DAGs
[2026-06-13T02:33:28.576+0000] {logging_mixin.py:154} INFO - [2026-06-13T02:33:28.576+0000] {dag.py:3722} INFO - Setting next_dagrun for daily_vulnerability_ingestion to 2026-06-12T14:52:05.384041+00:00, run_after=2026-06-13T14:52:05.384041+00:00
[2026-06-13T02:33:28.588+0000] {processor.py:179} INFO - Processing /opt/airflow/dags/S3_UPLOAD_BRONZE_DAG.py took 0.071 seconds
[2026-06-13T02:33:58.719+0000] {processor.py:157} INFO - Started process (PID=10586) to work on /opt/airflow/dags/S3_UPLOAD_BRONZE_DAG.py
[2026-06-13T02:33:58.720+0000] {processor.py:829} INFO - Processing file /opt/airflow/dags/S3_UPLOAD_BRONZE_DAG.py for tasks to queue
[2026-06-13T02:33:58.721+0000] {logging_mixin.py:154} INFO - [2026-06-13T02:33:58.720+0000] {dagbag.py:536} INFO - Filling up the DagBag from /opt/airflow/dags/S3_UPLOAD_BRONZE_DAG.py
[2026-06-13T02:33:58.739+0000] {processor.py:839} INFO - DAG(s) dict_keys(['daily_vulnerability_ingestion']) retrieved from /opt/airflow/dags/S3_UPLOAD_BRONZE_DAG.py
[2026-06-13T02:33:58.758+0000] {logging_mixin.py:154} INFO - [2026-06-13T02:33:58.758+0000] {dag.py:2941} INFO - Sync 1 DAGs
[2026-06-13T02:33:58.774+0000] {logging_mixin.py:154} INFO - [2026-06-13T02:33:58.774+0000] {dag.py:3722} INFO - Setting next_dagrun for daily_vulnerability_ingestion to 2026-06-12T14:52:05.384041+00:00, run_after=2026-06-13T14:52:05.384041+00:00
[2026-06-13T02:33:58.786+0000] {processor.py:179} INFO - Processing /opt/airflow/dags/S3_UPLOAD_BRONZE_DAG.py took 0.075 seconds
[2026-06-13T02:34:28.928+0000] {processor.py:157} INFO - Started process (PID=10591) to work on /opt/airflow/dags/S3_UPLOAD_BRONZE_DAG.py
[2026-06-13T02:34:28.937+0000] {processor.py:829} INFO - Processing file /opt/airflow/dags/S3_UPLOAD_BRONZE_DAG.py for tasks to queue
[2026-06-13T02:34:28.938+0000] {logging_mixin.py:154} INFO - [2026-06-13T02:34:28.938+0000] {dagbag.py:536} INFO - Filling up the DagBag from /opt/airflow/dags/S3_UPLOAD_BRONZE_DAG.py
[2026-06-13T02:34:28.959+0000] {processor.py:839} INFO - DAG(s) dict_keys(['daily_vulnerability_ingestion']) retrieved from /opt/airflow/dags/S3_UPLOAD_BRONZE_DAG.py
[2026-06-13T02:34:28.980+0000] {logging_mixin.py:154} INFO - [2026-06-13T02:34:28.980+0000] {dag.py:2941} INFO - Sync 1 DAGs
[2026-06-13T02:34:28.996+0000] {logging_mixin.py:154} INFO - [2026-06-13T02:34:28.996+0000] {dag.py:3722} INFO - Setting next_dagrun for daily_vulnerability_ingestion to 2026-06-12T14:52:05.384041+00:00, run_after=2026-06-13T14:52:05.384041+00:00
[2026-06-13T02:34:29.009+0000] {processor.py:179} INFO - Processing /opt/airflow/dags/S3_UPLOAD_BRONZE_DAG.py took 0.088 seconds
[2026-06-13T02:34:59.132+0000] {processor.py:157} INFO - Started process (PID=10596) to work on /opt/airflow/dags/S3_UPLOAD_BRONZE_DAG.py
[2026-06-13T02:34:59.132+0000] {processor.py:829} INFO - Processing file /opt/airflow/dags/S3_UPLOAD_BRONZE_DAG.py for tasks to queue
[2026-06-13T02:34:59.133+0000] {logging_mixin.py:154} INFO - [2026-06-13T02:34:59.133+0000] {dagbag.py:536} INFO - Filling up the DagBag from /opt/airflow/dags/S3_UPLOAD_BRONZE_DAG.py
[2026-06-13T02:34:59.149+0000] {processor.py:839} INFO - DAG(s) dict_keys(['daily_vulnerability_ingestion']) retrieved from /opt/airflow/dags/S3_UPLOAD_BRONZE_DAG.py
[2026-06-13T02:34:59.168+0000] {logging_mixin.py:154} INFO - [2026-06-13T02:34:59.168+0000] {dag.py:2941} INFO - Sync 1 DAGs
[2026-06-13T02:34:59.183+0000] {logging_mixin.py:154} INFO - [2026-06-13T02:34:59.183+0000] {dag.py:3722} INFO - Setting next_dagrun for daily_vulnerability_ingestion to 2026-06-12T14:52:05.384041+00:00, run_after=2026-06-13T14:52:05.384041+00:00
[2026-06-13T02:34:59.196+0000] {processor.py:179} INFO - Processing /opt/airflow/dags/S3_UPLOAD_BRONZE_DAG.py took 0.069 seconds
[2026-06-13T02:35:29.346+0000] {processor.py:157} INFO - Started process (PID=10601) to work on /opt/airflow/dags/S3_UPLOAD_BRONZE_DAG.py
[2026-06-13T02:35:29.355+0000] {processor.py:829} INFO - Processing file /opt/airflow/dags/S3_UPLOAD_BRONZE_DAG.py for tasks to queue
[2026-06-13T02:35:29.356+0000] {logging_mixin.py:154} INFO - [2026-06-13T02:35:29.355+0000] {dagbag.py:536} INFO - Filling up the DagBag from /opt/airflow/dags/S3_UPLOAD_BRONZE_DAG.py
[2026-06-13T02:35:29.372+0000] {processor.py:839} INFO - DAG(s) dict_keys(['daily_vulnerability_ingestion']) retrieved from /opt/airflow/dags/S3_UPLOAD_BRONZE_DAG.py
[2026-06-13T02:35:29.396+0000] {logging_mixin.py:154} INFO - [2026-06-13T02:35:29.396+0000] {dag.py:2941} INFO - Sync 1 DAGs
[2026-06-13T02:35:29.412+0000] {logging_mixin.py:154} INFO - [2026-06-13T02:35:29.412+0000] {dag.py:3722} INFO - Setting next_dagrun for daily_vulnerability_ingestion to 2026-06-12T14:52:05.384041+00:00, run_after=2026-06-13T14:52:05.384041+00:00
[2026-06-13T02:35:29.424+0000] {processor.py:179} INFO - Processing /opt/airflow/dags/S3_UPLOAD_BRONZE_DAG.py took 0.082 seconds
[2026-06-13T02:35:59.511+0000] {processor.py:157} INFO - Started process (PID=10606) to work on /opt/airflow/dags/S3_UPLOAD_BRONZE_DAG.py
[2026-06-13T02:35:59.512+0000] {processor.py:829} INFO - Processing file /opt/airflow/dags/S3_UPLOAD_BRONZE_DAG.py for tasks to queue
[2026-06-13T02:35:59.513+0000] {logging_mixin.py:154} INFO - [2026-06-13T02:35:59.513+0000] {dagbag.py:536} INFO - Filling up the DagBag from /opt/airflow/dags/S3_UPLOAD_BRONZE_DAG.py
[2026-06-13T02:35:59.532+0000] {processor.py:839} INFO - DAG(s) dict_keys(['daily_vulnerability_ingestion']) retrieved from /opt/airflow/dags/S3_UPLOAD_BRONZE_DAG.py
[2026-06-13T02:35:59.557+0000] {logging_mixin.py:154} INFO - [2026-06-13T02:35:59.557+0000] {dag.py:2941} INFO - Sync 1 DAGs
[2026-06-13T02:35:59.575+0000] {logging_mixin.py:154} INFO - [2026-06-13T02:35:59.575+0000] {dag.py:3722} INFO - Setting next_dagrun for daily_vulnerability_ingestion to 2026-06-12T14:52:05.384041+00:00, run_after=2026-06-13T14:52:05.384041+00:00
[2026-06-13T02:35:59.588+0000] {processor.py:179} INFO - Processing /opt/airflow/dags/S3_UPLOAD_BRONZE_DAG.py took 0.081 seconds
[2026-06-13T02:36:29.762+0000] {processor.py:157} INFO - Started process (PID=10611) to work on /opt/airflow/dags/S3_UPLOAD_BRONZE_DAG.py
[2026-06-13T02:36:29.771+0000] {processor.py:829} INFO - Processing file /opt/airflow/dags/S3_UPLOAD_BRONZE_DAG.py for tasks to queue
[2026-06-13T02:36:29.772+0000] {logging_mixin.py:154} INFO - [2026-06-13T02:36:29.772+0000] {dagbag.py:536} INFO - Filling up the DagBag from /opt/airflow/dags/S3_UPLOAD_BRONZE_DAG.py
[2026-06-13T02:36:29.791+0000] {processor.py:839} INFO - DAG(s) dict_keys(['daily_vulnerability_ingestion']) retrieved from /opt/airflow/dags/S3_UPLOAD_BRONZE_DAG.py
[2026-06-13T02:36:29.810+0000] {logging_mixin.py:154} INFO - [2026-06-13T02:36:29.810+0000] {dag.py:2941} INFO - Sync 1 DAGs
[2026-06-13T02:36:29.827+0000] {logging_mixin.py:154} INFO - [2026-06-13T02:36:29.827+0000] {dag.py:3722} INFO - Setting next_dagrun for daily_vulnerability_ingestion to 2026-06-12T14:52:05.384041+00:00, run_after=2026-06-13T14:52:05.384041+00:00
[2026-06-13T02:36:29.841+0000] {processor.py:179} INFO - Processing /opt/airflow/dags/S3_UPLOAD_BRONZE_DAG.py took 0.082 seconds
[2026-06-13T02:36:59.949+0000] {processor.py:157} INFO - Started process (PID=10616) to work on /opt/airflow/dags/S3_UPLOAD_BRONZE_DAG.py
[2026-06-13T02:36:59.950+0000] {processor.py:829} INFO - Processing file /opt/airflow/dags/S3_UPLOAD_BRONZE_DAG.py for tasks to queue
[2026-06-13T02:36:59.952+0000] {logging_mixin.py:154} INFO - [2026-06-13T02:36:59.951+0000] {dagbag.py:536} INFO - Filling up the DagBag from /opt/airflow/dags/S3_UPLOAD_BRONZE_DAG.py
[2026-06-13T02:36:59.974+0000] {processor.py:839} INFO - DAG(s) dict_keys(['daily_vulnerability_ingestion']) retrieved from /opt/airflow/dags/S3_UPLOAD_BRONZE_DAG.py
[2026-06-13T02:36:59.994+0000] {logging_mixin.py:154} INFO - [2026-06-13T02:36:59.994+0000] {dag.py:2941} INFO - Sync 1 DAGs
[2026-06-13T02:37:00.010+0000] {logging_mixin.py:154} INFO - [2026-06-13T02:37:00.010+0000] {dag.py:3722} INFO - Setting next_dagrun for daily_vulnerability_ingestion to 2026-06-12T14:52:05.384041+00:00, run_after=2026-06-13T14:52:05.384041+00:00
[2026-06-13T02:37:00.023+0000] {processor.py:179} INFO - Processing /opt/airflow/dags/S3_UPLOAD_BRONZE_DAG.py took 0.079 seconds
[2026-06-13T02:37:30.145+0000] {processor.py:157} INFO - Started process (PID=10621) to work on /opt/airflow/dags/S3_UPLOAD_BRONZE_DAG.py
[2026-06-13T02:37:30.154+0000] {processor.py:829} INFO - Processing file /opt/airflow/dags/S3_UPLOAD_BRONZE_DAG.py for tasks to queue
[2026-06-13T02:37:30.155+0000] {logging_mixin.py:154} INFO - [2026-06-13T02:37:30.154+0000] {dagbag.py:536} INFO - Filling up the DagBag from /opt/airflow/dags/S3_UPLOAD_BRONZE_DAG.py
[2026-06-13T02:37:30.167+0000] {processor.py:839} INFO - DAG(s) dict_keys(['daily_vulnerability_ingestion']) retrieved from /opt/airflow/dags/S3_UPLOAD_BRONZE_DAG.py
[2026-06-13T02:37:30.186+0000] {logging_mixin.py:154} INFO - [2026-06-13T02:37:30.186+0000] {dag.py:2941} INFO - Sync 1 DAGs
[2026-06-13T02:37:30.202+0000] {logging_mixin.py:154} INFO - [2026-06-13T02:37:30.202+0000] {dag.py:3722} INFO - Setting next_dagrun for daily_vulnerability_ingestion to 2026-06-12T14:52:05.384041+00:00, run_after=2026-06-13T14:52:05.384041+00:00
[2026-06-13T02:37:30.214+0000] {processor.py:179} INFO - Processing /opt/airflow/dags/S3_UPLOAD_BRONZE_DAG.py took 0.071 seconds
[2026-06-13T02:38:00.355+0000] {processor.py:157} INFO - Started process (PID=10626) to work on /opt/airflow/dags/S3_UPLOAD_BRONZE_DAG.py
[2026-06-13T02:38:00.356+0000] {processor.py:829} INFO - Processing file /opt/airflow/dags/S3_UPLOAD_BRONZE_DAG.py for tasks to queue
[2026-06-13T02:38:00.357+0000] {logging_mixin.py:154} INFO - [2026-06-13T02:38:00.356+0000] {dagbag.py:536} INFO - Filling up the DagBag from /opt/airflow/dags/S3_UPLOAD_BRONZE_DAG.py
[2026-06-13T02:38:00.373+0000] {processor.py:839} INFO - DAG(s) dict_keys(['daily_vulnerability_ingestion']) retrieved from /opt/airflow/dags/S3_UPLOAD_BRONZE_DAG.py
[2026-06-13T02:38:00.392+0000] {logging_mixin.py:154} INFO - [2026-06-13T02:38:00.392+0000] {dag.py:2941} INFO - Sync 1 DAGs
[2026-06-13T02:38:00.407+0000] {logging_mixin.py:154} INFO - [2026-06-13T02:38:00.407+0000] {dag.py:3722} INFO - Setting next_dagrun for daily_vulnerability_ingestion to 2026-06-12T14:52:05.384041+00:00, run_after=2026-06-13T14:52:05.384041+00:00
[2026-06-13T02:38:00.420+0000] {processor.py:179} INFO - Processing /opt/airflow/dags/S3_UPLOAD_BRONZE_DAG.py took 0.072 seconds
[2026-06-13T02:38:30.546+0000] {processor.py:157} INFO - Started process (PID=10631) to work on /opt/airflow/dags/S3_UPLOAD_BRONZE_DAG.py
[2026-06-13T02:38:30.555+0000] {processor.py:829} INFO - Processing file /opt/airflow/dags/S3_UPLOAD_BRONZE_DAG.py for tasks to queue
[2026-06-13T02:38:30.556+0000] {logging_mixin.py:154} INFO - [2026-06-13T02:38:30.555+0000] {dagbag.py:536} INFO - Filling up the DagBag from /opt/airflow/dags/S3_UPLOAD_BRONZE_DAG.py
[2026-06-13T02:38:30.575+0000] {processor.py:839} INFO - DAG(s) dict_keys(['daily_vulnerability_ingestion']) retrieved from /opt/airflow/dags/S3_UPLOAD_BRONZE_DAG.py
[2026-06-13T02:38:30.595+0000] {logging_mixin.py:154} INFO - [2026-06-13T02:38:30.595+0000] {dag.py:2941} INFO - Sync 1 DAGs
[2026-06-13T02:38:30.611+0000] {logging_mixin.py:154} INFO - [2026-06-13T02:38:30.611+0000] {dag.py:3722} INFO - Setting next_dagrun for daily_vulnerability_ingestion to 2026-06-12T14:52:05.384041+00:00, run_after=2026-06-13T14:52:05.384041+00:00
[2026-06-13T02:38:30.624+0000] {processor.py:179} INFO - Processing /opt/airflow/dags/S3_UPLOAD_BRONZE_DAG.py took 0.083 seconds
[2026-06-13T02:39:00.741+0000] {processor.py:157} INFO - Started process (PID=10636) to work on /opt/airflow/dags/S3_UPLOAD_BRONZE_DAG.py
[2026-06-13T02:39:00.741+0000] {processor.py:829} INFO - Processing file /opt/airflow/dags/S3_UPLOAD_BRONZE_DAG.py for tasks to queue
[2026-06-13T02:39:00.742+0000] {logging_mixin.py:154} INFO - [2026-06-13T02:39:00.742+0000] {dagbag.py:536} INFO - Filling up the DagBag from /opt/airflow/dags/S3_UPLOAD_BRONZE_DAG.py
[2026-06-13T02:39:00.754+0000] {processor.py:839} INFO - DAG(s) dict_keys(['daily_vulnerability_ingestion']) retrieved from /opt/airflow/dags/S3_UPLOAD_BRONZE_DAG.py
[2026-06-13T02:39:00.778+0000] {logging_mixin.py:154} INFO - [2026-06-13T02:39:00.778+0000] {dag.py:2941} INFO - Sync 1 DAGs
[2026-06-13T02:39:00.793+0000] {logging_mixin.py:154} INFO - [2026-06-13T02:39:00.793+0000] {dag.py:3722} INFO - Setting next_dagrun for daily_vulnerability_ingestion to 2026-06-12T14:52:05.384041+00:00, run_after=2026-06-13T14:52:05.384041+00:00
[2026-06-13T02:39:00.805+0000] {processor.py:179} INFO - Processing /opt/airflow/dags/S3_UPLOAD_BRONZE_DAG.py took 0.068 seconds
[2026-06-13T02:39:30.953+0000] {processor.py:157} INFO - Started process (PID=10641) to work on /opt/airflow/dags/S3_UPLOAD_BRONZE_DAG.py
[2026-06-13T02:39:30.962+0000] {processor.py:829} INFO - Processing file /opt/airflow/dags/S3_UPLOAD_BRONZE_DAG.py for tasks to queue
[2026-06-13T02:39:30.963+0000] {logging_mixin.py:154} INFO - [2026-06-13T02:39:30.962+0000] {dagbag.py:536} INFO - Filling up the DagBag from /opt/airflow/dags/S3_UPLOAD_BRONZE_DAG.py
[2026-06-13T02:39:30.975+0000] {processor.py:839} INFO - DAG(s) dict_keys(['daily_vulnerability_ingestion']) retrieved from /opt/airflow/dags/S3_UPLOAD_BRONZE_DAG.py
[2026-06-13T02:39:30.994+0000] {logging_mixin.py:154} INFO - [2026-06-13T02:39:30.993+0000] {dag.py:2941} INFO - Sync 1 DAGs
[2026-06-13T02:39:31.010+0000] {logging_mixin.py:154} INFO - [2026-06-13T02:39:31.010+0000] {dag.py:3722} INFO - Setting next_dagrun for daily_vulnerability_ingestion to 2026-06-12T14:52:05.384041+00:00, run_after=2026-06-13T14:52:05.384041+00:00
[2026-06-13T02:39:31.022+0000] {processor.py:179} INFO - Processing /opt/airflow/dags/S3_UPLOAD_BRONZE_DAG.py took 0.073 seconds
[2026-06-13T02:40:01.151+0000] {processor.py:157} INFO - Started process (PID=10646) to work on /opt/airflow/dags/S3_UPLOAD_BRONZE_DAG.py
[2026-06-13T02:40:01.160+0000] {processor.py:829} INFO - Processing file /opt/airflow/dags/S3_UPLOAD_BRONZE_DAG.py for tasks to queue
[2026-06-13T02:40:01.161+0000] {logging_mixin.py:154} INFO - [2026-06-13T02:40:01.160+0000] {dagbag.py:536} INFO - Filling up the DagBag from /opt/airflow/dags/S3_UPLOAD_BRONZE_DAG.py
[2026-06-13T02:40:01.177+0000] {processor.py:839} INFO - DAG(s) dict_keys(['daily_vulnerability_ingestion']) retrieved from /opt/airflow/dags/S3_UPLOAD_BRONZE_DAG.py
[2026-06-13T02:40:01.197+0000] {logging_mixin.py:154} INFO - [2026-06-13T02:40:01.197+0000] {dag.py:2941} INFO - Sync 1 DAGs
[2026-06-13T02:40:01.213+0000] {logging_mixin.py:154} INFO - [2026-06-13T02:40:01.213+0000] {dag.py:3722} INFO - Setting next_dagrun for daily_vulnerability_ingestion to 2026-06-12T14:52:05.384041+00:00, run_after=2026-06-13T14:52:05.384041+00:00
[2026-06-13T02:40:01.224+0000] {processor.py:179} INFO - Processing /opt/airflow/dags/S3_UPLOAD_BRONZE_DAG.py took 0.079 seconds
[2026-06-13T02:40:31.382+0000] {processor.py:157} INFO - Started process (PID=10651) to work on /opt/airflow/dags/S3_UPLOAD_BRONZE_DAG.py
[2026-06-13T02:40:31.383+0000] {processor.py:829} INFO - Processing file /opt/airflow/dags/S3_UPLOAD_BRONZE_DAG.py for tasks to queue
[2026-06-13T02:40:31.383+0000] {logging_mixin.py:154} INFO - [2026-06-13T02:40:31.383+0000] {dagbag.py:536} INFO - Filling up the DagBag from /opt/airflow/dags/S3_UPLOAD_BRONZE_DAG.py
[2026-06-13T02:40:31.398+0000] {processor.py:839} INFO - DAG(s) dict_keys(['daily_vulnerability_ingestion']) retrieved from /opt/airflow/dags/S3_UPLOAD_BRONZE_DAG.py
[2026-06-13T02:40:31.417+0000] {logging_mixin.py:154} INFO - [2026-06-13T02:40:31.417+0000] {dag.py:2941} INFO - Sync 1 DAGs
[2026-06-13T02:40:31.433+0000] {logging_mixin.py:154} INFO - [2026-06-13T02:40:31.433+0000] {dag.py:3722} INFO - Setting next_dagrun for daily_vulnerability_ingestion to 2026-06-12T14:52:05.384041+00:00, run_after=2026-06-13T14:52:05.384041+00:00
[2026-06-13T02:40:31.446+0000] {processor.py:179} INFO - Processing /opt/airflow/dags/S3_UPLOAD_BRONZE_DAG.py took 0.068 seconds
[2026-06-13T02:41:01.562+0000] {processor.py:157} INFO - Started process (PID=10656) to work on /opt/airflow/dags/S3_UPLOAD_BRONZE_DAG.py
[2026-06-13T02:41:01.571+0000] {processor.py:829} INFO - Processing file /opt/airflow/dags/S3_UPLOAD_BRONZE_DAG.py for tasks to queue
[2026-06-13T02:41:01.572+0000] {logging_mixin.py:154} INFO - [2026-06-13T02:41:01.571+0000] {dagbag.py:536} INFO - Filling up the DagBag from /opt/airflow/dags/S3_UPLOAD_BRONZE_DAG.py
[2026-06-13T02:41:01.590+0000] {processor.py:839} INFO - DAG(s) dict_keys(['daily_vulnerability_ingestion']) retrieved from /opt/airflow/dags/S3_UPLOAD_BRONZE_DAG.py
[2026-06-13T02:41:01.609+0000] {logging_mixin.py:154} INFO - [2026-06-13T02:41:01.609+0000] {dag.py:2941} INFO - Sync 1 DAGs
[2026-06-13T02:41:01.624+0000] {logging_mixin.py:154} INFO - [2026-06-13T02:41:01.624+0000] {dag.py:3722} INFO - Setting next_dagrun for daily_vulnerability_ingestion to 2026-06-12T14:52:05.384041+00:00, run_after=2026-06-13T14:52:05.384041+00:00
[2026-06-13T02:41:01.636+0000] {processor.py:179} INFO - Processing /opt/airflow/dags/S3_UPLOAD_BRONZE_DAG.py took 0.080 seconds
[2026-06-13T02:41:31.784+0000] {processor.py:157} INFO - Started process (PID=10661) to work on /opt/airflow/dags/S3_UPLOAD_BRONZE_DAG.py
[2026-06-13T02:41:31.785+0000] {processor.py:829} INFO - Processing file /opt/airflow/dags/S3_UPLOAD_BRONZE_DAG.py for tasks to queue
[2026-06-13T02:41:31.786+0000] {logging_mixin.py:154} INFO - [2026-06-13T02:41:31.786+0000] {dagbag.py:536} INFO - Filling up the DagBag from /opt/airflow/dags/S3_UPLOAD_BRONZE_DAG.py
[2026-06-13T02:41:31.806+0000] {processor.py:839} INFO - DAG(s) dict_keys(['daily_vulnerability_ingestion']) retrieved from /opt/airflow/dags/S3_UPLOAD_BRONZE_DAG.py
[2026-06-13T02:41:31.826+0000] {logging_mixin.py:154} INFO - [2026-06-13T02:41:31.826+0000] {dag.py:2941} INFO - Sync 1 DAGs
[2026-06-13T02:41:31.841+0000] {logging_mixin.py:154} INFO - [2026-06-13T02:41:31.841+0000] {dag.py:3722} INFO - Setting next_dagrun for daily_vulnerability_ingestion to 2026-06-12T14:52:05.384041+00:00, run_after=2026-06-13T14:52:05.384041+00:00
[2026-06-13T02:41:31.853+0000] {processor.py:179} INFO - Processing /opt/airflow/dags/S3_UPLOAD_BRONZE_DAG.py took 0.075 seconds
[2026-06-13T02:42:01.970+0000] {processor.py:157} INFO - Started process (PID=10666) to work on /opt/airflow/dags/S3_UPLOAD_BRONZE_DAG.py
[2026-06-13T02:42:01.979+0000] {processor.py:829} INFO - Processing file /opt/airflow/dags/S3_UPLOAD_BRONZE_DAG.py for tasks to queue
[2026-06-13T02:42:01.981+0000] {logging_mixin.py:154} INFO - [2026-06-13T02:42:01.980+0000] {dagbag.py:536} INFO - Filling up the DagBag from /opt/airflow/dags/S3_UPLOAD_BRONZE_DAG.py
[2026-06-13T02:42:01.999+0000] {processor.py:839} INFO - DAG(s) dict_keys(['daily_vulnerability_ingestion']) retrieved from /opt/airflow/dags/S3_UPLOAD_BRONZE_DAG.py
[2026-06-13T02:42:02.019+0000] {logging_mixin.py:154} INFO - [2026-06-13T02:42:02.019+0000] {dag.py:2941} INFO - Sync 1 DAGs
[2026-06-13T02:42:02.035+0000] {logging_mixin.py:154} INFO - [2026-06-13T02:42:02.035+0000] {dag.py:3722} INFO - Setting next_dagrun for daily_vulnerability_ingestion to 2026-06-12T14:52:05.384041+00:00, run_after=2026-06-13T14:52:05.384041+00:00
[2026-06-13T02:42:02.047+0000] {processor.py:179} INFO - Processing /opt/airflow/dags/S3_UPLOAD_BRONZE_DAG.py took 0.083 seconds
[2026-06-13T02:42:32.187+0000] {processor.py:157} INFO - Started process (PID=10671) to work on /opt/airflow/dags/S3_UPLOAD_BRONZE_DAG.py
[2026-06-13T02:42:32.188+0000] {processor.py:829} INFO - Processing file /opt/airflow/dags/S3_UPLOAD_BRONZE_DAG.py for tasks to queue
[2026-06-13T02:42:32.188+0000] {logging_mixin.py:154} INFO - [2026-06-13T02:42:32.188+0000] {dagbag.py:536} INFO - Filling up the DagBag from /opt/airflow/dags/S3_UPLOAD_BRONZE_DAG.py
[2026-06-13T02:42:32.203+0000] {processor.py:839} INFO - DAG(s) dict_keys(['daily_vulnerability_ingestion']) retrieved from /opt/airflow/dags/S3_UPLOAD_BRONZE_DAG.py
[2026-06-13T02:42:32.224+0000] {logging_mixin.py:154} INFO - [2026-06-13T02:42:32.223+0000] {dag.py:2941} INFO - Sync 1 DAGs
[2026-06-13T02:42:32.240+0000] {logging_mixin.py:154} INFO - [2026-06-13T02:42:32.240+0000] {dag.py:3722} INFO - Setting next_dagrun for daily_vulnerability_ingestion to 2026-06-12T14:52:05.384041+00:00, run_after=2026-06-13T14:52:05.384041+00:00
[2026-06-13T02:42:32.253+0000] {processor.py:179} INFO - Processing /opt/airflow/dags/S3_UPLOAD_BRONZE_DAG.py took 0.072 seconds
[2026-06-13T02:43:02.381+0000] {processor.py:157} INFO - Started process (PID=10676) to work on /opt/airflow/dags/S3_UPLOAD_BRONZE_DAG.py
[2026-06-13T02:43:02.391+0000] {processor.py:829} INFO - Processing file /opt/airflow/dags/S3_UPLOAD_BRONZE_DAG.py for tasks to queue
[2026-06-13T02:43:02.393+0000] {logging_mixin.py:154} INFO - [2026-06-13T02:43:02.392+0000] {dagbag.py:536} INFO - Filling up the DagBag from /opt/airflow/dags/S3_UPLOAD_BRONZE_DAG.py
[2026-06-13T02:43:02.420+0000] {processor.py:839} INFO - DAG(s) dict_keys(['daily_vulnerability_ingestion']) retrieved from /opt/airflow/dags/S3_UPLOAD_BRONZE_DAG.py
[2026-06-13T02:43:02.443+0000] {logging_mixin.py:154} INFO - [2026-06-13T02:43:02.443+0000] {dag.py:2941} INFO - Sync 1 DAGs
[2026-06-13T02:43:02.460+0000] {logging_mixin.py:154} INFO - [2026-06-13T02:43:02.460+0000] {dag.py:3722} INFO - Setting next_dagrun for daily_vulnerability_ingestion to 2026-06-12T14:52:05.384041+00:00, run_after=2026-06-13T14:52:05.384041+00:00
[2026-06-13T02:43:02.473+0000] {processor.py:179} INFO - Processing /opt/airflow/dags/S3_UPLOAD_BRONZE_DAG.py took 0.099 seconds
[2026-06-13T02:43:32.596+0000] {processor.py:157} INFO - Started process (PID=10681) to work on /opt/airflow/dags/S3_UPLOAD_BRONZE_DAG.py
[2026-06-13T02:43:32.597+0000] {processor.py:829} INFO - Processing file /opt/airflow/dags/S3_UPLOAD_BRONZE_DAG.py for tasks to queue
[2026-06-13T02:43:32.600+0000] {logging_mixin.py:154} INFO - [2026-06-13T02:43:32.600+0000] {dagbag.py:536} INFO - Filling up the DagBag from /opt/airflow/dags/S3_UPLOAD_BRONZE_DAG.py
[2026-06-13T02:43:32.614+0000] {processor.py:839} INFO - DAG(s) dict_keys(['daily_vulnerability_ingestion']) retrieved from /opt/airflow/dags/S3_UPLOAD_BRONZE_DAG.py
[2026-06-13T02:43:32.633+0000] {logging_mixin.py:154} INFO - [2026-06-13T02:43:32.633+0000] {dag.py:2941} INFO - Sync 1 DAGs
[2026-06-13T02:43:32.650+0000] {logging_mixin.py:154} INFO - [2026-06-13T02:43:32.650+0000] {dag.py:3722} INFO - Setting next_dagrun for daily_vulnerability_ingestion to 2026-06-12T14:52:05.384041+00:00, run_after=2026-06-13T14:52:05.384041+00:00
[2026-06-13T02:43:32.662+0000] {processor.py:179} INFO - Processing /opt/airflow/dags/S3_UPLOAD_BRONZE_DAG.py took 0.070 seconds
