[2026-06-04T02:39:34.451+0000] {processor.py:157} INFO - Started process (PID=150) to work on /opt/airflow/dags/S3_UPLOAD_DAG.py
[2026-06-04T02:39:34.452+0000] {processor.py:829} INFO - Processing file /opt/airflow/dags/S3_UPLOAD_DAG.py for tasks to queue
[2026-06-04T02:39:34.453+0000] {logging_mixin.py:154} INFO - [2026-06-04T02:39:34.452+0000] {dagbag.py:536} INFO - Filling up the DagBag from /opt/airflow/dags/S3_UPLOAD_DAG.py
[2026-06-04T02:39:34.465+0000] {processor.py:839} INFO - DAG(s) dict_keys(['daily_vulnerability_ingestion']) retrieved from /opt/airflow/dags/S3_UPLOAD_DAG.py
[2026-06-04T02:39:34.490+0000] {logging_mixin.py:154} INFO - [2026-06-04T02:39:34.490+0000] {dag.py:2941} INFO - Sync 1 DAGs
[2026-06-04T02:39:34.518+0000] {logging_mixin.py:154} INFO - [2026-06-04T02:39:34.517+0000] {dag.py:3722} INFO - Setting next_dagrun for daily_vulnerability_ingestion to 2026-06-03T14:52:05.384041+00:00, run_after=2026-06-04T14:52:05.384041+00:00
[2026-06-04T02:39:34.536+0000] {processor.py:179} INFO - Processing /opt/airflow/dags/S3_UPLOAD_DAG.py took 0.087 seconds
[2026-06-04T02:40:04.649+0000] {processor.py:157} INFO - Started process (PID=155) to work on /opt/airflow/dags/S3_UPLOAD_DAG.py
[2026-06-04T02:40:04.651+0000] {processor.py:829} INFO - Processing file /opt/airflow/dags/S3_UPLOAD_DAG.py for tasks to queue
[2026-06-04T02:40:04.653+0000] {logging_mixin.py:154} INFO - [2026-06-04T02:40:04.652+0000] {dagbag.py:536} INFO - Filling up the DagBag from /opt/airflow/dags/S3_UPLOAD_DAG.py
[2026-06-04T02:40:04.674+0000] {processor.py:839} INFO - DAG(s) dict_keys(['daily_vulnerability_ingestion']) retrieved from /opt/airflow/dags/S3_UPLOAD_DAG.py
[2026-06-04T02:40:04.694+0000] {logging_mixin.py:154} INFO - [2026-06-04T02:40:04.693+0000] {dag.py:2941} INFO - Sync 1 DAGs
[2026-06-04T02:40:04.709+0000] {logging_mixin.py:154} INFO - [2026-06-04T02:40:04.709+0000] {dag.py:3722} INFO - Setting next_dagrun for daily_vulnerability_ingestion to 2026-06-03T14:52:05.384041+00:00, run_after=2026-06-04T14:52:05.384041+00:00
[2026-06-04T02:40:04.721+0000] {processor.py:179} INFO - Processing /opt/airflow/dags/S3_UPLOAD_DAG.py took 0.082 seconds
[2026-06-04T02:40:34.906+0000] {processor.py:157} INFO - Started process (PID=160) to work on /opt/airflow/dags/S3_UPLOAD_DAG.py
[2026-06-04T02:40:34.907+0000] {processor.py:829} INFO - Processing file /opt/airflow/dags/S3_UPLOAD_DAG.py for tasks to queue
[2026-06-04T02:40:34.908+0000] {logging_mixin.py:154} INFO - [2026-06-04T02:40:34.908+0000] {dagbag.py:536} INFO - Filling up the DagBag from /opt/airflow/dags/S3_UPLOAD_DAG.py
[2026-06-04T02:40:34.925+0000] {processor.py:839} INFO - DAG(s) dict_keys(['daily_vulnerability_ingestion']) retrieved from /opt/airflow/dags/S3_UPLOAD_DAG.py
[2026-06-04T02:40:34.946+0000] {logging_mixin.py:154} INFO - [2026-06-04T02:40:34.946+0000] {dag.py:2941} INFO - Sync 1 DAGs
[2026-06-04T02:40:34.964+0000] {logging_mixin.py:154} INFO - [2026-06-04T02:40:34.964+0000] {dag.py:3722} INFO - Setting next_dagrun for daily_vulnerability_ingestion to 2026-06-03T14:52:05.384041+00:00, run_after=2026-06-04T14:52:05.384041+00:00
[2026-06-04T02:40:34.977+0000] {processor.py:179} INFO - Processing /opt/airflow/dags/S3_UPLOAD_DAG.py took 0.075 seconds
[2026-06-04T02:41:05.108+0000] {processor.py:157} INFO - Started process (PID=165) to work on /opt/airflow/dags/S3_UPLOAD_DAG.py
[2026-06-04T02:41:05.117+0000] {processor.py:829} INFO - Processing file /opt/airflow/dags/S3_UPLOAD_DAG.py for tasks to queue
[2026-06-04T02:41:05.118+0000] {logging_mixin.py:154} INFO - [2026-06-04T02:41:05.118+0000] {dagbag.py:536} INFO - Filling up the DagBag from /opt/airflow/dags/S3_UPLOAD_DAG.py
[2026-06-04T02:41:05.130+0000] {processor.py:839} INFO - DAG(s) dict_keys(['daily_vulnerability_ingestion']) retrieved from /opt/airflow/dags/S3_UPLOAD_DAG.py
[2026-06-04T02:41:05.147+0000] {logging_mixin.py:154} INFO - [2026-06-04T02:41:05.147+0000] {dag.py:2941} INFO - Sync 1 DAGs
[2026-06-04T02:41:05.162+0000] {logging_mixin.py:154} INFO - [2026-06-04T02:41:05.162+0000] {dag.py:3722} INFO - Setting next_dagrun for daily_vulnerability_ingestion to 2026-06-03T14:52:05.384041+00:00, run_after=2026-06-04T14:52:05.384041+00:00
[2026-06-04T02:41:05.173+0000] {processor.py:179} INFO - Processing /opt/airflow/dags/S3_UPLOAD_DAG.py took 0.068 seconds
[2026-06-04T02:41:35.339+0000] {processor.py:157} INFO - Started process (PID=170) to work on /opt/airflow/dags/S3_UPLOAD_DAG.py
[2026-06-04T02:41:35.339+0000] {processor.py:829} INFO - Processing file /opt/airflow/dags/S3_UPLOAD_DAG.py for tasks to queue
[2026-06-04T02:41:35.340+0000] {logging_mixin.py:154} INFO - [2026-06-04T02:41:35.340+0000] {dagbag.py:536} INFO - Filling up the DagBag from /opt/airflow/dags/S3_UPLOAD_DAG.py
[2026-06-04T02:41:35.351+0000] {processor.py:839} INFO - DAG(s) dict_keys(['daily_vulnerability_ingestion']) retrieved from /opt/airflow/dags/S3_UPLOAD_DAG.py
[2026-06-04T02:41:35.371+0000] {logging_mixin.py:154} INFO - [2026-06-04T02:41:35.371+0000] {dag.py:2941} INFO - Sync 1 DAGs
[2026-06-04T02:41:35.388+0000] {logging_mixin.py:154} INFO - [2026-06-04T02:41:35.388+0000] {dag.py:3722} INFO - Setting next_dagrun for daily_vulnerability_ingestion to 2026-06-03T14:52:05.384041+00:00, run_after=2026-06-04T14:52:05.384041+00:00
[2026-06-04T02:41:35.401+0000] {processor.py:179} INFO - Processing /opt/airflow/dags/S3_UPLOAD_DAG.py took 0.065 seconds
[2026-06-04T02:42:05.558+0000] {processor.py:157} INFO - Started process (PID=175) to work on /opt/airflow/dags/S3_UPLOAD_DAG.py
[2026-06-04T02:42:05.560+0000] {processor.py:829} INFO - Processing file /opt/airflow/dags/S3_UPLOAD_DAG.py for tasks to queue
[2026-06-04T02:42:05.561+0000] {logging_mixin.py:154} INFO - [2026-06-04T02:42:05.560+0000] {dagbag.py:536} INFO - Filling up the DagBag from /opt/airflow/dags/S3_UPLOAD_DAG.py
[2026-06-04T02:42:05.576+0000] {processor.py:839} INFO - DAG(s) dict_keys(['daily_vulnerability_ingestion']) retrieved from /opt/airflow/dags/S3_UPLOAD_DAG.py
[2026-06-04T02:42:05.595+0000] {logging_mixin.py:154} INFO - [2026-06-04T02:42:05.594+0000] {dag.py:2941} INFO - Sync 1 DAGs
[2026-06-04T02:42:05.609+0000] {logging_mixin.py:154} INFO - [2026-06-04T02:42:05.609+0000] {dag.py:3722} INFO - Setting next_dagrun for daily_vulnerability_ingestion to 2026-06-03T14:52:05.384041+00:00, run_after=2026-06-04T14:52:05.384041+00:00
[2026-06-04T02:42:05.620+0000] {processor.py:179} INFO - Processing /opt/airflow/dags/S3_UPLOAD_DAG.py took 0.069 seconds
[2026-06-04T02:42:35.777+0000] {processor.py:157} INFO - Started process (PID=180) to work on /opt/airflow/dags/S3_UPLOAD_DAG.py
[2026-06-04T02:42:35.787+0000] {processor.py:829} INFO - Processing file /opt/airflow/dags/S3_UPLOAD_DAG.py for tasks to queue
[2026-06-04T02:42:35.789+0000] {logging_mixin.py:154} INFO - [2026-06-04T02:42:35.788+0000] {dagbag.py:536} INFO - Filling up the DagBag from /opt/airflow/dags/S3_UPLOAD_DAG.py
[2026-06-04T02:42:35.814+0000] {processor.py:839} INFO - DAG(s) dict_keys(['daily_vulnerability_ingestion']) retrieved from /opt/airflow/dags/S3_UPLOAD_DAG.py
[2026-06-04T02:42:35.839+0000] {logging_mixin.py:154} INFO - [2026-06-04T02:42:35.839+0000] {dag.py:2941} INFO - Sync 1 DAGs
[2026-06-04T02:42:35.856+0000] {logging_mixin.py:154} INFO - [2026-06-04T02:42:35.856+0000] {dag.py:3722} INFO - Setting next_dagrun for daily_vulnerability_ingestion to 2026-06-03T14:52:05.384041+00:00, run_after=2026-06-04T14:52:05.384041+00:00
[2026-06-04T02:42:35.868+0000] {processor.py:179} INFO - Processing /opt/airflow/dags/S3_UPLOAD_DAG.py took 0.097 seconds
[2026-06-04T02:43:06.021+0000] {processor.py:157} INFO - Started process (PID=185) to work on /opt/airflow/dags/S3_UPLOAD_DAG.py
[2026-06-04T02:43:06.023+0000] {processor.py:829} INFO - Processing file /opt/airflow/dags/S3_UPLOAD_DAG.py for tasks to queue
[2026-06-04T02:43:06.025+0000] {logging_mixin.py:154} INFO - [2026-06-04T02:43:06.024+0000] {dagbag.py:536} INFO - Filling up the DagBag from /opt/airflow/dags/S3_UPLOAD_DAG.py
[2026-06-04T02:43:06.047+0000] {processor.py:839} INFO - DAG(s) dict_keys(['daily_vulnerability_ingestion']) retrieved from /opt/airflow/dags/S3_UPLOAD_DAG.py
[2026-06-04T02:43:06.066+0000] {logging_mixin.py:154} INFO - [2026-06-04T02:43:06.066+0000] {dag.py:2941} INFO - Sync 1 DAGs
[2026-06-04T02:43:06.081+0000] {logging_mixin.py:154} INFO - [2026-06-04T02:43:06.081+0000] {dag.py:3722} INFO - Setting next_dagrun for daily_vulnerability_ingestion to 2026-06-03T14:52:05.384041+00:00, run_after=2026-06-04T14:52:05.384041+00:00
[2026-06-04T02:43:06.091+0000] {processor.py:179} INFO - Processing /opt/airflow/dags/S3_UPLOAD_DAG.py took 0.080 seconds
[2026-06-04T02:43:36.255+0000] {processor.py:157} INFO - Started process (PID=190) to work on /opt/airflow/dags/S3_UPLOAD_DAG.py
[2026-06-04T02:43:36.256+0000] {processor.py:829} INFO - Processing file /opt/airflow/dags/S3_UPLOAD_DAG.py for tasks to queue
[2026-06-04T02:43:36.257+0000] {logging_mixin.py:154} INFO - [2026-06-04T02:43:36.256+0000] {dagbag.py:536} INFO - Filling up the DagBag from /opt/airflow/dags/S3_UPLOAD_DAG.py
[2026-06-04T02:43:36.271+0000] {processor.py:839} INFO - DAG(s) dict_keys(['daily_vulnerability_ingestion']) retrieved from /opt/airflow/dags/S3_UPLOAD_DAG.py
[2026-06-04T02:43:36.288+0000] {logging_mixin.py:154} INFO - [2026-06-04T02:43:36.288+0000] {dag.py:2941} INFO - Sync 1 DAGs
[2026-06-04T02:43:36.304+0000] {logging_mixin.py:154} INFO - [2026-06-04T02:43:36.304+0000] {dag.py:3722} INFO - Setting next_dagrun for daily_vulnerability_ingestion to 2026-06-03T14:52:05.384041+00:00, run_after=2026-06-04T14:52:05.384041+00:00
[2026-06-04T02:43:36.316+0000] {processor.py:179} INFO - Processing /opt/airflow/dags/S3_UPLOAD_DAG.py took 0.066 seconds
[2026-06-04T02:44:06.483+0000] {processor.py:157} INFO - Started process (PID=195) to work on /opt/airflow/dags/S3_UPLOAD_DAG.py
[2026-06-04T02:44:06.484+0000] {processor.py:829} INFO - Processing file /opt/airflow/dags/S3_UPLOAD_DAG.py for tasks to queue
[2026-06-04T02:44:06.486+0000] {logging_mixin.py:154} INFO - [2026-06-04T02:44:06.486+0000] {dagbag.py:536} INFO - Filling up the DagBag from /opt/airflow/dags/S3_UPLOAD_DAG.py
[2026-06-04T02:44:06.510+0000] {processor.py:839} INFO - DAG(s) dict_keys(['daily_vulnerability_ingestion']) retrieved from /opt/airflow/dags/S3_UPLOAD_DAG.py
[2026-06-04T02:44:06.531+0000] {logging_mixin.py:154} INFO - [2026-06-04T02:44:06.531+0000] {dag.py:2941} INFO - Sync 1 DAGs
[2026-06-04T02:44:06.548+0000] {logging_mixin.py:154} INFO - [2026-06-04T02:44:06.548+0000] {dag.py:3722} INFO - Setting next_dagrun for daily_vulnerability_ingestion to 2026-06-03T14:52:05.384041+00:00, run_after=2026-06-04T14:52:05.384041+00:00
[2026-06-04T02:44:06.560+0000] {processor.py:179} INFO - Processing /opt/airflow/dags/S3_UPLOAD_DAG.py took 0.087 seconds
[2026-06-04T02:44:36.727+0000] {processor.py:157} INFO - Started process (PID=200) to work on /opt/airflow/dags/S3_UPLOAD_DAG.py
[2026-06-04T02:44:36.737+0000] {processor.py:829} INFO - Processing file /opt/airflow/dags/S3_UPLOAD_DAG.py for tasks to queue
[2026-06-04T02:44:36.739+0000] {logging_mixin.py:154} INFO - [2026-06-04T02:44:36.738+0000] {dagbag.py:536} INFO - Filling up the DagBag from /opt/airflow/dags/S3_UPLOAD_DAG.py
[2026-06-04T02:44:36.765+0000] {processor.py:839} INFO - DAG(s) dict_keys(['daily_vulnerability_ingestion']) retrieved from /opt/airflow/dags/S3_UPLOAD_DAG.py
[2026-06-04T02:44:36.785+0000] {logging_mixin.py:154} INFO - [2026-06-04T02:44:36.785+0000] {dag.py:2941} INFO - Sync 1 DAGs
[2026-06-04T02:44:36.800+0000] {logging_mixin.py:154} INFO - [2026-06-04T02:44:36.800+0000] {dag.py:3722} INFO - Setting next_dagrun for daily_vulnerability_ingestion to 2026-06-03T14:52:05.384041+00:00, run_after=2026-06-04T14:52:05.384041+00:00
[2026-06-04T02:44:36.812+0000] {processor.py:179} INFO - Processing /opt/airflow/dags/S3_UPLOAD_DAG.py took 0.095 seconds
[2026-06-04T02:45:06.957+0000] {processor.py:157} INFO - Started process (PID=205) to work on /opt/airflow/dags/S3_UPLOAD_DAG.py
[2026-06-04T02:45:06.958+0000] {processor.py:829} INFO - Processing file /opt/airflow/dags/S3_UPLOAD_DAG.py for tasks to queue
[2026-06-04T02:45:06.960+0000] {logging_mixin.py:154} INFO - [2026-06-04T02:45:06.959+0000] {dagbag.py:536} INFO - Filling up the DagBag from /opt/airflow/dags/S3_UPLOAD_DAG.py
[2026-06-04T02:45:06.981+0000] {processor.py:839} INFO - DAG(s) dict_keys(['daily_vulnerability_ingestion']) retrieved from /opt/airflow/dags/S3_UPLOAD_DAG.py
[2026-06-04T02:45:07.001+0000] {logging_mixin.py:154} INFO - [2026-06-04T02:45:07.001+0000] {dag.py:2941} INFO - Sync 1 DAGs
[2026-06-04T02:45:07.017+0000] {logging_mixin.py:154} INFO - [2026-06-04T02:45:07.017+0000] {dag.py:3722} INFO - Setting next_dagrun for daily_vulnerability_ingestion to 2026-06-03T14:52:05.384041+00:00, run_after=2026-06-04T14:52:05.384041+00:00
[2026-06-04T02:45:07.029+0000] {processor.py:179} INFO - Processing /opt/airflow/dags/S3_UPLOAD_DAG.py took 0.079 seconds
[2026-06-04T02:45:37.193+0000] {processor.py:157} INFO - Started process (PID=210) to work on /opt/airflow/dags/S3_UPLOAD_DAG.py
[2026-06-04T02:45:37.201+0000] {processor.py:829} INFO - Processing file /opt/airflow/dags/S3_UPLOAD_DAG.py for tasks to queue
[2026-06-04T02:45:37.202+0000] {logging_mixin.py:154} INFO - [2026-06-04T02:45:37.202+0000] {dagbag.py:536} INFO - Filling up the DagBag from /opt/airflow/dags/S3_UPLOAD_DAG.py
[2026-06-04T02:45:37.212+0000] {processor.py:839} INFO - DAG(s) dict_keys(['daily_vulnerability_ingestion']) retrieved from /opt/airflow/dags/S3_UPLOAD_DAG.py
[2026-06-04T02:45:37.229+0000] {logging_mixin.py:154} INFO - [2026-06-04T02:45:37.229+0000] {dag.py:2941} INFO - Sync 1 DAGs
[2026-06-04T02:45:37.245+0000] {logging_mixin.py:154} INFO - [2026-06-04T02:45:37.245+0000] {dag.py:3722} INFO - Setting next_dagrun for daily_vulnerability_ingestion to 2026-06-03T14:52:05.384041+00:00, run_after=2026-06-04T14:52:05.384041+00:00
[2026-06-04T02:45:37.256+0000] {processor.py:179} INFO - Processing /opt/airflow/dags/S3_UPLOAD_DAG.py took 0.066 seconds
[2026-06-04T02:46:07.415+0000] {processor.py:157} INFO - Started process (PID=215) to work on /opt/airflow/dags/S3_UPLOAD_DAG.py
[2026-06-04T02:46:07.417+0000] {processor.py:829} INFO - Processing file /opt/airflow/dags/S3_UPLOAD_DAG.py for tasks to queue
[2026-06-04T02:46:07.419+0000] {logging_mixin.py:154} INFO - [2026-06-04T02:46:07.418+0000] {dagbag.py:536} INFO - Filling up the DagBag from /opt/airflow/dags/S3_UPLOAD_DAG.py
[2026-06-04T02:46:07.442+0000] {processor.py:839} INFO - DAG(s) dict_keys(['daily_vulnerability_ingestion']) retrieved from /opt/airflow/dags/S3_UPLOAD_DAG.py
[2026-06-04T02:46:07.462+0000] {logging_mixin.py:154} INFO - [2026-06-04T02:46:07.462+0000] {dag.py:2941} INFO - Sync 1 DAGs
[2026-06-04T02:46:07.477+0000] {logging_mixin.py:154} INFO - [2026-06-04T02:46:07.477+0000] {dag.py:3722} INFO - Setting next_dagrun for daily_vulnerability_ingestion to 2026-06-03T14:52:05.384041+00:00, run_after=2026-06-04T14:52:05.384041+00:00
[2026-06-04T02:46:07.488+0000] {processor.py:179} INFO - Processing /opt/airflow/dags/S3_UPLOAD_DAG.py took 0.083 seconds
[2026-06-04T02:46:37.650+0000] {processor.py:157} INFO - Started process (PID=220) to work on /opt/airflow/dags/S3_UPLOAD_DAG.py
[2026-06-04T02:46:37.661+0000] {processor.py:829} INFO - Processing file /opt/airflow/dags/S3_UPLOAD_DAG.py for tasks to queue
[2026-06-04T02:46:37.663+0000] {logging_mixin.py:154} INFO - [2026-06-04T02:46:37.662+0000] {dagbag.py:536} INFO - Filling up the DagBag from /opt/airflow/dags/S3_UPLOAD_DAG.py
[2026-06-04T02:46:37.690+0000] {processor.py:839} INFO - DAG(s) dict_keys(['daily_vulnerability_ingestion']) retrieved from /opt/airflow/dags/S3_UPLOAD_DAG.py
[2026-06-04T02:46:37.711+0000] {logging_mixin.py:154} INFO - [2026-06-04T02:46:37.711+0000] {dag.py:2941} INFO - Sync 1 DAGs
[2026-06-04T02:46:37.726+0000] {logging_mixin.py:154} INFO - [2026-06-04T02:46:37.726+0000] {dag.py:3722} INFO - Setting next_dagrun for daily_vulnerability_ingestion to 2026-06-03T14:52:05.384041+00:00, run_after=2026-06-04T14:52:05.384041+00:00
[2026-06-04T02:46:37.738+0000] {processor.py:179} INFO - Processing /opt/airflow/dags/S3_UPLOAD_DAG.py took 0.096 seconds
[2026-06-04T02:47:07.893+0000] {processor.py:157} INFO - Started process (PID=225) to work on /opt/airflow/dags/S3_UPLOAD_DAG.py
[2026-06-04T02:47:07.895+0000] {processor.py:829} INFO - Processing file /opt/airflow/dags/S3_UPLOAD_DAG.py for tasks to queue
[2026-06-04T02:47:07.897+0000] {logging_mixin.py:154} INFO - [2026-06-04T02:47:07.896+0000] {dagbag.py:536} INFO - Filling up the DagBag from /opt/airflow/dags/S3_UPLOAD_DAG.py
[2026-06-04T02:47:07.921+0000] {processor.py:839} INFO - DAG(s) dict_keys(['daily_vulnerability_ingestion']) retrieved from /opt/airflow/dags/S3_UPLOAD_DAG.py
[2026-06-04T02:47:07.940+0000] {logging_mixin.py:154} INFO - [2026-06-04T02:47:07.940+0000] {dag.py:2941} INFO - Sync 1 DAGs
[2026-06-04T02:47:07.956+0000] {logging_mixin.py:154} INFO - [2026-06-04T02:47:07.956+0000] {dag.py:3722} INFO - Setting next_dagrun for daily_vulnerability_ingestion to 2026-06-03T14:52:05.384041+00:00, run_after=2026-06-04T14:52:05.384041+00:00
[2026-06-04T02:47:07.968+0000] {processor.py:179} INFO - Processing /opt/airflow/dags/S3_UPLOAD_DAG.py took 0.085 seconds
[2026-06-04T02:47:38.124+0000] {processor.py:157} INFO - Started process (PID=230) to work on /opt/airflow/dags/S3_UPLOAD_DAG.py
[2026-06-04T02:47:38.126+0000] {processor.py:829} INFO - Processing file /opt/airflow/dags/S3_UPLOAD_DAG.py for tasks to queue
[2026-06-04T02:47:38.128+0000] {logging_mixin.py:154} INFO - [2026-06-04T02:47:38.127+0000] {dagbag.py:536} INFO - Filling up the DagBag from /opt/airflow/dags/S3_UPLOAD_DAG.py
[2026-06-04T02:47:38.151+0000] {processor.py:839} INFO - DAG(s) dict_keys(['daily_vulnerability_ingestion']) retrieved from /opt/airflow/dags/S3_UPLOAD_DAG.py
[2026-06-04T02:47:38.171+0000] {logging_mixin.py:154} INFO - [2026-06-04T02:47:38.171+0000] {dag.py:2941} INFO - Sync 1 DAGs
[2026-06-04T02:47:38.186+0000] {logging_mixin.py:154} INFO - [2026-06-04T02:47:38.186+0000] {dag.py:3722} INFO - Setting next_dagrun for daily_vulnerability_ingestion to 2026-06-03T14:52:05.384041+00:00, run_after=2026-06-04T14:52:05.384041+00:00
[2026-06-04T02:47:38.198+0000] {processor.py:179} INFO - Processing /opt/airflow/dags/S3_UPLOAD_DAG.py took 0.084 seconds
[2026-06-04T02:48:08.362+0000] {processor.py:157} INFO - Started process (PID=235) to work on /opt/airflow/dags/S3_UPLOAD_DAG.py
[2026-06-04T02:48:08.372+0000] {processor.py:829} INFO - Processing file /opt/airflow/dags/S3_UPLOAD_DAG.py for tasks to queue
[2026-06-04T02:48:08.374+0000] {logging_mixin.py:154} INFO - [2026-06-04T02:48:08.373+0000] {dagbag.py:536} INFO - Filling up the DagBag from /opt/airflow/dags/S3_UPLOAD_DAG.py
[2026-06-04T02:48:08.391+0000] {processor.py:839} INFO - DAG(s) dict_keys(['daily_vulnerability_ingestion']) retrieved from /opt/airflow/dags/S3_UPLOAD_DAG.py
[2026-06-04T02:48:08.411+0000] {logging_mixin.py:154} INFO - [2026-06-04T02:48:08.411+0000] {dag.py:2941} INFO - Sync 1 DAGs
[2026-06-04T02:48:08.426+0000] {logging_mixin.py:154} INFO - [2026-06-04T02:48:08.426+0000] {dag.py:3722} INFO - Setting next_dagrun for daily_vulnerability_ingestion to 2026-06-03T14:52:05.384041+00:00, run_after=2026-06-04T14:52:05.384041+00:00
[2026-06-04T02:48:08.439+0000] {processor.py:179} INFO - Processing /opt/airflow/dags/S3_UPLOAD_DAG.py took 0.087 seconds
[2026-06-04T02:48:38.610+0000] {processor.py:157} INFO - Started process (PID=240) to work on /opt/airflow/dags/S3_UPLOAD_DAG.py
[2026-06-04T02:48:38.612+0000] {processor.py:829} INFO - Processing file /opt/airflow/dags/S3_UPLOAD_DAG.py for tasks to queue
[2026-06-04T02:48:38.614+0000] {logging_mixin.py:154} INFO - [2026-06-04T02:48:38.613+0000] {dagbag.py:536} INFO - Filling up the DagBag from /opt/airflow/dags/S3_UPLOAD_DAG.py
[2026-06-04T02:48:38.637+0000] {processor.py:839} INFO - DAG(s) dict_keys(['daily_vulnerability_ingestion']) retrieved from /opt/airflow/dags/S3_UPLOAD_DAG.py
[2026-06-04T02:48:38.657+0000] {logging_mixin.py:154} INFO - [2026-06-04T02:48:38.657+0000] {dag.py:2941} INFO - Sync 1 DAGs
[2026-06-04T02:48:38.672+0000] {logging_mixin.py:154} INFO - [2026-06-04T02:48:38.672+0000] {dag.py:3722} INFO - Setting next_dagrun for daily_vulnerability_ingestion to 2026-06-03T14:52:05.384041+00:00, run_after=2026-06-04T14:52:05.384041+00:00
[2026-06-04T02:48:38.683+0000] {processor.py:179} INFO - Processing /opt/airflow/dags/S3_UPLOAD_DAG.py took 0.083 seconds
[2026-06-04T02:49:08.836+0000] {processor.py:157} INFO - Started process (PID=245) to work on /opt/airflow/dags/S3_UPLOAD_DAG.py
[2026-06-04T02:49:08.846+0000] {processor.py:829} INFO - Processing file /opt/airflow/dags/S3_UPLOAD_DAG.py for tasks to queue
[2026-06-04T02:49:08.848+0000] {logging_mixin.py:154} INFO - [2026-06-04T02:49:08.848+0000] {dagbag.py:536} INFO - Filling up the DagBag from /opt/airflow/dags/S3_UPLOAD_DAG.py
[2026-06-04T02:49:08.881+0000] {processor.py:839} INFO - DAG(s) dict_keys(['daily_vulnerability_ingestion']) retrieved from /opt/airflow/dags/S3_UPLOAD_DAG.py
[2026-06-04T02:49:08.904+0000] {logging_mixin.py:154} INFO - [2026-06-04T02:49:08.904+0000] {dag.py:2941} INFO - Sync 1 DAGs
[2026-06-04T02:49:08.923+0000] {logging_mixin.py:154} INFO - [2026-06-04T02:49:08.923+0000] {dag.py:3722} INFO - Setting next_dagrun for daily_vulnerability_ingestion to 2026-06-03T14:52:05.384041+00:00, run_after=2026-06-04T14:52:05.384041+00:00
[2026-06-04T02:49:08.936+0000] {processor.py:179} INFO - Processing /opt/airflow/dags/S3_UPLOAD_DAG.py took 0.109 seconds
[2026-06-04T02:49:39.095+0000] {processor.py:157} INFO - Started process (PID=250) to work on /opt/airflow/dags/S3_UPLOAD_DAG.py
[2026-06-04T02:49:39.097+0000] {processor.py:829} INFO - Processing file /opt/airflow/dags/S3_UPLOAD_DAG.py for tasks to queue
[2026-06-04T02:49:39.099+0000] {logging_mixin.py:154} INFO - [2026-06-04T02:49:39.098+0000] {dagbag.py:536} INFO - Filling up the DagBag from /opt/airflow/dags/S3_UPLOAD_DAG.py
[2026-06-04T02:49:39.122+0000] {processor.py:839} INFO - DAG(s) dict_keys(['daily_vulnerability_ingestion']) retrieved from /opt/airflow/dags/S3_UPLOAD_DAG.py
[2026-06-04T02:49:39.142+0000] {logging_mixin.py:154} INFO - [2026-06-04T02:49:39.142+0000] {dag.py:2941} INFO - Sync 1 DAGs
[2026-06-04T02:49:39.158+0000] {logging_mixin.py:154} INFO - [2026-06-04T02:49:39.158+0000] {dag.py:3722} INFO - Setting next_dagrun for daily_vulnerability_ingestion to 2026-06-03T14:52:05.384041+00:00, run_after=2026-06-04T14:52:05.384041+00:00
[2026-06-04T02:49:39.169+0000] {processor.py:179} INFO - Processing /opt/airflow/dags/S3_UPLOAD_DAG.py took 0.083 seconds
[2026-06-04T02:50:09.319+0000] {processor.py:157} INFO - Started process (PID=255) to work on /opt/airflow/dags/S3_UPLOAD_DAG.py
[2026-06-04T02:50:09.329+0000] {processor.py:829} INFO - Processing file /opt/airflow/dags/S3_UPLOAD_DAG.py for tasks to queue
[2026-06-04T02:50:09.331+0000] {logging_mixin.py:154} INFO - [2026-06-04T02:50:09.330+0000] {dagbag.py:536} INFO - Filling up the DagBag from /opt/airflow/dags/S3_UPLOAD_DAG.py
[2026-06-04T02:50:09.358+0000] {processor.py:839} INFO - DAG(s) dict_keys(['daily_vulnerability_ingestion']) retrieved from /opt/airflow/dags/S3_UPLOAD_DAG.py
[2026-06-04T02:50:09.377+0000] {logging_mixin.py:154} INFO - [2026-06-04T02:50:09.377+0000] {dag.py:2941} INFO - Sync 1 DAGs
[2026-06-04T02:50:09.393+0000] {logging_mixin.py:154} INFO - [2026-06-04T02:50:09.393+0000] {dag.py:3722} INFO - Setting next_dagrun for daily_vulnerability_ingestion to 2026-06-03T14:52:05.384041+00:00, run_after=2026-06-04T14:52:05.384041+00:00
[2026-06-04T02:50:09.405+0000] {processor.py:179} INFO - Processing /opt/airflow/dags/S3_UPLOAD_DAG.py took 0.096 seconds
[2026-06-04T02:50:39.535+0000] {processor.py:157} INFO - Started process (PID=260) to work on /opt/airflow/dags/S3_UPLOAD_DAG.py
[2026-06-04T02:50:39.536+0000] {processor.py:829} INFO - Processing file /opt/airflow/dags/S3_UPLOAD_DAG.py for tasks to queue
[2026-06-04T02:50:39.538+0000] {logging_mixin.py:154} INFO - [2026-06-04T02:50:39.537+0000] {dagbag.py:536} INFO - Filling up the DagBag from /opt/airflow/dags/S3_UPLOAD_DAG.py
[2026-06-04T02:50:39.553+0000] {processor.py:839} INFO - DAG(s) dict_keys(['daily_vulnerability_ingestion']) retrieved from /opt/airflow/dags/S3_UPLOAD_DAG.py
[2026-06-04T02:50:39.571+0000] {logging_mixin.py:154} INFO - [2026-06-04T02:50:39.571+0000] {dag.py:2941} INFO - Sync 1 DAGs
[2026-06-04T02:50:39.585+0000] {logging_mixin.py:154} INFO - [2026-06-04T02:50:39.585+0000] {dag.py:3722} INFO - Setting next_dagrun for daily_vulnerability_ingestion to 2026-06-03T14:52:05.384041+00:00, run_after=2026-06-04T14:52:05.384041+00:00
[2026-06-04T02:50:39.596+0000] {processor.py:179} INFO - Processing /opt/airflow/dags/S3_UPLOAD_DAG.py took 0.066 seconds
[2026-06-04T02:51:09.780+0000] {processor.py:157} INFO - Started process (PID=265) to work on /opt/airflow/dags/S3_UPLOAD_DAG.py
[2026-06-04T02:51:09.789+0000] {processor.py:829} INFO - Processing file /opt/airflow/dags/S3_UPLOAD_DAG.py for tasks to queue
[2026-06-04T02:51:09.790+0000] {logging_mixin.py:154} INFO - [2026-06-04T02:51:09.790+0000] {dagbag.py:536} INFO - Filling up the DagBag from /opt/airflow/dags/S3_UPLOAD_DAG.py
[2026-06-04T02:51:09.811+0000] {processor.py:839} INFO - DAG(s) dict_keys(['daily_vulnerability_ingestion']) retrieved from /opt/airflow/dags/S3_UPLOAD_DAG.py
[2026-06-04T02:51:09.834+0000] {logging_mixin.py:154} INFO - [2026-06-04T02:51:09.834+0000] {dag.py:2941} INFO - Sync 1 DAGs
[2026-06-04T02:51:09.853+0000] {logging_mixin.py:154} INFO - [2026-06-04T02:51:09.852+0000] {dag.py:3722} INFO - Setting next_dagrun for daily_vulnerability_ingestion to 2026-06-03T14:52:05.384041+00:00, run_after=2026-06-04T14:52:05.384041+00:00
[2026-06-04T02:51:09.864+0000] {processor.py:179} INFO - Processing /opt/airflow/dags/S3_UPLOAD_DAG.py took 0.090 seconds
[2026-06-04T02:51:39.999+0000] {processor.py:157} INFO - Started process (PID=270) to work on /opt/airflow/dags/S3_UPLOAD_DAG.py
[2026-06-04T02:51:40.000+0000] {processor.py:829} INFO - Processing file /opt/airflow/dags/S3_UPLOAD_DAG.py for tasks to queue
[2026-06-04T02:51:40.001+0000] {logging_mixin.py:154} INFO - [2026-06-04T02:51:40.001+0000] {dagbag.py:536} INFO - Filling up the DagBag from /opt/airflow/dags/S3_UPLOAD_DAG.py
[2026-06-04T02:51:40.022+0000] {processor.py:839} INFO - DAG(s) dict_keys(['daily_vulnerability_ingestion']) retrieved from /opt/airflow/dags/S3_UPLOAD_DAG.py
[2026-06-04T02:51:40.040+0000] {logging_mixin.py:154} INFO - [2026-06-04T02:51:40.040+0000] {dag.py:2941} INFO - Sync 1 DAGs
[2026-06-04T02:51:40.054+0000] {logging_mixin.py:154} INFO - [2026-06-04T02:51:40.054+0000] {dag.py:3722} INFO - Setting next_dagrun for daily_vulnerability_ingestion to 2026-06-03T14:52:05.384041+00:00, run_after=2026-06-04T14:52:05.384041+00:00
[2026-06-04T02:51:40.065+0000] {processor.py:179} INFO - Processing /opt/airflow/dags/S3_UPLOAD_DAG.py took 0.073 seconds
[2026-06-04T02:52:10.206+0000] {processor.py:157} INFO - Started process (PID=275) to work on /opt/airflow/dags/S3_UPLOAD_DAG.py
[2026-06-04T02:52:10.215+0000] {processor.py:829} INFO - Processing file /opt/airflow/dags/S3_UPLOAD_DAG.py for tasks to queue
[2026-06-04T02:52:10.216+0000] {logging_mixin.py:154} INFO - [2026-06-04T02:52:10.215+0000] {dagbag.py:536} INFO - Filling up the DagBag from /opt/airflow/dags/S3_UPLOAD_DAG.py
[2026-06-04T02:52:10.226+0000] {processor.py:839} INFO - DAG(s) dict_keys(['daily_vulnerability_ingestion']) retrieved from /opt/airflow/dags/S3_UPLOAD_DAG.py
[2026-06-04T02:52:10.244+0000] {logging_mixin.py:154} INFO - [2026-06-04T02:52:10.244+0000] {dag.py:2941} INFO - Sync 1 DAGs
[2026-06-04T02:52:10.259+0000] {logging_mixin.py:154} INFO - [2026-06-04T02:52:10.258+0000] {dag.py:3722} INFO - Setting next_dagrun for daily_vulnerability_ingestion to 2026-06-03T14:52:05.384041+00:00, run_after=2026-06-04T14:52:05.384041+00:00
[2026-06-04T02:52:10.270+0000] {processor.py:179} INFO - Processing /opt/airflow/dags/S3_UPLOAD_DAG.py took 0.065 seconds
[2026-06-04T02:52:40.426+0000] {processor.py:157} INFO - Started process (PID=280) to work on /opt/airflow/dags/S3_UPLOAD_DAG.py
[2026-06-04T02:52:40.426+0000] {processor.py:829} INFO - Processing file /opt/airflow/dags/S3_UPLOAD_DAG.py for tasks to queue
[2026-06-04T02:52:40.426+0000] {logging_mixin.py:154} INFO - [2026-06-04T02:52:40.426+0000] {dagbag.py:536} INFO - Filling up the DagBag from /opt/airflow/dags/S3_UPLOAD_DAG.py
[2026-06-04T02:52:40.436+0000] {processor.py:839} INFO - DAG(s) dict_keys(['daily_vulnerability_ingestion']) retrieved from /opt/airflow/dags/S3_UPLOAD_DAG.py
[2026-06-04T02:52:40.453+0000] {logging_mixin.py:154} INFO - [2026-06-04T02:52:40.453+0000] {dag.py:2941} INFO - Sync 1 DAGs
[2026-06-04T02:52:40.469+0000] {logging_mixin.py:154} INFO - [2026-06-04T02:52:40.469+0000] {dag.py:3722} INFO - Setting next_dagrun for daily_vulnerability_ingestion to 2026-06-03T14:52:05.384041+00:00, run_after=2026-06-04T14:52:05.384041+00:00
[2026-06-04T02:52:40.480+0000] {processor.py:179} INFO - Processing /opt/airflow/dags/S3_UPLOAD_DAG.py took 0.057 seconds
[2026-06-04T02:53:10.605+0000] {processor.py:157} INFO - Started process (PID=285) to work on /opt/airflow/dags/S3_UPLOAD_DAG.py
[2026-06-04T02:53:10.613+0000] {processor.py:829} INFO - Processing file /opt/airflow/dags/S3_UPLOAD_DAG.py for tasks to queue
[2026-06-04T02:53:10.614+0000] {logging_mixin.py:154} INFO - [2026-06-04T02:53:10.614+0000] {dagbag.py:536} INFO - Filling up the DagBag from /opt/airflow/dags/S3_UPLOAD_DAG.py
[2026-06-04T02:53:10.624+0000] {processor.py:839} INFO - DAG(s) dict_keys(['daily_vulnerability_ingestion']) retrieved from /opt/airflow/dags/S3_UPLOAD_DAG.py
[2026-06-04T02:53:10.641+0000] {logging_mixin.py:154} INFO - [2026-06-04T02:53:10.641+0000] {dag.py:2941} INFO - Sync 1 DAGs
[2026-06-04T02:53:10.656+0000] {logging_mixin.py:154} INFO - [2026-06-04T02:53:10.656+0000] {dag.py:3722} INFO - Setting next_dagrun for daily_vulnerability_ingestion to 2026-06-03T14:52:05.384041+00:00, run_after=2026-06-04T14:52:05.384041+00:00
[2026-06-04T02:53:10.667+0000] {processor.py:179} INFO - Processing /opt/airflow/dags/S3_UPLOAD_DAG.py took 0.065 seconds
[2026-06-04T02:53:40.846+0000] {processor.py:157} INFO - Started process (PID=290) to work on /opt/airflow/dags/S3_UPLOAD_DAG.py
[2026-06-04T02:53:40.855+0000] {processor.py:829} INFO - Processing file /opt/airflow/dags/S3_UPLOAD_DAG.py for tasks to queue
[2026-06-04T02:53:40.856+0000] {logging_mixin.py:154} INFO - [2026-06-04T02:53:40.855+0000] {dagbag.py:536} INFO - Filling up the DagBag from /opt/airflow/dags/S3_UPLOAD_DAG.py
[2026-06-04T02:53:40.876+0000] {processor.py:839} INFO - DAG(s) dict_keys(['daily_vulnerability_ingestion']) retrieved from /opt/airflow/dags/S3_UPLOAD_DAG.py
[2026-06-04T02:53:40.897+0000] {logging_mixin.py:154} INFO - [2026-06-04T02:53:40.896+0000] {dag.py:2941} INFO - Sync 1 DAGs
[2026-06-04T02:53:40.911+0000] {logging_mixin.py:154} INFO - [2026-06-04T02:53:40.911+0000] {dag.py:3722} INFO - Setting next_dagrun for daily_vulnerability_ingestion to 2026-06-03T14:52:05.384041+00:00, run_after=2026-06-04T14:52:05.384041+00:00
[2026-06-04T02:53:40.923+0000] {processor.py:179} INFO - Processing /opt/airflow/dags/S3_UPLOAD_DAG.py took 0.083 seconds
[2026-06-04T02:54:11.058+0000] {processor.py:157} INFO - Started process (PID=295) to work on /opt/airflow/dags/S3_UPLOAD_DAG.py
[2026-06-04T02:54:11.059+0000] {processor.py:829} INFO - Processing file /opt/airflow/dags/S3_UPLOAD_DAG.py for tasks to queue
[2026-06-04T02:54:11.060+0000] {logging_mixin.py:154} INFO - [2026-06-04T02:54:11.060+0000] {dagbag.py:536} INFO - Filling up the DagBag from /opt/airflow/dags/S3_UPLOAD_DAG.py
[2026-06-04T02:54:11.076+0000] {processor.py:839} INFO - DAG(s) dict_keys(['daily_vulnerability_ingestion']) retrieved from /opt/airflow/dags/S3_UPLOAD_DAG.py
[2026-06-04T02:54:11.096+0000] {logging_mixin.py:154} INFO - [2026-06-04T02:54:11.096+0000] {dag.py:2941} INFO - Sync 1 DAGs
[2026-06-04T02:54:11.111+0000] {logging_mixin.py:154} INFO - [2026-06-04T02:54:11.111+0000] {dag.py:3722} INFO - Setting next_dagrun for daily_vulnerability_ingestion to 2026-06-03T14:52:05.384041+00:00, run_after=2026-06-04T14:52:05.384041+00:00
[2026-06-04T02:54:11.123+0000] {processor.py:179} INFO - Processing /opt/airflow/dags/S3_UPLOAD_DAG.py took 0.072 seconds
[2026-06-04T02:54:41.319+0000] {processor.py:157} INFO - Started process (PID=300) to work on /opt/airflow/dags/S3_UPLOAD_DAG.py
[2026-06-04T02:54:41.328+0000] {processor.py:829} INFO - Processing file /opt/airflow/dags/S3_UPLOAD_DAG.py for tasks to queue
[2026-06-04T02:54:41.329+0000] {logging_mixin.py:154} INFO - [2026-06-04T02:54:41.328+0000] {dagbag.py:536} INFO - Filling up the DagBag from /opt/airflow/dags/S3_UPLOAD_DAG.py
[2026-06-04T02:54:41.338+0000] {processor.py:839} INFO - DAG(s) dict_keys(['daily_vulnerability_ingestion']) retrieved from /opt/airflow/dags/S3_UPLOAD_DAG.py
[2026-06-04T02:54:41.355+0000] {logging_mixin.py:154} INFO - [2026-06-04T02:54:41.355+0000] {dag.py:2941} INFO - Sync 1 DAGs
[2026-06-04T02:54:41.369+0000] {logging_mixin.py:154} INFO - [2026-06-04T02:54:41.369+0000] {dag.py:3722} INFO - Setting next_dagrun for daily_vulnerability_ingestion to 2026-06-03T14:52:05.384041+00:00, run_after=2026-06-04T14:52:05.384041+00:00
[2026-06-04T02:54:41.380+0000] {processor.py:179} INFO - Processing /opt/airflow/dags/S3_UPLOAD_DAG.py took 0.063 seconds
[2026-06-04T02:55:11.506+0000] {processor.py:157} INFO - Started process (PID=305) to work on /opt/airflow/dags/S3_UPLOAD_DAG.py
[2026-06-04T02:55:11.507+0000] {processor.py:829} INFO - Processing file /opt/airflow/dags/S3_UPLOAD_DAG.py for tasks to queue
[2026-06-04T02:55:11.507+0000] {logging_mixin.py:154} INFO - [2026-06-04T02:55:11.507+0000] {dagbag.py:536} INFO - Filling up the DagBag from /opt/airflow/dags/S3_UPLOAD_DAG.py
[2026-06-04T02:55:11.517+0000] {processor.py:839} INFO - DAG(s) dict_keys(['daily_vulnerability_ingestion']) retrieved from /opt/airflow/dags/S3_UPLOAD_DAG.py
[2026-06-04T02:55:11.534+0000] {logging_mixin.py:154} INFO - [2026-06-04T02:55:11.534+0000] {dag.py:2941} INFO - Sync 1 DAGs
[2026-06-04T02:55:11.549+0000] {logging_mixin.py:154} INFO - [2026-06-04T02:55:11.549+0000] {dag.py:3722} INFO - Setting next_dagrun for daily_vulnerability_ingestion to 2026-06-03T14:52:05.384041+00:00, run_after=2026-06-04T14:52:05.384041+00:00
[2026-06-04T02:55:11.560+0000] {processor.py:179} INFO - Processing /opt/airflow/dags/S3_UPLOAD_DAG.py took 0.056 seconds
[2026-06-04T02:55:41.752+0000] {processor.py:157} INFO - Started process (PID=310) to work on /opt/airflow/dags/S3_UPLOAD_DAG.py
[2026-06-04T02:55:41.761+0000] {processor.py:829} INFO - Processing file /opt/airflow/dags/S3_UPLOAD_DAG.py for tasks to queue
[2026-06-04T02:55:41.762+0000] {logging_mixin.py:154} INFO - [2026-06-04T02:55:41.761+0000] {dagbag.py:536} INFO - Filling up the DagBag from /opt/airflow/dags/S3_UPLOAD_DAG.py
[2026-06-04T02:55:41.779+0000] {processor.py:839} INFO - DAG(s) dict_keys(['daily_vulnerability_ingestion']) retrieved from /opt/airflow/dags/S3_UPLOAD_DAG.py
[2026-06-04T02:55:41.799+0000] {logging_mixin.py:154} INFO - [2026-06-04T02:55:41.799+0000] {dag.py:2941} INFO - Sync 1 DAGs
[2026-06-04T02:55:41.814+0000] {logging_mixin.py:154} INFO - [2026-06-04T02:55:41.814+0000] {dag.py:3722} INFO - Setting next_dagrun for daily_vulnerability_ingestion to 2026-06-03T14:52:05.384041+00:00, run_after=2026-06-04T14:52:05.384041+00:00
[2026-06-04T02:55:41.824+0000] {processor.py:179} INFO - Processing /opt/airflow/dags/S3_UPLOAD_DAG.py took 0.078 seconds
[2026-06-04T02:56:11.959+0000] {processor.py:157} INFO - Started process (PID=315) to work on /opt/airflow/dags/S3_UPLOAD_DAG.py
[2026-06-04T02:56:11.960+0000] {processor.py:829} INFO - Processing file /opt/airflow/dags/S3_UPLOAD_DAG.py for tasks to queue
[2026-06-04T02:56:11.961+0000] {logging_mixin.py:154} INFO - [2026-06-04T02:56:11.961+0000] {dagbag.py:536} INFO - Filling up the DagBag from /opt/airflow/dags/S3_UPLOAD_DAG.py
[2026-06-04T02:56:11.984+0000] {processor.py:839} INFO - DAG(s) dict_keys(['daily_vulnerability_ingestion']) retrieved from /opt/airflow/dags/S3_UPLOAD_DAG.py
[2026-06-04T02:56:12.006+0000] {logging_mixin.py:154} INFO - [2026-06-04T02:56:12.006+0000] {dag.py:2941} INFO - Sync 1 DAGs
[2026-06-04T02:56:12.023+0000] {logging_mixin.py:154} INFO - [2026-06-04T02:56:12.023+0000] {dag.py:3722} INFO - Setting next_dagrun for daily_vulnerability_ingestion to 2026-06-03T14:52:05.384041+00:00, run_after=2026-06-04T14:52:05.384041+00:00
[2026-06-04T02:56:12.036+0000] {processor.py:179} INFO - Processing /opt/airflow/dags/S3_UPLOAD_DAG.py took 0.084 seconds
[2026-06-04T02:56:42.205+0000] {processor.py:157} INFO - Started process (PID=320) to work on /opt/airflow/dags/S3_UPLOAD_DAG.py
[2026-06-04T02:56:42.214+0000] {processor.py:829} INFO - Processing file /opt/airflow/dags/S3_UPLOAD_DAG.py for tasks to queue
[2026-06-04T02:56:42.215+0000] {logging_mixin.py:154} INFO - [2026-06-04T02:56:42.215+0000] {dagbag.py:536} INFO - Filling up the DagBag from /opt/airflow/dags/S3_UPLOAD_DAG.py
[2026-06-04T02:56:42.236+0000] {processor.py:839} INFO - DAG(s) dict_keys(['daily_vulnerability_ingestion']) retrieved from /opt/airflow/dags/S3_UPLOAD_DAG.py
[2026-06-04T02:56:42.260+0000] {logging_mixin.py:154} INFO - [2026-06-04T02:56:42.259+0000] {dag.py:2941} INFO - Sync 1 DAGs
[2026-06-04T02:56:42.278+0000] {logging_mixin.py:154} INFO - [2026-06-04T02:56:42.278+0000] {dag.py:3722} INFO - Setting next_dagrun for daily_vulnerability_ingestion to 2026-06-03T14:52:05.384041+00:00, run_after=2026-06-04T14:52:05.384041+00:00
[2026-06-04T02:56:42.290+0000] {processor.py:179} INFO - Processing /opt/airflow/dags/S3_UPLOAD_DAG.py took 0.090 seconds
[2026-06-04T02:57:12.378+0000] {processor.py:157} INFO - Started process (PID=325) to work on /opt/airflow/dags/S3_UPLOAD_DAG.py
[2026-06-04T02:57:12.379+0000] {processor.py:829} INFO - Processing file /opt/airflow/dags/S3_UPLOAD_DAG.py for tasks to queue
[2026-06-04T02:57:12.379+0000] {logging_mixin.py:154} INFO - [2026-06-04T02:57:12.379+0000] {dagbag.py:536} INFO - Filling up the DagBag from /opt/airflow/dags/S3_UPLOAD_DAG.py
[2026-06-04T02:57:12.391+0000] {processor.py:839} INFO - DAG(s) dict_keys(['daily_vulnerability_ingestion']) retrieved from /opt/airflow/dags/S3_UPLOAD_DAG.py
[2026-06-04T02:57:12.412+0000] {logging_mixin.py:154} INFO - [2026-06-04T02:57:12.412+0000] {dag.py:2941} INFO - Sync 1 DAGs
[2026-06-04T02:57:12.428+0000] {logging_mixin.py:154} INFO - [2026-06-04T02:57:12.428+0000] {dag.py:3722} INFO - Setting next_dagrun for daily_vulnerability_ingestion to 2026-06-03T14:52:05.384041+00:00, run_after=2026-06-04T14:52:05.384041+00:00
[2026-06-04T02:57:12.439+0000] {processor.py:179} INFO - Processing /opt/airflow/dags/S3_UPLOAD_DAG.py took 0.063 seconds
[2026-06-04T02:57:42.587+0000] {processor.py:157} INFO - Started process (PID=330) to work on /opt/airflow/dags/S3_UPLOAD_DAG.py
[2026-06-04T02:57:42.597+0000] {processor.py:829} INFO - Processing file /opt/airflow/dags/S3_UPLOAD_DAG.py for tasks to queue
[2026-06-04T02:57:42.598+0000] {logging_mixin.py:154} INFO - [2026-06-04T02:57:42.597+0000] {dagbag.py:536} INFO - Filling up the DagBag from /opt/airflow/dags/S3_UPLOAD_DAG.py
[2026-06-04T02:57:42.614+0000] {processor.py:839} INFO - DAG(s) dict_keys(['daily_vulnerability_ingestion']) retrieved from /opt/airflow/dags/S3_UPLOAD_DAG.py
[2026-06-04T02:57:42.633+0000] {logging_mixin.py:154} INFO - [2026-06-04T02:57:42.633+0000] {dag.py:2941} INFO - Sync 1 DAGs
[2026-06-04T02:57:42.649+0000] {logging_mixin.py:154} INFO - [2026-06-04T02:57:42.648+0000] {dag.py:3722} INFO - Setting next_dagrun for daily_vulnerability_ingestion to 2026-06-03T14:52:05.384041+00:00, run_after=2026-06-04T14:52:05.384041+00:00
[2026-06-04T02:57:42.661+0000] {processor.py:179} INFO - Processing /opt/airflow/dags/S3_UPLOAD_DAG.py took 0.081 seconds
[2026-06-04T02:58:12.794+0000] {processor.py:157} INFO - Started process (PID=335) to work on /opt/airflow/dags/S3_UPLOAD_DAG.py
[2026-06-04T02:58:12.795+0000] {processor.py:829} INFO - Processing file /opt/airflow/dags/S3_UPLOAD_DAG.py for tasks to queue
[2026-06-04T02:58:12.795+0000] {logging_mixin.py:154} INFO - [2026-06-04T02:58:12.795+0000] {dagbag.py:536} INFO - Filling up the DagBag from /opt/airflow/dags/S3_UPLOAD_DAG.py
[2026-06-04T02:58:12.805+0000] {processor.py:839} INFO - DAG(s) dict_keys(['daily_vulnerability_ingestion']) retrieved from /opt/airflow/dags/S3_UPLOAD_DAG.py
[2026-06-04T02:58:12.823+0000] {logging_mixin.py:154} INFO - [2026-06-04T02:58:12.823+0000] {dag.py:2941} INFO - Sync 1 DAGs
[2026-06-04T02:58:12.838+0000] {logging_mixin.py:154} INFO - [2026-06-04T02:58:12.838+0000] {dag.py:3722} INFO - Setting next_dagrun for daily_vulnerability_ingestion to 2026-06-03T14:52:05.384041+00:00, run_after=2026-06-04T14:52:05.384041+00:00
[2026-06-04T02:58:12.850+0000] {processor.py:179} INFO - Processing /opt/airflow/dags/S3_UPLOAD_DAG.py took 0.058 seconds
[2026-06-04T02:58:43.039+0000] {processor.py:157} INFO - Started process (PID=340) to work on /opt/airflow/dags/S3_UPLOAD_DAG.py
[2026-06-04T02:58:43.048+0000] {processor.py:829} INFO - Processing file /opt/airflow/dags/S3_UPLOAD_DAG.py for tasks to queue
[2026-06-04T02:58:43.049+0000] {logging_mixin.py:154} INFO - [2026-06-04T02:58:43.048+0000] {dagbag.py:536} INFO - Filling up the DagBag from /opt/airflow/dags/S3_UPLOAD_DAG.py
[2026-06-04T02:58:43.063+0000] {processor.py:839} INFO - DAG(s) dict_keys(['daily_vulnerability_ingestion']) retrieved from /opt/airflow/dags/S3_UPLOAD_DAG.py
[2026-06-04T02:58:43.089+0000] {logging_mixin.py:154} INFO - [2026-06-04T02:58:43.089+0000] {dag.py:2941} INFO - Sync 1 DAGs
[2026-06-04T02:58:43.110+0000] {logging_mixin.py:154} INFO - [2026-06-04T02:58:43.109+0000] {dag.py:3722} INFO - Setting next_dagrun for daily_vulnerability_ingestion to 2026-06-03T14:52:05.384041+00:00, run_after=2026-06-04T14:52:05.384041+00:00
[2026-06-04T02:58:43.121+0000] {processor.py:179} INFO - Processing /opt/airflow/dags/S3_UPLOAD_DAG.py took 0.086 seconds
[2026-06-04T02:59:13.224+0000] {processor.py:157} INFO - Started process (PID=345) to work on /opt/airflow/dags/S3_UPLOAD_DAG.py
[2026-06-04T02:59:13.225+0000] {processor.py:829} INFO - Processing file /opt/airflow/dags/S3_UPLOAD_DAG.py for tasks to queue
[2026-06-04T02:59:13.225+0000] {logging_mixin.py:154} INFO - [2026-06-04T02:59:13.225+0000] {dagbag.py:536} INFO - Filling up the DagBag from /opt/airflow/dags/S3_UPLOAD_DAG.py
[2026-06-04T02:59:13.235+0000] {processor.py:839} INFO - DAG(s) dict_keys(['daily_vulnerability_ingestion']) retrieved from /opt/airflow/dags/S3_UPLOAD_DAG.py
[2026-06-04T02:59:13.252+0000] {logging_mixin.py:154} INFO - [2026-06-04T02:59:13.252+0000] {dag.py:2941} INFO - Sync 1 DAGs
[2026-06-04T02:59:13.266+0000] {logging_mixin.py:154} INFO - [2026-06-04T02:59:13.266+0000] {dag.py:3722} INFO - Setting next_dagrun for daily_vulnerability_ingestion to 2026-06-03T14:52:05.384041+00:00, run_after=2026-06-04T14:52:05.384041+00:00
[2026-06-04T02:59:13.277+0000] {processor.py:179} INFO - Processing /opt/airflow/dags/S3_UPLOAD_DAG.py took 0.056 seconds
[2026-06-04T02:59:43.500+0000] {processor.py:157} INFO - Started process (PID=350) to work on /opt/airflow/dags/S3_UPLOAD_DAG.py
[2026-06-04T02:59:43.509+0000] {processor.py:829} INFO - Processing file /opt/airflow/dags/S3_UPLOAD_DAG.py for tasks to queue
[2026-06-04T02:59:43.510+0000] {logging_mixin.py:154} INFO - [2026-06-04T02:59:43.509+0000] {dagbag.py:536} INFO - Filling up the DagBag from /opt/airflow/dags/S3_UPLOAD_DAG.py
[2026-06-04T02:59:43.526+0000] {processor.py:839} INFO - DAG(s) dict_keys(['daily_vulnerability_ingestion']) retrieved from /opt/airflow/dags/S3_UPLOAD_DAG.py
[2026-06-04T02:59:43.553+0000] {logging_mixin.py:154} INFO - [2026-06-04T02:59:43.553+0000] {dag.py:2941} INFO - Sync 1 DAGs
[2026-06-04T02:59:43.569+0000] {logging_mixin.py:154} INFO - [2026-06-04T02:59:43.568+0000] {dag.py:3722} INFO - Setting next_dagrun for daily_vulnerability_ingestion to 2026-06-03T14:52:05.384041+00:00, run_after=2026-06-04T14:52:05.384041+00:00
[2026-06-04T02:59:43.580+0000] {processor.py:179} INFO - Processing /opt/airflow/dags/S3_UPLOAD_DAG.py took 0.085 seconds
[2026-06-04T03:00:13.711+0000] {processor.py:157} INFO - Started process (PID=355) to work on /opt/airflow/dags/S3_UPLOAD_DAG.py
[2026-06-04T03:00:13.713+0000] {processor.py:829} INFO - Processing file /opt/airflow/dags/S3_UPLOAD_DAG.py for tasks to queue
[2026-06-04T03:00:13.715+0000] {logging_mixin.py:154} INFO - [2026-06-04T03:00:13.714+0000] {dagbag.py:536} INFO - Filling up the DagBag from /opt/airflow/dags/S3_UPLOAD_DAG.py
[2026-06-04T03:00:13.739+0000] {processor.py:839} INFO - DAG(s) dict_keys(['daily_vulnerability_ingestion']) retrieved from /opt/airflow/dags/S3_UPLOAD_DAG.py
[2026-06-04T03:00:13.761+0000] {logging_mixin.py:154} INFO - [2026-06-04T03:00:13.760+0000] {dag.py:2941} INFO - Sync 1 DAGs
[2026-06-04T03:00:13.777+0000] {logging_mixin.py:154} INFO - [2026-06-04T03:00:13.777+0000] {dag.py:3722} INFO - Setting next_dagrun for daily_vulnerability_ingestion to 2026-06-03T14:52:05.384041+00:00, run_after=2026-06-04T14:52:05.384041+00:00
[2026-06-04T03:00:13.788+0000] {processor.py:179} INFO - Processing /opt/airflow/dags/S3_UPLOAD_DAG.py took 0.087 seconds
[2026-06-04T03:00:43.937+0000] {processor.py:157} INFO - Started process (PID=360) to work on /opt/airflow/dags/S3_UPLOAD_DAG.py
[2026-06-04T03:00:43.946+0000] {processor.py:829} INFO - Processing file /opt/airflow/dags/S3_UPLOAD_DAG.py for tasks to queue
[2026-06-04T03:00:43.947+0000] {logging_mixin.py:154} INFO - [2026-06-04T03:00:43.946+0000] {dagbag.py:536} INFO - Filling up the DagBag from /opt/airflow/dags/S3_UPLOAD_DAG.py
[2026-06-04T03:00:43.956+0000] {processor.py:839} INFO - DAG(s) dict_keys(['daily_vulnerability_ingestion']) retrieved from /opt/airflow/dags/S3_UPLOAD_DAG.py
[2026-06-04T03:00:43.972+0000] {logging_mixin.py:154} INFO - [2026-06-04T03:00:43.972+0000] {dag.py:2941} INFO - Sync 1 DAGs
[2026-06-04T03:00:43.987+0000] {logging_mixin.py:154} INFO - [2026-06-04T03:00:43.987+0000] {dag.py:3722} INFO - Setting next_dagrun for daily_vulnerability_ingestion to 2026-06-03T14:52:05.384041+00:00, run_after=2026-06-04T14:52:05.384041+00:00
[2026-06-04T03:00:44.001+0000] {processor.py:179} INFO - Processing /opt/airflow/dags/S3_UPLOAD_DAG.py took 0.066 seconds
[2026-06-04T03:01:14.155+0000] {processor.py:157} INFO - Started process (PID=365) to work on /opt/airflow/dags/S3_UPLOAD_DAG.py
[2026-06-04T03:01:14.157+0000] {processor.py:829} INFO - Processing file /opt/airflow/dags/S3_UPLOAD_DAG.py for tasks to queue
[2026-06-04T03:01:14.159+0000] {logging_mixin.py:154} INFO - [2026-06-04T03:01:14.158+0000] {dagbag.py:536} INFO - Filling up the DagBag from /opt/airflow/dags/S3_UPLOAD_DAG.py
[2026-06-04T03:01:14.180+0000] {processor.py:839} INFO - DAG(s) dict_keys(['daily_vulnerability_ingestion']) retrieved from /opt/airflow/dags/S3_UPLOAD_DAG.py
[2026-06-04T03:01:14.201+0000] {logging_mixin.py:154} INFO - [2026-06-04T03:01:14.201+0000] {dag.py:2941} INFO - Sync 1 DAGs
[2026-06-04T03:01:14.219+0000] {logging_mixin.py:154} INFO - [2026-06-04T03:01:14.218+0000] {dag.py:3722} INFO - Setting next_dagrun for daily_vulnerability_ingestion to 2026-06-03T14:52:05.384041+00:00, run_after=2026-06-04T14:52:05.384041+00:00
[2026-06-04T03:01:14.231+0000] {processor.py:179} INFO - Processing /opt/airflow/dags/S3_UPLOAD_DAG.py took 0.085 seconds
[2026-06-04T03:01:44.353+0000] {processor.py:157} INFO - Started process (PID=370) to work on /opt/airflow/dags/S3_UPLOAD_DAG.py
[2026-06-04T03:01:44.362+0000] {processor.py:829} INFO - Processing file /opt/airflow/dags/S3_UPLOAD_DAG.py for tasks to queue
[2026-06-04T03:01:44.363+0000] {logging_mixin.py:154} INFO - [2026-06-04T03:01:44.362+0000] {dagbag.py:536} INFO - Filling up the DagBag from /opt/airflow/dags/S3_UPLOAD_DAG.py
[2026-06-04T03:01:44.375+0000] {processor.py:839} INFO - DAG(s) dict_keys(['daily_vulnerability_ingestion']) retrieved from /opt/airflow/dags/S3_UPLOAD_DAG.py
[2026-06-04T03:01:44.397+0000] {logging_mixin.py:154} INFO - [2026-06-04T03:01:44.397+0000] {dag.py:2941} INFO - Sync 1 DAGs
[2026-06-04T03:01:44.414+0000] {logging_mixin.py:154} INFO - [2026-06-04T03:01:44.414+0000] {dag.py:3722} INFO - Setting next_dagrun for daily_vulnerability_ingestion to 2026-06-03T14:52:05.384041+00:00, run_after=2026-06-04T14:52:05.384041+00:00
[2026-06-04T03:01:44.425+0000] {processor.py:179} INFO - Processing /opt/airflow/dags/S3_UPLOAD_DAG.py took 0.074 seconds
[2026-06-04T03:02:14.600+0000] {processor.py:157} INFO - Started process (PID=375) to work on /opt/airflow/dags/S3_UPLOAD_DAG.py
[2026-06-04T03:02:14.601+0000] {processor.py:829} INFO - Processing file /opt/airflow/dags/S3_UPLOAD_DAG.py for tasks to queue
[2026-06-04T03:02:14.602+0000] {logging_mixin.py:154} INFO - [2026-06-04T03:02:14.602+0000] {dagbag.py:536} INFO - Filling up the DagBag from /opt/airflow/dags/S3_UPLOAD_DAG.py
[2026-06-04T03:02:14.619+0000] {processor.py:839} INFO - DAG(s) dict_keys(['daily_vulnerability_ingestion']) retrieved from /opt/airflow/dags/S3_UPLOAD_DAG.py
[2026-06-04T03:02:14.646+0000] {logging_mixin.py:154} INFO - [2026-06-04T03:02:14.646+0000] {dag.py:2941} INFO - Sync 1 DAGs
[2026-06-04T03:02:14.662+0000] {logging_mixin.py:154} INFO - [2026-06-04T03:02:14.662+0000] {dag.py:3722} INFO - Setting next_dagrun for daily_vulnerability_ingestion to 2026-06-03T14:52:05.384041+00:00, run_after=2026-06-04T14:52:05.384041+00:00
[2026-06-04T03:02:14.674+0000] {processor.py:179} INFO - Processing /opt/airflow/dags/S3_UPLOAD_DAG.py took 0.078 seconds
[2026-06-04T03:02:44.808+0000] {processor.py:157} INFO - Started process (PID=380) to work on /opt/airflow/dags/S3_UPLOAD_DAG.py
[2026-06-04T03:02:44.817+0000] {processor.py:829} INFO - Processing file /opt/airflow/dags/S3_UPLOAD_DAG.py for tasks to queue
[2026-06-04T03:02:44.818+0000] {logging_mixin.py:154} INFO - [2026-06-04T03:02:44.817+0000] {dagbag.py:536} INFO - Filling up the DagBag from /opt/airflow/dags/S3_UPLOAD_DAG.py
[2026-06-04T03:02:44.832+0000] {processor.py:839} INFO - DAG(s) dict_keys(['daily_vulnerability_ingestion']) retrieved from /opt/airflow/dags/S3_UPLOAD_DAG.py
[2026-06-04T03:02:44.850+0000] {logging_mixin.py:154} INFO - [2026-06-04T03:02:44.850+0000] {dag.py:2941} INFO - Sync 1 DAGs
[2026-06-04T03:02:44.864+0000] {logging_mixin.py:154} INFO - [2026-06-04T03:02:44.864+0000] {dag.py:3722} INFO - Setting next_dagrun for daily_vulnerability_ingestion to 2026-06-03T14:52:05.384041+00:00, run_after=2026-06-04T14:52:05.384041+00:00
[2026-06-04T03:02:44.875+0000] {processor.py:179} INFO - Processing /opt/airflow/dags/S3_UPLOAD_DAG.py took 0.072 seconds
[2026-06-04T03:03:15.037+0000] {processor.py:157} INFO - Started process (PID=385) to work on /opt/airflow/dags/S3_UPLOAD_DAG.py
[2026-06-04T03:03:15.038+0000] {processor.py:829} INFO - Processing file /opt/airflow/dags/S3_UPLOAD_DAG.py for tasks to queue
[2026-06-04T03:03:15.039+0000] {logging_mixin.py:154} INFO - [2026-06-04T03:03:15.038+0000] {dagbag.py:536} INFO - Filling up the DagBag from /opt/airflow/dags/S3_UPLOAD_DAG.py
[2026-06-04T03:03:15.057+0000] {processor.py:839} INFO - DAG(s) dict_keys(['daily_vulnerability_ingestion']) retrieved from /opt/airflow/dags/S3_UPLOAD_DAG.py
[2026-06-04T03:03:15.075+0000] {logging_mixin.py:154} INFO - [2026-06-04T03:03:15.075+0000] {dag.py:2941} INFO - Sync 1 DAGs
[2026-06-04T03:03:15.090+0000] {logging_mixin.py:154} INFO - [2026-06-04T03:03:15.089+0000] {dag.py:3722} INFO - Setting next_dagrun for daily_vulnerability_ingestion to 2026-06-03T14:52:05.384041+00:00, run_after=2026-06-04T14:52:05.384041+00:00
[2026-06-04T03:03:15.101+0000] {processor.py:179} INFO - Processing /opt/airflow/dags/S3_UPLOAD_DAG.py took 0.068 seconds
[2026-06-04T03:03:45.216+0000] {processor.py:157} INFO - Started process (PID=390) to work on /opt/airflow/dags/S3_UPLOAD_DAG.py
[2026-06-04T03:03:45.216+0000] {processor.py:829} INFO - Processing file /opt/airflow/dags/S3_UPLOAD_DAG.py for tasks to queue
[2026-06-04T03:03:45.217+0000] {logging_mixin.py:154} INFO - [2026-06-04T03:03:45.217+0000] {dagbag.py:536} INFO - Filling up the DagBag from /opt/airflow/dags/S3_UPLOAD_DAG.py
[2026-06-04T03:03:45.227+0000] {processor.py:839} INFO - DAG(s) dict_keys(['daily_vulnerability_ingestion']) retrieved from /opt/airflow/dags/S3_UPLOAD_DAG.py
[2026-06-04T03:03:45.246+0000] {logging_mixin.py:154} INFO - [2026-06-04T03:03:45.245+0000] {dag.py:2941} INFO - Sync 1 DAGs
[2026-06-04T03:03:45.261+0000] {logging_mixin.py:154} INFO - [2026-06-04T03:03:45.260+0000] {dag.py:3722} INFO - Setting next_dagrun for daily_vulnerability_ingestion to 2026-06-03T14:52:05.384041+00:00, run_after=2026-06-04T14:52:05.384041+00:00
[2026-06-04T03:03:45.272+0000] {processor.py:179} INFO - Processing /opt/airflow/dags/S3_UPLOAD_DAG.py took 0.058 seconds
[2026-06-04T03:04:15.464+0000] {processor.py:157} INFO - Started process (PID=395) to work on /opt/airflow/dags/S3_UPLOAD_DAG.py
[2026-06-04T03:04:15.464+0000] {processor.py:829} INFO - Processing file /opt/airflow/dags/S3_UPLOAD_DAG.py for tasks to queue
[2026-06-04T03:04:15.465+0000] {logging_mixin.py:154} INFO - [2026-06-04T03:04:15.465+0000] {dagbag.py:536} INFO - Filling up the DagBag from /opt/airflow/dags/S3_UPLOAD_DAG.py
[2026-06-04T03:04:15.482+0000] {processor.py:839} INFO - DAG(s) dict_keys(['daily_vulnerability_ingestion']) retrieved from /opt/airflow/dags/S3_UPLOAD_DAG.py
[2026-06-04T03:04:15.506+0000] {logging_mixin.py:154} INFO - [2026-06-04T03:04:15.505+0000] {dag.py:2941} INFO - Sync 1 DAGs
[2026-06-04T03:04:15.525+0000] {logging_mixin.py:154} INFO - [2026-06-04T03:04:15.525+0000] {dag.py:3722} INFO - Setting next_dagrun for daily_vulnerability_ingestion to 2026-06-03T14:52:05.384041+00:00, run_after=2026-06-04T14:52:05.384041+00:00
[2026-06-04T03:04:15.537+0000] {processor.py:179} INFO - Processing /opt/airflow/dags/S3_UPLOAD_DAG.py took 0.078 seconds
[2026-06-04T03:04:45.711+0000] {processor.py:157} INFO - Started process (PID=400) to work on /opt/airflow/dags/S3_UPLOAD_DAG.py
[2026-06-04T03:04:45.720+0000] {processor.py:829} INFO - Processing file /opt/airflow/dags/S3_UPLOAD_DAG.py for tasks to queue
[2026-06-04T03:04:45.721+0000] {logging_mixin.py:154} INFO - [2026-06-04T03:04:45.721+0000] {dagbag.py:536} INFO - Filling up the DagBag from /opt/airflow/dags/S3_UPLOAD_DAG.py
[2026-06-04T03:04:45.742+0000] {processor.py:839} INFO - DAG(s) dict_keys(['daily_vulnerability_ingestion']) retrieved from /opt/airflow/dags/S3_UPLOAD_DAG.py
[2026-06-04T03:04:45.762+0000] {logging_mixin.py:154} INFO - [2026-06-04T03:04:45.762+0000] {dag.py:2941} INFO - Sync 1 DAGs
[2026-06-04T03:04:45.778+0000] {logging_mixin.py:154} INFO - [2026-06-04T03:04:45.778+0000] {dag.py:3722} INFO - Setting next_dagrun for daily_vulnerability_ingestion to 2026-06-03T14:52:05.384041+00:00, run_after=2026-06-04T14:52:05.384041+00:00
[2026-06-04T03:04:45.789+0000] {processor.py:179} INFO - Processing /opt/airflow/dags/S3_UPLOAD_DAG.py took 0.084 seconds
[2026-06-04T03:05:15.910+0000] {processor.py:157} INFO - Started process (PID=405) to work on /opt/airflow/dags/S3_UPLOAD_DAG.py
[2026-06-04T03:05:15.911+0000] {processor.py:829} INFO - Processing file /opt/airflow/dags/S3_UPLOAD_DAG.py for tasks to queue
[2026-06-04T03:05:15.911+0000] {logging_mixin.py:154} INFO - [2026-06-04T03:05:15.911+0000] {dagbag.py:536} INFO - Filling up the DagBag from /opt/airflow/dags/S3_UPLOAD_DAG.py
[2026-06-04T03:05:15.921+0000] {processor.py:839} INFO - DAG(s) dict_keys(['daily_vulnerability_ingestion']) retrieved from /opt/airflow/dags/S3_UPLOAD_DAG.py
[2026-06-04T03:05:15.938+0000] {logging_mixin.py:154} INFO - [2026-06-04T03:05:15.938+0000] {dag.py:2941} INFO - Sync 1 DAGs
[2026-06-04T03:05:15.952+0000] {logging_mixin.py:154} INFO - [2026-06-04T03:05:15.952+0000] {dag.py:3722} INFO - Setting next_dagrun for daily_vulnerability_ingestion to 2026-06-03T14:52:05.384041+00:00, run_after=2026-06-04T14:52:05.384041+00:00
[2026-06-04T03:05:15.963+0000] {processor.py:179} INFO - Processing /opt/airflow/dags/S3_UPLOAD_DAG.py took 0.055 seconds
[2026-06-04T03:05:46.149+0000] {processor.py:157} INFO - Started process (PID=410) to work on /opt/airflow/dags/S3_UPLOAD_DAG.py
[2026-06-04T03:05:46.158+0000] {processor.py:829} INFO - Processing file /opt/airflow/dags/S3_UPLOAD_DAG.py for tasks to queue
[2026-06-04T03:05:46.158+0000] {logging_mixin.py:154} INFO - [2026-06-04T03:05:46.158+0000] {dagbag.py:536} INFO - Filling up the DagBag from /opt/airflow/dags/S3_UPLOAD_DAG.py
[2026-06-04T03:05:46.168+0000] {processor.py:839} INFO - DAG(s) dict_keys(['daily_vulnerability_ingestion']) retrieved from /opt/airflow/dags/S3_UPLOAD_DAG.py
[2026-06-04T03:05:46.185+0000] {logging_mixin.py:154} INFO - [2026-06-04T03:05:46.185+0000] {dag.py:2941} INFO - Sync 1 DAGs
[2026-06-04T03:05:46.201+0000] {logging_mixin.py:154} INFO - [2026-06-04T03:05:46.201+0000] {dag.py:3722} INFO - Setting next_dagrun for daily_vulnerability_ingestion to 2026-06-03T14:52:05.384041+00:00, run_after=2026-06-04T14:52:05.384041+00:00
[2026-06-04T03:05:46.222+0000] {processor.py:179} INFO - Processing /opt/airflow/dags/S3_UPLOAD_DAG.py took 0.075 seconds
[2026-06-04T03:06:16.361+0000] {processor.py:157} INFO - Started process (PID=415) to work on /opt/airflow/dags/S3_UPLOAD_DAG.py
[2026-06-04T03:06:16.363+0000] {processor.py:829} INFO - Processing file /opt/airflow/dags/S3_UPLOAD_DAG.py for tasks to queue
[2026-06-04T03:06:16.365+0000] {logging_mixin.py:154} INFO - [2026-06-04T03:06:16.364+0000] {dagbag.py:536} INFO - Filling up the DagBag from /opt/airflow/dags/S3_UPLOAD_DAG.py
[2026-06-04T03:06:16.387+0000] {processor.py:839} INFO - DAG(s) dict_keys(['daily_vulnerability_ingestion']) retrieved from /opt/airflow/dags/S3_UPLOAD_DAG.py
[2026-06-04T03:06:16.407+0000] {logging_mixin.py:154} INFO - [2026-06-04T03:06:16.407+0000] {dag.py:2941} INFO - Sync 1 DAGs
[2026-06-04T03:06:16.421+0000] {logging_mixin.py:154} INFO - [2026-06-04T03:06:16.421+0000] {dag.py:3722} INFO - Setting next_dagrun for daily_vulnerability_ingestion to 2026-06-03T14:52:05.384041+00:00, run_after=2026-06-04T14:52:05.384041+00:00
[2026-06-04T03:06:16.434+0000] {processor.py:179} INFO - Processing /opt/airflow/dags/S3_UPLOAD_DAG.py took 0.083 seconds
[2026-06-04T03:06:46.610+0000] {processor.py:157} INFO - Started process (PID=420) to work on /opt/airflow/dags/S3_UPLOAD_DAG.py
[2026-06-04T03:06:46.620+0000] {processor.py:829} INFO - Processing file /opt/airflow/dags/S3_UPLOAD_DAG.py for tasks to queue
[2026-06-04T03:06:46.621+0000] {logging_mixin.py:154} INFO - [2026-06-04T03:06:46.621+0000] {dagbag.py:536} INFO - Filling up the DagBag from /opt/airflow/dags/S3_UPLOAD_DAG.py
[2026-06-04T03:06:46.637+0000] {processor.py:839} INFO - DAG(s) dict_keys(['daily_vulnerability_ingestion']) retrieved from /opt/airflow/dags/S3_UPLOAD_DAG.py
[2026-06-04T03:06:46.655+0000] {logging_mixin.py:154} INFO - [2026-06-04T03:06:46.654+0000] {dag.py:2941} INFO - Sync 1 DAGs
[2026-06-04T03:06:46.669+0000] {logging_mixin.py:154} INFO - [2026-06-04T03:06:46.669+0000] {dag.py:3722} INFO - Setting next_dagrun for daily_vulnerability_ingestion to 2026-06-03T14:52:05.384041+00:00, run_after=2026-06-04T14:52:05.384041+00:00
[2026-06-04T03:06:46.680+0000] {processor.py:179} INFO - Processing /opt/airflow/dags/S3_UPLOAD_DAG.py took 0.081 seconds
[2026-06-04T03:07:16.827+0000] {processor.py:157} INFO - Started process (PID=425) to work on /opt/airflow/dags/S3_UPLOAD_DAG.py
[2026-06-04T03:07:16.829+0000] {processor.py:829} INFO - Processing file /opt/airflow/dags/S3_UPLOAD_DAG.py for tasks to queue
[2026-06-04T03:07:16.831+0000] {logging_mixin.py:154} INFO - [2026-06-04T03:07:16.830+0000] {dagbag.py:536} INFO - Filling up the DagBag from /opt/airflow/dags/S3_UPLOAD_DAG.py
[2026-06-04T03:07:16.855+0000] {processor.py:839} INFO - DAG(s) dict_keys(['daily_vulnerability_ingestion']) retrieved from /opt/airflow/dags/S3_UPLOAD_DAG.py
[2026-06-04T03:07:16.875+0000] {logging_mixin.py:154} INFO - [2026-06-04T03:07:16.875+0000] {dag.py:2941} INFO - Sync 1 DAGs
[2026-06-04T03:07:16.959+0000] {logging_mixin.py:154} INFO - [2026-06-04T03:07:16.959+0000] {dag.py:3722} INFO - Setting next_dagrun for daily_vulnerability_ingestion to 2026-06-03T14:52:05.384041+00:00, run_after=2026-06-04T14:52:05.384041+00:00
[2026-06-04T03:07:16.974+0000] {processor.py:179} INFO - Processing /opt/airflow/dags/S3_UPLOAD_DAG.py took 0.156 seconds
[2026-06-04T03:07:47.034+0000] {processor.py:157} INFO - Started process (PID=430) to work on /opt/airflow/dags/S3_UPLOAD_DAG.py
[2026-06-04T03:07:47.035+0000] {processor.py:829} INFO - Processing file /opt/airflow/dags/S3_UPLOAD_DAG.py for tasks to queue
[2026-06-04T03:07:47.036+0000] {logging_mixin.py:154} INFO - [2026-06-04T03:07:47.036+0000] {dagbag.py:536} INFO - Filling up the DagBag from /opt/airflow/dags/S3_UPLOAD_DAG.py
[2026-06-04T03:07:47.050+0000] {processor.py:839} INFO - DAG(s) dict_keys(['daily_vulnerability_ingestion']) retrieved from /opt/airflow/dags/S3_UPLOAD_DAG.py
[2026-06-04T03:07:47.073+0000] {logging_mixin.py:154} INFO - [2026-06-04T03:07:47.072+0000] {dag.py:2941} INFO - Sync 1 DAGs
[2026-06-04T03:07:47.087+0000] {logging_mixin.py:154} INFO - [2026-06-04T03:07:47.087+0000] {dag.py:3722} INFO - Setting next_dagrun for daily_vulnerability_ingestion to 2026-06-03T14:52:05.384041+00:00, run_after=2026-06-04T14:52:05.384041+00:00
[2026-06-04T03:07:47.098+0000] {processor.py:179} INFO - Processing /opt/airflow/dags/S3_UPLOAD_DAG.py took 0.067 seconds
[2026-06-04T03:08:17.196+0000] {processor.py:157} INFO - Started process (PID=435) to work on /opt/airflow/dags/S3_UPLOAD_DAG.py
[2026-06-04T03:08:17.205+0000] {processor.py:829} INFO - Processing file /opt/airflow/dags/S3_UPLOAD_DAG.py for tasks to queue
[2026-06-04T03:08:17.206+0000] {logging_mixin.py:154} INFO - [2026-06-04T03:08:17.206+0000] {dagbag.py:536} INFO - Filling up the DagBag from /opt/airflow/dags/S3_UPLOAD_DAG.py
[2026-06-04T03:08:17.218+0000] {processor.py:839} INFO - DAG(s) dict_keys(['daily_vulnerability_ingestion']) retrieved from /opt/airflow/dags/S3_UPLOAD_DAG.py
[2026-06-04T03:08:17.238+0000] {logging_mixin.py:154} INFO - [2026-06-04T03:08:17.238+0000] {dag.py:2941} INFO - Sync 1 DAGs
[2026-06-04T03:08:17.256+0000] {logging_mixin.py:154} INFO - [2026-06-04T03:08:17.256+0000] {dag.py:3722} INFO - Setting next_dagrun for daily_vulnerability_ingestion to 2026-06-03T14:52:05.384041+00:00, run_after=2026-06-04T14:52:05.384041+00:00
[2026-06-04T03:08:17.338+0000] {processor.py:179} INFO - Processing /opt/airflow/dags/S3_UPLOAD_DAG.py took 0.144 seconds
[2026-06-04T03:08:47.460+0000] {processor.py:157} INFO - Started process (PID=440) to work on /opt/airflow/dags/S3_UPLOAD_DAG.py
[2026-06-04T03:08:47.460+0000] {processor.py:829} INFO - Processing file /opt/airflow/dags/S3_UPLOAD_DAG.py for tasks to queue
[2026-06-04T03:08:47.461+0000] {logging_mixin.py:154} INFO - [2026-06-04T03:08:47.461+0000] {dagbag.py:536} INFO - Filling up the DagBag from /opt/airflow/dags/S3_UPLOAD_DAG.py
[2026-06-04T03:08:47.474+0000] {processor.py:839} INFO - DAG(s) dict_keys(['daily_vulnerability_ingestion']) retrieved from /opt/airflow/dags/S3_UPLOAD_DAG.py
[2026-06-04T03:08:47.493+0000] {logging_mixin.py:154} INFO - [2026-06-04T03:08:47.493+0000] {dag.py:2941} INFO - Sync 1 DAGs
[2026-06-04T03:08:47.507+0000] {logging_mixin.py:154} INFO - [2026-06-04T03:08:47.507+0000] {dag.py:3722} INFO - Setting next_dagrun for daily_vulnerability_ingestion to 2026-06-03T14:52:05.384041+00:00, run_after=2026-06-04T14:52:05.384041+00:00
[2026-06-04T03:08:47.520+0000] {processor.py:179} INFO - Processing /opt/airflow/dags/S3_UPLOAD_DAG.py took 0.065 seconds
[2026-06-04T03:09:17.693+0000] {processor.py:157} INFO - Started process (PID=445) to work on /opt/airflow/dags/S3_UPLOAD_DAG.py
[2026-06-04T03:09:17.694+0000] {processor.py:829} INFO - Processing file /opt/airflow/dags/S3_UPLOAD_DAG.py for tasks to queue
[2026-06-04T03:09:17.695+0000] {logging_mixin.py:154} INFO - [2026-06-04T03:09:17.695+0000] {dagbag.py:536} INFO - Filling up the DagBag from /opt/airflow/dags/S3_UPLOAD_DAG.py
[2026-06-04T03:09:17.707+0000] {processor.py:839} INFO - DAG(s) dict_keys(['daily_vulnerability_ingestion']) retrieved from /opt/airflow/dags/S3_UPLOAD_DAG.py
[2026-06-04T03:09:17.725+0000] {logging_mixin.py:154} INFO - [2026-06-04T03:09:17.725+0000] {dag.py:2941} INFO - Sync 1 DAGs
[2026-06-04T03:09:17.741+0000] {logging_mixin.py:154} INFO - [2026-06-04T03:09:17.740+0000] {dag.py:3722} INFO - Setting next_dagrun for daily_vulnerability_ingestion to 2026-06-03T14:52:05.384041+00:00, run_after=2026-06-04T14:52:05.384041+00:00
[2026-06-04T03:09:17.752+0000] {processor.py:179} INFO - Processing /opt/airflow/dags/S3_UPLOAD_DAG.py took 0.062 seconds
[2026-06-04T03:09:47.930+0000] {processor.py:157} INFO - Started process (PID=450) to work on /opt/airflow/dags/S3_UPLOAD_DAG.py
[2026-06-04T03:09:47.931+0000] {processor.py:829} INFO - Processing file /opt/airflow/dags/S3_UPLOAD_DAG.py for tasks to queue
[2026-06-04T03:09:47.931+0000] {logging_mixin.py:154} INFO - [2026-06-04T03:09:47.931+0000] {dagbag.py:536} INFO - Filling up the DagBag from /opt/airflow/dags/S3_UPLOAD_DAG.py
[2026-06-04T03:09:47.947+0000] {processor.py:839} INFO - DAG(s) dict_keys(['daily_vulnerability_ingestion']) retrieved from /opt/airflow/dags/S3_UPLOAD_DAG.py
[2026-06-04T03:09:47.966+0000] {logging_mixin.py:154} INFO - [2026-06-04T03:09:47.966+0000] {dag.py:2941} INFO - Sync 1 DAGs
[2026-06-04T03:09:48.053+0000] {logging_mixin.py:154} INFO - [2026-06-04T03:09:48.052+0000] {dag.py:3722} INFO - Setting next_dagrun for daily_vulnerability_ingestion to 2026-06-03T14:52:05.384041+00:00, run_after=2026-06-04T14:52:05.384041+00:00
[2026-06-04T03:09:48.072+0000] {processor.py:179} INFO - Processing /opt/airflow/dags/S3_UPLOAD_DAG.py took 0.147 seconds
[2026-06-04T03:10:18.146+0000] {processor.py:157} INFO - Started process (PID=455) to work on /opt/airflow/dags/S3_UPLOAD_DAG.py
[2026-06-04T03:10:18.157+0000] {processor.py:829} INFO - Processing file /opt/airflow/dags/S3_UPLOAD_DAG.py for tasks to queue
[2026-06-04T03:10:18.159+0000] {logging_mixin.py:154} INFO - [2026-06-04T03:10:18.158+0000] {dagbag.py:536} INFO - Filling up the DagBag from /opt/airflow/dags/S3_UPLOAD_DAG.py
[2026-06-04T03:10:18.265+0000] {processor.py:839} INFO - DAG(s) dict_keys(['daily_vulnerability_ingestion']) retrieved from /opt/airflow/dags/S3_UPLOAD_DAG.py
[2026-06-04T03:10:18.280+0000] {logging_mixin.py:154} INFO - [2026-06-04T03:10:18.279+0000] {dag.py:2941} INFO - Sync 1 DAGs
[2026-06-04T03:10:18.293+0000] {logging_mixin.py:154} INFO - [2026-06-04T03:10:18.293+0000] {dag.py:3722} INFO - Setting next_dagrun for daily_vulnerability_ingestion to 2026-06-03T14:52:05.384041+00:00, run_after=2026-06-04T14:52:05.384041+00:00
[2026-06-04T03:10:18.312+0000] {processor.py:179} INFO - Processing /opt/airflow/dags/S3_UPLOAD_DAG.py took 0.175 seconds
[2026-06-04T03:10:48.445+0000] {processor.py:157} INFO - Started process (PID=460) to work on /opt/airflow/dags/S3_UPLOAD_DAG.py
[2026-06-04T03:10:48.445+0000] {processor.py:829} INFO - Processing file /opt/airflow/dags/S3_UPLOAD_DAG.py for tasks to queue
[2026-06-04T03:10:48.446+0000] {logging_mixin.py:154} INFO - [2026-06-04T03:10:48.446+0000] {dagbag.py:536} INFO - Filling up the DagBag from /opt/airflow/dags/S3_UPLOAD_DAG.py
[2026-06-04T03:10:48.459+0000] {processor.py:839} INFO - DAG(s) dict_keys(['daily_vulnerability_ingestion']) retrieved from /opt/airflow/dags/S3_UPLOAD_DAG.py
[2026-06-04T03:10:48.476+0000] {logging_mixin.py:154} INFO - [2026-06-04T03:10:48.476+0000] {dag.py:2941} INFO - Sync 1 DAGs
[2026-06-04T03:10:48.495+0000] {logging_mixin.py:154} INFO - [2026-06-04T03:10:48.495+0000] {dag.py:3722} INFO - Setting next_dagrun for daily_vulnerability_ingestion to 2026-06-03T14:52:05.384041+00:00, run_after=2026-06-04T14:52:05.384041+00:00
[2026-06-04T03:10:48.507+0000] {processor.py:179} INFO - Processing /opt/airflow/dags/S3_UPLOAD_DAG.py took 0.065 seconds
[2026-06-04T03:11:18.647+0000] {processor.py:157} INFO - Started process (PID=465) to work on /opt/airflow/dags/S3_UPLOAD_DAG.py
[2026-06-04T03:11:18.658+0000] {processor.py:829} INFO - Processing file /opt/airflow/dags/S3_UPLOAD_DAG.py for tasks to queue
[2026-06-04T03:11:18.660+0000] {logging_mixin.py:154} INFO - [2026-06-04T03:11:18.659+0000] {dagbag.py:536} INFO - Filling up the DagBag from /opt/airflow/dags/S3_UPLOAD_DAG.py
[2026-06-04T03:11:18.688+0000] {processor.py:839} INFO - DAG(s) dict_keys(['daily_vulnerability_ingestion']) retrieved from /opt/airflow/dags/S3_UPLOAD_DAG.py
[2026-06-04T03:11:18.709+0000] {logging_mixin.py:154} INFO - [2026-06-04T03:11:18.709+0000] {dag.py:2941} INFO - Sync 1 DAGs
[2026-06-04T03:11:18.723+0000] {logging_mixin.py:154} INFO - [2026-06-04T03:11:18.723+0000] {dag.py:3722} INFO - Setting next_dagrun for daily_vulnerability_ingestion to 2026-06-03T14:52:05.384041+00:00, run_after=2026-06-04T14:52:05.384041+00:00
[2026-06-04T03:11:18.734+0000] {processor.py:179} INFO - Processing /opt/airflow/dags/S3_UPLOAD_DAG.py took 0.096 seconds
[2026-06-04T03:11:48.893+0000] {processor.py:157} INFO - Started process (PID=470) to work on /opt/airflow/dags/S3_UPLOAD_DAG.py
[2026-06-04T03:11:48.894+0000] {processor.py:829} INFO - Processing file /opt/airflow/dags/S3_UPLOAD_DAG.py for tasks to queue
[2026-06-04T03:11:48.895+0000] {logging_mixin.py:154} INFO - [2026-06-04T03:11:48.895+0000] {dagbag.py:536} INFO - Filling up the DagBag from /opt/airflow/dags/S3_UPLOAD_DAG.py
[2026-06-04T03:11:48.916+0000] {processor.py:839} INFO - DAG(s) dict_keys(['daily_vulnerability_ingestion']) retrieved from /opt/airflow/dags/S3_UPLOAD_DAG.py
[2026-06-04T03:11:48.937+0000] {logging_mixin.py:154} INFO - [2026-06-04T03:11:48.937+0000] {dag.py:2941} INFO - Sync 1 DAGs
[2026-06-04T03:11:48.951+0000] {logging_mixin.py:154} INFO - [2026-06-04T03:11:48.951+0000] {dag.py:3722} INFO - Setting next_dagrun for daily_vulnerability_ingestion to 2026-06-03T14:52:05.384041+00:00, run_after=2026-06-04T14:52:05.384041+00:00
[2026-06-04T03:11:48.963+0000] {processor.py:179} INFO - Processing /opt/airflow/dags/S3_UPLOAD_DAG.py took 0.075 seconds
[2026-06-04T03:12:19.141+0000] {processor.py:157} INFO - Started process (PID=475) to work on /opt/airflow/dags/S3_UPLOAD_DAG.py
[2026-06-04T03:12:19.151+0000] {processor.py:829} INFO - Processing file /opt/airflow/dags/S3_UPLOAD_DAG.py for tasks to queue
[2026-06-04T03:12:19.153+0000] {logging_mixin.py:154} INFO - [2026-06-04T03:12:19.152+0000] {dagbag.py:536} INFO - Filling up the DagBag from /opt/airflow/dags/S3_UPLOAD_DAG.py
[2026-06-04T03:12:19.177+0000] {processor.py:839} INFO - DAG(s) dict_keys(['daily_vulnerability_ingestion']) retrieved from /opt/airflow/dags/S3_UPLOAD_DAG.py
[2026-06-04T03:12:19.198+0000] {logging_mixin.py:154} INFO - [2026-06-04T03:12:19.198+0000] {dag.py:2941} INFO - Sync 1 DAGs
[2026-06-04T03:12:19.212+0000] {logging_mixin.py:154} INFO - [2026-06-04T03:12:19.212+0000] {dag.py:3722} INFO - Setting next_dagrun for daily_vulnerability_ingestion to 2026-06-03T14:52:05.384041+00:00, run_after=2026-06-04T14:52:05.384041+00:00
[2026-06-04T03:12:19.223+0000] {processor.py:179} INFO - Processing /opt/airflow/dags/S3_UPLOAD_DAG.py took 0.095 seconds
[2026-06-04T03:12:49.361+0000] {processor.py:157} INFO - Started process (PID=480) to work on /opt/airflow/dags/S3_UPLOAD_DAG.py
[2026-06-04T03:12:49.362+0000] {processor.py:829} INFO - Processing file /opt/airflow/dags/S3_UPLOAD_DAG.py for tasks to queue
[2026-06-04T03:12:49.363+0000] {logging_mixin.py:154} INFO - [2026-06-04T03:12:49.363+0000] {dagbag.py:536} INFO - Filling up the DagBag from /opt/airflow/dags/S3_UPLOAD_DAG.py
[2026-06-04T03:12:49.378+0000] {processor.py:839} INFO - DAG(s) dict_keys(['daily_vulnerability_ingestion']) retrieved from /opt/airflow/dags/S3_UPLOAD_DAG.py
[2026-06-04T03:12:49.396+0000] {logging_mixin.py:154} INFO - [2026-06-04T03:12:49.396+0000] {dag.py:2941} INFO - Sync 1 DAGs
[2026-06-04T03:12:49.410+0000] {logging_mixin.py:154} INFO - [2026-06-04T03:12:49.410+0000] {dag.py:3722} INFO - Setting next_dagrun for daily_vulnerability_ingestion to 2026-06-03T14:52:05.384041+00:00, run_after=2026-06-04T14:52:05.384041+00:00
[2026-06-04T03:12:49.421+0000] {processor.py:179} INFO - Processing /opt/airflow/dags/S3_UPLOAD_DAG.py took 0.065 seconds
[2026-06-04T03:13:19.593+0000] {processor.py:157} INFO - Started process (PID=485) to work on /opt/airflow/dags/S3_UPLOAD_DAG.py
[2026-06-04T03:13:19.602+0000] {processor.py:829} INFO - Processing file /opt/airflow/dags/S3_UPLOAD_DAG.py for tasks to queue
[2026-06-04T03:13:19.603+0000] {logging_mixin.py:154} INFO - [2026-06-04T03:13:19.603+0000] {dagbag.py:536} INFO - Filling up the DagBag from /opt/airflow/dags/S3_UPLOAD_DAG.py
[2026-06-04T03:13:19.620+0000] {processor.py:839} INFO - DAG(s) dict_keys(['daily_vulnerability_ingestion']) retrieved from /opt/airflow/dags/S3_UPLOAD_DAG.py
[2026-06-04T03:13:19.640+0000] {logging_mixin.py:154} INFO - [2026-06-04T03:13:19.640+0000] {dag.py:2941} INFO - Sync 1 DAGs
[2026-06-04T03:13:19.657+0000] {logging_mixin.py:154} INFO - [2026-06-04T03:13:19.657+0000] {dag.py:3722} INFO - Setting next_dagrun for daily_vulnerability_ingestion to 2026-06-03T14:52:05.384041+00:00, run_after=2026-06-04T14:52:05.384041+00:00
[2026-06-04T03:13:19.668+0000] {processor.py:179} INFO - Processing /opt/airflow/dags/S3_UPLOAD_DAG.py took 0.080 seconds
[2026-06-04T03:13:49.812+0000] {processor.py:157} INFO - Started process (PID=490) to work on /opt/airflow/dags/S3_UPLOAD_DAG.py
[2026-06-04T03:13:49.814+0000] {processor.py:829} INFO - Processing file /opt/airflow/dags/S3_UPLOAD_DAG.py for tasks to queue
[2026-06-04T03:13:49.816+0000] {logging_mixin.py:154} INFO - [2026-06-04T03:13:49.816+0000] {dagbag.py:536} INFO - Filling up the DagBag from /opt/airflow/dags/S3_UPLOAD_DAG.py
[2026-06-04T03:13:49.839+0000] {processor.py:839} INFO - DAG(s) dict_keys(['daily_vulnerability_ingestion']) retrieved from /opt/airflow/dags/S3_UPLOAD_DAG.py
[2026-06-04T03:13:49.858+0000] {logging_mixin.py:154} INFO - [2026-06-04T03:13:49.858+0000] {dag.py:2941} INFO - Sync 1 DAGs
[2026-06-04T03:13:49.873+0000] {logging_mixin.py:154} INFO - [2026-06-04T03:13:49.873+0000] {dag.py:3722} INFO - Setting next_dagrun for daily_vulnerability_ingestion to 2026-06-03T14:52:05.384041+00:00, run_after=2026-06-04T14:52:05.384041+00:00
[2026-06-04T03:13:49.884+0000] {processor.py:179} INFO - Processing /opt/airflow/dags/S3_UPLOAD_DAG.py took 0.082 seconds
[2026-06-04T03:14:20.053+0000] {processor.py:157} INFO - Started process (PID=495) to work on /opt/airflow/dags/S3_UPLOAD_DAG.py
[2026-06-04T03:14:20.063+0000] {processor.py:829} INFO - Processing file /opt/airflow/dags/S3_UPLOAD_DAG.py for tasks to queue
[2026-06-04T03:14:20.065+0000] {logging_mixin.py:154} INFO - [2026-06-04T03:14:20.064+0000] {dagbag.py:536} INFO - Filling up the DagBag from /opt/airflow/dags/S3_UPLOAD_DAG.py
[2026-06-04T03:14:20.087+0000] {processor.py:839} INFO - DAG(s) dict_keys(['daily_vulnerability_ingestion']) retrieved from /opt/airflow/dags/S3_UPLOAD_DAG.py
[2026-06-04T03:14:20.107+0000] {logging_mixin.py:154} INFO - [2026-06-04T03:14:20.107+0000] {dag.py:2941} INFO - Sync 1 DAGs
[2026-06-04T03:14:20.122+0000] {logging_mixin.py:154} INFO - [2026-06-04T03:14:20.121+0000] {dag.py:3722} INFO - Setting next_dagrun for daily_vulnerability_ingestion to 2026-06-03T14:52:05.384041+00:00, run_after=2026-06-04T14:52:05.384041+00:00
[2026-06-04T03:14:20.133+0000] {processor.py:179} INFO - Processing /opt/airflow/dags/S3_UPLOAD_DAG.py took 0.088 seconds
[2026-06-04T03:14:50.289+0000] {processor.py:157} INFO - Started process (PID=500) to work on /opt/airflow/dags/S3_UPLOAD_DAG.py
[2026-06-04T03:14:50.290+0000] {processor.py:829} INFO - Processing file /opt/airflow/dags/S3_UPLOAD_DAG.py for tasks to queue
[2026-06-04T03:14:50.290+0000] {logging_mixin.py:154} INFO - [2026-06-04T03:14:50.290+0000] {dagbag.py:536} INFO - Filling up the DagBag from /opt/airflow/dags/S3_UPLOAD_DAG.py
[2026-06-04T03:14:50.300+0000] {processor.py:839} INFO - DAG(s) dict_keys(['daily_vulnerability_ingestion']) retrieved from /opt/airflow/dags/S3_UPLOAD_DAG.py
[2026-06-04T03:14:50.318+0000] {logging_mixin.py:154} INFO - [2026-06-04T03:14:50.317+0000] {dag.py:2941} INFO - Sync 1 DAGs
[2026-06-04T03:14:50.332+0000] {logging_mixin.py:154} INFO - [2026-06-04T03:14:50.332+0000] {dag.py:3722} INFO - Setting next_dagrun for daily_vulnerability_ingestion to 2026-06-03T14:52:05.384041+00:00, run_after=2026-06-04T14:52:05.384041+00:00
[2026-06-04T03:14:50.343+0000] {processor.py:179} INFO - Processing /opt/airflow/dags/S3_UPLOAD_DAG.py took 0.056 seconds
[2026-06-04T03:15:20.509+0000] {processor.py:157} INFO - Started process (PID=505) to work on /opt/airflow/dags/S3_UPLOAD_DAG.py
[2026-06-04T03:15:20.518+0000] {processor.py:829} INFO - Processing file /opt/airflow/dags/S3_UPLOAD_DAG.py for tasks to queue
[2026-06-04T03:15:20.520+0000] {logging_mixin.py:154} INFO - [2026-06-04T03:15:20.519+0000] {dagbag.py:536} INFO - Filling up the DagBag from /opt/airflow/dags/S3_UPLOAD_DAG.py
[2026-06-04T03:15:20.537+0000] {processor.py:839} INFO - DAG(s) dict_keys(['daily_vulnerability_ingestion']) retrieved from /opt/airflow/dags/S3_UPLOAD_DAG.py
[2026-06-04T03:15:20.555+0000] {logging_mixin.py:154} INFO - [2026-06-04T03:15:20.555+0000] {dag.py:2941} INFO - Sync 1 DAGs
[2026-06-04T03:15:20.571+0000] {logging_mixin.py:154} INFO - [2026-06-04T03:15:20.571+0000] {dag.py:3722} INFO - Setting next_dagrun for daily_vulnerability_ingestion to 2026-06-03T14:52:05.384041+00:00, run_after=2026-06-04T14:52:05.384041+00:00
[2026-06-04T03:15:20.583+0000] {processor.py:179} INFO - Processing /opt/airflow/dags/S3_UPLOAD_DAG.py took 0.082 seconds
[2026-06-04T03:15:50.737+0000] {processor.py:157} INFO - Started process (PID=510) to work on /opt/airflow/dags/S3_UPLOAD_DAG.py
[2026-06-04T03:15:50.738+0000] {processor.py:829} INFO - Processing file /opt/airflow/dags/S3_UPLOAD_DAG.py for tasks to queue
[2026-06-04T03:15:50.740+0000] {logging_mixin.py:154} INFO - [2026-06-04T03:15:50.739+0000] {dagbag.py:536} INFO - Filling up the DagBag from /opt/airflow/dags/S3_UPLOAD_DAG.py
[2026-06-04T03:15:50.758+0000] {processor.py:839} INFO - DAG(s) dict_keys(['daily_vulnerability_ingestion']) retrieved from /opt/airflow/dags/S3_UPLOAD_DAG.py
[2026-06-04T03:15:50.777+0000] {logging_mixin.py:154} INFO - [2026-06-04T03:15:50.777+0000] {dag.py:2941} INFO - Sync 1 DAGs
[2026-06-04T03:15:50.793+0000] {logging_mixin.py:154} INFO - [2026-06-04T03:15:50.793+0000] {dag.py:3722} INFO - Setting next_dagrun for daily_vulnerability_ingestion to 2026-06-03T14:52:05.384041+00:00, run_after=2026-06-04T14:52:05.384041+00:00
[2026-06-04T03:15:50.805+0000] {processor.py:179} INFO - Processing /opt/airflow/dags/S3_UPLOAD_DAG.py took 0.078 seconds
[2026-06-04T03:16:20.925+0000] {processor.py:157} INFO - Started process (PID=515) to work on /opt/airflow/dags/S3_UPLOAD_DAG.py
[2026-06-04T03:16:20.926+0000] {processor.py:829} INFO - Processing file /opt/airflow/dags/S3_UPLOAD_DAG.py for tasks to queue
[2026-06-04T03:16:20.927+0000] {logging_mixin.py:154} INFO - [2026-06-04T03:16:20.927+0000] {dagbag.py:536} INFO - Filling up the DagBag from /opt/airflow/dags/S3_UPLOAD_DAG.py
[2026-06-04T03:16:20.945+0000] {processor.py:839} INFO - DAG(s) dict_keys(['daily_vulnerability_ingestion']) retrieved from /opt/airflow/dags/S3_UPLOAD_DAG.py
[2026-06-04T03:16:20.966+0000] {logging_mixin.py:154} INFO - [2026-06-04T03:16:20.966+0000] {dag.py:2941} INFO - Sync 1 DAGs
[2026-06-04T03:16:20.981+0000] {logging_mixin.py:154} INFO - [2026-06-04T03:16:20.981+0000] {dag.py:3722} INFO - Setting next_dagrun for daily_vulnerability_ingestion to 2026-06-03T14:52:05.384041+00:00, run_after=2026-06-04T14:52:05.384041+00:00
[2026-06-04T03:16:20.991+0000] {processor.py:179} INFO - Processing /opt/airflow/dags/S3_UPLOAD_DAG.py took 0.070 seconds
[2026-06-04T03:16:51.154+0000] {processor.py:157} INFO - Started process (PID=520) to work on /opt/airflow/dags/S3_UPLOAD_DAG.py
[2026-06-04T03:16:51.154+0000] {processor.py:829} INFO - Processing file /opt/airflow/dags/S3_UPLOAD_DAG.py for tasks to queue
[2026-06-04T03:16:51.160+0000] {logging_mixin.py:154} INFO - [2026-06-04T03:16:51.160+0000] {dagbag.py:536} INFO - Filling up the DagBag from /opt/airflow/dags/S3_UPLOAD_DAG.py
[2026-06-04T03:16:51.169+0000] {processor.py:839} INFO - DAG(s) dict_keys(['daily_vulnerability_ingestion']) retrieved from /opt/airflow/dags/S3_UPLOAD_DAG.py
[2026-06-04T03:16:51.186+0000] {logging_mixin.py:154} INFO - [2026-06-04T03:16:51.185+0000] {dag.py:2941} INFO - Sync 1 DAGs
[2026-06-04T03:16:51.201+0000] {logging_mixin.py:154} INFO - [2026-06-04T03:16:51.200+0000] {dag.py:3722} INFO - Setting next_dagrun for daily_vulnerability_ingestion to 2026-06-03T14:52:05.384041+00:00, run_after=2026-06-04T14:52:05.384041+00:00
[2026-06-04T03:16:51.212+0000] {processor.py:179} INFO - Processing /opt/airflow/dags/S3_UPLOAD_DAG.py took 0.060 seconds
[2026-06-04T03:17:21.337+0000] {processor.py:157} INFO - Started process (PID=525) to work on /opt/airflow/dags/S3_UPLOAD_DAG.py
[2026-06-04T03:17:21.346+0000] {processor.py:829} INFO - Processing file /opt/airflow/dags/S3_UPLOAD_DAG.py for tasks to queue
[2026-06-04T03:17:21.346+0000] {logging_mixin.py:154} INFO - [2026-06-04T03:17:21.346+0000] {dagbag.py:536} INFO - Filling up the DagBag from /opt/airflow/dags/S3_UPLOAD_DAG.py
[2026-06-04T03:17:21.357+0000] {processor.py:839} INFO - DAG(s) dict_keys(['daily_vulnerability_ingestion']) retrieved from /opt/airflow/dags/S3_UPLOAD_DAG.py
[2026-06-04T03:17:21.375+0000] {logging_mixin.py:154} INFO - [2026-06-04T03:17:21.375+0000] {dag.py:2941} INFO - Sync 1 DAGs
[2026-06-04T03:17:21.390+0000] {logging_mixin.py:154} INFO - [2026-06-04T03:17:21.390+0000] {dag.py:3722} INFO - Setting next_dagrun for daily_vulnerability_ingestion to 2026-06-03T14:52:05.384041+00:00, run_after=2026-06-04T14:52:05.384041+00:00
[2026-06-04T03:17:21.402+0000] {processor.py:179} INFO - Processing /opt/airflow/dags/S3_UPLOAD_DAG.py took 0.067 seconds
[2026-06-04T03:17:51.563+0000] {processor.py:157} INFO - Started process (PID=530) to work on /opt/airflow/dags/S3_UPLOAD_DAG.py
[2026-06-04T03:17:51.564+0000] {processor.py:829} INFO - Processing file /opt/airflow/dags/S3_UPLOAD_DAG.py for tasks to queue
[2026-06-04T03:17:51.564+0000] {logging_mixin.py:154} INFO - [2026-06-04T03:17:51.564+0000] {dagbag.py:536} INFO - Filling up the DagBag from /opt/airflow/dags/S3_UPLOAD_DAG.py
[2026-06-04T03:17:51.573+0000] {processor.py:839} INFO - DAG(s) dict_keys(['daily_vulnerability_ingestion']) retrieved from /opt/airflow/dags/S3_UPLOAD_DAG.py
[2026-06-04T03:17:51.589+0000] {logging_mixin.py:154} INFO - [2026-06-04T03:17:51.589+0000] {dag.py:2941} INFO - Sync 1 DAGs
[2026-06-04T03:17:51.604+0000] {logging_mixin.py:154} INFO - [2026-06-04T03:17:51.604+0000] {dag.py:3722} INFO - Setting next_dagrun for daily_vulnerability_ingestion to 2026-06-03T14:52:05.384041+00:00, run_after=2026-06-04T14:52:05.384041+00:00
[2026-06-04T03:17:51.617+0000] {processor.py:179} INFO - Processing /opt/airflow/dags/S3_UPLOAD_DAG.py took 0.055 seconds
[2026-06-04T03:18:21.777+0000] {processor.py:157} INFO - Started process (PID=535) to work on /opt/airflow/dags/S3_UPLOAD_DAG.py
[2026-06-04T03:18:21.786+0000] {processor.py:829} INFO - Processing file /opt/airflow/dags/S3_UPLOAD_DAG.py for tasks to queue
[2026-06-04T03:18:21.786+0000] {logging_mixin.py:154} INFO - [2026-06-04T03:18:21.786+0000] {dagbag.py:536} INFO - Filling up the DagBag from /opt/airflow/dags/S3_UPLOAD_DAG.py
[2026-06-04T03:18:21.795+0000] {processor.py:839} INFO - DAG(s) dict_keys(['daily_vulnerability_ingestion']) retrieved from /opt/airflow/dags/S3_UPLOAD_DAG.py
[2026-06-04T03:18:21.813+0000] {logging_mixin.py:154} INFO - [2026-06-04T03:18:21.813+0000] {dag.py:2941} INFO - Sync 1 DAGs
[2026-06-04T03:18:21.827+0000] {logging_mixin.py:154} INFO - [2026-06-04T03:18:21.827+0000] {dag.py:3722} INFO - Setting next_dagrun for daily_vulnerability_ingestion to 2026-06-03T14:52:05.384041+00:00, run_after=2026-06-04T14:52:05.384041+00:00
[2026-06-04T03:18:21.839+0000] {processor.py:179} INFO - Processing /opt/airflow/dags/S3_UPLOAD_DAG.py took 0.064 seconds
[2026-06-04T03:18:51.996+0000] {processor.py:157} INFO - Started process (PID=540) to work on /opt/airflow/dags/S3_UPLOAD_DAG.py
[2026-06-04T03:18:51.997+0000] {processor.py:829} INFO - Processing file /opt/airflow/dags/S3_UPLOAD_DAG.py for tasks to queue
[2026-06-04T03:18:51.998+0000] {logging_mixin.py:154} INFO - [2026-06-04T03:18:51.997+0000] {dagbag.py:536} INFO - Filling up the DagBag from /opt/airflow/dags/S3_UPLOAD_DAG.py
[2026-06-04T03:18:52.012+0000] {processor.py:839} INFO - DAG(s) dict_keys(['daily_vulnerability_ingestion']) retrieved from /opt/airflow/dags/S3_UPLOAD_DAG.py
[2026-06-04T03:18:52.030+0000] {logging_mixin.py:154} INFO - [2026-06-04T03:18:52.030+0000] {dag.py:2941} INFO - Sync 1 DAGs
[2026-06-04T03:18:52.045+0000] {logging_mixin.py:154} INFO - [2026-06-04T03:18:52.044+0000] {dag.py:3722} INFO - Setting next_dagrun for daily_vulnerability_ingestion to 2026-06-03T14:52:05.384041+00:00, run_after=2026-06-04T14:52:05.384041+00:00
[2026-06-04T03:18:52.055+0000] {processor.py:179} INFO - Processing /opt/airflow/dags/S3_UPLOAD_DAG.py took 0.063 seconds
[2026-06-04T03:19:22.218+0000] {processor.py:157} INFO - Started process (PID=545) to work on /opt/airflow/dags/S3_UPLOAD_DAG.py
[2026-06-04T03:19:22.228+0000] {processor.py:829} INFO - Processing file /opt/airflow/dags/S3_UPLOAD_DAG.py for tasks to queue
[2026-06-04T03:19:22.230+0000] {logging_mixin.py:154} INFO - [2026-06-04T03:19:22.229+0000] {dagbag.py:536} INFO - Filling up the DagBag from /opt/airflow/dags/S3_UPLOAD_DAG.py
[2026-06-04T03:19:22.257+0000] {processor.py:839} INFO - DAG(s) dict_keys(['daily_vulnerability_ingestion']) retrieved from /opt/airflow/dags/S3_UPLOAD_DAG.py
[2026-06-04T03:19:22.280+0000] {logging_mixin.py:154} INFO - [2026-06-04T03:19:22.280+0000] {dag.py:2941} INFO - Sync 1 DAGs
[2026-06-04T03:19:22.300+0000] {logging_mixin.py:154} INFO - [2026-06-04T03:19:22.300+0000] {dag.py:3722} INFO - Setting next_dagrun for daily_vulnerability_ingestion to 2026-06-03T14:52:05.384041+00:00, run_after=2026-06-04T14:52:05.384041+00:00
[2026-06-04T03:19:22.312+0000] {processor.py:179} INFO - Processing /opt/airflow/dags/S3_UPLOAD_DAG.py took 0.104 seconds
[2026-06-04T03:19:52.486+0000] {processor.py:157} INFO - Started process (PID=550) to work on /opt/airflow/dags/S3_UPLOAD_DAG.py
[2026-06-04T03:19:52.487+0000] {processor.py:829} INFO - Processing file /opt/airflow/dags/S3_UPLOAD_DAG.py for tasks to queue
[2026-06-04T03:19:52.489+0000] {logging_mixin.py:154} INFO - [2026-06-04T03:19:52.488+0000] {dagbag.py:536} INFO - Filling up the DagBag from /opt/airflow/dags/S3_UPLOAD_DAG.py
[2026-06-04T03:19:52.505+0000] {processor.py:839} INFO - DAG(s) dict_keys(['daily_vulnerability_ingestion']) retrieved from /opt/airflow/dags/S3_UPLOAD_DAG.py
[2026-06-04T03:19:52.523+0000] {logging_mixin.py:154} INFO - [2026-06-04T03:19:52.523+0000] {dag.py:2941} INFO - Sync 1 DAGs
[2026-06-04T03:19:52.537+0000] {logging_mixin.py:154} INFO - [2026-06-04T03:19:52.537+0000] {dag.py:3722} INFO - Setting next_dagrun for daily_vulnerability_ingestion to 2026-06-03T14:52:05.384041+00:00, run_after=2026-06-04T14:52:05.384041+00:00
[2026-06-04T03:19:52.548+0000] {processor.py:179} INFO - Processing /opt/airflow/dags/S3_UPLOAD_DAG.py took 0.070 seconds
[2026-06-04T03:20:22.705+0000] {processor.py:157} INFO - Started process (PID=555) to work on /opt/airflow/dags/S3_UPLOAD_DAG.py
[2026-06-04T03:20:22.715+0000] {processor.py:829} INFO - Processing file /opt/airflow/dags/S3_UPLOAD_DAG.py for tasks to queue
[2026-06-04T03:20:22.718+0000] {logging_mixin.py:154} INFO - [2026-06-04T03:20:22.717+0000] {dagbag.py:536} INFO - Filling up the DagBag from /opt/airflow/dags/S3_UPLOAD_DAG.py
[2026-06-04T03:20:22.743+0000] {processor.py:839} INFO - DAG(s) dict_keys(['daily_vulnerability_ingestion']) retrieved from /opt/airflow/dags/S3_UPLOAD_DAG.py
[2026-06-04T03:20:22.764+0000] {logging_mixin.py:154} INFO - [2026-06-04T03:20:22.763+0000] {dag.py:2941} INFO - Sync 1 DAGs
[2026-06-04T03:20:22.778+0000] {logging_mixin.py:154} INFO - [2026-06-04T03:20:22.778+0000] {dag.py:3722} INFO - Setting next_dagrun for daily_vulnerability_ingestion to 2026-06-03T14:52:05.384041+00:00, run_after=2026-06-04T14:52:05.384041+00:00
[2026-06-04T03:20:22.789+0000] {processor.py:179} INFO - Processing /opt/airflow/dags/S3_UPLOAD_DAG.py took 0.093 seconds
[2026-06-04T03:20:52.943+0000] {processor.py:157} INFO - Started process (PID=560) to work on /opt/airflow/dags/S3_UPLOAD_DAG.py
[2026-06-04T03:20:52.944+0000] {processor.py:829} INFO - Processing file /opt/airflow/dags/S3_UPLOAD_DAG.py for tasks to queue
[2026-06-04T03:20:52.945+0000] {logging_mixin.py:154} INFO - [2026-06-04T03:20:52.945+0000] {dagbag.py:536} INFO - Filling up the DagBag from /opt/airflow/dags/S3_UPLOAD_DAG.py
[2026-06-04T03:20:52.961+0000] {processor.py:839} INFO - DAG(s) dict_keys(['daily_vulnerability_ingestion']) retrieved from /opt/airflow/dags/S3_UPLOAD_DAG.py
[2026-06-04T03:20:52.980+0000] {logging_mixin.py:154} INFO - [2026-06-04T03:20:52.980+0000] {dag.py:2941} INFO - Sync 1 DAGs
[2026-06-04T03:20:52.995+0000] {logging_mixin.py:154} INFO - [2026-06-04T03:20:52.995+0000] {dag.py:3722} INFO - Setting next_dagrun for daily_vulnerability_ingestion to 2026-06-03T14:52:05.384041+00:00, run_after=2026-06-04T14:52:05.384041+00:00
[2026-06-04T03:20:53.007+0000] {processor.py:179} INFO - Processing /opt/airflow/dags/S3_UPLOAD_DAG.py took 0.072 seconds
[2026-06-04T03:21:23.132+0000] {processor.py:157} INFO - Started process (PID=565) to work on /opt/airflow/dags/S3_UPLOAD_DAG.py
[2026-06-04T03:21:23.141+0000] {processor.py:829} INFO - Processing file /opt/airflow/dags/S3_UPLOAD_DAG.py for tasks to queue
[2026-06-04T03:21:23.142+0000] {logging_mixin.py:154} INFO - [2026-06-04T03:21:23.141+0000] {dagbag.py:536} INFO - Filling up the DagBag from /opt/airflow/dags/S3_UPLOAD_DAG.py
[2026-06-04T03:21:23.165+0000] {processor.py:839} INFO - DAG(s) dict_keys(['daily_vulnerability_ingestion']) retrieved from /opt/airflow/dags/S3_UPLOAD_DAG.py
[2026-06-04T03:21:23.195+0000] {logging_mixin.py:154} INFO - [2026-06-04T03:21:23.194+0000] {dag.py:2941} INFO - Sync 1 DAGs
[2026-06-04T03:21:23.215+0000] {logging_mixin.py:154} INFO - [2026-06-04T03:21:23.215+0000] {dag.py:3722} INFO - Setting next_dagrun for daily_vulnerability_ingestion to 2026-06-03T14:52:05.384041+00:00, run_after=2026-06-04T14:52:05.384041+00:00
[2026-06-04T03:21:23.227+0000] {processor.py:179} INFO - Processing /opt/airflow/dags/S3_UPLOAD_DAG.py took 0.100 seconds
[2026-06-04T03:21:53.375+0000] {processor.py:157} INFO - Started process (PID=570) to work on /opt/airflow/dags/S3_UPLOAD_DAG.py
[2026-06-04T03:21:53.375+0000] {processor.py:829} INFO - Processing file /opt/airflow/dags/S3_UPLOAD_DAG.py for tasks to queue
[2026-06-04T03:21:53.376+0000] {logging_mixin.py:154} INFO - [2026-06-04T03:21:53.375+0000] {dagbag.py:536} INFO - Filling up the DagBag from /opt/airflow/dags/S3_UPLOAD_DAG.py
[2026-06-04T03:21:53.387+0000] {processor.py:839} INFO - DAG(s) dict_keys(['daily_vulnerability_ingestion']) retrieved from /opt/airflow/dags/S3_UPLOAD_DAG.py
[2026-06-04T03:21:53.405+0000] {logging_mixin.py:154} INFO - [2026-06-04T03:21:53.405+0000] {dag.py:2941} INFO - Sync 1 DAGs
[2026-06-04T03:21:53.420+0000] {logging_mixin.py:154} INFO - [2026-06-04T03:21:53.420+0000] {dag.py:3722} INFO - Setting next_dagrun for daily_vulnerability_ingestion to 2026-06-03T14:52:05.384041+00:00, run_after=2026-06-04T14:52:05.384041+00:00
[2026-06-04T03:21:53.430+0000] {processor.py:179} INFO - Processing /opt/airflow/dags/S3_UPLOAD_DAG.py took 0.058 seconds
[2026-06-04T03:22:23.595+0000] {processor.py:157} INFO - Started process (PID=575) to work on /opt/airflow/dags/S3_UPLOAD_DAG.py
[2026-06-04T03:22:23.604+0000] {processor.py:829} INFO - Processing file /opt/airflow/dags/S3_UPLOAD_DAG.py for tasks to queue
[2026-06-04T03:22:23.605+0000] {logging_mixin.py:154} INFO - [2026-06-04T03:22:23.604+0000] {dagbag.py:536} INFO - Filling up the DagBag from /opt/airflow/dags/S3_UPLOAD_DAG.py
[2026-06-04T03:22:23.614+0000] {processor.py:839} INFO - DAG(s) dict_keys(['daily_vulnerability_ingestion']) retrieved from /opt/airflow/dags/S3_UPLOAD_DAG.py
[2026-06-04T03:22:23.630+0000] {logging_mixin.py:154} INFO - [2026-06-04T03:22:23.630+0000] {dag.py:2941} INFO - Sync 1 DAGs
[2026-06-04T03:22:23.644+0000] {logging_mixin.py:154} INFO - [2026-06-04T03:22:23.644+0000] {dag.py:3722} INFO - Setting next_dagrun for daily_vulnerability_ingestion to 2026-06-03T14:52:05.384041+00:00, run_after=2026-06-04T14:52:05.384041+00:00
[2026-06-04T03:22:23.655+0000] {processor.py:179} INFO - Processing /opt/airflow/dags/S3_UPLOAD_DAG.py took 0.062 seconds
[2026-06-04T03:22:53.813+0000] {processor.py:157} INFO - Started process (PID=580) to work on /opt/airflow/dags/S3_UPLOAD_DAG.py
[2026-06-04T03:22:53.814+0000] {processor.py:829} INFO - Processing file /opt/airflow/dags/S3_UPLOAD_DAG.py for tasks to queue
[2026-06-04T03:22:53.815+0000] {logging_mixin.py:154} INFO - [2026-06-04T03:22:53.815+0000] {dagbag.py:536} INFO - Filling up the DagBag from /opt/airflow/dags/S3_UPLOAD_DAG.py
[2026-06-04T03:22:53.835+0000] {processor.py:839} INFO - DAG(s) dict_keys(['daily_vulnerability_ingestion']) retrieved from /opt/airflow/dags/S3_UPLOAD_DAG.py
[2026-06-04T03:22:53.857+0000] {logging_mixin.py:154} INFO - [2026-06-04T03:22:53.857+0000] {dag.py:2941} INFO - Sync 1 DAGs
[2026-06-04T03:22:53.873+0000] {logging_mixin.py:154} INFO - [2026-06-04T03:22:53.873+0000] {dag.py:3722} INFO - Setting next_dagrun for daily_vulnerability_ingestion to 2026-06-03T14:52:05.384041+00:00, run_after=2026-06-04T14:52:05.384041+00:00
[2026-06-04T03:22:53.884+0000] {processor.py:179} INFO - Processing /opt/airflow/dags/S3_UPLOAD_DAG.py took 0.076 seconds
[2026-06-04T03:23:24.012+0000] {processor.py:157} INFO - Started process (PID=585) to work on /opt/airflow/dags/S3_UPLOAD_DAG.py
[2026-06-04T03:23:24.021+0000] {processor.py:829} INFO - Processing file /opt/airflow/dags/S3_UPLOAD_DAG.py for tasks to queue
[2026-06-04T03:23:24.022+0000] {logging_mixin.py:154} INFO - [2026-06-04T03:23:24.021+0000] {dagbag.py:536} INFO - Filling up the DagBag from /opt/airflow/dags/S3_UPLOAD_DAG.py
[2026-06-04T03:23:24.034+0000] {processor.py:839} INFO - DAG(s) dict_keys(['daily_vulnerability_ingestion']) retrieved from /opt/airflow/dags/S3_UPLOAD_DAG.py
[2026-06-04T03:23:24.058+0000] {logging_mixin.py:154} INFO - [2026-06-04T03:23:24.058+0000] {dag.py:2941} INFO - Sync 1 DAGs
[2026-06-04T03:23:24.078+0000] {logging_mixin.py:154} INFO - [2026-06-04T03:23:24.078+0000] {dag.py:3722} INFO - Setting next_dagrun for daily_vulnerability_ingestion to 2026-06-03T14:52:05.384041+00:00, run_after=2026-06-04T14:52:05.384041+00:00
[2026-06-04T03:23:24.091+0000] {processor.py:179} INFO - Processing /opt/airflow/dags/S3_UPLOAD_DAG.py took 0.081 seconds
[2026-06-04T03:23:54.243+0000] {processor.py:157} INFO - Started process (PID=590) to work on /opt/airflow/dags/S3_UPLOAD_DAG.py
[2026-06-04T03:23:54.244+0000] {processor.py:829} INFO - Processing file /opt/airflow/dags/S3_UPLOAD_DAG.py for tasks to queue
[2026-06-04T03:23:54.245+0000] {logging_mixin.py:154} INFO - [2026-06-04T03:23:54.244+0000] {dagbag.py:536} INFO - Filling up the DagBag from /opt/airflow/dags/S3_UPLOAD_DAG.py
[2026-06-04T03:23:54.260+0000] {processor.py:839} INFO - DAG(s) dict_keys(['daily_vulnerability_ingestion']) retrieved from /opt/airflow/dags/S3_UPLOAD_DAG.py
[2026-06-04T03:23:54.279+0000] {logging_mixin.py:154} INFO - [2026-06-04T03:23:54.279+0000] {dag.py:2941} INFO - Sync 1 DAGs
[2026-06-04T03:23:54.294+0000] {logging_mixin.py:154} INFO - [2026-06-04T03:23:54.294+0000] {dag.py:3722} INFO - Setting next_dagrun for daily_vulnerability_ingestion to 2026-06-03T14:52:05.384041+00:00, run_after=2026-06-04T14:52:05.384041+00:00
[2026-06-04T03:23:54.306+0000] {processor.py:179} INFO - Processing /opt/airflow/dags/S3_UPLOAD_DAG.py took 0.067 seconds
[2026-06-04T03:24:24.467+0000] {processor.py:157} INFO - Started process (PID=595) to work on /opt/airflow/dags/S3_UPLOAD_DAG.py
[2026-06-04T03:24:24.477+0000] {processor.py:829} INFO - Processing file /opt/airflow/dags/S3_UPLOAD_DAG.py for tasks to queue
[2026-06-04T03:24:24.479+0000] {logging_mixin.py:154} INFO - [2026-06-04T03:24:24.478+0000] {dagbag.py:536} INFO - Filling up the DagBag from /opt/airflow/dags/S3_UPLOAD_DAG.py
[2026-06-04T03:24:24.506+0000] {processor.py:839} INFO - DAG(s) dict_keys(['daily_vulnerability_ingestion']) retrieved from /opt/airflow/dags/S3_UPLOAD_DAG.py
[2026-06-04T03:24:24.527+0000] {logging_mixin.py:154} INFO - [2026-06-04T03:24:24.527+0000] {dag.py:2941} INFO - Sync 1 DAGs
[2026-06-04T03:24:24.541+0000] {logging_mixin.py:154} INFO - [2026-06-04T03:24:24.541+0000] {dag.py:3722} INFO - Setting next_dagrun for daily_vulnerability_ingestion to 2026-06-03T14:52:05.384041+00:00, run_after=2026-06-04T14:52:05.384041+00:00
[2026-06-04T03:24:24.552+0000] {processor.py:179} INFO - Processing /opt/airflow/dags/S3_UPLOAD_DAG.py took 0.094 seconds
[2026-06-04T03:24:54.684+0000] {processor.py:157} INFO - Started process (PID=600) to work on /opt/airflow/dags/S3_UPLOAD_DAG.py
[2026-06-04T03:24:54.685+0000] {processor.py:829} INFO - Processing file /opt/airflow/dags/S3_UPLOAD_DAG.py for tasks to queue
[2026-06-04T03:24:54.685+0000] {logging_mixin.py:154} INFO - [2026-06-04T03:24:54.685+0000] {dagbag.py:536} INFO - Filling up the DagBag from /opt/airflow/dags/S3_UPLOAD_DAG.py
[2026-06-04T03:24:54.695+0000] {processor.py:839} INFO - DAG(s) dict_keys(['daily_vulnerability_ingestion']) retrieved from /opt/airflow/dags/S3_UPLOAD_DAG.py
[2026-06-04T03:24:54.713+0000] {logging_mixin.py:154} INFO - [2026-06-04T03:24:54.713+0000] {dag.py:2941} INFO - Sync 1 DAGs
[2026-06-04T03:24:54.728+0000] {logging_mixin.py:154} INFO - [2026-06-04T03:24:54.727+0000] {dag.py:3722} INFO - Setting next_dagrun for daily_vulnerability_ingestion to 2026-06-03T14:52:05.384041+00:00, run_after=2026-06-04T14:52:05.384041+00:00
[2026-06-04T03:24:54.739+0000] {processor.py:179} INFO - Processing /opt/airflow/dags/S3_UPLOAD_DAG.py took 0.057 seconds
[2026-06-04T03:25:24.918+0000] {processor.py:157} INFO - Started process (PID=605) to work on /opt/airflow/dags/S3_UPLOAD_DAG.py
[2026-06-04T03:25:24.927+0000] {processor.py:829} INFO - Processing file /opt/airflow/dags/S3_UPLOAD_DAG.py for tasks to queue
[2026-06-04T03:25:24.928+0000] {logging_mixin.py:154} INFO - [2026-06-04T03:25:24.928+0000] {dagbag.py:536} INFO - Filling up the DagBag from /opt/airflow/dags/S3_UPLOAD_DAG.py
[2026-06-04T03:25:24.949+0000] {processor.py:839} INFO - DAG(s) dict_keys(['daily_vulnerability_ingestion']) retrieved from /opt/airflow/dags/S3_UPLOAD_DAG.py
[2026-06-04T03:25:24.972+0000] {logging_mixin.py:154} INFO - [2026-06-04T03:25:24.972+0000] {dag.py:2941} INFO - Sync 1 DAGs
[2026-06-04T03:25:24.990+0000] {logging_mixin.py:154} INFO - [2026-06-04T03:25:24.990+0000] {dag.py:3722} INFO - Setting next_dagrun for daily_vulnerability_ingestion to 2026-06-03T14:52:05.384041+00:00, run_after=2026-06-04T14:52:05.384041+00:00
[2026-06-04T03:25:25.001+0000] {processor.py:179} INFO - Processing /opt/airflow/dags/S3_UPLOAD_DAG.py took 0.088 seconds
[2026-06-04T03:25:55.116+0000] {processor.py:157} INFO - Started process (PID=610) to work on /opt/airflow/dags/S3_UPLOAD_DAG.py
[2026-06-04T03:25:55.117+0000] {processor.py:829} INFO - Processing file /opt/airflow/dags/S3_UPLOAD_DAG.py for tasks to queue
[2026-06-04T03:25:55.117+0000] {logging_mixin.py:154} INFO - [2026-06-04T03:25:55.117+0000] {dagbag.py:536} INFO - Filling up the DagBag from /opt/airflow/dags/S3_UPLOAD_DAG.py
[2026-06-04T03:25:55.127+0000] {processor.py:839} INFO - DAG(s) dict_keys(['daily_vulnerability_ingestion']) retrieved from /opt/airflow/dags/S3_UPLOAD_DAG.py
[2026-06-04T03:25:55.144+0000] {logging_mixin.py:154} INFO - [2026-06-04T03:25:55.144+0000] {dag.py:2941} INFO - Sync 1 DAGs
[2026-06-04T03:25:55.158+0000] {logging_mixin.py:154} INFO - [2026-06-04T03:25:55.158+0000] {dag.py:3722} INFO - Setting next_dagrun for daily_vulnerability_ingestion to 2026-06-03T14:52:05.384041+00:00, run_after=2026-06-04T14:52:05.384041+00:00
[2026-06-04T03:25:55.170+0000] {processor.py:179} INFO - Processing /opt/airflow/dags/S3_UPLOAD_DAG.py took 0.056 seconds
[2026-06-04T03:26:25.339+0000] {processor.py:157} INFO - Started process (PID=615) to work on /opt/airflow/dags/S3_UPLOAD_DAG.py
[2026-06-04T03:26:25.348+0000] {processor.py:829} INFO - Processing file /opt/airflow/dags/S3_UPLOAD_DAG.py for tasks to queue
[2026-06-04T03:26:25.349+0000] {logging_mixin.py:154} INFO - [2026-06-04T03:26:25.349+0000] {dagbag.py:536} INFO - Filling up the DagBag from /opt/airflow/dags/S3_UPLOAD_DAG.py
[2026-06-04T03:26:25.365+0000] {processor.py:839} INFO - DAG(s) dict_keys(['daily_vulnerability_ingestion']) retrieved from /opt/airflow/dags/S3_UPLOAD_DAG.py
[2026-06-04T03:26:25.390+0000] {logging_mixin.py:154} INFO - [2026-06-04T03:26:25.390+0000] {dag.py:2941} INFO - Sync 1 DAGs
[2026-06-04T03:26:25.405+0000] {logging_mixin.py:154} INFO - [2026-06-04T03:26:25.405+0000] {dag.py:3722} INFO - Setting next_dagrun for daily_vulnerability_ingestion to 2026-06-03T14:52:05.384041+00:00, run_after=2026-06-04T14:52:05.384041+00:00
[2026-06-04T03:26:25.416+0000] {processor.py:179} INFO - Processing /opt/airflow/dags/S3_UPLOAD_DAG.py took 0.080 seconds
[2026-06-04T03:26:55.559+0000] {processor.py:157} INFO - Started process (PID=620) to work on /opt/airflow/dags/S3_UPLOAD_DAG.py
[2026-06-04T03:26:55.561+0000] {processor.py:829} INFO - Processing file /opt/airflow/dags/S3_UPLOAD_DAG.py for tasks to queue
[2026-06-04T03:26:55.563+0000] {logging_mixin.py:154} INFO - [2026-06-04T03:26:55.562+0000] {dagbag.py:536} INFO - Filling up the DagBag from /opt/airflow/dags/S3_UPLOAD_DAG.py
[2026-06-04T03:26:55.588+0000] {processor.py:839} INFO - DAG(s) dict_keys(['daily_vulnerability_ingestion']) retrieved from /opt/airflow/dags/S3_UPLOAD_DAG.py
[2026-06-04T03:26:55.608+0000] {logging_mixin.py:154} INFO - [2026-06-04T03:26:55.608+0000] {dag.py:2941} INFO - Sync 1 DAGs
[2026-06-04T03:26:55.623+0000] {logging_mixin.py:154} INFO - [2026-06-04T03:26:55.623+0000] {dag.py:3722} INFO - Setting next_dagrun for daily_vulnerability_ingestion to 2026-06-03T14:52:05.384041+00:00, run_after=2026-06-04T14:52:05.384041+00:00
[2026-06-04T03:26:55.635+0000] {processor.py:179} INFO - Processing /opt/airflow/dags/S3_UPLOAD_DAG.py took 0.086 seconds
[2026-06-04T03:27:25.802+0000] {processor.py:157} INFO - Started process (PID=625) to work on /opt/airflow/dags/S3_UPLOAD_DAG.py
[2026-06-04T03:27:25.812+0000] {processor.py:829} INFO - Processing file /opt/airflow/dags/S3_UPLOAD_DAG.py for tasks to queue
[2026-06-04T03:27:25.814+0000] {logging_mixin.py:154} INFO - [2026-06-04T03:27:25.813+0000] {dagbag.py:536} INFO - Filling up the DagBag from /opt/airflow/dags/S3_UPLOAD_DAG.py
[2026-06-04T03:27:25.840+0000] {processor.py:839} INFO - DAG(s) dict_keys(['daily_vulnerability_ingestion']) retrieved from /opt/airflow/dags/S3_UPLOAD_DAG.py
[2026-06-04T03:27:25.862+0000] {logging_mixin.py:154} INFO - [2026-06-04T03:27:25.862+0000] {dag.py:2941} INFO - Sync 1 DAGs
[2026-06-04T03:27:25.879+0000] {logging_mixin.py:154} INFO - [2026-06-04T03:27:25.879+0000] {dag.py:3722} INFO - Setting next_dagrun for daily_vulnerability_ingestion to 2026-06-03T14:52:05.384041+00:00, run_after=2026-06-04T14:52:05.384041+00:00
[2026-06-04T03:27:25.891+0000] {processor.py:179} INFO - Processing /opt/airflow/dags/S3_UPLOAD_DAG.py took 0.099 seconds
[2026-06-04T03:27:56.044+0000] {processor.py:157} INFO - Started process (PID=630) to work on /opt/airflow/dags/S3_UPLOAD_DAG.py
[2026-06-04T03:27:56.046+0000] {processor.py:829} INFO - Processing file /opt/airflow/dags/S3_UPLOAD_DAG.py for tasks to queue
[2026-06-04T03:27:56.048+0000] {logging_mixin.py:154} INFO - [2026-06-04T03:27:56.047+0000] {dagbag.py:536} INFO - Filling up the DagBag from /opt/airflow/dags/S3_UPLOAD_DAG.py
[2026-06-04T03:27:56.071+0000] {processor.py:839} INFO - DAG(s) dict_keys(['daily_vulnerability_ingestion']) retrieved from /opt/airflow/dags/S3_UPLOAD_DAG.py
[2026-06-04T03:27:56.092+0000] {logging_mixin.py:154} INFO - [2026-06-04T03:27:56.092+0000] {dag.py:2941} INFO - Sync 1 DAGs
[2026-06-04T03:27:56.108+0000] {logging_mixin.py:154} INFO - [2026-06-04T03:27:56.108+0000] {dag.py:3722} INFO - Setting next_dagrun for daily_vulnerability_ingestion to 2026-06-03T14:52:05.384041+00:00, run_after=2026-06-04T14:52:05.384041+00:00
[2026-06-04T03:27:56.120+0000] {processor.py:179} INFO - Processing /opt/airflow/dags/S3_UPLOAD_DAG.py took 0.085 seconds
[2026-06-04T03:28:26.288+0000] {processor.py:157} INFO - Started process (PID=635) to work on /opt/airflow/dags/S3_UPLOAD_DAG.py
[2026-06-04T03:28:26.295+0000] {processor.py:829} INFO - Processing file /opt/airflow/dags/S3_UPLOAD_DAG.py for tasks to queue
[2026-06-04T03:28:26.297+0000] {logging_mixin.py:154} INFO - [2026-06-04T03:28:26.296+0000] {dagbag.py:536} INFO - Filling up the DagBag from /opt/airflow/dags/S3_UPLOAD_DAG.py
[2026-06-04T03:28:26.321+0000] {processor.py:839} INFO - DAG(s) dict_keys(['daily_vulnerability_ingestion']) retrieved from /opt/airflow/dags/S3_UPLOAD_DAG.py
[2026-06-04T03:28:26.341+0000] {logging_mixin.py:154} INFO - [2026-06-04T03:28:26.341+0000] {dag.py:2941} INFO - Sync 1 DAGs
[2026-06-04T03:28:26.356+0000] {logging_mixin.py:154} INFO - [2026-06-04T03:28:26.356+0000] {dag.py:3722} INFO - Setting next_dagrun for daily_vulnerability_ingestion to 2026-06-03T14:52:05.384041+00:00, run_after=2026-06-04T14:52:05.384041+00:00
[2026-06-04T03:28:26.369+0000] {processor.py:179} INFO - Processing /opt/airflow/dags/S3_UPLOAD_DAG.py took 0.090 seconds
[2026-06-04T03:28:56.509+0000] {processor.py:157} INFO - Started process (PID=640) to work on /opt/airflow/dags/S3_UPLOAD_DAG.py
[2026-06-04T03:28:56.510+0000] {processor.py:829} INFO - Processing file /opt/airflow/dags/S3_UPLOAD_DAG.py for tasks to queue
[2026-06-04T03:28:56.512+0000] {logging_mixin.py:154} INFO - [2026-06-04T03:28:56.511+0000] {dagbag.py:536} INFO - Filling up the DagBag from /opt/airflow/dags/S3_UPLOAD_DAG.py
[2026-06-04T03:28:56.532+0000] {processor.py:839} INFO - DAG(s) dict_keys(['daily_vulnerability_ingestion']) retrieved from /opt/airflow/dags/S3_UPLOAD_DAG.py
[2026-06-04T03:28:56.552+0000] {logging_mixin.py:154} INFO - [2026-06-04T03:28:56.551+0000] {dag.py:2941} INFO - Sync 1 DAGs
[2026-06-04T03:28:56.567+0000] {logging_mixin.py:154} INFO - [2026-06-04T03:28:56.567+0000] {dag.py:3722} INFO - Setting next_dagrun for daily_vulnerability_ingestion to 2026-06-03T14:52:05.384041+00:00, run_after=2026-06-04T14:52:05.384041+00:00
[2026-06-04T03:28:56.579+0000] {processor.py:179} INFO - Processing /opt/airflow/dags/S3_UPLOAD_DAG.py took 0.078 seconds
[2026-06-04T03:29:26.733+0000] {processor.py:157} INFO - Started process (PID=645) to work on /opt/airflow/dags/S3_UPLOAD_DAG.py
[2026-06-04T03:29:26.733+0000] {processor.py:829} INFO - Processing file /opt/airflow/dags/S3_UPLOAD_DAG.py for tasks to queue
[2026-06-04T03:29:26.734+0000] {logging_mixin.py:154} INFO - [2026-06-04T03:29:26.734+0000] {dagbag.py:536} INFO - Filling up the DagBag from /opt/airflow/dags/S3_UPLOAD_DAG.py
[2026-06-04T03:29:26.749+0000] {processor.py:839} INFO - DAG(s) dict_keys(['daily_vulnerability_ingestion']) retrieved from /opt/airflow/dags/S3_UPLOAD_DAG.py
[2026-06-04T03:29:26.771+0000] {logging_mixin.py:154} INFO - [2026-06-04T03:29:26.771+0000] {dag.py:2941} INFO - Sync 1 DAGs
[2026-06-04T03:29:26.789+0000] {logging_mixin.py:154} INFO - [2026-06-04T03:29:26.789+0000] {dag.py:3722} INFO - Setting next_dagrun for daily_vulnerability_ingestion to 2026-06-03T14:52:05.384041+00:00, run_after=2026-06-04T14:52:05.384041+00:00
[2026-06-04T03:29:26.800+0000] {processor.py:179} INFO - Processing /opt/airflow/dags/S3_UPLOAD_DAG.py took 0.071 seconds
[2026-06-04T03:29:56.995+0000] {processor.py:157} INFO - Started process (PID=650) to work on /opt/airflow/dags/S3_UPLOAD_DAG.py
[2026-06-04T03:29:56.996+0000] {processor.py:829} INFO - Processing file /opt/airflow/dags/S3_UPLOAD_DAG.py for tasks to queue
[2026-06-04T03:29:56.997+0000] {logging_mixin.py:154} INFO - [2026-06-04T03:29:56.996+0000] {dagbag.py:536} INFO - Filling up the DagBag from /opt/airflow/dags/S3_UPLOAD_DAG.py
[2026-06-04T03:29:57.015+0000] {processor.py:839} INFO - DAG(s) dict_keys(['daily_vulnerability_ingestion']) retrieved from /opt/airflow/dags/S3_UPLOAD_DAG.py
[2026-06-04T03:29:57.034+0000] {logging_mixin.py:154} INFO - [2026-06-04T03:29:57.034+0000] {dag.py:2941} INFO - Sync 1 DAGs
[2026-06-04T03:29:57.050+0000] {logging_mixin.py:154} INFO - [2026-06-04T03:29:57.049+0000] {dag.py:3722} INFO - Setting next_dagrun for daily_vulnerability_ingestion to 2026-06-03T14:52:05.384041+00:00, run_after=2026-06-04T14:52:05.384041+00:00
[2026-06-04T03:29:57.061+0000] {processor.py:179} INFO - Processing /opt/airflow/dags/S3_UPLOAD_DAG.py took 0.072 seconds
[2026-06-04T03:30:27.212+0000] {processor.py:157} INFO - Started process (PID=655) to work on /opt/airflow/dags/S3_UPLOAD_DAG.py
[2026-06-04T03:30:27.214+0000] {processor.py:829} INFO - Processing file /opt/airflow/dags/S3_UPLOAD_DAG.py for tasks to queue
[2026-06-04T03:30:27.216+0000] {logging_mixin.py:154} INFO - [2026-06-04T03:30:27.215+0000] {dagbag.py:536} INFO - Filling up the DagBag from /opt/airflow/dags/S3_UPLOAD_DAG.py
[2026-06-04T03:30:27.237+0000] {processor.py:839} INFO - DAG(s) dict_keys(['daily_vulnerability_ingestion']) retrieved from /opt/airflow/dags/S3_UPLOAD_DAG.py
[2026-06-04T03:30:27.257+0000] {logging_mixin.py:154} INFO - [2026-06-04T03:30:27.257+0000] {dag.py:2941} INFO - Sync 1 DAGs
[2026-06-04T03:30:27.273+0000] {logging_mixin.py:154} INFO - [2026-06-04T03:30:27.273+0000] {dag.py:3722} INFO - Setting next_dagrun for daily_vulnerability_ingestion to 2026-06-03T14:52:05.384041+00:00, run_after=2026-06-04T14:52:05.384041+00:00
[2026-06-04T03:30:27.284+0000] {processor.py:179} INFO - Processing /opt/airflow/dags/S3_UPLOAD_DAG.py took 0.082 seconds
[2026-06-04T03:30:57.455+0000] {processor.py:157} INFO - Started process (PID=660) to work on /opt/airflow/dags/S3_UPLOAD_DAG.py
[2026-06-04T03:30:57.456+0000] {processor.py:829} INFO - Processing file /opt/airflow/dags/S3_UPLOAD_DAG.py for tasks to queue
[2026-06-04T03:30:57.457+0000] {logging_mixin.py:154} INFO - [2026-06-04T03:30:57.457+0000] {dagbag.py:536} INFO - Filling up the DagBag from /opt/airflow/dags/S3_UPLOAD_DAG.py
[2026-06-04T03:30:57.473+0000] {processor.py:839} INFO - DAG(s) dict_keys(['daily_vulnerability_ingestion']) retrieved from /opt/airflow/dags/S3_UPLOAD_DAG.py
[2026-06-04T03:30:57.491+0000] {logging_mixin.py:154} INFO - [2026-06-04T03:30:57.491+0000] {dag.py:2941} INFO - Sync 1 DAGs
[2026-06-04T03:30:57.505+0000] {logging_mixin.py:154} INFO - [2026-06-04T03:30:57.505+0000] {dag.py:3722} INFO - Setting next_dagrun for daily_vulnerability_ingestion to 2026-06-03T14:52:05.384041+00:00, run_after=2026-06-04T14:52:05.384041+00:00
[2026-06-04T03:30:57.517+0000] {processor.py:179} INFO - Processing /opt/airflow/dags/S3_UPLOAD_DAG.py took 0.067 seconds
[2026-06-04T03:31:27.627+0000] {processor.py:157} INFO - Started process (PID=665) to work on /opt/airflow/dags/S3_UPLOAD_DAG.py
[2026-06-04T03:31:27.628+0000] {processor.py:829} INFO - Processing file /opt/airflow/dags/S3_UPLOAD_DAG.py for tasks to queue
[2026-06-04T03:31:27.628+0000] {logging_mixin.py:154} INFO - [2026-06-04T03:31:27.628+0000] {dagbag.py:536} INFO - Filling up the DagBag from /opt/airflow/dags/S3_UPLOAD_DAG.py
[2026-06-04T03:31:27.639+0000] {processor.py:839} INFO - DAG(s) dict_keys(['daily_vulnerability_ingestion']) retrieved from /opt/airflow/dags/S3_UPLOAD_DAG.py
[2026-06-04T03:31:27.656+0000] {logging_mixin.py:154} INFO - [2026-06-04T03:31:27.656+0000] {dag.py:2941} INFO - Sync 1 DAGs
[2026-06-04T03:31:27.671+0000] {logging_mixin.py:154} INFO - [2026-06-04T03:31:27.671+0000] {dag.py:3722} INFO - Setting next_dagrun for daily_vulnerability_ingestion to 2026-06-03T14:52:05.384041+00:00, run_after=2026-06-04T14:52:05.384041+00:00
[2026-06-04T03:31:27.683+0000] {processor.py:179} INFO - Processing /opt/airflow/dags/S3_UPLOAD_DAG.py took 0.058 seconds
[2026-06-04T03:31:57.882+0000] {processor.py:157} INFO - Started process (PID=670) to work on /opt/airflow/dags/S3_UPLOAD_DAG.py
[2026-06-04T03:31:57.883+0000] {processor.py:829} INFO - Processing file /opt/airflow/dags/S3_UPLOAD_DAG.py for tasks to queue
[2026-06-04T03:31:57.884+0000] {logging_mixin.py:154} INFO - [2026-06-04T03:31:57.884+0000] {dagbag.py:536} INFO - Filling up the DagBag from /opt/airflow/dags/S3_UPLOAD_DAG.py
[2026-06-04T03:31:57.901+0000] {processor.py:839} INFO - DAG(s) dict_keys(['daily_vulnerability_ingestion']) retrieved from /opt/airflow/dags/S3_UPLOAD_DAG.py
[2026-06-04T03:31:57.925+0000] {logging_mixin.py:154} INFO - [2026-06-04T03:31:57.924+0000] {dag.py:2941} INFO - Sync 1 DAGs
[2026-06-04T03:31:57.940+0000] {logging_mixin.py:154} INFO - [2026-06-04T03:31:57.940+0000] {dag.py:3722} INFO - Setting next_dagrun for daily_vulnerability_ingestion to 2026-06-03T14:52:05.384041+00:00, run_after=2026-06-04T14:52:05.384041+00:00
[2026-06-04T03:31:57.951+0000] {processor.py:179} INFO - Processing /opt/airflow/dags/S3_UPLOAD_DAG.py took 0.073 seconds
[2026-06-04T03:32:28.094+0000] {processor.py:157} INFO - Started process (PID=675) to work on /opt/airflow/dags/S3_UPLOAD_DAG.py
[2026-06-04T03:32:28.096+0000] {processor.py:829} INFO - Processing file /opt/airflow/dags/S3_UPLOAD_DAG.py for tasks to queue
[2026-06-04T03:32:28.097+0000] {logging_mixin.py:154} INFO - [2026-06-04T03:32:28.097+0000] {dagbag.py:536} INFO - Filling up the DagBag from /opt/airflow/dags/S3_UPLOAD_DAG.py
[2026-06-04T03:32:28.114+0000] {processor.py:839} INFO - DAG(s) dict_keys(['daily_vulnerability_ingestion']) retrieved from /opt/airflow/dags/S3_UPLOAD_DAG.py
[2026-06-04T03:32:28.133+0000] {logging_mixin.py:154} INFO - [2026-06-04T03:32:28.133+0000] {dag.py:2941} INFO - Sync 1 DAGs
[2026-06-04T03:32:28.148+0000] {logging_mixin.py:154} INFO - [2026-06-04T03:32:28.148+0000] {dag.py:3722} INFO - Setting next_dagrun for daily_vulnerability_ingestion to 2026-06-03T14:52:05.384041+00:00, run_after=2026-06-04T14:52:05.384041+00:00
[2026-06-04T03:32:28.159+0000] {processor.py:179} INFO - Processing /opt/airflow/dags/S3_UPLOAD_DAG.py took 0.074 seconds
[2026-06-04T03:32:58.322+0000] {processor.py:157} INFO - Started process (PID=680) to work on /opt/airflow/dags/S3_UPLOAD_DAG.py
[2026-06-04T03:32:58.323+0000] {processor.py:829} INFO - Processing file /opt/airflow/dags/S3_UPLOAD_DAG.py for tasks to queue
[2026-06-04T03:32:58.324+0000] {logging_mixin.py:154} INFO - [2026-06-04T03:32:58.324+0000] {dagbag.py:536} INFO - Filling up the DagBag from /opt/airflow/dags/S3_UPLOAD_DAG.py
[2026-06-04T03:32:58.341+0000] {processor.py:839} INFO - DAG(s) dict_keys(['daily_vulnerability_ingestion']) retrieved from /opt/airflow/dags/S3_UPLOAD_DAG.py
[2026-06-04T03:32:58.365+0000] {logging_mixin.py:154} INFO - [2026-06-04T03:32:58.365+0000] {dag.py:2941} INFO - Sync 1 DAGs
[2026-06-04T03:32:58.385+0000] {logging_mixin.py:154} INFO - [2026-06-04T03:32:58.385+0000] {dag.py:3722} INFO - Setting next_dagrun for daily_vulnerability_ingestion to 2026-06-03T14:52:05.384041+00:00, run_after=2026-06-04T14:52:05.384041+00:00
[2026-06-04T03:32:58.397+0000] {processor.py:179} INFO - Processing /opt/airflow/dags/S3_UPLOAD_DAG.py took 0.080 seconds
[2026-06-04T03:33:28.511+0000] {processor.py:157} INFO - Started process (PID=685) to work on /opt/airflow/dags/S3_UPLOAD_DAG.py
[2026-06-04T03:33:28.512+0000] {processor.py:829} INFO - Processing file /opt/airflow/dags/S3_UPLOAD_DAG.py for tasks to queue
[2026-06-04T03:33:28.512+0000] {logging_mixin.py:154} INFO - [2026-06-04T03:33:28.512+0000] {dagbag.py:536} INFO - Filling up the DagBag from /opt/airflow/dags/S3_UPLOAD_DAG.py
[2026-06-04T03:33:28.523+0000] {processor.py:839} INFO - DAG(s) dict_keys(['daily_vulnerability_ingestion']) retrieved from /opt/airflow/dags/S3_UPLOAD_DAG.py
[2026-06-04T03:33:28.542+0000] {logging_mixin.py:154} INFO - [2026-06-04T03:33:28.542+0000] {dag.py:2941} INFO - Sync 1 DAGs
[2026-06-04T03:33:28.557+0000] {logging_mixin.py:154} INFO - [2026-06-04T03:33:28.557+0000] {dag.py:3722} INFO - Setting next_dagrun for daily_vulnerability_ingestion to 2026-06-03T14:52:05.384041+00:00, run_after=2026-06-04T14:52:05.384041+00:00
[2026-06-04T03:33:28.569+0000] {processor.py:179} INFO - Processing /opt/airflow/dags/S3_UPLOAD_DAG.py took 0.060 seconds
[2026-06-04T03:33:58.772+0000] {processor.py:157} INFO - Started process (PID=690) to work on /opt/airflow/dags/S3_UPLOAD_DAG.py
[2026-06-04T03:33:58.772+0000] {processor.py:829} INFO - Processing file /opt/airflow/dags/S3_UPLOAD_DAG.py for tasks to queue
[2026-06-04T03:33:58.773+0000] {logging_mixin.py:154} INFO - [2026-06-04T03:33:58.773+0000] {dagbag.py:536} INFO - Filling up the DagBag from /opt/airflow/dags/S3_UPLOAD_DAG.py
[2026-06-04T03:33:58.788+0000] {processor.py:839} INFO - DAG(s) dict_keys(['daily_vulnerability_ingestion']) retrieved from /opt/airflow/dags/S3_UPLOAD_DAG.py
[2026-06-04T03:33:58.808+0000] {logging_mixin.py:154} INFO - [2026-06-04T03:33:58.808+0000] {dag.py:2941} INFO - Sync 1 DAGs
[2026-06-04T03:33:58.823+0000] {logging_mixin.py:154} INFO - [2026-06-04T03:33:58.823+0000] {dag.py:3722} INFO - Setting next_dagrun for daily_vulnerability_ingestion to 2026-06-03T14:52:05.384041+00:00, run_after=2026-06-04T14:52:05.384041+00:00
[2026-06-04T03:33:58.834+0000] {processor.py:179} INFO - Processing /opt/airflow/dags/S3_UPLOAD_DAG.py took 0.066 seconds
[2026-06-04T03:34:28.990+0000] {processor.py:157} INFO - Started process (PID=695) to work on /opt/airflow/dags/S3_UPLOAD_DAG.py
[2026-06-04T03:34:29.000+0000] {processor.py:829} INFO - Processing file /opt/airflow/dags/S3_UPLOAD_DAG.py for tasks to queue
[2026-06-04T03:34:29.002+0000] {logging_mixin.py:154} INFO - [2026-06-04T03:34:29.002+0000] {dagbag.py:536} INFO - Filling up the DagBag from /opt/airflow/dags/S3_UPLOAD_DAG.py
[2026-06-04T03:34:29.028+0000] {processor.py:839} INFO - DAG(s) dict_keys(['daily_vulnerability_ingestion']) retrieved from /opt/airflow/dags/S3_UPLOAD_DAG.py
[2026-06-04T03:34:29.048+0000] {logging_mixin.py:154} INFO - [2026-06-04T03:34:29.048+0000] {dag.py:2941} INFO - Sync 1 DAGs
[2026-06-04T03:34:29.063+0000] {logging_mixin.py:154} INFO - [2026-06-04T03:34:29.063+0000] {dag.py:3722} INFO - Setting next_dagrun for daily_vulnerability_ingestion to 2026-06-03T14:52:05.384041+00:00, run_after=2026-06-04T14:52:05.384041+00:00
[2026-06-04T03:34:29.075+0000] {processor.py:179} INFO - Processing /opt/airflow/dags/S3_UPLOAD_DAG.py took 0.095 seconds
[2026-06-04T03:34:59.250+0000] {processor.py:157} INFO - Started process (PID=700) to work on /opt/airflow/dags/S3_UPLOAD_DAG.py
[2026-06-04T03:34:59.251+0000] {processor.py:829} INFO - Processing file /opt/airflow/dags/S3_UPLOAD_DAG.py for tasks to queue
[2026-06-04T03:34:59.252+0000] {logging_mixin.py:154} INFO - [2026-06-04T03:34:59.251+0000] {dagbag.py:536} INFO - Filling up the DagBag from /opt/airflow/dags/S3_UPLOAD_DAG.py
[2026-06-04T03:34:59.267+0000] {processor.py:839} INFO - DAG(s) dict_keys(['daily_vulnerability_ingestion']) retrieved from /opt/airflow/dags/S3_UPLOAD_DAG.py
[2026-06-04T03:34:59.285+0000] {logging_mixin.py:154} INFO - [2026-06-04T03:34:59.285+0000] {dag.py:2941} INFO - Sync 1 DAGs
[2026-06-04T03:34:59.300+0000] {logging_mixin.py:154} INFO - [2026-06-04T03:34:59.300+0000] {dag.py:3722} INFO - Setting next_dagrun for daily_vulnerability_ingestion to 2026-06-03T14:52:05.384041+00:00, run_after=2026-06-04T14:52:05.384041+00:00
[2026-06-04T03:34:59.311+0000] {processor.py:179} INFO - Processing /opt/airflow/dags/S3_UPLOAD_DAG.py took 0.068 seconds
[2026-06-04T03:35:29.478+0000] {processor.py:157} INFO - Started process (PID=705) to work on /opt/airflow/dags/S3_UPLOAD_DAG.py
[2026-06-04T03:35:29.488+0000] {processor.py:829} INFO - Processing file /opt/airflow/dags/S3_UPLOAD_DAG.py for tasks to queue
[2026-06-04T03:35:29.489+0000] {logging_mixin.py:154} INFO - [2026-06-04T03:35:29.489+0000] {dagbag.py:536} INFO - Filling up the DagBag from /opt/airflow/dags/S3_UPLOAD_DAG.py
[2026-06-04T03:35:29.513+0000] {processor.py:839} INFO - DAG(s) dict_keys(['daily_vulnerability_ingestion']) retrieved from /opt/airflow/dags/S3_UPLOAD_DAG.py
[2026-06-04T03:35:29.535+0000] {logging_mixin.py:154} INFO - [2026-06-04T03:35:29.535+0000] {dag.py:2941} INFO - Sync 1 DAGs
[2026-06-04T03:35:29.549+0000] {logging_mixin.py:154} INFO - [2026-06-04T03:35:29.549+0000] {dag.py:3722} INFO - Setting next_dagrun for daily_vulnerability_ingestion to 2026-06-03T14:52:05.384041+00:00, run_after=2026-06-04T14:52:05.384041+00:00
[2026-06-04T03:35:29.560+0000] {processor.py:179} INFO - Processing /opt/airflow/dags/S3_UPLOAD_DAG.py took 0.091 seconds
[2026-06-04T03:35:59.689+0000] {processor.py:157} INFO - Started process (PID=710) to work on /opt/airflow/dags/S3_UPLOAD_DAG.py
[2026-06-04T03:35:59.690+0000] {processor.py:829} INFO - Processing file /opt/airflow/dags/S3_UPLOAD_DAG.py for tasks to queue
[2026-06-04T03:35:59.692+0000] {logging_mixin.py:154} INFO - [2026-06-04T03:35:59.691+0000] {dagbag.py:536} INFO - Filling up the DagBag from /opt/airflow/dags/S3_UPLOAD_DAG.py
[2026-06-04T03:35:59.716+0000] {processor.py:839} INFO - DAG(s) dict_keys(['daily_vulnerability_ingestion']) retrieved from /opt/airflow/dags/S3_UPLOAD_DAG.py
[2026-06-04T03:35:59.738+0000] {logging_mixin.py:154} INFO - [2026-06-04T03:35:59.738+0000] {dag.py:2941} INFO - Sync 1 DAGs
[2026-06-04T03:35:59.755+0000] {logging_mixin.py:154} INFO - [2026-06-04T03:35:59.755+0000] {dag.py:3722} INFO - Setting next_dagrun for daily_vulnerability_ingestion to 2026-06-03T14:52:05.384041+00:00, run_after=2026-06-04T14:52:05.384041+00:00
[2026-06-04T03:35:59.768+0000] {processor.py:179} INFO - Processing /opt/airflow/dags/S3_UPLOAD_DAG.py took 0.085 seconds
[2026-06-04T03:36:29.926+0000] {processor.py:157} INFO - Started process (PID=715) to work on /opt/airflow/dags/S3_UPLOAD_DAG.py
[2026-06-04T03:36:29.926+0000] {processor.py:829} INFO - Processing file /opt/airflow/dags/S3_UPLOAD_DAG.py for tasks to queue
[2026-06-04T03:36:29.927+0000] {logging_mixin.py:154} INFO - [2026-06-04T03:36:29.927+0000] {dagbag.py:536} INFO - Filling up the DagBag from /opt/airflow/dags/S3_UPLOAD_DAG.py
[2026-06-04T03:36:29.944+0000] {processor.py:839} INFO - DAG(s) dict_keys(['daily_vulnerability_ingestion']) retrieved from /opt/airflow/dags/S3_UPLOAD_DAG.py
[2026-06-04T03:36:29.965+0000] {logging_mixin.py:154} INFO - [2026-06-04T03:36:29.964+0000] {dag.py:2941} INFO - Sync 1 DAGs
[2026-06-04T03:36:29.979+0000] {logging_mixin.py:154} INFO - [2026-06-04T03:36:29.978+0000] {dag.py:3722} INFO - Setting next_dagrun for daily_vulnerability_ingestion to 2026-06-03T14:52:05.384041+00:00, run_after=2026-06-04T14:52:05.384041+00:00
[2026-06-04T03:36:29.990+0000] {processor.py:179} INFO - Processing /opt/airflow/dags/S3_UPLOAD_DAG.py took 0.068 seconds
[2026-06-04T03:37:00.150+0000] {processor.py:157} INFO - Started process (PID=720) to work on /opt/airflow/dags/S3_UPLOAD_DAG.py
[2026-06-04T03:37:00.160+0000] {processor.py:829} INFO - Processing file /opt/airflow/dags/S3_UPLOAD_DAG.py for tasks to queue
[2026-06-04T03:37:00.162+0000] {logging_mixin.py:154} INFO - [2026-06-04T03:37:00.161+0000] {dagbag.py:536} INFO - Filling up the DagBag from /opt/airflow/dags/S3_UPLOAD_DAG.py
[2026-06-04T03:37:00.187+0000] {processor.py:839} INFO - DAG(s) dict_keys(['daily_vulnerability_ingestion']) retrieved from /opt/airflow/dags/S3_UPLOAD_DAG.py
[2026-06-04T03:37:00.208+0000] {logging_mixin.py:154} INFO - [2026-06-04T03:37:00.207+0000] {dag.py:2941} INFO - Sync 1 DAGs
[2026-06-04T03:37:00.224+0000] {logging_mixin.py:154} INFO - [2026-06-04T03:37:00.224+0000] {dag.py:3722} INFO - Setting next_dagrun for daily_vulnerability_ingestion to 2026-06-03T14:52:05.384041+00:00, run_after=2026-06-04T14:52:05.384041+00:00
[2026-06-04T03:37:00.235+0000] {processor.py:179} INFO - Processing /opt/airflow/dags/S3_UPLOAD_DAG.py took 0.096 seconds
[2026-06-04T03:37:30.376+0000] {processor.py:157} INFO - Started process (PID=725) to work on /opt/airflow/dags/S3_UPLOAD_DAG.py
[2026-06-04T03:37:30.378+0000] {processor.py:829} INFO - Processing file /opt/airflow/dags/S3_UPLOAD_DAG.py for tasks to queue
[2026-06-04T03:37:30.379+0000] {logging_mixin.py:154} INFO - [2026-06-04T03:37:30.379+0000] {dagbag.py:536} INFO - Filling up the DagBag from /opt/airflow/dags/S3_UPLOAD_DAG.py
[2026-06-04T03:37:30.402+0000] {processor.py:839} INFO - DAG(s) dict_keys(['daily_vulnerability_ingestion']) retrieved from /opt/airflow/dags/S3_UPLOAD_DAG.py
[2026-06-04T03:37:30.422+0000] {logging_mixin.py:154} INFO - [2026-06-04T03:37:30.422+0000] {dag.py:2941} INFO - Sync 1 DAGs
[2026-06-04T03:37:30.438+0000] {logging_mixin.py:154} INFO - [2026-06-04T03:37:30.438+0000] {dag.py:3722} INFO - Setting next_dagrun for daily_vulnerability_ingestion to 2026-06-03T14:52:05.384041+00:00, run_after=2026-06-04T14:52:05.384041+00:00
[2026-06-04T03:37:30.450+0000] {processor.py:179} INFO - Processing /opt/airflow/dags/S3_UPLOAD_DAG.py took 0.080 seconds
[2026-06-04T03:38:00.626+0000] {processor.py:157} INFO - Started process (PID=730) to work on /opt/airflow/dags/S3_UPLOAD_DAG.py
[2026-06-04T03:38:00.635+0000] {processor.py:829} INFO - Processing file /opt/airflow/dags/S3_UPLOAD_DAG.py for tasks to queue
[2026-06-04T03:38:00.636+0000] {logging_mixin.py:154} INFO - [2026-06-04T03:38:00.636+0000] {dagbag.py:536} INFO - Filling up the DagBag from /opt/airflow/dags/S3_UPLOAD_DAG.py
[2026-06-04T03:38:00.654+0000] {processor.py:839} INFO - DAG(s) dict_keys(['daily_vulnerability_ingestion']) retrieved from /opt/airflow/dags/S3_UPLOAD_DAG.py
[2026-06-04T03:38:00.672+0000] {logging_mixin.py:154} INFO - [2026-06-04T03:38:00.672+0000] {dag.py:2941} INFO - Sync 1 DAGs
[2026-06-04T03:38:00.686+0000] {logging_mixin.py:154} INFO - [2026-06-04T03:38:00.686+0000] {dag.py:3722} INFO - Setting next_dagrun for daily_vulnerability_ingestion to 2026-06-03T14:52:05.384041+00:00, run_after=2026-06-04T14:52:05.384041+00:00
[2026-06-04T03:38:00.698+0000] {processor.py:179} INFO - Processing /opt/airflow/dags/S3_UPLOAD_DAG.py took 0.080 seconds
[2026-06-04T03:38:30.827+0000] {processor.py:157} INFO - Started process (PID=735) to work on /opt/airflow/dags/S3_UPLOAD_DAG.py
[2026-06-04T03:38:30.828+0000] {processor.py:829} INFO - Processing file /opt/airflow/dags/S3_UPLOAD_DAG.py for tasks to queue
[2026-06-04T03:38:30.828+0000] {logging_mixin.py:154} INFO - [2026-06-04T03:38:30.828+0000] {dagbag.py:536} INFO - Filling up the DagBag from /opt/airflow/dags/S3_UPLOAD_DAG.py
[2026-06-04T03:38:30.842+0000] {processor.py:839} INFO - DAG(s) dict_keys(['daily_vulnerability_ingestion']) retrieved from /opt/airflow/dags/S3_UPLOAD_DAG.py
[2026-06-04T03:38:30.861+0000] {logging_mixin.py:154} INFO - [2026-06-04T03:38:30.861+0000] {dag.py:2941} INFO - Sync 1 DAGs
[2026-06-04T03:38:30.878+0000] {logging_mixin.py:154} INFO - [2026-06-04T03:38:30.878+0000] {dag.py:3722} INFO - Setting next_dagrun for daily_vulnerability_ingestion to 2026-06-03T14:52:05.384041+00:00, run_after=2026-06-04T14:52:05.384041+00:00
[2026-06-04T03:38:30.889+0000] {processor.py:179} INFO - Processing /opt/airflow/dags/S3_UPLOAD_DAG.py took 0.066 seconds
[2026-06-04T03:39:01.065+0000] {processor.py:157} INFO - Started process (PID=740) to work on /opt/airflow/dags/S3_UPLOAD_DAG.py
[2026-06-04T03:39:01.074+0000] {processor.py:829} INFO - Processing file /opt/airflow/dags/S3_UPLOAD_DAG.py for tasks to queue
[2026-06-04T03:39:01.075+0000] {logging_mixin.py:154} INFO - [2026-06-04T03:39:01.074+0000] {dagbag.py:536} INFO - Filling up the DagBag from /opt/airflow/dags/S3_UPLOAD_DAG.py
[2026-06-04T03:39:01.091+0000] {processor.py:839} INFO - DAG(s) dict_keys(['daily_vulnerability_ingestion']) retrieved from /opt/airflow/dags/S3_UPLOAD_DAG.py
[2026-06-04T03:39:01.116+0000] {logging_mixin.py:154} INFO - [2026-06-04T03:39:01.116+0000] {dag.py:2941} INFO - Sync 1 DAGs
[2026-06-04T03:39:01.131+0000] {logging_mixin.py:154} INFO - [2026-06-04T03:39:01.131+0000] {dag.py:3722} INFO - Setting next_dagrun for daily_vulnerability_ingestion to 2026-06-03T14:52:05.384041+00:00, run_after=2026-06-04T14:52:05.384041+00:00
[2026-06-04T03:39:01.142+0000] {processor.py:179} INFO - Processing /opt/airflow/dags/S3_UPLOAD_DAG.py took 0.081 seconds
[2026-06-04T03:39:31.291+0000] {processor.py:157} INFO - Started process (PID=745) to work on /opt/airflow/dags/S3_UPLOAD_DAG.py
[2026-06-04T03:39:31.292+0000] {processor.py:829} INFO - Processing file /opt/airflow/dags/S3_UPLOAD_DAG.py for tasks to queue
[2026-06-04T03:39:31.294+0000] {logging_mixin.py:154} INFO - [2026-06-04T03:39:31.294+0000] {dagbag.py:536} INFO - Filling up the DagBag from /opt/airflow/dags/S3_UPLOAD_DAG.py
[2026-06-04T03:39:31.320+0000] {processor.py:839} INFO - DAG(s) dict_keys(['daily_vulnerability_ingestion']) retrieved from /opt/airflow/dags/S3_UPLOAD_DAG.py
[2026-06-04T03:39:31.341+0000] {logging_mixin.py:154} INFO - [2026-06-04T03:39:31.341+0000] {dag.py:2941} INFO - Sync 1 DAGs
[2026-06-04T03:39:31.357+0000] {logging_mixin.py:154} INFO - [2026-06-04T03:39:31.357+0000] {dag.py:3722} INFO - Setting next_dagrun for daily_vulnerability_ingestion to 2026-06-03T14:52:05.384041+00:00, run_after=2026-06-04T14:52:05.384041+00:00
[2026-06-04T03:39:31.369+0000] {processor.py:179} INFO - Processing /opt/airflow/dags/S3_UPLOAD_DAG.py took 0.088 seconds
[2026-06-04T03:40:01.564+0000] {processor.py:157} INFO - Started process (PID=750) to work on /opt/airflow/dags/S3_UPLOAD_DAG.py
[2026-06-04T03:40:01.573+0000] {processor.py:829} INFO - Processing file /opt/airflow/dags/S3_UPLOAD_DAG.py for tasks to queue
[2026-06-04T03:40:01.573+0000] {logging_mixin.py:154} INFO - [2026-06-04T03:40:01.573+0000] {dagbag.py:536} INFO - Filling up the DagBag from /opt/airflow/dags/S3_UPLOAD_DAG.py
[2026-06-04T03:40:01.586+0000] {processor.py:839} INFO - DAG(s) dict_keys(['daily_vulnerability_ingestion']) retrieved from /opt/airflow/dags/S3_UPLOAD_DAG.py
[2026-06-04T03:40:01.603+0000] {logging_mixin.py:154} INFO - [2026-06-04T03:40:01.603+0000] {dag.py:2941} INFO - Sync 1 DAGs
[2026-06-04T03:40:01.618+0000] {logging_mixin.py:154} INFO - [2026-06-04T03:40:01.618+0000] {dag.py:3722} INFO - Setting next_dagrun for daily_vulnerability_ingestion to 2026-06-03T14:52:05.384041+00:00, run_after=2026-06-04T14:52:05.384041+00:00
[2026-06-04T03:40:01.629+0000] {processor.py:179} INFO - Processing /opt/airflow/dags/S3_UPLOAD_DAG.py took 0.071 seconds
[2026-06-04T03:40:31.779+0000] {processor.py:157} INFO - Started process (PID=755) to work on /opt/airflow/dags/S3_UPLOAD_DAG.py
[2026-06-04T03:40:31.781+0000] {processor.py:829} INFO - Processing file /opt/airflow/dags/S3_UPLOAD_DAG.py for tasks to queue
[2026-06-04T03:40:31.783+0000] {logging_mixin.py:154} INFO - [2026-06-04T03:40:31.783+0000] {dagbag.py:536} INFO - Filling up the DagBag from /opt/airflow/dags/S3_UPLOAD_DAG.py
[2026-06-04T03:40:31.806+0000] {processor.py:839} INFO - DAG(s) dict_keys(['daily_vulnerability_ingestion']) retrieved from /opt/airflow/dags/S3_UPLOAD_DAG.py
[2026-06-04T03:40:31.827+0000] {logging_mixin.py:154} INFO - [2026-06-04T03:40:31.826+0000] {dag.py:2941} INFO - Sync 1 DAGs
[2026-06-04T03:40:31.843+0000] {logging_mixin.py:154} INFO - [2026-06-04T03:40:31.842+0000] {dag.py:3722} INFO - Setting next_dagrun for daily_vulnerability_ingestion to 2026-06-03T14:52:05.384041+00:00, run_after=2026-06-04T14:52:05.384041+00:00
[2026-06-04T03:40:31.854+0000] {processor.py:179} INFO - Processing /opt/airflow/dags/S3_UPLOAD_DAG.py took 0.084 seconds
[2026-06-04T03:41:02.024+0000] {processor.py:157} INFO - Started process (PID=760) to work on /opt/airflow/dags/S3_UPLOAD_DAG.py
[2026-06-04T03:41:02.033+0000] {processor.py:829} INFO - Processing file /opt/airflow/dags/S3_UPLOAD_DAG.py for tasks to queue
[2026-06-04T03:41:02.034+0000] {logging_mixin.py:154} INFO - [2026-06-04T03:41:02.034+0000] {dagbag.py:536} INFO - Filling up the DagBag from /opt/airflow/dags/S3_UPLOAD_DAG.py
[2026-06-04T03:41:02.055+0000] {processor.py:839} INFO - DAG(s) dict_keys(['daily_vulnerability_ingestion']) retrieved from /opt/airflow/dags/S3_UPLOAD_DAG.py
[2026-06-04T03:41:02.083+0000] {logging_mixin.py:154} INFO - [2026-06-04T03:41:02.083+0000] {dag.py:2941} INFO - Sync 1 DAGs
[2026-06-04T03:41:02.103+0000] {logging_mixin.py:154} INFO - [2026-06-04T03:41:02.103+0000] {dag.py:3722} INFO - Setting next_dagrun for daily_vulnerability_ingestion to 2026-06-03T14:52:05.384041+00:00, run_after=2026-06-04T14:52:05.384041+00:00
[2026-06-04T03:41:02.115+0000] {processor.py:179} INFO - Processing /opt/airflow/dags/S3_UPLOAD_DAG.py took 0.095 seconds
[2026-06-04T03:41:32.232+0000] {processor.py:157} INFO - Started process (PID=765) to work on /opt/airflow/dags/S3_UPLOAD_DAG.py
[2026-06-04T03:41:32.234+0000] {processor.py:829} INFO - Processing file /opt/airflow/dags/S3_UPLOAD_DAG.py for tasks to queue
[2026-06-04T03:41:32.235+0000] {logging_mixin.py:154} INFO - [2026-06-04T03:41:32.234+0000] {dagbag.py:536} INFO - Filling up the DagBag from /opt/airflow/dags/S3_UPLOAD_DAG.py
[2026-06-04T03:41:32.251+0000] {processor.py:839} INFO - DAG(s) dict_keys(['daily_vulnerability_ingestion']) retrieved from /opt/airflow/dags/S3_UPLOAD_DAG.py
[2026-06-04T03:41:32.270+0000] {logging_mixin.py:154} INFO - [2026-06-04T03:41:32.269+0000] {dag.py:2941} INFO - Sync 1 DAGs
[2026-06-04T03:41:32.285+0000] {logging_mixin.py:154} INFO - [2026-06-04T03:41:32.285+0000] {dag.py:3722} INFO - Setting next_dagrun for daily_vulnerability_ingestion to 2026-06-03T14:52:05.384041+00:00, run_after=2026-06-04T14:52:05.384041+00:00
[2026-06-04T03:41:32.296+0000] {processor.py:179} INFO - Processing /opt/airflow/dags/S3_UPLOAD_DAG.py took 0.072 seconds
[2026-06-04T03:42:02.487+0000] {processor.py:157} INFO - Started process (PID=770) to work on /opt/airflow/dags/S3_UPLOAD_DAG.py
[2026-06-04T03:42:02.496+0000] {processor.py:829} INFO - Processing file /opt/airflow/dags/S3_UPLOAD_DAG.py for tasks to queue
[2026-06-04T03:42:02.498+0000] {logging_mixin.py:154} INFO - [2026-06-04T03:42:02.497+0000] {dagbag.py:536} INFO - Filling up the DagBag from /opt/airflow/dags/S3_UPLOAD_DAG.py
[2026-06-04T03:42:02.527+0000] {processor.py:839} INFO - DAG(s) dict_keys(['daily_vulnerability_ingestion']) retrieved from /opt/airflow/dags/S3_UPLOAD_DAG.py
[2026-06-04T03:42:02.550+0000] {logging_mixin.py:154} INFO - [2026-06-04T03:42:02.550+0000] {dag.py:2941} INFO - Sync 1 DAGs
[2026-06-04T03:42:02.565+0000] {logging_mixin.py:154} INFO - [2026-06-04T03:42:02.565+0000] {dag.py:3722} INFO - Setting next_dagrun for daily_vulnerability_ingestion to 2026-06-03T14:52:05.384041+00:00, run_after=2026-06-04T14:52:05.384041+00:00
[2026-06-04T03:42:02.577+0000] {processor.py:179} INFO - Processing /opt/airflow/dags/S3_UPLOAD_DAG.py took 0.096 seconds
[2026-06-04T03:42:32.675+0000] {processor.py:157} INFO - Started process (PID=775) to work on /opt/airflow/dags/S3_UPLOAD_DAG.py
[2026-06-04T03:42:32.676+0000] {processor.py:829} INFO - Processing file /opt/airflow/dags/S3_UPLOAD_DAG.py for tasks to queue
[2026-06-04T03:42:32.676+0000] {logging_mixin.py:154} INFO - [2026-06-04T03:42:32.676+0000] {dagbag.py:536} INFO - Filling up the DagBag from /opt/airflow/dags/S3_UPLOAD_DAG.py
[2026-06-04T03:42:32.687+0000] {processor.py:839} INFO - DAG(s) dict_keys(['daily_vulnerability_ingestion']) retrieved from /opt/airflow/dags/S3_UPLOAD_DAG.py
[2026-06-04T03:42:32.707+0000] {logging_mixin.py:154} INFO - [2026-06-04T03:42:32.706+0000] {dag.py:2941} INFO - Sync 1 DAGs
[2026-06-04T03:42:32.722+0000] {logging_mixin.py:154} INFO - [2026-06-04T03:42:32.722+0000] {dag.py:3722} INFO - Setting next_dagrun for daily_vulnerability_ingestion to 2026-06-03T14:52:05.384041+00:00, run_after=2026-06-04T14:52:05.384041+00:00
[2026-06-04T03:42:32.734+0000] {processor.py:179} INFO - Processing /opt/airflow/dags/S3_UPLOAD_DAG.py took 0.061 seconds
[2026-06-04T03:43:02.940+0000] {processor.py:157} INFO - Started process (PID=780) to work on /opt/airflow/dags/S3_UPLOAD_DAG.py
[2026-06-04T03:43:02.949+0000] {processor.py:829} INFO - Processing file /opt/airflow/dags/S3_UPLOAD_DAG.py for tasks to queue
[2026-06-04T03:43:02.950+0000] {logging_mixin.py:154} INFO - [2026-06-04T03:43:02.950+0000] {dagbag.py:536} INFO - Filling up the DagBag from /opt/airflow/dags/S3_UPLOAD_DAG.py
[2026-06-04T03:43:02.968+0000] {processor.py:839} INFO - DAG(s) dict_keys(['daily_vulnerability_ingestion']) retrieved from /opt/airflow/dags/S3_UPLOAD_DAG.py
[2026-06-04T03:43:02.991+0000] {logging_mixin.py:154} INFO - [2026-06-04T03:43:02.991+0000] {dag.py:2941} INFO - Sync 1 DAGs
[2026-06-04T03:43:03.011+0000] {logging_mixin.py:154} INFO - [2026-06-04T03:43:03.011+0000] {dag.py:3722} INFO - Setting next_dagrun for daily_vulnerability_ingestion to 2026-06-03T14:52:05.384041+00:00, run_after=2026-06-04T14:52:05.384041+00:00
[2026-06-04T03:43:03.024+0000] {processor.py:179} INFO - Processing /opt/airflow/dags/S3_UPLOAD_DAG.py took 0.088 seconds
[2026-06-04T03:43:33.154+0000] {processor.py:157} INFO - Started process (PID=785) to work on /opt/airflow/dags/S3_UPLOAD_DAG.py
[2026-06-04T03:43:33.156+0000] {processor.py:829} INFO - Processing file /opt/airflow/dags/S3_UPLOAD_DAG.py for tasks to queue
[2026-06-04T03:43:33.158+0000] {logging_mixin.py:154} INFO - [2026-06-04T03:43:33.158+0000] {dagbag.py:536} INFO - Filling up the DagBag from /opt/airflow/dags/S3_UPLOAD_DAG.py
[2026-06-04T03:43:33.183+0000] {processor.py:839} INFO - DAG(s) dict_keys(['daily_vulnerability_ingestion']) retrieved from /opt/airflow/dags/S3_UPLOAD_DAG.py
[2026-06-04T03:43:33.204+0000] {logging_mixin.py:154} INFO - [2026-06-04T03:43:33.204+0000] {dag.py:2941} INFO - Sync 1 DAGs
[2026-06-04T03:43:33.220+0000] {logging_mixin.py:154} INFO - [2026-06-04T03:43:33.220+0000] {dag.py:3722} INFO - Setting next_dagrun for daily_vulnerability_ingestion to 2026-06-03T14:52:05.384041+00:00, run_after=2026-06-04T14:52:05.384041+00:00
[2026-06-04T03:43:33.232+0000] {processor.py:179} INFO - Processing /opt/airflow/dags/S3_UPLOAD_DAG.py took 0.088 seconds
[2026-06-04T03:44:03.400+0000] {processor.py:157} INFO - Started process (PID=790) to work on /opt/airflow/dags/S3_UPLOAD_DAG.py
[2026-06-04T03:44:03.409+0000] {processor.py:829} INFO - Processing file /opt/airflow/dags/S3_UPLOAD_DAG.py for tasks to queue
[2026-06-04T03:44:03.411+0000] {logging_mixin.py:154} INFO - [2026-06-04T03:44:03.410+0000] {dagbag.py:536} INFO - Filling up the DagBag from /opt/airflow/dags/S3_UPLOAD_DAG.py
[2026-06-04T03:44:03.425+0000] {processor.py:839} INFO - DAG(s) dict_keys(['daily_vulnerability_ingestion']) retrieved from /opt/airflow/dags/S3_UPLOAD_DAG.py
[2026-06-04T03:44:03.443+0000] {logging_mixin.py:154} INFO - [2026-06-04T03:44:03.443+0000] {dag.py:2941} INFO - Sync 1 DAGs
[2026-06-04T03:44:03.458+0000] {logging_mixin.py:154} INFO - [2026-06-04T03:44:03.458+0000] {dag.py:3722} INFO - Setting next_dagrun for daily_vulnerability_ingestion to 2026-06-03T14:52:05.384041+00:00, run_after=2026-06-04T14:52:05.384041+00:00
[2026-06-04T03:44:03.470+0000] {processor.py:179} INFO - Processing /opt/airflow/dags/S3_UPLOAD_DAG.py took 0.077 seconds
[2026-06-04T03:44:33.608+0000] {processor.py:157} INFO - Started process (PID=795) to work on /opt/airflow/dags/S3_UPLOAD_DAG.py
[2026-06-04T03:44:33.610+0000] {processor.py:829} INFO - Processing file /opt/airflow/dags/S3_UPLOAD_DAG.py for tasks to queue
[2026-06-04T03:44:33.612+0000] {logging_mixin.py:154} INFO - [2026-06-04T03:44:33.611+0000] {dagbag.py:536} INFO - Filling up the DagBag from /opt/airflow/dags/S3_UPLOAD_DAG.py
[2026-06-04T03:44:33.633+0000] {processor.py:839} INFO - DAG(s) dict_keys(['daily_vulnerability_ingestion']) retrieved from /opt/airflow/dags/S3_UPLOAD_DAG.py
[2026-06-04T03:44:33.652+0000] {logging_mixin.py:154} INFO - [2026-06-04T03:44:33.652+0000] {dag.py:2941} INFO - Sync 1 DAGs
[2026-06-04T03:44:33.667+0000] {logging_mixin.py:154} INFO - [2026-06-04T03:44:33.667+0000] {dag.py:3722} INFO - Setting next_dagrun for daily_vulnerability_ingestion to 2026-06-03T14:52:05.384041+00:00, run_after=2026-06-04T14:52:05.384041+00:00
[2026-06-04T03:44:33.678+0000] {processor.py:179} INFO - Processing /opt/airflow/dags/S3_UPLOAD_DAG.py took 0.080 seconds
[2026-06-04T03:45:03.873+0000] {processor.py:157} INFO - Started process (PID=800) to work on /opt/airflow/dags/S3_UPLOAD_DAG.py
[2026-06-04T03:45:03.882+0000] {processor.py:829} INFO - Processing file /opt/airflow/dags/S3_UPLOAD_DAG.py for tasks to queue
[2026-06-04T03:45:03.883+0000] {logging_mixin.py:154} INFO - [2026-06-04T03:45:03.883+0000] {dagbag.py:536} INFO - Filling up the DagBag from /opt/airflow/dags/S3_UPLOAD_DAG.py
[2026-06-04T03:45:03.903+0000] {processor.py:839} INFO - DAG(s) dict_keys(['daily_vulnerability_ingestion']) retrieved from /opt/airflow/dags/S3_UPLOAD_DAG.py
[2026-06-04T03:45:03.924+0000] {logging_mixin.py:154} INFO - [2026-06-04T03:45:03.924+0000] {dag.py:2941} INFO - Sync 1 DAGs
[2026-06-04T03:45:03.938+0000] {logging_mixin.py:154} INFO - [2026-06-04T03:45:03.938+0000] {dag.py:3722} INFO - Setting next_dagrun for daily_vulnerability_ingestion to 2026-06-03T14:52:05.384041+00:00, run_after=2026-06-04T14:52:05.384041+00:00
[2026-06-04T03:45:03.950+0000] {processor.py:179} INFO - Processing /opt/airflow/dags/S3_UPLOAD_DAG.py took 0.082 seconds
[2026-06-04T03:45:34.075+0000] {processor.py:157} INFO - Started process (PID=805) to work on /opt/airflow/dags/S3_UPLOAD_DAG.py
[2026-06-04T03:45:34.075+0000] {processor.py:829} INFO - Processing file /opt/airflow/dags/S3_UPLOAD_DAG.py for tasks to queue
[2026-06-04T03:45:34.076+0000] {logging_mixin.py:154} INFO - [2026-06-04T03:45:34.075+0000] {dagbag.py:536} INFO - Filling up the DagBag from /opt/airflow/dags/S3_UPLOAD_DAG.py
[2026-06-04T03:45:34.085+0000] {processor.py:839} INFO - DAG(s) dict_keys(['daily_vulnerability_ingestion']) retrieved from /opt/airflow/dags/S3_UPLOAD_DAG.py
[2026-06-04T03:45:34.102+0000] {logging_mixin.py:154} INFO - [2026-06-04T03:45:34.102+0000] {dag.py:2941} INFO - Sync 1 DAGs
[2026-06-04T03:45:34.118+0000] {logging_mixin.py:154} INFO - [2026-06-04T03:45:34.118+0000] {dag.py:3722} INFO - Setting next_dagrun for daily_vulnerability_ingestion to 2026-06-03T14:52:05.384041+00:00, run_after=2026-06-04T14:52:05.384041+00:00
[2026-06-04T03:45:34.131+0000] {processor.py:179} INFO - Processing /opt/airflow/dags/S3_UPLOAD_DAG.py took 0.059 seconds
[2026-06-04T03:46:04.283+0000] {processor.py:157} INFO - Started process (PID=810) to work on /opt/airflow/dags/S3_UPLOAD_DAG.py
[2026-06-04T03:46:04.292+0000] {processor.py:829} INFO - Processing file /opt/airflow/dags/S3_UPLOAD_DAG.py for tasks to queue
[2026-06-04T03:46:04.292+0000] {logging_mixin.py:154} INFO - [2026-06-04T03:46:04.292+0000] {dagbag.py:536} INFO - Filling up the DagBag from /opt/airflow/dags/S3_UPLOAD_DAG.py
[2026-06-04T03:46:04.302+0000] {processor.py:839} INFO - DAG(s) dict_keys(['daily_vulnerability_ingestion']) retrieved from /opt/airflow/dags/S3_UPLOAD_DAG.py
[2026-06-04T03:46:04.321+0000] {logging_mixin.py:154} INFO - [2026-06-04T03:46:04.321+0000] {dag.py:2941} INFO - Sync 1 DAGs
[2026-06-04T03:46:04.339+0000] {logging_mixin.py:154} INFO - [2026-06-04T03:46:04.339+0000] {dag.py:3722} INFO - Setting next_dagrun for daily_vulnerability_ingestion to 2026-06-03T14:52:05.384041+00:00, run_after=2026-06-04T14:52:05.384041+00:00
[2026-06-04T03:46:04.351+0000] {processor.py:179} INFO - Processing /opt/airflow/dags/S3_UPLOAD_DAG.py took 0.070 seconds
[2026-06-04T03:46:34.497+0000] {processor.py:157} INFO - Started process (PID=815) to work on /opt/airflow/dags/S3_UPLOAD_DAG.py
[2026-06-04T03:46:34.499+0000] {processor.py:829} INFO - Processing file /opt/airflow/dags/S3_UPLOAD_DAG.py for tasks to queue
[2026-06-04T03:46:34.501+0000] {logging_mixin.py:154} INFO - [2026-06-04T03:46:34.500+0000] {dagbag.py:536} INFO - Filling up the DagBag from /opt/airflow/dags/S3_UPLOAD_DAG.py
[2026-06-04T03:46:34.525+0000] {processor.py:839} INFO - DAG(s) dict_keys(['daily_vulnerability_ingestion']) retrieved from /opt/airflow/dags/S3_UPLOAD_DAG.py
[2026-06-04T03:46:34.545+0000] {logging_mixin.py:154} INFO - [2026-06-04T03:46:34.545+0000] {dag.py:2941} INFO - Sync 1 DAGs
[2026-06-04T03:46:34.560+0000] {logging_mixin.py:154} INFO - [2026-06-04T03:46:34.560+0000] {dag.py:3722} INFO - Setting next_dagrun for daily_vulnerability_ingestion to 2026-06-03T14:52:05.384041+00:00, run_after=2026-06-04T14:52:05.384041+00:00
[2026-06-04T03:46:34.572+0000] {processor.py:179} INFO - Processing /opt/airflow/dags/S3_UPLOAD_DAG.py took 0.084 seconds
[2026-06-04T03:47:04.741+0000] {processor.py:157} INFO - Started process (PID=820) to work on /opt/airflow/dags/S3_UPLOAD_DAG.py
[2026-06-04T03:47:04.751+0000] {processor.py:829} INFO - Processing file /opt/airflow/dags/S3_UPLOAD_DAG.py for tasks to queue
[2026-06-04T03:47:04.753+0000] {logging_mixin.py:154} INFO - [2026-06-04T03:47:04.753+0000] {dagbag.py:536} INFO - Filling up the DagBag from /opt/airflow/dags/S3_UPLOAD_DAG.py
[2026-06-04T03:47:04.779+0000] {processor.py:839} INFO - DAG(s) dict_keys(['daily_vulnerability_ingestion']) retrieved from /opt/airflow/dags/S3_UPLOAD_DAG.py
[2026-06-04T03:47:04.799+0000] {logging_mixin.py:154} INFO - [2026-06-04T03:47:04.799+0000] {dag.py:2941} INFO - Sync 1 DAGs
[2026-06-04T03:47:04.814+0000] {logging_mixin.py:154} INFO - [2026-06-04T03:47:04.814+0000] {dag.py:3722} INFO - Setting next_dagrun for daily_vulnerability_ingestion to 2026-06-03T14:52:05.384041+00:00, run_after=2026-06-04T14:52:05.384041+00:00
[2026-06-04T03:47:04.826+0000] {processor.py:179} INFO - Processing /opt/airflow/dags/S3_UPLOAD_DAG.py took 0.094 seconds
[2026-06-04T03:47:34.964+0000] {processor.py:157} INFO - Started process (PID=825) to work on /opt/airflow/dags/S3_UPLOAD_DAG.py
[2026-06-04T03:47:34.966+0000] {processor.py:829} INFO - Processing file /opt/airflow/dags/S3_UPLOAD_DAG.py for tasks to queue
[2026-06-04T03:47:34.968+0000] {logging_mixin.py:154} INFO - [2026-06-04T03:47:34.967+0000] {dagbag.py:536} INFO - Filling up the DagBag from /opt/airflow/dags/S3_UPLOAD_DAG.py
[2026-06-04T03:47:34.991+0000] {processor.py:839} INFO - DAG(s) dict_keys(['daily_vulnerability_ingestion']) retrieved from /opt/airflow/dags/S3_UPLOAD_DAG.py
[2026-06-04T03:47:35.011+0000] {logging_mixin.py:154} INFO - [2026-06-04T03:47:35.011+0000] {dag.py:2941} INFO - Sync 1 DAGs
[2026-06-04T03:47:35.026+0000] {logging_mixin.py:154} INFO - [2026-06-04T03:47:35.026+0000] {dag.py:3722} INFO - Setting next_dagrun for daily_vulnerability_ingestion to 2026-06-03T14:52:05.384041+00:00, run_after=2026-06-04T14:52:05.384041+00:00
[2026-06-04T03:47:35.037+0000] {processor.py:179} INFO - Processing /opt/airflow/dags/S3_UPLOAD_DAG.py took 0.082 seconds
[2026-06-04T03:48:05.200+0000] {processor.py:157} INFO - Started process (PID=830) to work on /opt/airflow/dags/S3_UPLOAD_DAG.py
[2026-06-04T03:48:05.210+0000] {processor.py:829} INFO - Processing file /opt/airflow/dags/S3_UPLOAD_DAG.py for tasks to queue
[2026-06-04T03:48:05.211+0000] {logging_mixin.py:154} INFO - [2026-06-04T03:48:05.211+0000] {dagbag.py:536} INFO - Filling up the DagBag from /opt/airflow/dags/S3_UPLOAD_DAG.py
[2026-06-04T03:48:05.234+0000] {processor.py:839} INFO - DAG(s) dict_keys(['daily_vulnerability_ingestion']) retrieved from /opt/airflow/dags/S3_UPLOAD_DAG.py
[2026-06-04T03:48:05.254+0000] {logging_mixin.py:154} INFO - [2026-06-04T03:48:05.254+0000] {dag.py:2941} INFO - Sync 1 DAGs
[2026-06-04T03:48:05.269+0000] {logging_mixin.py:154} INFO - [2026-06-04T03:48:05.269+0000] {dag.py:3722} INFO - Setting next_dagrun for daily_vulnerability_ingestion to 2026-06-03T14:52:05.384041+00:00, run_after=2026-06-04T14:52:05.384041+00:00
[2026-06-04T03:48:05.280+0000] {processor.py:179} INFO - Processing /opt/airflow/dags/S3_UPLOAD_DAG.py took 0.089 seconds
[2026-06-04T03:48:35.418+0000] {processor.py:157} INFO - Started process (PID=835) to work on /opt/airflow/dags/S3_UPLOAD_DAG.py
[2026-06-04T03:48:35.420+0000] {processor.py:829} INFO - Processing file /opt/airflow/dags/S3_UPLOAD_DAG.py for tasks to queue
[2026-06-04T03:48:35.422+0000] {logging_mixin.py:154} INFO - [2026-06-04T03:48:35.421+0000] {dagbag.py:536} INFO - Filling up the DagBag from /opt/airflow/dags/S3_UPLOAD_DAG.py
[2026-06-04T03:48:35.446+0000] {processor.py:839} INFO - DAG(s) dict_keys(['daily_vulnerability_ingestion']) retrieved from /opt/airflow/dags/S3_UPLOAD_DAG.py
[2026-06-04T03:48:35.470+0000] {logging_mixin.py:154} INFO - [2026-06-04T03:48:35.469+0000] {dag.py:2941} INFO - Sync 1 DAGs
[2026-06-04T03:48:35.485+0000] {logging_mixin.py:154} INFO - [2026-06-04T03:48:35.485+0000] {dag.py:3722} INFO - Setting next_dagrun for daily_vulnerability_ingestion to 2026-06-03T14:52:05.384041+00:00, run_after=2026-06-04T14:52:05.384041+00:00
[2026-06-04T03:48:35.496+0000] {processor.py:179} INFO - Processing /opt/airflow/dags/S3_UPLOAD_DAG.py took 0.088 seconds
[2026-06-04T03:49:05.675+0000] {processor.py:157} INFO - Started process (PID=840) to work on /opt/airflow/dags/S3_UPLOAD_DAG.py
[2026-06-04T03:49:05.684+0000] {processor.py:829} INFO - Processing file /opt/airflow/dags/S3_UPLOAD_DAG.py for tasks to queue
[2026-06-04T03:49:05.685+0000] {logging_mixin.py:154} INFO - [2026-06-04T03:49:05.684+0000] {dagbag.py:536} INFO - Filling up the DagBag from /opt/airflow/dags/S3_UPLOAD_DAG.py
[2026-06-04T03:49:05.700+0000] {processor.py:839} INFO - DAG(s) dict_keys(['daily_vulnerability_ingestion']) retrieved from /opt/airflow/dags/S3_UPLOAD_DAG.py
[2026-06-04T03:49:05.718+0000] {logging_mixin.py:154} INFO - [2026-06-04T03:49:05.718+0000] {dag.py:2941} INFO - Sync 1 DAGs
[2026-06-04T03:49:05.733+0000] {logging_mixin.py:154} INFO - [2026-06-04T03:49:05.733+0000] {dag.py:3722} INFO - Setting next_dagrun for daily_vulnerability_ingestion to 2026-06-03T14:52:05.384041+00:00, run_after=2026-06-04T14:52:05.384041+00:00
[2026-06-04T03:49:05.744+0000] {processor.py:179} INFO - Processing /opt/airflow/dags/S3_UPLOAD_DAG.py took 0.077 seconds
[2026-06-04T03:49:35.862+0000] {processor.py:157} INFO - Started process (PID=845) to work on /opt/airflow/dags/S3_UPLOAD_DAG.py
[2026-06-04T03:49:35.862+0000] {processor.py:829} INFO - Processing file /opt/airflow/dags/S3_UPLOAD_DAG.py for tasks to queue
[2026-06-04T03:49:35.863+0000] {logging_mixin.py:154} INFO - [2026-06-04T03:49:35.863+0000] {dagbag.py:536} INFO - Filling up the DagBag from /opt/airflow/dags/S3_UPLOAD_DAG.py
[2026-06-04T03:49:35.873+0000] {processor.py:839} INFO - DAG(s) dict_keys(['daily_vulnerability_ingestion']) retrieved from /opt/airflow/dags/S3_UPLOAD_DAG.py
[2026-06-04T03:49:35.892+0000] {logging_mixin.py:154} INFO - [2026-06-04T03:49:35.892+0000] {dag.py:2941} INFO - Sync 1 DAGs
[2026-06-04T03:49:35.908+0000] {logging_mixin.py:154} INFO - [2026-06-04T03:49:35.907+0000] {dag.py:3722} INFO - Setting next_dagrun for daily_vulnerability_ingestion to 2026-06-03T14:52:05.384041+00:00, run_after=2026-06-04T14:52:05.384041+00:00
[2026-06-04T03:49:35.919+0000] {processor.py:179} INFO - Processing /opt/airflow/dags/S3_UPLOAD_DAG.py took 0.060 seconds
[2026-06-04T03:50:06.137+0000] {processor.py:157} INFO - Started process (PID=850) to work on /opt/airflow/dags/S3_UPLOAD_DAG.py
[2026-06-04T03:50:06.146+0000] {processor.py:829} INFO - Processing file /opt/airflow/dags/S3_UPLOAD_DAG.py for tasks to queue
[2026-06-04T03:50:06.147+0000] {logging_mixin.py:154} INFO - [2026-06-04T03:50:06.147+0000] {dagbag.py:536} INFO - Filling up the DagBag from /opt/airflow/dags/S3_UPLOAD_DAG.py
[2026-06-04T03:50:06.164+0000] {processor.py:839} INFO - DAG(s) dict_keys(['daily_vulnerability_ingestion']) retrieved from /opt/airflow/dags/S3_UPLOAD_DAG.py
[2026-06-04T03:50:06.194+0000] {logging_mixin.py:154} INFO - [2026-06-04T03:50:06.194+0000] {dag.py:2941} INFO - Sync 1 DAGs
[2026-06-04T03:50:06.216+0000] {logging_mixin.py:154} INFO - [2026-06-04T03:50:06.216+0000] {dag.py:3722} INFO - Setting next_dagrun for daily_vulnerability_ingestion to 2026-06-03T14:52:05.384041+00:00, run_after=2026-06-04T14:52:05.384041+00:00
[2026-06-04T03:50:06.228+0000] {processor.py:179} INFO - Processing /opt/airflow/dags/S3_UPLOAD_DAG.py took 0.095 seconds
[2026-06-04T03:50:36.356+0000] {processor.py:157} INFO - Started process (PID=855) to work on /opt/airflow/dags/S3_UPLOAD_DAG.py
[2026-06-04T03:50:36.358+0000] {processor.py:829} INFO - Processing file /opt/airflow/dags/S3_UPLOAD_DAG.py for tasks to queue
[2026-06-04T03:50:36.361+0000] {logging_mixin.py:154} INFO - [2026-06-04T03:50:36.360+0000] {dagbag.py:536} INFO - Filling up the DagBag from /opt/airflow/dags/S3_UPLOAD_DAG.py
[2026-06-04T03:50:36.381+0000] {processor.py:839} INFO - DAG(s) dict_keys(['daily_vulnerability_ingestion']) retrieved from /opt/airflow/dags/S3_UPLOAD_DAG.py
[2026-06-04T03:50:36.401+0000] {logging_mixin.py:154} INFO - [2026-06-04T03:50:36.401+0000] {dag.py:2941} INFO - Sync 1 DAGs
[2026-06-04T03:50:36.417+0000] {logging_mixin.py:154} INFO - [2026-06-04T03:50:36.417+0000] {dag.py:3722} INFO - Setting next_dagrun for daily_vulnerability_ingestion to 2026-06-03T14:52:05.384041+00:00, run_after=2026-06-04T14:52:05.384041+00:00
[2026-06-04T03:50:36.428+0000] {processor.py:179} INFO - Processing /opt/airflow/dags/S3_UPLOAD_DAG.py took 0.082 seconds
[2026-06-04T03:51:06.574+0000] {processor.py:157} INFO - Started process (PID=860) to work on /opt/airflow/dags/S3_UPLOAD_DAG.py
[2026-06-04T03:51:06.582+0000] {processor.py:829} INFO - Processing file /opt/airflow/dags/S3_UPLOAD_DAG.py for tasks to queue
[2026-06-04T03:51:06.583+0000] {logging_mixin.py:154} INFO - [2026-06-04T03:51:06.583+0000] {dagbag.py:536} INFO - Filling up the DagBag from /opt/airflow/dags/S3_UPLOAD_DAG.py
[2026-06-04T03:51:06.596+0000] {processor.py:839} INFO - DAG(s) dict_keys(['daily_vulnerability_ingestion']) retrieved from /opt/airflow/dags/S3_UPLOAD_DAG.py
[2026-06-04T03:51:06.613+0000] {logging_mixin.py:154} INFO - [2026-06-04T03:51:06.613+0000] {dag.py:2941} INFO - Sync 1 DAGs
[2026-06-04T03:51:06.628+0000] {logging_mixin.py:154} INFO - [2026-06-04T03:51:06.628+0000] {dag.py:3722} INFO - Setting next_dagrun for daily_vulnerability_ingestion to 2026-06-03T14:52:05.384041+00:00, run_after=2026-06-04T14:52:05.384041+00:00
[2026-06-04T03:51:06.645+0000] {processor.py:179} INFO - Processing /opt/airflow/dags/S3_UPLOAD_DAG.py took 0.074 seconds
[2026-06-04T03:51:36.803+0000] {processor.py:157} INFO - Started process (PID=865) to work on /opt/airflow/dags/S3_UPLOAD_DAG.py
[2026-06-04T03:51:36.804+0000] {processor.py:829} INFO - Processing file /opt/airflow/dags/S3_UPLOAD_DAG.py for tasks to queue
[2026-06-04T03:51:36.807+0000] {logging_mixin.py:154} INFO - [2026-06-04T03:51:36.806+0000] {dagbag.py:536} INFO - Filling up the DagBag from /opt/airflow/dags/S3_UPLOAD_DAG.py
[2026-06-04T03:51:36.829+0000] {processor.py:839} INFO - DAG(s) dict_keys(['daily_vulnerability_ingestion']) retrieved from /opt/airflow/dags/S3_UPLOAD_DAG.py
[2026-06-04T03:51:36.849+0000] {logging_mixin.py:154} INFO - [2026-06-04T03:51:36.849+0000] {dag.py:2941} INFO - Sync 1 DAGs
[2026-06-04T03:51:36.863+0000] {logging_mixin.py:154} INFO - [2026-06-04T03:51:36.863+0000] {dag.py:3722} INFO - Setting next_dagrun for daily_vulnerability_ingestion to 2026-06-03T14:52:05.384041+00:00, run_after=2026-06-04T14:52:05.384041+00:00
[2026-06-04T03:51:36.876+0000] {processor.py:179} INFO - Processing /opt/airflow/dags/S3_UPLOAD_DAG.py took 0.083 seconds
[2026-06-04T03:52:07.019+0000] {processor.py:157} INFO - Started process (PID=870) to work on /opt/airflow/dags/S3_UPLOAD_DAG.py
[2026-06-04T03:52:07.028+0000] {processor.py:829} INFO - Processing file /opt/airflow/dags/S3_UPLOAD_DAG.py for tasks to queue
[2026-06-04T03:52:07.029+0000] {logging_mixin.py:154} INFO - [2026-06-04T03:52:07.029+0000] {dagbag.py:536} INFO - Filling up the DagBag from /opt/airflow/dags/S3_UPLOAD_DAG.py
[2026-06-04T03:52:07.043+0000] {processor.py:839} INFO - DAG(s) dict_keys(['daily_vulnerability_ingestion']) retrieved from /opt/airflow/dags/S3_UPLOAD_DAG.py
[2026-06-04T03:52:07.068+0000] {logging_mixin.py:154} INFO - [2026-06-04T03:52:07.068+0000] {dag.py:2941} INFO - Sync 1 DAGs
[2026-06-04T03:52:07.084+0000] {logging_mixin.py:154} INFO - [2026-06-04T03:52:07.084+0000] {dag.py:3722} INFO - Setting next_dagrun for daily_vulnerability_ingestion to 2026-06-03T14:52:05.384041+00:00, run_after=2026-06-04T14:52:05.384041+00:00
[2026-06-04T03:52:07.095+0000] {processor.py:179} INFO - Processing /opt/airflow/dags/S3_UPLOAD_DAG.py took 0.084 seconds
[2026-06-04T03:52:37.248+0000] {processor.py:157} INFO - Started process (PID=875) to work on /opt/airflow/dags/S3_UPLOAD_DAG.py
[2026-06-04T03:52:37.250+0000] {processor.py:829} INFO - Processing file /opt/airflow/dags/S3_UPLOAD_DAG.py for tasks to queue
[2026-06-04T03:52:37.252+0000] {logging_mixin.py:154} INFO - [2026-06-04T03:52:37.251+0000] {dagbag.py:536} INFO - Filling up the DagBag from /opt/airflow/dags/S3_UPLOAD_DAG.py
[2026-06-04T03:52:37.268+0000] {processor.py:839} INFO - DAG(s) dict_keys(['daily_vulnerability_ingestion']) retrieved from /opt/airflow/dags/S3_UPLOAD_DAG.py
[2026-06-04T03:52:37.291+0000] {logging_mixin.py:154} INFO - [2026-06-04T03:52:37.291+0000] {dag.py:2941} INFO - Sync 1 DAGs
[2026-06-04T03:52:37.307+0000] {logging_mixin.py:154} INFO - [2026-06-04T03:52:37.307+0000] {dag.py:3722} INFO - Setting next_dagrun for daily_vulnerability_ingestion to 2026-06-03T14:52:05.384041+00:00, run_after=2026-06-04T14:52:05.384041+00:00
[2026-06-04T03:52:37.319+0000] {processor.py:179} INFO - Processing /opt/airflow/dags/S3_UPLOAD_DAG.py took 0.081 seconds
[2026-06-04T03:53:07.476+0000] {processor.py:157} INFO - Started process (PID=880) to work on /opt/airflow/dags/S3_UPLOAD_DAG.py
[2026-06-04T03:53:07.486+0000] {processor.py:829} INFO - Processing file /opt/airflow/dags/S3_UPLOAD_DAG.py for tasks to queue
[2026-06-04T03:53:07.489+0000] {logging_mixin.py:154} INFO - [2026-06-04T03:53:07.488+0000] {dagbag.py:536} INFO - Filling up the DagBag from /opt/airflow/dags/S3_UPLOAD_DAG.py
[2026-06-04T03:53:07.515+0000] {processor.py:839} INFO - DAG(s) dict_keys(['daily_vulnerability_ingestion']) retrieved from /opt/airflow/dags/S3_UPLOAD_DAG.py
[2026-06-04T03:53:07.535+0000] {logging_mixin.py:154} INFO - [2026-06-04T03:53:07.535+0000] {dag.py:2941} INFO - Sync 1 DAGs
[2026-06-04T03:53:07.550+0000] {logging_mixin.py:154} INFO - [2026-06-04T03:53:07.549+0000] {dag.py:3722} INFO - Setting next_dagrun for daily_vulnerability_ingestion to 2026-06-03T14:52:05.384041+00:00, run_after=2026-06-04T14:52:05.384041+00:00
[2026-06-04T03:53:07.561+0000] {processor.py:179} INFO - Processing /opt/airflow/dags/S3_UPLOAD_DAG.py took 0.094 seconds
[2026-06-04T03:53:37.694+0000] {processor.py:157} INFO - Started process (PID=885) to work on /opt/airflow/dags/S3_UPLOAD_DAG.py
[2026-06-04T03:53:37.695+0000] {processor.py:829} INFO - Processing file /opt/airflow/dags/S3_UPLOAD_DAG.py for tasks to queue
[2026-06-04T03:53:37.695+0000] {logging_mixin.py:154} INFO - [2026-06-04T03:53:37.695+0000] {dagbag.py:536} INFO - Filling up the DagBag from /opt/airflow/dags/S3_UPLOAD_DAG.py
[2026-06-04T03:53:37.706+0000] {processor.py:839} INFO - DAG(s) dict_keys(['daily_vulnerability_ingestion']) retrieved from /opt/airflow/dags/S3_UPLOAD_DAG.py
[2026-06-04T03:53:37.724+0000] {logging_mixin.py:154} INFO - [2026-06-04T03:53:37.724+0000] {dag.py:2941} INFO - Sync 1 DAGs
[2026-06-04T03:53:37.739+0000] {logging_mixin.py:154} INFO - [2026-06-04T03:53:37.739+0000] {dag.py:3722} INFO - Setting next_dagrun for daily_vulnerability_ingestion to 2026-06-03T14:52:05.384041+00:00, run_after=2026-06-04T14:52:05.384041+00:00
[2026-06-04T03:53:37.750+0000] {processor.py:179} INFO - Processing /opt/airflow/dags/S3_UPLOAD_DAG.py took 0.058 seconds
[2026-06-04T03:54:07.935+0000] {processor.py:157} INFO - Started process (PID=890) to work on /opt/airflow/dags/S3_UPLOAD_DAG.py
[2026-06-04T03:54:07.936+0000] {processor.py:829} INFO - Processing file /opt/airflow/dags/S3_UPLOAD_DAG.py for tasks to queue
[2026-06-04T03:54:07.937+0000] {logging_mixin.py:154} INFO - [2026-06-04T03:54:07.937+0000] {dagbag.py:536} INFO - Filling up the DagBag from /opt/airflow/dags/S3_UPLOAD_DAG.py
[2026-06-04T03:54:07.949+0000] {processor.py:839} INFO - DAG(s) dict_keys(['daily_vulnerability_ingestion']) retrieved from /opt/airflow/dags/S3_UPLOAD_DAG.py
[2026-06-04T03:54:07.967+0000] {logging_mixin.py:154} INFO - [2026-06-04T03:54:07.966+0000] {dag.py:2941} INFO - Sync 1 DAGs
[2026-06-04T03:54:07.981+0000] {logging_mixin.py:154} INFO - [2026-06-04T03:54:07.981+0000] {dag.py:3722} INFO - Setting next_dagrun for daily_vulnerability_ingestion to 2026-06-03T14:52:05.384041+00:00, run_after=2026-06-04T14:52:05.384041+00:00
[2026-06-04T03:54:07.993+0000] {processor.py:179} INFO - Processing /opt/airflow/dags/S3_UPLOAD_DAG.py took 0.062 seconds
[2026-06-04T03:54:38.171+0000] {processor.py:157} INFO - Started process (PID=895) to work on /opt/airflow/dags/S3_UPLOAD_DAG.py
[2026-06-04T03:54:38.171+0000] {processor.py:829} INFO - Processing file /opt/airflow/dags/S3_UPLOAD_DAG.py for tasks to queue
[2026-06-04T03:54:38.172+0000] {logging_mixin.py:154} INFO - [2026-06-04T03:54:38.172+0000] {dagbag.py:536} INFO - Filling up the DagBag from /opt/airflow/dags/S3_UPLOAD_DAG.py
[2026-06-04T03:54:38.185+0000] {processor.py:839} INFO - DAG(s) dict_keys(['daily_vulnerability_ingestion']) retrieved from /opt/airflow/dags/S3_UPLOAD_DAG.py
[2026-06-04T03:54:38.207+0000] {logging_mixin.py:154} INFO - [2026-06-04T03:54:38.207+0000] {dag.py:2941} INFO - Sync 1 DAGs
[2026-06-04T03:54:38.221+0000] {logging_mixin.py:154} INFO - [2026-06-04T03:54:38.221+0000] {dag.py:3722} INFO - Setting next_dagrun for daily_vulnerability_ingestion to 2026-06-03T14:52:05.384041+00:00, run_after=2026-06-04T14:52:05.384041+00:00
[2026-06-04T03:54:38.233+0000] {processor.py:179} INFO - Processing /opt/airflow/dags/S3_UPLOAD_DAG.py took 0.066 seconds
[2026-06-04T03:55:08.361+0000] {processor.py:157} INFO - Started process (PID=900) to work on /opt/airflow/dags/S3_UPLOAD_DAG.py
[2026-06-04T03:55:08.362+0000] {processor.py:829} INFO - Processing file /opt/airflow/dags/S3_UPLOAD_DAG.py for tasks to queue
[2026-06-04T03:55:08.363+0000] {logging_mixin.py:154} INFO - [2026-06-04T03:55:08.362+0000] {dagbag.py:536} INFO - Filling up the DagBag from /opt/airflow/dags/S3_UPLOAD_DAG.py
[2026-06-04T03:55:08.382+0000] {processor.py:839} INFO - DAG(s) dict_keys(['daily_vulnerability_ingestion']) retrieved from /opt/airflow/dags/S3_UPLOAD_DAG.py
[2026-06-04T03:55:08.404+0000] {logging_mixin.py:154} INFO - [2026-06-04T03:55:08.404+0000] {dag.py:2941} INFO - Sync 1 DAGs
[2026-06-04T03:55:08.419+0000] {logging_mixin.py:154} INFO - [2026-06-04T03:55:08.418+0000] {dag.py:3722} INFO - Setting next_dagrun for daily_vulnerability_ingestion to 2026-06-03T14:52:05.384041+00:00, run_after=2026-06-04T14:52:05.384041+00:00
[2026-06-04T03:55:08.430+0000] {processor.py:179} INFO - Processing /opt/airflow/dags/S3_UPLOAD_DAG.py took 0.073 seconds
[2026-06-04T03:55:38.577+0000] {processor.py:157} INFO - Started process (PID=905) to work on /opt/airflow/dags/S3_UPLOAD_DAG.py
[2026-06-04T03:55:38.578+0000] {processor.py:829} INFO - Processing file /opt/airflow/dags/S3_UPLOAD_DAG.py for tasks to queue
[2026-06-04T03:55:38.578+0000] {logging_mixin.py:154} INFO - [2026-06-04T03:55:38.578+0000] {dagbag.py:536} INFO - Filling up the DagBag from /opt/airflow/dags/S3_UPLOAD_DAG.py
[2026-06-04T03:55:38.589+0000] {processor.py:839} INFO - DAG(s) dict_keys(['daily_vulnerability_ingestion']) retrieved from /opt/airflow/dags/S3_UPLOAD_DAG.py
[2026-06-04T03:55:38.607+0000] {logging_mixin.py:154} INFO - [2026-06-04T03:55:38.607+0000] {dag.py:2941} INFO - Sync 1 DAGs
[2026-06-04T03:55:38.622+0000] {logging_mixin.py:154} INFO - [2026-06-04T03:55:38.622+0000] {dag.py:3722} INFO - Setting next_dagrun for daily_vulnerability_ingestion to 2026-06-03T14:52:05.384041+00:00, run_after=2026-06-04T14:52:05.384041+00:00
[2026-06-04T03:55:38.633+0000] {processor.py:179} INFO - Processing /opt/airflow/dags/S3_UPLOAD_DAG.py took 0.059 seconds
[2026-06-04T03:56:08.803+0000] {processor.py:157} INFO - Started process (PID=910) to work on /opt/airflow/dags/S3_UPLOAD_DAG.py
[2026-06-04T03:56:08.808+0000] {processor.py:829} INFO - Processing file /opt/airflow/dags/S3_UPLOAD_DAG.py for tasks to queue
[2026-06-04T03:56:08.809+0000] {logging_mixin.py:154} INFO - [2026-06-04T03:56:08.808+0000] {dagbag.py:536} INFO - Filling up the DagBag from /opt/airflow/dags/S3_UPLOAD_DAG.py
[2026-06-04T03:56:08.832+0000] {processor.py:839} INFO - DAG(s) dict_keys(['daily_vulnerability_ingestion']) retrieved from /opt/airflow/dags/S3_UPLOAD_DAG.py
[2026-06-04T03:56:08.853+0000] {logging_mixin.py:154} INFO - [2026-06-04T03:56:08.853+0000] {dag.py:2941} INFO - Sync 1 DAGs
[2026-06-04T03:56:08.869+0000] {logging_mixin.py:154} INFO - [2026-06-04T03:56:08.868+0000] {dag.py:3722} INFO - Setting next_dagrun for daily_vulnerability_ingestion to 2026-06-03T14:52:05.384041+00:00, run_after=2026-06-04T14:52:05.384041+00:00
[2026-06-04T03:56:08.885+0000] {processor.py:179} INFO - Processing /opt/airflow/dags/S3_UPLOAD_DAG.py took 0.087 seconds
[2026-06-04T03:56:38.998+0000] {processor.py:157} INFO - Started process (PID=915) to work on /opt/airflow/dags/S3_UPLOAD_DAG.py
[2026-06-04T03:56:39.000+0000] {processor.py:829} INFO - Processing file /opt/airflow/dags/S3_UPLOAD_DAG.py for tasks to queue
[2026-06-04T03:56:39.001+0000] {logging_mixin.py:154} INFO - [2026-06-04T03:56:39.001+0000] {dagbag.py:536} INFO - Filling up the DagBag from /opt/airflow/dags/S3_UPLOAD_DAG.py
[2026-06-04T03:56:39.024+0000] {processor.py:839} INFO - DAG(s) dict_keys(['daily_vulnerability_ingestion']) retrieved from /opt/airflow/dags/S3_UPLOAD_DAG.py
[2026-06-04T03:56:39.045+0000] {logging_mixin.py:154} INFO - [2026-06-04T03:56:39.045+0000] {dag.py:2941} INFO - Sync 1 DAGs
[2026-06-04T03:56:39.062+0000] {logging_mixin.py:154} INFO - [2026-06-04T03:56:39.062+0000] {dag.py:3722} INFO - Setting next_dagrun for daily_vulnerability_ingestion to 2026-06-03T14:52:05.384041+00:00, run_after=2026-06-04T14:52:05.384041+00:00
[2026-06-04T03:56:39.072+0000] {processor.py:179} INFO - Processing /opt/airflow/dags/S3_UPLOAD_DAG.py took 0.081 seconds
[2026-06-04T03:57:09.260+0000] {processor.py:157} INFO - Started process (PID=920) to work on /opt/airflow/dags/S3_UPLOAD_DAG.py
[2026-06-04T03:57:09.261+0000] {processor.py:829} INFO - Processing file /opt/airflow/dags/S3_UPLOAD_DAG.py for tasks to queue
[2026-06-04T03:57:09.262+0000] {logging_mixin.py:154} INFO - [2026-06-04T03:57:09.262+0000] {dagbag.py:536} INFO - Filling up the DagBag from /opt/airflow/dags/S3_UPLOAD_DAG.py
[2026-06-04T03:57:09.281+0000] {processor.py:839} INFO - DAG(s) dict_keys(['daily_vulnerability_ingestion']) retrieved from /opt/airflow/dags/S3_UPLOAD_DAG.py
[2026-06-04T03:57:09.301+0000] {logging_mixin.py:154} INFO - [2026-06-04T03:57:09.301+0000] {dag.py:2941} INFO - Sync 1 DAGs
[2026-06-04T03:57:09.316+0000] {logging_mixin.py:154} INFO - [2026-06-04T03:57:09.315+0000] {dag.py:3722} INFO - Setting next_dagrun for daily_vulnerability_ingestion to 2026-06-03T14:52:05.384041+00:00, run_after=2026-06-04T14:52:05.384041+00:00
[2026-06-04T03:57:09.327+0000] {processor.py:179} INFO - Processing /opt/airflow/dags/S3_UPLOAD_DAG.py took 0.073 seconds
[2026-06-04T03:57:39.479+0000] {processor.py:157} INFO - Started process (PID=925) to work on /opt/airflow/dags/S3_UPLOAD_DAG.py
[2026-06-04T03:57:39.481+0000] {processor.py:829} INFO - Processing file /opt/airflow/dags/S3_UPLOAD_DAG.py for tasks to queue
[2026-06-04T03:57:39.483+0000] {logging_mixin.py:154} INFO - [2026-06-04T03:57:39.482+0000] {dagbag.py:536} INFO - Filling up the DagBag from /opt/airflow/dags/S3_UPLOAD_DAG.py
[2026-06-04T03:57:39.507+0000] {processor.py:839} INFO - DAG(s) dict_keys(['daily_vulnerability_ingestion']) retrieved from /opt/airflow/dags/S3_UPLOAD_DAG.py
[2026-06-04T03:57:39.528+0000] {logging_mixin.py:154} INFO - [2026-06-04T03:57:39.528+0000] {dag.py:2941} INFO - Sync 1 DAGs
[2026-06-04T03:57:39.545+0000] {logging_mixin.py:154} INFO - [2026-06-04T03:57:39.544+0000] {dag.py:3722} INFO - Setting next_dagrun for daily_vulnerability_ingestion to 2026-06-03T14:52:05.384041+00:00, run_after=2026-06-04T14:52:05.384041+00:00
[2026-06-04T03:57:39.557+0000] {processor.py:179} INFO - Processing /opt/airflow/dags/S3_UPLOAD_DAG.py took 0.087 seconds
[2026-06-04T03:58:09.715+0000] {processor.py:157} INFO - Started process (PID=930) to work on /opt/airflow/dags/S3_UPLOAD_DAG.py
[2026-06-04T03:58:09.725+0000] {processor.py:829} INFO - Processing file /opt/airflow/dags/S3_UPLOAD_DAG.py for tasks to queue
[2026-06-04T03:58:09.727+0000] {logging_mixin.py:154} INFO - [2026-06-04T03:58:09.727+0000] {dagbag.py:536} INFO - Filling up the DagBag from /opt/airflow/dags/S3_UPLOAD_DAG.py
[2026-06-04T03:58:09.750+0000] {processor.py:839} INFO - DAG(s) dict_keys(['daily_vulnerability_ingestion']) retrieved from /opt/airflow/dags/S3_UPLOAD_DAG.py
[2026-06-04T03:58:09.770+0000] {logging_mixin.py:154} INFO - [2026-06-04T03:58:09.770+0000] {dag.py:2941} INFO - Sync 1 DAGs
[2026-06-04T03:58:09.785+0000] {logging_mixin.py:154} INFO - [2026-06-04T03:58:09.785+0000] {dag.py:3722} INFO - Setting next_dagrun for daily_vulnerability_ingestion to 2026-06-03T14:52:05.384041+00:00, run_after=2026-06-04T14:52:05.384041+00:00
[2026-06-04T03:58:09.797+0000] {processor.py:179} INFO - Processing /opt/airflow/dags/S3_UPLOAD_DAG.py took 0.091 seconds
[2026-06-04T03:58:39.933+0000] {processor.py:157} INFO - Started process (PID=935) to work on /opt/airflow/dags/S3_UPLOAD_DAG.py
[2026-06-04T03:58:39.934+0000] {processor.py:829} INFO - Processing file /opt/airflow/dags/S3_UPLOAD_DAG.py for tasks to queue
[2026-06-04T03:58:39.934+0000] {logging_mixin.py:154} INFO - [2026-06-04T03:58:39.934+0000] {dagbag.py:536} INFO - Filling up the DagBag from /opt/airflow/dags/S3_UPLOAD_DAG.py
[2026-06-04T03:58:39.944+0000] {processor.py:839} INFO - DAG(s) dict_keys(['daily_vulnerability_ingestion']) retrieved from /opt/airflow/dags/S3_UPLOAD_DAG.py
[2026-06-04T03:58:39.962+0000] {logging_mixin.py:154} INFO - [2026-06-04T03:58:39.962+0000] {dag.py:2941} INFO - Sync 1 DAGs
[2026-06-04T03:58:39.977+0000] {logging_mixin.py:154} INFO - [2026-06-04T03:58:39.977+0000] {dag.py:3722} INFO - Setting next_dagrun for daily_vulnerability_ingestion to 2026-06-03T14:52:05.384041+00:00, run_after=2026-06-04T14:52:05.384041+00:00
[2026-06-04T03:58:39.989+0000] {processor.py:179} INFO - Processing /opt/airflow/dags/S3_UPLOAD_DAG.py took 0.059 seconds
[2026-06-04T03:59:10.145+0000] {processor.py:157} INFO - Started process (PID=940) to work on /opt/airflow/dags/S3_UPLOAD_DAG.py
[2026-06-04T03:59:10.154+0000] {processor.py:829} INFO - Processing file /opt/airflow/dags/S3_UPLOAD_DAG.py for tasks to queue
[2026-06-04T03:59:10.155+0000] {logging_mixin.py:154} INFO - [2026-06-04T03:59:10.154+0000] {dagbag.py:536} INFO - Filling up the DagBag from /opt/airflow/dags/S3_UPLOAD_DAG.py
[2026-06-04T03:59:10.169+0000] {processor.py:839} INFO - DAG(s) dict_keys(['daily_vulnerability_ingestion']) retrieved from /opt/airflow/dags/S3_UPLOAD_DAG.py
[2026-06-04T03:59:10.193+0000] {logging_mixin.py:154} INFO - [2026-06-04T03:59:10.193+0000] {dag.py:2941} INFO - Sync 1 DAGs
[2026-06-04T03:59:10.210+0000] {logging_mixin.py:154} INFO - [2026-06-04T03:59:10.210+0000] {dag.py:3722} INFO - Setting next_dagrun for daily_vulnerability_ingestion to 2026-06-03T14:52:05.384041+00:00, run_after=2026-06-04T14:52:05.384041+00:00
[2026-06-04T03:59:10.221+0000] {processor.py:179} INFO - Processing /opt/airflow/dags/S3_UPLOAD_DAG.py took 0.080 seconds
[2026-06-04T03:59:40.365+0000] {processor.py:157} INFO - Started process (PID=945) to work on /opt/airflow/dags/S3_UPLOAD_DAG.py
[2026-06-04T03:59:40.366+0000] {processor.py:829} INFO - Processing file /opt/airflow/dags/S3_UPLOAD_DAG.py for tasks to queue
[2026-06-04T03:59:40.366+0000] {logging_mixin.py:154} INFO - [2026-06-04T03:59:40.366+0000] {dagbag.py:536} INFO - Filling up the DagBag from /opt/airflow/dags/S3_UPLOAD_DAG.py
[2026-06-04T03:59:40.376+0000] {processor.py:839} INFO - DAG(s) dict_keys(['daily_vulnerability_ingestion']) retrieved from /opt/airflow/dags/S3_UPLOAD_DAG.py
[2026-06-04T03:59:40.394+0000] {logging_mixin.py:154} INFO - [2026-06-04T03:59:40.394+0000] {dag.py:2941} INFO - Sync 1 DAGs
[2026-06-04T03:59:40.409+0000] {logging_mixin.py:154} INFO - [2026-06-04T03:59:40.408+0000] {dag.py:3722} INFO - Setting next_dagrun for daily_vulnerability_ingestion to 2026-06-03T14:52:05.384041+00:00, run_after=2026-06-04T14:52:05.384041+00:00
[2026-06-04T03:59:40.420+0000] {processor.py:179} INFO - Processing /opt/airflow/dags/S3_UPLOAD_DAG.py took 0.057 seconds
[2026-06-04T04:00:10.594+0000] {processor.py:157} INFO - Started process (PID=950) to work on /opt/airflow/dags/S3_UPLOAD_DAG.py
[2026-06-04T04:00:10.603+0000] {processor.py:829} INFO - Processing file /opt/airflow/dags/S3_UPLOAD_DAG.py for tasks to queue
[2026-06-04T04:00:10.604+0000] {logging_mixin.py:154} INFO - [2026-06-04T04:00:10.604+0000] {dagbag.py:536} INFO - Filling up the DagBag from /opt/airflow/dags/S3_UPLOAD_DAG.py
[2026-06-04T04:00:10.624+0000] {processor.py:839} INFO - DAG(s) dict_keys(['daily_vulnerability_ingestion']) retrieved from /opt/airflow/dags/S3_UPLOAD_DAG.py
[2026-06-04T04:00:10.647+0000] {logging_mixin.py:154} INFO - [2026-06-04T04:00:10.646+0000] {dag.py:2941} INFO - Sync 1 DAGs
[2026-06-04T04:00:10.661+0000] {logging_mixin.py:154} INFO - [2026-06-04T04:00:10.661+0000] {dag.py:3722} INFO - Setting next_dagrun for daily_vulnerability_ingestion to 2026-06-03T14:52:05.384041+00:00, run_after=2026-06-04T14:52:05.384041+00:00
[2026-06-04T04:00:10.673+0000] {processor.py:179} INFO - Processing /opt/airflow/dags/S3_UPLOAD_DAG.py took 0.085 seconds
[2026-06-04T04:00:40.814+0000] {processor.py:157} INFO - Started process (PID=955) to work on /opt/airflow/dags/S3_UPLOAD_DAG.py
[2026-06-04T04:00:40.816+0000] {processor.py:829} INFO - Processing file /opt/airflow/dags/S3_UPLOAD_DAG.py for tasks to queue
[2026-06-04T04:00:40.818+0000] {logging_mixin.py:154} INFO - [2026-06-04T04:00:40.817+0000] {dagbag.py:536} INFO - Filling up the DagBag from /opt/airflow/dags/S3_UPLOAD_DAG.py
[2026-06-04T04:00:40.838+0000] {processor.py:839} INFO - DAG(s) dict_keys(['daily_vulnerability_ingestion']) retrieved from /opt/airflow/dags/S3_UPLOAD_DAG.py
[2026-06-04T04:00:40.858+0000] {logging_mixin.py:154} INFO - [2026-06-04T04:00:40.858+0000] {dag.py:2941} INFO - Sync 1 DAGs
[2026-06-04T04:00:40.872+0000] {logging_mixin.py:154} INFO - [2026-06-04T04:00:40.872+0000] {dag.py:3722} INFO - Setting next_dagrun for daily_vulnerability_ingestion to 2026-06-03T14:52:05.384041+00:00, run_after=2026-06-04T14:52:05.384041+00:00
[2026-06-04T04:00:40.883+0000] {processor.py:179} INFO - Processing /opt/airflow/dags/S3_UPLOAD_DAG.py took 0.079 seconds
[2026-06-04T04:01:11.060+0000] {processor.py:157} INFO - Started process (PID=960) to work on /opt/airflow/dags/S3_UPLOAD_DAG.py
[2026-06-04T04:01:11.069+0000] {processor.py:829} INFO - Processing file /opt/airflow/dags/S3_UPLOAD_DAG.py for tasks to queue
[2026-06-04T04:01:11.070+0000] {logging_mixin.py:154} INFO - [2026-06-04T04:01:11.070+0000] {dagbag.py:536} INFO - Filling up the DagBag from /opt/airflow/dags/S3_UPLOAD_DAG.py
[2026-06-04T04:01:11.088+0000] {processor.py:839} INFO - DAG(s) dict_keys(['daily_vulnerability_ingestion']) retrieved from /opt/airflow/dags/S3_UPLOAD_DAG.py
[2026-06-04T04:01:11.114+0000] {logging_mixin.py:154} INFO - [2026-06-04T04:01:11.114+0000] {dag.py:2941} INFO - Sync 1 DAGs
[2026-06-04T04:01:11.136+0000] {logging_mixin.py:154} INFO - [2026-06-04T04:01:11.135+0000] {dag.py:3722} INFO - Setting next_dagrun for daily_vulnerability_ingestion to 2026-06-03T14:52:05.384041+00:00, run_after=2026-06-04T14:52:05.384041+00:00
[2026-06-04T04:01:11.147+0000] {processor.py:179} INFO - Processing /opt/airflow/dags/S3_UPLOAD_DAG.py took 0.091 seconds
[2026-06-04T04:01:41.267+0000] {processor.py:157} INFO - Started process (PID=965) to work on /opt/airflow/dags/S3_UPLOAD_DAG.py
[2026-06-04T04:01:41.268+0000] {processor.py:829} INFO - Processing file /opt/airflow/dags/S3_UPLOAD_DAG.py for tasks to queue
[2026-06-04T04:01:41.269+0000] {logging_mixin.py:154} INFO - [2026-06-04T04:01:41.269+0000] {dagbag.py:536} INFO - Filling up the DagBag from /opt/airflow/dags/S3_UPLOAD_DAG.py
[2026-06-04T04:01:41.285+0000] {processor.py:839} INFO - DAG(s) dict_keys(['daily_vulnerability_ingestion']) retrieved from /opt/airflow/dags/S3_UPLOAD_DAG.py
[2026-06-04T04:01:41.303+0000] {logging_mixin.py:154} INFO - [2026-06-04T04:01:41.303+0000] {dag.py:2941} INFO - Sync 1 DAGs
[2026-06-04T04:01:41.318+0000] {logging_mixin.py:154} INFO - [2026-06-04T04:01:41.318+0000] {dag.py:3722} INFO - Setting next_dagrun for daily_vulnerability_ingestion to 2026-06-03T14:52:05.384041+00:00, run_after=2026-06-04T14:52:05.384041+00:00
[2026-06-04T04:01:41.329+0000] {processor.py:179} INFO - Processing /opt/airflow/dags/S3_UPLOAD_DAG.py took 0.068 seconds
[2026-06-04T04:02:11.515+0000] {processor.py:157} INFO - Started process (PID=970) to work on /opt/airflow/dags/S3_UPLOAD_DAG.py
[2026-06-04T04:02:11.524+0000] {processor.py:829} INFO - Processing file /opt/airflow/dags/S3_UPLOAD_DAG.py for tasks to queue
[2026-06-04T04:02:11.525+0000] {logging_mixin.py:154} INFO - [2026-06-04T04:02:11.525+0000] {dagbag.py:536} INFO - Filling up the DagBag from /opt/airflow/dags/S3_UPLOAD_DAG.py
[2026-06-04T04:02:11.543+0000] {processor.py:839} INFO - DAG(s) dict_keys(['daily_vulnerability_ingestion']) retrieved from /opt/airflow/dags/S3_UPLOAD_DAG.py
[2026-06-04T04:02:11.569+0000] {logging_mixin.py:154} INFO - [2026-06-04T04:02:11.569+0000] {dag.py:2941} INFO - Sync 1 DAGs
[2026-06-04T04:02:11.585+0000] {logging_mixin.py:154} INFO - [2026-06-04T04:02:11.585+0000] {dag.py:3722} INFO - Setting next_dagrun for daily_vulnerability_ingestion to 2026-06-03T14:52:05.384041+00:00, run_after=2026-06-04T14:52:05.384041+00:00
[2026-06-04T04:02:11.596+0000] {processor.py:179} INFO - Processing /opt/airflow/dags/S3_UPLOAD_DAG.py took 0.085 seconds
[2026-06-04T04:02:41.716+0000] {processor.py:157} INFO - Started process (PID=975) to work on /opt/airflow/dags/S3_UPLOAD_DAG.py
[2026-06-04T04:02:41.717+0000] {processor.py:829} INFO - Processing file /opt/airflow/dags/S3_UPLOAD_DAG.py for tasks to queue
[2026-06-04T04:02:41.719+0000] {logging_mixin.py:154} INFO - [2026-06-04T04:02:41.718+0000] {dagbag.py:536} INFO - Filling up the DagBag from /opt/airflow/dags/S3_UPLOAD_DAG.py
[2026-06-04T04:02:41.736+0000] {processor.py:839} INFO - DAG(s) dict_keys(['daily_vulnerability_ingestion']) retrieved from /opt/airflow/dags/S3_UPLOAD_DAG.py
[2026-06-04T04:02:41.755+0000] {logging_mixin.py:154} INFO - [2026-06-04T04:02:41.755+0000] {dag.py:2941} INFO - Sync 1 DAGs
[2026-06-04T04:02:41.770+0000] {logging_mixin.py:154} INFO - [2026-06-04T04:02:41.770+0000] {dag.py:3722} INFO - Setting next_dagrun for daily_vulnerability_ingestion to 2026-06-03T14:52:05.384041+00:00, run_after=2026-06-04T14:52:05.384041+00:00
[2026-06-04T04:02:41.781+0000] {processor.py:179} INFO - Processing /opt/airflow/dags/S3_UPLOAD_DAG.py took 0.075 seconds
[2026-06-04T04:03:11.970+0000] {processor.py:157} INFO - Started process (PID=980) to work on /opt/airflow/dags/S3_UPLOAD_DAG.py
[2026-06-04T04:03:11.971+0000] {processor.py:829} INFO - Processing file /opt/airflow/dags/S3_UPLOAD_DAG.py for tasks to queue
[2026-06-04T04:03:11.972+0000] {logging_mixin.py:154} INFO - [2026-06-04T04:03:11.972+0000] {dagbag.py:536} INFO - Filling up the DagBag from /opt/airflow/dags/S3_UPLOAD_DAG.py
[2026-06-04T04:03:11.989+0000] {processor.py:839} INFO - DAG(s) dict_keys(['daily_vulnerability_ingestion']) retrieved from /opt/airflow/dags/S3_UPLOAD_DAG.py
[2026-06-04T04:03:12.010+0000] {logging_mixin.py:154} INFO - [2026-06-04T04:03:12.009+0000] {dag.py:2941} INFO - Sync 1 DAGs
[2026-06-04T04:03:12.024+0000] {logging_mixin.py:154} INFO - [2026-06-04T04:03:12.024+0000] {dag.py:3722} INFO - Setting next_dagrun for daily_vulnerability_ingestion to 2026-06-03T14:52:05.384041+00:00, run_after=2026-06-04T14:52:05.384041+00:00
[2026-06-04T04:03:12.035+0000] {processor.py:179} INFO - Processing /opt/airflow/dags/S3_UPLOAD_DAG.py took 0.070 seconds
[2026-06-04T04:03:42.194+0000] {processor.py:157} INFO - Started process (PID=985) to work on /opt/airflow/dags/S3_UPLOAD_DAG.py
[2026-06-04T04:03:42.196+0000] {processor.py:829} INFO - Processing file /opt/airflow/dags/S3_UPLOAD_DAG.py for tasks to queue
[2026-06-04T04:03:42.198+0000] {logging_mixin.py:154} INFO - [2026-06-04T04:03:42.197+0000] {dagbag.py:536} INFO - Filling up the DagBag from /opt/airflow/dags/S3_UPLOAD_DAG.py
[2026-06-04T04:03:42.219+0000] {processor.py:839} INFO - DAG(s) dict_keys(['daily_vulnerability_ingestion']) retrieved from /opt/airflow/dags/S3_UPLOAD_DAG.py
[2026-06-04T04:03:42.239+0000] {logging_mixin.py:154} INFO - [2026-06-04T04:03:42.238+0000] {dag.py:2941} INFO - Sync 1 DAGs
[2026-06-04T04:03:42.253+0000] {logging_mixin.py:154} INFO - [2026-06-04T04:03:42.253+0000] {dag.py:3722} INFO - Setting next_dagrun for daily_vulnerability_ingestion to 2026-06-03T14:52:05.384041+00:00, run_after=2026-06-04T14:52:05.384041+00:00
[2026-06-04T04:03:42.266+0000] {processor.py:179} INFO - Processing /opt/airflow/dags/S3_UPLOAD_DAG.py took 0.082 seconds
[2026-06-04T04:04:12.397+0000] {processor.py:157} INFO - Started process (PID=990) to work on /opt/airflow/dags/S3_UPLOAD_DAG.py
[2026-06-04T04:04:12.406+0000] {processor.py:829} INFO - Processing file /opt/airflow/dags/S3_UPLOAD_DAG.py for tasks to queue
[2026-06-04T04:04:12.408+0000] {logging_mixin.py:154} INFO - [2026-06-04T04:04:12.407+0000] {dagbag.py:536} INFO - Filling up the DagBag from /opt/airflow/dags/S3_UPLOAD_DAG.py
[2026-06-04T04:04:12.430+0000] {processor.py:839} INFO - DAG(s) dict_keys(['daily_vulnerability_ingestion']) retrieved from /opt/airflow/dags/S3_UPLOAD_DAG.py
[2026-06-04T04:04:12.453+0000] {logging_mixin.py:154} INFO - [2026-06-04T04:04:12.453+0000] {dag.py:2941} INFO - Sync 1 DAGs
[2026-06-04T04:04:12.472+0000] {logging_mixin.py:154} INFO - [2026-06-04T04:04:12.471+0000] {dag.py:3722} INFO - Setting next_dagrun for daily_vulnerability_ingestion to 2026-06-03T14:52:05.384041+00:00, run_after=2026-06-04T14:52:05.384041+00:00
[2026-06-04T04:04:12.482+0000] {processor.py:179} INFO - Processing /opt/airflow/dags/S3_UPLOAD_DAG.py took 0.090 seconds
[2026-06-04T04:04:42.628+0000] {processor.py:157} INFO - Started process (PID=995) to work on /opt/airflow/dags/S3_UPLOAD_DAG.py
[2026-06-04T04:04:42.628+0000] {processor.py:829} INFO - Processing file /opt/airflow/dags/S3_UPLOAD_DAG.py for tasks to queue
[2026-06-04T04:04:42.629+0000] {logging_mixin.py:154} INFO - [2026-06-04T04:04:42.629+0000] {dagbag.py:536} INFO - Filling up the DagBag from /opt/airflow/dags/S3_UPLOAD_DAG.py
[2026-06-04T04:04:42.639+0000] {processor.py:839} INFO - DAG(s) dict_keys(['daily_vulnerability_ingestion']) retrieved from /opt/airflow/dags/S3_UPLOAD_DAG.py
[2026-06-04T04:04:42.656+0000] {logging_mixin.py:154} INFO - [2026-06-04T04:04:42.656+0000] {dag.py:2941} INFO - Sync 1 DAGs
[2026-06-04T04:04:42.671+0000] {logging_mixin.py:154} INFO - [2026-06-04T04:04:42.670+0000] {dag.py:3722} INFO - Setting next_dagrun for daily_vulnerability_ingestion to 2026-06-03T14:52:05.384041+00:00, run_after=2026-06-04T14:52:05.384041+00:00
[2026-06-04T04:04:42.682+0000] {processor.py:179} INFO - Processing /opt/airflow/dags/S3_UPLOAD_DAG.py took 0.056 seconds
[2026-06-04T04:05:12.837+0000] {processor.py:157} INFO - Started process (PID=1000) to work on /opt/airflow/dags/S3_UPLOAD_DAG.py
[2026-06-04T04:05:12.845+0000] {processor.py:829} INFO - Processing file /opt/airflow/dags/S3_UPLOAD_DAG.py for tasks to queue
[2026-06-04T04:05:12.846+0000] {logging_mixin.py:154} INFO - [2026-06-04T04:05:12.846+0000] {dagbag.py:536} INFO - Filling up the DagBag from /opt/airflow/dags/S3_UPLOAD_DAG.py
[2026-06-04T04:05:12.856+0000] {processor.py:839} INFO - DAG(s) dict_keys(['daily_vulnerability_ingestion']) retrieved from /opt/airflow/dags/S3_UPLOAD_DAG.py
[2026-06-04T04:05:12.873+0000] {logging_mixin.py:154} INFO - [2026-06-04T04:05:12.873+0000] {dag.py:2941} INFO - Sync 1 DAGs
[2026-06-04T04:05:12.889+0000] {logging_mixin.py:154} INFO - [2026-06-04T04:05:12.889+0000] {dag.py:3722} INFO - Setting next_dagrun for daily_vulnerability_ingestion to 2026-06-03T14:52:05.384041+00:00, run_after=2026-06-04T14:52:05.384041+00:00
[2026-06-04T04:05:12.900+0000] {processor.py:179} INFO - Processing /opt/airflow/dags/S3_UPLOAD_DAG.py took 0.066 seconds
[2026-06-04T04:05:43.064+0000] {processor.py:157} INFO - Started process (PID=1005) to work on /opt/airflow/dags/S3_UPLOAD_DAG.py
[2026-06-04T04:05:43.065+0000] {processor.py:829} INFO - Processing file /opt/airflow/dags/S3_UPLOAD_DAG.py for tasks to queue
[2026-06-04T04:05:43.066+0000] {logging_mixin.py:154} INFO - [2026-06-04T04:05:43.066+0000] {dagbag.py:536} INFO - Filling up the DagBag from /opt/airflow/dags/S3_UPLOAD_DAG.py
[2026-06-04T04:05:43.083+0000] {processor.py:839} INFO - DAG(s) dict_keys(['daily_vulnerability_ingestion']) retrieved from /opt/airflow/dags/S3_UPLOAD_DAG.py
[2026-06-04T04:05:43.102+0000] {logging_mixin.py:154} INFO - [2026-06-04T04:05:43.102+0000] {dag.py:2941} INFO - Sync 1 DAGs
[2026-06-04T04:05:43.117+0000] {logging_mixin.py:154} INFO - [2026-06-04T04:05:43.117+0000] {dag.py:3722} INFO - Setting next_dagrun for daily_vulnerability_ingestion to 2026-06-03T14:52:05.384041+00:00, run_after=2026-06-04T14:52:05.384041+00:00
[2026-06-04T04:05:43.128+0000] {processor.py:179} INFO - Processing /opt/airflow/dags/S3_UPLOAD_DAG.py took 0.073 seconds
[2026-06-04T04:06:13.258+0000] {processor.py:157} INFO - Started process (PID=1010) to work on /opt/airflow/dags/S3_UPLOAD_DAG.py
[2026-06-04T04:06:13.266+0000] {processor.py:829} INFO - Processing file /opt/airflow/dags/S3_UPLOAD_DAG.py for tasks to queue
[2026-06-04T04:06:13.267+0000] {logging_mixin.py:154} INFO - [2026-06-04T04:06:13.267+0000] {dagbag.py:536} INFO - Filling up the DagBag from /opt/airflow/dags/S3_UPLOAD_DAG.py
[2026-06-04T04:06:13.277+0000] {processor.py:839} INFO - DAG(s) dict_keys(['daily_vulnerability_ingestion']) retrieved from /opt/airflow/dags/S3_UPLOAD_DAG.py
[2026-06-04T04:06:13.294+0000] {logging_mixin.py:154} INFO - [2026-06-04T04:06:13.294+0000] {dag.py:2941} INFO - Sync 1 DAGs
[2026-06-04T04:06:13.311+0000] {logging_mixin.py:154} INFO - [2026-06-04T04:06:13.310+0000] {dag.py:3722} INFO - Setting next_dagrun for daily_vulnerability_ingestion to 2026-06-03T14:52:05.384041+00:00, run_after=2026-06-04T14:52:05.384041+00:00
[2026-06-04T04:06:13.324+0000] {processor.py:179} INFO - Processing /opt/airflow/dags/S3_UPLOAD_DAG.py took 0.069 seconds
[2026-06-04T04:06:43.501+0000] {processor.py:157} INFO - Started process (PID=1015) to work on /opt/airflow/dags/S3_UPLOAD_DAG.py
[2026-06-04T04:06:43.502+0000] {processor.py:829} INFO - Processing file /opt/airflow/dags/S3_UPLOAD_DAG.py for tasks to queue
[2026-06-04T04:06:43.503+0000] {logging_mixin.py:154} INFO - [2026-06-04T04:06:43.502+0000] {dagbag.py:536} INFO - Filling up the DagBag from /opt/airflow/dags/S3_UPLOAD_DAG.py
[2026-06-04T04:06:43.519+0000] {processor.py:839} INFO - DAG(s) dict_keys(['daily_vulnerability_ingestion']) retrieved from /opt/airflow/dags/S3_UPLOAD_DAG.py
[2026-06-04T04:06:43.540+0000] {logging_mixin.py:154} INFO - [2026-06-04T04:06:43.540+0000] {dag.py:2941} INFO - Sync 1 DAGs
[2026-06-04T04:06:43.555+0000] {logging_mixin.py:154} INFO - [2026-06-04T04:06:43.555+0000] {dag.py:3722} INFO - Setting next_dagrun for daily_vulnerability_ingestion to 2026-06-03T14:52:05.384041+00:00, run_after=2026-06-04T14:52:05.384041+00:00
[2026-06-04T04:06:43.566+0000] {processor.py:179} INFO - Processing /opt/airflow/dags/S3_UPLOAD_DAG.py took 0.069 seconds
[2026-06-04T04:07:13.707+0000] {processor.py:157} INFO - Started process (PID=1020) to work on /opt/airflow/dags/S3_UPLOAD_DAG.py
[2026-06-04T04:07:13.716+0000] {processor.py:829} INFO - Processing file /opt/airflow/dags/S3_UPLOAD_DAG.py for tasks to queue
[2026-06-04T04:07:13.716+0000] {logging_mixin.py:154} INFO - [2026-06-04T04:07:13.716+0000] {dagbag.py:536} INFO - Filling up the DagBag from /opt/airflow/dags/S3_UPLOAD_DAG.py
[2026-06-04T04:07:13.726+0000] {processor.py:839} INFO - DAG(s) dict_keys(['daily_vulnerability_ingestion']) retrieved from /opt/airflow/dags/S3_UPLOAD_DAG.py
[2026-06-04T04:07:13.743+0000] {logging_mixin.py:154} INFO - [2026-06-04T04:07:13.743+0000] {dag.py:2941} INFO - Sync 1 DAGs
[2026-06-04T04:07:13.758+0000] {logging_mixin.py:154} INFO - [2026-06-04T04:07:13.758+0000] {dag.py:3722} INFO - Setting next_dagrun for daily_vulnerability_ingestion to 2026-06-03T14:52:05.384041+00:00, run_after=2026-06-04T14:52:05.384041+00:00
[2026-06-04T04:07:13.770+0000] {processor.py:179} INFO - Processing /opt/airflow/dags/S3_UPLOAD_DAG.py took 0.065 seconds
[2026-06-04T04:07:43.932+0000] {processor.py:157} INFO - Started process (PID=1025) to work on /opt/airflow/dags/S3_UPLOAD_DAG.py
[2026-06-04T04:07:43.933+0000] {processor.py:829} INFO - Processing file /opt/airflow/dags/S3_UPLOAD_DAG.py for tasks to queue
[2026-06-04T04:07:43.933+0000] {logging_mixin.py:154} INFO - [2026-06-04T04:07:43.933+0000] {dagbag.py:536} INFO - Filling up the DagBag from /opt/airflow/dags/S3_UPLOAD_DAG.py
[2026-06-04T04:07:43.943+0000] {processor.py:839} INFO - DAG(s) dict_keys(['daily_vulnerability_ingestion']) retrieved from /opt/airflow/dags/S3_UPLOAD_DAG.py
[2026-06-04T04:07:43.959+0000] {logging_mixin.py:154} INFO - [2026-06-04T04:07:43.959+0000] {dag.py:2941} INFO - Sync 1 DAGs
[2026-06-04T04:07:43.975+0000] {logging_mixin.py:154} INFO - [2026-06-04T04:07:43.975+0000] {dag.py:3722} INFO - Setting next_dagrun for daily_vulnerability_ingestion to 2026-06-03T14:52:05.384041+00:00, run_after=2026-06-04T14:52:05.384041+00:00
[2026-06-04T04:07:43.986+0000] {processor.py:179} INFO - Processing /opt/airflow/dags/S3_UPLOAD_DAG.py took 0.056 seconds
[2026-06-04T04:08:14.146+0000] {processor.py:157} INFO - Started process (PID=1030) to work on /opt/airflow/dags/S3_UPLOAD_DAG.py
[2026-06-04T04:08:14.155+0000] {processor.py:829} INFO - Processing file /opt/airflow/dags/S3_UPLOAD_DAG.py for tasks to queue
[2026-06-04T04:08:14.156+0000] {logging_mixin.py:154} INFO - [2026-06-04T04:08:14.156+0000] {dagbag.py:536} INFO - Filling up the DagBag from /opt/airflow/dags/S3_UPLOAD_DAG.py
[2026-06-04T04:08:14.173+0000] {processor.py:839} INFO - DAG(s) dict_keys(['daily_vulnerability_ingestion']) retrieved from /opt/airflow/dags/S3_UPLOAD_DAG.py
[2026-06-04T04:08:14.197+0000] {logging_mixin.py:154} INFO - [2026-06-04T04:08:14.197+0000] {dag.py:2941} INFO - Sync 1 DAGs
[2026-06-04T04:08:14.213+0000] {logging_mixin.py:154} INFO - [2026-06-04T04:08:14.213+0000] {dag.py:3722} INFO - Setting next_dagrun for daily_vulnerability_ingestion to 2026-06-03T14:52:05.384041+00:00, run_after=2026-06-04T14:52:05.384041+00:00
[2026-06-04T04:08:14.224+0000] {processor.py:179} INFO - Processing /opt/airflow/dags/S3_UPLOAD_DAG.py took 0.084 seconds
[2026-06-04T04:08:44.346+0000] {processor.py:157} INFO - Started process (PID=1035) to work on /opt/airflow/dags/S3_UPLOAD_DAG.py
[2026-06-04T04:08:44.347+0000] {processor.py:829} INFO - Processing file /opt/airflow/dags/S3_UPLOAD_DAG.py for tasks to queue
[2026-06-04T04:08:44.347+0000] {logging_mixin.py:154} INFO - [2026-06-04T04:08:44.347+0000] {dagbag.py:536} INFO - Filling up the DagBag from /opt/airflow/dags/S3_UPLOAD_DAG.py
[2026-06-04T04:08:44.358+0000] {processor.py:839} INFO - DAG(s) dict_keys(['daily_vulnerability_ingestion']) retrieved from /opt/airflow/dags/S3_UPLOAD_DAG.py
[2026-06-04T04:08:44.376+0000] {logging_mixin.py:154} INFO - [2026-06-04T04:08:44.376+0000] {dag.py:2941} INFO - Sync 1 DAGs
[2026-06-04T04:08:44.391+0000] {logging_mixin.py:154} INFO - [2026-06-04T04:08:44.391+0000] {dag.py:3722} INFO - Setting next_dagrun for daily_vulnerability_ingestion to 2026-06-03T14:52:05.384041+00:00, run_after=2026-06-04T14:52:05.384041+00:00
[2026-06-04T04:08:44.402+0000] {processor.py:179} INFO - Processing /opt/airflow/dags/S3_UPLOAD_DAG.py took 0.058 seconds
[2026-06-04T04:09:14.572+0000] {processor.py:157} INFO - Started process (PID=1040) to work on /opt/airflow/dags/S3_UPLOAD_DAG.py
[2026-06-04T04:09:14.573+0000] {processor.py:829} INFO - Processing file /opt/airflow/dags/S3_UPLOAD_DAG.py for tasks to queue
[2026-06-04T04:09:14.575+0000] {logging_mixin.py:154} INFO - [2026-06-04T04:09:14.574+0000] {dagbag.py:536} INFO - Filling up the DagBag from /opt/airflow/dags/S3_UPLOAD_DAG.py
[2026-06-04T04:09:14.594+0000] {processor.py:839} INFO - DAG(s) dict_keys(['daily_vulnerability_ingestion']) retrieved from /opt/airflow/dags/S3_UPLOAD_DAG.py
[2026-06-04T04:09:14.616+0000] {logging_mixin.py:154} INFO - [2026-06-04T04:09:14.615+0000] {dag.py:2941} INFO - Sync 1 DAGs
[2026-06-04T04:09:14.632+0000] {logging_mixin.py:154} INFO - [2026-06-04T04:09:14.632+0000] {dag.py:3722} INFO - Setting next_dagrun for daily_vulnerability_ingestion to 2026-06-03T14:52:05.384041+00:00, run_after=2026-06-04T14:52:05.384041+00:00
[2026-06-04T04:09:14.644+0000] {processor.py:179} INFO - Processing /opt/airflow/dags/S3_UPLOAD_DAG.py took 0.076 seconds
[2026-06-04T04:09:44.825+0000] {processor.py:157} INFO - Started process (PID=1045) to work on /opt/airflow/dags/S3_UPLOAD_DAG.py
[2026-06-04T04:09:44.826+0000] {processor.py:829} INFO - Processing file /opt/airflow/dags/S3_UPLOAD_DAG.py for tasks to queue
[2026-06-04T04:09:44.827+0000] {logging_mixin.py:154} INFO - [2026-06-04T04:09:44.826+0000] {dagbag.py:536} INFO - Filling up the DagBag from /opt/airflow/dags/S3_UPLOAD_DAG.py
[2026-06-04T04:09:44.846+0000] {processor.py:839} INFO - DAG(s) dict_keys(['daily_vulnerability_ingestion']) retrieved from /opt/airflow/dags/S3_UPLOAD_DAG.py
[2026-06-04T04:09:44.866+0000] {logging_mixin.py:154} INFO - [2026-06-04T04:09:44.866+0000] {dag.py:2941} INFO - Sync 1 DAGs
[2026-06-04T04:09:44.882+0000] {logging_mixin.py:154} INFO - [2026-06-04T04:09:44.882+0000] {dag.py:3722} INFO - Setting next_dagrun for daily_vulnerability_ingestion to 2026-06-03T14:52:05.384041+00:00, run_after=2026-06-04T14:52:05.384041+00:00
[2026-06-04T04:09:44.894+0000] {processor.py:179} INFO - Processing /opt/airflow/dags/S3_UPLOAD_DAG.py took 0.075 seconds
[2026-06-04T04:10:15.050+0000] {processor.py:157} INFO - Started process (PID=1050) to work on /opt/airflow/dags/S3_UPLOAD_DAG.py
[2026-06-04T04:10:15.060+0000] {processor.py:829} INFO - Processing file /opt/airflow/dags/S3_UPLOAD_DAG.py for tasks to queue
[2026-06-04T04:10:15.062+0000] {logging_mixin.py:154} INFO - [2026-06-04T04:10:15.061+0000] {dagbag.py:536} INFO - Filling up the DagBag from /opt/airflow/dags/S3_UPLOAD_DAG.py
[2026-06-04T04:10:15.087+0000] {processor.py:839} INFO - DAG(s) dict_keys(['daily_vulnerability_ingestion']) retrieved from /opt/airflow/dags/S3_UPLOAD_DAG.py
[2026-06-04T04:10:15.107+0000] {logging_mixin.py:154} INFO - [2026-06-04T04:10:15.107+0000] {dag.py:2941} INFO - Sync 1 DAGs
[2026-06-04T04:10:15.122+0000] {logging_mixin.py:154} INFO - [2026-06-04T04:10:15.122+0000] {dag.py:3722} INFO - Setting next_dagrun for daily_vulnerability_ingestion to 2026-06-03T14:52:05.384041+00:00, run_after=2026-06-04T14:52:05.384041+00:00
[2026-06-04T04:10:15.133+0000] {processor.py:179} INFO - Processing /opt/airflow/dags/S3_UPLOAD_DAG.py took 0.092 seconds
[2026-06-04T04:10:45.285+0000] {processor.py:157} INFO - Started process (PID=1055) to work on /opt/airflow/dags/S3_UPLOAD_DAG.py
[2026-06-04T04:10:45.287+0000] {processor.py:829} INFO - Processing file /opt/airflow/dags/S3_UPLOAD_DAG.py for tasks to queue
[2026-06-04T04:10:45.289+0000] {logging_mixin.py:154} INFO - [2026-06-04T04:10:45.288+0000] {dagbag.py:536} INFO - Filling up the DagBag from /opt/airflow/dags/S3_UPLOAD_DAG.py
[2026-06-04T04:10:45.311+0000] {processor.py:839} INFO - DAG(s) dict_keys(['daily_vulnerability_ingestion']) retrieved from /opt/airflow/dags/S3_UPLOAD_DAG.py
[2026-06-04T04:10:45.331+0000] {logging_mixin.py:154} INFO - [2026-06-04T04:10:45.331+0000] {dag.py:2941} INFO - Sync 1 DAGs
[2026-06-04T04:10:45.346+0000] {logging_mixin.py:154} INFO - [2026-06-04T04:10:45.346+0000] {dag.py:3722} INFO - Setting next_dagrun for daily_vulnerability_ingestion to 2026-06-03T14:52:05.384041+00:00, run_after=2026-06-04T14:52:05.384041+00:00
[2026-06-04T04:10:45.356+0000] {processor.py:179} INFO - Processing /opt/airflow/dags/S3_UPLOAD_DAG.py took 0.080 seconds
[2026-06-04T04:11:15.530+0000] {processor.py:157} INFO - Started process (PID=1060) to work on /opt/airflow/dags/S3_UPLOAD_DAG.py
[2026-06-04T04:11:15.540+0000] {processor.py:829} INFO - Processing file /opt/airflow/dags/S3_UPLOAD_DAG.py for tasks to queue
[2026-06-04T04:11:15.542+0000] {logging_mixin.py:154} INFO - [2026-06-04T04:11:15.541+0000] {dagbag.py:536} INFO - Filling up the DagBag from /opt/airflow/dags/S3_UPLOAD_DAG.py
[2026-06-04T04:11:15.564+0000] {processor.py:839} INFO - DAG(s) dict_keys(['daily_vulnerability_ingestion']) retrieved from /opt/airflow/dags/S3_UPLOAD_DAG.py
[2026-06-04T04:11:15.585+0000] {logging_mixin.py:154} INFO - [2026-06-04T04:11:15.584+0000] {dag.py:2941} INFO - Sync 1 DAGs
[2026-06-04T04:11:15.602+0000] {logging_mixin.py:154} INFO - [2026-06-04T04:11:15.602+0000] {dag.py:3722} INFO - Setting next_dagrun for daily_vulnerability_ingestion to 2026-06-03T14:52:05.384041+00:00, run_after=2026-06-04T14:52:05.384041+00:00
[2026-06-04T04:11:15.615+0000] {processor.py:179} INFO - Processing /opt/airflow/dags/S3_UPLOAD_DAG.py took 0.092 seconds
[2026-06-04T04:11:45.743+0000] {processor.py:157} INFO - Started process (PID=1065) to work on /opt/airflow/dags/S3_UPLOAD_DAG.py
[2026-06-04T04:11:45.745+0000] {processor.py:829} INFO - Processing file /opt/airflow/dags/S3_UPLOAD_DAG.py for tasks to queue
[2026-06-04T04:11:45.747+0000] {logging_mixin.py:154} INFO - [2026-06-04T04:11:45.747+0000] {dagbag.py:536} INFO - Filling up the DagBag from /opt/airflow/dags/S3_UPLOAD_DAG.py
[2026-06-04T04:11:45.769+0000] {processor.py:839} INFO - DAG(s) dict_keys(['daily_vulnerability_ingestion']) retrieved from /opt/airflow/dags/S3_UPLOAD_DAG.py
[2026-06-04T04:11:45.789+0000] {logging_mixin.py:154} INFO - [2026-06-04T04:11:45.789+0000] {dag.py:2941} INFO - Sync 1 DAGs
[2026-06-04T04:11:45.804+0000] {logging_mixin.py:154} INFO - [2026-06-04T04:11:45.804+0000] {dag.py:3722} INFO - Setting next_dagrun for daily_vulnerability_ingestion to 2026-06-03T14:52:05.384041+00:00, run_after=2026-06-04T14:52:05.384041+00:00
[2026-06-04T04:11:45.814+0000] {processor.py:179} INFO - Processing /opt/airflow/dags/S3_UPLOAD_DAG.py took 0.081 seconds
[2026-06-04T04:12:15.973+0000] {processor.py:157} INFO - Started process (PID=1070) to work on /opt/airflow/dags/S3_UPLOAD_DAG.py
[2026-06-04T04:12:15.982+0000] {processor.py:829} INFO - Processing file /opt/airflow/dags/S3_UPLOAD_DAG.py for tasks to queue
[2026-06-04T04:12:15.982+0000] {logging_mixin.py:154} INFO - [2026-06-04T04:12:15.982+0000] {dagbag.py:536} INFO - Filling up the DagBag from /opt/airflow/dags/S3_UPLOAD_DAG.py
[2026-06-04T04:12:15.992+0000] {processor.py:839} INFO - DAG(s) dict_keys(['daily_vulnerability_ingestion']) retrieved from /opt/airflow/dags/S3_UPLOAD_DAG.py
[2026-06-04T04:12:16.009+0000] {logging_mixin.py:154} INFO - [2026-06-04T04:12:16.009+0000] {dag.py:2941} INFO - Sync 1 DAGs
[2026-06-04T04:12:16.023+0000] {logging_mixin.py:154} INFO - [2026-06-04T04:12:16.023+0000] {dag.py:3722} INFO - Setting next_dagrun for daily_vulnerability_ingestion to 2026-06-03T14:52:05.384041+00:00, run_after=2026-06-04T14:52:05.384041+00:00
[2026-06-04T04:12:16.034+0000] {processor.py:179} INFO - Processing /opt/airflow/dags/S3_UPLOAD_DAG.py took 0.064 seconds
[2026-06-04T04:12:46.177+0000] {processor.py:157} INFO - Started process (PID=1075) to work on /opt/airflow/dags/S3_UPLOAD_DAG.py
[2026-06-04T04:12:46.178+0000] {processor.py:829} INFO - Processing file /opt/airflow/dags/S3_UPLOAD_DAG.py for tasks to queue
[2026-06-04T04:12:46.180+0000] {logging_mixin.py:154} INFO - [2026-06-04T04:12:46.179+0000] {dagbag.py:536} INFO - Filling up the DagBag from /opt/airflow/dags/S3_UPLOAD_DAG.py
[2026-06-04T04:12:46.197+0000] {processor.py:839} INFO - DAG(s) dict_keys(['daily_vulnerability_ingestion']) retrieved from /opt/airflow/dags/S3_UPLOAD_DAG.py
[2026-06-04T04:12:46.215+0000] {logging_mixin.py:154} INFO - [2026-06-04T04:12:46.215+0000] {dag.py:2941} INFO - Sync 1 DAGs
[2026-06-04T04:12:46.230+0000] {logging_mixin.py:154} INFO - [2026-06-04T04:12:46.230+0000] {dag.py:3722} INFO - Setting next_dagrun for daily_vulnerability_ingestion to 2026-06-03T14:52:05.384041+00:00, run_after=2026-06-04T14:52:05.384041+00:00
[2026-06-04T04:12:46.241+0000] {processor.py:179} INFO - Processing /opt/airflow/dags/S3_UPLOAD_DAG.py took 0.070 seconds
[2026-06-04T04:13:16.408+0000] {processor.py:157} INFO - Started process (PID=1080) to work on /opt/airflow/dags/S3_UPLOAD_DAG.py
[2026-06-04T04:13:16.417+0000] {processor.py:829} INFO - Processing file /opt/airflow/dags/S3_UPLOAD_DAG.py for tasks to queue
[2026-06-04T04:13:16.418+0000] {logging_mixin.py:154} INFO - [2026-06-04T04:13:16.418+0000] {dagbag.py:536} INFO - Filling up the DagBag from /opt/airflow/dags/S3_UPLOAD_DAG.py
[2026-06-04T04:13:16.431+0000] {processor.py:839} INFO - DAG(s) dict_keys(['daily_vulnerability_ingestion']) retrieved from /opt/airflow/dags/S3_UPLOAD_DAG.py
[2026-06-04T04:13:16.449+0000] {logging_mixin.py:154} INFO - [2026-06-04T04:13:16.449+0000] {dag.py:2941} INFO - Sync 1 DAGs
[2026-06-04T04:13:16.463+0000] {logging_mixin.py:154} INFO - [2026-06-04T04:13:16.463+0000] {dag.py:3722} INFO - Setting next_dagrun for daily_vulnerability_ingestion to 2026-06-03T14:52:05.384041+00:00, run_after=2026-06-04T14:52:05.384041+00:00
[2026-06-04T04:13:16.474+0000] {processor.py:179} INFO - Processing /opt/airflow/dags/S3_UPLOAD_DAG.py took 0.070 seconds
[2026-06-04T04:13:46.621+0000] {processor.py:157} INFO - Started process (PID=1085) to work on /opt/airflow/dags/S3_UPLOAD_DAG.py
[2026-06-04T04:13:46.623+0000] {processor.py:829} INFO - Processing file /opt/airflow/dags/S3_UPLOAD_DAG.py for tasks to queue
[2026-06-04T04:13:46.625+0000] {logging_mixin.py:154} INFO - [2026-06-04T04:13:46.624+0000] {dagbag.py:536} INFO - Filling up the DagBag from /opt/airflow/dags/S3_UPLOAD_DAG.py
[2026-06-04T04:13:46.648+0000] {processor.py:839} INFO - DAG(s) dict_keys(['daily_vulnerability_ingestion']) retrieved from /opt/airflow/dags/S3_UPLOAD_DAG.py
[2026-06-04T04:13:46.669+0000] {logging_mixin.py:154} INFO - [2026-06-04T04:13:46.669+0000] {dag.py:2941} INFO - Sync 1 DAGs
[2026-06-04T04:13:46.685+0000] {logging_mixin.py:154} INFO - [2026-06-04T04:13:46.685+0000] {dag.py:3722} INFO - Setting next_dagrun for daily_vulnerability_ingestion to 2026-06-03T14:52:05.384041+00:00, run_after=2026-06-04T14:52:05.384041+00:00
[2026-06-04T04:13:46.697+0000] {processor.py:179} INFO - Processing /opt/airflow/dags/S3_UPLOAD_DAG.py took 0.085 seconds
[2026-06-04T04:14:16.843+0000] {processor.py:157} INFO - Started process (PID=1090) to work on /opt/airflow/dags/S3_UPLOAD_DAG.py
[2026-06-04T04:14:16.852+0000] {processor.py:829} INFO - Processing file /opt/airflow/dags/S3_UPLOAD_DAG.py for tasks to queue
[2026-06-04T04:14:16.853+0000] {logging_mixin.py:154} INFO - [2026-06-04T04:14:16.853+0000] {dagbag.py:536} INFO - Filling up the DagBag from /opt/airflow/dags/S3_UPLOAD_DAG.py
[2026-06-04T04:14:16.864+0000] {processor.py:839} INFO - DAG(s) dict_keys(['daily_vulnerability_ingestion']) retrieved from /opt/airflow/dags/S3_UPLOAD_DAG.py
[2026-06-04T04:14:16.881+0000] {logging_mixin.py:154} INFO - [2026-06-04T04:14:16.881+0000] {dag.py:2941} INFO - Sync 1 DAGs
[2026-06-04T04:14:16.895+0000] {logging_mixin.py:154} INFO - [2026-06-04T04:14:16.895+0000] {dag.py:3722} INFO - Setting next_dagrun for daily_vulnerability_ingestion to 2026-06-03T14:52:05.384041+00:00, run_after=2026-06-04T14:52:05.384041+00:00
[2026-06-04T04:14:16.906+0000] {processor.py:179} INFO - Processing /opt/airflow/dags/S3_UPLOAD_DAG.py took 0.067 seconds
[2026-06-04T04:14:47.094+0000] {processor.py:157} INFO - Started process (PID=1095) to work on /opt/airflow/dags/S3_UPLOAD_DAG.py
[2026-06-04T04:14:47.095+0000] {processor.py:829} INFO - Processing file /opt/airflow/dags/S3_UPLOAD_DAG.py for tasks to queue
[2026-06-04T04:14:47.096+0000] {logging_mixin.py:154} INFO - [2026-06-04T04:14:47.096+0000] {dagbag.py:536} INFO - Filling up the DagBag from /opt/airflow/dags/S3_UPLOAD_DAG.py
[2026-06-04T04:14:47.110+0000] {processor.py:839} INFO - DAG(s) dict_keys(['daily_vulnerability_ingestion']) retrieved from /opt/airflow/dags/S3_UPLOAD_DAG.py
[2026-06-04T04:14:47.128+0000] {logging_mixin.py:154} INFO - [2026-06-04T04:14:47.128+0000] {dag.py:2941} INFO - Sync 1 DAGs
[2026-06-04T04:14:47.142+0000] {logging_mixin.py:154} INFO - [2026-06-04T04:14:47.142+0000] {dag.py:3722} INFO - Setting next_dagrun for daily_vulnerability_ingestion to 2026-06-03T14:52:05.384041+00:00, run_after=2026-06-04T14:52:05.384041+00:00
[2026-06-04T04:14:47.224+0000] {processor.py:179} INFO - Processing /opt/airflow/dags/S3_UPLOAD_DAG.py took 0.135 seconds
[2026-06-04T04:15:17.308+0000] {processor.py:157} INFO - Started process (PID=1100) to work on /opt/airflow/dags/S3_UPLOAD_DAG.py
[2026-06-04T04:15:17.318+0000] {processor.py:829} INFO - Processing file /opt/airflow/dags/S3_UPLOAD_DAG.py for tasks to queue
[2026-06-04T04:15:17.320+0000] {logging_mixin.py:154} INFO - [2026-06-04T04:15:17.319+0000] {dagbag.py:536} INFO - Filling up the DagBag from /opt/airflow/dags/S3_UPLOAD_DAG.py
[2026-06-04T04:15:17.345+0000] {processor.py:839} INFO - DAG(s) dict_keys(['daily_vulnerability_ingestion']) retrieved from /opt/airflow/dags/S3_UPLOAD_DAG.py
[2026-06-04T04:15:17.367+0000] {logging_mixin.py:154} INFO - [2026-06-04T04:15:17.367+0000] {dag.py:2941} INFO - Sync 1 DAGs
[2026-06-04T04:15:17.384+0000] {logging_mixin.py:154} INFO - [2026-06-04T04:15:17.384+0000] {dag.py:3722} INFO - Setting next_dagrun for daily_vulnerability_ingestion to 2026-06-03T14:52:05.384041+00:00, run_after=2026-06-04T14:52:05.384041+00:00
[2026-06-04T04:15:17.396+0000] {processor.py:179} INFO - Processing /opt/airflow/dags/S3_UPLOAD_DAG.py took 0.098 seconds
[2026-06-04T04:15:47.582+0000] {processor.py:157} INFO - Started process (PID=1105) to work on /opt/airflow/dags/S3_UPLOAD_DAG.py
[2026-06-04T04:15:47.582+0000] {processor.py:829} INFO - Processing file /opt/airflow/dags/S3_UPLOAD_DAG.py for tasks to queue
[2026-06-04T04:15:47.583+0000] {logging_mixin.py:154} INFO - [2026-06-04T04:15:47.583+0000] {dagbag.py:536} INFO - Filling up the DagBag from /opt/airflow/dags/S3_UPLOAD_DAG.py
[2026-06-04T04:15:47.600+0000] {processor.py:839} INFO - DAG(s) dict_keys(['daily_vulnerability_ingestion']) retrieved from /opt/airflow/dags/S3_UPLOAD_DAG.py
[2026-06-04T04:15:47.620+0000] {logging_mixin.py:154} INFO - [2026-06-04T04:15:47.620+0000] {dag.py:2941} INFO - Sync 1 DAGs
[2026-06-04T04:15:47.638+0000] {logging_mixin.py:154} INFO - [2026-06-04T04:15:47.638+0000] {dag.py:3722} INFO - Setting next_dagrun for daily_vulnerability_ingestion to 2026-06-03T14:52:05.384041+00:00, run_after=2026-06-04T14:52:05.384041+00:00
[2026-06-04T04:15:47.651+0000] {processor.py:179} INFO - Processing /opt/airflow/dags/S3_UPLOAD_DAG.py took 0.074 seconds
[2026-06-04T04:16:17.799+0000] {processor.py:157} INFO - Started process (PID=1110) to work on /opt/airflow/dags/S3_UPLOAD_DAG.py
[2026-06-04T04:16:17.808+0000] {processor.py:829} INFO - Processing file /opt/airflow/dags/S3_UPLOAD_DAG.py for tasks to queue
[2026-06-04T04:16:17.809+0000] {logging_mixin.py:154} INFO - [2026-06-04T04:16:17.809+0000] {dagbag.py:536} INFO - Filling up the DagBag from /opt/airflow/dags/S3_UPLOAD_DAG.py
[2026-06-04T04:16:17.826+0000] {processor.py:839} INFO - DAG(s) dict_keys(['daily_vulnerability_ingestion']) retrieved from /opt/airflow/dags/S3_UPLOAD_DAG.py
[2026-06-04T04:16:17.846+0000] {logging_mixin.py:154} INFO - [2026-06-04T04:16:17.846+0000] {dag.py:2941} INFO - Sync 1 DAGs
[2026-06-04T04:16:17.862+0000] {logging_mixin.py:154} INFO - [2026-06-04T04:16:17.862+0000] {dag.py:3722} INFO - Setting next_dagrun for daily_vulnerability_ingestion to 2026-06-03T14:52:05.384041+00:00, run_after=2026-06-04T14:52:05.384041+00:00
[2026-06-04T04:16:17.874+0000] {processor.py:179} INFO - Processing /opt/airflow/dags/S3_UPLOAD_DAG.py took 0.082 seconds
[2026-06-04T04:16:48.028+0000] {processor.py:157} INFO - Started process (PID=1115) to work on /opt/airflow/dags/S3_UPLOAD_DAG.py
[2026-06-04T04:16:48.030+0000] {processor.py:829} INFO - Processing file /opt/airflow/dags/S3_UPLOAD_DAG.py for tasks to queue
[2026-06-04T04:16:48.032+0000] {logging_mixin.py:154} INFO - [2026-06-04T04:16:48.032+0000] {dagbag.py:536} INFO - Filling up the DagBag from /opt/airflow/dags/S3_UPLOAD_DAG.py
[2026-06-04T04:16:48.053+0000] {processor.py:839} INFO - DAG(s) dict_keys(['daily_vulnerability_ingestion']) retrieved from /opt/airflow/dags/S3_UPLOAD_DAG.py
[2026-06-04T04:16:48.073+0000] {logging_mixin.py:154} INFO - [2026-06-04T04:16:48.073+0000] {dag.py:2941} INFO - Sync 1 DAGs
[2026-06-04T04:16:48.087+0000] {logging_mixin.py:154} INFO - [2026-06-04T04:16:48.087+0000] {dag.py:3722} INFO - Setting next_dagrun for daily_vulnerability_ingestion to 2026-06-03T14:52:05.384041+00:00, run_after=2026-06-04T14:52:05.384041+00:00
[2026-06-04T04:16:48.098+0000] {processor.py:179} INFO - Processing /opt/airflow/dags/S3_UPLOAD_DAG.py took 0.079 seconds
[2026-06-04T04:17:18.248+0000] {processor.py:157} INFO - Started process (PID=1120) to work on /opt/airflow/dags/S3_UPLOAD_DAG.py
[2026-06-04T04:17:18.256+0000] {processor.py:829} INFO - Processing file /opt/airflow/dags/S3_UPLOAD_DAG.py for tasks to queue
[2026-06-04T04:17:18.257+0000] {logging_mixin.py:154} INFO - [2026-06-04T04:17:18.256+0000] {dagbag.py:536} INFO - Filling up the DagBag from /opt/airflow/dags/S3_UPLOAD_DAG.py
[2026-06-04T04:17:18.269+0000] {processor.py:839} INFO - DAG(s) dict_keys(['daily_vulnerability_ingestion']) retrieved from /opt/airflow/dags/S3_UPLOAD_DAG.py
[2026-06-04T04:17:18.286+0000] {logging_mixin.py:154} INFO - [2026-06-04T04:17:18.286+0000] {dag.py:2941} INFO - Sync 1 DAGs
[2026-06-04T04:17:18.371+0000] {logging_mixin.py:154} INFO - [2026-06-04T04:17:18.371+0000] {dag.py:3722} INFO - Setting next_dagrun for daily_vulnerability_ingestion to 2026-06-03T14:52:05.384041+00:00, run_after=2026-06-04T14:52:05.384041+00:00
[2026-06-04T04:17:18.390+0000] {processor.py:179} INFO - Processing /opt/airflow/dags/S3_UPLOAD_DAG.py took 0.145 seconds
[2026-06-04T04:17:48.436+0000] {processor.py:157} INFO - Started process (PID=1125) to work on /opt/airflow/dags/S3_UPLOAD_DAG.py
[2026-06-04T04:17:48.437+0000] {processor.py:829} INFO - Processing file /opt/airflow/dags/S3_UPLOAD_DAG.py for tasks to queue
[2026-06-04T04:17:48.437+0000] {logging_mixin.py:154} INFO - [2026-06-04T04:17:48.437+0000] {dagbag.py:536} INFO - Filling up the DagBag from /opt/airflow/dags/S3_UPLOAD_DAG.py
[2026-06-04T04:17:48.447+0000] {processor.py:839} INFO - DAG(s) dict_keys(['daily_vulnerability_ingestion']) retrieved from /opt/airflow/dags/S3_UPLOAD_DAG.py
[2026-06-04T04:17:48.464+0000] {logging_mixin.py:154} INFO - [2026-06-04T04:17:48.464+0000] {dag.py:2941} INFO - Sync 1 DAGs
[2026-06-04T04:17:48.479+0000] {logging_mixin.py:154} INFO - [2026-06-04T04:17:48.478+0000] {dag.py:3722} INFO - Setting next_dagrun for daily_vulnerability_ingestion to 2026-06-03T14:52:05.384041+00:00, run_after=2026-06-04T14:52:05.384041+00:00
[2026-06-04T04:17:48.490+0000] {processor.py:179} INFO - Processing /opt/airflow/dags/S3_UPLOAD_DAG.py took 0.056 seconds
[2026-06-04T04:18:18.640+0000] {processor.py:157} INFO - Started process (PID=1130) to work on /opt/airflow/dags/S3_UPLOAD_DAG.py
[2026-06-04T04:18:18.649+0000] {processor.py:829} INFO - Processing file /opt/airflow/dags/S3_UPLOAD_DAG.py for tasks to queue
[2026-06-04T04:18:18.649+0000] {logging_mixin.py:154} INFO - [2026-06-04T04:18:18.649+0000] {dagbag.py:536} INFO - Filling up the DagBag from /opt/airflow/dags/S3_UPLOAD_DAG.py
[2026-06-04T04:18:18.662+0000] {processor.py:839} INFO - DAG(s) dict_keys(['daily_vulnerability_ingestion']) retrieved from /opt/airflow/dags/S3_UPLOAD_DAG.py
[2026-06-04T04:18:18.684+0000] {logging_mixin.py:154} INFO - [2026-06-04T04:18:18.684+0000] {dag.py:2941} INFO - Sync 1 DAGs
[2026-06-04T04:18:18.704+0000] {logging_mixin.py:154} INFO - [2026-06-04T04:18:18.703+0000] {dag.py:3722} INFO - Setting next_dagrun for daily_vulnerability_ingestion to 2026-06-03T14:52:05.384041+00:00, run_after=2026-06-04T14:52:05.384041+00:00
[2026-06-04T04:18:18.786+0000] {processor.py:179} INFO - Processing /opt/airflow/dags/S3_UPLOAD_DAG.py took 0.149 seconds
[2026-06-04T04:18:48.871+0000] {processor.py:157} INFO - Started process (PID=1135) to work on /opt/airflow/dags/S3_UPLOAD_DAG.py
[2026-06-04T04:18:48.873+0000] {processor.py:829} INFO - Processing file /opt/airflow/dags/S3_UPLOAD_DAG.py for tasks to queue
[2026-06-04T04:18:48.875+0000] {logging_mixin.py:154} INFO - [2026-06-04T04:18:48.874+0000] {dagbag.py:536} INFO - Filling up the DagBag from /opt/airflow/dags/S3_UPLOAD_DAG.py
[2026-06-04T04:18:48.896+0000] {processor.py:839} INFO - DAG(s) dict_keys(['daily_vulnerability_ingestion']) retrieved from /opt/airflow/dags/S3_UPLOAD_DAG.py
[2026-06-04T04:18:48.916+0000] {logging_mixin.py:154} INFO - [2026-06-04T04:18:48.916+0000] {dag.py:2941} INFO - Sync 1 DAGs
[2026-06-04T04:18:49.003+0000] {logging_mixin.py:154} INFO - [2026-06-04T04:18:49.003+0000] {dag.py:3722} INFO - Setting next_dagrun for daily_vulnerability_ingestion to 2026-06-03T14:52:05.384041+00:00, run_after=2026-06-04T14:52:05.384041+00:00
[2026-06-04T04:18:49.037+0000] {processor.py:179} INFO - Processing /opt/airflow/dags/S3_UPLOAD_DAG.py took 0.177 seconds
[2026-06-04T04:19:19.174+0000] {processor.py:157} INFO - Started process (PID=1140) to work on /opt/airflow/dags/S3_UPLOAD_DAG.py
[2026-06-04T04:19:19.176+0000] {processor.py:829} INFO - Processing file /opt/airflow/dags/S3_UPLOAD_DAG.py for tasks to queue
[2026-06-04T04:19:19.178+0000] {logging_mixin.py:154} INFO - [2026-06-04T04:19:19.178+0000] {dagbag.py:536} INFO - Filling up the DagBag from /opt/airflow/dags/S3_UPLOAD_DAG.py
[2026-06-04T04:19:19.198+0000] {processor.py:839} INFO - DAG(s) dict_keys(['daily_vulnerability_ingestion']) retrieved from /opt/airflow/dags/S3_UPLOAD_DAG.py
[2026-06-04T04:19:19.217+0000] {logging_mixin.py:154} INFO - [2026-06-04T04:19:19.216+0000] {dag.py:2941} INFO - Sync 1 DAGs
[2026-06-04T04:19:19.231+0000] {logging_mixin.py:154} INFO - [2026-06-04T04:19:19.231+0000] {dag.py:3722} INFO - Setting next_dagrun for daily_vulnerability_ingestion to 2026-06-03T14:52:05.384041+00:00, run_after=2026-06-04T14:52:05.384041+00:00
[2026-06-04T04:19:19.242+0000] {processor.py:179} INFO - Processing /opt/airflow/dags/S3_UPLOAD_DAG.py took 0.078 seconds
[2026-06-04T04:19:49.416+0000] {processor.py:157} INFO - Started process (PID=1145) to work on /opt/airflow/dags/S3_UPLOAD_DAG.py
[2026-06-04T04:19:49.417+0000] {processor.py:829} INFO - Processing file /opt/airflow/dags/S3_UPLOAD_DAG.py for tasks to queue
[2026-06-04T04:19:49.419+0000] {logging_mixin.py:154} INFO - [2026-06-04T04:19:49.418+0000] {dagbag.py:536} INFO - Filling up the DagBag from /opt/airflow/dags/S3_UPLOAD_DAG.py
[2026-06-04T04:19:49.432+0000] {processor.py:839} INFO - DAG(s) dict_keys(['daily_vulnerability_ingestion']) retrieved from /opt/airflow/dags/S3_UPLOAD_DAG.py
[2026-06-04T04:19:49.451+0000] {logging_mixin.py:154} INFO - [2026-06-04T04:19:49.450+0000] {dag.py:2941} INFO - Sync 1 DAGs
[2026-06-04T04:19:49.538+0000] {logging_mixin.py:154} INFO - [2026-06-04T04:19:49.538+0000] {dag.py:3722} INFO - Setting next_dagrun for daily_vulnerability_ingestion to 2026-06-03T14:52:05.384041+00:00, run_after=2026-06-04T14:52:05.384041+00:00
[2026-06-04T04:19:49.556+0000] {processor.py:179} INFO - Processing /opt/airflow/dags/S3_UPLOAD_DAG.py took 0.145 seconds
[2026-06-04T04:20:19.642+0000] {processor.py:157} INFO - Started process (PID=1150) to work on /opt/airflow/dags/S3_UPLOAD_DAG.py
[2026-06-04T04:20:19.644+0000] {processor.py:829} INFO - Processing file /opt/airflow/dags/S3_UPLOAD_DAG.py for tasks to queue
[2026-06-04T04:20:19.646+0000] {logging_mixin.py:154} INFO - [2026-06-04T04:20:19.645+0000] {dagbag.py:536} INFO - Filling up the DagBag from /opt/airflow/dags/S3_UPLOAD_DAG.py
[2026-06-04T04:20:19.667+0000] {processor.py:839} INFO - DAG(s) dict_keys(['daily_vulnerability_ingestion']) retrieved from /opt/airflow/dags/S3_UPLOAD_DAG.py
[2026-06-04T04:20:19.756+0000] {logging_mixin.py:154} INFO - [2026-06-04T04:20:19.756+0000] {dag.py:2941} INFO - Sync 1 DAGs
[2026-06-04T04:20:19.769+0000] {logging_mixin.py:154} INFO - [2026-06-04T04:20:19.769+0000] {dag.py:3722} INFO - Setting next_dagrun for daily_vulnerability_ingestion to 2026-06-03T14:52:05.384041+00:00, run_after=2026-06-04T14:52:05.384041+00:00
[2026-06-04T04:20:19.788+0000] {processor.py:179} INFO - Processing /opt/airflow/dags/S3_UPLOAD_DAG.py took 0.156 seconds
[2026-06-04T04:20:49.943+0000] {processor.py:157} INFO - Started process (PID=1155) to work on /opt/airflow/dags/S3_UPLOAD_DAG.py
[2026-06-04T04:20:49.944+0000] {processor.py:829} INFO - Processing file /opt/airflow/dags/S3_UPLOAD_DAG.py for tasks to queue
[2026-06-04T04:20:49.944+0000] {logging_mixin.py:154} INFO - [2026-06-04T04:20:49.944+0000] {dagbag.py:536} INFO - Filling up the DagBag from /opt/airflow/dags/S3_UPLOAD_DAG.py
[2026-06-04T04:20:49.954+0000] {processor.py:839} INFO - DAG(s) dict_keys(['daily_vulnerability_ingestion']) retrieved from /opt/airflow/dags/S3_UPLOAD_DAG.py
[2026-06-04T04:20:49.972+0000] {logging_mixin.py:154} INFO - [2026-06-04T04:20:49.972+0000] {dag.py:2941} INFO - Sync 1 DAGs
[2026-06-04T04:20:49.987+0000] {logging_mixin.py:154} INFO - [2026-06-04T04:20:49.987+0000] {dag.py:3722} INFO - Setting next_dagrun for daily_vulnerability_ingestion to 2026-06-03T14:52:05.384041+00:00, run_after=2026-06-04T14:52:05.384041+00:00
[2026-06-04T04:20:50.080+0000] {processor.py:179} INFO - Processing /opt/airflow/dags/S3_UPLOAD_DAG.py took 0.140 seconds
[2026-06-04T04:21:20.164+0000] {processor.py:157} INFO - Started process (PID=1160) to work on /opt/airflow/dags/S3_UPLOAD_DAG.py
[2026-06-04T04:21:20.174+0000] {processor.py:829} INFO - Processing file /opt/airflow/dags/S3_UPLOAD_DAG.py for tasks to queue
[2026-06-04T04:21:20.177+0000] {logging_mixin.py:154} INFO - [2026-06-04T04:21:20.176+0000] {dagbag.py:536} INFO - Filling up the DagBag from /opt/airflow/dags/S3_UPLOAD_DAG.py
[2026-06-04T04:21:20.204+0000] {processor.py:839} INFO - DAG(s) dict_keys(['daily_vulnerability_ingestion']) retrieved from /opt/airflow/dags/S3_UPLOAD_DAG.py
[2026-06-04T04:21:20.295+0000] {logging_mixin.py:154} INFO - [2026-06-04T04:21:20.295+0000] {dag.py:2941} INFO - Sync 1 DAGs
[2026-06-04T04:21:20.308+0000] {logging_mixin.py:154} INFO - [2026-06-04T04:21:20.308+0000] {dag.py:3722} INFO - Setting next_dagrun for daily_vulnerability_ingestion to 2026-06-03T14:52:05.384041+00:00, run_after=2026-06-04T14:52:05.384041+00:00
[2026-06-04T04:21:20.327+0000] {processor.py:179} INFO - Processing /opt/airflow/dags/S3_UPLOAD_DAG.py took 0.172 seconds
[2026-06-04T04:21:50.530+0000] {processor.py:157} INFO - Started process (PID=1165) to work on /opt/airflow/dags/S3_UPLOAD_DAG.py
[2026-06-04T04:21:50.530+0000] {processor.py:829} INFO - Processing file /opt/airflow/dags/S3_UPLOAD_DAG.py for tasks to queue
[2026-06-04T04:21:50.530+0000] {logging_mixin.py:154} INFO - [2026-06-04T04:21:50.530+0000] {dagbag.py:536} INFO - Filling up the DagBag from /opt/airflow/dags/S3_UPLOAD_DAG.py
[2026-06-04T04:21:50.540+0000] {processor.py:839} INFO - DAG(s) dict_keys(['daily_vulnerability_ingestion']) retrieved from /opt/airflow/dags/S3_UPLOAD_DAG.py
[2026-06-04T04:21:50.556+0000] {logging_mixin.py:154} INFO - [2026-06-04T04:21:50.556+0000] {dag.py:2941} INFO - Sync 1 DAGs
[2026-06-04T04:21:50.570+0000] {logging_mixin.py:154} INFO - [2026-06-04T04:21:50.570+0000] {dag.py:3722} INFO - Setting next_dagrun for daily_vulnerability_ingestion to 2026-06-03T14:52:05.384041+00:00, run_after=2026-06-04T14:52:05.384041+00:00
[2026-06-04T04:21:50.582+0000] {processor.py:179} INFO - Processing /opt/airflow/dags/S3_UPLOAD_DAG.py took 0.054 seconds
[2026-06-04T04:22:20.755+0000] {processor.py:157} INFO - Started process (PID=1170) to work on /opt/airflow/dags/S3_UPLOAD_DAG.py
[2026-06-04T04:22:20.757+0000] {processor.py:829} INFO - Processing file /opt/airflow/dags/S3_UPLOAD_DAG.py for tasks to queue
[2026-06-04T04:22:20.758+0000] {logging_mixin.py:154} INFO - [2026-06-04T04:22:20.757+0000] {dagbag.py:536} INFO - Filling up the DagBag from /opt/airflow/dags/S3_UPLOAD_DAG.py
[2026-06-04T04:22:20.776+0000] {processor.py:839} INFO - DAG(s) dict_keys(['daily_vulnerability_ingestion']) retrieved from /opt/airflow/dags/S3_UPLOAD_DAG.py
[2026-06-04T04:22:20.796+0000] {logging_mixin.py:154} INFO - [2026-06-04T04:22:20.796+0000] {dag.py:2941} INFO - Sync 1 DAGs
[2026-06-04T04:22:20.811+0000] {logging_mixin.py:154} INFO - [2026-06-04T04:22:20.810+0000] {dag.py:3722} INFO - Setting next_dagrun for daily_vulnerability_ingestion to 2026-06-03T14:52:05.384041+00:00, run_after=2026-06-04T14:52:05.384041+00:00
[2026-06-04T04:22:20.821+0000] {processor.py:179} INFO - Processing /opt/airflow/dags/S3_UPLOAD_DAG.py took 0.071 seconds
[2026-06-04T04:22:50.967+0000] {processor.py:157} INFO - Started process (PID=1175) to work on /opt/airflow/dags/S3_UPLOAD_DAG.py
[2026-06-04T04:22:50.969+0000] {processor.py:829} INFO - Processing file /opt/airflow/dags/S3_UPLOAD_DAG.py for tasks to queue
[2026-06-04T04:22:50.971+0000] {logging_mixin.py:154} INFO - [2026-06-04T04:22:50.970+0000] {dagbag.py:536} INFO - Filling up the DagBag from /opt/airflow/dags/S3_UPLOAD_DAG.py
[2026-06-04T04:22:50.993+0000] {processor.py:839} INFO - DAG(s) dict_keys(['daily_vulnerability_ingestion']) retrieved from /opt/airflow/dags/S3_UPLOAD_DAG.py
[2026-06-04T04:22:51.013+0000] {logging_mixin.py:154} INFO - [2026-06-04T04:22:51.013+0000] {dag.py:2941} INFO - Sync 1 DAGs
[2026-06-04T04:22:51.028+0000] {logging_mixin.py:154} INFO - [2026-06-04T04:22:51.028+0000] {dag.py:3722} INFO - Setting next_dagrun for daily_vulnerability_ingestion to 2026-06-03T14:52:05.384041+00:00, run_after=2026-06-04T14:52:05.384041+00:00
[2026-06-04T04:22:51.040+0000] {processor.py:179} INFO - Processing /opt/airflow/dags/S3_UPLOAD_DAG.py took 0.082 seconds
[2026-06-04T04:23:21.163+0000] {processor.py:157} INFO - Started process (PID=1180) to work on /opt/airflow/dags/S3_UPLOAD_DAG.py
[2026-06-04T04:23:21.172+0000] {processor.py:829} INFO - Processing file /opt/airflow/dags/S3_UPLOAD_DAG.py for tasks to queue
[2026-06-04T04:23:21.172+0000] {logging_mixin.py:154} INFO - [2026-06-04T04:23:21.172+0000] {dagbag.py:536} INFO - Filling up the DagBag from /opt/airflow/dags/S3_UPLOAD_DAG.py
[2026-06-04T04:23:21.183+0000] {processor.py:839} INFO - DAG(s) dict_keys(['daily_vulnerability_ingestion']) retrieved from /opt/airflow/dags/S3_UPLOAD_DAG.py
[2026-06-04T04:23:21.202+0000] {logging_mixin.py:154} INFO - [2026-06-04T04:23:21.202+0000] {dag.py:2941} INFO - Sync 1 DAGs
[2026-06-04T04:23:21.217+0000] {logging_mixin.py:154} INFO - [2026-06-04T04:23:21.217+0000] {dag.py:3722} INFO - Setting next_dagrun for daily_vulnerability_ingestion to 2026-06-03T14:52:05.384041+00:00, run_after=2026-06-04T14:52:05.384041+00:00
[2026-06-04T04:23:21.230+0000] {processor.py:179} INFO - Processing /opt/airflow/dags/S3_UPLOAD_DAG.py took 0.069 seconds
[2026-06-04T04:23:51.397+0000] {processor.py:157} INFO - Started process (PID=1185) to work on /opt/airflow/dags/S3_UPLOAD_DAG.py
[2026-06-04T04:23:51.399+0000] {processor.py:829} INFO - Processing file /opt/airflow/dags/S3_UPLOAD_DAG.py for tasks to queue
[2026-06-04T04:23:51.401+0000] {logging_mixin.py:154} INFO - [2026-06-04T04:23:51.400+0000] {dagbag.py:536} INFO - Filling up the DagBag from /opt/airflow/dags/S3_UPLOAD_DAG.py
[2026-06-04T04:23:51.425+0000] {processor.py:839} INFO - DAG(s) dict_keys(['daily_vulnerability_ingestion']) retrieved from /opt/airflow/dags/S3_UPLOAD_DAG.py
[2026-06-04T04:23:51.446+0000] {logging_mixin.py:154} INFO - [2026-06-04T04:23:51.446+0000] {dag.py:2941} INFO - Sync 1 DAGs
[2026-06-04T04:23:51.461+0000] {logging_mixin.py:154} INFO - [2026-06-04T04:23:51.461+0000] {dag.py:3722} INFO - Setting next_dagrun for daily_vulnerability_ingestion to 2026-06-03T14:52:05.384041+00:00, run_after=2026-06-04T14:52:05.384041+00:00
[2026-06-04T04:23:51.472+0000] {processor.py:179} INFO - Processing /opt/airflow/dags/S3_UPLOAD_DAG.py took 0.085 seconds
[2026-06-04T04:24:21.631+0000] {processor.py:157} INFO - Started process (PID=1190) to work on /opt/airflow/dags/S3_UPLOAD_DAG.py
[2026-06-04T04:24:21.641+0000] {processor.py:829} INFO - Processing file /opt/airflow/dags/S3_UPLOAD_DAG.py for tasks to queue
[2026-06-04T04:24:21.644+0000] {logging_mixin.py:154} INFO - [2026-06-04T04:24:21.643+0000] {dagbag.py:536} INFO - Filling up the DagBag from /opt/airflow/dags/S3_UPLOAD_DAG.py
[2026-06-04T04:24:21.671+0000] {processor.py:839} INFO - DAG(s) dict_keys(['daily_vulnerability_ingestion']) retrieved from /opt/airflow/dags/S3_UPLOAD_DAG.py
[2026-06-04T04:24:21.694+0000] {logging_mixin.py:154} INFO - [2026-06-04T04:24:21.694+0000] {dag.py:2941} INFO - Sync 1 DAGs
[2026-06-04T04:24:21.713+0000] {logging_mixin.py:154} INFO - [2026-06-04T04:24:21.713+0000] {dag.py:3722} INFO - Setting next_dagrun for daily_vulnerability_ingestion to 2026-06-03T14:52:05.384041+00:00, run_after=2026-06-04T14:52:05.384041+00:00
[2026-06-04T04:24:21.726+0000] {processor.py:179} INFO - Processing /opt/airflow/dags/S3_UPLOAD_DAG.py took 0.104 seconds
[2026-06-04T04:24:51.881+0000] {processor.py:157} INFO - Started process (PID=1195) to work on /opt/airflow/dags/S3_UPLOAD_DAG.py
[2026-06-04T04:24:51.883+0000] {processor.py:829} INFO - Processing file /opt/airflow/dags/S3_UPLOAD_DAG.py for tasks to queue
[2026-06-04T04:24:51.885+0000] {logging_mixin.py:154} INFO - [2026-06-04T04:24:51.884+0000] {dagbag.py:536} INFO - Filling up the DagBag from /opt/airflow/dags/S3_UPLOAD_DAG.py
[2026-06-04T04:24:51.908+0000] {processor.py:839} INFO - DAG(s) dict_keys(['daily_vulnerability_ingestion']) retrieved from /opt/airflow/dags/S3_UPLOAD_DAG.py
[2026-06-04T04:24:51.928+0000] {logging_mixin.py:154} INFO - [2026-06-04T04:24:51.928+0000] {dag.py:2941} INFO - Sync 1 DAGs
[2026-06-04T04:24:51.942+0000] {logging_mixin.py:154} INFO - [2026-06-04T04:24:51.942+0000] {dag.py:3722} INFO - Setting next_dagrun for daily_vulnerability_ingestion to 2026-06-03T14:52:05.384041+00:00, run_after=2026-06-04T14:52:05.384041+00:00
[2026-06-04T04:24:51.957+0000] {processor.py:179} INFO - Processing /opt/airflow/dags/S3_UPLOAD_DAG.py took 0.086 seconds
[2026-06-04T04:25:22.122+0000] {processor.py:157} INFO - Started process (PID=1200) to work on /opt/airflow/dags/S3_UPLOAD_DAG.py
[2026-06-04T04:25:22.124+0000] {processor.py:829} INFO - Processing file /opt/airflow/dags/S3_UPLOAD_DAG.py for tasks to queue
[2026-06-04T04:25:22.125+0000] {logging_mixin.py:154} INFO - [2026-06-04T04:25:22.124+0000] {dagbag.py:536} INFO - Filling up the DagBag from /opt/airflow/dags/S3_UPLOAD_DAG.py
[2026-06-04T04:25:22.141+0000] {processor.py:839} INFO - DAG(s) dict_keys(['daily_vulnerability_ingestion']) retrieved from /opt/airflow/dags/S3_UPLOAD_DAG.py
[2026-06-04T04:25:22.160+0000] {logging_mixin.py:154} INFO - [2026-06-04T04:25:22.160+0000] {dag.py:2941} INFO - Sync 1 DAGs
[2026-06-04T04:25:22.175+0000] {logging_mixin.py:154} INFO - [2026-06-04T04:25:22.175+0000] {dag.py:3722} INFO - Setting next_dagrun for daily_vulnerability_ingestion to 2026-06-03T14:52:05.384041+00:00, run_after=2026-06-04T14:52:05.384041+00:00
[2026-06-04T04:25:22.187+0000] {processor.py:179} INFO - Processing /opt/airflow/dags/S3_UPLOAD_DAG.py took 0.073 seconds
[2026-06-04T04:25:52.332+0000] {processor.py:157} INFO - Started process (PID=1205) to work on /opt/airflow/dags/S3_UPLOAD_DAG.py
[2026-06-04T04:25:52.333+0000] {processor.py:829} INFO - Processing file /opt/airflow/dags/S3_UPLOAD_DAG.py for tasks to queue
[2026-06-04T04:25:52.334+0000] {logging_mixin.py:154} INFO - [2026-06-04T04:25:52.334+0000] {dagbag.py:536} INFO - Filling up the DagBag from /opt/airflow/dags/S3_UPLOAD_DAG.py
[2026-06-04T04:25:52.351+0000] {processor.py:839} INFO - DAG(s) dict_keys(['daily_vulnerability_ingestion']) retrieved from /opt/airflow/dags/S3_UPLOAD_DAG.py
[2026-06-04T04:25:52.369+0000] {logging_mixin.py:154} INFO - [2026-06-04T04:25:52.369+0000] {dag.py:2941} INFO - Sync 1 DAGs
[2026-06-04T04:25:52.386+0000] {logging_mixin.py:154} INFO - [2026-06-04T04:25:52.385+0000] {dag.py:3722} INFO - Setting next_dagrun for daily_vulnerability_ingestion to 2026-06-03T14:52:05.384041+00:00, run_after=2026-06-04T14:52:05.384041+00:00
[2026-06-04T04:25:52.397+0000] {processor.py:179} INFO - Processing /opt/airflow/dags/S3_UPLOAD_DAG.py took 0.073 seconds
[2026-06-04T04:26:22.577+0000] {processor.py:157} INFO - Started process (PID=1210) to work on /opt/airflow/dags/S3_UPLOAD_DAG.py
[2026-06-04T04:26:22.586+0000] {processor.py:829} INFO - Processing file /opt/airflow/dags/S3_UPLOAD_DAG.py for tasks to queue
[2026-06-04T04:26:22.587+0000] {logging_mixin.py:154} INFO - [2026-06-04T04:26:22.586+0000] {dagbag.py:536} INFO - Filling up the DagBag from /opt/airflow/dags/S3_UPLOAD_DAG.py
[2026-06-04T04:26:22.608+0000] {processor.py:839} INFO - DAG(s) dict_keys(['daily_vulnerability_ingestion']) retrieved from /opt/airflow/dags/S3_UPLOAD_DAG.py
[2026-06-04T04:26:22.629+0000] {logging_mixin.py:154} INFO - [2026-06-04T04:26:22.629+0000] {dag.py:2941} INFO - Sync 1 DAGs
[2026-06-04T04:26:22.643+0000] {logging_mixin.py:154} INFO - [2026-06-04T04:26:22.643+0000] {dag.py:3722} INFO - Setting next_dagrun for daily_vulnerability_ingestion to 2026-06-03T14:52:05.384041+00:00, run_after=2026-06-04T14:52:05.384041+00:00
[2026-06-04T04:26:22.654+0000] {processor.py:179} INFO - Processing /opt/airflow/dags/S3_UPLOAD_DAG.py took 0.083 seconds
[2026-06-04T04:26:52.762+0000] {processor.py:157} INFO - Started process (PID=1215) to work on /opt/airflow/dags/S3_UPLOAD_DAG.py
[2026-06-04T04:26:52.762+0000] {processor.py:829} INFO - Processing file /opt/airflow/dags/S3_UPLOAD_DAG.py for tasks to queue
[2026-06-04T04:26:52.763+0000] {logging_mixin.py:154} INFO - [2026-06-04T04:26:52.763+0000] {dagbag.py:536} INFO - Filling up the DagBag from /opt/airflow/dags/S3_UPLOAD_DAG.py
[2026-06-04T04:26:52.772+0000] {processor.py:839} INFO - DAG(s) dict_keys(['daily_vulnerability_ingestion']) retrieved from /opt/airflow/dags/S3_UPLOAD_DAG.py
[2026-06-04T04:26:52.789+0000] {logging_mixin.py:154} INFO - [2026-06-04T04:26:52.788+0000] {dag.py:2941} INFO - Sync 1 DAGs
[2026-06-04T04:26:52.803+0000] {logging_mixin.py:154} INFO - [2026-06-04T04:26:52.803+0000] {dag.py:3722} INFO - Setting next_dagrun for daily_vulnerability_ingestion to 2026-06-03T14:52:05.384041+00:00, run_after=2026-06-04T14:52:05.384041+00:00
[2026-06-04T04:26:52.814+0000] {processor.py:179} INFO - Processing /opt/airflow/dags/S3_UPLOAD_DAG.py took 0.054 seconds
[2026-06-04T04:27:23.018+0000] {processor.py:157} INFO - Started process (PID=1220) to work on /opt/airflow/dags/S3_UPLOAD_DAG.py
[2026-06-04T04:27:23.027+0000] {processor.py:829} INFO - Processing file /opt/airflow/dags/S3_UPLOAD_DAG.py for tasks to queue
[2026-06-04T04:27:23.028+0000] {logging_mixin.py:154} INFO - [2026-06-04T04:27:23.028+0000] {dagbag.py:536} INFO - Filling up the DagBag from /opt/airflow/dags/S3_UPLOAD_DAG.py
[2026-06-04T04:27:23.048+0000] {processor.py:839} INFO - DAG(s) dict_keys(['daily_vulnerability_ingestion']) retrieved from /opt/airflow/dags/S3_UPLOAD_DAG.py
[2026-06-04T04:27:23.069+0000] {logging_mixin.py:154} INFO - [2026-06-04T04:27:23.069+0000] {dag.py:2941} INFO - Sync 1 DAGs
[2026-06-04T04:27:23.084+0000] {logging_mixin.py:154} INFO - [2026-06-04T04:27:23.084+0000] {dag.py:3722} INFO - Setting next_dagrun for daily_vulnerability_ingestion to 2026-06-03T14:52:05.384041+00:00, run_after=2026-06-04T14:52:05.384041+00:00
[2026-06-04T04:27:23.095+0000] {processor.py:179} INFO - Processing /opt/airflow/dags/S3_UPLOAD_DAG.py took 0.083 seconds
[2026-06-04T04:27:53.239+0000] {processor.py:157} INFO - Started process (PID=1225) to work on /opt/airflow/dags/S3_UPLOAD_DAG.py
[2026-06-04T04:27:53.241+0000] {processor.py:829} INFO - Processing file /opt/airflow/dags/S3_UPLOAD_DAG.py for tasks to queue
[2026-06-04T04:27:53.243+0000] {logging_mixin.py:154} INFO - [2026-06-04T04:27:53.242+0000] {dagbag.py:536} INFO - Filling up the DagBag from /opt/airflow/dags/S3_UPLOAD_DAG.py
[2026-06-04T04:27:53.265+0000] {processor.py:839} INFO - DAG(s) dict_keys(['daily_vulnerability_ingestion']) retrieved from /opt/airflow/dags/S3_UPLOAD_DAG.py
[2026-06-04T04:27:53.283+0000] {logging_mixin.py:154} INFO - [2026-06-04T04:27:53.283+0000] {dag.py:2941} INFO - Sync 1 DAGs
[2026-06-04T04:27:53.298+0000] {logging_mixin.py:154} INFO - [2026-06-04T04:27:53.298+0000] {dag.py:3722} INFO - Setting next_dagrun for daily_vulnerability_ingestion to 2026-06-03T14:52:05.384041+00:00, run_after=2026-06-04T14:52:05.384041+00:00
[2026-06-04T04:27:53.310+0000] {processor.py:179} INFO - Processing /opt/airflow/dags/S3_UPLOAD_DAG.py took 0.081 seconds
[2026-06-04T04:28:23.468+0000] {processor.py:157} INFO - Started process (PID=1230) to work on /opt/airflow/dags/S3_UPLOAD_DAG.py
[2026-06-04T04:28:23.478+0000] {processor.py:829} INFO - Processing file /opt/airflow/dags/S3_UPLOAD_DAG.py for tasks to queue
[2026-06-04T04:28:23.479+0000] {logging_mixin.py:154} INFO - [2026-06-04T04:28:23.478+0000] {dagbag.py:536} INFO - Filling up the DagBag from /opt/airflow/dags/S3_UPLOAD_DAG.py
[2026-06-04T04:28:23.496+0000] {processor.py:839} INFO - DAG(s) dict_keys(['daily_vulnerability_ingestion']) retrieved from /opt/airflow/dags/S3_UPLOAD_DAG.py
[2026-06-04T04:28:23.522+0000] {logging_mixin.py:154} INFO - [2026-06-04T04:28:23.522+0000] {dag.py:2941} INFO - Sync 1 DAGs
[2026-06-04T04:28:23.543+0000] {logging_mixin.py:154} INFO - [2026-06-04T04:28:23.543+0000] {dag.py:3722} INFO - Setting next_dagrun for daily_vulnerability_ingestion to 2026-06-03T14:52:05.384041+00:00, run_after=2026-06-04T14:52:05.384041+00:00
[2026-06-04T04:28:23.554+0000] {processor.py:179} INFO - Processing /opt/airflow/dags/S3_UPLOAD_DAG.py took 0.091 seconds
[2026-06-04T04:28:53.697+0000] {processor.py:157} INFO - Started process (PID=1235) to work on /opt/airflow/dags/S3_UPLOAD_DAG.py
[2026-06-04T04:28:53.698+0000] {processor.py:829} INFO - Processing file /opt/airflow/dags/S3_UPLOAD_DAG.py for tasks to queue
[2026-06-04T04:28:53.699+0000] {logging_mixin.py:154} INFO - [2026-06-04T04:28:53.699+0000] {dagbag.py:536} INFO - Filling up the DagBag from /opt/airflow/dags/S3_UPLOAD_DAG.py
[2026-06-04T04:28:53.715+0000] {processor.py:839} INFO - DAG(s) dict_keys(['daily_vulnerability_ingestion']) retrieved from /opt/airflow/dags/S3_UPLOAD_DAG.py
[2026-06-04T04:28:53.733+0000] {logging_mixin.py:154} INFO - [2026-06-04T04:28:53.733+0000] {dag.py:2941} INFO - Sync 1 DAGs
[2026-06-04T04:28:53.748+0000] {logging_mixin.py:154} INFO - [2026-06-04T04:28:53.747+0000] {dag.py:3722} INFO - Setting next_dagrun for daily_vulnerability_ingestion to 2026-06-03T14:52:05.384041+00:00, run_after=2026-06-04T14:52:05.384041+00:00
[2026-06-04T04:28:53.759+0000] {processor.py:179} INFO - Processing /opt/airflow/dags/S3_UPLOAD_DAG.py took 0.069 seconds
[2026-06-04T04:29:23.935+0000] {processor.py:157} INFO - Started process (PID=1240) to work on /opt/airflow/dags/S3_UPLOAD_DAG.py
[2026-06-04T04:29:23.943+0000] {processor.py:829} INFO - Processing file /opt/airflow/dags/S3_UPLOAD_DAG.py for tasks to queue
[2026-06-04T04:29:23.944+0000] {logging_mixin.py:154} INFO - [2026-06-04T04:29:23.944+0000] {dagbag.py:536} INFO - Filling up the DagBag from /opt/airflow/dags/S3_UPLOAD_DAG.py
[2026-06-04T04:29:23.954+0000] {processor.py:839} INFO - DAG(s) dict_keys(['daily_vulnerability_ingestion']) retrieved from /opt/airflow/dags/S3_UPLOAD_DAG.py
[2026-06-04T04:29:23.971+0000] {logging_mixin.py:154} INFO - [2026-06-04T04:29:23.971+0000] {dag.py:2941} INFO - Sync 1 DAGs
[2026-06-04T04:29:23.986+0000] {logging_mixin.py:154} INFO - [2026-06-04T04:29:23.985+0000] {dag.py:3722} INFO - Setting next_dagrun for daily_vulnerability_ingestion to 2026-06-03T14:52:05.384041+00:00, run_after=2026-06-04T14:52:05.384041+00:00
[2026-06-04T04:29:23.997+0000] {processor.py:179} INFO - Processing /opt/airflow/dags/S3_UPLOAD_DAG.py took 0.065 seconds
[2026-06-04T04:29:54.157+0000] {processor.py:157} INFO - Started process (PID=1245) to work on /opt/airflow/dags/S3_UPLOAD_DAG.py
[2026-06-04T04:29:54.158+0000] {processor.py:829} INFO - Processing file /opt/airflow/dags/S3_UPLOAD_DAG.py for tasks to queue
[2026-06-04T04:29:54.159+0000] {logging_mixin.py:154} INFO - [2026-06-04T04:29:54.158+0000] {dagbag.py:536} INFO - Filling up the DagBag from /opt/airflow/dags/S3_UPLOAD_DAG.py
[2026-06-04T04:29:54.178+0000] {processor.py:839} INFO - DAG(s) dict_keys(['daily_vulnerability_ingestion']) retrieved from /opt/airflow/dags/S3_UPLOAD_DAG.py
[2026-06-04T04:29:54.199+0000] {logging_mixin.py:154} INFO - [2026-06-04T04:29:54.198+0000] {dag.py:2941} INFO - Sync 1 DAGs
[2026-06-04T04:29:54.216+0000] {logging_mixin.py:154} INFO - [2026-06-04T04:29:54.216+0000] {dag.py:3722} INFO - Setting next_dagrun for daily_vulnerability_ingestion to 2026-06-03T14:52:05.384041+00:00, run_after=2026-06-04T14:52:05.384041+00:00
[2026-06-04T04:29:54.227+0000] {processor.py:179} INFO - Processing /opt/airflow/dags/S3_UPLOAD_DAG.py took 0.077 seconds
[2026-06-04T04:30:24.373+0000] {processor.py:157} INFO - Started process (PID=1250) to work on /opt/airflow/dags/S3_UPLOAD_DAG.py
[2026-06-04T04:30:24.383+0000] {processor.py:829} INFO - Processing file /opt/airflow/dags/S3_UPLOAD_DAG.py for tasks to queue
[2026-06-04T04:30:24.385+0000] {logging_mixin.py:154} INFO - [2026-06-04T04:30:24.384+0000] {dagbag.py:536} INFO - Filling up the DagBag from /opt/airflow/dags/S3_UPLOAD_DAG.py
[2026-06-04T04:30:24.413+0000] {processor.py:839} INFO - DAG(s) dict_keys(['daily_vulnerability_ingestion']) retrieved from /opt/airflow/dags/S3_UPLOAD_DAG.py
[2026-06-04T04:30:24.434+0000] {logging_mixin.py:154} INFO - [2026-06-04T04:30:24.434+0000] {dag.py:2941} INFO - Sync 1 DAGs
[2026-06-04T04:30:24.451+0000] {logging_mixin.py:154} INFO - [2026-06-04T04:30:24.451+0000] {dag.py:3722} INFO - Setting next_dagrun for daily_vulnerability_ingestion to 2026-06-03T14:52:05.384041+00:00, run_after=2026-06-04T14:52:05.384041+00:00
[2026-06-04T04:30:24.463+0000] {processor.py:179} INFO - Processing /opt/airflow/dags/S3_UPLOAD_DAG.py took 0.100 seconds
[2026-06-04T04:30:54.591+0000] {processor.py:157} INFO - Started process (PID=1255) to work on /opt/airflow/dags/S3_UPLOAD_DAG.py
[2026-06-04T04:30:54.592+0000] {processor.py:829} INFO - Processing file /opt/airflow/dags/S3_UPLOAD_DAG.py for tasks to queue
[2026-06-04T04:30:54.592+0000] {logging_mixin.py:154} INFO - [2026-06-04T04:30:54.592+0000] {dagbag.py:536} INFO - Filling up the DagBag from /opt/airflow/dags/S3_UPLOAD_DAG.py
[2026-06-04T04:30:54.602+0000] {processor.py:839} INFO - DAG(s) dict_keys(['daily_vulnerability_ingestion']) retrieved from /opt/airflow/dags/S3_UPLOAD_DAG.py
[2026-06-04T04:30:54.620+0000] {logging_mixin.py:154} INFO - [2026-06-04T04:30:54.620+0000] {dag.py:2941} INFO - Sync 1 DAGs
[2026-06-04T04:30:54.635+0000] {logging_mixin.py:154} INFO - [2026-06-04T04:30:54.635+0000] {dag.py:3722} INFO - Setting next_dagrun for daily_vulnerability_ingestion to 2026-06-03T14:52:05.384041+00:00, run_after=2026-06-04T14:52:05.384041+00:00
[2026-06-04T04:30:54.647+0000] {processor.py:179} INFO - Processing /opt/airflow/dags/S3_UPLOAD_DAG.py took 0.058 seconds
[2026-06-04T04:31:24.821+0000] {processor.py:157} INFO - Started process (PID=1260) to work on /opt/airflow/dags/S3_UPLOAD_DAG.py
[2026-06-04T04:31:24.830+0000] {processor.py:829} INFO - Processing file /opt/airflow/dags/S3_UPLOAD_DAG.py for tasks to queue
[2026-06-04T04:31:24.830+0000] {logging_mixin.py:154} INFO - [2026-06-04T04:31:24.830+0000] {dagbag.py:536} INFO - Filling up the DagBag from /opt/airflow/dags/S3_UPLOAD_DAG.py
[2026-06-04T04:31:24.845+0000] {processor.py:839} INFO - DAG(s) dict_keys(['daily_vulnerability_ingestion']) retrieved from /opt/airflow/dags/S3_UPLOAD_DAG.py
[2026-06-04T04:31:24.869+0000] {logging_mixin.py:154} INFO - [2026-06-04T04:31:24.868+0000] {dag.py:2941} INFO - Sync 1 DAGs
[2026-06-04T04:31:24.886+0000] {logging_mixin.py:154} INFO - [2026-06-04T04:31:24.886+0000] {dag.py:3722} INFO - Setting next_dagrun for daily_vulnerability_ingestion to 2026-06-03T14:52:05.384041+00:00, run_after=2026-06-04T14:52:05.384041+00:00
[2026-06-04T04:31:24.899+0000] {processor.py:179} INFO - Processing /opt/airflow/dags/S3_UPLOAD_DAG.py took 0.082 seconds
[2026-06-04T04:31:55.036+0000] {processor.py:157} INFO - Started process (PID=1265) to work on /opt/airflow/dags/S3_UPLOAD_DAG.py
[2026-06-04T04:31:55.038+0000] {processor.py:829} INFO - Processing file /opt/airflow/dags/S3_UPLOAD_DAG.py for tasks to queue
[2026-06-04T04:31:55.040+0000] {logging_mixin.py:154} INFO - [2026-06-04T04:31:55.040+0000] {dagbag.py:536} INFO - Filling up the DagBag from /opt/airflow/dags/S3_UPLOAD_DAG.py
[2026-06-04T04:31:55.064+0000] {processor.py:839} INFO - DAG(s) dict_keys(['daily_vulnerability_ingestion']) retrieved from /opt/airflow/dags/S3_UPLOAD_DAG.py
[2026-06-04T04:31:55.084+0000] {logging_mixin.py:154} INFO - [2026-06-04T04:31:55.084+0000] {dag.py:2941} INFO - Sync 1 DAGs
[2026-06-04T04:31:55.099+0000] {logging_mixin.py:154} INFO - [2026-06-04T04:31:55.099+0000] {dag.py:3722} INFO - Setting next_dagrun for daily_vulnerability_ingestion to 2026-06-03T14:52:05.384041+00:00, run_after=2026-06-04T14:52:05.384041+00:00
[2026-06-04T04:31:55.110+0000] {processor.py:179} INFO - Processing /opt/airflow/dags/S3_UPLOAD_DAG.py took 0.083 seconds
[2026-06-04T04:32:25.269+0000] {processor.py:157} INFO - Started process (PID=1270) to work on /opt/airflow/dags/S3_UPLOAD_DAG.py
[2026-06-04T04:32:25.278+0000] {processor.py:829} INFO - Processing file /opt/airflow/dags/S3_UPLOAD_DAG.py for tasks to queue
[2026-06-04T04:32:25.280+0000] {logging_mixin.py:154} INFO - [2026-06-04T04:32:25.279+0000] {dagbag.py:536} INFO - Filling up the DagBag from /opt/airflow/dags/S3_UPLOAD_DAG.py
[2026-06-04T04:32:25.301+0000] {processor.py:839} INFO - DAG(s) dict_keys(['daily_vulnerability_ingestion']) retrieved from /opt/airflow/dags/S3_UPLOAD_DAG.py
[2026-06-04T04:32:25.323+0000] {logging_mixin.py:154} INFO - [2026-06-04T04:32:25.323+0000] {dag.py:2941} INFO - Sync 1 DAGs
[2026-06-04T04:32:25.340+0000] {logging_mixin.py:154} INFO - [2026-06-04T04:32:25.340+0000] {dag.py:3722} INFO - Setting next_dagrun for daily_vulnerability_ingestion to 2026-06-03T14:52:05.384041+00:00, run_after=2026-06-04T14:52:05.384041+00:00
[2026-06-04T04:32:25.352+0000] {processor.py:179} INFO - Processing /opt/airflow/dags/S3_UPLOAD_DAG.py took 0.087 seconds
[2026-06-04T04:32:55.490+0000] {processor.py:157} INFO - Started process (PID=1275) to work on /opt/airflow/dags/S3_UPLOAD_DAG.py
[2026-06-04T04:32:55.492+0000] {processor.py:829} INFO - Processing file /opt/airflow/dags/S3_UPLOAD_DAG.py for tasks to queue
[2026-06-04T04:32:55.495+0000] {logging_mixin.py:154} INFO - [2026-06-04T04:32:55.494+0000] {dagbag.py:536} INFO - Filling up the DagBag from /opt/airflow/dags/S3_UPLOAD_DAG.py
[2026-06-04T04:32:55.516+0000] {processor.py:839} INFO - DAG(s) dict_keys(['daily_vulnerability_ingestion']) retrieved from /opt/airflow/dags/S3_UPLOAD_DAG.py
[2026-06-04T04:32:55.537+0000] {logging_mixin.py:154} INFO - [2026-06-04T04:32:55.537+0000] {dag.py:2941} INFO - Sync 1 DAGs
[2026-06-04T04:32:55.552+0000] {logging_mixin.py:154} INFO - [2026-06-04T04:32:55.552+0000] {dag.py:3722} INFO - Setting next_dagrun for daily_vulnerability_ingestion to 2026-06-03T14:52:05.384041+00:00, run_after=2026-06-04T14:52:05.384041+00:00
[2026-06-04T04:32:55.564+0000] {processor.py:179} INFO - Processing /opt/airflow/dags/S3_UPLOAD_DAG.py took 0.083 seconds
[2026-06-04T04:33:25.699+0000] {processor.py:157} INFO - Started process (PID=1280) to work on /opt/airflow/dags/S3_UPLOAD_DAG.py
[2026-06-04T04:33:25.708+0000] {processor.py:829} INFO - Processing file /opt/airflow/dags/S3_UPLOAD_DAG.py for tasks to queue
[2026-06-04T04:33:25.708+0000] {logging_mixin.py:154} INFO - [2026-06-04T04:33:25.708+0000] {dagbag.py:536} INFO - Filling up the DagBag from /opt/airflow/dags/S3_UPLOAD_DAG.py
[2026-06-04T04:33:25.719+0000] {processor.py:839} INFO - DAG(s) dict_keys(['daily_vulnerability_ingestion']) retrieved from /opt/airflow/dags/S3_UPLOAD_DAG.py
[2026-06-04T04:33:25.737+0000] {logging_mixin.py:154} INFO - [2026-06-04T04:33:25.737+0000] {dag.py:2941} INFO - Sync 1 DAGs
[2026-06-04T04:33:25.752+0000] {logging_mixin.py:154} INFO - [2026-06-04T04:33:25.752+0000] {dag.py:3722} INFO - Setting next_dagrun for daily_vulnerability_ingestion to 2026-06-03T14:52:05.384041+00:00, run_after=2026-06-04T14:52:05.384041+00:00
[2026-06-04T04:33:25.764+0000] {processor.py:179} INFO - Processing /opt/airflow/dags/S3_UPLOAD_DAG.py took 0.067 seconds
[2026-06-04T04:33:55.927+0000] {processor.py:157} INFO - Started process (PID=1285) to work on /opt/airflow/dags/S3_UPLOAD_DAG.py
[2026-06-04T04:33:55.928+0000] {processor.py:829} INFO - Processing file /opt/airflow/dags/S3_UPLOAD_DAG.py for tasks to queue
[2026-06-04T04:33:55.929+0000] {logging_mixin.py:154} INFO - [2026-06-04T04:33:55.929+0000] {dagbag.py:536} INFO - Filling up the DagBag from /opt/airflow/dags/S3_UPLOAD_DAG.py
[2026-06-04T04:33:55.946+0000] {processor.py:839} INFO - DAG(s) dict_keys(['daily_vulnerability_ingestion']) retrieved from /opt/airflow/dags/S3_UPLOAD_DAG.py
[2026-06-04T04:33:55.963+0000] {logging_mixin.py:154} INFO - [2026-06-04T04:33:55.963+0000] {dag.py:2941} INFO - Sync 1 DAGs
[2026-06-04T04:33:55.978+0000] {logging_mixin.py:154} INFO - [2026-06-04T04:33:55.978+0000] {dag.py:3722} INFO - Setting next_dagrun for daily_vulnerability_ingestion to 2026-06-03T14:52:05.384041+00:00, run_after=2026-06-04T14:52:05.384041+00:00
[2026-06-04T04:33:55.989+0000] {processor.py:179} INFO - Processing /opt/airflow/dags/S3_UPLOAD_DAG.py took 0.069 seconds
[2026-06-04T04:34:26.142+0000] {processor.py:157} INFO - Started process (PID=1290) to work on /opt/airflow/dags/S3_UPLOAD_DAG.py
[2026-06-04T04:34:26.152+0000] {processor.py:829} INFO - Processing file /opt/airflow/dags/S3_UPLOAD_DAG.py for tasks to queue
[2026-06-04T04:34:26.153+0000] {logging_mixin.py:154} INFO - [2026-06-04T04:34:26.153+0000] {dagbag.py:536} INFO - Filling up the DagBag from /opt/airflow/dags/S3_UPLOAD_DAG.py
[2026-06-04T04:34:26.175+0000] {processor.py:839} INFO - DAG(s) dict_keys(['daily_vulnerability_ingestion']) retrieved from /opt/airflow/dags/S3_UPLOAD_DAG.py
[2026-06-04T04:34:26.198+0000] {logging_mixin.py:154} INFO - [2026-06-04T04:34:26.198+0000] {dag.py:2941} INFO - Sync 1 DAGs
[2026-06-04T04:34:26.217+0000] {logging_mixin.py:154} INFO - [2026-06-04T04:34:26.217+0000] {dag.py:3722} INFO - Setting next_dagrun for daily_vulnerability_ingestion to 2026-06-03T14:52:05.384041+00:00, run_after=2026-06-04T14:52:05.384041+00:00
[2026-06-04T04:34:26.228+0000] {processor.py:179} INFO - Processing /opt/airflow/dags/S3_UPLOAD_DAG.py took 0.091 seconds
[2026-06-04T04:34:56.393+0000] {processor.py:157} INFO - Started process (PID=1295) to work on /opt/airflow/dags/S3_UPLOAD_DAG.py
[2026-06-04T04:34:56.394+0000] {processor.py:829} INFO - Processing file /opt/airflow/dags/S3_UPLOAD_DAG.py for tasks to queue
[2026-06-04T04:34:56.396+0000] {logging_mixin.py:154} INFO - [2026-06-04T04:34:56.395+0000] {dagbag.py:536} INFO - Filling up the DagBag from /opt/airflow/dags/S3_UPLOAD_DAG.py
[2026-06-04T04:34:56.413+0000] {processor.py:839} INFO - DAG(s) dict_keys(['daily_vulnerability_ingestion']) retrieved from /opt/airflow/dags/S3_UPLOAD_DAG.py
[2026-06-04T04:34:56.430+0000] {logging_mixin.py:154} INFO - [2026-06-04T04:34:56.430+0000] {dag.py:2941} INFO - Sync 1 DAGs
[2026-06-04T04:34:56.444+0000] {logging_mixin.py:154} INFO - [2026-06-04T04:34:56.444+0000] {dag.py:3722} INFO - Setting next_dagrun for daily_vulnerability_ingestion to 2026-06-03T14:52:05.384041+00:00, run_after=2026-06-04T14:52:05.384041+00:00
[2026-06-04T04:34:56.455+0000] {processor.py:179} INFO - Processing /opt/airflow/dags/S3_UPLOAD_DAG.py took 0.070 seconds
[2026-06-04T04:35:26.581+0000] {processor.py:157} INFO - Started process (PID=1300) to work on /opt/airflow/dags/S3_UPLOAD_DAG.py
[2026-06-04T04:35:26.589+0000] {processor.py:829} INFO - Processing file /opt/airflow/dags/S3_UPLOAD_DAG.py for tasks to queue
[2026-06-04T04:35:26.590+0000] {logging_mixin.py:154} INFO - [2026-06-04T04:35:26.590+0000] {dagbag.py:536} INFO - Filling up the DagBag from /opt/airflow/dags/S3_UPLOAD_DAG.py
[2026-06-04T04:35:26.600+0000] {processor.py:839} INFO - DAG(s) dict_keys(['daily_vulnerability_ingestion']) retrieved from /opt/airflow/dags/S3_UPLOAD_DAG.py
[2026-06-04T04:35:26.617+0000] {logging_mixin.py:154} INFO - [2026-06-04T04:35:26.617+0000] {dag.py:2941} INFO - Sync 1 DAGs
[2026-06-04T04:35:26.633+0000] {logging_mixin.py:154} INFO - [2026-06-04T04:35:26.633+0000] {dag.py:3722} INFO - Setting next_dagrun for daily_vulnerability_ingestion to 2026-06-03T14:52:05.384041+00:00, run_after=2026-06-04T14:52:05.384041+00:00
[2026-06-04T04:35:26.644+0000] {processor.py:179} INFO - Processing /opt/airflow/dags/S3_UPLOAD_DAG.py took 0.066 seconds
[2026-06-04T04:35:56.794+0000] {processor.py:157} INFO - Started process (PID=1305) to work on /opt/airflow/dags/S3_UPLOAD_DAG.py
[2026-06-04T04:35:56.794+0000] {processor.py:829} INFO - Processing file /opt/airflow/dags/S3_UPLOAD_DAG.py for tasks to queue
[2026-06-04T04:35:56.795+0000] {logging_mixin.py:154} INFO - [2026-06-04T04:35:56.795+0000] {dagbag.py:536} INFO - Filling up the DagBag from /opt/airflow/dags/S3_UPLOAD_DAG.py
[2026-06-04T04:35:56.804+0000] {processor.py:839} INFO - DAG(s) dict_keys(['daily_vulnerability_ingestion']) retrieved from /opt/airflow/dags/S3_UPLOAD_DAG.py
[2026-06-04T04:35:56.822+0000] {logging_mixin.py:154} INFO - [2026-06-04T04:35:56.822+0000] {dag.py:2941} INFO - Sync 1 DAGs
[2026-06-04T04:35:56.838+0000] {logging_mixin.py:154} INFO - [2026-06-04T04:35:56.838+0000] {dag.py:3722} INFO - Setting next_dagrun for daily_vulnerability_ingestion to 2026-06-03T14:52:05.384041+00:00, run_after=2026-06-04T14:52:05.384041+00:00
[2026-06-04T04:35:56.849+0000] {processor.py:179} INFO - Processing /opt/airflow/dags/S3_UPLOAD_DAG.py took 0.058 seconds
[2026-06-04T04:36:26.980+0000] {processor.py:157} INFO - Started process (PID=1310) to work on /opt/airflow/dags/S3_UPLOAD_DAG.py
[2026-06-04T04:36:26.989+0000] {processor.py:829} INFO - Processing file /opt/airflow/dags/S3_UPLOAD_DAG.py for tasks to queue
[2026-06-04T04:36:26.990+0000] {logging_mixin.py:154} INFO - [2026-06-04T04:36:26.990+0000] {dagbag.py:536} INFO - Filling up the DagBag from /opt/airflow/dags/S3_UPLOAD_DAG.py
[2026-06-04T04:36:27.009+0000] {processor.py:839} INFO - DAG(s) dict_keys(['daily_vulnerability_ingestion']) retrieved from /opt/airflow/dags/S3_UPLOAD_DAG.py
[2026-06-04T04:36:27.027+0000] {logging_mixin.py:154} INFO - [2026-06-04T04:36:27.027+0000] {dag.py:2941} INFO - Sync 1 DAGs
[2026-06-04T04:36:27.042+0000] {logging_mixin.py:154} INFO - [2026-06-04T04:36:27.041+0000] {dag.py:3722} INFO - Setting next_dagrun for daily_vulnerability_ingestion to 2026-06-03T14:52:05.384041+00:00, run_after=2026-06-04T14:52:05.384041+00:00
[2026-06-04T04:36:27.053+0000] {processor.py:179} INFO - Processing /opt/airflow/dags/S3_UPLOAD_DAG.py took 0.079 seconds
[2026-06-04T04:36:57.227+0000] {processor.py:157} INFO - Started process (PID=1315) to work on /opt/airflow/dags/S3_UPLOAD_DAG.py
[2026-06-04T04:36:57.228+0000] {processor.py:829} INFO - Processing file /opt/airflow/dags/S3_UPLOAD_DAG.py for tasks to queue
[2026-06-04T04:36:57.229+0000] {logging_mixin.py:154} INFO - [2026-06-04T04:36:57.229+0000] {dagbag.py:536} INFO - Filling up the DagBag from /opt/airflow/dags/S3_UPLOAD_DAG.py
[2026-06-04T04:36:57.248+0000] {processor.py:839} INFO - DAG(s) dict_keys(['daily_vulnerability_ingestion']) retrieved from /opt/airflow/dags/S3_UPLOAD_DAG.py
[2026-06-04T04:36:57.268+0000] {logging_mixin.py:154} INFO - [2026-06-04T04:36:57.268+0000] {dag.py:2941} INFO - Sync 1 DAGs
[2026-06-04T04:36:57.282+0000] {logging_mixin.py:154} INFO - [2026-06-04T04:36:57.282+0000] {dag.py:3722} INFO - Setting next_dagrun for daily_vulnerability_ingestion to 2026-06-03T14:52:05.384041+00:00, run_after=2026-06-04T14:52:05.384041+00:00
[2026-06-04T04:36:57.293+0000] {processor.py:179} INFO - Processing /opt/airflow/dags/S3_UPLOAD_DAG.py took 0.072 seconds
[2026-06-04T04:37:27.445+0000] {processor.py:157} INFO - Started process (PID=1320) to work on /opt/airflow/dags/S3_UPLOAD_DAG.py
[2026-06-04T04:37:27.455+0000] {processor.py:829} INFO - Processing file /opt/airflow/dags/S3_UPLOAD_DAG.py for tasks to queue
[2026-06-04T04:37:27.458+0000] {logging_mixin.py:154} INFO - [2026-06-04T04:37:27.457+0000] {dagbag.py:536} INFO - Filling up the DagBag from /opt/airflow/dags/S3_UPLOAD_DAG.py
[2026-06-04T04:37:27.482+0000] {processor.py:839} INFO - DAG(s) dict_keys(['daily_vulnerability_ingestion']) retrieved from /opt/airflow/dags/S3_UPLOAD_DAG.py
[2026-06-04T04:37:27.503+0000] {logging_mixin.py:154} INFO - [2026-06-04T04:37:27.503+0000] {dag.py:2941} INFO - Sync 1 DAGs
[2026-06-04T04:37:27.518+0000] {logging_mixin.py:154} INFO - [2026-06-04T04:37:27.517+0000] {dag.py:3722} INFO - Setting next_dagrun for daily_vulnerability_ingestion to 2026-06-03T14:52:05.384041+00:00, run_after=2026-06-04T14:52:05.384041+00:00
[2026-06-04T04:37:27.528+0000] {processor.py:179} INFO - Processing /opt/airflow/dags/S3_UPLOAD_DAG.py took 0.093 seconds
[2026-06-04T04:37:57.657+0000] {processor.py:157} INFO - Started process (PID=1325) to work on /opt/airflow/dags/S3_UPLOAD_DAG.py
[2026-06-04T04:37:57.658+0000] {processor.py:829} INFO - Processing file /opt/airflow/dags/S3_UPLOAD_DAG.py for tasks to queue
[2026-06-04T04:37:57.659+0000] {logging_mixin.py:154} INFO - [2026-06-04T04:37:57.658+0000] {dagbag.py:536} INFO - Filling up the DagBag from /opt/airflow/dags/S3_UPLOAD_DAG.py
[2026-06-04T04:37:57.669+0000] {processor.py:839} INFO - DAG(s) dict_keys(['daily_vulnerability_ingestion']) retrieved from /opt/airflow/dags/S3_UPLOAD_DAG.py
[2026-06-04T04:37:57.686+0000] {logging_mixin.py:154} INFO - [2026-06-04T04:37:57.686+0000] {dag.py:2941} INFO - Sync 1 DAGs
[2026-06-04T04:37:57.703+0000] {logging_mixin.py:154} INFO - [2026-06-04T04:37:57.703+0000] {dag.py:3722} INFO - Setting next_dagrun for daily_vulnerability_ingestion to 2026-06-03T14:52:05.384041+00:00, run_after=2026-06-04T14:52:05.384041+00:00
[2026-06-04T04:37:57.714+0000] {processor.py:179} INFO - Processing /opt/airflow/dags/S3_UPLOAD_DAG.py took 0.059 seconds
[2026-06-04T04:38:27.896+0000] {processor.py:157} INFO - Started process (PID=1330) to work on /opt/airflow/dags/S3_UPLOAD_DAG.py
[2026-06-04T04:38:27.905+0000] {processor.py:829} INFO - Processing file /opt/airflow/dags/S3_UPLOAD_DAG.py for tasks to queue
[2026-06-04T04:38:27.905+0000] {logging_mixin.py:154} INFO - [2026-06-04T04:38:27.905+0000] {dagbag.py:536} INFO - Filling up the DagBag from /opt/airflow/dags/S3_UPLOAD_DAG.py
[2026-06-04T04:38:27.915+0000] {processor.py:839} INFO - DAG(s) dict_keys(['daily_vulnerability_ingestion']) retrieved from /opt/airflow/dags/S3_UPLOAD_DAG.py
[2026-06-04T04:38:27.932+0000] {logging_mixin.py:154} INFO - [2026-06-04T04:38:27.932+0000] {dag.py:2941} INFO - Sync 1 DAGs
[2026-06-04T04:38:27.946+0000] {logging_mixin.py:154} INFO - [2026-06-04T04:38:27.946+0000] {dag.py:3722} INFO - Setting next_dagrun for daily_vulnerability_ingestion to 2026-06-03T14:52:05.384041+00:00, run_after=2026-06-04T14:52:05.384041+00:00
[2026-06-04T04:38:27.957+0000] {processor.py:179} INFO - Processing /opt/airflow/dags/S3_UPLOAD_DAG.py took 0.064 seconds
[2026-06-04T04:38:58.095+0000] {processor.py:157} INFO - Started process (PID=1335) to work on /opt/airflow/dags/S3_UPLOAD_DAG.py
[2026-06-04T04:38:58.097+0000] {processor.py:829} INFO - Processing file /opt/airflow/dags/S3_UPLOAD_DAG.py for tasks to queue
[2026-06-04T04:38:58.099+0000] {logging_mixin.py:154} INFO - [2026-06-04T04:38:58.098+0000] {dagbag.py:536} INFO - Filling up the DagBag from /opt/airflow/dags/S3_UPLOAD_DAG.py
[2026-06-04T04:38:58.119+0000] {processor.py:839} INFO - DAG(s) dict_keys(['daily_vulnerability_ingestion']) retrieved from /opt/airflow/dags/S3_UPLOAD_DAG.py
[2026-06-04T04:38:58.138+0000] {logging_mixin.py:154} INFO - [2026-06-04T04:38:58.138+0000] {dag.py:2941} INFO - Sync 1 DAGs
[2026-06-04T04:38:58.153+0000] {logging_mixin.py:154} INFO - [2026-06-04T04:38:58.153+0000] {dag.py:3722} INFO - Setting next_dagrun for daily_vulnerability_ingestion to 2026-06-03T14:52:05.384041+00:00, run_after=2026-06-04T14:52:05.384041+00:00
[2026-06-04T04:38:58.164+0000] {processor.py:179} INFO - Processing /opt/airflow/dags/S3_UPLOAD_DAG.py took 0.079 seconds
[2026-06-04T04:39:28.339+0000] {processor.py:157} INFO - Started process (PID=1340) to work on /opt/airflow/dags/S3_UPLOAD_DAG.py
[2026-06-04T04:39:28.340+0000] {processor.py:829} INFO - Processing file /opt/airflow/dags/S3_UPLOAD_DAG.py for tasks to queue
[2026-06-04T04:39:28.342+0000] {logging_mixin.py:154} INFO - [2026-06-04T04:39:28.341+0000] {dagbag.py:536} INFO - Filling up the DagBag from /opt/airflow/dags/S3_UPLOAD_DAG.py
[2026-06-04T04:39:28.362+0000] {processor.py:839} INFO - DAG(s) dict_keys(['daily_vulnerability_ingestion']) retrieved from /opt/airflow/dags/S3_UPLOAD_DAG.py
[2026-06-04T04:39:28.382+0000] {logging_mixin.py:154} INFO - [2026-06-04T04:39:28.382+0000] {dag.py:2941} INFO - Sync 1 DAGs
[2026-06-04T04:39:28.396+0000] {logging_mixin.py:154} INFO - [2026-06-04T04:39:28.396+0000] {dag.py:3722} INFO - Setting next_dagrun for daily_vulnerability_ingestion to 2026-06-03T14:52:05.384041+00:00, run_after=2026-06-04T14:52:05.384041+00:00
[2026-06-04T04:39:28.407+0000] {processor.py:179} INFO - Processing /opt/airflow/dags/S3_UPLOAD_DAG.py took 0.073 seconds
[2026-06-04T04:39:58.557+0000] {processor.py:157} INFO - Started process (PID=1345) to work on /opt/airflow/dags/S3_UPLOAD_DAG.py
[2026-06-04T04:39:58.558+0000] {processor.py:829} INFO - Processing file /opt/airflow/dags/S3_UPLOAD_DAG.py for tasks to queue
[2026-06-04T04:39:58.558+0000] {logging_mixin.py:154} INFO - [2026-06-04T04:39:58.558+0000] {dagbag.py:536} INFO - Filling up the DagBag from /opt/airflow/dags/S3_UPLOAD_DAG.py
[2026-06-04T04:39:58.568+0000] {processor.py:839} INFO - DAG(s) dict_keys(['daily_vulnerability_ingestion']) retrieved from /opt/airflow/dags/S3_UPLOAD_DAG.py
[2026-06-04T04:39:58.585+0000] {logging_mixin.py:154} INFO - [2026-06-04T04:39:58.584+0000] {dag.py:2941} INFO - Sync 1 DAGs
[2026-06-04T04:39:58.599+0000] {logging_mixin.py:154} INFO - [2026-06-04T04:39:58.599+0000] {dag.py:3722} INFO - Setting next_dagrun for daily_vulnerability_ingestion to 2026-06-03T14:52:05.384041+00:00, run_after=2026-06-04T14:52:05.384041+00:00
[2026-06-04T04:39:58.611+0000] {processor.py:179} INFO - Processing /opt/airflow/dags/S3_UPLOAD_DAG.py took 0.057 seconds
[2026-06-04T04:40:28.784+0000] {processor.py:157} INFO - Started process (PID=1350) to work on /opt/airflow/dags/S3_UPLOAD_DAG.py
[2026-06-04T04:40:28.793+0000] {processor.py:829} INFO - Processing file /opt/airflow/dags/S3_UPLOAD_DAG.py for tasks to queue
[2026-06-04T04:40:28.795+0000] {logging_mixin.py:154} INFO - [2026-06-04T04:40:28.794+0000] {dagbag.py:536} INFO - Filling up the DagBag from /opt/airflow/dags/S3_UPLOAD_DAG.py
[2026-06-04T04:40:28.824+0000] {processor.py:839} INFO - DAG(s) dict_keys(['daily_vulnerability_ingestion']) retrieved from /opt/airflow/dags/S3_UPLOAD_DAG.py
[2026-06-04T04:40:28.845+0000] {logging_mixin.py:154} INFO - [2026-06-04T04:40:28.844+0000] {dag.py:2941} INFO - Sync 1 DAGs
[2026-06-04T04:40:28.860+0000] {logging_mixin.py:154} INFO - [2026-06-04T04:40:28.860+0000] {dag.py:3722} INFO - Setting next_dagrun for daily_vulnerability_ingestion to 2026-06-03T14:52:05.384041+00:00, run_after=2026-06-04T14:52:05.384041+00:00
[2026-06-04T04:40:28.871+0000] {processor.py:179} INFO - Processing /opt/airflow/dags/S3_UPLOAD_DAG.py took 0.092 seconds
[2026-06-04T04:40:59.002+0000] {processor.py:157} INFO - Started process (PID=1355) to work on /opt/airflow/dags/S3_UPLOAD_DAG.py
[2026-06-04T04:40:59.004+0000] {processor.py:829} INFO - Processing file /opt/airflow/dags/S3_UPLOAD_DAG.py for tasks to queue
[2026-06-04T04:40:59.006+0000] {logging_mixin.py:154} INFO - [2026-06-04T04:40:59.006+0000] {dagbag.py:536} INFO - Filling up the DagBag from /opt/airflow/dags/S3_UPLOAD_DAG.py
[2026-06-04T04:40:59.028+0000] {processor.py:839} INFO - DAG(s) dict_keys(['daily_vulnerability_ingestion']) retrieved from /opt/airflow/dags/S3_UPLOAD_DAG.py
[2026-06-04T04:40:59.047+0000] {logging_mixin.py:154} INFO - [2026-06-04T04:40:59.047+0000] {dag.py:2941} INFO - Sync 1 DAGs
[2026-06-04T04:40:59.061+0000] {logging_mixin.py:154} INFO - [2026-06-04T04:40:59.061+0000] {dag.py:3722} INFO - Setting next_dagrun for daily_vulnerability_ingestion to 2026-06-03T14:52:05.384041+00:00, run_after=2026-06-04T14:52:05.384041+00:00
[2026-06-04T04:40:59.073+0000] {processor.py:179} INFO - Processing /opt/airflow/dags/S3_UPLOAD_DAG.py took 0.080 seconds
[2026-06-04T04:41:29.263+0000] {processor.py:157} INFO - Started process (PID=1360) to work on /opt/airflow/dags/S3_UPLOAD_DAG.py
[2026-06-04T04:41:29.272+0000] {processor.py:829} INFO - Processing file /opt/airflow/dags/S3_UPLOAD_DAG.py for tasks to queue
[2026-06-04T04:41:29.273+0000] {logging_mixin.py:154} INFO - [2026-06-04T04:41:29.273+0000] {dagbag.py:536} INFO - Filling up the DagBag from /opt/airflow/dags/S3_UPLOAD_DAG.py
[2026-06-04T04:41:29.285+0000] {processor.py:839} INFO - DAG(s) dict_keys(['daily_vulnerability_ingestion']) retrieved from /opt/airflow/dags/S3_UPLOAD_DAG.py
[2026-06-04T04:41:29.302+0000] {logging_mixin.py:154} INFO - [2026-06-04T04:41:29.301+0000] {dag.py:2941} INFO - Sync 1 DAGs
[2026-06-04T04:41:29.316+0000] {logging_mixin.py:154} INFO - [2026-06-04T04:41:29.316+0000] {dag.py:3722} INFO - Setting next_dagrun for daily_vulnerability_ingestion to 2026-06-03T14:52:05.384041+00:00, run_after=2026-06-04T14:52:05.384041+00:00
[2026-06-04T04:41:29.328+0000] {processor.py:179} INFO - Processing /opt/airflow/dags/S3_UPLOAD_DAG.py took 0.069 seconds
[2026-06-04T04:41:59.481+0000] {processor.py:157} INFO - Started process (PID=1365) to work on /opt/airflow/dags/S3_UPLOAD_DAG.py
[2026-06-04T04:41:59.483+0000] {processor.py:829} INFO - Processing file /opt/airflow/dags/S3_UPLOAD_DAG.py for tasks to queue
[2026-06-04T04:41:59.485+0000] {logging_mixin.py:154} INFO - [2026-06-04T04:41:59.484+0000] {dagbag.py:536} INFO - Filling up the DagBag from /opt/airflow/dags/S3_UPLOAD_DAG.py
[2026-06-04T04:41:59.507+0000] {processor.py:839} INFO - DAG(s) dict_keys(['daily_vulnerability_ingestion']) retrieved from /opt/airflow/dags/S3_UPLOAD_DAG.py
[2026-06-04T04:41:59.527+0000] {logging_mixin.py:154} INFO - [2026-06-04T04:41:59.527+0000] {dag.py:2941} INFO - Sync 1 DAGs
[2026-06-04T04:41:59.541+0000] {logging_mixin.py:154} INFO - [2026-06-04T04:41:59.541+0000] {dag.py:3722} INFO - Setting next_dagrun for daily_vulnerability_ingestion to 2026-06-03T14:52:05.384041+00:00, run_after=2026-06-04T14:52:05.384041+00:00
[2026-06-04T04:41:59.552+0000] {processor.py:179} INFO - Processing /opt/airflow/dags/S3_UPLOAD_DAG.py took 0.081 seconds
[2026-06-04T04:42:29.700+0000] {processor.py:157} INFO - Started process (PID=1370) to work on /opt/airflow/dags/S3_UPLOAD_DAG.py
[2026-06-04T04:42:29.709+0000] {processor.py:829} INFO - Processing file /opt/airflow/dags/S3_UPLOAD_DAG.py for tasks to queue
[2026-06-04T04:42:29.709+0000] {logging_mixin.py:154} INFO - [2026-06-04T04:42:29.709+0000] {dagbag.py:536} INFO - Filling up the DagBag from /opt/airflow/dags/S3_UPLOAD_DAG.py
[2026-06-04T04:42:29.720+0000] {processor.py:839} INFO - DAG(s) dict_keys(['daily_vulnerability_ingestion']) retrieved from /opt/airflow/dags/S3_UPLOAD_DAG.py
[2026-06-04T04:42:29.738+0000] {logging_mixin.py:154} INFO - [2026-06-04T04:42:29.738+0000] {dag.py:2941} INFO - Sync 1 DAGs
[2026-06-04T04:42:29.756+0000] {logging_mixin.py:154} INFO - [2026-06-04T04:42:29.756+0000] {dag.py:3722} INFO - Setting next_dagrun for daily_vulnerability_ingestion to 2026-06-03T14:52:05.384041+00:00, run_after=2026-06-04T14:52:05.384041+00:00
[2026-06-04T04:42:29.767+0000] {processor.py:179} INFO - Processing /opt/airflow/dags/S3_UPLOAD_DAG.py took 0.070 seconds
[2026-06-04T04:42:59.939+0000] {processor.py:157} INFO - Started process (PID=1375) to work on /opt/airflow/dags/S3_UPLOAD_DAG.py
[2026-06-04T04:42:59.940+0000] {processor.py:829} INFO - Processing file /opt/airflow/dags/S3_UPLOAD_DAG.py for tasks to queue
[2026-06-04T04:42:59.941+0000] {logging_mixin.py:154} INFO - [2026-06-04T04:42:59.941+0000] {dagbag.py:536} INFO - Filling up the DagBag from /opt/airflow/dags/S3_UPLOAD_DAG.py
[2026-06-04T04:42:59.961+0000] {processor.py:839} INFO - DAG(s) dict_keys(['daily_vulnerability_ingestion']) retrieved from /opt/airflow/dags/S3_UPLOAD_DAG.py
[2026-06-04T04:42:59.982+0000] {logging_mixin.py:154} INFO - [2026-06-04T04:42:59.982+0000] {dag.py:2941} INFO - Sync 1 DAGs
[2026-06-04T04:42:59.999+0000] {logging_mixin.py:154} INFO - [2026-06-04T04:42:59.999+0000] {dag.py:3722} INFO - Setting next_dagrun for daily_vulnerability_ingestion to 2026-06-03T14:52:05.384041+00:00, run_after=2026-06-04T14:52:05.384041+00:00
[2026-06-04T04:43:00.011+0000] {processor.py:179} INFO - Processing /opt/airflow/dags/S3_UPLOAD_DAG.py took 0.080 seconds
[2026-06-04T04:43:30.149+0000] {processor.py:157} INFO - Started process (PID=1380) to work on /opt/airflow/dags/S3_UPLOAD_DAG.py
[2026-06-04T04:43:30.151+0000] {processor.py:829} INFO - Processing file /opt/airflow/dags/S3_UPLOAD_DAG.py for tasks to queue
[2026-06-04T04:43:30.154+0000] {logging_mixin.py:154} INFO - [2026-06-04T04:43:30.153+0000] {dagbag.py:536} INFO - Filling up the DagBag from /opt/airflow/dags/S3_UPLOAD_DAG.py
[2026-06-04T04:43:30.174+0000] {processor.py:839} INFO - DAG(s) dict_keys(['daily_vulnerability_ingestion']) retrieved from /opt/airflow/dags/S3_UPLOAD_DAG.py
[2026-06-04T04:43:30.195+0000] {logging_mixin.py:154} INFO - [2026-06-04T04:43:30.195+0000] {dag.py:2941} INFO - Sync 1 DAGs
[2026-06-04T04:43:30.210+0000] {logging_mixin.py:154} INFO - [2026-06-04T04:43:30.210+0000] {dag.py:3722} INFO - Setting next_dagrun for daily_vulnerability_ingestion to 2026-06-03T14:52:05.384041+00:00, run_after=2026-06-04T14:52:05.384041+00:00
[2026-06-04T04:43:30.221+0000] {processor.py:179} INFO - Processing /opt/airflow/dags/S3_UPLOAD_DAG.py took 0.082 seconds
[2026-06-04T04:44:00.374+0000] {processor.py:157} INFO - Started process (PID=1385) to work on /opt/airflow/dags/S3_UPLOAD_DAG.py
[2026-06-04T04:44:00.376+0000] {processor.py:829} INFO - Processing file /opt/airflow/dags/S3_UPLOAD_DAG.py for tasks to queue
[2026-06-04T04:44:00.378+0000] {logging_mixin.py:154} INFO - [2026-06-04T04:44:00.377+0000] {dagbag.py:536} INFO - Filling up the DagBag from /opt/airflow/dags/S3_UPLOAD_DAG.py
[2026-06-04T04:44:00.397+0000] {processor.py:839} INFO - DAG(s) dict_keys(['daily_vulnerability_ingestion']) retrieved from /opt/airflow/dags/S3_UPLOAD_DAG.py
[2026-06-04T04:44:00.417+0000] {logging_mixin.py:154} INFO - [2026-06-04T04:44:00.417+0000] {dag.py:2941} INFO - Sync 1 DAGs
[2026-06-04T04:44:00.432+0000] {logging_mixin.py:154} INFO - [2026-06-04T04:44:00.431+0000] {dag.py:3722} INFO - Setting next_dagrun for daily_vulnerability_ingestion to 2026-06-03T14:52:05.384041+00:00, run_after=2026-06-04T14:52:05.384041+00:00
[2026-06-04T04:44:00.443+0000] {processor.py:179} INFO - Processing /opt/airflow/dags/S3_UPLOAD_DAG.py took 0.079 seconds
[2026-06-04T04:44:30.607+0000] {processor.py:157} INFO - Started process (PID=1390) to work on /opt/airflow/dags/S3_UPLOAD_DAG.py
[2026-06-04T04:44:30.617+0000] {processor.py:829} INFO - Processing file /opt/airflow/dags/S3_UPLOAD_DAG.py for tasks to queue
[2026-06-04T04:44:30.619+0000] {logging_mixin.py:154} INFO - [2026-06-04T04:44:30.618+0000] {dagbag.py:536} INFO - Filling up the DagBag from /opt/airflow/dags/S3_UPLOAD_DAG.py
[2026-06-04T04:44:30.646+0000] {processor.py:839} INFO - DAG(s) dict_keys(['daily_vulnerability_ingestion']) retrieved from /opt/airflow/dags/S3_UPLOAD_DAG.py
[2026-06-04T04:44:30.666+0000] {logging_mixin.py:154} INFO - [2026-06-04T04:44:30.666+0000] {dag.py:2941} INFO - Sync 1 DAGs
[2026-06-04T04:44:30.680+0000] {logging_mixin.py:154} INFO - [2026-06-04T04:44:30.680+0000] {dag.py:3722} INFO - Setting next_dagrun for daily_vulnerability_ingestion to 2026-06-03T14:52:05.384041+00:00, run_after=2026-06-04T14:52:05.384041+00:00
[2026-06-04T04:44:30.691+0000] {processor.py:179} INFO - Processing /opt/airflow/dags/S3_UPLOAD_DAG.py took 0.093 seconds
[2026-06-04T04:45:00.862+0000] {processor.py:157} INFO - Started process (PID=1395) to work on /opt/airflow/dags/S3_UPLOAD_DAG.py
[2026-06-04T04:45:00.864+0000] {processor.py:829} INFO - Processing file /opt/airflow/dags/S3_UPLOAD_DAG.py for tasks to queue
[2026-06-04T04:45:00.866+0000] {logging_mixin.py:154} INFO - [2026-06-04T04:45:00.866+0000] {dagbag.py:536} INFO - Filling up the DagBag from /opt/airflow/dags/S3_UPLOAD_DAG.py
[2026-06-04T04:45:00.885+0000] {processor.py:839} INFO - DAG(s) dict_keys(['daily_vulnerability_ingestion']) retrieved from /opt/airflow/dags/S3_UPLOAD_DAG.py
[2026-06-04T04:45:00.904+0000] {logging_mixin.py:154} INFO - [2026-06-04T04:45:00.903+0000] {dag.py:2941} INFO - Sync 1 DAGs
[2026-06-04T04:45:00.918+0000] {logging_mixin.py:154} INFO - [2026-06-04T04:45:00.918+0000] {dag.py:3722} INFO - Setting next_dagrun for daily_vulnerability_ingestion to 2026-06-03T14:52:05.384041+00:00, run_after=2026-06-04T14:52:05.384041+00:00
[2026-06-04T04:45:00.930+0000] {processor.py:179} INFO - Processing /opt/airflow/dags/S3_UPLOAD_DAG.py took 0.077 seconds
[2026-06-04T04:45:31.076+0000] {processor.py:157} INFO - Started process (PID=1400) to work on /opt/airflow/dags/S3_UPLOAD_DAG.py
[2026-06-04T04:45:31.085+0000] {processor.py:829} INFO - Processing file /opt/airflow/dags/S3_UPLOAD_DAG.py for tasks to queue
[2026-06-04T04:45:31.086+0000] {logging_mixin.py:154} INFO - [2026-06-04T04:45:31.086+0000] {dagbag.py:536} INFO - Filling up the DagBag from /opt/airflow/dags/S3_UPLOAD_DAG.py
[2026-06-04T04:45:31.099+0000] {processor.py:839} INFO - DAG(s) dict_keys(['daily_vulnerability_ingestion']) retrieved from /opt/airflow/dags/S3_UPLOAD_DAG.py
[2026-06-04T04:45:31.116+0000] {logging_mixin.py:154} INFO - [2026-06-04T04:45:31.116+0000] {dag.py:2941} INFO - Sync 1 DAGs
[2026-06-04T04:45:31.131+0000] {logging_mixin.py:154} INFO - [2026-06-04T04:45:31.131+0000] {dag.py:3722} INFO - Setting next_dagrun for daily_vulnerability_ingestion to 2026-06-03T14:52:05.384041+00:00, run_after=2026-06-04T14:52:05.384041+00:00
[2026-06-04T04:45:31.142+0000] {processor.py:179} INFO - Processing /opt/airflow/dags/S3_UPLOAD_DAG.py took 0.072 seconds
[2026-06-04T04:46:01.293+0000] {processor.py:157} INFO - Started process (PID=1405) to work on /opt/airflow/dags/S3_UPLOAD_DAG.py
[2026-06-04T04:46:01.295+0000] {processor.py:829} INFO - Processing file /opt/airflow/dags/S3_UPLOAD_DAG.py for tasks to queue
[2026-06-04T04:46:01.296+0000] {logging_mixin.py:154} INFO - [2026-06-04T04:46:01.296+0000] {dagbag.py:536} INFO - Filling up the DagBag from /opt/airflow/dags/S3_UPLOAD_DAG.py
[2026-06-04T04:46:01.312+0000] {processor.py:839} INFO - DAG(s) dict_keys(['daily_vulnerability_ingestion']) retrieved from /opt/airflow/dags/S3_UPLOAD_DAG.py
[2026-06-04T04:46:01.331+0000] {logging_mixin.py:154} INFO - [2026-06-04T04:46:01.331+0000] {dag.py:2941} INFO - Sync 1 DAGs
[2026-06-04T04:46:01.347+0000] {logging_mixin.py:154} INFO - [2026-06-04T04:46:01.347+0000] {dag.py:3722} INFO - Setting next_dagrun for daily_vulnerability_ingestion to 2026-06-03T14:52:05.384041+00:00, run_after=2026-06-04T14:52:05.384041+00:00
[2026-06-04T04:46:01.360+0000] {processor.py:179} INFO - Processing /opt/airflow/dags/S3_UPLOAD_DAG.py took 0.075 seconds
[2026-06-04T04:46:31.497+0000] {processor.py:157} INFO - Started process (PID=1410) to work on /opt/airflow/dags/S3_UPLOAD_DAG.py
[2026-06-04T04:46:31.506+0000] {processor.py:829} INFO - Processing file /opt/airflow/dags/S3_UPLOAD_DAG.py for tasks to queue
[2026-06-04T04:46:31.507+0000] {logging_mixin.py:154} INFO - [2026-06-04T04:46:31.506+0000] {dagbag.py:536} INFO - Filling up the DagBag from /opt/airflow/dags/S3_UPLOAD_DAG.py
[2026-06-04T04:46:31.521+0000] {processor.py:839} INFO - DAG(s) dict_keys(['daily_vulnerability_ingestion']) retrieved from /opt/airflow/dags/S3_UPLOAD_DAG.py
[2026-06-04T04:46:31.538+0000] {logging_mixin.py:154} INFO - [2026-06-04T04:46:31.538+0000] {dag.py:2941} INFO - Sync 1 DAGs
[2026-06-04T04:46:31.552+0000] {logging_mixin.py:154} INFO - [2026-06-04T04:46:31.552+0000] {dag.py:3722} INFO - Setting next_dagrun for daily_vulnerability_ingestion to 2026-06-03T14:52:05.384041+00:00, run_after=2026-06-04T14:52:05.384041+00:00
[2026-06-04T04:46:31.563+0000] {processor.py:179} INFO - Processing /opt/airflow/dags/S3_UPLOAD_DAG.py took 0.071 seconds
[2026-06-04T04:47:01.706+0000] {processor.py:157} INFO - Started process (PID=1415) to work on /opt/airflow/dags/S3_UPLOAD_DAG.py
[2026-06-04T04:47:01.707+0000] {processor.py:829} INFO - Processing file /opt/airflow/dags/S3_UPLOAD_DAG.py for tasks to queue
[2026-06-04T04:47:01.707+0000] {logging_mixin.py:154} INFO - [2026-06-04T04:47:01.707+0000] {dagbag.py:536} INFO - Filling up the DagBag from /opt/airflow/dags/S3_UPLOAD_DAG.py
[2026-06-04T04:47:01.717+0000] {processor.py:839} INFO - DAG(s) dict_keys(['daily_vulnerability_ingestion']) retrieved from /opt/airflow/dags/S3_UPLOAD_DAG.py
[2026-06-04T04:47:01.733+0000] {logging_mixin.py:154} INFO - [2026-06-04T04:47:01.733+0000] {dag.py:2941} INFO - Sync 1 DAGs
[2026-06-04T04:47:01.747+0000] {logging_mixin.py:154} INFO - [2026-06-04T04:47:01.747+0000] {dag.py:3722} INFO - Setting next_dagrun for daily_vulnerability_ingestion to 2026-06-03T14:52:05.384041+00:00, run_after=2026-06-04T14:52:05.384041+00:00
[2026-06-04T04:47:01.758+0000] {processor.py:179} INFO - Processing /opt/airflow/dags/S3_UPLOAD_DAG.py took 0.055 seconds
[2026-06-04T04:47:31.928+0000] {processor.py:157} INFO - Started process (PID=1420) to work on /opt/airflow/dags/S3_UPLOAD_DAG.py
[2026-06-04T04:47:31.936+0000] {processor.py:829} INFO - Processing file /opt/airflow/dags/S3_UPLOAD_DAG.py for tasks to queue
[2026-06-04T04:47:31.937+0000] {logging_mixin.py:154} INFO - [2026-06-04T04:47:31.937+0000] {dagbag.py:536} INFO - Filling up the DagBag from /opt/airflow/dags/S3_UPLOAD_DAG.py
[2026-06-04T04:47:31.947+0000] {processor.py:839} INFO - DAG(s) dict_keys(['daily_vulnerability_ingestion']) retrieved from /opt/airflow/dags/S3_UPLOAD_DAG.py
[2026-06-04T04:47:31.963+0000] {logging_mixin.py:154} INFO - [2026-06-04T04:47:31.963+0000] {dag.py:2941} INFO - Sync 1 DAGs
[2026-06-04T04:47:31.978+0000] {logging_mixin.py:154} INFO - [2026-06-04T04:47:31.978+0000] {dag.py:3722} INFO - Setting next_dagrun for daily_vulnerability_ingestion to 2026-06-03T14:52:05.384041+00:00, run_after=2026-06-04T14:52:05.384041+00:00
[2026-06-04T04:47:31.990+0000] {processor.py:179} INFO - Processing /opt/airflow/dags/S3_UPLOAD_DAG.py took 0.064 seconds
[2026-06-04T04:48:02.113+0000] {processor.py:157} INFO - Started process (PID=1425) to work on /opt/airflow/dags/S3_UPLOAD_DAG.py
[2026-06-04T04:48:02.113+0000] {processor.py:829} INFO - Processing file /opt/airflow/dags/S3_UPLOAD_DAG.py for tasks to queue
[2026-06-04T04:48:02.114+0000] {logging_mixin.py:154} INFO - [2026-06-04T04:48:02.113+0000] {dagbag.py:536} INFO - Filling up the DagBag from /opt/airflow/dags/S3_UPLOAD_DAG.py
[2026-06-04T04:48:02.124+0000] {processor.py:839} INFO - DAG(s) dict_keys(['daily_vulnerability_ingestion']) retrieved from /opt/airflow/dags/S3_UPLOAD_DAG.py
[2026-06-04T04:48:02.142+0000] {logging_mixin.py:154} INFO - [2026-06-04T04:48:02.142+0000] {dag.py:2941} INFO - Sync 1 DAGs
[2026-06-04T04:48:02.157+0000] {logging_mixin.py:154} INFO - [2026-06-04T04:48:02.157+0000] {dag.py:3722} INFO - Setting next_dagrun for daily_vulnerability_ingestion to 2026-06-03T14:52:05.384041+00:00, run_after=2026-06-04T14:52:05.384041+00:00
[2026-06-04T04:48:02.168+0000] {processor.py:179} INFO - Processing /opt/airflow/dags/S3_UPLOAD_DAG.py took 0.058 seconds
[2026-06-04T04:48:32.345+0000] {processor.py:157} INFO - Started process (PID=1430) to work on /opt/airflow/dags/S3_UPLOAD_DAG.py
[2026-06-04T04:48:32.354+0000] {processor.py:829} INFO - Processing file /opt/airflow/dags/S3_UPLOAD_DAG.py for tasks to queue
[2026-06-04T04:48:32.356+0000] {logging_mixin.py:154} INFO - [2026-06-04T04:48:32.355+0000] {dagbag.py:536} INFO - Filling up the DagBag from /opt/airflow/dags/S3_UPLOAD_DAG.py
[2026-06-04T04:48:32.376+0000] {processor.py:839} INFO - DAG(s) dict_keys(['daily_vulnerability_ingestion']) retrieved from /opt/airflow/dags/S3_UPLOAD_DAG.py
[2026-06-04T04:48:32.398+0000] {logging_mixin.py:154} INFO - [2026-06-04T04:48:32.398+0000] {dag.py:2941} INFO - Sync 1 DAGs
[2026-06-04T04:48:32.413+0000] {logging_mixin.py:154} INFO - [2026-06-04T04:48:32.413+0000] {dag.py:3722} INFO - Setting next_dagrun for daily_vulnerability_ingestion to 2026-06-03T14:52:05.384041+00:00, run_after=2026-06-04T14:52:05.384041+00:00
[2026-06-04T04:48:32.425+0000] {processor.py:179} INFO - Processing /opt/airflow/dags/S3_UPLOAD_DAG.py took 0.084 seconds
[2026-06-04T04:49:02.567+0000] {processor.py:157} INFO - Started process (PID=1435) to work on /opt/airflow/dags/S3_UPLOAD_DAG.py
[2026-06-04T04:49:02.569+0000] {processor.py:829} INFO - Processing file /opt/airflow/dags/S3_UPLOAD_DAG.py for tasks to queue
[2026-06-04T04:49:02.571+0000] {logging_mixin.py:154} INFO - [2026-06-04T04:49:02.570+0000] {dagbag.py:536} INFO - Filling up the DagBag from /opt/airflow/dags/S3_UPLOAD_DAG.py
[2026-06-04T04:49:02.590+0000] {processor.py:839} INFO - DAG(s) dict_keys(['daily_vulnerability_ingestion']) retrieved from /opt/airflow/dags/S3_UPLOAD_DAG.py
[2026-06-04T04:49:02.610+0000] {logging_mixin.py:154} INFO - [2026-06-04T04:49:02.610+0000] {dag.py:2941} INFO - Sync 1 DAGs
[2026-06-04T04:49:02.625+0000] {logging_mixin.py:154} INFO - [2026-06-04T04:49:02.625+0000] {dag.py:3722} INFO - Setting next_dagrun for daily_vulnerability_ingestion to 2026-06-03T14:52:05.384041+00:00, run_after=2026-06-04T14:52:05.384041+00:00
[2026-06-04T04:49:02.637+0000] {processor.py:179} INFO - Processing /opt/airflow/dags/S3_UPLOAD_DAG.py took 0.080 seconds
[2026-06-04T04:49:32.809+0000] {processor.py:157} INFO - Started process (PID=1440) to work on /opt/airflow/dags/S3_UPLOAD_DAG.py
[2026-06-04T04:49:32.811+0000] {processor.py:829} INFO - Processing file /opt/airflow/dags/S3_UPLOAD_DAG.py for tasks to queue
[2026-06-04T04:49:32.813+0000] {logging_mixin.py:154} INFO - [2026-06-04T04:49:32.812+0000] {dagbag.py:536} INFO - Filling up the DagBag from /opt/airflow/dags/S3_UPLOAD_DAG.py
[2026-06-04T04:49:32.832+0000] {processor.py:839} INFO - DAG(s) dict_keys(['daily_vulnerability_ingestion']) retrieved from /opt/airflow/dags/S3_UPLOAD_DAG.py
[2026-06-04T04:49:32.850+0000] {logging_mixin.py:154} INFO - [2026-06-04T04:49:32.850+0000] {dag.py:2941} INFO - Sync 1 DAGs
[2026-06-04T04:49:32.865+0000] {logging_mixin.py:154} INFO - [2026-06-04T04:49:32.865+0000] {dag.py:3722} INFO - Setting next_dagrun for daily_vulnerability_ingestion to 2026-06-03T14:52:05.384041+00:00, run_after=2026-06-04T14:52:05.384041+00:00
[2026-06-04T04:49:32.876+0000] {processor.py:179} INFO - Processing /opt/airflow/dags/S3_UPLOAD_DAG.py took 0.077 seconds
[2026-06-04T04:50:03.043+0000] {processor.py:157} INFO - Started process (PID=1445) to work on /opt/airflow/dags/S3_UPLOAD_DAG.py
[2026-06-04T04:50:03.044+0000] {processor.py:829} INFO - Processing file /opt/airflow/dags/S3_UPLOAD_DAG.py for tasks to queue
[2026-06-04T04:50:03.045+0000] {logging_mixin.py:154} INFO - [2026-06-04T04:50:03.045+0000] {dagbag.py:536} INFO - Filling up the DagBag from /opt/airflow/dags/S3_UPLOAD_DAG.py
[2026-06-04T04:50:03.057+0000] {processor.py:839} INFO - DAG(s) dict_keys(['daily_vulnerability_ingestion']) retrieved from /opt/airflow/dags/S3_UPLOAD_DAG.py
[2026-06-04T04:50:03.074+0000] {logging_mixin.py:154} INFO - [2026-06-04T04:50:03.074+0000] {dag.py:2941} INFO - Sync 1 DAGs
[2026-06-04T04:50:03.089+0000] {logging_mixin.py:154} INFO - [2026-06-04T04:50:03.089+0000] {dag.py:3722} INFO - Setting next_dagrun for daily_vulnerability_ingestion to 2026-06-03T14:52:05.384041+00:00, run_after=2026-06-04T14:52:05.384041+00:00
[2026-06-04T04:50:03.100+0000] {processor.py:179} INFO - Processing /opt/airflow/dags/S3_UPLOAD_DAG.py took 0.060 seconds
[2026-06-04T04:50:33.262+0000] {processor.py:157} INFO - Started process (PID=1450) to work on /opt/airflow/dags/S3_UPLOAD_DAG.py
[2026-06-04T04:50:33.272+0000] {processor.py:829} INFO - Processing file /opt/airflow/dags/S3_UPLOAD_DAG.py for tasks to queue
[2026-06-04T04:50:33.273+0000] {logging_mixin.py:154} INFO - [2026-06-04T04:50:33.272+0000] {dagbag.py:536} INFO - Filling up the DagBag from /opt/airflow/dags/S3_UPLOAD_DAG.py
[2026-06-04T04:50:33.293+0000] {processor.py:839} INFO - DAG(s) dict_keys(['daily_vulnerability_ingestion']) retrieved from /opt/airflow/dags/S3_UPLOAD_DAG.py
[2026-06-04T04:50:33.313+0000] {logging_mixin.py:154} INFO - [2026-06-04T04:50:33.313+0000] {dag.py:2941} INFO - Sync 1 DAGs
[2026-06-04T04:50:33.327+0000] {logging_mixin.py:154} INFO - [2026-06-04T04:50:33.327+0000] {dag.py:3722} INFO - Setting next_dagrun for daily_vulnerability_ingestion to 2026-06-03T14:52:05.384041+00:00, run_after=2026-06-04T14:52:05.384041+00:00
[2026-06-04T04:50:33.338+0000] {processor.py:179} INFO - Processing /opt/airflow/dags/S3_UPLOAD_DAG.py took 0.083 seconds
[2026-06-04T04:51:03.435+0000] {processor.py:157} INFO - Started process (PID=1455) to work on /opt/airflow/dags/S3_UPLOAD_DAG.py
[2026-06-04T04:51:03.436+0000] {processor.py:829} INFO - Processing file /opt/airflow/dags/S3_UPLOAD_DAG.py for tasks to queue
[2026-06-04T04:51:03.436+0000] {logging_mixin.py:154} INFO - [2026-06-04T04:51:03.436+0000] {dagbag.py:536} INFO - Filling up the DagBag from /opt/airflow/dags/S3_UPLOAD_DAG.py
[2026-06-04T04:51:03.448+0000] {processor.py:839} INFO - DAG(s) dict_keys(['daily_vulnerability_ingestion']) retrieved from /opt/airflow/dags/S3_UPLOAD_DAG.py
[2026-06-04T04:51:03.469+0000] {logging_mixin.py:154} INFO - [2026-06-04T04:51:03.469+0000] {dag.py:2941} INFO - Sync 1 DAGs
[2026-06-04T04:51:03.488+0000] {logging_mixin.py:154} INFO - [2026-06-04T04:51:03.487+0000] {dag.py:3722} INFO - Setting next_dagrun for daily_vulnerability_ingestion to 2026-06-03T14:52:05.384041+00:00, run_after=2026-06-04T14:52:05.384041+00:00
[2026-06-04T04:51:03.499+0000] {processor.py:179} INFO - Processing /opt/airflow/dags/S3_UPLOAD_DAG.py took 0.067 seconds
[2026-06-04T04:51:33.711+0000] {processor.py:157} INFO - Started process (PID=1460) to work on /opt/airflow/dags/S3_UPLOAD_DAG.py
[2026-06-04T04:51:33.720+0000] {processor.py:829} INFO - Processing file /opt/airflow/dags/S3_UPLOAD_DAG.py for tasks to queue
[2026-06-04T04:51:33.721+0000] {logging_mixin.py:154} INFO - [2026-06-04T04:51:33.720+0000] {dagbag.py:536} INFO - Filling up the DagBag from /opt/airflow/dags/S3_UPLOAD_DAG.py
[2026-06-04T04:51:33.735+0000] {processor.py:839} INFO - DAG(s) dict_keys(['daily_vulnerability_ingestion']) retrieved from /opt/airflow/dags/S3_UPLOAD_DAG.py
[2026-06-04T04:51:33.758+0000] {logging_mixin.py:154} INFO - [2026-06-04T04:51:33.758+0000] {dag.py:2941} INFO - Sync 1 DAGs
[2026-06-04T04:51:33.777+0000] {logging_mixin.py:154} INFO - [2026-06-04T04:51:33.777+0000] {dag.py:3722} INFO - Setting next_dagrun for daily_vulnerability_ingestion to 2026-06-03T14:52:05.384041+00:00, run_after=2026-06-04T14:52:05.384041+00:00
[2026-06-04T04:51:33.788+0000] {processor.py:179} INFO - Processing /opt/airflow/dags/S3_UPLOAD_DAG.py took 0.082 seconds
[2026-06-04T04:52:03.926+0000] {processor.py:157} INFO - Started process (PID=1465) to work on /opt/airflow/dags/S3_UPLOAD_DAG.py
[2026-06-04T04:52:03.928+0000] {processor.py:829} INFO - Processing file /opt/airflow/dags/S3_UPLOAD_DAG.py for tasks to queue
[2026-06-04T04:52:03.929+0000] {logging_mixin.py:154} INFO - [2026-06-04T04:52:03.929+0000] {dagbag.py:536} INFO - Filling up the DagBag from /opt/airflow/dags/S3_UPLOAD_DAG.py
[2026-06-04T04:52:03.950+0000] {processor.py:839} INFO - DAG(s) dict_keys(['daily_vulnerability_ingestion']) retrieved from /opt/airflow/dags/S3_UPLOAD_DAG.py
[2026-06-04T04:52:03.969+0000] {logging_mixin.py:154} INFO - [2026-06-04T04:52:03.969+0000] {dag.py:2941} INFO - Sync 1 DAGs
[2026-06-04T04:52:03.984+0000] {logging_mixin.py:154} INFO - [2026-06-04T04:52:03.984+0000] {dag.py:3722} INFO - Setting next_dagrun for daily_vulnerability_ingestion to 2026-06-03T14:52:05.384041+00:00, run_after=2026-06-04T14:52:05.384041+00:00
[2026-06-04T04:52:03.996+0000] {processor.py:179} INFO - Processing /opt/airflow/dags/S3_UPLOAD_DAG.py took 0.076 seconds
[2026-06-04T04:52:34.140+0000] {processor.py:157} INFO - Started process (PID=1470) to work on /opt/airflow/dags/S3_UPLOAD_DAG.py
[2026-06-04T04:52:34.148+0000] {processor.py:829} INFO - Processing file /opt/airflow/dags/S3_UPLOAD_DAG.py for tasks to queue
[2026-06-04T04:52:34.149+0000] {logging_mixin.py:154} INFO - [2026-06-04T04:52:34.149+0000] {dagbag.py:536} INFO - Filling up the DagBag from /opt/airflow/dags/S3_UPLOAD_DAG.py
[2026-06-04T04:52:34.162+0000] {processor.py:839} INFO - DAG(s) dict_keys(['daily_vulnerability_ingestion']) retrieved from /opt/airflow/dags/S3_UPLOAD_DAG.py
[2026-06-04T04:52:34.184+0000] {logging_mixin.py:154} INFO - [2026-06-04T04:52:34.184+0000] {dag.py:2941} INFO - Sync 1 DAGs
[2026-06-04T04:52:34.200+0000] {logging_mixin.py:154} INFO - [2026-06-04T04:52:34.200+0000] {dag.py:3722} INFO - Setting next_dagrun for daily_vulnerability_ingestion to 2026-06-03T14:52:05.384041+00:00, run_after=2026-06-04T14:52:05.384041+00:00
[2026-06-04T04:52:34.211+0000] {processor.py:179} INFO - Processing /opt/airflow/dags/S3_UPLOAD_DAG.py took 0.074 seconds
[2026-06-04T04:53:04.364+0000] {processor.py:157} INFO - Started process (PID=1475) to work on /opt/airflow/dags/S3_UPLOAD_DAG.py
[2026-06-04T04:53:04.365+0000] {processor.py:829} INFO - Processing file /opt/airflow/dags/S3_UPLOAD_DAG.py for tasks to queue
[2026-06-04T04:53:04.366+0000] {logging_mixin.py:154} INFO - [2026-06-04T04:53:04.366+0000] {dagbag.py:536} INFO - Filling up the DagBag from /opt/airflow/dags/S3_UPLOAD_DAG.py
[2026-06-04T04:53:04.383+0000] {processor.py:839} INFO - DAG(s) dict_keys(['daily_vulnerability_ingestion']) retrieved from /opt/airflow/dags/S3_UPLOAD_DAG.py
[2026-06-04T04:53:04.403+0000] {logging_mixin.py:154} INFO - [2026-06-04T04:53:04.403+0000] {dag.py:2941} INFO - Sync 1 DAGs
[2026-06-04T04:53:04.417+0000] {logging_mixin.py:154} INFO - [2026-06-04T04:53:04.417+0000] {dag.py:3722} INFO - Setting next_dagrun for daily_vulnerability_ingestion to 2026-06-03T14:52:05.384041+00:00, run_after=2026-06-04T14:52:05.384041+00:00
[2026-06-04T04:53:04.429+0000] {processor.py:179} INFO - Processing /opt/airflow/dags/S3_UPLOAD_DAG.py took 0.069 seconds
[2026-06-04T04:53:34.550+0000] {processor.py:157} INFO - Started process (PID=1480) to work on /opt/airflow/dags/S3_UPLOAD_DAG.py
[2026-06-04T04:53:34.558+0000] {processor.py:829} INFO - Processing file /opt/airflow/dags/S3_UPLOAD_DAG.py for tasks to queue
[2026-06-04T04:53:34.559+0000] {logging_mixin.py:154} INFO - [2026-06-04T04:53:34.559+0000] {dagbag.py:536} INFO - Filling up the DagBag from /opt/airflow/dags/S3_UPLOAD_DAG.py
[2026-06-04T04:53:34.568+0000] {processor.py:839} INFO - DAG(s) dict_keys(['daily_vulnerability_ingestion']) retrieved from /opt/airflow/dags/S3_UPLOAD_DAG.py
[2026-06-04T04:53:34.585+0000] {logging_mixin.py:154} INFO - [2026-06-04T04:53:34.585+0000] {dag.py:2941} INFO - Sync 1 DAGs
[2026-06-04T04:53:34.600+0000] {logging_mixin.py:154} INFO - [2026-06-04T04:53:34.600+0000] {dag.py:3722} INFO - Setting next_dagrun for daily_vulnerability_ingestion to 2026-06-03T14:52:05.384041+00:00, run_after=2026-06-04T14:52:05.384041+00:00
[2026-06-04T04:53:34.611+0000] {processor.py:179} INFO - Processing /opt/airflow/dags/S3_UPLOAD_DAG.py took 0.064 seconds
[2026-06-04T04:54:04.773+0000] {processor.py:157} INFO - Started process (PID=1485) to work on /opt/airflow/dags/S3_UPLOAD_DAG.py
[2026-06-04T04:54:04.773+0000] {processor.py:829} INFO - Processing file /opt/airflow/dags/S3_UPLOAD_DAG.py for tasks to queue
[2026-06-04T04:54:04.774+0000] {logging_mixin.py:154} INFO - [2026-06-04T04:54:04.774+0000] {dagbag.py:536} INFO - Filling up the DagBag from /opt/airflow/dags/S3_UPLOAD_DAG.py
[2026-06-04T04:54:04.784+0000] {processor.py:839} INFO - DAG(s) dict_keys(['daily_vulnerability_ingestion']) retrieved from /opt/airflow/dags/S3_UPLOAD_DAG.py
[2026-06-04T04:54:04.801+0000] {logging_mixin.py:154} INFO - [2026-06-04T04:54:04.801+0000] {dag.py:2941} INFO - Sync 1 DAGs
[2026-06-04T04:54:04.816+0000] {logging_mixin.py:154} INFO - [2026-06-04T04:54:04.816+0000] {dag.py:3722} INFO - Setting next_dagrun for daily_vulnerability_ingestion to 2026-06-03T14:52:05.384041+00:00, run_after=2026-06-04T14:52:05.384041+00:00
[2026-06-04T04:54:04.828+0000] {processor.py:179} INFO - Processing /opt/airflow/dags/S3_UPLOAD_DAG.py took 0.058 seconds
[2026-06-04T04:54:34.990+0000] {processor.py:157} INFO - Started process (PID=1490) to work on /opt/airflow/dags/S3_UPLOAD_DAG.py
[2026-06-04T04:54:35.000+0000] {processor.py:829} INFO - Processing file /opt/airflow/dags/S3_UPLOAD_DAG.py for tasks to queue
[2026-06-04T04:54:35.003+0000] {logging_mixin.py:154} INFO - [2026-06-04T04:54:35.002+0000] {dagbag.py:536} INFO - Filling up the DagBag from /opt/airflow/dags/S3_UPLOAD_DAG.py
[2026-06-04T04:54:35.029+0000] {processor.py:839} INFO - DAG(s) dict_keys(['daily_vulnerability_ingestion']) retrieved from /opt/airflow/dags/S3_UPLOAD_DAG.py
[2026-06-04T04:54:35.049+0000] {logging_mixin.py:154} INFO - [2026-06-04T04:54:35.049+0000] {dag.py:2941} INFO - Sync 1 DAGs
[2026-06-04T04:54:35.064+0000] {logging_mixin.py:154} INFO - [2026-06-04T04:54:35.064+0000] {dag.py:3722} INFO - Setting next_dagrun for daily_vulnerability_ingestion to 2026-06-03T14:52:05.384041+00:00, run_after=2026-06-04T14:52:05.384041+00:00
[2026-06-04T04:54:35.076+0000] {processor.py:179} INFO - Processing /opt/airflow/dags/S3_UPLOAD_DAG.py took 0.095 seconds
[2026-06-04T04:55:05.250+0000] {processor.py:157} INFO - Started process (PID=1495) to work on /opt/airflow/dags/S3_UPLOAD_DAG.py
[2026-06-04T04:55:05.251+0000] {processor.py:829} INFO - Processing file /opt/airflow/dags/S3_UPLOAD_DAG.py for tasks to queue
[2026-06-04T04:55:05.252+0000] {logging_mixin.py:154} INFO - [2026-06-04T04:55:05.251+0000] {dagbag.py:536} INFO - Filling up the DagBag from /opt/airflow/dags/S3_UPLOAD_DAG.py
[2026-06-04T04:55:05.271+0000] {processor.py:839} INFO - DAG(s) dict_keys(['daily_vulnerability_ingestion']) retrieved from /opt/airflow/dags/S3_UPLOAD_DAG.py
[2026-06-04T04:55:05.292+0000] {logging_mixin.py:154} INFO - [2026-06-04T04:55:05.292+0000] {dag.py:2941} INFO - Sync 1 DAGs
[2026-06-04T04:55:05.309+0000] {logging_mixin.py:154} INFO - [2026-06-04T04:55:05.309+0000] {dag.py:3722} INFO - Setting next_dagrun for daily_vulnerability_ingestion to 2026-06-03T14:52:05.384041+00:00, run_after=2026-06-04T14:52:05.384041+00:00
[2026-06-04T04:55:05.320+0000] {processor.py:179} INFO - Processing /opt/airflow/dags/S3_UPLOAD_DAG.py took 0.077 seconds
[2026-06-04T04:55:35.454+0000] {processor.py:157} INFO - Started process (PID=1500) to work on /opt/airflow/dags/S3_UPLOAD_DAG.py
[2026-06-04T04:55:35.463+0000] {processor.py:829} INFO - Processing file /opt/airflow/dags/S3_UPLOAD_DAG.py for tasks to queue
[2026-06-04T04:55:35.464+0000] {logging_mixin.py:154} INFO - [2026-06-04T04:55:35.463+0000] {dagbag.py:536} INFO - Filling up the DagBag from /opt/airflow/dags/S3_UPLOAD_DAG.py
[2026-06-04T04:55:35.473+0000] {processor.py:839} INFO - DAG(s) dict_keys(['daily_vulnerability_ingestion']) retrieved from /opt/airflow/dags/S3_UPLOAD_DAG.py
[2026-06-04T04:55:35.491+0000] {logging_mixin.py:154} INFO - [2026-06-04T04:55:35.490+0000] {dag.py:2941} INFO - Sync 1 DAGs
[2026-06-04T04:55:35.505+0000] {logging_mixin.py:154} INFO - [2026-06-04T04:55:35.505+0000] {dag.py:3722} INFO - Setting next_dagrun for daily_vulnerability_ingestion to 2026-06-03T14:52:05.384041+00:00, run_after=2026-06-04T14:52:05.384041+00:00
[2026-06-04T04:55:35.516+0000] {processor.py:179} INFO - Processing /opt/airflow/dags/S3_UPLOAD_DAG.py took 0.064 seconds
[2026-06-04T04:56:05.706+0000] {processor.py:157} INFO - Started process (PID=1505) to work on /opt/airflow/dags/S3_UPLOAD_DAG.py
[2026-06-04T04:56:05.707+0000] {processor.py:829} INFO - Processing file /opt/airflow/dags/S3_UPLOAD_DAG.py for tasks to queue
[2026-06-04T04:56:05.709+0000] {logging_mixin.py:154} INFO - [2026-06-04T04:56:05.708+0000] {dagbag.py:536} INFO - Filling up the DagBag from /opt/airflow/dags/S3_UPLOAD_DAG.py
[2026-06-04T04:56:05.731+0000] {processor.py:839} INFO - DAG(s) dict_keys(['daily_vulnerability_ingestion']) retrieved from /opt/airflow/dags/S3_UPLOAD_DAG.py
[2026-06-04T04:56:05.752+0000] {logging_mixin.py:154} INFO - [2026-06-04T04:56:05.752+0000] {dag.py:2941} INFO - Sync 1 DAGs
[2026-06-04T04:56:05.767+0000] {logging_mixin.py:154} INFO - [2026-06-04T04:56:05.767+0000] {dag.py:3722} INFO - Setting next_dagrun for daily_vulnerability_ingestion to 2026-06-03T14:52:05.384041+00:00, run_after=2026-06-04T14:52:05.384041+00:00
[2026-06-04T04:56:05.778+0000] {processor.py:179} INFO - Processing /opt/airflow/dags/S3_UPLOAD_DAG.py took 0.078 seconds
[2026-06-04T04:56:35.924+0000] {processor.py:157} INFO - Started process (PID=1510) to work on /opt/airflow/dags/S3_UPLOAD_DAG.py
[2026-06-04T04:56:35.934+0000] {processor.py:829} INFO - Processing file /opt/airflow/dags/S3_UPLOAD_DAG.py for tasks to queue
[2026-06-04T04:56:35.936+0000] {logging_mixin.py:154} INFO - [2026-06-04T04:56:35.935+0000] {dagbag.py:536} INFO - Filling up the DagBag from /opt/airflow/dags/S3_UPLOAD_DAG.py
[2026-06-04T04:56:35.962+0000] {processor.py:839} INFO - DAG(s) dict_keys(['daily_vulnerability_ingestion']) retrieved from /opt/airflow/dags/S3_UPLOAD_DAG.py
[2026-06-04T04:56:35.983+0000] {logging_mixin.py:154} INFO - [2026-06-04T04:56:35.983+0000] {dag.py:2941} INFO - Sync 1 DAGs
[2026-06-04T04:56:36.000+0000] {logging_mixin.py:154} INFO - [2026-06-04T04:56:36.000+0000] {dag.py:3722} INFO - Setting next_dagrun for daily_vulnerability_ingestion to 2026-06-03T14:52:05.384041+00:00, run_after=2026-06-04T14:52:05.384041+00:00
[2026-06-04T04:56:36.011+0000] {processor.py:179} INFO - Processing /opt/airflow/dags/S3_UPLOAD_DAG.py took 0.098 seconds
[2026-06-04T04:57:06.170+0000] {processor.py:157} INFO - Started process (PID=1515) to work on /opt/airflow/dags/S3_UPLOAD_DAG.py
[2026-06-04T04:57:06.172+0000] {processor.py:829} INFO - Processing file /opt/airflow/dags/S3_UPLOAD_DAG.py for tasks to queue
[2026-06-04T04:57:06.174+0000] {logging_mixin.py:154} INFO - [2026-06-04T04:57:06.173+0000] {dagbag.py:536} INFO - Filling up the DagBag from /opt/airflow/dags/S3_UPLOAD_DAG.py
[2026-06-04T04:57:06.196+0000] {processor.py:839} INFO - DAG(s) dict_keys(['daily_vulnerability_ingestion']) retrieved from /opt/airflow/dags/S3_UPLOAD_DAG.py
[2026-06-04T04:57:06.216+0000] {logging_mixin.py:154} INFO - [2026-06-04T04:57:06.216+0000] {dag.py:2941} INFO - Sync 1 DAGs
[2026-06-04T04:57:06.232+0000] {logging_mixin.py:154} INFO - [2026-06-04T04:57:06.232+0000] {dag.py:3722} INFO - Setting next_dagrun for daily_vulnerability_ingestion to 2026-06-03T14:52:05.384041+00:00, run_after=2026-06-04T14:52:05.384041+00:00
[2026-06-04T04:57:06.243+0000] {processor.py:179} INFO - Processing /opt/airflow/dags/S3_UPLOAD_DAG.py took 0.083 seconds
[2026-06-04T04:57:36.392+0000] {processor.py:157} INFO - Started process (PID=1520) to work on /opt/airflow/dags/S3_UPLOAD_DAG.py
[2026-06-04T04:57:36.402+0000] {processor.py:829} INFO - Processing file /opt/airflow/dags/S3_UPLOAD_DAG.py for tasks to queue
[2026-06-04T04:57:36.404+0000] {logging_mixin.py:154} INFO - [2026-06-04T04:57:36.403+0000] {dagbag.py:536} INFO - Filling up the DagBag from /opt/airflow/dags/S3_UPLOAD_DAG.py
[2026-06-04T04:57:36.424+0000] {processor.py:839} INFO - DAG(s) dict_keys(['daily_vulnerability_ingestion']) retrieved from /opt/airflow/dags/S3_UPLOAD_DAG.py
[2026-06-04T04:57:36.444+0000] {logging_mixin.py:154} INFO - [2026-06-04T04:57:36.444+0000] {dag.py:2941} INFO - Sync 1 DAGs
[2026-06-04T04:57:36.459+0000] {logging_mixin.py:154} INFO - [2026-06-04T04:57:36.458+0000] {dag.py:3722} INFO - Setting next_dagrun for daily_vulnerability_ingestion to 2026-06-03T14:52:05.384041+00:00, run_after=2026-06-04T14:52:05.384041+00:00
[2026-06-04T04:57:36.469+0000] {processor.py:179} INFO - Processing /opt/airflow/dags/S3_UPLOAD_DAG.py took 0.086 seconds
[2026-06-04T04:58:06.633+0000] {processor.py:157} INFO - Started process (PID=1525) to work on /opt/airflow/dags/S3_UPLOAD_DAG.py
[2026-06-04T04:58:06.635+0000] {processor.py:829} INFO - Processing file /opt/airflow/dags/S3_UPLOAD_DAG.py for tasks to queue
[2026-06-04T04:58:06.637+0000] {logging_mixin.py:154} INFO - [2026-06-04T04:58:06.636+0000] {dagbag.py:536} INFO - Filling up the DagBag from /opt/airflow/dags/S3_UPLOAD_DAG.py
[2026-06-04T04:58:06.664+0000] {processor.py:839} INFO - DAG(s) dict_keys(['daily_vulnerability_ingestion']) retrieved from /opt/airflow/dags/S3_UPLOAD_DAG.py
[2026-06-04T04:58:06.685+0000] {logging_mixin.py:154} INFO - [2026-06-04T04:58:06.685+0000] {dag.py:2941} INFO - Sync 1 DAGs
[2026-06-04T04:58:06.702+0000] {logging_mixin.py:154} INFO - [2026-06-04T04:58:06.702+0000] {dag.py:3722} INFO - Setting next_dagrun for daily_vulnerability_ingestion to 2026-06-03T14:52:05.384041+00:00, run_after=2026-06-04T14:52:05.384041+00:00
[2026-06-04T04:58:06.716+0000] {processor.py:179} INFO - Processing /opt/airflow/dags/S3_UPLOAD_DAG.py took 0.093 seconds
[2026-06-04T04:58:36.844+0000] {processor.py:157} INFO - Started process (PID=1530) to work on /opt/airflow/dags/S3_UPLOAD_DAG.py
[2026-06-04T04:58:36.853+0000] {processor.py:829} INFO - Processing file /opt/airflow/dags/S3_UPLOAD_DAG.py for tasks to queue
[2026-06-04T04:58:36.853+0000] {logging_mixin.py:154} INFO - [2026-06-04T04:58:36.853+0000] {dagbag.py:536} INFO - Filling up the DagBag from /opt/airflow/dags/S3_UPLOAD_DAG.py
[2026-06-04T04:58:36.863+0000] {processor.py:839} INFO - DAG(s) dict_keys(['daily_vulnerability_ingestion']) retrieved from /opt/airflow/dags/S3_UPLOAD_DAG.py
[2026-06-04T04:58:36.881+0000] {logging_mixin.py:154} INFO - [2026-06-04T04:58:36.881+0000] {dag.py:2941} INFO - Sync 1 DAGs
[2026-06-04T04:58:36.897+0000] {logging_mixin.py:154} INFO - [2026-06-04T04:58:36.897+0000] {dag.py:3722} INFO - Setting next_dagrun for daily_vulnerability_ingestion to 2026-06-03T14:52:05.384041+00:00, run_after=2026-06-04T14:52:05.384041+00:00
[2026-06-04T04:58:36.909+0000] {processor.py:179} INFO - Processing /opt/airflow/dags/S3_UPLOAD_DAG.py took 0.068 seconds
[2026-06-04T04:59:07.058+0000] {processor.py:157} INFO - Started process (PID=1535) to work on /opt/airflow/dags/S3_UPLOAD_DAG.py
[2026-06-04T04:59:07.058+0000] {processor.py:829} INFO - Processing file /opt/airflow/dags/S3_UPLOAD_DAG.py for tasks to queue
[2026-06-04T04:59:07.059+0000] {logging_mixin.py:154} INFO - [2026-06-04T04:59:07.059+0000] {dagbag.py:536} INFO - Filling up the DagBag from /opt/airflow/dags/S3_UPLOAD_DAG.py
[2026-06-04T04:59:07.069+0000] {processor.py:839} INFO - DAG(s) dict_keys(['daily_vulnerability_ingestion']) retrieved from /opt/airflow/dags/S3_UPLOAD_DAG.py
[2026-06-04T04:59:07.086+0000] {logging_mixin.py:154} INFO - [2026-06-04T04:59:07.086+0000] {dag.py:2941} INFO - Sync 1 DAGs
[2026-06-04T04:59:07.101+0000] {logging_mixin.py:154} INFO - [2026-06-04T04:59:07.101+0000] {dag.py:3722} INFO - Setting next_dagrun for daily_vulnerability_ingestion to 2026-06-03T14:52:05.384041+00:00, run_after=2026-06-04T14:52:05.384041+00:00
[2026-06-04T04:59:07.113+0000] {processor.py:179} INFO - Processing /opt/airflow/dags/S3_UPLOAD_DAG.py took 0.057 seconds
[2026-06-04T04:59:37.281+0000] {processor.py:157} INFO - Started process (PID=1540) to work on /opt/airflow/dags/S3_UPLOAD_DAG.py
[2026-06-04T04:59:37.290+0000] {processor.py:829} INFO - Processing file /opt/airflow/dags/S3_UPLOAD_DAG.py for tasks to queue
[2026-06-04T04:59:37.292+0000] {logging_mixin.py:154} INFO - [2026-06-04T04:59:37.291+0000] {dagbag.py:536} INFO - Filling up the DagBag from /opt/airflow/dags/S3_UPLOAD_DAG.py
[2026-06-04T04:59:37.311+0000] {processor.py:839} INFO - DAG(s) dict_keys(['daily_vulnerability_ingestion']) retrieved from /opt/airflow/dags/S3_UPLOAD_DAG.py
[2026-06-04T04:59:37.333+0000] {logging_mixin.py:154} INFO - [2026-06-04T04:59:37.333+0000] {dag.py:2941} INFO - Sync 1 DAGs
[2026-06-04T04:59:37.348+0000] {logging_mixin.py:154} INFO - [2026-06-04T04:59:37.348+0000] {dag.py:3722} INFO - Setting next_dagrun for daily_vulnerability_ingestion to 2026-06-03T14:52:05.384041+00:00, run_after=2026-06-04T14:52:05.384041+00:00
[2026-06-04T04:59:37.360+0000] {processor.py:179} INFO - Processing /opt/airflow/dags/S3_UPLOAD_DAG.py took 0.087 seconds
[2026-06-04T05:00:07.516+0000] {processor.py:157} INFO - Started process (PID=1545) to work on /opt/airflow/dags/S3_UPLOAD_DAG.py
[2026-06-04T05:00:07.517+0000] {processor.py:829} INFO - Processing file /opt/airflow/dags/S3_UPLOAD_DAG.py for tasks to queue
[2026-06-04T05:00:07.520+0000] {logging_mixin.py:154} INFO - [2026-06-04T05:00:07.519+0000] {dagbag.py:536} INFO - Filling up the DagBag from /opt/airflow/dags/S3_UPLOAD_DAG.py
[2026-06-04T05:00:07.542+0000] {processor.py:839} INFO - DAG(s) dict_keys(['daily_vulnerability_ingestion']) retrieved from /opt/airflow/dags/S3_UPLOAD_DAG.py
[2026-06-04T05:00:07.563+0000] {logging_mixin.py:154} INFO - [2026-06-04T05:00:07.562+0000] {dag.py:2941} INFO - Sync 1 DAGs
[2026-06-04T05:00:07.578+0000] {logging_mixin.py:154} INFO - [2026-06-04T05:00:07.578+0000] {dag.py:3722} INFO - Setting next_dagrun for daily_vulnerability_ingestion to 2026-06-03T14:52:05.384041+00:00, run_after=2026-06-04T14:52:05.384041+00:00
[2026-06-04T05:00:07.589+0000] {processor.py:179} INFO - Processing /opt/airflow/dags/S3_UPLOAD_DAG.py took 0.084 seconds
[2026-06-04T05:00:37.754+0000] {processor.py:157} INFO - Started process (PID=1550) to work on /opt/airflow/dags/S3_UPLOAD_DAG.py
[2026-06-04T05:00:37.764+0000] {processor.py:829} INFO - Processing file /opt/airflow/dags/S3_UPLOAD_DAG.py for tasks to queue
[2026-06-04T05:00:37.766+0000] {logging_mixin.py:154} INFO - [2026-06-04T05:00:37.766+0000] {dagbag.py:536} INFO - Filling up the DagBag from /opt/airflow/dags/S3_UPLOAD_DAG.py
[2026-06-04T05:00:37.791+0000] {processor.py:839} INFO - DAG(s) dict_keys(['daily_vulnerability_ingestion']) retrieved from /opt/airflow/dags/S3_UPLOAD_DAG.py
[2026-06-04T05:00:37.811+0000] {logging_mixin.py:154} INFO - [2026-06-04T05:00:37.811+0000] {dag.py:2941} INFO - Sync 1 DAGs
[2026-06-04T05:00:37.825+0000] {logging_mixin.py:154} INFO - [2026-06-04T05:00:37.825+0000] {dag.py:3722} INFO - Setting next_dagrun for daily_vulnerability_ingestion to 2026-06-03T14:52:05.384041+00:00, run_after=2026-06-04T14:52:05.384041+00:00
[2026-06-04T05:00:37.837+0000] {processor.py:179} INFO - Processing /opt/airflow/dags/S3_UPLOAD_DAG.py took 0.093 seconds
[2026-06-04T05:01:07.974+0000] {processor.py:157} INFO - Started process (PID=1555) to work on /opt/airflow/dags/S3_UPLOAD_DAG.py
[2026-06-04T05:01:07.975+0000] {processor.py:829} INFO - Processing file /opt/airflow/dags/S3_UPLOAD_DAG.py for tasks to queue
[2026-06-04T05:01:07.977+0000] {logging_mixin.py:154} INFO - [2026-06-04T05:01:07.976+0000] {dagbag.py:536} INFO - Filling up the DagBag from /opt/airflow/dags/S3_UPLOAD_DAG.py
[2026-06-04T05:01:08.000+0000] {processor.py:839} INFO - DAG(s) dict_keys(['daily_vulnerability_ingestion']) retrieved from /opt/airflow/dags/S3_UPLOAD_DAG.py
[2026-06-04T05:01:08.021+0000] {logging_mixin.py:154} INFO - [2026-06-04T05:01:08.020+0000] {dag.py:2941} INFO - Sync 1 DAGs
[2026-06-04T05:01:08.035+0000] {logging_mixin.py:154} INFO - [2026-06-04T05:01:08.035+0000] {dag.py:3722} INFO - Setting next_dagrun for daily_vulnerability_ingestion to 2026-06-03T14:52:05.384041+00:00, run_after=2026-06-04T14:52:05.384041+00:00
[2026-06-04T05:01:08.046+0000] {processor.py:179} INFO - Processing /opt/airflow/dags/S3_UPLOAD_DAG.py took 0.079 seconds
[2026-06-04T05:01:38.201+0000] {processor.py:157} INFO - Started process (PID=1560) to work on /opt/airflow/dags/S3_UPLOAD_DAG.py
[2026-06-04T05:01:38.211+0000] {processor.py:829} INFO - Processing file /opt/airflow/dags/S3_UPLOAD_DAG.py for tasks to queue
[2026-06-04T05:01:38.211+0000] {logging_mixin.py:154} INFO - [2026-06-04T05:01:38.211+0000] {dagbag.py:536} INFO - Filling up the DagBag from /opt/airflow/dags/S3_UPLOAD_DAG.py
[2026-06-04T05:01:38.227+0000] {processor.py:839} INFO - DAG(s) dict_keys(['daily_vulnerability_ingestion']) retrieved from /opt/airflow/dags/S3_UPLOAD_DAG.py
[2026-06-04T05:01:38.245+0000] {logging_mixin.py:154} INFO - [2026-06-04T05:01:38.245+0000] {dag.py:2941} INFO - Sync 1 DAGs
[2026-06-04T05:01:38.259+0000] {logging_mixin.py:154} INFO - [2026-06-04T05:01:38.259+0000] {dag.py:3722} INFO - Setting next_dagrun for daily_vulnerability_ingestion to 2026-06-03T14:52:05.384041+00:00, run_after=2026-06-04T14:52:05.384041+00:00
[2026-06-04T05:01:38.270+0000] {processor.py:179} INFO - Processing /opt/airflow/dags/S3_UPLOAD_DAG.py took 0.076 seconds
[2026-06-04T05:02:08.425+0000] {processor.py:157} INFO - Started process (PID=1565) to work on /opt/airflow/dags/S3_UPLOAD_DAG.py
[2026-06-04T05:02:08.430+0000] {processor.py:829} INFO - Processing file /opt/airflow/dags/S3_UPLOAD_DAG.py for tasks to queue
[2026-06-04T05:02:08.432+0000] {logging_mixin.py:154} INFO - [2026-06-04T05:02:08.431+0000] {dagbag.py:536} INFO - Filling up the DagBag from /opt/airflow/dags/S3_UPLOAD_DAG.py
[2026-06-04T05:02:08.455+0000] {processor.py:839} INFO - DAG(s) dict_keys(['daily_vulnerability_ingestion']) retrieved from /opt/airflow/dags/S3_UPLOAD_DAG.py
[2026-06-04T05:02:08.476+0000] {logging_mixin.py:154} INFO - [2026-06-04T05:02:08.476+0000] {dag.py:2941} INFO - Sync 1 DAGs
[2026-06-04T05:02:08.494+0000] {logging_mixin.py:154} INFO - [2026-06-04T05:02:08.494+0000] {dag.py:3722} INFO - Setting next_dagrun for daily_vulnerability_ingestion to 2026-06-03T14:52:05.384041+00:00, run_after=2026-06-04T14:52:05.384041+00:00
[2026-06-04T05:02:08.505+0000] {processor.py:179} INFO - Processing /opt/airflow/dags/S3_UPLOAD_DAG.py took 0.090 seconds
[2026-06-04T05:02:38.670+0000] {processor.py:157} INFO - Started process (PID=1570) to work on /opt/airflow/dags/S3_UPLOAD_DAG.py
[2026-06-04T05:02:38.672+0000] {processor.py:829} INFO - Processing file /opt/airflow/dags/S3_UPLOAD_DAG.py for tasks to queue
[2026-06-04T05:02:38.674+0000] {logging_mixin.py:154} INFO - [2026-06-04T05:02:38.673+0000] {dagbag.py:536} INFO - Filling up the DagBag from /opt/airflow/dags/S3_UPLOAD_DAG.py
[2026-06-04T05:02:38.694+0000] {processor.py:839} INFO - DAG(s) dict_keys(['daily_vulnerability_ingestion']) retrieved from /opt/airflow/dags/S3_UPLOAD_DAG.py
[2026-06-04T05:02:38.713+0000] {logging_mixin.py:154} INFO - [2026-06-04T05:02:38.713+0000] {dag.py:2941} INFO - Sync 1 DAGs
[2026-06-04T05:02:38.729+0000] {logging_mixin.py:154} INFO - [2026-06-04T05:02:38.729+0000] {dag.py:3722} INFO - Setting next_dagrun for daily_vulnerability_ingestion to 2026-06-03T14:52:05.384041+00:00, run_after=2026-06-04T14:52:05.384041+00:00
[2026-06-04T05:02:38.741+0000] {processor.py:179} INFO - Processing /opt/airflow/dags/S3_UPLOAD_DAG.py took 0.081 seconds
[2026-06-04T05:03:08.891+0000] {processor.py:157} INFO - Started process (PID=1575) to work on /opt/airflow/dags/S3_UPLOAD_DAG.py
[2026-06-04T05:03:08.901+0000] {processor.py:829} INFO - Processing file /opt/airflow/dags/S3_UPLOAD_DAG.py for tasks to queue
[2026-06-04T05:03:08.903+0000] {logging_mixin.py:154} INFO - [2026-06-04T05:03:08.903+0000] {dagbag.py:536} INFO - Filling up the DagBag from /opt/airflow/dags/S3_UPLOAD_DAG.py
[2026-06-04T05:03:08.930+0000] {processor.py:839} INFO - DAG(s) dict_keys(['daily_vulnerability_ingestion']) retrieved from /opt/airflow/dags/S3_UPLOAD_DAG.py
[2026-06-04T05:03:08.952+0000] {logging_mixin.py:154} INFO - [2026-06-04T05:03:08.952+0000] {dag.py:2941} INFO - Sync 1 DAGs
[2026-06-04T05:03:08.967+0000] {logging_mixin.py:154} INFO - [2026-06-04T05:03:08.967+0000] {dag.py:3722} INFO - Setting next_dagrun for daily_vulnerability_ingestion to 2026-06-03T14:52:05.384041+00:00, run_after=2026-06-04T14:52:05.384041+00:00
[2026-06-04T05:03:08.978+0000] {processor.py:179} INFO - Processing /opt/airflow/dags/S3_UPLOAD_DAG.py took 0.096 seconds
[2026-06-04T05:03:39.112+0000] {processor.py:157} INFO - Started process (PID=1580) to work on /opt/airflow/dags/S3_UPLOAD_DAG.py
[2026-06-04T05:03:39.113+0000] {processor.py:829} INFO - Processing file /opt/airflow/dags/S3_UPLOAD_DAG.py for tasks to queue
[2026-06-04T05:03:39.114+0000] {logging_mixin.py:154} INFO - [2026-06-04T05:03:39.114+0000] {dagbag.py:536} INFO - Filling up the DagBag from /opt/airflow/dags/S3_UPLOAD_DAG.py
[2026-06-04T05:03:39.129+0000] {processor.py:839} INFO - DAG(s) dict_keys(['daily_vulnerability_ingestion']) retrieved from /opt/airflow/dags/S3_UPLOAD_DAG.py
[2026-06-04T05:03:39.147+0000] {logging_mixin.py:154} INFO - [2026-06-04T05:03:39.147+0000] {dag.py:2941} INFO - Sync 1 DAGs
[2026-06-04T05:03:39.162+0000] {logging_mixin.py:154} INFO - [2026-06-04T05:03:39.162+0000] {dag.py:3722} INFO - Setting next_dagrun for daily_vulnerability_ingestion to 2026-06-03T14:52:05.384041+00:00, run_after=2026-06-04T14:52:05.384041+00:00
[2026-06-04T05:03:39.173+0000] {processor.py:179} INFO - Processing /opt/airflow/dags/S3_UPLOAD_DAG.py took 0.067 seconds
[2026-06-04T05:04:09.356+0000] {processor.py:157} INFO - Started process (PID=1585) to work on /opt/airflow/dags/S3_UPLOAD_DAG.py
[2026-06-04T05:04:09.365+0000] {processor.py:829} INFO - Processing file /opt/airflow/dags/S3_UPLOAD_DAG.py for tasks to queue
[2026-06-04T05:04:09.366+0000] {logging_mixin.py:154} INFO - [2026-06-04T05:04:09.366+0000] {dagbag.py:536} INFO - Filling up the DagBag from /opt/airflow/dags/S3_UPLOAD_DAG.py
[2026-06-04T05:04:09.383+0000] {processor.py:839} INFO - DAG(s) dict_keys(['daily_vulnerability_ingestion']) retrieved from /opt/airflow/dags/S3_UPLOAD_DAG.py
[2026-06-04T05:04:09.410+0000] {logging_mixin.py:154} INFO - [2026-06-04T05:04:09.410+0000] {dag.py:2941} INFO - Sync 1 DAGs
[2026-06-04T05:04:09.426+0000] {logging_mixin.py:154} INFO - [2026-06-04T05:04:09.426+0000] {dag.py:3722} INFO - Setting next_dagrun for daily_vulnerability_ingestion to 2026-06-03T14:52:05.384041+00:00, run_after=2026-06-04T14:52:05.384041+00:00
[2026-06-04T05:04:09.437+0000] {processor.py:179} INFO - Processing /opt/airflow/dags/S3_UPLOAD_DAG.py took 0.086 seconds
[2026-06-04T05:04:39.577+0000] {processor.py:157} INFO - Started process (PID=1590) to work on /opt/airflow/dags/S3_UPLOAD_DAG.py
[2026-06-04T05:04:39.578+0000] {processor.py:829} INFO - Processing file /opt/airflow/dags/S3_UPLOAD_DAG.py for tasks to queue
[2026-06-04T05:04:39.580+0000] {logging_mixin.py:154} INFO - [2026-06-04T05:04:39.579+0000] {dagbag.py:536} INFO - Filling up the DagBag from /opt/airflow/dags/S3_UPLOAD_DAG.py
[2026-06-04T05:04:39.602+0000] {processor.py:839} INFO - DAG(s) dict_keys(['daily_vulnerability_ingestion']) retrieved from /opt/airflow/dags/S3_UPLOAD_DAG.py
[2026-06-04T05:04:39.621+0000] {logging_mixin.py:154} INFO - [2026-06-04T05:04:39.621+0000] {dag.py:2941} INFO - Sync 1 DAGs
[2026-06-04T05:04:39.636+0000] {logging_mixin.py:154} INFO - [2026-06-04T05:04:39.636+0000] {dag.py:3722} INFO - Setting next_dagrun for daily_vulnerability_ingestion to 2026-06-03T14:52:05.384041+00:00, run_after=2026-06-04T14:52:05.384041+00:00
[2026-06-04T05:04:39.648+0000] {processor.py:179} INFO - Processing /opt/airflow/dags/S3_UPLOAD_DAG.py took 0.078 seconds
[2026-06-04T05:05:09.841+0000] {processor.py:157} INFO - Started process (PID=1595) to work on /opt/airflow/dags/S3_UPLOAD_DAG.py
[2026-06-04T05:05:09.850+0000] {processor.py:829} INFO - Processing file /opt/airflow/dags/S3_UPLOAD_DAG.py for tasks to queue
[2026-06-04T05:05:09.851+0000] {logging_mixin.py:154} INFO - [2026-06-04T05:05:09.851+0000] {dagbag.py:536} INFO - Filling up the DagBag from /opt/airflow/dags/S3_UPLOAD_DAG.py
[2026-06-04T05:05:09.869+0000] {processor.py:839} INFO - DAG(s) dict_keys(['daily_vulnerability_ingestion']) retrieved from /opt/airflow/dags/S3_UPLOAD_DAG.py
[2026-06-04T05:05:09.893+0000] {logging_mixin.py:154} INFO - [2026-06-04T05:05:09.893+0000] {dag.py:2941} INFO - Sync 1 DAGs
[2026-06-04T05:05:09.908+0000] {logging_mixin.py:154} INFO - [2026-06-04T05:05:09.908+0000] {dag.py:3722} INFO - Setting next_dagrun for daily_vulnerability_ingestion to 2026-06-03T14:52:05.384041+00:00, run_after=2026-06-04T14:52:05.384041+00:00
[2026-06-04T05:05:09.919+0000] {processor.py:179} INFO - Processing /opt/airflow/dags/S3_UPLOAD_DAG.py took 0.083 seconds
[2026-06-04T05:05:40.029+0000] {processor.py:157} INFO - Started process (PID=1600) to work on /opt/airflow/dags/S3_UPLOAD_DAG.py
[2026-06-04T05:05:40.029+0000] {processor.py:829} INFO - Processing file /opt/airflow/dags/S3_UPLOAD_DAG.py for tasks to queue
[2026-06-04T05:05:40.030+0000] {logging_mixin.py:154} INFO - [2026-06-04T05:05:40.030+0000] {dagbag.py:536} INFO - Filling up the DagBag from /opt/airflow/dags/S3_UPLOAD_DAG.py
[2026-06-04T05:05:40.040+0000] {processor.py:839} INFO - DAG(s) dict_keys(['daily_vulnerability_ingestion']) retrieved from /opt/airflow/dags/S3_UPLOAD_DAG.py
[2026-06-04T05:05:40.058+0000] {logging_mixin.py:154} INFO - [2026-06-04T05:05:40.058+0000] {dag.py:2941} INFO - Sync 1 DAGs
[2026-06-04T05:05:40.074+0000] {logging_mixin.py:154} INFO - [2026-06-04T05:05:40.074+0000] {dag.py:3722} INFO - Setting next_dagrun for daily_vulnerability_ingestion to 2026-06-03T14:52:05.384041+00:00, run_after=2026-06-04T14:52:05.384041+00:00
[2026-06-04T05:05:40.084+0000] {processor.py:179} INFO - Processing /opt/airflow/dags/S3_UPLOAD_DAG.py took 0.058 seconds
[2026-06-04T05:06:10.257+0000] {processor.py:157} INFO - Started process (PID=1605) to work on /opt/airflow/dags/S3_UPLOAD_DAG.py
[2026-06-04T05:06:10.266+0000] {processor.py:829} INFO - Processing file /opt/airflow/dags/S3_UPLOAD_DAG.py for tasks to queue
[2026-06-04T05:06:10.266+0000] {logging_mixin.py:154} INFO - [2026-06-04T05:06:10.266+0000] {dagbag.py:536} INFO - Filling up the DagBag from /opt/airflow/dags/S3_UPLOAD_DAG.py
[2026-06-04T05:06:10.277+0000] {processor.py:839} INFO - DAG(s) dict_keys(['daily_vulnerability_ingestion']) retrieved from /opt/airflow/dags/S3_UPLOAD_DAG.py
[2026-06-04T05:06:10.296+0000] {logging_mixin.py:154} INFO - [2026-06-04T05:06:10.296+0000] {dag.py:2941} INFO - Sync 1 DAGs
[2026-06-04T05:06:10.311+0000] {logging_mixin.py:154} INFO - [2026-06-04T05:06:10.311+0000] {dag.py:3722} INFO - Setting next_dagrun for daily_vulnerability_ingestion to 2026-06-03T14:52:05.384041+00:00, run_after=2026-06-04T14:52:05.384041+00:00
[2026-06-04T05:06:10.322+0000] {processor.py:179} INFO - Processing /opt/airflow/dags/S3_UPLOAD_DAG.py took 0.067 seconds
[2026-06-04T05:06:40.451+0000] {processor.py:157} INFO - Started process (PID=1610) to work on /opt/airflow/dags/S3_UPLOAD_DAG.py
[2026-06-04T05:06:40.452+0000] {processor.py:829} INFO - Processing file /opt/airflow/dags/S3_UPLOAD_DAG.py for tasks to queue
[2026-06-04T05:06:40.453+0000] {logging_mixin.py:154} INFO - [2026-06-04T05:06:40.452+0000] {dagbag.py:536} INFO - Filling up the DagBag from /opt/airflow/dags/S3_UPLOAD_DAG.py
[2026-06-04T05:06:40.469+0000] {processor.py:839} INFO - DAG(s) dict_keys(['daily_vulnerability_ingestion']) retrieved from /opt/airflow/dags/S3_UPLOAD_DAG.py
[2026-06-04T05:06:40.489+0000] {logging_mixin.py:154} INFO - [2026-06-04T05:06:40.489+0000] {dag.py:2941} INFO - Sync 1 DAGs
[2026-06-04T05:06:40.505+0000] {logging_mixin.py:154} INFO - [2026-06-04T05:06:40.504+0000] {dag.py:3722} INFO - Setting next_dagrun for daily_vulnerability_ingestion to 2026-06-03T14:52:05.384041+00:00, run_after=2026-06-04T14:52:05.384041+00:00
[2026-06-04T05:06:40.517+0000] {processor.py:179} INFO - Processing /opt/airflow/dags/S3_UPLOAD_DAG.py took 0.069 seconds
[2026-06-04T05:07:10.694+0000] {processor.py:157} INFO - Started process (PID=1615) to work on /opt/airflow/dags/S3_UPLOAD_DAG.py
[2026-06-04T05:07:10.703+0000] {processor.py:829} INFO - Processing file /opt/airflow/dags/S3_UPLOAD_DAG.py for tasks to queue
[2026-06-04T05:07:10.704+0000] {logging_mixin.py:154} INFO - [2026-06-04T05:07:10.704+0000] {dagbag.py:536} INFO - Filling up the DagBag from /opt/airflow/dags/S3_UPLOAD_DAG.py
[2026-06-04T05:07:10.726+0000] {processor.py:839} INFO - DAG(s) dict_keys(['daily_vulnerability_ingestion']) retrieved from /opt/airflow/dags/S3_UPLOAD_DAG.py
[2026-06-04T05:07:10.748+0000] {logging_mixin.py:154} INFO - [2026-06-04T05:07:10.748+0000] {dag.py:2941} INFO - Sync 1 DAGs
[2026-06-04T05:07:10.763+0000] {logging_mixin.py:154} INFO - [2026-06-04T05:07:10.763+0000] {dag.py:3722} INFO - Setting next_dagrun for daily_vulnerability_ingestion to 2026-06-03T14:52:05.384041+00:00, run_after=2026-06-04T14:52:05.384041+00:00
[2026-06-04T05:07:10.774+0000] {processor.py:179} INFO - Processing /opt/airflow/dags/S3_UPLOAD_DAG.py took 0.085 seconds
[2026-06-04T05:07:40.920+0000] {processor.py:157} INFO - Started process (PID=1620) to work on /opt/airflow/dags/S3_UPLOAD_DAG.py
[2026-06-04T05:07:40.921+0000] {processor.py:829} INFO - Processing file /opt/airflow/dags/S3_UPLOAD_DAG.py for tasks to queue
[2026-06-04T05:07:40.922+0000] {logging_mixin.py:154} INFO - [2026-06-04T05:07:40.922+0000] {dagbag.py:536} INFO - Filling up the DagBag from /opt/airflow/dags/S3_UPLOAD_DAG.py
[2026-06-04T05:07:40.938+0000] {processor.py:839} INFO - DAG(s) dict_keys(['daily_vulnerability_ingestion']) retrieved from /opt/airflow/dags/S3_UPLOAD_DAG.py
[2026-06-04T05:07:40.957+0000] {logging_mixin.py:154} INFO - [2026-06-04T05:07:40.957+0000] {dag.py:2941} INFO - Sync 1 DAGs
[2026-06-04T05:07:40.973+0000] {logging_mixin.py:154} INFO - [2026-06-04T05:07:40.972+0000] {dag.py:3722} INFO - Setting next_dagrun for daily_vulnerability_ingestion to 2026-06-03T14:52:05.384041+00:00, run_after=2026-06-04T14:52:05.384041+00:00
[2026-06-04T05:07:40.985+0000] {processor.py:179} INFO - Processing /opt/airflow/dags/S3_UPLOAD_DAG.py took 0.073 seconds
[2026-06-04T05:08:11.157+0000] {processor.py:157} INFO - Started process (PID=1625) to work on /opt/airflow/dags/S3_UPLOAD_DAG.py
[2026-06-04T05:08:11.166+0000] {processor.py:829} INFO - Processing file /opt/airflow/dags/S3_UPLOAD_DAG.py for tasks to queue
[2026-06-04T05:08:11.166+0000] {logging_mixin.py:154} INFO - [2026-06-04T05:08:11.166+0000] {dagbag.py:536} INFO - Filling up the DagBag from /opt/airflow/dags/S3_UPLOAD_DAG.py
[2026-06-04T05:08:11.179+0000] {processor.py:839} INFO - DAG(s) dict_keys(['daily_vulnerability_ingestion']) retrieved from /opt/airflow/dags/S3_UPLOAD_DAG.py
[2026-06-04T05:08:11.196+0000] {logging_mixin.py:154} INFO - [2026-06-04T05:08:11.196+0000] {dag.py:2941} INFO - Sync 1 DAGs
[2026-06-04T05:08:11.213+0000] {logging_mixin.py:154} INFO - [2026-06-04T05:08:11.213+0000] {dag.py:3722} INFO - Setting next_dagrun for daily_vulnerability_ingestion to 2026-06-03T14:52:05.384041+00:00, run_after=2026-06-04T14:52:05.384041+00:00
[2026-06-04T05:08:11.226+0000] {processor.py:179} INFO - Processing /opt/airflow/dags/S3_UPLOAD_DAG.py took 0.076 seconds
[2026-06-04T05:08:41.383+0000] {processor.py:157} INFO - Started process (PID=1630) to work on /opt/airflow/dags/S3_UPLOAD_DAG.py
[2026-06-04T05:08:41.384+0000] {processor.py:829} INFO - Processing file /opt/airflow/dags/S3_UPLOAD_DAG.py for tasks to queue
[2026-06-04T05:08:41.386+0000] {logging_mixin.py:154} INFO - [2026-06-04T05:08:41.385+0000] {dagbag.py:536} INFO - Filling up the DagBag from /opt/airflow/dags/S3_UPLOAD_DAG.py
[2026-06-04T05:08:41.408+0000] {processor.py:839} INFO - DAG(s) dict_keys(['daily_vulnerability_ingestion']) retrieved from /opt/airflow/dags/S3_UPLOAD_DAG.py
[2026-06-04T05:08:41.427+0000] {logging_mixin.py:154} INFO - [2026-06-04T05:08:41.427+0000] {dag.py:2941} INFO - Sync 1 DAGs
[2026-06-04T05:08:41.442+0000] {logging_mixin.py:154} INFO - [2026-06-04T05:08:41.442+0000] {dag.py:3722} INFO - Setting next_dagrun for daily_vulnerability_ingestion to 2026-06-03T14:52:05.384041+00:00, run_after=2026-06-04T14:52:05.384041+00:00
[2026-06-04T05:08:41.453+0000] {processor.py:179} INFO - Processing /opt/airflow/dags/S3_UPLOAD_DAG.py took 0.080 seconds
[2026-06-04T05:09:11.568+0000] {processor.py:157} INFO - Started process (PID=1635) to work on /opt/airflow/dags/S3_UPLOAD_DAG.py
[2026-06-04T05:09:11.576+0000] {processor.py:829} INFO - Processing file /opt/airflow/dags/S3_UPLOAD_DAG.py for tasks to queue
[2026-06-04T05:09:11.577+0000] {logging_mixin.py:154} INFO - [2026-06-04T05:09:11.577+0000] {dagbag.py:536} INFO - Filling up the DagBag from /opt/airflow/dags/S3_UPLOAD_DAG.py
[2026-06-04T05:09:11.589+0000] {processor.py:839} INFO - DAG(s) dict_keys(['daily_vulnerability_ingestion']) retrieved from /opt/airflow/dags/S3_UPLOAD_DAG.py
[2026-06-04T05:09:11.610+0000] {logging_mixin.py:154} INFO - [2026-06-04T05:09:11.610+0000] {dag.py:2941} INFO - Sync 1 DAGs
[2026-06-04T05:09:11.629+0000] {logging_mixin.py:154} INFO - [2026-06-04T05:09:11.629+0000] {dag.py:3722} INFO - Setting next_dagrun for daily_vulnerability_ingestion to 2026-06-03T14:52:05.384041+00:00, run_after=2026-06-04T14:52:05.384041+00:00
[2026-06-04T05:09:11.642+0000] {processor.py:179} INFO - Processing /opt/airflow/dags/S3_UPLOAD_DAG.py took 0.077 seconds
[2026-06-04T05:09:41.862+0000] {processor.py:157} INFO - Started process (PID=1640) to work on /opt/airflow/dags/S3_UPLOAD_DAG.py
[2026-06-04T05:09:41.862+0000] {processor.py:829} INFO - Processing file /opt/airflow/dags/S3_UPLOAD_DAG.py for tasks to queue
[2026-06-04T05:09:41.863+0000] {logging_mixin.py:154} INFO - [2026-06-04T05:09:41.863+0000] {dagbag.py:536} INFO - Filling up the DagBag from /opt/airflow/dags/S3_UPLOAD_DAG.py
[2026-06-04T05:09:41.876+0000] {processor.py:839} INFO - DAG(s) dict_keys(['daily_vulnerability_ingestion']) retrieved from /opt/airflow/dags/S3_UPLOAD_DAG.py
[2026-06-04T05:09:41.897+0000] {logging_mixin.py:154} INFO - [2026-06-04T05:09:41.897+0000] {dag.py:2941} INFO - Sync 1 DAGs
[2026-06-04T05:09:41.912+0000] {logging_mixin.py:154} INFO - [2026-06-04T05:09:41.912+0000] {dag.py:3722} INFO - Setting next_dagrun for daily_vulnerability_ingestion to 2026-06-03T14:52:05.384041+00:00, run_after=2026-06-04T14:52:05.384041+00:00
[2026-06-04T05:09:41.923+0000] {processor.py:179} INFO - Processing /opt/airflow/dags/S3_UPLOAD_DAG.py took 0.065 seconds
[2026-06-04T05:10:12.081+0000] {processor.py:157} INFO - Started process (PID=1645) to work on /opt/airflow/dags/S3_UPLOAD_DAG.py
[2026-06-04T05:10:12.091+0000] {processor.py:829} INFO - Processing file /opt/airflow/dags/S3_UPLOAD_DAG.py for tasks to queue
[2026-06-04T05:10:12.093+0000] {logging_mixin.py:154} INFO - [2026-06-04T05:10:12.093+0000] {dagbag.py:536} INFO - Filling up the DagBag from /opt/airflow/dags/S3_UPLOAD_DAG.py
[2026-06-04T05:10:12.116+0000] {processor.py:839} INFO - DAG(s) dict_keys(['daily_vulnerability_ingestion']) retrieved from /opt/airflow/dags/S3_UPLOAD_DAG.py
[2026-06-04T05:10:12.136+0000] {logging_mixin.py:154} INFO - [2026-06-04T05:10:12.136+0000] {dag.py:2941} INFO - Sync 1 DAGs
[2026-06-04T05:10:12.150+0000] {logging_mixin.py:154} INFO - [2026-06-04T05:10:12.150+0000] {dag.py:3722} INFO - Setting next_dagrun for daily_vulnerability_ingestion to 2026-06-03T14:52:05.384041+00:00, run_after=2026-06-04T14:52:05.384041+00:00
[2026-06-04T05:10:12.162+0000] {processor.py:179} INFO - Processing /opt/airflow/dags/S3_UPLOAD_DAG.py took 0.091 seconds
[2026-06-04T05:10:42.310+0000] {processor.py:157} INFO - Started process (PID=1650) to work on /opt/airflow/dags/S3_UPLOAD_DAG.py
[2026-06-04T05:10:42.311+0000] {processor.py:829} INFO - Processing file /opt/airflow/dags/S3_UPLOAD_DAG.py for tasks to queue
[2026-06-04T05:10:42.312+0000] {logging_mixin.py:154} INFO - [2026-06-04T05:10:42.312+0000] {dagbag.py:536} INFO - Filling up the DagBag from /opt/airflow/dags/S3_UPLOAD_DAG.py
[2026-06-04T05:10:42.333+0000] {processor.py:839} INFO - DAG(s) dict_keys(['daily_vulnerability_ingestion']) retrieved from /opt/airflow/dags/S3_UPLOAD_DAG.py
[2026-06-04T05:10:42.353+0000] {logging_mixin.py:154} INFO - [2026-06-04T05:10:42.353+0000] {dag.py:2941} INFO - Sync 1 DAGs
[2026-06-04T05:10:42.371+0000] {logging_mixin.py:154} INFO - [2026-06-04T05:10:42.371+0000] {dag.py:3722} INFO - Setting next_dagrun for daily_vulnerability_ingestion to 2026-06-03T14:52:05.384041+00:00, run_after=2026-06-04T14:52:05.384041+00:00
[2026-06-04T05:10:42.383+0000] {processor.py:179} INFO - Processing /opt/airflow/dags/S3_UPLOAD_DAG.py took 0.079 seconds
[2026-06-04T05:11:12.524+0000] {processor.py:157} INFO - Started process (PID=1655) to work on /opt/airflow/dags/S3_UPLOAD_DAG.py
[2026-06-04T05:11:12.533+0000] {processor.py:829} INFO - Processing file /opt/airflow/dags/S3_UPLOAD_DAG.py for tasks to queue
[2026-06-04T05:11:12.533+0000] {logging_mixin.py:154} INFO - [2026-06-04T05:11:12.533+0000] {dagbag.py:536} INFO - Filling up the DagBag from /opt/airflow/dags/S3_UPLOAD_DAG.py
[2026-06-04T05:11:12.544+0000] {processor.py:839} INFO - DAG(s) dict_keys(['daily_vulnerability_ingestion']) retrieved from /opt/airflow/dags/S3_UPLOAD_DAG.py
[2026-06-04T05:11:12.562+0000] {logging_mixin.py:154} INFO - [2026-06-04T05:11:12.562+0000] {dag.py:2941} INFO - Sync 1 DAGs
[2026-06-04T05:11:12.578+0000] {logging_mixin.py:154} INFO - [2026-06-04T05:11:12.578+0000] {dag.py:3722} INFO - Setting next_dagrun for daily_vulnerability_ingestion to 2026-06-03T14:52:05.384041+00:00, run_after=2026-06-04T14:52:05.384041+00:00
[2026-06-04T05:11:12.589+0000] {processor.py:179} INFO - Processing /opt/airflow/dags/S3_UPLOAD_DAG.py took 0.068 seconds
[2026-06-04T05:11:42.743+0000] {processor.py:157} INFO - Started process (PID=1660) to work on /opt/airflow/dags/S3_UPLOAD_DAG.py
[2026-06-04T05:11:42.744+0000] {processor.py:829} INFO - Processing file /opt/airflow/dags/S3_UPLOAD_DAG.py for tasks to queue
[2026-06-04T05:11:42.744+0000] {logging_mixin.py:154} INFO - [2026-06-04T05:11:42.744+0000] {dagbag.py:536} INFO - Filling up the DagBag from /opt/airflow/dags/S3_UPLOAD_DAG.py
[2026-06-04T05:11:42.758+0000] {processor.py:839} INFO - DAG(s) dict_keys(['daily_vulnerability_ingestion']) retrieved from /opt/airflow/dags/S3_UPLOAD_DAG.py
[2026-06-04T05:11:42.777+0000] {logging_mixin.py:154} INFO - [2026-06-04T05:11:42.777+0000] {dag.py:2941} INFO - Sync 1 DAGs
[2026-06-04T05:11:42.792+0000] {logging_mixin.py:154} INFO - [2026-06-04T05:11:42.792+0000] {dag.py:3722} INFO - Setting next_dagrun for daily_vulnerability_ingestion to 2026-06-03T14:52:05.384041+00:00, run_after=2026-06-04T14:52:05.384041+00:00
[2026-06-04T05:11:42.802+0000] {processor.py:179} INFO - Processing /opt/airflow/dags/S3_UPLOAD_DAG.py took 0.064 seconds
[2026-06-04T05:12:12.960+0000] {processor.py:157} INFO - Started process (PID=1665) to work on /opt/airflow/dags/S3_UPLOAD_DAG.py
[2026-06-04T05:12:12.970+0000] {processor.py:829} INFO - Processing file /opt/airflow/dags/S3_UPLOAD_DAG.py for tasks to queue
[2026-06-04T05:12:12.972+0000] {logging_mixin.py:154} INFO - [2026-06-04T05:12:12.972+0000] {dagbag.py:536} INFO - Filling up the DagBag from /opt/airflow/dags/S3_UPLOAD_DAG.py
[2026-06-04T05:12:12.998+0000] {processor.py:839} INFO - DAG(s) dict_keys(['daily_vulnerability_ingestion']) retrieved from /opt/airflow/dags/S3_UPLOAD_DAG.py
[2026-06-04T05:12:13.019+0000] {logging_mixin.py:154} INFO - [2026-06-04T05:12:13.019+0000] {dag.py:2941} INFO - Sync 1 DAGs
[2026-06-04T05:12:13.036+0000] {logging_mixin.py:154} INFO - [2026-06-04T05:12:13.036+0000] {dag.py:3722} INFO - Setting next_dagrun for daily_vulnerability_ingestion to 2026-06-03T14:52:05.384041+00:00, run_after=2026-06-04T14:52:05.384041+00:00
[2026-06-04T05:12:13.048+0000] {processor.py:179} INFO - Processing /opt/airflow/dags/S3_UPLOAD_DAG.py took 0.098 seconds
[2026-06-04T05:12:43.192+0000] {processor.py:157} INFO - Started process (PID=1670) to work on /opt/airflow/dags/S3_UPLOAD_DAG.py
[2026-06-04T05:12:43.193+0000] {processor.py:829} INFO - Processing file /opt/airflow/dags/S3_UPLOAD_DAG.py for tasks to queue
[2026-06-04T05:12:43.194+0000] {logging_mixin.py:154} INFO - [2026-06-04T05:12:43.194+0000] {dagbag.py:536} INFO - Filling up the DagBag from /opt/airflow/dags/S3_UPLOAD_DAG.py
[2026-06-04T05:12:43.207+0000] {processor.py:839} INFO - DAG(s) dict_keys(['daily_vulnerability_ingestion']) retrieved from /opt/airflow/dags/S3_UPLOAD_DAG.py
[2026-06-04T05:12:43.226+0000] {logging_mixin.py:154} INFO - [2026-06-04T05:12:43.225+0000] {dag.py:2941} INFO - Sync 1 DAGs
[2026-06-04T05:12:43.241+0000] {logging_mixin.py:154} INFO - [2026-06-04T05:12:43.241+0000] {dag.py:3722} INFO - Setting next_dagrun for daily_vulnerability_ingestion to 2026-06-03T14:52:05.384041+00:00, run_after=2026-06-04T14:52:05.384041+00:00
[2026-06-04T05:12:43.253+0000] {processor.py:179} INFO - Processing /opt/airflow/dags/S3_UPLOAD_DAG.py took 0.065 seconds
[2026-06-04T05:13:13.424+0000] {processor.py:157} INFO - Started process (PID=1675) to work on /opt/airflow/dags/S3_UPLOAD_DAG.py
[2026-06-04T05:13:13.433+0000] {processor.py:829} INFO - Processing file /opt/airflow/dags/S3_UPLOAD_DAG.py for tasks to queue
[2026-06-04T05:13:13.435+0000] {logging_mixin.py:154} INFO - [2026-06-04T05:13:13.434+0000] {dagbag.py:536} INFO - Filling up the DagBag from /opt/airflow/dags/S3_UPLOAD_DAG.py
[2026-06-04T05:13:13.459+0000] {processor.py:839} INFO - DAG(s) dict_keys(['daily_vulnerability_ingestion']) retrieved from /opt/airflow/dags/S3_UPLOAD_DAG.py
[2026-06-04T05:13:13.482+0000] {logging_mixin.py:154} INFO - [2026-06-04T05:13:13.482+0000] {dag.py:2941} INFO - Sync 1 DAGs
[2026-06-04T05:13:13.501+0000] {logging_mixin.py:154} INFO - [2026-06-04T05:13:13.501+0000] {dag.py:3722} INFO - Setting next_dagrun for daily_vulnerability_ingestion to 2026-06-03T14:52:05.384041+00:00, run_after=2026-06-04T14:52:05.384041+00:00
[2026-06-04T05:13:13.515+0000] {processor.py:179} INFO - Processing /opt/airflow/dags/S3_UPLOAD_DAG.py took 0.098 seconds
[2026-06-04T05:13:43.620+0000] {processor.py:157} INFO - Started process (PID=1680) to work on /opt/airflow/dags/S3_UPLOAD_DAG.py
[2026-06-04T05:13:43.620+0000] {processor.py:829} INFO - Processing file /opt/airflow/dags/S3_UPLOAD_DAG.py for tasks to queue
[2026-06-04T05:13:43.621+0000] {logging_mixin.py:154} INFO - [2026-06-04T05:13:43.621+0000] {dagbag.py:536} INFO - Filling up the DagBag from /opt/airflow/dags/S3_UPLOAD_DAG.py
[2026-06-04T05:13:43.630+0000] {processor.py:839} INFO - DAG(s) dict_keys(['daily_vulnerability_ingestion']) retrieved from /opt/airflow/dags/S3_UPLOAD_DAG.py
[2026-06-04T05:13:43.647+0000] {logging_mixin.py:154} INFO - [2026-06-04T05:13:43.647+0000] {dag.py:2941} INFO - Sync 1 DAGs
[2026-06-04T05:13:43.661+0000] {logging_mixin.py:154} INFO - [2026-06-04T05:13:43.661+0000] {dag.py:3722} INFO - Setting next_dagrun for daily_vulnerability_ingestion to 2026-06-03T14:52:05.384041+00:00, run_after=2026-06-04T14:52:05.384041+00:00
[2026-06-04T05:13:43.672+0000] {processor.py:179} INFO - Processing /opt/airflow/dags/S3_UPLOAD_DAG.py took 0.054 seconds
[2026-06-04T05:14:13.850+0000] {processor.py:157} INFO - Started process (PID=1685) to work on /opt/airflow/dags/S3_UPLOAD_DAG.py
[2026-06-04T05:14:13.851+0000] {processor.py:829} INFO - Processing file /opt/airflow/dags/S3_UPLOAD_DAG.py for tasks to queue
[2026-06-04T05:14:13.851+0000] {logging_mixin.py:154} INFO - [2026-06-04T05:14:13.851+0000] {dagbag.py:536} INFO - Filling up the DagBag from /opt/airflow/dags/S3_UPLOAD_DAG.py
[2026-06-04T05:14:13.862+0000] {processor.py:839} INFO - DAG(s) dict_keys(['daily_vulnerability_ingestion']) retrieved from /opt/airflow/dags/S3_UPLOAD_DAG.py
[2026-06-04T05:14:13.879+0000] {logging_mixin.py:154} INFO - [2026-06-04T05:14:13.878+0000] {dag.py:2941} INFO - Sync 1 DAGs
[2026-06-04T05:14:13.893+0000] {logging_mixin.py:154} INFO - [2026-06-04T05:14:13.893+0000] {dag.py:3722} INFO - Setting next_dagrun for daily_vulnerability_ingestion to 2026-06-03T14:52:05.384041+00:00, run_after=2026-06-04T14:52:05.384041+00:00
[2026-06-04T05:14:13.904+0000] {processor.py:179} INFO - Processing /opt/airflow/dags/S3_UPLOAD_DAG.py took 0.058 seconds
[2026-06-04T05:14:44.096+0000] {processor.py:157} INFO - Started process (PID=1690) to work on /opt/airflow/dags/S3_UPLOAD_DAG.py
[2026-06-04T05:14:44.097+0000] {processor.py:829} INFO - Processing file /opt/airflow/dags/S3_UPLOAD_DAG.py for tasks to queue
[2026-06-04T05:14:44.098+0000] {logging_mixin.py:154} INFO - [2026-06-04T05:14:44.098+0000] {dagbag.py:536} INFO - Filling up the DagBag from /opt/airflow/dags/S3_UPLOAD_DAG.py
[2026-06-04T05:14:44.116+0000] {processor.py:839} INFO - DAG(s) dict_keys(['daily_vulnerability_ingestion']) retrieved from /opt/airflow/dags/S3_UPLOAD_DAG.py
[2026-06-04T05:14:44.135+0000] {logging_mixin.py:154} INFO - [2026-06-04T05:14:44.135+0000] {dag.py:2941} INFO - Sync 1 DAGs
[2026-06-04T05:14:44.150+0000] {logging_mixin.py:154} INFO - [2026-06-04T05:14:44.150+0000] {dag.py:3722} INFO - Setting next_dagrun for daily_vulnerability_ingestion to 2026-06-03T14:52:05.384041+00:00, run_after=2026-06-04T14:52:05.384041+00:00
[2026-06-04T05:14:44.169+0000] {processor.py:179} INFO - Processing /opt/airflow/dags/S3_UPLOAD_DAG.py took 0.078 seconds
[2026-06-04T05:15:14.287+0000] {processor.py:157} INFO - Started process (PID=1695) to work on /opt/airflow/dags/S3_UPLOAD_DAG.py
[2026-06-04T05:15:14.296+0000] {processor.py:829} INFO - Processing file /opt/airflow/dags/S3_UPLOAD_DAG.py for tasks to queue
[2026-06-04T05:15:14.297+0000] {logging_mixin.py:154} INFO - [2026-06-04T05:15:14.296+0000] {dagbag.py:536} INFO - Filling up the DagBag from /opt/airflow/dags/S3_UPLOAD_DAG.py
[2026-06-04T05:15:14.309+0000] {processor.py:839} INFO - DAG(s) dict_keys(['daily_vulnerability_ingestion']) retrieved from /opt/airflow/dags/S3_UPLOAD_DAG.py
[2026-06-04T05:15:14.337+0000] {logging_mixin.py:154} INFO - [2026-06-04T05:15:14.337+0000] {dag.py:2941} INFO - Sync 1 DAGs
[2026-06-04T05:15:14.357+0000] {logging_mixin.py:154} INFO - [2026-06-04T05:15:14.356+0000] {dag.py:3722} INFO - Setting next_dagrun for daily_vulnerability_ingestion to 2026-06-03T14:52:05.384041+00:00, run_after=2026-06-04T14:52:05.384041+00:00
[2026-06-04T05:15:14.369+0000] {processor.py:179} INFO - Processing /opt/airflow/dags/S3_UPLOAD_DAG.py took 0.085 seconds
[2026-06-04T05:15:44.543+0000] {processor.py:157} INFO - Started process (PID=1700) to work on /opt/airflow/dags/S3_UPLOAD_DAG.py
[2026-06-04T05:15:44.543+0000] {processor.py:829} INFO - Processing file /opt/airflow/dags/S3_UPLOAD_DAG.py for tasks to queue
[2026-06-04T05:15:44.544+0000] {logging_mixin.py:154} INFO - [2026-06-04T05:15:44.544+0000] {dagbag.py:536} INFO - Filling up the DagBag from /opt/airflow/dags/S3_UPLOAD_DAG.py
[2026-06-04T05:15:44.558+0000] {processor.py:839} INFO - DAG(s) dict_keys(['daily_vulnerability_ingestion']) retrieved from /opt/airflow/dags/S3_UPLOAD_DAG.py
[2026-06-04T05:15:44.578+0000] {logging_mixin.py:154} INFO - [2026-06-04T05:15:44.578+0000] {dag.py:2941} INFO - Sync 1 DAGs
[2026-06-04T05:15:44.592+0000] {logging_mixin.py:154} INFO - [2026-06-04T05:15:44.592+0000] {dag.py:3722} INFO - Setting next_dagrun for daily_vulnerability_ingestion to 2026-06-03T14:52:05.384041+00:00, run_after=2026-06-04T14:52:05.384041+00:00
[2026-06-04T05:15:44.603+0000] {processor.py:179} INFO - Processing /opt/airflow/dags/S3_UPLOAD_DAG.py took 0.065 seconds
[2026-06-04T05:19:14.137+0000] {processor.py:157} INFO - Started process (PID=150) to work on /opt/airflow/dags/S3_UPLOAD_DAG.py
[2026-06-04T05:19:14.138+0000] {processor.py:829} INFO - Processing file /opt/airflow/dags/S3_UPLOAD_DAG.py for tasks to queue
[2026-06-04T05:19:14.139+0000] {logging_mixin.py:154} INFO - [2026-06-04T05:19:14.139+0000] {dagbag.py:536} INFO - Filling up the DagBag from /opt/airflow/dags/S3_UPLOAD_DAG.py
[2026-06-04T05:19:14.159+0000] {processor.py:839} INFO - DAG(s) dict_keys(['daily_vulnerability_ingestion']) retrieved from /opt/airflow/dags/S3_UPLOAD_DAG.py
[2026-06-04T05:19:14.189+0000] {logging_mixin.py:154} INFO - [2026-06-04T05:19:14.189+0000] {dag.py:2941} INFO - Sync 1 DAGs
[2026-06-04T05:19:14.220+0000] {logging_mixin.py:154} INFO - [2026-06-04T05:19:14.220+0000] {dag.py:3722} INFO - Setting next_dagrun for daily_vulnerability_ingestion to 2026-06-03T14:52:05.384041+00:00, run_after=2026-06-04T14:52:05.384041+00:00
[2026-06-04T05:19:14.239+0000] {processor.py:179} INFO - Processing /opt/airflow/dags/S3_UPLOAD_DAG.py took 0.105 seconds
[2026-06-04T05:19:44.297+0000] {processor.py:157} INFO - Started process (PID=155) to work on /opt/airflow/dags/S3_UPLOAD_DAG.py
[2026-06-04T05:19:44.299+0000] {processor.py:829} INFO - Processing file /opt/airflow/dags/S3_UPLOAD_DAG.py for tasks to queue
[2026-06-04T05:19:44.300+0000] {logging_mixin.py:154} INFO - [2026-06-04T05:19:44.299+0000] {dagbag.py:536} INFO - Filling up the DagBag from /opt/airflow/dags/S3_UPLOAD_DAG.py
[2026-06-04T05:19:44.315+0000] {processor.py:839} INFO - DAG(s) dict_keys(['daily_vulnerability_ingestion']) retrieved from /opt/airflow/dags/S3_UPLOAD_DAG.py
[2026-06-04T05:19:44.334+0000] {logging_mixin.py:154} INFO - [2026-06-04T05:19:44.334+0000] {dag.py:2941} INFO - Sync 1 DAGs
[2026-06-04T05:19:44.349+0000] {logging_mixin.py:154} INFO - [2026-06-04T05:19:44.349+0000] {dag.py:3722} INFO - Setting next_dagrun for daily_vulnerability_ingestion to 2026-06-03T14:52:05.384041+00:00, run_after=2026-06-04T14:52:05.384041+00:00
[2026-06-04T05:19:44.361+0000] {processor.py:179} INFO - Processing /opt/airflow/dags/S3_UPLOAD_DAG.py took 0.071 seconds
[2026-06-04T05:20:14.503+0000] {processor.py:157} INFO - Started process (PID=160) to work on /opt/airflow/dags/S3_UPLOAD_DAG.py
[2026-06-04T05:20:14.504+0000] {processor.py:829} INFO - Processing file /opt/airflow/dags/S3_UPLOAD_DAG.py for tasks to queue
[2026-06-04T05:20:14.505+0000] {logging_mixin.py:154} INFO - [2026-06-04T05:20:14.505+0000] {dagbag.py:536} INFO - Filling up the DagBag from /opt/airflow/dags/S3_UPLOAD_DAG.py
[2026-06-04T05:20:14.521+0000] {processor.py:839} INFO - DAG(s) dict_keys(['daily_vulnerability_ingestion']) retrieved from /opt/airflow/dags/S3_UPLOAD_DAG.py
[2026-06-04T05:20:14.551+0000] {logging_mixin.py:154} INFO - [2026-06-04T05:20:14.551+0000] {dag.py:2941} INFO - Sync 1 DAGs
[2026-06-04T05:20:14.579+0000] {logging_mixin.py:154} INFO - [2026-06-04T05:20:14.578+0000] {dag.py:3722} INFO - Setting next_dagrun for daily_vulnerability_ingestion to 2026-06-03T14:52:05.384041+00:00, run_after=2026-06-04T14:52:05.384041+00:00
[2026-06-04T05:20:14.598+0000] {processor.py:179} INFO - Processing /opt/airflow/dags/S3_UPLOAD_DAG.py took 0.098 seconds
[2026-06-04T05:20:44.640+0000] {processor.py:157} INFO - Started process (PID=165) to work on /opt/airflow/dags/S3_UPLOAD_DAG.py
[2026-06-04T05:20:44.641+0000] {processor.py:829} INFO - Processing file /opt/airflow/dags/S3_UPLOAD_DAG.py for tasks to queue
[2026-06-04T05:20:44.642+0000] {logging_mixin.py:154} INFO - [2026-06-04T05:20:44.642+0000] {dagbag.py:536} INFO - Filling up the DagBag from /opt/airflow/dags/S3_UPLOAD_DAG.py
[2026-06-04T05:20:44.657+0000] {processor.py:839} INFO - DAG(s) dict_keys(['daily_vulnerability_ingestion']) retrieved from /opt/airflow/dags/S3_UPLOAD_DAG.py
[2026-06-04T05:20:44.679+0000] {logging_mixin.py:154} INFO - [2026-06-04T05:20:44.679+0000] {dag.py:2941} INFO - Sync 1 DAGs
[2026-06-04T05:20:44.695+0000] {logging_mixin.py:154} INFO - [2026-06-04T05:20:44.695+0000] {dag.py:3722} INFO - Setting next_dagrun for daily_vulnerability_ingestion to 2026-06-03T14:52:05.384041+00:00, run_after=2026-06-04T14:52:05.384041+00:00
[2026-06-04T05:20:44.709+0000] {processor.py:179} INFO - Processing /opt/airflow/dags/S3_UPLOAD_DAG.py took 0.072 seconds
[2026-06-04T05:21:14.819+0000] {processor.py:157} INFO - Started process (PID=170) to work on /opt/airflow/dags/S3_UPLOAD_DAG.py
[2026-06-04T05:21:14.820+0000] {processor.py:829} INFO - Processing file /opt/airflow/dags/S3_UPLOAD_DAG.py for tasks to queue
[2026-06-04T05:21:14.821+0000] {logging_mixin.py:154} INFO - [2026-06-04T05:21:14.821+0000] {dagbag.py:536} INFO - Filling up the DagBag from /opt/airflow/dags/S3_UPLOAD_DAG.py
[2026-06-04T05:21:14.834+0000] {processor.py:839} INFO - DAG(s) dict_keys(['daily_vulnerability_ingestion']) retrieved from /opt/airflow/dags/S3_UPLOAD_DAG.py
[2026-06-04T05:21:14.853+0000] {logging_mixin.py:154} INFO - [2026-06-04T05:21:14.853+0000] {dag.py:2941} INFO - Sync 1 DAGs
[2026-06-04T05:21:14.870+0000] {logging_mixin.py:154} INFO - [2026-06-04T05:21:14.870+0000] {dag.py:3722} INFO - Setting next_dagrun for daily_vulnerability_ingestion to 2026-06-03T14:52:05.384041+00:00, run_after=2026-06-04T14:52:05.384041+00:00
[2026-06-04T05:21:14.882+0000] {processor.py:179} INFO - Processing /opt/airflow/dags/S3_UPLOAD_DAG.py took 0.068 seconds
[2026-06-04T05:21:44.990+0000] {processor.py:157} INFO - Started process (PID=175) to work on /opt/airflow/dags/S3_UPLOAD_DAG.py
[2026-06-04T05:21:44.991+0000] {processor.py:829} INFO - Processing file /opt/airflow/dags/S3_UPLOAD_DAG.py for tasks to queue
[2026-06-04T05:21:44.991+0000] {logging_mixin.py:154} INFO - [2026-06-04T05:21:44.991+0000] {dagbag.py:536} INFO - Filling up the DagBag from /opt/airflow/dags/S3_UPLOAD_DAG.py
[2026-06-04T05:21:45.002+0000] {processor.py:839} INFO - DAG(s) dict_keys(['daily_vulnerability_ingestion']) retrieved from /opt/airflow/dags/S3_UPLOAD_DAG.py
[2026-06-04T05:21:45.020+0000] {logging_mixin.py:154} INFO - [2026-06-04T05:21:45.020+0000] {dag.py:2941} INFO - Sync 1 DAGs
[2026-06-04T05:21:45.036+0000] {logging_mixin.py:154} INFO - [2026-06-04T05:21:45.036+0000] {dag.py:3722} INFO - Setting next_dagrun for daily_vulnerability_ingestion to 2026-06-03T14:52:05.384041+00:00, run_after=2026-06-04T14:52:05.384041+00:00
[2026-06-04T05:21:45.048+0000] {processor.py:179} INFO - Processing /opt/airflow/dags/S3_UPLOAD_DAG.py took 0.060 seconds
[2026-06-04T05:22:15.123+0000] {processor.py:157} INFO - Started process (PID=180) to work on /opt/airflow/dags/S3_UPLOAD_DAG.py
[2026-06-04T05:22:15.132+0000] {processor.py:829} INFO - Processing file /opt/airflow/dags/S3_UPLOAD_DAG.py for tasks to queue
[2026-06-04T05:22:15.133+0000] {logging_mixin.py:154} INFO - [2026-06-04T05:22:15.133+0000] {dagbag.py:536} INFO - Filling up the DagBag from /opt/airflow/dags/S3_UPLOAD_DAG.py
[2026-06-04T05:22:15.144+0000] {processor.py:839} INFO - DAG(s) dict_keys(['daily_vulnerability_ingestion']) retrieved from /opt/airflow/dags/S3_UPLOAD_DAG.py
[2026-06-04T05:22:15.163+0000] {logging_mixin.py:154} INFO - [2026-06-04T05:22:15.163+0000] {dag.py:2941} INFO - Sync 1 DAGs
[2026-06-04T05:22:15.181+0000] {logging_mixin.py:154} INFO - [2026-06-04T05:22:15.180+0000] {dag.py:3722} INFO - Setting next_dagrun for daily_vulnerability_ingestion to 2026-06-03T14:52:05.384041+00:00, run_after=2026-06-04T14:52:05.384041+00:00
[2026-06-04T05:22:15.194+0000] {processor.py:179} INFO - Processing /opt/airflow/dags/S3_UPLOAD_DAG.py took 0.073 seconds
[2026-06-04T05:22:45.278+0000] {processor.py:157} INFO - Started process (PID=185) to work on /opt/airflow/dags/S3_UPLOAD_DAG.py
[2026-06-04T05:22:45.278+0000] {processor.py:829} INFO - Processing file /opt/airflow/dags/S3_UPLOAD_DAG.py for tasks to queue
[2026-06-04T05:22:45.279+0000] {logging_mixin.py:154} INFO - [2026-06-04T05:22:45.279+0000] {dagbag.py:536} INFO - Filling up the DagBag from /opt/airflow/dags/S3_UPLOAD_DAG.py
[2026-06-04T05:22:45.290+0000] {processor.py:839} INFO - DAG(s) dict_keys(['daily_vulnerability_ingestion']) retrieved from /opt/airflow/dags/S3_UPLOAD_DAG.py
[2026-06-04T05:22:45.308+0000] {logging_mixin.py:154} INFO - [2026-06-04T05:22:45.307+0000] {dag.py:2941} INFO - Sync 1 DAGs
[2026-06-04T05:22:45.323+0000] {logging_mixin.py:154} INFO - [2026-06-04T05:22:45.323+0000] {dag.py:3722} INFO - Setting next_dagrun for daily_vulnerability_ingestion to 2026-06-03T14:52:05.384041+00:00, run_after=2026-06-04T14:52:05.384041+00:00
[2026-06-04T05:22:45.335+0000] {processor.py:179} INFO - Processing /opt/airflow/dags/S3_UPLOAD_DAG.py took 0.060 seconds
[2026-06-04T05:23:15.477+0000] {processor.py:157} INFO - Started process (PID=190) to work on /opt/airflow/dags/S3_UPLOAD_DAG.py
[2026-06-04T05:23:15.486+0000] {processor.py:829} INFO - Processing file /opt/airflow/dags/S3_UPLOAD_DAG.py for tasks to queue
[2026-06-04T05:23:15.487+0000] {logging_mixin.py:154} INFO - [2026-06-04T05:23:15.486+0000] {dagbag.py:536} INFO - Filling up the DagBag from /opt/airflow/dags/S3_UPLOAD_DAG.py
[2026-06-04T05:23:15.497+0000] {processor.py:839} INFO - DAG(s) dict_keys(['daily_vulnerability_ingestion']) retrieved from /opt/airflow/dags/S3_UPLOAD_DAG.py
[2026-06-04T05:23:15.515+0000] {logging_mixin.py:154} INFO - [2026-06-04T05:23:15.515+0000] {dag.py:2941} INFO - Sync 1 DAGs
[2026-06-04T05:23:15.530+0000] {logging_mixin.py:154} INFO - [2026-06-04T05:23:15.530+0000] {dag.py:3722} INFO - Setting next_dagrun for daily_vulnerability_ingestion to 2026-06-03T14:52:05.384041+00:00, run_after=2026-06-04T14:52:05.384041+00:00
[2026-06-04T05:23:15.542+0000] {processor.py:179} INFO - Processing /opt/airflow/dags/S3_UPLOAD_DAG.py took 0.067 seconds
[2026-06-04T05:23:45.617+0000] {processor.py:157} INFO - Started process (PID=195) to work on /opt/airflow/dags/S3_UPLOAD_DAG.py
[2026-06-04T05:23:45.618+0000] {processor.py:829} INFO - Processing file /opt/airflow/dags/S3_UPLOAD_DAG.py for tasks to queue
[2026-06-04T05:23:45.618+0000] {logging_mixin.py:154} INFO - [2026-06-04T05:23:45.618+0000] {dagbag.py:536} INFO - Filling up the DagBag from /opt/airflow/dags/S3_UPLOAD_DAG.py
[2026-06-04T05:23:45.628+0000] {processor.py:839} INFO - DAG(s) dict_keys(['daily_vulnerability_ingestion']) retrieved from /opt/airflow/dags/S3_UPLOAD_DAG.py
[2026-06-04T05:23:45.646+0000] {logging_mixin.py:154} INFO - [2026-06-04T05:23:45.646+0000] {dag.py:2941} INFO - Sync 1 DAGs
[2026-06-04T05:23:45.662+0000] {logging_mixin.py:154} INFO - [2026-06-04T05:23:45.661+0000] {dag.py:3722} INFO - Setting next_dagrun for daily_vulnerability_ingestion to 2026-06-03T14:52:05.384041+00:00, run_after=2026-06-04T14:52:05.384041+00:00
[2026-06-04T05:23:45.675+0000] {processor.py:179} INFO - Processing /opt/airflow/dags/S3_UPLOAD_DAG.py took 0.060 seconds
[2026-06-04T05:24:15.845+0000] {processor.py:157} INFO - Started process (PID=200) to work on /opt/airflow/dags/S3_UPLOAD_DAG.py
[2026-06-04T05:24:15.854+0000] {processor.py:829} INFO - Processing file /opt/airflow/dags/S3_UPLOAD_DAG.py for tasks to queue
[2026-06-04T05:24:15.855+0000] {logging_mixin.py:154} INFO - [2026-06-04T05:24:15.854+0000] {dagbag.py:536} INFO - Filling up the DagBag from /opt/airflow/dags/S3_UPLOAD_DAG.py
[2026-06-04T05:24:15.866+0000] {processor.py:839} INFO - DAG(s) dict_keys(['daily_vulnerability_ingestion']) retrieved from /opt/airflow/dags/S3_UPLOAD_DAG.py
[2026-06-04T05:24:15.885+0000] {logging_mixin.py:154} INFO - [2026-06-04T05:24:15.885+0000] {dag.py:2941} INFO - Sync 1 DAGs
[2026-06-04T05:24:15.904+0000] {logging_mixin.py:154} INFO - [2026-06-04T05:24:15.904+0000] {dag.py:3722} INFO - Setting next_dagrun for daily_vulnerability_ingestion to 2026-06-03T14:52:05.384041+00:00, run_after=2026-06-04T14:52:05.384041+00:00
[2026-06-04T05:24:15.922+0000] {processor.py:179} INFO - Processing /opt/airflow/dags/S3_UPLOAD_DAG.py took 0.080 seconds
[2026-06-04T05:24:46.018+0000] {processor.py:157} INFO - Started process (PID=205) to work on /opt/airflow/dags/S3_UPLOAD_DAG.py
[2026-06-04T05:24:46.019+0000] {processor.py:829} INFO - Processing file /opt/airflow/dags/S3_UPLOAD_DAG.py for tasks to queue
[2026-06-04T05:24:46.019+0000] {logging_mixin.py:154} INFO - [2026-06-04T05:24:46.019+0000] {dagbag.py:536} INFO - Filling up the DagBag from /opt/airflow/dags/S3_UPLOAD_DAG.py
[2026-06-04T05:24:46.037+0000] {processor.py:839} INFO - DAG(s) dict_keys(['daily_vulnerability_ingestion']) retrieved from /opt/airflow/dags/S3_UPLOAD_DAG.py
[2026-06-04T05:24:46.064+0000] {logging_mixin.py:154} INFO - [2026-06-04T05:24:46.064+0000] {dag.py:2941} INFO - Sync 1 DAGs
[2026-06-04T05:24:46.083+0000] {logging_mixin.py:154} INFO - [2026-06-04T05:24:46.083+0000] {dag.py:3722} INFO - Setting next_dagrun for daily_vulnerability_ingestion to 2026-06-03T14:52:05.384041+00:00, run_after=2026-06-04T14:52:05.384041+00:00
[2026-06-04T05:24:46.102+0000] {processor.py:179} INFO - Processing /opt/airflow/dags/S3_UPLOAD_DAG.py took 0.088 seconds
[2026-06-04T05:25:16.300+0000] {processor.py:157} INFO - Started process (PID=210) to work on /opt/airflow/dags/S3_UPLOAD_DAG.py
[2026-06-04T05:25:16.310+0000] {processor.py:829} INFO - Processing file /opt/airflow/dags/S3_UPLOAD_DAG.py for tasks to queue
[2026-06-04T05:25:16.311+0000] {logging_mixin.py:154} INFO - [2026-06-04T05:25:16.311+0000] {dagbag.py:536} INFO - Filling up the DagBag from /opt/airflow/dags/S3_UPLOAD_DAG.py
[2026-06-04T05:25:16.333+0000] {processor.py:839} INFO - DAG(s) dict_keys(['daily_vulnerability_ingestion']) retrieved from /opt/airflow/dags/S3_UPLOAD_DAG.py
[2026-06-04T05:25:16.374+0000] {logging_mixin.py:154} INFO - [2026-06-04T05:25:16.373+0000] {dag.py:2941} INFO - Sync 1 DAGs
[2026-06-04T05:25:16.414+0000] {logging_mixin.py:154} INFO - [2026-06-04T05:25:16.414+0000] {dag.py:3722} INFO - Setting next_dagrun for daily_vulnerability_ingestion to 2026-06-03T14:52:05.384041+00:00, run_after=2026-06-04T14:52:05.384041+00:00
[2026-06-04T05:25:16.437+0000] {processor.py:179} INFO - Processing /opt/airflow/dags/S3_UPLOAD_DAG.py took 0.147 seconds
[2026-06-04T05:25:46.526+0000] {processor.py:157} INFO - Started process (PID=215) to work on /opt/airflow/dags/S3_UPLOAD_DAG.py
[2026-06-04T05:25:46.527+0000] {processor.py:829} INFO - Processing file /opt/airflow/dags/S3_UPLOAD_DAG.py for tasks to queue
[2026-06-04T05:25:46.529+0000] {logging_mixin.py:154} INFO - [2026-06-04T05:25:46.529+0000] {dagbag.py:536} INFO - Filling up the DagBag from /opt/airflow/dags/S3_UPLOAD_DAG.py
[2026-06-04T05:25:46.549+0000] {processor.py:839} INFO - DAG(s) dict_keys(['daily_vulnerability_ingestion']) retrieved from /opt/airflow/dags/S3_UPLOAD_DAG.py
[2026-06-04T05:25:46.571+0000] {logging_mixin.py:154} INFO - [2026-06-04T05:25:46.570+0000] {dag.py:2941} INFO - Sync 1 DAGs
[2026-06-04T05:25:46.586+0000] {logging_mixin.py:154} INFO - [2026-06-04T05:25:46.585+0000] {dag.py:3722} INFO - Setting next_dagrun for daily_vulnerability_ingestion to 2026-06-03T14:52:05.384041+00:00, run_after=2026-06-04T14:52:05.384041+00:00
[2026-06-04T05:25:46.598+0000] {processor.py:179} INFO - Processing /opt/airflow/dags/S3_UPLOAD_DAG.py took 0.081 seconds
[2026-06-04T05:26:16.685+0000] {processor.py:157} INFO - Started process (PID=220) to work on /opt/airflow/dags/S3_UPLOAD_DAG.py
[2026-06-04T05:26:16.694+0000] {processor.py:829} INFO - Processing file /opt/airflow/dags/S3_UPLOAD_DAG.py for tasks to queue
[2026-06-04T05:26:16.695+0000] {logging_mixin.py:154} INFO - [2026-06-04T05:26:16.695+0000] {dagbag.py:536} INFO - Filling up the DagBag from /opt/airflow/dags/S3_UPLOAD_DAG.py
[2026-06-04T05:26:16.710+0000] {processor.py:839} INFO - DAG(s) dict_keys(['daily_vulnerability_ingestion']) retrieved from /opt/airflow/dags/S3_UPLOAD_DAG.py
[2026-06-04T05:26:16.730+0000] {logging_mixin.py:154} INFO - [2026-06-04T05:26:16.730+0000] {dag.py:2941} INFO - Sync 1 DAGs
[2026-06-04T05:26:16.748+0000] {logging_mixin.py:154} INFO - [2026-06-04T05:26:16.748+0000] {dag.py:3722} INFO - Setting next_dagrun for daily_vulnerability_ingestion to 2026-06-03T14:52:05.384041+00:00, run_after=2026-06-04T14:52:05.384041+00:00
[2026-06-04T05:26:16.760+0000] {processor.py:179} INFO - Processing /opt/airflow/dags/S3_UPLOAD_DAG.py took 0.078 seconds
[2026-06-04T05:26:46.909+0000] {processor.py:157} INFO - Started process (PID=225) to work on /opt/airflow/dags/S3_UPLOAD_DAG.py
[2026-06-04T05:26:46.912+0000] {processor.py:829} INFO - Processing file /opt/airflow/dags/S3_UPLOAD_DAG.py for tasks to queue
[2026-06-04T05:26:46.915+0000] {logging_mixin.py:154} INFO - [2026-06-04T05:26:46.914+0000] {dagbag.py:536} INFO - Filling up the DagBag from /opt/airflow/dags/S3_UPLOAD_DAG.py
[2026-06-04T05:26:46.962+0000] {processor.py:839} INFO - DAG(s) dict_keys(['daily_vulnerability_ingestion']) retrieved from /opt/airflow/dags/S3_UPLOAD_DAG.py
[2026-06-04T05:26:47.000+0000] {logging_mixin.py:154} INFO - [2026-06-04T05:26:47.000+0000] {dag.py:2941} INFO - Sync 1 DAGs
[2026-06-04T05:26:47.027+0000] {logging_mixin.py:154} INFO - [2026-06-04T05:26:47.026+0000] {dag.py:3722} INFO - Setting next_dagrun for daily_vulnerability_ingestion to 2026-06-03T14:52:05.384041+00:00, run_after=2026-06-04T14:52:05.384041+00:00
[2026-06-04T05:26:47.048+0000] {processor.py:179} INFO - Processing /opt/airflow/dags/S3_UPLOAD_DAG.py took 0.151 seconds
[2026-06-04T05:27:17.141+0000] {processor.py:157} INFO - Started process (PID=230) to work on /opt/airflow/dags/S3_UPLOAD_DAG.py
[2026-06-04T05:27:17.142+0000] {processor.py:829} INFO - Processing file /opt/airflow/dags/S3_UPLOAD_DAG.py for tasks to queue
[2026-06-04T05:27:17.142+0000] {logging_mixin.py:154} INFO - [2026-06-04T05:27:17.142+0000] {dagbag.py:536} INFO - Filling up the DagBag from /opt/airflow/dags/S3_UPLOAD_DAG.py
[2026-06-04T05:27:17.153+0000] {processor.py:839} INFO - DAG(s) dict_keys(['daily_vulnerability_ingestion']) retrieved from /opt/airflow/dags/S3_UPLOAD_DAG.py
[2026-06-04T05:27:17.177+0000] {logging_mixin.py:154} INFO - [2026-06-04T05:27:17.177+0000] {dag.py:2941} INFO - Sync 1 DAGs
[2026-06-04T05:27:17.198+0000] {logging_mixin.py:154} INFO - [2026-06-04T05:27:17.197+0000] {dag.py:3722} INFO - Setting next_dagrun for daily_vulnerability_ingestion to 2026-06-03T14:52:05.384041+00:00, run_after=2026-06-04T14:52:05.384041+00:00
[2026-06-04T05:27:17.214+0000] {processor.py:179} INFO - Processing /opt/airflow/dags/S3_UPLOAD_DAG.py took 0.075 seconds
[2026-06-04T05:27:47.345+0000] {processor.py:157} INFO - Started process (PID=235) to work on /opt/airflow/dags/S3_UPLOAD_DAG.py
[2026-06-04T05:27:47.346+0000] {processor.py:829} INFO - Processing file /opt/airflow/dags/S3_UPLOAD_DAG.py for tasks to queue
[2026-06-04T05:27:47.347+0000] {logging_mixin.py:154} INFO - [2026-06-04T05:27:47.347+0000] {dagbag.py:536} INFO - Filling up the DagBag from /opt/airflow/dags/S3_UPLOAD_DAG.py
[2026-06-04T05:27:47.364+0000] {processor.py:839} INFO - DAG(s) dict_keys(['daily_vulnerability_ingestion']) retrieved from /opt/airflow/dags/S3_UPLOAD_DAG.py
[2026-06-04T05:27:47.384+0000] {logging_mixin.py:154} INFO - [2026-06-04T05:27:47.384+0000] {dag.py:2941} INFO - Sync 1 DAGs
[2026-06-04T05:27:47.402+0000] {logging_mixin.py:154} INFO - [2026-06-04T05:27:47.402+0000] {dag.py:3722} INFO - Setting next_dagrun for daily_vulnerability_ingestion to 2026-06-03T14:52:05.384041+00:00, run_after=2026-06-04T14:52:05.384041+00:00
[2026-06-04T05:27:47.415+0000] {processor.py:179} INFO - Processing /opt/airflow/dags/S3_UPLOAD_DAG.py took 0.075 seconds
[2026-06-04T05:28:17.580+0000] {processor.py:157} INFO - Started process (PID=240) to work on /opt/airflow/dags/S3_UPLOAD_DAG.py
[2026-06-04T05:28:17.589+0000] {processor.py:829} INFO - Processing file /opt/airflow/dags/S3_UPLOAD_DAG.py for tasks to queue
[2026-06-04T05:28:17.589+0000] {logging_mixin.py:154} INFO - [2026-06-04T05:28:17.589+0000] {dagbag.py:536} INFO - Filling up the DagBag from /opt/airflow/dags/S3_UPLOAD_DAG.py
[2026-06-04T05:28:17.604+0000] {processor.py:839} INFO - DAG(s) dict_keys(['daily_vulnerability_ingestion']) retrieved from /opt/airflow/dags/S3_UPLOAD_DAG.py
[2026-06-04T05:28:17.625+0000] {logging_mixin.py:154} INFO - [2026-06-04T05:28:17.625+0000] {dag.py:2941} INFO - Sync 1 DAGs
[2026-06-04T05:28:17.644+0000] {logging_mixin.py:154} INFO - [2026-06-04T05:28:17.644+0000] {dag.py:3722} INFO - Setting next_dagrun for daily_vulnerability_ingestion to 2026-06-03T14:52:05.384041+00:00, run_after=2026-06-04T14:52:05.384041+00:00
[2026-06-04T05:28:17.659+0000] {processor.py:179} INFO - Processing /opt/airflow/dags/S3_UPLOAD_DAG.py took 0.083 seconds
[2026-06-04T05:28:47.791+0000] {processor.py:157} INFO - Started process (PID=245) to work on /opt/airflow/dags/S3_UPLOAD_DAG.py
[2026-06-04T05:28:47.792+0000] {processor.py:829} INFO - Processing file /opt/airflow/dags/S3_UPLOAD_DAG.py for tasks to queue
[2026-06-04T05:28:47.793+0000] {logging_mixin.py:154} INFO - [2026-06-04T05:28:47.793+0000] {dagbag.py:536} INFO - Filling up the DagBag from /opt/airflow/dags/S3_UPLOAD_DAG.py
[2026-06-04T05:28:47.814+0000] {processor.py:839} INFO - DAG(s) dict_keys(['daily_vulnerability_ingestion']) retrieved from /opt/airflow/dags/S3_UPLOAD_DAG.py
[2026-06-04T05:28:47.839+0000] {logging_mixin.py:154} INFO - [2026-06-04T05:28:47.838+0000] {dag.py:2941} INFO - Sync 1 DAGs
[2026-06-04T05:28:47.855+0000] {logging_mixin.py:154} INFO - [2026-06-04T05:28:47.855+0000] {dag.py:3722} INFO - Setting next_dagrun for daily_vulnerability_ingestion to 2026-06-03T14:52:05.384041+00:00, run_after=2026-06-04T14:52:05.384041+00:00
[2026-06-04T05:28:47.868+0000] {processor.py:179} INFO - Processing /opt/airflow/dags/S3_UPLOAD_DAG.py took 0.082 seconds
[2026-06-04T05:29:18.105+0000] {processor.py:157} INFO - Started process (PID=250) to work on /opt/airflow/dags/S3_UPLOAD_DAG.py
[2026-06-04T05:29:18.116+0000] {processor.py:829} INFO - Processing file /opt/airflow/dags/S3_UPLOAD_DAG.py for tasks to queue
[2026-06-04T05:29:18.118+0000] {logging_mixin.py:154} INFO - [2026-06-04T05:29:18.117+0000] {dagbag.py:536} INFO - Filling up the DagBag from /opt/airflow/dags/S3_UPLOAD_DAG.py
[2026-06-04T05:29:18.157+0000] {processor.py:839} INFO - DAG(s) dict_keys(['daily_vulnerability_ingestion']) retrieved from /opt/airflow/dags/S3_UPLOAD_DAG.py
[2026-06-04T05:29:18.187+0000] {logging_mixin.py:154} INFO - [2026-06-04T05:29:18.187+0000] {dag.py:2941} INFO - Sync 1 DAGs
[2026-06-04T05:29:18.206+0000] {logging_mixin.py:154} INFO - [2026-06-04T05:29:18.206+0000] {dag.py:3722} INFO - Setting next_dagrun for daily_vulnerability_ingestion to 2026-06-03T14:52:05.384041+00:00, run_after=2026-06-04T14:52:05.384041+00:00
[2026-06-04T05:29:18.219+0000] {processor.py:179} INFO - Processing /opt/airflow/dags/S3_UPLOAD_DAG.py took 0.126 seconds
[2026-06-04T05:29:48.300+0000] {processor.py:157} INFO - Started process (PID=255) to work on /opt/airflow/dags/S3_UPLOAD_DAG.py
[2026-06-04T05:29:48.301+0000] {processor.py:829} INFO - Processing file /opt/airflow/dags/S3_UPLOAD_DAG.py for tasks to queue
[2026-06-04T05:29:48.302+0000] {logging_mixin.py:154} INFO - [2026-06-04T05:29:48.302+0000] {dagbag.py:536} INFO - Filling up the DagBag from /opt/airflow/dags/S3_UPLOAD_DAG.py
[2026-06-04T05:29:48.316+0000] {processor.py:839} INFO - DAG(s) dict_keys(['daily_vulnerability_ingestion']) retrieved from /opt/airflow/dags/S3_UPLOAD_DAG.py
[2026-06-04T05:29:48.336+0000] {logging_mixin.py:154} INFO - [2026-06-04T05:29:48.336+0000] {dag.py:2941} INFO - Sync 1 DAGs
[2026-06-04T05:29:48.353+0000] {logging_mixin.py:154} INFO - [2026-06-04T05:29:48.353+0000] {dag.py:3722} INFO - Setting next_dagrun for daily_vulnerability_ingestion to 2026-06-03T14:52:05.384041+00:00, run_after=2026-06-04T14:52:05.384041+00:00
[2026-06-04T05:29:48.369+0000] {processor.py:179} INFO - Processing /opt/airflow/dags/S3_UPLOAD_DAG.py took 0.076 seconds
[2026-06-04T05:30:18.485+0000] {processor.py:157} INFO - Started process (PID=260) to work on /opt/airflow/dags/S3_UPLOAD_DAG.py
[2026-06-04T05:30:18.494+0000] {processor.py:829} INFO - Processing file /opt/airflow/dags/S3_UPLOAD_DAG.py for tasks to queue
[2026-06-04T05:30:18.496+0000] {logging_mixin.py:154} INFO - [2026-06-04T05:30:18.495+0000] {dagbag.py:536} INFO - Filling up the DagBag from /opt/airflow/dags/S3_UPLOAD_DAG.py
[2026-06-04T05:30:18.507+0000] {processor.py:839} INFO - DAG(s) dict_keys(['daily_vulnerability_ingestion']) retrieved from /opt/airflow/dags/S3_UPLOAD_DAG.py
[2026-06-04T05:30:18.529+0000] {logging_mixin.py:154} INFO - [2026-06-04T05:30:18.529+0000] {dag.py:2941} INFO - Sync 1 DAGs
[2026-06-04T05:30:18.546+0000] {logging_mixin.py:154} INFO - [2026-06-04T05:30:18.546+0000] {dag.py:3722} INFO - Setting next_dagrun for daily_vulnerability_ingestion to 2026-06-03T14:52:05.384041+00:00, run_after=2026-06-04T14:52:05.384041+00:00
[2026-06-04T05:30:18.559+0000] {processor.py:179} INFO - Processing /opt/airflow/dags/S3_UPLOAD_DAG.py took 0.076 seconds
[2026-06-04T05:30:48.778+0000] {processor.py:157} INFO - Started process (PID=265) to work on /opt/airflow/dags/S3_UPLOAD_DAG.py
[2026-06-04T05:30:48.780+0000] {processor.py:829} INFO - Processing file /opt/airflow/dags/S3_UPLOAD_DAG.py for tasks to queue
[2026-06-04T05:30:48.782+0000] {logging_mixin.py:154} INFO - [2026-06-04T05:30:48.781+0000] {dagbag.py:536} INFO - Filling up the DagBag from /opt/airflow/dags/S3_UPLOAD_DAG.py
[2026-06-04T05:30:48.835+0000] {processor.py:839} INFO - DAG(s) dict_keys(['daily_vulnerability_ingestion']) retrieved from /opt/airflow/dags/S3_UPLOAD_DAG.py
[2026-06-04T05:30:48.871+0000] {logging_mixin.py:154} INFO - [2026-06-04T05:30:48.870+0000] {dag.py:2941} INFO - Sync 1 DAGs
[2026-06-04T05:30:48.891+0000] {logging_mixin.py:154} INFO - [2026-06-04T05:30:48.891+0000] {dag.py:3722} INFO - Setting next_dagrun for daily_vulnerability_ingestion to 2026-06-03T14:52:05.384041+00:00, run_after=2026-06-04T14:52:05.384041+00:00
[2026-06-04T05:30:48.915+0000] {processor.py:179} INFO - Processing /opt/airflow/dags/S3_UPLOAD_DAG.py took 0.149 seconds
[2026-06-04T05:31:18.998+0000] {processor.py:157} INFO - Started process (PID=270) to work on /opt/airflow/dags/S3_UPLOAD_DAG.py
[2026-06-04T05:31:19.008+0000] {processor.py:829} INFO - Processing file /opt/airflow/dags/S3_UPLOAD_DAG.py for tasks to queue
[2026-06-04T05:31:19.009+0000] {logging_mixin.py:154} INFO - [2026-06-04T05:31:19.009+0000] {dagbag.py:536} INFO - Filling up the DagBag from /opt/airflow/dags/S3_UPLOAD_DAG.py
[2026-06-04T05:31:19.030+0000] {processor.py:839} INFO - DAG(s) dict_keys(['daily_vulnerability_ingestion']) retrieved from /opt/airflow/dags/S3_UPLOAD_DAG.py
[2026-06-04T05:31:19.049+0000] {logging_mixin.py:154} INFO - [2026-06-04T05:31:19.049+0000] {dag.py:2941} INFO - Sync 1 DAGs
[2026-06-04T05:31:19.066+0000] {logging_mixin.py:154} INFO - [2026-06-04T05:31:19.066+0000] {dag.py:3722} INFO - Setting next_dagrun for daily_vulnerability_ingestion to 2026-06-03T14:52:05.384041+00:00, run_after=2026-06-04T14:52:05.384041+00:00
[2026-06-04T05:31:19.078+0000] {processor.py:179} INFO - Processing /opt/airflow/dags/S3_UPLOAD_DAG.py took 0.089 seconds
[2026-06-04T05:31:49.177+0000] {processor.py:157} INFO - Started process (PID=275) to work on /opt/airflow/dags/S3_UPLOAD_DAG.py
[2026-06-04T05:31:49.178+0000] {processor.py:829} INFO - Processing file /opt/airflow/dags/S3_UPLOAD_DAG.py for tasks to queue
[2026-06-04T05:31:49.179+0000] {logging_mixin.py:154} INFO - [2026-06-04T05:31:49.179+0000] {dagbag.py:536} INFO - Filling up the DagBag from /opt/airflow/dags/S3_UPLOAD_DAG.py
[2026-06-04T05:31:49.195+0000] {processor.py:839} INFO - DAG(s) dict_keys(['daily_vulnerability_ingestion']) retrieved from /opt/airflow/dags/S3_UPLOAD_DAG.py
[2026-06-04T05:31:49.214+0000] {logging_mixin.py:154} INFO - [2026-06-04T05:31:49.213+0000] {dag.py:2941} INFO - Sync 1 DAGs
[2026-06-04T05:31:49.235+0000] {logging_mixin.py:154} INFO - [2026-06-04T05:31:49.234+0000] {dag.py:3722} INFO - Setting next_dagrun for daily_vulnerability_ingestion to 2026-06-03T14:52:05.384041+00:00, run_after=2026-06-04T14:52:05.384041+00:00
[2026-06-04T05:31:49.249+0000] {processor.py:179} INFO - Processing /opt/airflow/dags/S3_UPLOAD_DAG.py took 0.078 seconds
[2026-06-04T05:32:19.418+0000] {processor.py:157} INFO - Started process (PID=280) to work on /opt/airflow/dags/S3_UPLOAD_DAG.py
[2026-06-04T05:32:19.427+0000] {processor.py:829} INFO - Processing file /opt/airflow/dags/S3_UPLOAD_DAG.py for tasks to queue
[2026-06-04T05:32:19.428+0000] {logging_mixin.py:154} INFO - [2026-06-04T05:32:19.428+0000] {dagbag.py:536} INFO - Filling up the DagBag from /opt/airflow/dags/S3_UPLOAD_DAG.py
[2026-06-04T05:32:19.445+0000] {processor.py:839} INFO - DAG(s) dict_keys(['daily_vulnerability_ingestion']) retrieved from /opt/airflow/dags/S3_UPLOAD_DAG.py
[2026-06-04T05:32:19.465+0000] {logging_mixin.py:154} INFO - [2026-06-04T05:32:19.465+0000] {dag.py:2941} INFO - Sync 1 DAGs
[2026-06-04T05:32:19.484+0000] {logging_mixin.py:154} INFO - [2026-06-04T05:32:19.484+0000] {dag.py:3722} INFO - Setting next_dagrun for daily_vulnerability_ingestion to 2026-06-03T14:52:05.384041+00:00, run_after=2026-06-04T14:52:05.384041+00:00
[2026-06-04T05:32:19.497+0000] {processor.py:179} INFO - Processing /opt/airflow/dags/S3_UPLOAD_DAG.py took 0.083 seconds
[2026-06-04T05:32:49.660+0000] {processor.py:157} INFO - Started process (PID=285) to work on /opt/airflow/dags/S3_UPLOAD_DAG.py
[2026-06-04T05:32:49.662+0000] {processor.py:829} INFO - Processing file /opt/airflow/dags/S3_UPLOAD_DAG.py for tasks to queue
[2026-06-04T05:32:49.664+0000] {logging_mixin.py:154} INFO - [2026-06-04T05:32:49.663+0000] {dagbag.py:536} INFO - Filling up the DagBag from /opt/airflow/dags/S3_UPLOAD_DAG.py
[2026-06-04T05:32:49.716+0000] {processor.py:839} INFO - DAG(s) dict_keys(['daily_vulnerability_ingestion']) retrieved from /opt/airflow/dags/S3_UPLOAD_DAG.py
[2026-06-04T05:32:49.749+0000] {logging_mixin.py:154} INFO - [2026-06-04T05:32:49.749+0000] {dag.py:2941} INFO - Sync 1 DAGs
[2026-06-04T05:32:49.768+0000] {logging_mixin.py:154} INFO - [2026-06-04T05:32:49.768+0000] {dag.py:3722} INFO - Setting next_dagrun for daily_vulnerability_ingestion to 2026-06-03T14:52:05.384041+00:00, run_after=2026-06-04T14:52:05.384041+00:00
[2026-06-04T05:32:49.784+0000] {processor.py:179} INFO - Processing /opt/airflow/dags/S3_UPLOAD_DAG.py took 0.135 seconds
[2026-06-04T05:33:19.921+0000] {processor.py:157} INFO - Started process (PID=290) to work on /opt/airflow/dags/S3_UPLOAD_DAG.py
[2026-06-04T05:33:19.932+0000] {processor.py:829} INFO - Processing file /opt/airflow/dags/S3_UPLOAD_DAG.py for tasks to queue
[2026-06-04T05:33:19.934+0000] {logging_mixin.py:154} INFO - [2026-06-04T05:33:19.933+0000] {dagbag.py:536} INFO - Filling up the DagBag from /opt/airflow/dags/S3_UPLOAD_DAG.py
[2026-06-04T05:33:19.987+0000] {processor.py:839} INFO - DAG(s) dict_keys(['daily_vulnerability_ingestion']) retrieved from /opt/airflow/dags/S3_UPLOAD_DAG.py
[2026-06-04T05:33:20.053+0000] {logging_mixin.py:154} INFO - [2026-06-04T05:33:20.053+0000] {dag.py:2941} INFO - Sync 1 DAGs
[2026-06-04T05:33:20.107+0000] {logging_mixin.py:154} INFO - [2026-06-04T05:33:20.107+0000] {dag.py:3722} INFO - Setting next_dagrun for daily_vulnerability_ingestion to 2026-06-03T14:52:05.384041+00:00, run_after=2026-06-04T14:52:05.384041+00:00
[2026-06-04T05:33:20.131+0000] {processor.py:179} INFO - Processing /opt/airflow/dags/S3_UPLOAD_DAG.py took 0.220 seconds
[2026-06-04T05:33:50.176+0000] {processor.py:157} INFO - Started process (PID=295) to work on /opt/airflow/dags/S3_UPLOAD_DAG.py
[2026-06-04T05:33:50.177+0000] {processor.py:829} INFO - Processing file /opt/airflow/dags/S3_UPLOAD_DAG.py for tasks to queue
[2026-06-04T05:33:50.178+0000] {logging_mixin.py:154} INFO - [2026-06-04T05:33:50.177+0000] {dagbag.py:536} INFO - Filling up the DagBag from /opt/airflow/dags/S3_UPLOAD_DAG.py
[2026-06-04T05:33:50.190+0000] {processor.py:839} INFO - DAG(s) dict_keys(['daily_vulnerability_ingestion']) retrieved from /opt/airflow/dags/S3_UPLOAD_DAG.py
[2026-06-04T05:33:50.211+0000] {logging_mixin.py:154} INFO - [2026-06-04T05:33:50.211+0000] {dag.py:2941} INFO - Sync 1 DAGs
[2026-06-04T05:33:50.227+0000] {logging_mixin.py:154} INFO - [2026-06-04T05:33:50.226+0000] {dag.py:3722} INFO - Setting next_dagrun for daily_vulnerability_ingestion to 2026-06-03T14:52:05.384041+00:00, run_after=2026-06-04T14:52:05.384041+00:00
[2026-06-04T05:33:50.239+0000] {processor.py:179} INFO - Processing /opt/airflow/dags/S3_UPLOAD_DAG.py took 0.068 seconds
[2026-06-04T05:34:20.447+0000] {processor.py:157} INFO - Started process (PID=300) to work on /opt/airflow/dags/S3_UPLOAD_DAG.py
[2026-06-04T05:34:20.458+0000] {processor.py:829} INFO - Processing file /opt/airflow/dags/S3_UPLOAD_DAG.py for tasks to queue
[2026-06-04T05:34:20.460+0000] {logging_mixin.py:154} INFO - [2026-06-04T05:34:20.459+0000] {dagbag.py:536} INFO - Filling up the DagBag from /opt/airflow/dags/S3_UPLOAD_DAG.py
[2026-06-04T05:34:20.507+0000] {processor.py:839} INFO - DAG(s) dict_keys(['daily_vulnerability_ingestion']) retrieved from /opt/airflow/dags/S3_UPLOAD_DAG.py
[2026-06-04T05:34:20.544+0000] {logging_mixin.py:154} INFO - [2026-06-04T05:34:20.544+0000] {dag.py:2941} INFO - Sync 1 DAGs
[2026-06-04T05:34:20.576+0000] {logging_mixin.py:154} INFO - [2026-06-04T05:34:20.576+0000] {dag.py:3722} INFO - Setting next_dagrun for daily_vulnerability_ingestion to 2026-06-03T14:52:05.384041+00:00, run_after=2026-06-04T14:52:05.384041+00:00
[2026-06-04T05:34:20.598+0000] {processor.py:179} INFO - Processing /opt/airflow/dags/S3_UPLOAD_DAG.py took 0.163 seconds
[2026-06-04T05:34:50.845+0000] {processor.py:157} INFO - Started process (PID=305) to work on /opt/airflow/dags/S3_UPLOAD_DAG.py
[2026-06-04T05:34:50.847+0000] {processor.py:829} INFO - Processing file /opt/airflow/dags/S3_UPLOAD_DAG.py for tasks to queue
[2026-06-04T05:34:50.850+0000] {logging_mixin.py:154} INFO - [2026-06-04T05:34:50.849+0000] {dagbag.py:536} INFO - Filling up the DagBag from /opt/airflow/dags/S3_UPLOAD_DAG.py
[2026-06-04T05:34:50.892+0000] {processor.py:839} INFO - DAG(s) dict_keys(['daily_vulnerability_ingestion']) retrieved from /opt/airflow/dags/S3_UPLOAD_DAG.py
[2026-06-04T05:34:50.926+0000] {logging_mixin.py:154} INFO - [2026-06-04T05:34:50.926+0000] {dag.py:2941} INFO - Sync 1 DAGs
[2026-06-04T05:34:50.946+0000] {logging_mixin.py:154} INFO - [2026-06-04T05:34:50.946+0000] {dag.py:3722} INFO - Setting next_dagrun for daily_vulnerability_ingestion to 2026-06-03T14:52:05.384041+00:00, run_after=2026-06-04T14:52:05.384041+00:00
[2026-06-04T05:34:50.971+0000] {processor.py:179} INFO - Processing /opt/airflow/dags/S3_UPLOAD_DAG.py took 0.138 seconds
[2026-06-04T05:35:21.051+0000] {processor.py:157} INFO - Started process (PID=310) to work on /opt/airflow/dags/S3_UPLOAD_DAG.py
[2026-06-04T05:35:21.061+0000] {processor.py:829} INFO - Processing file /opt/airflow/dags/S3_UPLOAD_DAG.py for tasks to queue
[2026-06-04T05:35:21.064+0000] {logging_mixin.py:154} INFO - [2026-06-04T05:35:21.063+0000] {dagbag.py:536} INFO - Filling up the DagBag from /opt/airflow/dags/S3_UPLOAD_DAG.py
[2026-06-04T05:35:21.112+0000] {processor.py:839} INFO - DAG(s) dict_keys(['daily_vulnerability_ingestion']) retrieved from /opt/airflow/dags/S3_UPLOAD_DAG.py
[2026-06-04T05:35:21.157+0000] {logging_mixin.py:154} INFO - [2026-06-04T05:35:21.157+0000] {dag.py:2941} INFO - Sync 1 DAGs
[2026-06-04T05:35:21.188+0000] {logging_mixin.py:154} INFO - [2026-06-04T05:35:21.188+0000] {dag.py:3722} INFO - Setting next_dagrun for daily_vulnerability_ingestion to 2026-06-03T14:52:05.384041+00:00, run_after=2026-06-04T14:52:05.384041+00:00
[2026-06-04T05:35:21.209+0000] {processor.py:179} INFO - Processing /opt/airflow/dags/S3_UPLOAD_DAG.py took 0.170 seconds
[2026-06-04T05:35:51.413+0000] {processor.py:157} INFO - Started process (PID=315) to work on /opt/airflow/dags/S3_UPLOAD_DAG.py
[2026-06-04T05:35:51.414+0000] {processor.py:829} INFO - Processing file /opt/airflow/dags/S3_UPLOAD_DAG.py for tasks to queue
[2026-06-04T05:35:51.416+0000] {logging_mixin.py:154} INFO - [2026-06-04T05:35:51.415+0000] {dagbag.py:536} INFO - Filling up the DagBag from /opt/airflow/dags/S3_UPLOAD_DAG.py
[2026-06-04T05:35:51.439+0000] {processor.py:839} INFO - DAG(s) dict_keys(['daily_vulnerability_ingestion']) retrieved from /opt/airflow/dags/S3_UPLOAD_DAG.py
[2026-06-04T05:35:51.460+0000] {logging_mixin.py:154} INFO - [2026-06-04T05:35:51.460+0000] {dag.py:2941} INFO - Sync 1 DAGs
[2026-06-04T05:35:51.477+0000] {logging_mixin.py:154} INFO - [2026-06-04T05:35:51.477+0000] {dag.py:3722} INFO - Setting next_dagrun for daily_vulnerability_ingestion to 2026-06-03T14:52:05.384041+00:00, run_after=2026-06-04T14:52:05.384041+00:00
[2026-06-04T05:35:51.491+0000] {processor.py:179} INFO - Processing /opt/airflow/dags/S3_UPLOAD_DAG.py took 0.087 seconds
[2026-06-04T05:36:21.644+0000] {processor.py:157} INFO - Started process (PID=320) to work on /opt/airflow/dags/S3_UPLOAD_DAG.py
[2026-06-04T05:36:21.653+0000] {processor.py:829} INFO - Processing file /opt/airflow/dags/S3_UPLOAD_DAG.py for tasks to queue
[2026-06-04T05:36:21.654+0000] {logging_mixin.py:154} INFO - [2026-06-04T05:36:21.654+0000] {dagbag.py:536} INFO - Filling up the DagBag from /opt/airflow/dags/S3_UPLOAD_DAG.py
[2026-06-04T05:36:21.666+0000] {processor.py:839} INFO - DAG(s) dict_keys(['daily_vulnerability_ingestion']) retrieved from /opt/airflow/dags/S3_UPLOAD_DAG.py
[2026-06-04T05:36:21.685+0000] {logging_mixin.py:154} INFO - [2026-06-04T05:36:21.685+0000] {dag.py:2941} INFO - Sync 1 DAGs
[2026-06-04T05:36:21.704+0000] {logging_mixin.py:154} INFO - [2026-06-04T05:36:21.704+0000] {dag.py:3722} INFO - Setting next_dagrun for daily_vulnerability_ingestion to 2026-06-03T14:52:05.384041+00:00, run_after=2026-06-04T14:52:05.384041+00:00
[2026-06-04T05:36:21.716+0000] {processor.py:179} INFO - Processing /opt/airflow/dags/S3_UPLOAD_DAG.py took 0.076 seconds
[2026-06-04T05:36:51.918+0000] {processor.py:157} INFO - Started process (PID=325) to work on /opt/airflow/dags/S3_UPLOAD_DAG.py
[2026-06-04T05:36:51.920+0000] {processor.py:829} INFO - Processing file /opt/airflow/dags/S3_UPLOAD_DAG.py for tasks to queue
[2026-06-04T05:36:51.922+0000] {logging_mixin.py:154} INFO - [2026-06-04T05:36:51.921+0000] {dagbag.py:536} INFO - Filling up the DagBag from /opt/airflow/dags/S3_UPLOAD_DAG.py
[2026-06-04T05:36:51.966+0000] {processor.py:839} INFO - DAG(s) dict_keys(['daily_vulnerability_ingestion']) retrieved from /opt/airflow/dags/S3_UPLOAD_DAG.py
[2026-06-04T05:36:52.002+0000] {logging_mixin.py:154} INFO - [2026-06-04T05:36:52.001+0000] {dag.py:2941} INFO - Sync 1 DAGs
[2026-06-04T05:36:52.025+0000] {logging_mixin.py:154} INFO - [2026-06-04T05:36:52.025+0000] {dag.py:3722} INFO - Setting next_dagrun for daily_vulnerability_ingestion to 2026-06-03T14:52:05.384041+00:00, run_after=2026-06-04T14:52:05.384041+00:00
[2026-06-04T05:36:52.052+0000] {processor.py:179} INFO - Processing /opt/airflow/dags/S3_UPLOAD_DAG.py took 0.143 seconds
[2026-06-04T05:37:22.157+0000] {processor.py:157} INFO - Started process (PID=330) to work on /opt/airflow/dags/S3_UPLOAD_DAG.py
[2026-06-04T05:37:22.159+0000] {processor.py:829} INFO - Processing file /opt/airflow/dags/S3_UPLOAD_DAG.py for tasks to queue
[2026-06-04T05:37:22.161+0000] {logging_mixin.py:154} INFO - [2026-06-04T05:37:22.160+0000] {dagbag.py:536} INFO - Filling up the DagBag from /opt/airflow/dags/S3_UPLOAD_DAG.py
[2026-06-04T05:37:22.180+0000] {processor.py:839} INFO - DAG(s) dict_keys(['daily_vulnerability_ingestion']) retrieved from /opt/airflow/dags/S3_UPLOAD_DAG.py
[2026-06-04T05:37:22.201+0000] {logging_mixin.py:154} INFO - [2026-06-04T05:37:22.201+0000] {dag.py:2941} INFO - Sync 1 DAGs
[2026-06-04T05:37:22.217+0000] {logging_mixin.py:154} INFO - [2026-06-04T05:37:22.217+0000] {dag.py:3722} INFO - Setting next_dagrun for daily_vulnerability_ingestion to 2026-06-03T14:52:05.384041+00:00, run_after=2026-06-04T14:52:05.384041+00:00
[2026-06-04T05:37:22.230+0000] {processor.py:179} INFO - Processing /opt/airflow/dags/S3_UPLOAD_DAG.py took 0.081 seconds
[2026-06-04T05:37:52.435+0000] {processor.py:157} INFO - Started process (PID=335) to work on /opt/airflow/dags/S3_UPLOAD_DAG.py
[2026-06-04T05:37:52.436+0000] {processor.py:829} INFO - Processing file /opt/airflow/dags/S3_UPLOAD_DAG.py for tasks to queue
[2026-06-04T05:37:52.437+0000] {logging_mixin.py:154} INFO - [2026-06-04T05:37:52.437+0000] {dagbag.py:536} INFO - Filling up the DagBag from /opt/airflow/dags/S3_UPLOAD_DAG.py
[2026-06-04T05:37:52.452+0000] {processor.py:839} INFO - DAG(s) dict_keys(['daily_vulnerability_ingestion']) retrieved from /opt/airflow/dags/S3_UPLOAD_DAG.py
[2026-06-04T05:37:52.479+0000] {logging_mixin.py:154} INFO - [2026-06-04T05:37:52.479+0000] {dag.py:2941} INFO - Sync 1 DAGs
[2026-06-04T05:37:52.501+0000] {logging_mixin.py:154} INFO - [2026-06-04T05:37:52.501+0000] {dag.py:3722} INFO - Setting next_dagrun for daily_vulnerability_ingestion to 2026-06-03T14:52:05.384041+00:00, run_after=2026-06-04T14:52:05.384041+00:00
[2026-06-04T05:37:52.514+0000] {processor.py:179} INFO - Processing /opt/airflow/dags/S3_UPLOAD_DAG.py took 0.082 seconds
[2026-06-04T05:38:22.654+0000] {processor.py:157} INFO - Started process (PID=340) to work on /opt/airflow/dags/S3_UPLOAD_DAG.py
[2026-06-04T05:38:22.656+0000] {processor.py:829} INFO - Processing file /opt/airflow/dags/S3_UPLOAD_DAG.py for tasks to queue
[2026-06-04T05:38:22.659+0000] {logging_mixin.py:154} INFO - [2026-06-04T05:38:22.658+0000] {dagbag.py:536} INFO - Filling up the DagBag from /opt/airflow/dags/S3_UPLOAD_DAG.py
[2026-06-04T05:38:22.678+0000] {processor.py:839} INFO - DAG(s) dict_keys(['daily_vulnerability_ingestion']) retrieved from /opt/airflow/dags/S3_UPLOAD_DAG.py
[2026-06-04T05:38:22.701+0000] {logging_mixin.py:154} INFO - [2026-06-04T05:38:22.701+0000] {dag.py:2941} INFO - Sync 1 DAGs
[2026-06-04T05:38:22.719+0000] {logging_mixin.py:154} INFO - [2026-06-04T05:38:22.719+0000] {dag.py:3722} INFO - Setting next_dagrun for daily_vulnerability_ingestion to 2026-06-03T14:52:05.384041+00:00, run_after=2026-06-04T14:52:05.384041+00:00
[2026-06-04T05:38:22.733+0000] {processor.py:179} INFO - Processing /opt/airflow/dags/S3_UPLOAD_DAG.py took 0.088 seconds
[2026-06-04T05:38:52.897+0000] {processor.py:157} INFO - Started process (PID=345) to work on /opt/airflow/dags/S3_UPLOAD_DAG.py
[2026-06-04T05:38:52.899+0000] {processor.py:829} INFO - Processing file /opt/airflow/dags/S3_UPLOAD_DAG.py for tasks to queue
[2026-06-04T05:38:52.902+0000] {logging_mixin.py:154} INFO - [2026-06-04T05:38:52.901+0000] {dagbag.py:536} INFO - Filling up the DagBag from /opt/airflow/dags/S3_UPLOAD_DAG.py
[2026-06-04T05:38:52.948+0000] {processor.py:839} INFO - DAG(s) dict_keys(['daily_vulnerability_ingestion']) retrieved from /opt/airflow/dags/S3_UPLOAD_DAG.py
[2026-06-04T05:38:52.986+0000] {logging_mixin.py:154} INFO - [2026-06-04T05:38:52.986+0000] {dag.py:2941} INFO - Sync 1 DAGs
[2026-06-04T05:38:53.020+0000] {logging_mixin.py:154} INFO - [2026-06-04T05:38:53.019+0000] {dag.py:3722} INFO - Setting next_dagrun for daily_vulnerability_ingestion to 2026-06-03T14:52:05.384041+00:00, run_after=2026-06-04T14:52:05.384041+00:00
[2026-06-04T05:38:53.051+0000] {processor.py:179} INFO - Processing /opt/airflow/dags/S3_UPLOAD_DAG.py took 0.165 seconds
[2026-06-04T05:39:23.171+0000] {processor.py:157} INFO - Started process (PID=350) to work on /opt/airflow/dags/S3_UPLOAD_DAG.py
[2026-06-04T05:39:23.180+0000] {processor.py:829} INFO - Processing file /opt/airflow/dags/S3_UPLOAD_DAG.py for tasks to queue
[2026-06-04T05:39:23.181+0000] {logging_mixin.py:154} INFO - [2026-06-04T05:39:23.181+0000] {dagbag.py:536} INFO - Filling up the DagBag from /opt/airflow/dags/S3_UPLOAD_DAG.py
[2026-06-04T05:39:23.199+0000] {processor.py:839} INFO - DAG(s) dict_keys(['daily_vulnerability_ingestion']) retrieved from /opt/airflow/dags/S3_UPLOAD_DAG.py
[2026-06-04T05:39:23.219+0000] {logging_mixin.py:154} INFO - [2026-06-04T05:39:23.219+0000] {dag.py:2941} INFO - Sync 1 DAGs
[2026-06-04T05:39:23.240+0000] {logging_mixin.py:154} INFO - [2026-06-04T05:39:23.239+0000] {dag.py:3722} INFO - Setting next_dagrun for daily_vulnerability_ingestion to 2026-06-03T14:52:05.384041+00:00, run_after=2026-06-04T14:52:05.384041+00:00
[2026-06-04T05:39:23.253+0000] {processor.py:179} INFO - Processing /opt/airflow/dags/S3_UPLOAD_DAG.py took 0.085 seconds
[2026-06-04T05:39:53.462+0000] {processor.py:157} INFO - Started process (PID=355) to work on /opt/airflow/dags/S3_UPLOAD_DAG.py
[2026-06-04T05:39:53.463+0000] {processor.py:829} INFO - Processing file /opt/airflow/dags/S3_UPLOAD_DAG.py for tasks to queue
[2026-06-04T05:39:53.464+0000] {logging_mixin.py:154} INFO - [2026-06-04T05:39:53.464+0000] {dagbag.py:536} INFO - Filling up the DagBag from /opt/airflow/dags/S3_UPLOAD_DAG.py
[2026-06-04T05:39:53.477+0000] {processor.py:839} INFO - DAG(s) dict_keys(['daily_vulnerability_ingestion']) retrieved from /opt/airflow/dags/S3_UPLOAD_DAG.py
[2026-06-04T05:39:53.498+0000] {logging_mixin.py:154} INFO - [2026-06-04T05:39:53.498+0000] {dag.py:2941} INFO - Sync 1 DAGs
[2026-06-04T05:39:53.513+0000] {logging_mixin.py:154} INFO - [2026-06-04T05:39:53.513+0000] {dag.py:3722} INFO - Setting next_dagrun for daily_vulnerability_ingestion to 2026-06-03T14:52:05.384041+00:00, run_after=2026-06-04T14:52:05.384041+00:00
[2026-06-04T05:39:53.526+0000] {processor.py:179} INFO - Processing /opt/airflow/dags/S3_UPLOAD_DAG.py took 0.067 seconds
[2026-06-04T05:40:23.681+0000] {processor.py:157} INFO - Started process (PID=360) to work on /opt/airflow/dags/S3_UPLOAD_DAG.py
[2026-06-04T05:40:23.690+0000] {processor.py:829} INFO - Processing file /opt/airflow/dags/S3_UPLOAD_DAG.py for tasks to queue
[2026-06-04T05:40:23.692+0000] {logging_mixin.py:154} INFO - [2026-06-04T05:40:23.691+0000] {dagbag.py:536} INFO - Filling up the DagBag from /opt/airflow/dags/S3_UPLOAD_DAG.py
[2026-06-04T05:40:23.711+0000] {processor.py:839} INFO - DAG(s) dict_keys(['daily_vulnerability_ingestion']) retrieved from /opt/airflow/dags/S3_UPLOAD_DAG.py
[2026-06-04T05:40:23.731+0000] {logging_mixin.py:154} INFO - [2026-06-04T05:40:23.731+0000] {dag.py:2941} INFO - Sync 1 DAGs
[2026-06-04T05:40:23.747+0000] {logging_mixin.py:154} INFO - [2026-06-04T05:40:23.746+0000] {dag.py:3722} INFO - Setting next_dagrun for daily_vulnerability_ingestion to 2026-06-03T14:52:05.384041+00:00, run_after=2026-06-04T14:52:05.384041+00:00
[2026-06-04T05:40:23.761+0000] {processor.py:179} INFO - Processing /opt/airflow/dags/S3_UPLOAD_DAG.py took 0.089 seconds
[2026-06-04T05:40:53.906+0000] {processor.py:157} INFO - Started process (PID=365) to work on /opt/airflow/dags/S3_UPLOAD_DAG.py
[2026-06-04T05:40:53.907+0000] {processor.py:829} INFO - Processing file /opt/airflow/dags/S3_UPLOAD_DAG.py for tasks to queue
[2026-06-04T05:40:53.908+0000] {logging_mixin.py:154} INFO - [2026-06-04T05:40:53.908+0000] {dagbag.py:536} INFO - Filling up the DagBag from /opt/airflow/dags/S3_UPLOAD_DAG.py
[2026-06-04T05:40:53.925+0000] {processor.py:839} INFO - DAG(s) dict_keys(['daily_vulnerability_ingestion']) retrieved from /opt/airflow/dags/S3_UPLOAD_DAG.py
[2026-06-04T05:40:53.945+0000] {logging_mixin.py:154} INFO - [2026-06-04T05:40:53.945+0000] {dag.py:2941} INFO - Sync 1 DAGs
[2026-06-04T05:40:53.965+0000] {logging_mixin.py:154} INFO - [2026-06-04T05:40:53.965+0000] {dag.py:3722} INFO - Setting next_dagrun for daily_vulnerability_ingestion to 2026-06-03T14:52:05.384041+00:00, run_after=2026-06-04T14:52:05.384041+00:00
[2026-06-04T05:40:53.978+0000] {processor.py:179} INFO - Processing /opt/airflow/dags/S3_UPLOAD_DAG.py took 0.076 seconds
[2026-06-04T05:41:24.163+0000] {processor.py:157} INFO - Started process (PID=370) to work on /opt/airflow/dags/S3_UPLOAD_DAG.py
[2026-06-04T05:41:24.172+0000] {processor.py:829} INFO - Processing file /opt/airflow/dags/S3_UPLOAD_DAG.py for tasks to queue
[2026-06-04T05:41:24.173+0000] {logging_mixin.py:154} INFO - [2026-06-04T05:41:24.173+0000] {dagbag.py:536} INFO - Filling up the DagBag from /opt/airflow/dags/S3_UPLOAD_DAG.py
[2026-06-04T05:41:24.189+0000] {processor.py:839} INFO - DAG(s) dict_keys(['daily_vulnerability_ingestion']) retrieved from /opt/airflow/dags/S3_UPLOAD_DAG.py
[2026-06-04T05:41:24.207+0000] {logging_mixin.py:154} INFO - [2026-06-04T05:41:24.207+0000] {dag.py:2941} INFO - Sync 1 DAGs
[2026-06-04T05:41:24.223+0000] {logging_mixin.py:154} INFO - [2026-06-04T05:41:24.223+0000] {dag.py:3722} INFO - Setting next_dagrun for daily_vulnerability_ingestion to 2026-06-03T14:52:05.384041+00:00, run_after=2026-06-04T14:52:05.384041+00:00
[2026-06-04T05:41:24.237+0000] {processor.py:179} INFO - Processing /opt/airflow/dags/S3_UPLOAD_DAG.py took 0.078 seconds
[2026-06-04T05:41:54.401+0000] {processor.py:157} INFO - Started process (PID=375) to work on /opt/airflow/dags/S3_UPLOAD_DAG.py
[2026-06-04T05:41:54.403+0000] {processor.py:829} INFO - Processing file /opt/airflow/dags/S3_UPLOAD_DAG.py for tasks to queue
[2026-06-04T05:41:54.404+0000] {logging_mixin.py:154} INFO - [2026-06-04T05:41:54.404+0000] {dagbag.py:536} INFO - Filling up the DagBag from /opt/airflow/dags/S3_UPLOAD_DAG.py
[2026-06-04T05:41:54.428+0000] {processor.py:839} INFO - DAG(s) dict_keys(['daily_vulnerability_ingestion']) retrieved from /opt/airflow/dags/S3_UPLOAD_DAG.py
[2026-06-04T05:41:54.453+0000] {logging_mixin.py:154} INFO - [2026-06-04T05:41:54.452+0000] {dag.py:2941} INFO - Sync 1 DAGs
[2026-06-04T05:41:54.468+0000] {logging_mixin.py:154} INFO - [2026-06-04T05:41:54.468+0000] {dag.py:3722} INFO - Setting next_dagrun for daily_vulnerability_ingestion to 2026-06-03T14:52:05.384041+00:00, run_after=2026-06-04T14:52:05.384041+00:00
[2026-06-04T05:41:54.482+0000] {processor.py:179} INFO - Processing /opt/airflow/dags/S3_UPLOAD_DAG.py took 0.093 seconds
[2026-06-04T05:42:24.679+0000] {processor.py:157} INFO - Started process (PID=380) to work on /opt/airflow/dags/S3_UPLOAD_DAG.py
[2026-06-04T05:42:24.690+0000] {processor.py:829} INFO - Processing file /opt/airflow/dags/S3_UPLOAD_DAG.py for tasks to queue
[2026-06-04T05:42:24.692+0000] {logging_mixin.py:154} INFO - [2026-06-04T05:42:24.691+0000] {dagbag.py:536} INFO - Filling up the DagBag from /opt/airflow/dags/S3_UPLOAD_DAG.py
[2026-06-04T05:42:24.710+0000] {processor.py:839} INFO - DAG(s) dict_keys(['daily_vulnerability_ingestion']) retrieved from /opt/airflow/dags/S3_UPLOAD_DAG.py
[2026-06-04T05:42:24.732+0000] {logging_mixin.py:154} INFO - [2026-06-04T05:42:24.732+0000] {dag.py:2941} INFO - Sync 1 DAGs
[2026-06-04T05:42:24.749+0000] {logging_mixin.py:154} INFO - [2026-06-04T05:42:24.748+0000] {dag.py:3722} INFO - Setting next_dagrun for daily_vulnerability_ingestion to 2026-06-03T14:52:05.384041+00:00, run_after=2026-06-04T14:52:05.384041+00:00
[2026-06-04T05:42:24.761+0000] {processor.py:179} INFO - Processing /opt/airflow/dags/S3_UPLOAD_DAG.py took 0.091 seconds
[2026-06-04T05:42:54.935+0000] {processor.py:157} INFO - Started process (PID=385) to work on /opt/airflow/dags/S3_UPLOAD_DAG.py
[2026-06-04T05:42:54.938+0000] {processor.py:829} INFO - Processing file /opt/airflow/dags/S3_UPLOAD_DAG.py for tasks to queue
[2026-06-04T05:42:54.941+0000] {logging_mixin.py:154} INFO - [2026-06-04T05:42:54.940+0000] {dagbag.py:536} INFO - Filling up the DagBag from /opt/airflow/dags/S3_UPLOAD_DAG.py
[2026-06-04T05:42:54.984+0000] {processor.py:839} INFO - DAG(s) dict_keys(['daily_vulnerability_ingestion']) retrieved from /opt/airflow/dags/S3_UPLOAD_DAG.py
[2026-06-04T05:42:55.016+0000] {logging_mixin.py:154} INFO - [2026-06-04T05:42:55.016+0000] {dag.py:2941} INFO - Sync 1 DAGs
[2026-06-04T05:42:55.040+0000] {logging_mixin.py:154} INFO - [2026-06-04T05:42:55.040+0000] {dag.py:3722} INFO - Setting next_dagrun for daily_vulnerability_ingestion to 2026-06-03T14:52:05.384041+00:00, run_after=2026-06-04T14:52:05.384041+00:00
[2026-06-04T05:42:55.060+0000] {processor.py:179} INFO - Processing /opt/airflow/dags/S3_UPLOAD_DAG.py took 0.136 seconds
[2026-06-04T05:43:25.200+0000] {processor.py:157} INFO - Started process (PID=390) to work on /opt/airflow/dags/S3_UPLOAD_DAG.py
[2026-06-04T05:43:25.210+0000] {processor.py:829} INFO - Processing file /opt/airflow/dags/S3_UPLOAD_DAG.py for tasks to queue
[2026-06-04T05:43:25.212+0000] {logging_mixin.py:154} INFO - [2026-06-04T05:43:25.211+0000] {dagbag.py:536} INFO - Filling up the DagBag from /opt/airflow/dags/S3_UPLOAD_DAG.py
[2026-06-04T05:43:25.239+0000] {processor.py:839} INFO - DAG(s) dict_keys(['daily_vulnerability_ingestion']) retrieved from /opt/airflow/dags/S3_UPLOAD_DAG.py
[2026-06-04T05:43:25.281+0000] {logging_mixin.py:154} INFO - [2026-06-04T05:43:25.281+0000] {dag.py:2941} INFO - Sync 1 DAGs
[2026-06-04T05:43:25.304+0000] {logging_mixin.py:154} INFO - [2026-06-04T05:43:25.304+0000] {dag.py:3722} INFO - Setting next_dagrun for daily_vulnerability_ingestion to 2026-06-03T14:52:05.384041+00:00, run_after=2026-06-04T14:52:05.384041+00:00
[2026-06-04T05:43:25.326+0000] {processor.py:179} INFO - Processing /opt/airflow/dags/S3_UPLOAD_DAG.py took 0.132 seconds
[2026-06-04T05:43:55.510+0000] {processor.py:157} INFO - Started process (PID=395) to work on /opt/airflow/dags/S3_UPLOAD_DAG.py
[2026-06-04T05:43:55.512+0000] {processor.py:829} INFO - Processing file /opt/airflow/dags/S3_UPLOAD_DAG.py for tasks to queue
[2026-06-04T05:43:55.514+0000] {logging_mixin.py:154} INFO - [2026-06-04T05:43:55.514+0000] {dagbag.py:536} INFO - Filling up the DagBag from /opt/airflow/dags/S3_UPLOAD_DAG.py
[2026-06-04T05:43:55.536+0000] {processor.py:839} INFO - DAG(s) dict_keys(['daily_vulnerability_ingestion']) retrieved from /opt/airflow/dags/S3_UPLOAD_DAG.py
[2026-06-04T05:43:55.563+0000] {logging_mixin.py:154} INFO - [2026-06-04T05:43:55.562+0000] {dag.py:2941} INFO - Sync 1 DAGs
[2026-06-04T05:43:55.579+0000] {logging_mixin.py:154} INFO - [2026-06-04T05:43:55.579+0000] {dag.py:3722} INFO - Setting next_dagrun for daily_vulnerability_ingestion to 2026-06-03T14:52:05.384041+00:00, run_after=2026-06-04T14:52:05.384041+00:00
[2026-06-04T05:43:55.592+0000] {processor.py:179} INFO - Processing /opt/airflow/dags/S3_UPLOAD_DAG.py took 0.092 seconds
[2026-06-04T05:44:25.788+0000] {processor.py:157} INFO - Started process (PID=400) to work on /opt/airflow/dags/S3_UPLOAD_DAG.py
[2026-06-04T05:44:25.798+0000] {processor.py:829} INFO - Processing file /opt/airflow/dags/S3_UPLOAD_DAG.py for tasks to queue
[2026-06-04T05:44:25.800+0000] {logging_mixin.py:154} INFO - [2026-06-04T05:44:25.800+0000] {dagbag.py:536} INFO - Filling up the DagBag from /opt/airflow/dags/S3_UPLOAD_DAG.py
[2026-06-04T05:44:25.848+0000] {processor.py:839} INFO - DAG(s) dict_keys(['daily_vulnerability_ingestion']) retrieved from /opt/airflow/dags/S3_UPLOAD_DAG.py
[2026-06-04T05:44:25.906+0000] {logging_mixin.py:154} INFO - [2026-06-04T05:44:25.905+0000] {dag.py:2941} INFO - Sync 1 DAGs
[2026-06-04T05:44:25.964+0000] {logging_mixin.py:154} INFO - [2026-06-04T05:44:25.964+0000] {dag.py:3722} INFO - Setting next_dagrun for daily_vulnerability_ingestion to 2026-06-03T14:52:05.384041+00:00, run_after=2026-06-04T14:52:05.384041+00:00
[2026-06-04T05:44:25.994+0000] {processor.py:179} INFO - Processing /opt/airflow/dags/S3_UPLOAD_DAG.py took 0.217 seconds
[2026-06-04T05:44:56.238+0000] {processor.py:157} INFO - Started process (PID=405) to work on /opt/airflow/dags/S3_UPLOAD_DAG.py
[2026-06-04T05:44:56.241+0000] {processor.py:829} INFO - Processing file /opt/airflow/dags/S3_UPLOAD_DAG.py for tasks to queue
[2026-06-04T05:44:56.244+0000] {logging_mixin.py:154} INFO - [2026-06-04T05:44:56.243+0000] {dagbag.py:536} INFO - Filling up the DagBag from /opt/airflow/dags/S3_UPLOAD_DAG.py
[2026-06-04T05:44:56.276+0000] {processor.py:839} INFO - DAG(s) dict_keys(['daily_vulnerability_ingestion']) retrieved from /opt/airflow/dags/S3_UPLOAD_DAG.py
[2026-06-04T05:44:56.300+0000] {logging_mixin.py:154} INFO - [2026-06-04T05:44:56.300+0000] {dag.py:2941} INFO - Sync 1 DAGs
[2026-06-04T05:44:56.319+0000] {logging_mixin.py:154} INFO - [2026-06-04T05:44:56.319+0000] {dag.py:3722} INFO - Setting next_dagrun for daily_vulnerability_ingestion to 2026-06-03T14:52:05.384041+00:00, run_after=2026-06-04T14:52:05.384041+00:00
[2026-06-04T05:44:56.332+0000] {processor.py:179} INFO - Processing /opt/airflow/dags/S3_UPLOAD_DAG.py took 0.104 seconds
[2026-06-04T05:45:26.425+0000] {processor.py:157} INFO - Started process (PID=410) to work on /opt/airflow/dags/S3_UPLOAD_DAG.py
[2026-06-04T05:45:26.433+0000] {processor.py:829} INFO - Processing file /opt/airflow/dags/S3_UPLOAD_DAG.py for tasks to queue
[2026-06-04T05:45:26.434+0000] {logging_mixin.py:154} INFO - [2026-06-04T05:45:26.434+0000] {dagbag.py:536} INFO - Filling up the DagBag from /opt/airflow/dags/S3_UPLOAD_DAG.py
[2026-06-04T05:45:26.454+0000] {processor.py:839} INFO - DAG(s) dict_keys(['daily_vulnerability_ingestion']) retrieved from /opt/airflow/dags/S3_UPLOAD_DAG.py
[2026-06-04T05:45:26.479+0000] {logging_mixin.py:154} INFO - [2026-06-04T05:45:26.479+0000] {dag.py:2941} INFO - Sync 1 DAGs
[2026-06-04T05:45:26.497+0000] {logging_mixin.py:154} INFO - [2026-06-04T05:45:26.497+0000] {dag.py:3722} INFO - Setting next_dagrun for daily_vulnerability_ingestion to 2026-06-03T14:52:05.384041+00:00, run_after=2026-06-04T14:52:05.384041+00:00
[2026-06-04T05:45:26.512+0000] {processor.py:179} INFO - Processing /opt/airflow/dags/S3_UPLOAD_DAG.py took 0.092 seconds
[2026-06-04T05:45:56.679+0000] {processor.py:157} INFO - Started process (PID=415) to work on /opt/airflow/dags/S3_UPLOAD_DAG.py
[2026-06-04T05:45:56.680+0000] {processor.py:829} INFO - Processing file /opt/airflow/dags/S3_UPLOAD_DAG.py for tasks to queue
[2026-06-04T05:45:56.680+0000] {logging_mixin.py:154} INFO - [2026-06-04T05:45:56.680+0000] {dagbag.py:536} INFO - Filling up the DagBag from /opt/airflow/dags/S3_UPLOAD_DAG.py
[2026-06-04T05:45:56.692+0000] {processor.py:839} INFO - DAG(s) dict_keys(['daily_vulnerability_ingestion']) retrieved from /opt/airflow/dags/S3_UPLOAD_DAG.py
[2026-06-04T05:45:56.711+0000] {logging_mixin.py:154} INFO - [2026-06-04T05:45:56.711+0000] {dag.py:2941} INFO - Sync 1 DAGs
[2026-06-04T05:45:56.729+0000] {logging_mixin.py:154} INFO - [2026-06-04T05:45:56.729+0000] {dag.py:3722} INFO - Setting next_dagrun for daily_vulnerability_ingestion to 2026-06-03T14:52:05.384041+00:00, run_after=2026-06-04T14:52:05.384041+00:00
[2026-06-04T05:45:56.742+0000] {processor.py:179} INFO - Processing /opt/airflow/dags/S3_UPLOAD_DAG.py took 0.065 seconds
[2026-06-04T05:46:26.925+0000] {processor.py:157} INFO - Started process (PID=420) to work on /opt/airflow/dags/S3_UPLOAD_DAG.py
[2026-06-04T05:46:26.936+0000] {processor.py:829} INFO - Processing file /opt/airflow/dags/S3_UPLOAD_DAG.py for tasks to queue
[2026-06-04T05:46:26.939+0000] {logging_mixin.py:154} INFO - [2026-06-04T05:46:26.938+0000] {dagbag.py:536} INFO - Filling up the DagBag from /opt/airflow/dags/S3_UPLOAD_DAG.py
[2026-06-04T05:46:26.993+0000] {processor.py:839} INFO - DAG(s) dict_keys(['daily_vulnerability_ingestion']) retrieved from /opt/airflow/dags/S3_UPLOAD_DAG.py
[2026-06-04T05:46:27.041+0000] {logging_mixin.py:154} INFO - [2026-06-04T05:46:27.040+0000] {dag.py:2941} INFO - Sync 1 DAGs
[2026-06-04T05:46:27.063+0000] {logging_mixin.py:154} INFO - [2026-06-04T05:46:27.062+0000] {dag.py:3722} INFO - Setting next_dagrun for daily_vulnerability_ingestion to 2026-06-03T14:52:05.384041+00:00, run_after=2026-06-04T14:52:05.384041+00:00
[2026-06-04T05:46:27.075+0000] {processor.py:179} INFO - Processing /opt/airflow/dags/S3_UPLOAD_DAG.py took 0.162 seconds
[2026-06-04T05:46:57.159+0000] {processor.py:157} INFO - Started process (PID=425) to work on /opt/airflow/dags/S3_UPLOAD_DAG.py
[2026-06-04T05:46:57.161+0000] {processor.py:829} INFO - Processing file /opt/airflow/dags/S3_UPLOAD_DAG.py for tasks to queue
[2026-06-04T05:46:57.164+0000] {logging_mixin.py:154} INFO - [2026-06-04T05:46:57.163+0000] {dagbag.py:536} INFO - Filling up the DagBag from /opt/airflow/dags/S3_UPLOAD_DAG.py
[2026-06-04T05:46:57.207+0000] {processor.py:839} INFO - DAG(s) dict_keys(['daily_vulnerability_ingestion']) retrieved from /opt/airflow/dags/S3_UPLOAD_DAG.py
[2026-06-04T05:46:57.243+0000] {logging_mixin.py:154} INFO - [2026-06-04T05:46:57.242+0000] {dag.py:2941} INFO - Sync 1 DAGs
[2026-06-04T05:46:57.359+0000] {logging_mixin.py:154} INFO - [2026-06-04T05:46:57.358+0000] {dag.py:3722} INFO - Setting next_dagrun for daily_vulnerability_ingestion to 2026-06-03T14:52:05.384041+00:00, run_after=2026-06-04T14:52:05.384041+00:00
[2026-06-04T05:46:57.377+0000] {processor.py:179} INFO - Processing /opt/airflow/dags/S3_UPLOAD_DAG.py took 0.230 seconds
[2026-06-04T05:47:27.445+0000] {processor.py:157} INFO - Started process (PID=430) to work on /opt/airflow/dags/S3_UPLOAD_DAG.py
[2026-06-04T05:47:27.453+0000] {processor.py:829} INFO - Processing file /opt/airflow/dags/S3_UPLOAD_DAG.py for tasks to queue
[2026-06-04T05:47:27.454+0000] {logging_mixin.py:154} INFO - [2026-06-04T05:47:27.454+0000] {dagbag.py:536} INFO - Filling up the DagBag from /opt/airflow/dags/S3_UPLOAD_DAG.py
[2026-06-04T05:47:27.465+0000] {processor.py:839} INFO - DAG(s) dict_keys(['daily_vulnerability_ingestion']) retrieved from /opt/airflow/dags/S3_UPLOAD_DAG.py
[2026-06-04T05:47:27.486+0000] {logging_mixin.py:154} INFO - [2026-06-04T05:47:27.486+0000] {dag.py:2941} INFO - Sync 1 DAGs
[2026-06-04T05:47:27.503+0000] {logging_mixin.py:154} INFO - [2026-06-04T05:47:27.503+0000] {dag.py:3722} INFO - Setting next_dagrun for daily_vulnerability_ingestion to 2026-06-03T14:52:05.384041+00:00, run_after=2026-06-04T14:52:05.384041+00:00
[2026-06-04T05:47:27.513+0000] {processor.py:179} INFO - Processing /opt/airflow/dags/S3_UPLOAD_DAG.py took 0.071 seconds
[2026-06-04T05:47:57.739+0000] {processor.py:157} INFO - Started process (PID=435) to work on /opt/airflow/dags/S3_UPLOAD_DAG.py
[2026-06-04T05:47:57.740+0000] {processor.py:829} INFO - Processing file /opt/airflow/dags/S3_UPLOAD_DAG.py for tasks to queue
[2026-06-04T05:47:57.741+0000] {logging_mixin.py:154} INFO - [2026-06-04T05:47:57.740+0000] {dagbag.py:536} INFO - Filling up the DagBag from /opt/airflow/dags/S3_UPLOAD_DAG.py
[2026-06-04T05:47:57.766+0000] {processor.py:839} INFO - DAG(s) dict_keys(['daily_vulnerability_ingestion']) retrieved from /opt/airflow/dags/S3_UPLOAD_DAG.py
[2026-06-04T05:47:57.796+0000] {logging_mixin.py:154} INFO - [2026-06-04T05:47:57.796+0000] {dag.py:2941} INFO - Sync 1 DAGs
[2026-06-04T05:47:57.813+0000] {logging_mixin.py:154} INFO - [2026-06-04T05:47:57.813+0000] {dag.py:3722} INFO - Setting next_dagrun for daily_vulnerability_ingestion to 2026-06-03T14:52:05.384041+00:00, run_after=2026-06-04T14:52:05.384041+00:00
[2026-06-04T05:47:57.907+0000] {processor.py:179} INFO - Processing /opt/airflow/dags/S3_UPLOAD_DAG.py took 0.174 seconds
[2026-06-04T05:48:28.087+0000] {processor.py:157} INFO - Started process (PID=440) to work on /opt/airflow/dags/S3_UPLOAD_DAG.py
[2026-06-04T05:48:28.097+0000] {processor.py:829} INFO - Processing file /opt/airflow/dags/S3_UPLOAD_DAG.py for tasks to queue
[2026-06-04T05:48:28.100+0000] {logging_mixin.py:154} INFO - [2026-06-04T05:48:28.099+0000] {dagbag.py:536} INFO - Filling up the DagBag from /opt/airflow/dags/S3_UPLOAD_DAG.py
[2026-06-04T05:48:28.130+0000] {processor.py:839} INFO - DAG(s) dict_keys(['daily_vulnerability_ingestion']) retrieved from /opt/airflow/dags/S3_UPLOAD_DAG.py
[2026-06-04T05:48:28.152+0000] {logging_mixin.py:154} INFO - [2026-06-04T05:48:28.152+0000] {dag.py:2941} INFO - Sync 1 DAGs
[2026-06-04T05:48:28.169+0000] {logging_mixin.py:154} INFO - [2026-06-04T05:48:28.168+0000] {dag.py:3722} INFO - Setting next_dagrun for daily_vulnerability_ingestion to 2026-06-03T14:52:05.384041+00:00, run_after=2026-06-04T14:52:05.384041+00:00
[2026-06-04T05:48:28.183+0000] {processor.py:179} INFO - Processing /opt/airflow/dags/S3_UPLOAD_DAG.py took 0.103 seconds
[2026-06-04T05:48:58.259+0000] {processor.py:157} INFO - Started process (PID=445) to work on /opt/airflow/dags/S3_UPLOAD_DAG.py
[2026-06-04T05:48:58.260+0000] {processor.py:829} INFO - Processing file /opt/airflow/dags/S3_UPLOAD_DAG.py for tasks to queue
[2026-06-04T05:48:58.262+0000] {logging_mixin.py:154} INFO - [2026-06-04T05:48:58.262+0000] {dagbag.py:536} INFO - Filling up the DagBag from /opt/airflow/dags/S3_UPLOAD_DAG.py
[2026-06-04T05:48:58.278+0000] {processor.py:839} INFO - DAG(s) dict_keys(['daily_vulnerability_ingestion']) retrieved from /opt/airflow/dags/S3_UPLOAD_DAG.py
[2026-06-04T05:48:58.297+0000] {logging_mixin.py:154} INFO - [2026-06-04T05:48:58.297+0000] {dag.py:2941} INFO - Sync 1 DAGs
[2026-06-04T05:48:58.313+0000] {logging_mixin.py:154} INFO - [2026-06-04T05:48:58.313+0000] {dag.py:3722} INFO - Setting next_dagrun for daily_vulnerability_ingestion to 2026-06-03T14:52:05.384041+00:00, run_after=2026-06-04T14:52:05.384041+00:00
[2026-06-04T05:48:58.325+0000] {processor.py:179} INFO - Processing /opt/airflow/dags/S3_UPLOAD_DAG.py took 0.071 seconds
[2026-06-04T05:49:28.445+0000] {processor.py:157} INFO - Started process (PID=450) to work on /opt/airflow/dags/S3_UPLOAD_DAG.py
[2026-06-04T05:49:28.455+0000] {processor.py:829} INFO - Processing file /opt/airflow/dags/S3_UPLOAD_DAG.py for tasks to queue
[2026-06-04T05:49:28.456+0000] {logging_mixin.py:154} INFO - [2026-06-04T05:49:28.456+0000] {dagbag.py:536} INFO - Filling up the DagBag from /opt/airflow/dags/S3_UPLOAD_DAG.py
[2026-06-04T05:49:28.480+0000] {processor.py:839} INFO - DAG(s) dict_keys(['daily_vulnerability_ingestion']) retrieved from /opt/airflow/dags/S3_UPLOAD_DAG.py
[2026-06-04T05:49:28.501+0000] {logging_mixin.py:154} INFO - [2026-06-04T05:49:28.501+0000] {dag.py:2941} INFO - Sync 1 DAGs
[2026-06-04T05:49:28.599+0000] {logging_mixin.py:154} INFO - [2026-06-04T05:49:28.599+0000] {dag.py:3722} INFO - Setting next_dagrun for daily_vulnerability_ingestion to 2026-06-03T14:52:05.384041+00:00, run_after=2026-06-04T14:52:05.384041+00:00
[2026-06-04T05:49:28.618+0000] {processor.py:179} INFO - Processing /opt/airflow/dags/S3_UPLOAD_DAG.py took 0.181 seconds
[2026-06-04T05:49:58.785+0000] {processor.py:157} INFO - Started process (PID=455) to work on /opt/airflow/dags/S3_UPLOAD_DAG.py
[2026-06-04T05:49:58.787+0000] {processor.py:829} INFO - Processing file /opt/airflow/dags/S3_UPLOAD_DAG.py for tasks to queue
[2026-06-04T05:49:58.788+0000] {logging_mixin.py:154} INFO - [2026-06-04T05:49:58.787+0000] {dagbag.py:536} INFO - Filling up the DagBag from /opt/airflow/dags/S3_UPLOAD_DAG.py
[2026-06-04T05:49:58.886+0000] {processor.py:839} INFO - DAG(s) dict_keys(['daily_vulnerability_ingestion']) retrieved from /opt/airflow/dags/S3_UPLOAD_DAG.py
[2026-06-04T05:49:58.902+0000] {logging_mixin.py:154} INFO - [2026-06-04T05:49:58.902+0000] {dag.py:2941} INFO - Sync 1 DAGs
[2026-06-04T05:49:58.916+0000] {logging_mixin.py:154} INFO - [2026-06-04T05:49:58.916+0000] {dag.py:3722} INFO - Setting next_dagrun for daily_vulnerability_ingestion to 2026-06-03T14:52:05.384041+00:00, run_after=2026-06-04T14:52:05.384041+00:00
[2026-06-04T05:49:58.936+0000] {processor.py:179} INFO - Processing /opt/airflow/dags/S3_UPLOAD_DAG.py took 0.155 seconds
[2026-06-04T05:50:29.019+0000] {processor.py:157} INFO - Started process (PID=460) to work on /opt/airflow/dags/S3_UPLOAD_DAG.py
[2026-06-04T05:50:29.020+0000] {processor.py:829} INFO - Processing file /opt/airflow/dags/S3_UPLOAD_DAG.py for tasks to queue
[2026-06-04T05:50:29.021+0000] {logging_mixin.py:154} INFO - [2026-06-04T05:50:29.021+0000] {dagbag.py:536} INFO - Filling up the DagBag from /opt/airflow/dags/S3_UPLOAD_DAG.py
[2026-06-04T05:50:29.036+0000] {processor.py:839} INFO - DAG(s) dict_keys(['daily_vulnerability_ingestion']) retrieved from /opt/airflow/dags/S3_UPLOAD_DAG.py
[2026-06-04T05:50:29.054+0000] {logging_mixin.py:154} INFO - [2026-06-04T05:50:29.054+0000] {dag.py:2941} INFO - Sync 1 DAGs
[2026-06-04T05:50:29.070+0000] {logging_mixin.py:154} INFO - [2026-06-04T05:50:29.070+0000] {dag.py:3722} INFO - Setting next_dagrun for daily_vulnerability_ingestion to 2026-06-03T14:52:05.384041+00:00, run_after=2026-06-04T14:52:05.384041+00:00
[2026-06-04T05:50:29.082+0000] {processor.py:179} INFO - Processing /opt/airflow/dags/S3_UPLOAD_DAG.py took 0.067 seconds
[2026-06-04T05:50:59.251+0000] {processor.py:157} INFO - Started process (PID=465) to work on /opt/airflow/dags/S3_UPLOAD_DAG.py
[2026-06-04T05:50:59.252+0000] {processor.py:829} INFO - Processing file /opt/airflow/dags/S3_UPLOAD_DAG.py for tasks to queue
[2026-06-04T05:50:59.253+0000] {logging_mixin.py:154} INFO - [2026-06-04T05:50:59.252+0000] {dagbag.py:536} INFO - Filling up the DagBag from /opt/airflow/dags/S3_UPLOAD_DAG.py
[2026-06-04T05:50:59.267+0000] {processor.py:839} INFO - DAG(s) dict_keys(['daily_vulnerability_ingestion']) retrieved from /opt/airflow/dags/S3_UPLOAD_DAG.py
[2026-06-04T05:50:59.286+0000] {logging_mixin.py:154} INFO - [2026-06-04T05:50:59.286+0000] {dag.py:2941} INFO - Sync 1 DAGs
[2026-06-04T05:50:59.301+0000] {logging_mixin.py:154} INFO - [2026-06-04T05:50:59.301+0000] {dag.py:3722} INFO - Setting next_dagrun for daily_vulnerability_ingestion to 2026-06-03T14:52:05.384041+00:00, run_after=2026-06-04T14:52:05.384041+00:00
[2026-06-04T05:50:59.315+0000] {processor.py:179} INFO - Processing /opt/airflow/dags/S3_UPLOAD_DAG.py took 0.068 seconds
[2026-06-04T05:51:29.411+0000] {processor.py:157} INFO - Started process (PID=470) to work on /opt/airflow/dags/S3_UPLOAD_DAG.py
[2026-06-04T05:51:29.412+0000] {processor.py:829} INFO - Processing file /opt/airflow/dags/S3_UPLOAD_DAG.py for tasks to queue
[2026-06-04T05:51:29.413+0000] {logging_mixin.py:154} INFO - [2026-06-04T05:51:29.413+0000] {dagbag.py:536} INFO - Filling up the DagBag from /opt/airflow/dags/S3_UPLOAD_DAG.py
[2026-06-04T05:51:29.429+0000] {processor.py:839} INFO - DAG(s) dict_keys(['daily_vulnerability_ingestion']) retrieved from /opt/airflow/dags/S3_UPLOAD_DAG.py
[2026-06-04T05:51:29.448+0000] {logging_mixin.py:154} INFO - [2026-06-04T05:51:29.448+0000] {dag.py:2941} INFO - Sync 1 DAGs
[2026-06-04T05:51:29.464+0000] {logging_mixin.py:154} INFO - [2026-06-04T05:51:29.464+0000] {dag.py:3722} INFO - Setting next_dagrun for daily_vulnerability_ingestion to 2026-06-03T14:52:05.384041+00:00, run_after=2026-06-04T14:52:05.384041+00:00
[2026-06-04T05:51:29.478+0000] {processor.py:179} INFO - Processing /opt/airflow/dags/S3_UPLOAD_DAG.py took 0.070 seconds
[2026-06-04T05:51:59.616+0000] {processor.py:157} INFO - Started process (PID=475) to work on /opt/airflow/dags/S3_UPLOAD_DAG.py
[2026-06-04T05:51:59.617+0000] {processor.py:829} INFO - Processing file /opt/airflow/dags/S3_UPLOAD_DAG.py for tasks to queue
[2026-06-04T05:51:59.618+0000] {logging_mixin.py:154} INFO - [2026-06-04T05:51:59.617+0000] {dagbag.py:536} INFO - Filling up the DagBag from /opt/airflow/dags/S3_UPLOAD_DAG.py
[2026-06-04T05:51:59.632+0000] {processor.py:839} INFO - DAG(s) dict_keys(['daily_vulnerability_ingestion']) retrieved from /opt/airflow/dags/S3_UPLOAD_DAG.py
[2026-06-04T05:51:59.651+0000] {logging_mixin.py:154} INFO - [2026-06-04T05:51:59.650+0000] {dag.py:2941} INFO - Sync 1 DAGs
[2026-06-04T05:51:59.667+0000] {logging_mixin.py:154} INFO - [2026-06-04T05:51:59.667+0000] {dag.py:3722} INFO - Setting next_dagrun for daily_vulnerability_ingestion to 2026-06-03T14:52:05.384041+00:00, run_after=2026-06-04T14:52:05.384041+00:00
[2026-06-04T05:51:59.681+0000] {processor.py:179} INFO - Processing /opt/airflow/dags/S3_UPLOAD_DAG.py took 0.070 seconds
[2026-06-04T05:52:29.785+0000] {processor.py:157} INFO - Started process (PID=480) to work on /opt/airflow/dags/S3_UPLOAD_DAG.py
[2026-06-04T05:52:29.795+0000] {processor.py:829} INFO - Processing file /opt/airflow/dags/S3_UPLOAD_DAG.py for tasks to queue
[2026-06-04T05:52:29.796+0000] {logging_mixin.py:154} INFO - [2026-06-04T05:52:29.795+0000] {dagbag.py:536} INFO - Filling up the DagBag from /opt/airflow/dags/S3_UPLOAD_DAG.py
[2026-06-04T05:52:29.813+0000] {processor.py:839} INFO - DAG(s) dict_keys(['daily_vulnerability_ingestion']) retrieved from /opt/airflow/dags/S3_UPLOAD_DAG.py
[2026-06-04T05:52:29.833+0000] {logging_mixin.py:154} INFO - [2026-06-04T05:52:29.833+0000] {dag.py:2941} INFO - Sync 1 DAGs
[2026-06-04T05:52:29.849+0000] {logging_mixin.py:154} INFO - [2026-06-04T05:52:29.849+0000] {dag.py:3722} INFO - Setting next_dagrun for daily_vulnerability_ingestion to 2026-06-03T14:52:05.384041+00:00, run_after=2026-06-04T14:52:05.384041+00:00
[2026-06-04T05:52:29.861+0000] {processor.py:179} INFO - Processing /opt/airflow/dags/S3_UPLOAD_DAG.py took 0.082 seconds
[2026-06-04T05:53:00.015+0000] {processor.py:157} INFO - Started process (PID=485) to work on /opt/airflow/dags/S3_UPLOAD_DAG.py
[2026-06-04T05:53:00.015+0000] {processor.py:829} INFO - Processing file /opt/airflow/dags/S3_UPLOAD_DAG.py for tasks to queue
[2026-06-04T05:53:00.017+0000] {logging_mixin.py:154} INFO - [2026-06-04T05:53:00.016+0000] {dagbag.py:536} INFO - Filling up the DagBag from /opt/airflow/dags/S3_UPLOAD_DAG.py
[2026-06-04T05:53:00.031+0000] {processor.py:839} INFO - DAG(s) dict_keys(['daily_vulnerability_ingestion']) retrieved from /opt/airflow/dags/S3_UPLOAD_DAG.py
[2026-06-04T05:53:00.049+0000] {logging_mixin.py:154} INFO - [2026-06-04T05:53:00.048+0000] {dag.py:2941} INFO - Sync 1 DAGs
[2026-06-04T05:53:00.065+0000] {logging_mixin.py:154} INFO - [2026-06-04T05:53:00.065+0000] {dag.py:3722} INFO - Setting next_dagrun for daily_vulnerability_ingestion to 2026-06-03T14:52:05.384041+00:00, run_after=2026-06-04T14:52:05.384041+00:00
[2026-06-04T05:53:00.078+0000] {processor.py:179} INFO - Processing /opt/airflow/dags/S3_UPLOAD_DAG.py took 0.068 seconds
[2026-06-04T05:53:30.176+0000] {processor.py:157} INFO - Started process (PID=490) to work on /opt/airflow/dags/S3_UPLOAD_DAG.py
[2026-06-04T05:53:30.185+0000] {processor.py:829} INFO - Processing file /opt/airflow/dags/S3_UPLOAD_DAG.py for tasks to queue
[2026-06-04T05:53:30.186+0000] {logging_mixin.py:154} INFO - [2026-06-04T05:53:30.185+0000] {dagbag.py:536} INFO - Filling up the DagBag from /opt/airflow/dags/S3_UPLOAD_DAG.py
[2026-06-04T05:53:30.197+0000] {processor.py:839} INFO - DAG(s) dict_keys(['daily_vulnerability_ingestion']) retrieved from /opt/airflow/dags/S3_UPLOAD_DAG.py
[2026-06-04T05:53:30.219+0000] {logging_mixin.py:154} INFO - [2026-06-04T05:53:30.219+0000] {dag.py:2941} INFO - Sync 1 DAGs
[2026-06-04T05:53:30.236+0000] {logging_mixin.py:154} INFO - [2026-06-04T05:53:30.236+0000] {dag.py:3722} INFO - Setting next_dagrun for daily_vulnerability_ingestion to 2026-06-03T14:52:05.384041+00:00, run_after=2026-06-04T14:52:05.384041+00:00
[2026-06-04T05:53:30.248+0000] {processor.py:179} INFO - Processing /opt/airflow/dags/S3_UPLOAD_DAG.py took 0.076 seconds
[2026-06-04T05:54:00.411+0000] {processor.py:157} INFO - Started process (PID=495) to work on /opt/airflow/dags/S3_UPLOAD_DAG.py
[2026-06-04T05:54:00.411+0000] {processor.py:829} INFO - Processing file /opt/airflow/dags/S3_UPLOAD_DAG.py for tasks to queue
[2026-06-04T05:54:00.412+0000] {logging_mixin.py:154} INFO - [2026-06-04T05:54:00.412+0000] {dagbag.py:536} INFO - Filling up the DagBag from /opt/airflow/dags/S3_UPLOAD_DAG.py
[2026-06-04T05:54:00.426+0000] {processor.py:839} INFO - DAG(s) dict_keys(['daily_vulnerability_ingestion']) retrieved from /opt/airflow/dags/S3_UPLOAD_DAG.py
[2026-06-04T05:54:00.444+0000] {logging_mixin.py:154} INFO - [2026-06-04T05:54:00.444+0000] {dag.py:2941} INFO - Sync 1 DAGs
[2026-06-04T05:54:00.460+0000] {logging_mixin.py:154} INFO - [2026-06-04T05:54:00.460+0000] {dag.py:3722} INFO - Setting next_dagrun for daily_vulnerability_ingestion to 2026-06-03T14:52:05.384041+00:00, run_after=2026-06-04T14:52:05.384041+00:00
[2026-06-04T05:54:00.473+0000] {processor.py:179} INFO - Processing /opt/airflow/dags/S3_UPLOAD_DAG.py took 0.067 seconds
[2026-06-04T05:54:30.647+0000] {processor.py:157} INFO - Started process (PID=500) to work on /opt/airflow/dags/S3_UPLOAD_DAG.py
[2026-06-04T05:54:30.656+0000] {processor.py:829} INFO - Processing file /opt/airflow/dags/S3_UPLOAD_DAG.py for tasks to queue
[2026-06-04T05:54:30.657+0000] {logging_mixin.py:154} INFO - [2026-06-04T05:54:30.657+0000] {dagbag.py:536} INFO - Filling up the DagBag from /opt/airflow/dags/S3_UPLOAD_DAG.py
[2026-06-04T05:54:30.669+0000] {processor.py:839} INFO - DAG(s) dict_keys(['daily_vulnerability_ingestion']) retrieved from /opt/airflow/dags/S3_UPLOAD_DAG.py
[2026-06-04T05:54:30.687+0000] {logging_mixin.py:154} INFO - [2026-06-04T05:54:30.686+0000] {dag.py:2941} INFO - Sync 1 DAGs
[2026-06-04T05:54:30.701+0000] {logging_mixin.py:154} INFO - [2026-06-04T05:54:30.701+0000] {dag.py:3722} INFO - Setting next_dagrun for daily_vulnerability_ingestion to 2026-06-03T14:52:05.384041+00:00, run_after=2026-06-04T14:52:05.384041+00:00
[2026-06-04T05:54:30.713+0000] {processor.py:179} INFO - Processing /opt/airflow/dags/S3_UPLOAD_DAG.py took 0.071 seconds
[2026-06-04T05:55:00.878+0000] {processor.py:157} INFO - Started process (PID=505) to work on /opt/airflow/dags/S3_UPLOAD_DAG.py
[2026-06-04T05:55:00.880+0000] {processor.py:829} INFO - Processing file /opt/airflow/dags/S3_UPLOAD_DAG.py for tasks to queue
[2026-06-04T05:55:00.882+0000] {logging_mixin.py:154} INFO - [2026-06-04T05:55:00.881+0000] {dagbag.py:536} INFO - Filling up the DagBag from /opt/airflow/dags/S3_UPLOAD_DAG.py
[2026-06-04T05:55:00.899+0000] {processor.py:839} INFO - DAG(s) dict_keys(['daily_vulnerability_ingestion']) retrieved from /opt/airflow/dags/S3_UPLOAD_DAG.py
[2026-06-04T05:55:00.918+0000] {logging_mixin.py:154} INFO - [2026-06-04T05:55:00.918+0000] {dag.py:2941} INFO - Sync 1 DAGs
[2026-06-04T05:55:00.933+0000] {logging_mixin.py:154} INFO - [2026-06-04T05:55:00.933+0000] {dag.py:3722} INFO - Setting next_dagrun for daily_vulnerability_ingestion to 2026-06-03T14:52:05.384041+00:00, run_after=2026-06-04T14:52:05.384041+00:00
[2026-06-04T05:55:00.946+0000] {processor.py:179} INFO - Processing /opt/airflow/dags/S3_UPLOAD_DAG.py took 0.078 seconds
[2026-06-04T05:55:31.086+0000] {processor.py:157} INFO - Started process (PID=510) to work on /opt/airflow/dags/S3_UPLOAD_DAG.py
[2026-06-04T05:55:31.095+0000] {processor.py:829} INFO - Processing file /opt/airflow/dags/S3_UPLOAD_DAG.py for tasks to queue
[2026-06-04T05:55:31.096+0000] {logging_mixin.py:154} INFO - [2026-06-04T05:55:31.096+0000] {dagbag.py:536} INFO - Filling up the DagBag from /opt/airflow/dags/S3_UPLOAD_DAG.py
[2026-06-04T05:55:31.106+0000] {processor.py:839} INFO - DAG(s) dict_keys(['daily_vulnerability_ingestion']) retrieved from /opt/airflow/dags/S3_UPLOAD_DAG.py
[2026-06-04T05:55:31.124+0000] {logging_mixin.py:154} INFO - [2026-06-04T05:55:31.124+0000] {dag.py:2941} INFO - Sync 1 DAGs
[2026-06-04T05:55:31.140+0000] {logging_mixin.py:154} INFO - [2026-06-04T05:55:31.140+0000] {dag.py:3722} INFO - Setting next_dagrun for daily_vulnerability_ingestion to 2026-06-03T14:52:05.384041+00:00, run_after=2026-06-04T14:52:05.384041+00:00
[2026-06-04T05:55:31.153+0000] {processor.py:179} INFO - Processing /opt/airflow/dags/S3_UPLOAD_DAG.py took 0.069 seconds
[2026-06-04T05:56:01.329+0000] {processor.py:157} INFO - Started process (PID=515) to work on /opt/airflow/dags/S3_UPLOAD_DAG.py
[2026-06-04T05:56:01.331+0000] {processor.py:829} INFO - Processing file /opt/airflow/dags/S3_UPLOAD_DAG.py for tasks to queue
[2026-06-04T05:56:01.333+0000] {logging_mixin.py:154} INFO - [2026-06-04T05:56:01.332+0000] {dagbag.py:536} INFO - Filling up the DagBag from /opt/airflow/dags/S3_UPLOAD_DAG.py
[2026-06-04T05:56:01.354+0000] {processor.py:839} INFO - DAG(s) dict_keys(['daily_vulnerability_ingestion']) retrieved from /opt/airflow/dags/S3_UPLOAD_DAG.py
[2026-06-04T05:56:01.375+0000] {logging_mixin.py:154} INFO - [2026-06-04T05:56:01.375+0000] {dag.py:2941} INFO - Sync 1 DAGs
[2026-06-04T05:56:01.393+0000] {logging_mixin.py:154} INFO - [2026-06-04T05:56:01.393+0000] {dag.py:3722} INFO - Setting next_dagrun for daily_vulnerability_ingestion to 2026-06-03T14:52:05.384041+00:00, run_after=2026-06-04T14:52:05.384041+00:00
[2026-06-04T05:56:01.405+0000] {processor.py:179} INFO - Processing /opt/airflow/dags/S3_UPLOAD_DAG.py took 0.088 seconds
[2026-06-04T05:56:31.560+0000] {processor.py:157} INFO - Started process (PID=520) to work on /opt/airflow/dags/S3_UPLOAD_DAG.py
[2026-06-04T05:56:31.569+0000] {processor.py:829} INFO - Processing file /opt/airflow/dags/S3_UPLOAD_DAG.py for tasks to queue
[2026-06-04T05:56:31.571+0000] {logging_mixin.py:154} INFO - [2026-06-04T05:56:31.570+0000] {dagbag.py:536} INFO - Filling up the DagBag from /opt/airflow/dags/S3_UPLOAD_DAG.py
[2026-06-04T05:56:31.587+0000] {processor.py:839} INFO - DAG(s) dict_keys(['daily_vulnerability_ingestion']) retrieved from /opt/airflow/dags/S3_UPLOAD_DAG.py
[2026-06-04T05:56:31.606+0000] {logging_mixin.py:154} INFO - [2026-06-04T05:56:31.606+0000] {dag.py:2941} INFO - Sync 1 DAGs
[2026-06-04T05:56:31.623+0000] {logging_mixin.py:154} INFO - [2026-06-04T05:56:31.623+0000] {dag.py:3722} INFO - Setting next_dagrun for daily_vulnerability_ingestion to 2026-06-03T14:52:05.384041+00:00, run_after=2026-06-04T14:52:05.384041+00:00
[2026-06-04T05:56:31.636+0000] {processor.py:179} INFO - Processing /opt/airflow/dags/S3_UPLOAD_DAG.py took 0.084 seconds
[2026-06-04T05:57:01.796+0000] {processor.py:157} INFO - Started process (PID=525) to work on /opt/airflow/dags/S3_UPLOAD_DAG.py
[2026-06-04T05:57:01.798+0000] {processor.py:829} INFO - Processing file /opt/airflow/dags/S3_UPLOAD_DAG.py for tasks to queue
[2026-06-04T05:57:01.800+0000] {logging_mixin.py:154} INFO - [2026-06-04T05:57:01.800+0000] {dagbag.py:536} INFO - Filling up the DagBag from /opt/airflow/dags/S3_UPLOAD_DAG.py
[2026-06-04T05:57:01.822+0000] {processor.py:839} INFO - DAG(s) dict_keys(['daily_vulnerability_ingestion']) retrieved from /opt/airflow/dags/S3_UPLOAD_DAG.py
[2026-06-04T05:57:01.842+0000] {logging_mixin.py:154} INFO - [2026-06-04T05:57:01.842+0000] {dag.py:2941} INFO - Sync 1 DAGs
[2026-06-04T05:57:01.857+0000] {logging_mixin.py:154} INFO - [2026-06-04T05:57:01.856+0000] {dag.py:3722} INFO - Setting next_dagrun for daily_vulnerability_ingestion to 2026-06-03T14:52:05.384041+00:00, run_after=2026-06-04T14:52:05.384041+00:00
[2026-06-04T05:57:01.868+0000] {processor.py:179} INFO - Processing /opt/airflow/dags/S3_UPLOAD_DAG.py took 0.082 seconds
[2026-06-04T05:57:32.029+0000] {processor.py:157} INFO - Started process (PID=530) to work on /opt/airflow/dags/S3_UPLOAD_DAG.py
[2026-06-04T05:57:32.039+0000] {processor.py:829} INFO - Processing file /opt/airflow/dags/S3_UPLOAD_DAG.py for tasks to queue
[2026-06-04T05:57:32.040+0000] {logging_mixin.py:154} INFO - [2026-06-04T05:57:32.040+0000] {dagbag.py:536} INFO - Filling up the DagBag from /opt/airflow/dags/S3_UPLOAD_DAG.py
[2026-06-04T05:57:32.058+0000] {processor.py:839} INFO - DAG(s) dict_keys(['daily_vulnerability_ingestion']) retrieved from /opt/airflow/dags/S3_UPLOAD_DAG.py
[2026-06-04T05:57:32.077+0000] {logging_mixin.py:154} INFO - [2026-06-04T05:57:32.077+0000] {dag.py:2941} INFO - Sync 1 DAGs
[2026-06-04T05:57:32.095+0000] {logging_mixin.py:154} INFO - [2026-06-04T05:57:32.095+0000] {dag.py:3722} INFO - Setting next_dagrun for daily_vulnerability_ingestion to 2026-06-03T14:52:05.384041+00:00, run_after=2026-06-04T14:52:05.384041+00:00
[2026-06-04T05:57:32.108+0000] {processor.py:179} INFO - Processing /opt/airflow/dags/S3_UPLOAD_DAG.py took 0.088 seconds
[2026-06-04T05:58:02.256+0000] {processor.py:157} INFO - Started process (PID=535) to work on /opt/airflow/dags/S3_UPLOAD_DAG.py
[2026-06-04T05:58:02.257+0000] {processor.py:829} INFO - Processing file /opt/airflow/dags/S3_UPLOAD_DAG.py for tasks to queue
[2026-06-04T05:58:02.259+0000] {logging_mixin.py:154} INFO - [2026-06-04T05:58:02.258+0000] {dagbag.py:536} INFO - Filling up the DagBag from /opt/airflow/dags/S3_UPLOAD_DAG.py
[2026-06-04T05:58:02.278+0000] {processor.py:839} INFO - DAG(s) dict_keys(['daily_vulnerability_ingestion']) retrieved from /opt/airflow/dags/S3_UPLOAD_DAG.py
[2026-06-04T05:58:02.298+0000] {logging_mixin.py:154} INFO - [2026-06-04T05:58:02.298+0000] {dag.py:2941} INFO - Sync 1 DAGs
[2026-06-04T05:58:02.313+0000] {logging_mixin.py:154} INFO - [2026-06-04T05:58:02.313+0000] {dag.py:3722} INFO - Setting next_dagrun for daily_vulnerability_ingestion to 2026-06-03T14:52:05.384041+00:00, run_after=2026-06-04T14:52:05.384041+00:00
[2026-06-04T05:58:02.325+0000] {processor.py:179} INFO - Processing /opt/airflow/dags/S3_UPLOAD_DAG.py took 0.074 seconds
[2026-06-04T05:58:32.502+0000] {processor.py:157} INFO - Started process (PID=540) to work on /opt/airflow/dags/S3_UPLOAD_DAG.py
[2026-06-04T05:58:32.511+0000] {processor.py:829} INFO - Processing file /opt/airflow/dags/S3_UPLOAD_DAG.py for tasks to queue
[2026-06-04T05:58:32.512+0000] {logging_mixin.py:154} INFO - [2026-06-04T05:58:32.512+0000] {dagbag.py:536} INFO - Filling up the DagBag from /opt/airflow/dags/S3_UPLOAD_DAG.py
[2026-06-04T05:58:32.528+0000] {processor.py:839} INFO - DAG(s) dict_keys(['daily_vulnerability_ingestion']) retrieved from /opt/airflow/dags/S3_UPLOAD_DAG.py
[2026-06-04T05:58:32.547+0000] {logging_mixin.py:154} INFO - [2026-06-04T05:58:32.547+0000] {dag.py:2941} INFO - Sync 1 DAGs
[2026-06-04T05:58:32.562+0000] {logging_mixin.py:154} INFO - [2026-06-04T05:58:32.562+0000] {dag.py:3722} INFO - Setting next_dagrun for daily_vulnerability_ingestion to 2026-06-03T14:52:05.384041+00:00, run_after=2026-06-04T14:52:05.384041+00:00
[2026-06-04T05:58:32.575+0000] {processor.py:179} INFO - Processing /opt/airflow/dags/S3_UPLOAD_DAG.py took 0.082 seconds
[2026-06-04T05:59:02.697+0000] {processor.py:157} INFO - Started process (PID=545) to work on /opt/airflow/dags/S3_UPLOAD_DAG.py
[2026-06-04T05:59:02.698+0000] {processor.py:829} INFO - Processing file /opt/airflow/dags/S3_UPLOAD_DAG.py for tasks to queue
[2026-06-04T05:59:02.698+0000] {logging_mixin.py:154} INFO - [2026-06-04T05:59:02.698+0000] {dagbag.py:536} INFO - Filling up the DagBag from /opt/airflow/dags/S3_UPLOAD_DAG.py
[2026-06-04T05:59:02.709+0000] {processor.py:839} INFO - DAG(s) dict_keys(['daily_vulnerability_ingestion']) retrieved from /opt/airflow/dags/S3_UPLOAD_DAG.py
[2026-06-04T05:59:02.727+0000] {logging_mixin.py:154} INFO - [2026-06-04T05:59:02.727+0000] {dag.py:2941} INFO - Sync 1 DAGs
[2026-06-04T05:59:02.743+0000] {logging_mixin.py:154} INFO - [2026-06-04T05:59:02.743+0000] {dag.py:3722} INFO - Setting next_dagrun for daily_vulnerability_ingestion to 2026-06-03T14:52:05.384041+00:00, run_after=2026-06-04T14:52:05.384041+00:00
[2026-06-04T05:59:02.758+0000] {processor.py:179} INFO - Processing /opt/airflow/dags/S3_UPLOAD_DAG.py took 0.063 seconds
[2026-06-04T05:59:32.989+0000] {processor.py:157} INFO - Started process (PID=550) to work on /opt/airflow/dags/S3_UPLOAD_DAG.py
[2026-06-04T05:59:32.998+0000] {processor.py:829} INFO - Processing file /opt/airflow/dags/S3_UPLOAD_DAG.py for tasks to queue
[2026-06-04T05:59:32.999+0000] {logging_mixin.py:154} INFO - [2026-06-04T05:59:32.999+0000] {dagbag.py:536} INFO - Filling up the DagBag from /opt/airflow/dags/S3_UPLOAD_DAG.py
[2026-06-04T05:59:33.018+0000] {processor.py:839} INFO - DAG(s) dict_keys(['daily_vulnerability_ingestion']) retrieved from /opt/airflow/dags/S3_UPLOAD_DAG.py
[2026-06-04T05:59:33.038+0000] {logging_mixin.py:154} INFO - [2026-06-04T05:59:33.038+0000] {dag.py:2941} INFO - Sync 1 DAGs
[2026-06-04T05:59:33.054+0000] {logging_mixin.py:154} INFO - [2026-06-04T05:59:33.054+0000] {dag.py:3722} INFO - Setting next_dagrun for daily_vulnerability_ingestion to 2026-06-03T14:52:05.384041+00:00, run_after=2026-06-04T14:52:05.384041+00:00
[2026-06-04T05:59:33.066+0000] {processor.py:179} INFO - Processing /opt/airflow/dags/S3_UPLOAD_DAG.py took 0.082 seconds
[2026-06-04T06:00:03.196+0000] {processor.py:157} INFO - Started process (PID=555) to work on /opt/airflow/dags/S3_UPLOAD_DAG.py
[2026-06-04T06:00:03.197+0000] {processor.py:829} INFO - Processing file /opt/airflow/dags/S3_UPLOAD_DAG.py for tasks to queue
[2026-06-04T06:00:03.198+0000] {logging_mixin.py:154} INFO - [2026-06-04T06:00:03.197+0000] {dagbag.py:536} INFO - Filling up the DagBag from /opt/airflow/dags/S3_UPLOAD_DAG.py
[2026-06-04T06:00:03.210+0000] {processor.py:839} INFO - DAG(s) dict_keys(['daily_vulnerability_ingestion']) retrieved from /opt/airflow/dags/S3_UPLOAD_DAG.py
[2026-06-04T06:00:03.228+0000] {logging_mixin.py:154} INFO - [2026-06-04T06:00:03.228+0000] {dag.py:2941} INFO - Sync 1 DAGs
[2026-06-04T06:00:03.244+0000] {logging_mixin.py:154} INFO - [2026-06-04T06:00:03.244+0000] {dag.py:3722} INFO - Setting next_dagrun for daily_vulnerability_ingestion to 2026-06-03T14:52:05.384041+00:00, run_after=2026-06-04T14:52:05.384041+00:00
[2026-06-04T06:00:03.255+0000] {processor.py:179} INFO - Processing /opt/airflow/dags/S3_UPLOAD_DAG.py took 0.063 seconds
[2026-06-04T06:00:33.438+0000] {processor.py:157} INFO - Started process (PID=560) to work on /opt/airflow/dags/S3_UPLOAD_DAG.py
[2026-06-04T06:00:33.439+0000] {processor.py:829} INFO - Processing file /opt/airflow/dags/S3_UPLOAD_DAG.py for tasks to queue
[2026-06-04T06:00:33.440+0000] {logging_mixin.py:154} INFO - [2026-06-04T06:00:33.440+0000] {dagbag.py:536} INFO - Filling up the DagBag from /opt/airflow/dags/S3_UPLOAD_DAG.py
[2026-06-04T06:00:33.461+0000] {processor.py:839} INFO - DAG(s) dict_keys(['daily_vulnerability_ingestion']) retrieved from /opt/airflow/dags/S3_UPLOAD_DAG.py
[2026-06-04T06:00:33.482+0000] {logging_mixin.py:154} INFO - [2026-06-04T06:00:33.482+0000] {dag.py:2941} INFO - Sync 1 DAGs
[2026-06-04T06:00:33.498+0000] {logging_mixin.py:154} INFO - [2026-06-04T06:00:33.498+0000] {dag.py:3722} INFO - Setting next_dagrun for daily_vulnerability_ingestion to 2026-06-03T14:52:05.384041+00:00, run_after=2026-06-04T14:52:05.384041+00:00
[2026-06-04T06:00:33.510+0000] {processor.py:179} INFO - Processing /opt/airflow/dags/S3_UPLOAD_DAG.py took 0.077 seconds
[2026-06-04T06:01:03.660+0000] {processor.py:157} INFO - Started process (PID=565) to work on /opt/airflow/dags/S3_UPLOAD_DAG.py
[2026-06-04T06:01:03.661+0000] {processor.py:829} INFO - Processing file /opt/airflow/dags/S3_UPLOAD_DAG.py for tasks to queue
[2026-06-04T06:01:03.663+0000] {logging_mixin.py:154} INFO - [2026-06-04T06:01:03.662+0000] {dagbag.py:536} INFO - Filling up the DagBag from /opt/airflow/dags/S3_UPLOAD_DAG.py
[2026-06-04T06:01:03.678+0000] {processor.py:839} INFO - DAG(s) dict_keys(['daily_vulnerability_ingestion']) retrieved from /opt/airflow/dags/S3_UPLOAD_DAG.py
[2026-06-04T06:01:03.697+0000] {logging_mixin.py:154} INFO - [2026-06-04T06:01:03.696+0000] {dag.py:2941} INFO - Sync 1 DAGs
[2026-06-04T06:01:03.711+0000] {logging_mixin.py:154} INFO - [2026-06-04T06:01:03.711+0000] {dag.py:3722} INFO - Setting next_dagrun for daily_vulnerability_ingestion to 2026-06-03T14:52:05.384041+00:00, run_after=2026-06-04T14:52:05.384041+00:00
[2026-06-04T06:01:03.723+0000] {processor.py:179} INFO - Processing /opt/airflow/dags/S3_UPLOAD_DAG.py took 0.070 seconds
[2026-06-04T06:01:33.886+0000] {processor.py:157} INFO - Started process (PID=570) to work on /opt/airflow/dags/S3_UPLOAD_DAG.py
[2026-06-04T06:01:33.895+0000] {processor.py:829} INFO - Processing file /opt/airflow/dags/S3_UPLOAD_DAG.py for tasks to queue
[2026-06-04T06:01:33.895+0000] {logging_mixin.py:154} INFO - [2026-06-04T06:01:33.895+0000] {dagbag.py:536} INFO - Filling up the DagBag from /opt/airflow/dags/S3_UPLOAD_DAG.py
[2026-06-04T06:01:33.905+0000] {processor.py:839} INFO - DAG(s) dict_keys(['daily_vulnerability_ingestion']) retrieved from /opt/airflow/dags/S3_UPLOAD_DAG.py
[2026-06-04T06:01:33.922+0000] {logging_mixin.py:154} INFO - [2026-06-04T06:01:33.922+0000] {dag.py:2941} INFO - Sync 1 DAGs
[2026-06-04T06:01:33.937+0000] {logging_mixin.py:154} INFO - [2026-06-04T06:01:33.937+0000] {dag.py:3722} INFO - Setting next_dagrun for daily_vulnerability_ingestion to 2026-06-03T14:52:05.384041+00:00, run_after=2026-06-04T14:52:05.384041+00:00
[2026-06-04T06:01:33.949+0000] {processor.py:179} INFO - Processing /opt/airflow/dags/S3_UPLOAD_DAG.py took 0.065 seconds
[2026-06-04T06:02:04.108+0000] {processor.py:157} INFO - Started process (PID=575) to work on /opt/airflow/dags/S3_UPLOAD_DAG.py
[2026-06-04T06:02:04.109+0000] {processor.py:829} INFO - Processing file /opt/airflow/dags/S3_UPLOAD_DAG.py for tasks to queue
[2026-06-04T06:02:04.109+0000] {logging_mixin.py:154} INFO - [2026-06-04T06:02:04.109+0000] {dagbag.py:536} INFO - Filling up the DagBag from /opt/airflow/dags/S3_UPLOAD_DAG.py
[2026-06-04T06:02:04.120+0000] {processor.py:839} INFO - DAG(s) dict_keys(['daily_vulnerability_ingestion']) retrieved from /opt/airflow/dags/S3_UPLOAD_DAG.py
[2026-06-04T06:02:04.137+0000] {logging_mixin.py:154} INFO - [2026-06-04T06:02:04.137+0000] {dag.py:2941} INFO - Sync 1 DAGs
[2026-06-04T06:02:04.153+0000] {logging_mixin.py:154} INFO - [2026-06-04T06:02:04.152+0000] {dag.py:3722} INFO - Setting next_dagrun for daily_vulnerability_ingestion to 2026-06-03T14:52:05.384041+00:00, run_after=2026-06-04T14:52:05.384041+00:00
[2026-06-04T06:02:04.165+0000] {processor.py:179} INFO - Processing /opt/airflow/dags/S3_UPLOAD_DAG.py took 0.059 seconds
[2026-06-04T06:02:34.327+0000] {processor.py:157} INFO - Started process (PID=580) to work on /opt/airflow/dags/S3_UPLOAD_DAG.py
[2026-06-04T06:02:34.336+0000] {processor.py:829} INFO - Processing file /opt/airflow/dags/S3_UPLOAD_DAG.py for tasks to queue
[2026-06-04T06:02:34.337+0000] {logging_mixin.py:154} INFO - [2026-06-04T06:02:34.337+0000] {dagbag.py:536} INFO - Filling up the DagBag from /opt/airflow/dags/S3_UPLOAD_DAG.py
[2026-06-04T06:02:34.352+0000] {processor.py:839} INFO - DAG(s) dict_keys(['daily_vulnerability_ingestion']) retrieved from /opt/airflow/dags/S3_UPLOAD_DAG.py
[2026-06-04T06:02:34.372+0000] {logging_mixin.py:154} INFO - [2026-06-04T06:02:34.371+0000] {dag.py:2941} INFO - Sync 1 DAGs
[2026-06-04T06:02:34.388+0000] {logging_mixin.py:154} INFO - [2026-06-04T06:02:34.388+0000] {dag.py:3722} INFO - Setting next_dagrun for daily_vulnerability_ingestion to 2026-06-03T14:52:05.384041+00:00, run_after=2026-06-04T14:52:05.384041+00:00
[2026-06-04T06:02:34.400+0000] {processor.py:179} INFO - Processing /opt/airflow/dags/S3_UPLOAD_DAG.py took 0.076 seconds
[2026-06-04T06:03:04.509+0000] {processor.py:157} INFO - Started process (PID=585) to work on /opt/airflow/dags/S3_UPLOAD_DAG.py
[2026-06-04T06:03:04.510+0000] {processor.py:829} INFO - Processing file /opt/airflow/dags/S3_UPLOAD_DAG.py for tasks to queue
[2026-06-04T06:03:04.512+0000] {logging_mixin.py:154} INFO - [2026-06-04T06:03:04.511+0000] {dagbag.py:536} INFO - Filling up the DagBag from /opt/airflow/dags/S3_UPLOAD_DAG.py
[2026-06-04T06:03:04.530+0000] {processor.py:839} INFO - DAG(s) dict_keys(['daily_vulnerability_ingestion']) retrieved from /opt/airflow/dags/S3_UPLOAD_DAG.py
[2026-06-04T06:03:04.549+0000] {logging_mixin.py:154} INFO - [2026-06-04T06:03:04.549+0000] {dag.py:2941} INFO - Sync 1 DAGs
[2026-06-04T06:03:04.565+0000] {logging_mixin.py:154} INFO - [2026-06-04T06:03:04.565+0000] {dag.py:3722} INFO - Setting next_dagrun for daily_vulnerability_ingestion to 2026-06-03T14:52:05.384041+00:00, run_after=2026-06-04T14:52:05.384041+00:00
[2026-06-04T06:03:04.578+0000] {processor.py:179} INFO - Processing /opt/airflow/dags/S3_UPLOAD_DAG.py took 0.075 seconds
[2026-06-04T06:03:34.745+0000] {processor.py:157} INFO - Started process (PID=590) to work on /opt/airflow/dags/S3_UPLOAD_DAG.py
[2026-06-04T06:03:34.754+0000] {processor.py:829} INFO - Processing file /opt/airflow/dags/S3_UPLOAD_DAG.py for tasks to queue
[2026-06-04T06:03:34.755+0000] {logging_mixin.py:154} INFO - [2026-06-04T06:03:34.755+0000] {dagbag.py:536} INFO - Filling up the DagBag from /opt/airflow/dags/S3_UPLOAD_DAG.py
[2026-06-04T06:03:34.773+0000] {processor.py:839} INFO - DAG(s) dict_keys(['daily_vulnerability_ingestion']) retrieved from /opt/airflow/dags/S3_UPLOAD_DAG.py
[2026-06-04T06:03:34.795+0000] {logging_mixin.py:154} INFO - [2026-06-04T06:03:34.795+0000] {dag.py:2941} INFO - Sync 1 DAGs
[2026-06-04T06:03:34.810+0000] {logging_mixin.py:154} INFO - [2026-06-04T06:03:34.810+0000] {dag.py:3722} INFO - Setting next_dagrun for daily_vulnerability_ingestion to 2026-06-03T14:52:05.384041+00:00, run_after=2026-06-04T14:52:05.384041+00:00
[2026-06-04T06:03:34.823+0000] {processor.py:179} INFO - Processing /opt/airflow/dags/S3_UPLOAD_DAG.py took 0.082 seconds
[2026-06-04T06:04:04.970+0000] {processor.py:157} INFO - Started process (PID=595) to work on /opt/airflow/dags/S3_UPLOAD_DAG.py
[2026-06-04T06:04:04.973+0000] {processor.py:829} INFO - Processing file /opt/airflow/dags/S3_UPLOAD_DAG.py for tasks to queue
[2026-06-04T06:04:04.975+0000] {logging_mixin.py:154} INFO - [2026-06-04T06:04:04.974+0000] {dagbag.py:536} INFO - Filling up the DagBag from /opt/airflow/dags/S3_UPLOAD_DAG.py
[2026-06-04T06:04:04.997+0000] {processor.py:839} INFO - DAG(s) dict_keys(['daily_vulnerability_ingestion']) retrieved from /opt/airflow/dags/S3_UPLOAD_DAG.py
[2026-06-04T06:04:05.017+0000] {logging_mixin.py:154} INFO - [2026-06-04T06:04:05.017+0000] {dag.py:2941} INFO - Sync 1 DAGs
[2026-06-04T06:04:05.033+0000] {logging_mixin.py:154} INFO - [2026-06-04T06:04:05.033+0000] {dag.py:3722} INFO - Setting next_dagrun for daily_vulnerability_ingestion to 2026-06-03T14:52:05.384041+00:00, run_after=2026-06-04T14:52:05.384041+00:00
[2026-06-04T06:04:05.044+0000] {processor.py:179} INFO - Processing /opt/airflow/dags/S3_UPLOAD_DAG.py took 0.084 seconds
[2026-06-04T06:04:35.231+0000] {processor.py:157} INFO - Started process (PID=600) to work on /opt/airflow/dags/S3_UPLOAD_DAG.py
[2026-06-04T06:04:35.240+0000] {processor.py:829} INFO - Processing file /opt/airflow/dags/S3_UPLOAD_DAG.py for tasks to queue
[2026-06-04T06:04:35.241+0000] {logging_mixin.py:154} INFO - [2026-06-04T06:04:35.241+0000] {dagbag.py:536} INFO - Filling up the DagBag from /opt/airflow/dags/S3_UPLOAD_DAG.py
[2026-06-04T06:04:35.251+0000] {processor.py:839} INFO - DAG(s) dict_keys(['daily_vulnerability_ingestion']) retrieved from /opt/airflow/dags/S3_UPLOAD_DAG.py
[2026-06-04T06:04:35.270+0000] {logging_mixin.py:154} INFO - [2026-06-04T06:04:35.270+0000] {dag.py:2941} INFO - Sync 1 DAGs
[2026-06-04T06:04:35.287+0000] {logging_mixin.py:154} INFO - [2026-06-04T06:04:35.287+0000] {dag.py:3722} INFO - Setting next_dagrun for daily_vulnerability_ingestion to 2026-06-03T14:52:05.384041+00:00, run_after=2026-06-04T14:52:05.384041+00:00
[2026-06-04T06:04:35.308+0000] {processor.py:179} INFO - Processing /opt/airflow/dags/S3_UPLOAD_DAG.py took 0.081 seconds
[2026-06-04T06:05:05.431+0000] {processor.py:157} INFO - Started process (PID=605) to work on /opt/airflow/dags/S3_UPLOAD_DAG.py
[2026-06-04T06:05:05.432+0000] {processor.py:829} INFO - Processing file /opt/airflow/dags/S3_UPLOAD_DAG.py for tasks to queue
[2026-06-04T06:05:05.433+0000] {logging_mixin.py:154} INFO - [2026-06-04T06:05:05.432+0000] {dagbag.py:536} INFO - Filling up the DagBag from /opt/airflow/dags/S3_UPLOAD_DAG.py
[2026-06-04T06:05:05.450+0000] {processor.py:839} INFO - DAG(s) dict_keys(['daily_vulnerability_ingestion']) retrieved from /opt/airflow/dags/S3_UPLOAD_DAG.py
[2026-06-04T06:05:05.471+0000] {logging_mixin.py:154} INFO - [2026-06-04T06:05:05.471+0000] {dag.py:2941} INFO - Sync 1 DAGs
[2026-06-04T06:05:05.489+0000] {logging_mixin.py:154} INFO - [2026-06-04T06:05:05.488+0000] {dag.py:3722} INFO - Setting next_dagrun for daily_vulnerability_ingestion to 2026-06-03T14:52:05.384041+00:00, run_after=2026-06-04T14:52:05.384041+00:00
[2026-06-04T06:05:05.501+0000] {processor.py:179} INFO - Processing /opt/airflow/dags/S3_UPLOAD_DAG.py took 0.074 seconds
[2026-06-04T06:05:35.665+0000] {processor.py:157} INFO - Started process (PID=610) to work on /opt/airflow/dags/S3_UPLOAD_DAG.py
[2026-06-04T06:05:35.675+0000] {processor.py:829} INFO - Processing file /opt/airflow/dags/S3_UPLOAD_DAG.py for tasks to queue
[2026-06-04T06:05:35.676+0000] {logging_mixin.py:154} INFO - [2026-06-04T06:05:35.675+0000] {dagbag.py:536} INFO - Filling up the DagBag from /opt/airflow/dags/S3_UPLOAD_DAG.py
[2026-06-04T06:05:35.692+0000] {processor.py:839} INFO - DAG(s) dict_keys(['daily_vulnerability_ingestion']) retrieved from /opt/airflow/dags/S3_UPLOAD_DAG.py
[2026-06-04T06:05:35.710+0000] {logging_mixin.py:154} INFO - [2026-06-04T06:05:35.710+0000] {dag.py:2941} INFO - Sync 1 DAGs
[2026-06-04T06:05:35.726+0000] {logging_mixin.py:154} INFO - [2026-06-04T06:05:35.726+0000] {dag.py:3722} INFO - Setting next_dagrun for daily_vulnerability_ingestion to 2026-06-03T14:52:05.384041+00:00, run_after=2026-06-04T14:52:05.384041+00:00
[2026-06-04T06:05:35.739+0000] {processor.py:179} INFO - Processing /opt/airflow/dags/S3_UPLOAD_DAG.py took 0.080 seconds
[2026-06-04T06:06:05.875+0000] {processor.py:157} INFO - Started process (PID=615) to work on /opt/airflow/dags/S3_UPLOAD_DAG.py
[2026-06-04T06:06:05.876+0000] {processor.py:829} INFO - Processing file /opt/airflow/dags/S3_UPLOAD_DAG.py for tasks to queue
[2026-06-04T06:06:05.877+0000] {logging_mixin.py:154} INFO - [2026-06-04T06:06:05.876+0000] {dagbag.py:536} INFO - Filling up the DagBag from /opt/airflow/dags/S3_UPLOAD_DAG.py
[2026-06-04T06:06:05.886+0000] {processor.py:839} INFO - DAG(s) dict_keys(['daily_vulnerability_ingestion']) retrieved from /opt/airflow/dags/S3_UPLOAD_DAG.py
[2026-06-04T06:06:05.904+0000] {logging_mixin.py:154} INFO - [2026-06-04T06:06:05.904+0000] {dag.py:2941} INFO - Sync 1 DAGs
[2026-06-04T06:06:05.920+0000] {logging_mixin.py:154} INFO - [2026-06-04T06:06:05.920+0000] {dag.py:3722} INFO - Setting next_dagrun for daily_vulnerability_ingestion to 2026-06-03T14:52:05.384041+00:00, run_after=2026-06-04T14:52:05.384041+00:00
[2026-06-04T06:06:05.931+0000] {processor.py:179} INFO - Processing /opt/airflow/dags/S3_UPLOAD_DAG.py took 0.058 seconds
[2026-06-04T06:06:36.124+0000] {processor.py:157} INFO - Started process (PID=620) to work on /opt/airflow/dags/S3_UPLOAD_DAG.py
[2026-06-04T06:06:36.133+0000] {processor.py:829} INFO - Processing file /opt/airflow/dags/S3_UPLOAD_DAG.py for tasks to queue
[2026-06-04T06:06:36.134+0000] {logging_mixin.py:154} INFO - [2026-06-04T06:06:36.133+0000] {dagbag.py:536} INFO - Filling up the DagBag from /opt/airflow/dags/S3_UPLOAD_DAG.py
[2026-06-04T06:06:36.151+0000] {processor.py:839} INFO - DAG(s) dict_keys(['daily_vulnerability_ingestion']) retrieved from /opt/airflow/dags/S3_UPLOAD_DAG.py
[2026-06-04T06:06:36.182+0000] {logging_mixin.py:154} INFO - [2026-06-04T06:06:36.182+0000] {dag.py:2941} INFO - Sync 1 DAGs
[2026-06-04T06:06:36.204+0000] {logging_mixin.py:154} INFO - [2026-06-04T06:06:36.204+0000] {dag.py:3722} INFO - Setting next_dagrun for daily_vulnerability_ingestion to 2026-06-03T14:52:05.384041+00:00, run_after=2026-06-04T14:52:05.384041+00:00
[2026-06-04T06:06:36.216+0000] {processor.py:179} INFO - Processing /opt/airflow/dags/S3_UPLOAD_DAG.py took 0.097 seconds
[2026-06-04T06:07:06.342+0000] {processor.py:157} INFO - Started process (PID=625) to work on /opt/airflow/dags/S3_UPLOAD_DAG.py
[2026-06-04T06:07:06.344+0000] {processor.py:829} INFO - Processing file /opt/airflow/dags/S3_UPLOAD_DAG.py for tasks to queue
[2026-06-04T06:07:06.345+0000] {logging_mixin.py:154} INFO - [2026-06-04T06:07:06.344+0000] {dagbag.py:536} INFO - Filling up the DagBag from /opt/airflow/dags/S3_UPLOAD_DAG.py
[2026-06-04T06:07:06.361+0000] {processor.py:839} INFO - DAG(s) dict_keys(['daily_vulnerability_ingestion']) retrieved from /opt/airflow/dags/S3_UPLOAD_DAG.py
[2026-06-04T06:07:06.381+0000] {logging_mixin.py:154} INFO - [2026-06-04T06:07:06.381+0000] {dag.py:2941} INFO - Sync 1 DAGs
[2026-06-04T06:07:06.395+0000] {logging_mixin.py:154} INFO - [2026-06-04T06:07:06.395+0000] {dag.py:3722} INFO - Setting next_dagrun for daily_vulnerability_ingestion to 2026-06-03T14:52:05.384041+00:00, run_after=2026-06-04T14:52:05.384041+00:00
[2026-06-04T06:07:06.407+0000] {processor.py:179} INFO - Processing /opt/airflow/dags/S3_UPLOAD_DAG.py took 0.073 seconds
[2026-06-04T06:07:36.600+0000] {processor.py:157} INFO - Started process (PID=630) to work on /opt/airflow/dags/S3_UPLOAD_DAG.py
[2026-06-04T06:07:36.609+0000] {processor.py:829} INFO - Processing file /opt/airflow/dags/S3_UPLOAD_DAG.py for tasks to queue
[2026-06-04T06:07:36.610+0000] {logging_mixin.py:154} INFO - [2026-06-04T06:07:36.610+0000] {dagbag.py:536} INFO - Filling up the DagBag from /opt/airflow/dags/S3_UPLOAD_DAG.py
[2026-06-04T06:07:36.621+0000] {processor.py:839} INFO - DAG(s) dict_keys(['daily_vulnerability_ingestion']) retrieved from /opt/airflow/dags/S3_UPLOAD_DAG.py
[2026-06-04T06:07:36.639+0000] {logging_mixin.py:154} INFO - [2026-06-04T06:07:36.639+0000] {dag.py:2941} INFO - Sync 1 DAGs
[2026-06-04T06:07:36.655+0000] {logging_mixin.py:154} INFO - [2026-06-04T06:07:36.655+0000] {dag.py:3722} INFO - Setting next_dagrun for daily_vulnerability_ingestion to 2026-06-03T14:52:05.384041+00:00, run_after=2026-06-04T14:52:05.384041+00:00
[2026-06-04T06:07:36.669+0000] {processor.py:179} INFO - Processing /opt/airflow/dags/S3_UPLOAD_DAG.py took 0.072 seconds
[2026-06-04T06:08:06.828+0000] {processor.py:157} INFO - Started process (PID=635) to work on /opt/airflow/dags/S3_UPLOAD_DAG.py
[2026-06-04T06:08:06.831+0000] {processor.py:829} INFO - Processing file /opt/airflow/dags/S3_UPLOAD_DAG.py for tasks to queue
[2026-06-04T06:08:06.833+0000] {logging_mixin.py:154} INFO - [2026-06-04T06:08:06.832+0000] {dagbag.py:536} INFO - Filling up the DagBag from /opt/airflow/dags/S3_UPLOAD_DAG.py
[2026-06-04T06:08:06.853+0000] {processor.py:839} INFO - DAG(s) dict_keys(['daily_vulnerability_ingestion']) retrieved from /opt/airflow/dags/S3_UPLOAD_DAG.py
[2026-06-04T06:08:06.873+0000] {logging_mixin.py:154} INFO - [2026-06-04T06:08:06.873+0000] {dag.py:2941} INFO - Sync 1 DAGs
[2026-06-04T06:08:06.890+0000] {logging_mixin.py:154} INFO - [2026-06-04T06:08:06.889+0000] {dag.py:3722} INFO - Setting next_dagrun for daily_vulnerability_ingestion to 2026-06-03T14:52:05.384041+00:00, run_after=2026-06-04T14:52:05.384041+00:00
[2026-06-04T06:08:06.902+0000] {processor.py:179} INFO - Processing /opt/airflow/dags/S3_UPLOAD_DAG.py took 0.084 seconds
[2026-06-04T06:08:37.049+0000] {processor.py:157} INFO - Started process (PID=640) to work on /opt/airflow/dags/S3_UPLOAD_DAG.py
[2026-06-04T06:08:37.058+0000] {processor.py:829} INFO - Processing file /opt/airflow/dags/S3_UPLOAD_DAG.py for tasks to queue
[2026-06-04T06:08:37.059+0000] {logging_mixin.py:154} INFO - [2026-06-04T06:08:37.058+0000] {dagbag.py:536} INFO - Filling up the DagBag from /opt/airflow/dags/S3_UPLOAD_DAG.py
[2026-06-04T06:08:37.074+0000] {processor.py:839} INFO - DAG(s) dict_keys(['daily_vulnerability_ingestion']) retrieved from /opt/airflow/dags/S3_UPLOAD_DAG.py
[2026-06-04T06:08:37.091+0000] {logging_mixin.py:154} INFO - [2026-06-04T06:08:37.091+0000] {dag.py:2941} INFO - Sync 1 DAGs
[2026-06-04T06:08:37.107+0000] {logging_mixin.py:154} INFO - [2026-06-04T06:08:37.107+0000] {dag.py:3722} INFO - Setting next_dagrun for daily_vulnerability_ingestion to 2026-06-03T14:52:05.384041+00:00, run_after=2026-06-04T14:52:05.384041+00:00
[2026-06-04T06:08:37.119+0000] {processor.py:179} INFO - Processing /opt/airflow/dags/S3_UPLOAD_DAG.py took 0.074 seconds
[2026-06-04T06:09:07.270+0000] {processor.py:157} INFO - Started process (PID=645) to work on /opt/airflow/dags/S3_UPLOAD_DAG.py
[2026-06-04T06:09:07.271+0000] {processor.py:829} INFO - Processing file /opt/airflow/dags/S3_UPLOAD_DAG.py for tasks to queue
[2026-06-04T06:09:07.273+0000] {logging_mixin.py:154} INFO - [2026-06-04T06:09:07.272+0000] {dagbag.py:536} INFO - Filling up the DagBag from /opt/airflow/dags/S3_UPLOAD_DAG.py
[2026-06-04T06:09:07.293+0000] {processor.py:839} INFO - DAG(s) dict_keys(['daily_vulnerability_ingestion']) retrieved from /opt/airflow/dags/S3_UPLOAD_DAG.py
[2026-06-04T06:09:07.314+0000] {logging_mixin.py:154} INFO - [2026-06-04T06:09:07.314+0000] {dag.py:2941} INFO - Sync 1 DAGs
[2026-06-04T06:09:07.332+0000] {logging_mixin.py:154} INFO - [2026-06-04T06:09:07.332+0000] {dag.py:3722} INFO - Setting next_dagrun for daily_vulnerability_ingestion to 2026-06-03T14:52:05.384041+00:00, run_after=2026-06-04T14:52:05.384041+00:00
[2026-06-04T06:09:07.346+0000] {processor.py:179} INFO - Processing /opt/airflow/dags/S3_UPLOAD_DAG.py took 0.081 seconds
[2026-06-04T06:09:37.517+0000] {processor.py:157} INFO - Started process (PID=650) to work on /opt/airflow/dags/S3_UPLOAD_DAG.py
[2026-06-04T06:09:37.526+0000] {processor.py:829} INFO - Processing file /opt/airflow/dags/S3_UPLOAD_DAG.py for tasks to queue
[2026-06-04T06:09:37.526+0000] {logging_mixin.py:154} INFO - [2026-06-04T06:09:37.526+0000] {dagbag.py:536} INFO - Filling up the DagBag from /opt/airflow/dags/S3_UPLOAD_DAG.py
[2026-06-04T06:09:37.538+0000] {processor.py:839} INFO - DAG(s) dict_keys(['daily_vulnerability_ingestion']) retrieved from /opt/airflow/dags/S3_UPLOAD_DAG.py
[2026-06-04T06:09:37.555+0000] {logging_mixin.py:154} INFO - [2026-06-04T06:09:37.555+0000] {dag.py:2941} INFO - Sync 1 DAGs
[2026-06-04T06:09:37.570+0000] {logging_mixin.py:154} INFO - [2026-06-04T06:09:37.570+0000] {dag.py:3722} INFO - Setting next_dagrun for daily_vulnerability_ingestion to 2026-06-03T14:52:05.384041+00:00, run_after=2026-06-04T14:52:05.384041+00:00
[2026-06-04T06:09:37.587+0000] {processor.py:179} INFO - Processing /opt/airflow/dags/S3_UPLOAD_DAG.py took 0.076 seconds
[2026-06-04T06:10:07.744+0000] {processor.py:157} INFO - Started process (PID=655) to work on /opt/airflow/dags/S3_UPLOAD_DAG.py
[2026-06-04T06:10:07.745+0000] {processor.py:829} INFO - Processing file /opt/airflow/dags/S3_UPLOAD_DAG.py for tasks to queue
[2026-06-04T06:10:07.747+0000] {logging_mixin.py:154} INFO - [2026-06-04T06:10:07.746+0000] {dagbag.py:536} INFO - Filling up the DagBag from /opt/airflow/dags/S3_UPLOAD_DAG.py
[2026-06-04T06:10:07.765+0000] {processor.py:839} INFO - DAG(s) dict_keys(['daily_vulnerability_ingestion']) retrieved from /opt/airflow/dags/S3_UPLOAD_DAG.py
[2026-06-04T06:10:07.785+0000] {logging_mixin.py:154} INFO - [2026-06-04T06:10:07.785+0000] {dag.py:2941} INFO - Sync 1 DAGs
[2026-06-04T06:10:07.800+0000] {logging_mixin.py:154} INFO - [2026-06-04T06:10:07.800+0000] {dag.py:3722} INFO - Setting next_dagrun for daily_vulnerability_ingestion to 2026-06-03T14:52:05.384041+00:00, run_after=2026-06-04T14:52:05.384041+00:00
[2026-06-04T06:10:07.814+0000] {processor.py:179} INFO - Processing /opt/airflow/dags/S3_UPLOAD_DAG.py took 0.080 seconds
[2026-06-04T06:10:37.973+0000] {processor.py:157} INFO - Started process (PID=660) to work on /opt/airflow/dags/S3_UPLOAD_DAG.py
[2026-06-04T06:10:37.982+0000] {processor.py:829} INFO - Processing file /opt/airflow/dags/S3_UPLOAD_DAG.py for tasks to queue
[2026-06-04T06:10:37.983+0000] {logging_mixin.py:154} INFO - [2026-06-04T06:10:37.983+0000] {dagbag.py:536} INFO - Filling up the DagBag from /opt/airflow/dags/S3_UPLOAD_DAG.py
[2026-06-04T06:10:37.996+0000] {processor.py:839} INFO - DAG(s) dict_keys(['daily_vulnerability_ingestion']) retrieved from /opt/airflow/dags/S3_UPLOAD_DAG.py
[2026-06-04T06:10:38.013+0000] {logging_mixin.py:154} INFO - [2026-06-04T06:10:38.013+0000] {dag.py:2941} INFO - Sync 1 DAGs
[2026-06-04T06:10:38.028+0000] {logging_mixin.py:154} INFO - [2026-06-04T06:10:38.028+0000] {dag.py:3722} INFO - Setting next_dagrun for daily_vulnerability_ingestion to 2026-06-03T14:52:05.384041+00:00, run_after=2026-06-04T14:52:05.384041+00:00
[2026-06-04T06:10:38.041+0000] {processor.py:179} INFO - Processing /opt/airflow/dags/S3_UPLOAD_DAG.py took 0.073 seconds
[2026-06-04T06:11:08.111+0000] {processor.py:157} INFO - Started process (PID=665) to work on /opt/airflow/dags/S3_UPLOAD_DAG.py
[2026-06-04T06:11:08.111+0000] {processor.py:829} INFO - Processing file /opt/airflow/dags/S3_UPLOAD_DAG.py for tasks to queue
[2026-06-04T06:11:08.112+0000] {logging_mixin.py:154} INFO - [2026-06-04T06:11:08.112+0000] {dagbag.py:536} INFO - Filling up the DagBag from /opt/airflow/dags/S3_UPLOAD_DAG.py
[2026-06-04T06:11:08.123+0000] {processor.py:839} INFO - DAG(s) dict_keys(['daily_vulnerability_ingestion']) retrieved from /opt/airflow/dags/S3_UPLOAD_DAG.py
[2026-06-04T06:11:08.147+0000] {logging_mixin.py:154} INFO - [2026-06-04T06:11:08.147+0000] {dag.py:2941} INFO - Sync 1 DAGs
[2026-06-04T06:11:08.170+0000] {logging_mixin.py:154} INFO - [2026-06-04T06:11:08.170+0000] {dag.py:3722} INFO - Setting next_dagrun for daily_vulnerability_ingestion to 2026-06-03T14:52:05.384041+00:00, run_after=2026-06-04T14:52:05.384041+00:00
[2026-06-04T06:11:08.183+0000] {processor.py:179} INFO - Processing /opt/airflow/dags/S3_UPLOAD_DAG.py took 0.075 seconds
[2026-06-04T06:11:38.297+0000] {processor.py:157} INFO - Started process (PID=670) to work on /opt/airflow/dags/S3_UPLOAD_DAG.py
[2026-06-04T06:11:38.306+0000] {processor.py:829} INFO - Processing file /opt/airflow/dags/S3_UPLOAD_DAG.py for tasks to queue
[2026-06-04T06:11:38.307+0000] {logging_mixin.py:154} INFO - [2026-06-04T06:11:38.307+0000] {dagbag.py:536} INFO - Filling up the DagBag from /opt/airflow/dags/S3_UPLOAD_DAG.py
[2026-06-04T06:11:38.317+0000] {processor.py:839} INFO - DAG(s) dict_keys(['daily_vulnerability_ingestion']) retrieved from /opt/airflow/dags/S3_UPLOAD_DAG.py
[2026-06-04T06:11:38.335+0000] {logging_mixin.py:154} INFO - [2026-06-04T06:11:38.335+0000] {dag.py:2941} INFO - Sync 1 DAGs
[2026-06-04T06:11:38.352+0000] {logging_mixin.py:154} INFO - [2026-06-04T06:11:38.352+0000] {dag.py:3722} INFO - Setting next_dagrun for daily_vulnerability_ingestion to 2026-06-03T14:52:05.384041+00:00, run_after=2026-06-04T14:52:05.384041+00:00
[2026-06-04T06:11:38.365+0000] {processor.py:179} INFO - Processing /opt/airflow/dags/S3_UPLOAD_DAG.py took 0.071 seconds
[2026-06-04T06:12:08.408+0000] {processor.py:157} INFO - Started process (PID=675) to work on /opt/airflow/dags/S3_UPLOAD_DAG.py
[2026-06-04T06:12:08.409+0000] {processor.py:829} INFO - Processing file /opt/airflow/dags/S3_UPLOAD_DAG.py for tasks to queue
[2026-06-04T06:12:08.410+0000] {logging_mixin.py:154} INFO - [2026-06-04T06:12:08.409+0000] {dagbag.py:536} INFO - Filling up the DagBag from /opt/airflow/dags/S3_UPLOAD_DAG.py
[2026-06-04T06:12:08.421+0000] {processor.py:839} INFO - DAG(s) dict_keys(['daily_vulnerability_ingestion']) retrieved from /opt/airflow/dags/S3_UPLOAD_DAG.py
[2026-06-04T06:12:08.442+0000] {logging_mixin.py:154} INFO - [2026-06-04T06:12:08.442+0000] {dag.py:2941} INFO - Sync 1 DAGs
[2026-06-04T06:12:08.463+0000] {logging_mixin.py:154} INFO - [2026-06-04T06:12:08.463+0000] {dag.py:3722} INFO - Setting next_dagrun for daily_vulnerability_ingestion to 2026-06-03T14:52:05.384041+00:00, run_after=2026-06-04T14:52:05.384041+00:00
[2026-06-04T06:12:08.477+0000] {processor.py:179} INFO - Processing /opt/airflow/dags/S3_UPLOAD_DAG.py took 0.072 seconds
[2026-06-04T06:12:38.564+0000] {processor.py:157} INFO - Started process (PID=680) to work on /opt/airflow/dags/S3_UPLOAD_DAG.py
[2026-06-04T06:12:38.565+0000] {processor.py:829} INFO - Processing file /opt/airflow/dags/S3_UPLOAD_DAG.py for tasks to queue
[2026-06-04T06:12:38.566+0000] {logging_mixin.py:154} INFO - [2026-06-04T06:12:38.566+0000] {dagbag.py:536} INFO - Filling up the DagBag from /opt/airflow/dags/S3_UPLOAD_DAG.py
[2026-06-04T06:12:38.579+0000] {processor.py:839} INFO - DAG(s) dict_keys(['daily_vulnerability_ingestion']) retrieved from /opt/airflow/dags/S3_UPLOAD_DAG.py
[2026-06-04T06:12:38.601+0000] {logging_mixin.py:154} INFO - [2026-06-04T06:12:38.601+0000] {dag.py:2941} INFO - Sync 1 DAGs
[2026-06-04T06:12:38.620+0000] {logging_mixin.py:154} INFO - [2026-06-04T06:12:38.620+0000] {dag.py:3722} INFO - Setting next_dagrun for daily_vulnerability_ingestion to 2026-06-03T14:52:05.384041+00:00, run_after=2026-06-04T14:52:05.384041+00:00
[2026-06-04T06:12:38.636+0000] {processor.py:179} INFO - Processing /opt/airflow/dags/S3_UPLOAD_DAG.py took 0.075 seconds
[2026-06-04T06:13:08.664+0000] {processor.py:157} INFO - Started process (PID=685) to work on /opt/airflow/dags/S3_UPLOAD_DAG.py
[2026-06-04T06:13:08.664+0000] {processor.py:829} INFO - Processing file /opt/airflow/dags/S3_UPLOAD_DAG.py for tasks to queue
[2026-06-04T06:13:08.665+0000] {logging_mixin.py:154} INFO - [2026-06-04T06:13:08.665+0000] {dagbag.py:536} INFO - Filling up the DagBag from /opt/airflow/dags/S3_UPLOAD_DAG.py
[2026-06-04T06:13:08.676+0000] {processor.py:839} INFO - DAG(s) dict_keys(['daily_vulnerability_ingestion']) retrieved from /opt/airflow/dags/S3_UPLOAD_DAG.py
[2026-06-04T06:13:08.695+0000] {logging_mixin.py:154} INFO - [2026-06-04T06:13:08.695+0000] {dag.py:2941} INFO - Sync 1 DAGs
[2026-06-04T06:13:08.712+0000] {logging_mixin.py:154} INFO - [2026-06-04T06:13:08.711+0000] {dag.py:3722} INFO - Setting next_dagrun for daily_vulnerability_ingestion to 2026-06-03T14:52:05.384041+00:00, run_after=2026-06-04T14:52:05.384041+00:00
[2026-06-04T06:13:08.726+0000] {processor.py:179} INFO - Processing /opt/airflow/dags/S3_UPLOAD_DAG.py took 0.065 seconds
[2026-06-04T06:13:38.825+0000] {processor.py:157} INFO - Started process (PID=690) to work on /opt/airflow/dags/S3_UPLOAD_DAG.py
[2026-06-04T06:13:38.834+0000] {processor.py:829} INFO - Processing file /opt/airflow/dags/S3_UPLOAD_DAG.py for tasks to queue
[2026-06-04T06:13:38.834+0000] {logging_mixin.py:154} INFO - [2026-06-04T06:13:38.834+0000] {dagbag.py:536} INFO - Filling up the DagBag from /opt/airflow/dags/S3_UPLOAD_DAG.py
[2026-06-04T06:13:38.846+0000] {processor.py:839} INFO - DAG(s) dict_keys(['daily_vulnerability_ingestion']) retrieved from /opt/airflow/dags/S3_UPLOAD_DAG.py
[2026-06-04T06:13:38.866+0000] {logging_mixin.py:154} INFO - [2026-06-04T06:13:38.866+0000] {dag.py:2941} INFO - Sync 1 DAGs
[2026-06-04T06:13:38.884+0000] {logging_mixin.py:154} INFO - [2026-06-04T06:13:38.884+0000] {dag.py:3722} INFO - Setting next_dagrun for daily_vulnerability_ingestion to 2026-06-03T14:52:05.384041+00:00, run_after=2026-06-04T14:52:05.384041+00:00
[2026-06-04T06:13:38.899+0000] {processor.py:179} INFO - Processing /opt/airflow/dags/S3_UPLOAD_DAG.py took 0.076 seconds
[2026-06-04T06:14:08.975+0000] {processor.py:157} INFO - Started process (PID=695) to work on /opt/airflow/dags/S3_UPLOAD_DAG.py
[2026-06-04T06:14:08.975+0000] {processor.py:829} INFO - Processing file /opt/airflow/dags/S3_UPLOAD_DAG.py for tasks to queue
[2026-06-04T06:14:08.976+0000] {logging_mixin.py:154} INFO - [2026-06-04T06:14:08.976+0000] {dagbag.py:536} INFO - Filling up the DagBag from /opt/airflow/dags/S3_UPLOAD_DAG.py
[2026-06-04T06:14:08.991+0000] {processor.py:839} INFO - DAG(s) dict_keys(['daily_vulnerability_ingestion']) retrieved from /opt/airflow/dags/S3_UPLOAD_DAG.py
[2026-06-04T06:14:09.017+0000] {logging_mixin.py:154} INFO - [2026-06-04T06:14:09.016+0000] {dag.py:2941} INFO - Sync 1 DAGs
[2026-06-04T06:14:09.033+0000] {logging_mixin.py:154} INFO - [2026-06-04T06:14:09.033+0000] {dag.py:3722} INFO - Setting next_dagrun for daily_vulnerability_ingestion to 2026-06-03T14:52:05.384041+00:00, run_after=2026-06-04T14:52:05.384041+00:00
[2026-06-04T06:14:09.045+0000] {processor.py:179} INFO - Processing /opt/airflow/dags/S3_UPLOAD_DAG.py took 0.074 seconds
[2026-06-04T06:14:39.219+0000] {processor.py:157} INFO - Started process (PID=700) to work on /opt/airflow/dags/S3_UPLOAD_DAG.py
[2026-06-04T06:14:39.220+0000] {processor.py:829} INFO - Processing file /opt/airflow/dags/S3_UPLOAD_DAG.py for tasks to queue
[2026-06-04T06:14:39.220+0000] {logging_mixin.py:154} INFO - [2026-06-04T06:14:39.220+0000] {dagbag.py:536} INFO - Filling up the DagBag from /opt/airflow/dags/S3_UPLOAD_DAG.py
[2026-06-04T06:14:39.230+0000] {processor.py:839} INFO - DAG(s) dict_keys(['daily_vulnerability_ingestion']) retrieved from /opt/airflow/dags/S3_UPLOAD_DAG.py
[2026-06-04T06:14:39.250+0000] {logging_mixin.py:154} INFO - [2026-06-04T06:14:39.250+0000] {dag.py:2941} INFO - Sync 1 DAGs
[2026-06-04T06:14:39.268+0000] {logging_mixin.py:154} INFO - [2026-06-04T06:14:39.268+0000] {dag.py:3722} INFO - Setting next_dagrun for daily_vulnerability_ingestion to 2026-06-03T14:52:05.384041+00:00, run_after=2026-06-04T14:52:05.384041+00:00
[2026-06-04T06:14:39.281+0000] {processor.py:179} INFO - Processing /opt/airflow/dags/S3_UPLOAD_DAG.py took 0.065 seconds
[2026-06-04T06:15:09.406+0000] {processor.py:157} INFO - Started process (PID=705) to work on /opt/airflow/dags/S3_UPLOAD_DAG.py
[2026-06-04T06:15:09.408+0000] {processor.py:829} INFO - Processing file /opt/airflow/dags/S3_UPLOAD_DAG.py for tasks to queue
[2026-06-04T06:15:09.409+0000] {logging_mixin.py:154} INFO - [2026-06-04T06:15:09.409+0000] {dagbag.py:536} INFO - Filling up the DagBag from /opt/airflow/dags/S3_UPLOAD_DAG.py
[2026-06-04T06:15:09.428+0000] {processor.py:839} INFO - DAG(s) dict_keys(['daily_vulnerability_ingestion']) retrieved from /opt/airflow/dags/S3_UPLOAD_DAG.py
[2026-06-04T06:15:09.448+0000] {logging_mixin.py:154} INFO - [2026-06-04T06:15:09.448+0000] {dag.py:2941} INFO - Sync 1 DAGs
[2026-06-04T06:15:09.465+0000] {logging_mixin.py:154} INFO - [2026-06-04T06:15:09.464+0000] {dag.py:3722} INFO - Setting next_dagrun for daily_vulnerability_ingestion to 2026-06-03T14:52:05.384041+00:00, run_after=2026-06-04T14:52:05.384041+00:00
[2026-06-04T06:15:09.478+0000] {processor.py:179} INFO - Processing /opt/airflow/dags/S3_UPLOAD_DAG.py took 0.078 seconds
[2026-06-04T06:15:39.627+0000] {processor.py:157} INFO - Started process (PID=710) to work on /opt/airflow/dags/S3_UPLOAD_DAG.py
[2026-06-04T06:15:39.636+0000] {processor.py:829} INFO - Processing file /opt/airflow/dags/S3_UPLOAD_DAG.py for tasks to queue
[2026-06-04T06:15:39.637+0000] {logging_mixin.py:154} INFO - [2026-06-04T06:15:39.636+0000] {dagbag.py:536} INFO - Filling up the DagBag from /opt/airflow/dags/S3_UPLOAD_DAG.py
[2026-06-04T06:15:39.652+0000] {processor.py:839} INFO - DAG(s) dict_keys(['daily_vulnerability_ingestion']) retrieved from /opt/airflow/dags/S3_UPLOAD_DAG.py
[2026-06-04T06:15:39.673+0000] {logging_mixin.py:154} INFO - [2026-06-04T06:15:39.672+0000] {dag.py:2941} INFO - Sync 1 DAGs
[2026-06-04T06:15:39.690+0000] {logging_mixin.py:154} INFO - [2026-06-04T06:15:39.690+0000] {dag.py:3722} INFO - Setting next_dagrun for daily_vulnerability_ingestion to 2026-06-03T14:52:05.384041+00:00, run_after=2026-06-04T14:52:05.384041+00:00
[2026-06-04T06:15:39.708+0000] {processor.py:179} INFO - Processing /opt/airflow/dags/S3_UPLOAD_DAG.py took 0.085 seconds
[2026-06-04T06:16:09.829+0000] {processor.py:157} INFO - Started process (PID=715) to work on /opt/airflow/dags/S3_UPLOAD_DAG.py
[2026-06-04T06:16:09.830+0000] {processor.py:829} INFO - Processing file /opt/airflow/dags/S3_UPLOAD_DAG.py for tasks to queue
[2026-06-04T06:16:09.831+0000] {logging_mixin.py:154} INFO - [2026-06-04T06:16:09.831+0000] {dagbag.py:536} INFO - Filling up the DagBag from /opt/airflow/dags/S3_UPLOAD_DAG.py
[2026-06-04T06:16:09.847+0000] {processor.py:839} INFO - DAG(s) dict_keys(['daily_vulnerability_ingestion']) retrieved from /opt/airflow/dags/S3_UPLOAD_DAG.py
[2026-06-04T06:16:09.866+0000] {logging_mixin.py:154} INFO - [2026-06-04T06:16:09.866+0000] {dag.py:2941} INFO - Sync 1 DAGs
[2026-06-04T06:16:09.882+0000] {logging_mixin.py:154} INFO - [2026-06-04T06:16:09.882+0000] {dag.py:3722} INFO - Setting next_dagrun for daily_vulnerability_ingestion to 2026-06-03T14:52:05.384041+00:00, run_after=2026-06-04T14:52:05.384041+00:00
[2026-06-04T06:16:09.894+0000] {processor.py:179} INFO - Processing /opt/airflow/dags/S3_UPLOAD_DAG.py took 0.072 seconds
[2026-06-04T06:16:40.069+0000] {processor.py:157} INFO - Started process (PID=720) to work on /opt/airflow/dags/S3_UPLOAD_DAG.py
[2026-06-04T06:16:40.077+0000] {processor.py:829} INFO - Processing file /opt/airflow/dags/S3_UPLOAD_DAG.py for tasks to queue
[2026-06-04T06:16:40.078+0000] {logging_mixin.py:154} INFO - [2026-06-04T06:16:40.078+0000] {dagbag.py:536} INFO - Filling up the DagBag from /opt/airflow/dags/S3_UPLOAD_DAG.py
[2026-06-04T06:16:40.090+0000] {processor.py:839} INFO - DAG(s) dict_keys(['daily_vulnerability_ingestion']) retrieved from /opt/airflow/dags/S3_UPLOAD_DAG.py
[2026-06-04T06:16:40.111+0000] {logging_mixin.py:154} INFO - [2026-06-04T06:16:40.111+0000] {dag.py:2941} INFO - Sync 1 DAGs
[2026-06-04T06:16:40.130+0000] {logging_mixin.py:154} INFO - [2026-06-04T06:16:40.130+0000] {dag.py:3722} INFO - Setting next_dagrun for daily_vulnerability_ingestion to 2026-06-03T14:52:05.384041+00:00, run_after=2026-06-04T14:52:05.384041+00:00
[2026-06-04T06:16:40.143+0000] {processor.py:179} INFO - Processing /opt/airflow/dags/S3_UPLOAD_DAG.py took 0.080 seconds
[2026-06-04T06:17:05.238+0000] {processor.py:157} INFO - Started process (PID=725) to work on /opt/airflow/dags/S3_UPLOAD_DAG.py
[2026-06-04T06:17:05.239+0000] {processor.py:829} INFO - Processing file /opt/airflow/dags/S3_UPLOAD_DAG.py for tasks to queue
[2026-06-04T06:17:05.241+0000] {logging_mixin.py:154} INFO - [2026-06-04T06:17:05.241+0000] {dagbag.py:536} INFO - Filling up the DagBag from /opt/airflow/dags/S3_UPLOAD_DAG.py
[2026-06-04T06:17:05.262+0000] {processor.py:839} INFO - DAG(s) dict_keys(['daily_vulnerability_ingestion']) retrieved from /opt/airflow/dags/S3_UPLOAD_DAG.py
[2026-06-04T06:17:05.283+0000] {logging_mixin.py:154} INFO - [2026-06-04T06:17:05.283+0000] {dag.py:2941} INFO - Sync 1 DAGs
[2026-06-04T06:17:05.300+0000] {logging_mixin.py:154} INFO - [2026-06-04T06:17:05.300+0000] {dag.py:3722} INFO - Setting next_dagrun for daily_vulnerability_ingestion to 2026-06-03T14:52:05.384041+00:00, run_after=2026-06-04T14:52:05.384041+00:00
[2026-06-04T06:17:05.316+0000] {processor.py:179} INFO - Processing /opt/airflow/dags/S3_UPLOAD_DAG.py took 0.086 seconds
[2026-06-04T06:17:07.318+0000] {processor.py:157} INFO - Started process (PID=730) to work on /opt/airflow/dags/S3_UPLOAD_DAG.py
[2026-06-04T06:17:07.321+0000] {processor.py:829} INFO - Processing file /opt/airflow/dags/S3_UPLOAD_DAG.py for tasks to queue
[2026-06-04T06:17:07.324+0000] {logging_mixin.py:154} INFO - [2026-06-04T06:17:07.323+0000] {dagbag.py:536} INFO - Filling up the DagBag from /opt/airflow/dags/S3_UPLOAD_DAG.py
[2026-06-04T06:17:07.380+0000] {processor.py:839} INFO - DAG(s) dict_keys(['daily_vulnerability_ingestion']) retrieved from /opt/airflow/dags/S3_UPLOAD_DAG.py
[2026-06-04T06:17:07.420+0000] {logging_mixin.py:154} INFO - [2026-06-04T06:17:07.419+0000] {dag.py:2941} INFO - Sync 1 DAGs
[2026-06-04T06:17:07.445+0000] {logging_mixin.py:154} INFO - [2026-06-04T06:17:07.444+0000] {dag.py:3722} INFO - Setting next_dagrun for daily_vulnerability_ingestion to 2026-06-03T14:52:05.384041+00:00, run_after=2026-06-04T14:52:05.384041+00:00
[2026-06-04T06:17:07.464+0000] {processor.py:179} INFO - Processing /opt/airflow/dags/S3_UPLOAD_DAG.py took 0.158 seconds
[2026-06-04T06:17:37.518+0000] {processor.py:157} INFO - Started process (PID=735) to work on /opt/airflow/dags/S3_UPLOAD_DAG.py
[2026-06-04T06:17:37.527+0000] {processor.py:829} INFO - Processing file /opt/airflow/dags/S3_UPLOAD_DAG.py for tasks to queue
[2026-06-04T06:17:37.528+0000] {logging_mixin.py:154} INFO - [2026-06-04T06:17:37.528+0000] {dagbag.py:536} INFO - Filling up the DagBag from /opt/airflow/dags/S3_UPLOAD_DAG.py
[2026-06-04T06:17:37.542+0000] {processor.py:839} INFO - DAG(s) dict_keys(['daily_vulnerability_ingestion']) retrieved from /opt/airflow/dags/S3_UPLOAD_DAG.py
[2026-06-04T06:17:37.563+0000] {logging_mixin.py:154} INFO - [2026-06-04T06:17:37.562+0000] {dag.py:2941} INFO - Sync 1 DAGs
[2026-06-04T06:17:37.580+0000] {logging_mixin.py:154} INFO - [2026-06-04T06:17:37.580+0000] {dag.py:3722} INFO - Setting next_dagrun for daily_vulnerability_ingestion to 2026-06-03T14:52:05.384041+00:00, run_after=2026-06-04T14:52:05.384041+00:00
[2026-06-04T06:17:37.595+0000] {processor.py:179} INFO - Processing /opt/airflow/dags/S3_UPLOAD_DAG.py took 0.080 seconds
[2026-06-04T06:18:07.704+0000] {processor.py:157} INFO - Started process (PID=740) to work on /opt/airflow/dags/S3_UPLOAD_DAG.py
[2026-06-04T06:18:07.705+0000] {processor.py:829} INFO - Processing file /opt/airflow/dags/S3_UPLOAD_DAG.py for tasks to queue
[2026-06-04T06:18:07.706+0000] {logging_mixin.py:154} INFO - [2026-06-04T06:18:07.705+0000] {dagbag.py:536} INFO - Filling up the DagBag from /opt/airflow/dags/S3_UPLOAD_DAG.py
[2026-06-04T06:18:07.719+0000] {processor.py:839} INFO - DAG(s) dict_keys(['daily_vulnerability_ingestion']) retrieved from /opt/airflow/dags/S3_UPLOAD_DAG.py
[2026-06-04T06:18:07.737+0000] {logging_mixin.py:154} INFO - [2026-06-04T06:18:07.737+0000] {dag.py:2941} INFO - Sync 1 DAGs
[2026-06-04T06:18:07.755+0000] {logging_mixin.py:154} INFO - [2026-06-04T06:18:07.755+0000] {dag.py:3722} INFO - Setting next_dagrun for daily_vulnerability_ingestion to 2026-06-03T14:52:05.384041+00:00, run_after=2026-06-04T14:52:05.384041+00:00
[2026-06-04T06:18:07.767+0000] {processor.py:179} INFO - Processing /opt/airflow/dags/S3_UPLOAD_DAG.py took 0.068 seconds
[2026-06-04T06:18:37.866+0000] {processor.py:157} INFO - Started process (PID=745) to work on /opt/airflow/dags/S3_UPLOAD_DAG.py
[2026-06-04T06:18:37.875+0000] {processor.py:829} INFO - Processing file /opt/airflow/dags/S3_UPLOAD_DAG.py for tasks to queue
[2026-06-04T06:18:37.876+0000] {logging_mixin.py:154} INFO - [2026-06-04T06:18:37.876+0000] {dagbag.py:536} INFO - Filling up the DagBag from /opt/airflow/dags/S3_UPLOAD_DAG.py
[2026-06-04T06:18:37.888+0000] {processor.py:839} INFO - DAG(s) dict_keys(['daily_vulnerability_ingestion']) retrieved from /opt/airflow/dags/S3_UPLOAD_DAG.py
[2026-06-04T06:18:37.910+0000] {logging_mixin.py:154} INFO - [2026-06-04T06:18:37.910+0000] {dag.py:2941} INFO - Sync 1 DAGs
[2026-06-04T06:18:37.930+0000] {logging_mixin.py:154} INFO - [2026-06-04T06:18:37.930+0000] {dag.py:3722} INFO - Setting next_dagrun for daily_vulnerability_ingestion to 2026-06-03T14:52:05.384041+00:00, run_after=2026-06-04T14:52:05.384041+00:00
[2026-06-04T06:18:37.949+0000] {processor.py:179} INFO - Processing /opt/airflow/dags/S3_UPLOAD_DAG.py took 0.086 seconds
[2026-06-04T06:19:08.012+0000] {processor.py:157} INFO - Started process (PID=750) to work on /opt/airflow/dags/S3_UPLOAD_DAG.py
[2026-06-04T06:19:08.013+0000] {processor.py:829} INFO - Processing file /opt/airflow/dags/S3_UPLOAD_DAG.py for tasks to queue
[2026-06-04T06:19:08.014+0000] {logging_mixin.py:154} INFO - [2026-06-04T06:19:08.014+0000] {dagbag.py:536} INFO - Filling up the DagBag from /opt/airflow/dags/S3_UPLOAD_DAG.py
[2026-06-04T06:19:08.033+0000] {processor.py:839} INFO - DAG(s) dict_keys(['daily_vulnerability_ingestion']) retrieved from /opt/airflow/dags/S3_UPLOAD_DAG.py
[2026-06-04T06:19:08.054+0000] {logging_mixin.py:154} INFO - [2026-06-04T06:19:08.054+0000] {dag.py:2941} INFO - Sync 1 DAGs
[2026-06-04T06:19:08.074+0000] {logging_mixin.py:154} INFO - [2026-06-04T06:19:08.073+0000] {dag.py:3722} INFO - Setting next_dagrun for daily_vulnerability_ingestion to 2026-06-03T14:52:05.384041+00:00, run_after=2026-06-04T14:52:05.384041+00:00
[2026-06-04T06:19:08.087+0000] {processor.py:179} INFO - Processing /opt/airflow/dags/S3_UPLOAD_DAG.py took 0.080 seconds
[2026-06-04T06:19:38.220+0000] {processor.py:157} INFO - Started process (PID=755) to work on /opt/airflow/dags/S3_UPLOAD_DAG.py
[2026-06-04T06:19:38.229+0000] {processor.py:829} INFO - Processing file /opt/airflow/dags/S3_UPLOAD_DAG.py for tasks to queue
[2026-06-04T06:19:38.230+0000] {logging_mixin.py:154} INFO - [2026-06-04T06:19:38.230+0000] {dagbag.py:536} INFO - Filling up the DagBag from /opt/airflow/dags/S3_UPLOAD_DAG.py
[2026-06-04T06:19:38.244+0000] {processor.py:839} INFO - DAG(s) dict_keys(['daily_vulnerability_ingestion']) retrieved from /opt/airflow/dags/S3_UPLOAD_DAG.py
[2026-06-04T06:19:38.266+0000] {logging_mixin.py:154} INFO - [2026-06-04T06:19:38.266+0000] {dag.py:2941} INFO - Sync 1 DAGs
[2026-06-04T06:19:38.285+0000] {logging_mixin.py:154} INFO - [2026-06-04T06:19:38.285+0000] {dag.py:3722} INFO - Setting next_dagrun for daily_vulnerability_ingestion to 2026-06-03T14:52:05.384041+00:00, run_after=2026-06-04T14:52:05.384041+00:00
[2026-06-04T06:19:38.304+0000] {processor.py:179} INFO - Processing /opt/airflow/dags/S3_UPLOAD_DAG.py took 0.087 seconds
[2026-06-04T06:20:08.383+0000] {processor.py:157} INFO - Started process (PID=760) to work on /opt/airflow/dags/S3_UPLOAD_DAG.py
[2026-06-04T06:20:08.383+0000] {processor.py:829} INFO - Processing file /opt/airflow/dags/S3_UPLOAD_DAG.py for tasks to queue
[2026-06-04T06:20:08.384+0000] {logging_mixin.py:154} INFO - [2026-06-04T06:20:08.384+0000] {dagbag.py:536} INFO - Filling up the DagBag from /opt/airflow/dags/S3_UPLOAD_DAG.py
[2026-06-04T06:20:08.399+0000] {processor.py:839} INFO - DAG(s) dict_keys(['daily_vulnerability_ingestion']) retrieved from /opt/airflow/dags/S3_UPLOAD_DAG.py
[2026-06-04T06:20:08.419+0000] {logging_mixin.py:154} INFO - [2026-06-04T06:20:08.419+0000] {dag.py:2941} INFO - Sync 1 DAGs
[2026-06-04T06:20:08.438+0000] {logging_mixin.py:154} INFO - [2026-06-04T06:20:08.437+0000] {dag.py:3722} INFO - Setting next_dagrun for daily_vulnerability_ingestion to 2026-06-03T14:52:05.384041+00:00, run_after=2026-06-04T14:52:05.384041+00:00
[2026-06-04T06:20:08.450+0000] {processor.py:179} INFO - Processing /opt/airflow/dags/S3_UPLOAD_DAG.py took 0.072 seconds
[2026-06-04T06:20:38.576+0000] {processor.py:157} INFO - Started process (PID=765) to work on /opt/airflow/dags/S3_UPLOAD_DAG.py
[2026-06-04T06:20:38.581+0000] {processor.py:829} INFO - Processing file /opt/airflow/dags/S3_UPLOAD_DAG.py for tasks to queue
[2026-06-04T06:20:38.582+0000] {logging_mixin.py:154} INFO - [2026-06-04T06:20:38.582+0000] {dagbag.py:536} INFO - Filling up the DagBag from /opt/airflow/dags/S3_UPLOAD_DAG.py
[2026-06-04T06:20:38.597+0000] {processor.py:839} INFO - DAG(s) dict_keys(['daily_vulnerability_ingestion']) retrieved from /opt/airflow/dags/S3_UPLOAD_DAG.py
[2026-06-04T06:20:38.622+0000] {logging_mixin.py:154} INFO - [2026-06-04T06:20:38.622+0000] {dag.py:2941} INFO - Sync 1 DAGs
[2026-06-04T06:20:38.642+0000] {logging_mixin.py:154} INFO - [2026-06-04T06:20:38.642+0000] {dag.py:3722} INFO - Setting next_dagrun for daily_vulnerability_ingestion to 2026-06-03T14:52:05.384041+00:00, run_after=2026-06-04T14:52:05.384041+00:00
[2026-06-04T06:20:38.667+0000] {processor.py:179} INFO - Processing /opt/airflow/dags/S3_UPLOAD_DAG.py took 0.095 seconds
[2026-06-04T06:21:08.750+0000] {processor.py:157} INFO - Started process (PID=770) to work on /opt/airflow/dags/S3_UPLOAD_DAG.py
[2026-06-04T06:21:08.751+0000] {processor.py:829} INFO - Processing file /opt/airflow/dags/S3_UPLOAD_DAG.py for tasks to queue
[2026-06-04T06:21:08.752+0000] {logging_mixin.py:154} INFO - [2026-06-04T06:21:08.751+0000] {dagbag.py:536} INFO - Filling up the DagBag from /opt/airflow/dags/S3_UPLOAD_DAG.py
[2026-06-04T06:21:08.768+0000] {processor.py:839} INFO - DAG(s) dict_keys(['daily_vulnerability_ingestion']) retrieved from /opt/airflow/dags/S3_UPLOAD_DAG.py
[2026-06-04T06:21:08.786+0000] {logging_mixin.py:154} INFO - [2026-06-04T06:21:08.786+0000] {dag.py:2941} INFO - Sync 1 DAGs
[2026-06-04T06:21:08.806+0000] {logging_mixin.py:154} INFO - [2026-06-04T06:21:08.806+0000] {dag.py:3722} INFO - Setting next_dagrun for daily_vulnerability_ingestion to 2026-06-03T14:52:05.384041+00:00, run_after=2026-06-04T14:52:05.384041+00:00
[2026-06-04T06:21:08.823+0000] {processor.py:179} INFO - Processing /opt/airflow/dags/S3_UPLOAD_DAG.py took 0.077 seconds
[2026-06-04T06:21:38.969+0000] {processor.py:157} INFO - Started process (PID=775) to work on /opt/airflow/dags/S3_UPLOAD_DAG.py
[2026-06-04T06:21:38.978+0000] {processor.py:829} INFO - Processing file /opt/airflow/dags/S3_UPLOAD_DAG.py for tasks to queue
[2026-06-04T06:21:38.979+0000] {logging_mixin.py:154} INFO - [2026-06-04T06:21:38.979+0000] {dagbag.py:536} INFO - Filling up the DagBag from /opt/airflow/dags/S3_UPLOAD_DAG.py
[2026-06-04T06:21:38.989+0000] {processor.py:839} INFO - DAG(s) dict_keys(['daily_vulnerability_ingestion']) retrieved from /opt/airflow/dags/S3_UPLOAD_DAG.py
[2026-06-04T06:21:39.009+0000] {logging_mixin.py:154} INFO - [2026-06-04T06:21:39.008+0000] {dag.py:2941} INFO - Sync 1 DAGs
[2026-06-04T06:21:39.026+0000] {logging_mixin.py:154} INFO - [2026-06-04T06:21:39.026+0000] {dag.py:3722} INFO - Setting next_dagrun for daily_vulnerability_ingestion to 2026-06-03T14:52:05.384041+00:00, run_after=2026-06-04T14:52:05.384041+00:00
[2026-06-04T06:21:39.040+0000] {processor.py:179} INFO - Processing /opt/airflow/dags/S3_UPLOAD_DAG.py took 0.075 seconds
[2026-06-04T06:22:09.152+0000] {processor.py:157} INFO - Started process (PID=780) to work on /opt/airflow/dags/S3_UPLOAD_DAG.py
[2026-06-04T06:22:09.152+0000] {processor.py:829} INFO - Processing file /opt/airflow/dags/S3_UPLOAD_DAG.py for tasks to queue
[2026-06-04T06:22:09.153+0000] {logging_mixin.py:154} INFO - [2026-06-04T06:22:09.153+0000] {dagbag.py:536} INFO - Filling up the DagBag from /opt/airflow/dags/S3_UPLOAD_DAG.py
[2026-06-04T06:22:09.166+0000] {processor.py:839} INFO - DAG(s) dict_keys(['daily_vulnerability_ingestion']) retrieved from /opt/airflow/dags/S3_UPLOAD_DAG.py
[2026-06-04T06:22:09.185+0000] {logging_mixin.py:154} INFO - [2026-06-04T06:22:09.185+0000] {dag.py:2941} INFO - Sync 1 DAGs
[2026-06-04T06:22:09.203+0000] {logging_mixin.py:154} INFO - [2026-06-04T06:22:09.203+0000] {dag.py:3722} INFO - Setting next_dagrun for daily_vulnerability_ingestion to 2026-06-03T14:52:05.384041+00:00, run_after=2026-06-04T14:52:05.384041+00:00
[2026-06-04T06:22:09.218+0000] {processor.py:179} INFO - Processing /opt/airflow/dags/S3_UPLOAD_DAG.py took 0.070 seconds
[2026-06-04T06:22:39.350+0000] {processor.py:157} INFO - Started process (PID=785) to work on /opt/airflow/dags/S3_UPLOAD_DAG.py
[2026-06-04T06:22:39.352+0000] {processor.py:829} INFO - Processing file /opt/airflow/dags/S3_UPLOAD_DAG.py for tasks to queue
[2026-06-04T06:22:39.353+0000] {logging_mixin.py:154} INFO - [2026-06-04T06:22:39.352+0000] {dagbag.py:536} INFO - Filling up the DagBag from /opt/airflow/dags/S3_UPLOAD_DAG.py
[2026-06-04T06:22:39.374+0000] {processor.py:839} INFO - DAG(s) dict_keys(['daily_vulnerability_ingestion']) retrieved from /opt/airflow/dags/S3_UPLOAD_DAG.py
[2026-06-04T06:22:39.396+0000] {logging_mixin.py:154} INFO - [2026-06-04T06:22:39.396+0000] {dag.py:2941} INFO - Sync 1 DAGs
[2026-06-04T06:22:39.414+0000] {logging_mixin.py:154} INFO - [2026-06-04T06:22:39.414+0000] {dag.py:3722} INFO - Setting next_dagrun for daily_vulnerability_ingestion to 2026-06-03T14:52:05.384041+00:00, run_after=2026-06-04T14:52:05.384041+00:00
[2026-06-04T06:22:39.430+0000] {processor.py:179} INFO - Processing /opt/airflow/dags/S3_UPLOAD_DAG.py took 0.085 seconds
[2026-06-04T06:23:09.535+0000] {processor.py:157} INFO - Started process (PID=790) to work on /opt/airflow/dags/S3_UPLOAD_DAG.py
[2026-06-04T06:23:09.536+0000] {processor.py:829} INFO - Processing file /opt/airflow/dags/S3_UPLOAD_DAG.py for tasks to queue
[2026-06-04T06:23:09.537+0000] {logging_mixin.py:154} INFO - [2026-06-04T06:23:09.537+0000] {dagbag.py:536} INFO - Filling up the DagBag from /opt/airflow/dags/S3_UPLOAD_DAG.py
[2026-06-04T06:23:09.549+0000] {processor.py:839} INFO - DAG(s) dict_keys(['daily_vulnerability_ingestion']) retrieved from /opt/airflow/dags/S3_UPLOAD_DAG.py
[2026-06-04T06:23:09.573+0000] {logging_mixin.py:154} INFO - [2026-06-04T06:23:09.573+0000] {dag.py:2941} INFO - Sync 1 DAGs
[2026-06-04T06:23:09.591+0000] {logging_mixin.py:154} INFO - [2026-06-04T06:23:09.591+0000] {dag.py:3722} INFO - Setting next_dagrun for daily_vulnerability_ingestion to 2026-06-03T14:52:05.384041+00:00, run_after=2026-06-04T14:52:05.384041+00:00
[2026-06-04T06:23:09.605+0000] {processor.py:179} INFO - Processing /opt/airflow/dags/S3_UPLOAD_DAG.py took 0.075 seconds
[2026-06-04T06:23:39.753+0000] {processor.py:157} INFO - Started process (PID=795) to work on /opt/airflow/dags/S3_UPLOAD_DAG.py
[2026-06-04T06:23:39.762+0000] {processor.py:829} INFO - Processing file /opt/airflow/dags/S3_UPLOAD_DAG.py for tasks to queue
[2026-06-04T06:23:39.763+0000] {logging_mixin.py:154} INFO - [2026-06-04T06:23:39.762+0000] {dagbag.py:536} INFO - Filling up the DagBag from /opt/airflow/dags/S3_UPLOAD_DAG.py
[2026-06-04T06:23:39.775+0000] {processor.py:839} INFO - DAG(s) dict_keys(['daily_vulnerability_ingestion']) retrieved from /opt/airflow/dags/S3_UPLOAD_DAG.py
[2026-06-04T06:23:39.794+0000] {logging_mixin.py:154} INFO - [2026-06-04T06:23:39.794+0000] {dag.py:2941} INFO - Sync 1 DAGs
[2026-06-04T06:23:39.810+0000] {logging_mixin.py:154} INFO - [2026-06-04T06:23:39.810+0000] {dag.py:3722} INFO - Setting next_dagrun for daily_vulnerability_ingestion to 2026-06-03T14:52:05.384041+00:00, run_after=2026-06-04T14:52:05.384041+00:00
[2026-06-04T06:23:39.823+0000] {processor.py:179} INFO - Processing /opt/airflow/dags/S3_UPLOAD_DAG.py took 0.075 seconds
[2026-06-04T06:24:09.953+0000] {processor.py:157} INFO - Started process (PID=800) to work on /opt/airflow/dags/S3_UPLOAD_DAG.py
[2026-06-04T06:24:09.956+0000] {processor.py:829} INFO - Processing file /opt/airflow/dags/S3_UPLOAD_DAG.py for tasks to queue
[2026-06-04T06:24:09.960+0000] {logging_mixin.py:154} INFO - [2026-06-04T06:24:09.958+0000] {dagbag.py:536} INFO - Filling up the DagBag from /opt/airflow/dags/S3_UPLOAD_DAG.py
[2026-06-04T06:24:10.002+0000] {processor.py:839} INFO - DAG(s) dict_keys(['daily_vulnerability_ingestion']) retrieved from /opt/airflow/dags/S3_UPLOAD_DAG.py
[2026-06-04T06:24:10.039+0000] {logging_mixin.py:154} INFO - [2026-06-04T06:24:10.039+0000] {dag.py:2941} INFO - Sync 1 DAGs
[2026-06-04T06:24:10.080+0000] {logging_mixin.py:154} INFO - [2026-06-04T06:24:10.080+0000] {dag.py:3722} INFO - Setting next_dagrun for daily_vulnerability_ingestion to 2026-06-03T14:52:05.384041+00:00, run_after=2026-06-04T14:52:05.384041+00:00
[2026-06-04T06:24:10.106+0000] {processor.py:179} INFO - Processing /opt/airflow/dags/S3_UPLOAD_DAG.py took 0.165 seconds
[2026-06-04T06:24:40.154+0000] {processor.py:157} INFO - Started process (PID=805) to work on /opt/airflow/dags/S3_UPLOAD_DAG.py
[2026-06-04T06:24:40.163+0000] {processor.py:829} INFO - Processing file /opt/airflow/dags/S3_UPLOAD_DAG.py for tasks to queue
[2026-06-04T06:24:40.163+0000] {logging_mixin.py:154} INFO - [2026-06-04T06:24:40.163+0000] {dagbag.py:536} INFO - Filling up the DagBag from /opt/airflow/dags/S3_UPLOAD_DAG.py
[2026-06-04T06:24:40.175+0000] {processor.py:839} INFO - DAG(s) dict_keys(['daily_vulnerability_ingestion']) retrieved from /opt/airflow/dags/S3_UPLOAD_DAG.py
[2026-06-04T06:24:40.195+0000] {logging_mixin.py:154} INFO - [2026-06-04T06:24:40.195+0000] {dag.py:2941} INFO - Sync 1 DAGs
[2026-06-04T06:24:40.214+0000] {logging_mixin.py:154} INFO - [2026-06-04T06:24:40.214+0000] {dag.py:3722} INFO - Setting next_dagrun for daily_vulnerability_ingestion to 2026-06-03T14:52:05.384041+00:00, run_after=2026-06-04T14:52:05.384041+00:00
[2026-06-04T06:24:40.229+0000] {processor.py:179} INFO - Processing /opt/airflow/dags/S3_UPLOAD_DAG.py took 0.080 seconds
[2026-06-04T06:25:10.351+0000] {processor.py:157} INFO - Started process (PID=810) to work on /opt/airflow/dags/S3_UPLOAD_DAG.py
[2026-06-04T06:25:10.353+0000] {processor.py:829} INFO - Processing file /opt/airflow/dags/S3_UPLOAD_DAG.py for tasks to queue
[2026-06-04T06:25:10.355+0000] {logging_mixin.py:154} INFO - [2026-06-04T06:25:10.354+0000] {dagbag.py:536} INFO - Filling up the DagBag from /opt/airflow/dags/S3_UPLOAD_DAG.py
[2026-06-04T06:25:10.392+0000] {processor.py:839} INFO - DAG(s) dict_keys(['daily_vulnerability_ingestion']) retrieved from /opt/airflow/dags/S3_UPLOAD_DAG.py
[2026-06-04T06:25:10.437+0000] {logging_mixin.py:154} INFO - [2026-06-04T06:25:10.437+0000] {dag.py:2941} INFO - Sync 1 DAGs
[2026-06-04T06:25:10.474+0000] {logging_mixin.py:154} INFO - [2026-06-04T06:25:10.474+0000] {dag.py:3722} INFO - Setting next_dagrun for daily_vulnerability_ingestion to 2026-06-03T14:52:05.384041+00:00, run_after=2026-06-04T14:52:05.384041+00:00
[2026-06-04T06:25:10.507+0000] {processor.py:179} INFO - Processing /opt/airflow/dags/S3_UPLOAD_DAG.py took 0.166 seconds
[2026-06-04T06:25:40.573+0000] {processor.py:157} INFO - Started process (PID=815) to work on /opt/airflow/dags/S3_UPLOAD_DAG.py
[2026-06-04T06:25:40.574+0000] {processor.py:829} INFO - Processing file /opt/airflow/dags/S3_UPLOAD_DAG.py for tasks to queue
[2026-06-04T06:25:40.575+0000] {logging_mixin.py:154} INFO - [2026-06-04T06:25:40.574+0000] {dagbag.py:536} INFO - Filling up the DagBag from /opt/airflow/dags/S3_UPLOAD_DAG.py
[2026-06-04T06:25:40.590+0000] {processor.py:839} INFO - DAG(s) dict_keys(['daily_vulnerability_ingestion']) retrieved from /opt/airflow/dags/S3_UPLOAD_DAG.py
[2026-06-04T06:25:40.618+0000] {logging_mixin.py:154} INFO - [2026-06-04T06:25:40.618+0000] {dag.py:2941} INFO - Sync 1 DAGs
[2026-06-04T06:25:40.640+0000] {logging_mixin.py:154} INFO - [2026-06-04T06:25:40.640+0000] {dag.py:3722} INFO - Setting next_dagrun for daily_vulnerability_ingestion to 2026-06-03T14:52:05.384041+00:00, run_after=2026-06-04T14:52:05.384041+00:00
[2026-06-04T06:25:40.657+0000] {processor.py:179} INFO - Processing /opt/airflow/dags/S3_UPLOAD_DAG.py took 0.088 seconds
[2026-06-04T06:26:10.759+0000] {processor.py:157} INFO - Started process (PID=820) to work on /opt/airflow/dags/S3_UPLOAD_DAG.py
[2026-06-04T06:26:10.760+0000] {processor.py:829} INFO - Processing file /opt/airflow/dags/S3_UPLOAD_DAG.py for tasks to queue
[2026-06-04T06:26:10.761+0000] {logging_mixin.py:154} INFO - [2026-06-04T06:26:10.760+0000] {dagbag.py:536} INFO - Filling up the DagBag from /opt/airflow/dags/S3_UPLOAD_DAG.py
[2026-06-04T06:26:10.774+0000] {processor.py:839} INFO - DAG(s) dict_keys(['daily_vulnerability_ingestion']) retrieved from /opt/airflow/dags/S3_UPLOAD_DAG.py
[2026-06-04T06:26:10.796+0000] {logging_mixin.py:154} INFO - [2026-06-04T06:26:10.796+0000] {dag.py:2941} INFO - Sync 1 DAGs
[2026-06-04T06:26:10.815+0000] {logging_mixin.py:154} INFO - [2026-06-04T06:26:10.815+0000] {dag.py:3722} INFO - Setting next_dagrun for daily_vulnerability_ingestion to 2026-06-03T14:52:05.384041+00:00, run_after=2026-06-04T14:52:05.384041+00:00
[2026-06-04T06:26:10.831+0000] {processor.py:179} INFO - Processing /opt/airflow/dags/S3_UPLOAD_DAG.py took 0.077 seconds
[2026-06-04T06:26:40.997+0000] {processor.py:157} INFO - Started process (PID=825) to work on /opt/airflow/dags/S3_UPLOAD_DAG.py
[2026-06-04T06:26:41.007+0000] {processor.py:829} INFO - Processing file /opt/airflow/dags/S3_UPLOAD_DAG.py for tasks to queue
[2026-06-04T06:26:41.010+0000] {logging_mixin.py:154} INFO - [2026-06-04T06:26:41.009+0000] {dagbag.py:536} INFO - Filling up the DagBag from /opt/airflow/dags/S3_UPLOAD_DAG.py
[2026-06-04T06:26:41.061+0000] {processor.py:839} INFO - DAG(s) dict_keys(['daily_vulnerability_ingestion']) retrieved from /opt/airflow/dags/S3_UPLOAD_DAG.py
[2026-06-04T06:26:41.123+0000] {logging_mixin.py:154} INFO - [2026-06-04T06:26:41.123+0000] {dag.py:2941} INFO - Sync 1 DAGs
[2026-06-04T06:26:41.155+0000] {logging_mixin.py:154} INFO - [2026-06-04T06:26:41.155+0000] {dag.py:3722} INFO - Setting next_dagrun for daily_vulnerability_ingestion to 2026-06-03T14:52:05.384041+00:00, run_after=2026-06-04T14:52:05.384041+00:00
[2026-06-04T06:26:41.179+0000] {processor.py:179} INFO - Processing /opt/airflow/dags/S3_UPLOAD_DAG.py took 0.193 seconds
[2026-06-04T06:27:11.392+0000] {processor.py:157} INFO - Started process (PID=830) to work on /opt/airflow/dags/S3_UPLOAD_DAG.py
[2026-06-04T06:27:11.395+0000] {processor.py:829} INFO - Processing file /opt/airflow/dags/S3_UPLOAD_DAG.py for tasks to queue
[2026-06-04T06:27:11.398+0000] {logging_mixin.py:154} INFO - [2026-06-04T06:27:11.397+0000] {dagbag.py:536} INFO - Filling up the DagBag from /opt/airflow/dags/S3_UPLOAD_DAG.py
[2026-06-04T06:27:11.446+0000] {processor.py:839} INFO - DAG(s) dict_keys(['daily_vulnerability_ingestion']) retrieved from /opt/airflow/dags/S3_UPLOAD_DAG.py
[2026-06-04T06:27:11.536+0000] {logging_mixin.py:154} INFO - [2026-06-04T06:27:11.535+0000] {dag.py:2941} INFO - Sync 1 DAGs
[2026-06-04T06:27:11.585+0000] {logging_mixin.py:154} INFO - [2026-06-04T06:27:11.585+0000] {dag.py:3722} INFO - Setting next_dagrun for daily_vulnerability_ingestion to 2026-06-03T14:52:05.384041+00:00, run_after=2026-06-04T14:52:05.384041+00:00
[2026-06-04T06:27:11.621+0000] {processor.py:179} INFO - Processing /opt/airflow/dags/S3_UPLOAD_DAG.py took 0.239 seconds
[2026-06-04T06:27:41.835+0000] {processor.py:157} INFO - Started process (PID=835) to work on /opt/airflow/dags/S3_UPLOAD_DAG.py
[2026-06-04T06:27:41.845+0000] {processor.py:829} INFO - Processing file /opt/airflow/dags/S3_UPLOAD_DAG.py for tasks to queue
[2026-06-04T06:27:41.846+0000] {logging_mixin.py:154} INFO - [2026-06-04T06:27:41.846+0000] {dagbag.py:536} INFO - Filling up the DagBag from /opt/airflow/dags/S3_UPLOAD_DAG.py
[2026-06-04T06:27:41.862+0000] {processor.py:839} INFO - DAG(s) dict_keys(['daily_vulnerability_ingestion']) retrieved from /opt/airflow/dags/S3_UPLOAD_DAG.py
[2026-06-04T06:27:41.882+0000] {logging_mixin.py:154} INFO - [2026-06-04T06:27:41.882+0000] {dag.py:2941} INFO - Sync 1 DAGs
[2026-06-04T06:27:41.903+0000] {logging_mixin.py:154} INFO - [2026-06-04T06:27:41.902+0000] {dag.py:3722} INFO - Setting next_dagrun for daily_vulnerability_ingestion to 2026-06-03T14:52:05.384041+00:00, run_after=2026-06-04T14:52:05.384041+00:00
[2026-06-04T06:27:41.917+0000] {processor.py:179} INFO - Processing /opt/airflow/dags/S3_UPLOAD_DAG.py took 0.087 seconds
[2026-06-04T06:28:11.983+0000] {processor.py:157} INFO - Started process (PID=840) to work on /opt/airflow/dags/S3_UPLOAD_DAG.py
[2026-06-04T06:28:11.984+0000] {processor.py:829} INFO - Processing file /opt/airflow/dags/S3_UPLOAD_DAG.py for tasks to queue
[2026-06-04T06:28:11.984+0000] {logging_mixin.py:154} INFO - [2026-06-04T06:28:11.984+0000] {dagbag.py:536} INFO - Filling up the DagBag from /opt/airflow/dags/S3_UPLOAD_DAG.py
[2026-06-04T06:28:12.003+0000] {processor.py:839} INFO - DAG(s) dict_keys(['daily_vulnerability_ingestion']) retrieved from /opt/airflow/dags/S3_UPLOAD_DAG.py
[2026-06-04T06:28:12.037+0000] {logging_mixin.py:154} INFO - [2026-06-04T06:28:12.036+0000] {dag.py:2941} INFO - Sync 1 DAGs
[2026-06-04T06:28:12.061+0000] {logging_mixin.py:154} INFO - [2026-06-04T06:28:12.061+0000] {dag.py:3722} INFO - Setting next_dagrun for daily_vulnerability_ingestion to 2026-06-03T14:52:05.384041+00:00, run_after=2026-06-04T14:52:05.384041+00:00
[2026-06-04T06:28:12.081+0000] {processor.py:179} INFO - Processing /opt/airflow/dags/S3_UPLOAD_DAG.py took 0.103 seconds
[2026-06-04T06:28:42.231+0000] {processor.py:157} INFO - Started process (PID=845) to work on /opt/airflow/dags/S3_UPLOAD_DAG.py
[2026-06-04T06:28:42.240+0000] {processor.py:829} INFO - Processing file /opt/airflow/dags/S3_UPLOAD_DAG.py for tasks to queue
[2026-06-04T06:28:42.241+0000] {logging_mixin.py:154} INFO - [2026-06-04T06:28:42.240+0000] {dagbag.py:536} INFO - Filling up the DagBag from /opt/airflow/dags/S3_UPLOAD_DAG.py
[2026-06-04T06:28:42.251+0000] {processor.py:839} INFO - DAG(s) dict_keys(['daily_vulnerability_ingestion']) retrieved from /opt/airflow/dags/S3_UPLOAD_DAG.py
[2026-06-04T06:28:42.274+0000] {logging_mixin.py:154} INFO - [2026-06-04T06:28:42.274+0000] {dag.py:2941} INFO - Sync 1 DAGs
[2026-06-04T06:28:42.299+0000] {logging_mixin.py:154} INFO - [2026-06-04T06:28:42.299+0000] {dag.py:3722} INFO - Setting next_dagrun for daily_vulnerability_ingestion to 2026-06-03T14:52:05.384041+00:00, run_after=2026-06-04T14:52:05.384041+00:00
[2026-06-04T06:28:42.316+0000] {processor.py:179} INFO - Processing /opt/airflow/dags/S3_UPLOAD_DAG.py took 0.090 seconds
[2026-06-04T06:29:12.396+0000] {processor.py:157} INFO - Started process (PID=850) to work on /opt/airflow/dags/S3_UPLOAD_DAG.py
[2026-06-04T06:29:12.398+0000] {processor.py:829} INFO - Processing file /opt/airflow/dags/S3_UPLOAD_DAG.py for tasks to queue
[2026-06-04T06:29:12.399+0000] {logging_mixin.py:154} INFO - [2026-06-04T06:29:12.398+0000] {dagbag.py:536} INFO - Filling up the DagBag from /opt/airflow/dags/S3_UPLOAD_DAG.py
[2026-06-04T06:29:12.418+0000] {processor.py:839} INFO - DAG(s) dict_keys(['daily_vulnerability_ingestion']) retrieved from /opt/airflow/dags/S3_UPLOAD_DAG.py
[2026-06-04T06:29:12.442+0000] {logging_mixin.py:154} INFO - [2026-06-04T06:29:12.442+0000] {dag.py:2941} INFO - Sync 1 DAGs
[2026-06-04T06:29:12.463+0000] {logging_mixin.py:154} INFO - [2026-06-04T06:29:12.462+0000] {dag.py:3722} INFO - Setting next_dagrun for daily_vulnerability_ingestion to 2026-06-03T14:52:05.384041+00:00, run_after=2026-06-04T14:52:05.384041+00:00
[2026-06-04T06:29:12.476+0000] {processor.py:179} INFO - Processing /opt/airflow/dags/S3_UPLOAD_DAG.py took 0.086 seconds
[2026-06-04T06:29:42.607+0000] {processor.py:157} INFO - Started process (PID=855) to work on /opt/airflow/dags/S3_UPLOAD_DAG.py
[2026-06-04T06:29:42.616+0000] {processor.py:829} INFO - Processing file /opt/airflow/dags/S3_UPLOAD_DAG.py for tasks to queue
[2026-06-04T06:29:42.617+0000] {logging_mixin.py:154} INFO - [2026-06-04T06:29:42.616+0000] {dagbag.py:536} INFO - Filling up the DagBag from /opt/airflow/dags/S3_UPLOAD_DAG.py
[2026-06-04T06:29:42.630+0000] {processor.py:839} INFO - DAG(s) dict_keys(['daily_vulnerability_ingestion']) retrieved from /opt/airflow/dags/S3_UPLOAD_DAG.py
[2026-06-04T06:29:42.650+0000] {logging_mixin.py:154} INFO - [2026-06-04T06:29:42.650+0000] {dag.py:2941} INFO - Sync 1 DAGs
[2026-06-04T06:29:42.668+0000] {logging_mixin.py:154} INFO - [2026-06-04T06:29:42.668+0000] {dag.py:3722} INFO - Setting next_dagrun for daily_vulnerability_ingestion to 2026-06-03T14:52:05.384041+00:00, run_after=2026-06-04T14:52:05.384041+00:00
[2026-06-04T06:29:42.688+0000] {processor.py:179} INFO - Processing /opt/airflow/dags/S3_UPLOAD_DAG.py took 0.083 seconds
[2026-06-04T06:30:12.777+0000] {processor.py:157} INFO - Started process (PID=860) to work on /opt/airflow/dags/S3_UPLOAD_DAG.py
[2026-06-04T06:30:12.779+0000] {processor.py:829} INFO - Processing file /opt/airflow/dags/S3_UPLOAD_DAG.py for tasks to queue
[2026-06-04T06:30:12.780+0000] {logging_mixin.py:154} INFO - [2026-06-04T06:30:12.779+0000] {dagbag.py:536} INFO - Filling up the DagBag from /opt/airflow/dags/S3_UPLOAD_DAG.py
[2026-06-04T06:30:12.801+0000] {processor.py:839} INFO - DAG(s) dict_keys(['daily_vulnerability_ingestion']) retrieved from /opt/airflow/dags/S3_UPLOAD_DAG.py
[2026-06-04T06:30:12.822+0000] {logging_mixin.py:154} INFO - [2026-06-04T06:30:12.822+0000] {dag.py:2941} INFO - Sync 1 DAGs
[2026-06-04T06:30:12.843+0000] {logging_mixin.py:154} INFO - [2026-06-04T06:30:12.843+0000] {dag.py:3722} INFO - Setting next_dagrun for daily_vulnerability_ingestion to 2026-06-03T14:52:05.384041+00:00, run_after=2026-06-04T14:52:05.384041+00:00
[2026-06-04T06:30:12.866+0000] {processor.py:179} INFO - Processing /opt/airflow/dags/S3_UPLOAD_DAG.py took 0.095 seconds
[2026-06-04T06:30:42.999+0000] {processor.py:157} INFO - Started process (PID=865) to work on /opt/airflow/dags/S3_UPLOAD_DAG.py
[2026-06-04T06:30:43.001+0000] {processor.py:829} INFO - Processing file /opt/airflow/dags/S3_UPLOAD_DAG.py for tasks to queue
[2026-06-04T06:30:43.003+0000] {logging_mixin.py:154} INFO - [2026-06-04T06:30:43.002+0000] {dagbag.py:536} INFO - Filling up the DagBag from /opt/airflow/dags/S3_UPLOAD_DAG.py
[2026-06-04T06:30:43.022+0000] {processor.py:839} INFO - DAG(s) dict_keys(['daily_vulnerability_ingestion']) retrieved from /opt/airflow/dags/S3_UPLOAD_DAG.py
[2026-06-04T06:30:43.044+0000] {logging_mixin.py:154} INFO - [2026-06-04T06:30:43.044+0000] {dag.py:2941} INFO - Sync 1 DAGs
[2026-06-04T06:30:43.063+0000] {logging_mixin.py:154} INFO - [2026-06-04T06:30:43.062+0000] {dag.py:3722} INFO - Setting next_dagrun for daily_vulnerability_ingestion to 2026-06-03T14:52:05.384041+00:00, run_after=2026-06-04T14:52:05.384041+00:00
[2026-06-04T06:30:43.077+0000] {processor.py:179} INFO - Processing /opt/airflow/dags/S3_UPLOAD_DAG.py took 0.083 seconds
[2026-06-04T06:31:13.161+0000] {processor.py:157} INFO - Started process (PID=870) to work on /opt/airflow/dags/S3_UPLOAD_DAG.py
[2026-06-04T06:31:13.170+0000] {processor.py:829} INFO - Processing file /opt/airflow/dags/S3_UPLOAD_DAG.py for tasks to queue
[2026-06-04T06:31:13.171+0000] {logging_mixin.py:154} INFO - [2026-06-04T06:31:13.171+0000] {dagbag.py:536} INFO - Filling up the DagBag from /opt/airflow/dags/S3_UPLOAD_DAG.py
[2026-06-04T06:31:13.193+0000] {processor.py:839} INFO - DAG(s) dict_keys(['daily_vulnerability_ingestion']) retrieved from /opt/airflow/dags/S3_UPLOAD_DAG.py
[2026-06-04T06:31:13.218+0000] {logging_mixin.py:154} INFO - [2026-06-04T06:31:13.218+0000] {dag.py:2941} INFO - Sync 1 DAGs
[2026-06-04T06:31:13.239+0000] {logging_mixin.py:154} INFO - [2026-06-04T06:31:13.239+0000] {dag.py:3722} INFO - Setting next_dagrun for daily_vulnerability_ingestion to 2026-06-03T14:52:05.384041+00:00, run_after=2026-06-04T14:52:05.384041+00:00
[2026-06-04T06:31:13.256+0000] {processor.py:179} INFO - Processing /opt/airflow/dags/S3_UPLOAD_DAG.py took 0.101 seconds
[2026-06-04T06:31:43.379+0000] {processor.py:157} INFO - Started process (PID=875) to work on /opt/airflow/dags/S3_UPLOAD_DAG.py
[2026-06-04T06:31:43.381+0000] {processor.py:829} INFO - Processing file /opt/airflow/dags/S3_UPLOAD_DAG.py for tasks to queue
[2026-06-04T06:31:43.383+0000] {logging_mixin.py:154} INFO - [2026-06-04T06:31:43.382+0000] {dagbag.py:536} INFO - Filling up the DagBag from /opt/airflow/dags/S3_UPLOAD_DAG.py
[2026-06-04T06:31:43.403+0000] {processor.py:839} INFO - DAG(s) dict_keys(['daily_vulnerability_ingestion']) retrieved from /opt/airflow/dags/S3_UPLOAD_DAG.py
[2026-06-04T06:31:43.423+0000] {logging_mixin.py:154} INFO - [2026-06-04T06:31:43.423+0000] {dag.py:2941} INFO - Sync 1 DAGs
[2026-06-04T06:31:43.440+0000] {logging_mixin.py:154} INFO - [2026-06-04T06:31:43.440+0000] {dag.py:3722} INFO - Setting next_dagrun for daily_vulnerability_ingestion to 2026-06-03T14:52:05.384041+00:00, run_after=2026-06-04T14:52:05.384041+00:00
[2026-06-04T06:31:43.454+0000] {processor.py:179} INFO - Processing /opt/airflow/dags/S3_UPLOAD_DAG.py took 0.081 seconds
[2026-06-04T06:32:13.633+0000] {processor.py:157} INFO - Started process (PID=880) to work on /opt/airflow/dags/S3_UPLOAD_DAG.py
[2026-06-04T06:32:13.643+0000] {processor.py:829} INFO - Processing file /opt/airflow/dags/S3_UPLOAD_DAG.py for tasks to queue
[2026-06-04T06:32:13.646+0000] {logging_mixin.py:154} INFO - [2026-06-04T06:32:13.645+0000] {dagbag.py:536} INFO - Filling up the DagBag from /opt/airflow/dags/S3_UPLOAD_DAG.py
[2026-06-04T06:32:13.694+0000] {processor.py:839} INFO - DAG(s) dict_keys(['daily_vulnerability_ingestion']) retrieved from /opt/airflow/dags/S3_UPLOAD_DAG.py
[2026-06-04T06:32:13.786+0000] {logging_mixin.py:154} INFO - [2026-06-04T06:32:13.786+0000] {dag.py:2941} INFO - Sync 1 DAGs
[2026-06-04T06:32:13.840+0000] {logging_mixin.py:154} INFO - [2026-06-04T06:32:13.840+0000] {dag.py:3722} INFO - Setting next_dagrun for daily_vulnerability_ingestion to 2026-06-03T14:52:05.384041+00:00, run_after=2026-06-04T14:52:05.384041+00:00
[2026-06-04T06:32:13.875+0000] {processor.py:179} INFO - Processing /opt/airflow/dags/S3_UPLOAD_DAG.py took 0.254 seconds
[2026-06-04T06:32:44.074+0000] {processor.py:157} INFO - Started process (PID=885) to work on /opt/airflow/dags/S3_UPLOAD_DAG.py
[2026-06-04T06:32:44.075+0000] {processor.py:829} INFO - Processing file /opt/airflow/dags/S3_UPLOAD_DAG.py for tasks to queue
[2026-06-04T06:32:44.076+0000] {logging_mixin.py:154} INFO - [2026-06-04T06:32:44.076+0000] {dagbag.py:536} INFO - Filling up the DagBag from /opt/airflow/dags/S3_UPLOAD_DAG.py
[2026-06-04T06:32:44.088+0000] {processor.py:839} INFO - DAG(s) dict_keys(['daily_vulnerability_ingestion']) retrieved from /opt/airflow/dags/S3_UPLOAD_DAG.py
[2026-06-04T06:32:44.110+0000] {logging_mixin.py:154} INFO - [2026-06-04T06:32:44.110+0000] {dag.py:2941} INFO - Sync 1 DAGs
[2026-06-04T06:32:44.129+0000] {logging_mixin.py:154} INFO - [2026-06-04T06:32:44.129+0000] {dag.py:3722} INFO - Setting next_dagrun for daily_vulnerability_ingestion to 2026-06-03T14:52:05.384041+00:00, run_after=2026-06-04T14:52:05.384041+00:00
[2026-06-04T06:32:44.156+0000] {processor.py:179} INFO - Processing /opt/airflow/dags/S3_UPLOAD_DAG.py took 0.086 seconds
[2026-06-04T06:33:14.255+0000] {processor.py:157} INFO - Started process (PID=890) to work on /opt/airflow/dags/S3_UPLOAD_DAG.py
[2026-06-04T06:33:14.264+0000] {processor.py:829} INFO - Processing file /opt/airflow/dags/S3_UPLOAD_DAG.py for tasks to queue
[2026-06-04T06:33:14.265+0000] {logging_mixin.py:154} INFO - [2026-06-04T06:33:14.265+0000] {dagbag.py:536} INFO - Filling up the DagBag from /opt/airflow/dags/S3_UPLOAD_DAG.py
[2026-06-04T06:33:14.279+0000] {processor.py:839} INFO - DAG(s) dict_keys(['daily_vulnerability_ingestion']) retrieved from /opt/airflow/dags/S3_UPLOAD_DAG.py
[2026-06-04T06:33:14.302+0000] {logging_mixin.py:154} INFO - [2026-06-04T06:33:14.301+0000] {dag.py:2941} INFO - Sync 1 DAGs
[2026-06-04T06:33:14.320+0000] {logging_mixin.py:154} INFO - [2026-06-04T06:33:14.319+0000] {dag.py:3722} INFO - Setting next_dagrun for daily_vulnerability_ingestion to 2026-06-03T14:52:05.384041+00:00, run_after=2026-06-04T14:52:05.384041+00:00
[2026-06-04T06:33:14.336+0000] {processor.py:179} INFO - Processing /opt/airflow/dags/S3_UPLOAD_DAG.py took 0.085 seconds
[2026-06-04T06:33:44.538+0000] {processor.py:157} INFO - Started process (PID=895) to work on /opt/airflow/dags/S3_UPLOAD_DAG.py
[2026-06-04T06:33:44.540+0000] {processor.py:829} INFO - Processing file /opt/airflow/dags/S3_UPLOAD_DAG.py for tasks to queue
[2026-06-04T06:33:44.543+0000] {logging_mixin.py:154} INFO - [2026-06-04T06:33:44.542+0000] {dagbag.py:536} INFO - Filling up the DagBag from /opt/airflow/dags/S3_UPLOAD_DAG.py
[2026-06-04T06:33:44.594+0000] {processor.py:839} INFO - DAG(s) dict_keys(['daily_vulnerability_ingestion']) retrieved from /opt/airflow/dags/S3_UPLOAD_DAG.py
[2026-06-04T06:33:44.647+0000] {logging_mixin.py:154} INFO - [2026-06-04T06:33:44.647+0000] {dag.py:2941} INFO - Sync 1 DAGs
[2026-06-04T06:33:44.694+0000] {logging_mixin.py:154} INFO - [2026-06-04T06:33:44.693+0000] {dag.py:3722} INFO - Setting next_dagrun for daily_vulnerability_ingestion to 2026-06-03T14:52:05.384041+00:00, run_after=2026-06-04T14:52:05.384041+00:00
[2026-06-04T06:33:44.729+0000] {processor.py:179} INFO - Processing /opt/airflow/dags/S3_UPLOAD_DAG.py took 0.205 seconds
[2026-06-04T06:34:14.879+0000] {processor.py:157} INFO - Started process (PID=900) to work on /opt/airflow/dags/S3_UPLOAD_DAG.py
[2026-06-04T06:34:14.880+0000] {processor.py:829} INFO - Processing file /opt/airflow/dags/S3_UPLOAD_DAG.py for tasks to queue
[2026-06-04T06:34:14.881+0000] {logging_mixin.py:154} INFO - [2026-06-04T06:34:14.880+0000] {dagbag.py:536} INFO - Filling up the DagBag from /opt/airflow/dags/S3_UPLOAD_DAG.py
[2026-06-04T06:34:14.893+0000] {processor.py:839} INFO - DAG(s) dict_keys(['daily_vulnerability_ingestion']) retrieved from /opt/airflow/dags/S3_UPLOAD_DAG.py
[2026-06-04T06:34:14.912+0000] {logging_mixin.py:154} INFO - [2026-06-04T06:34:14.912+0000] {dag.py:2941} INFO - Sync 1 DAGs
[2026-06-04T06:34:14.930+0000] {logging_mixin.py:154} INFO - [2026-06-04T06:34:14.930+0000] {dag.py:3722} INFO - Setting next_dagrun for daily_vulnerability_ingestion to 2026-06-03T14:52:05.384041+00:00, run_after=2026-06-04T14:52:05.384041+00:00
[2026-06-04T06:34:14.945+0000] {processor.py:179} INFO - Processing /opt/airflow/dags/S3_UPLOAD_DAG.py took 0.070 seconds
[2026-06-04T06:34:45.063+0000] {processor.py:157} INFO - Started process (PID=905) to work on /opt/airflow/dags/S3_UPLOAD_DAG.py
[2026-06-04T06:34:45.064+0000] {processor.py:829} INFO - Processing file /opt/airflow/dags/S3_UPLOAD_DAG.py for tasks to queue
[2026-06-04T06:34:45.065+0000] {logging_mixin.py:154} INFO - [2026-06-04T06:34:45.065+0000] {dagbag.py:536} INFO - Filling up the DagBag from /opt/airflow/dags/S3_UPLOAD_DAG.py
[2026-06-04T06:34:45.079+0000] {processor.py:839} INFO - DAG(s) dict_keys(['daily_vulnerability_ingestion']) retrieved from /opt/airflow/dags/S3_UPLOAD_DAG.py
[2026-06-04T06:34:45.099+0000] {logging_mixin.py:154} INFO - [2026-06-04T06:34:45.099+0000] {dag.py:2941} INFO - Sync 1 DAGs
[2026-06-04T06:34:45.117+0000] {logging_mixin.py:154} INFO - [2026-06-04T06:34:45.117+0000] {dag.py:3722} INFO - Setting next_dagrun for daily_vulnerability_ingestion to 2026-06-03T14:52:05.384041+00:00, run_after=2026-06-04T14:52:05.384041+00:00
[2026-06-04T06:34:45.133+0000] {processor.py:179} INFO - Processing /opt/airflow/dags/S3_UPLOAD_DAG.py took 0.073 seconds
[2026-06-04T06:35:15.266+0000] {processor.py:157} INFO - Started process (PID=910) to work on /opt/airflow/dags/S3_UPLOAD_DAG.py
[2026-06-04T06:35:15.275+0000] {processor.py:829} INFO - Processing file /opt/airflow/dags/S3_UPLOAD_DAG.py for tasks to queue
[2026-06-04T06:35:15.278+0000] {logging_mixin.py:154} INFO - [2026-06-04T06:35:15.277+0000] {dagbag.py:536} INFO - Filling up the DagBag from /opt/airflow/dags/S3_UPLOAD_DAG.py
[2026-06-04T06:35:15.300+0000] {processor.py:839} INFO - DAG(s) dict_keys(['daily_vulnerability_ingestion']) retrieved from /opt/airflow/dags/S3_UPLOAD_DAG.py
[2026-06-04T06:35:15.322+0000] {logging_mixin.py:154} INFO - [2026-06-04T06:35:15.322+0000] {dag.py:2941} INFO - Sync 1 DAGs
[2026-06-04T06:35:15.340+0000] {logging_mixin.py:154} INFO - [2026-06-04T06:35:15.340+0000] {dag.py:3722} INFO - Setting next_dagrun for daily_vulnerability_ingestion to 2026-06-03T14:52:05.384041+00:00, run_after=2026-06-04T14:52:05.384041+00:00
[2026-06-04T06:35:15.355+0000] {processor.py:179} INFO - Processing /opt/airflow/dags/S3_UPLOAD_DAG.py took 0.094 seconds
[2026-06-04T06:35:45.437+0000] {processor.py:157} INFO - Started process (PID=915) to work on /opt/airflow/dags/S3_UPLOAD_DAG.py
[2026-06-04T06:35:45.438+0000] {processor.py:829} INFO - Processing file /opt/airflow/dags/S3_UPLOAD_DAG.py for tasks to queue
[2026-06-04T06:35:45.439+0000] {logging_mixin.py:154} INFO - [2026-06-04T06:35:45.439+0000] {dagbag.py:536} INFO - Filling up the DagBag from /opt/airflow/dags/S3_UPLOAD_DAG.py
[2026-06-04T06:35:45.453+0000] {processor.py:839} INFO - DAG(s) dict_keys(['daily_vulnerability_ingestion']) retrieved from /opt/airflow/dags/S3_UPLOAD_DAG.py
[2026-06-04T06:35:45.474+0000] {logging_mixin.py:154} INFO - [2026-06-04T06:35:45.474+0000] {dag.py:2941} INFO - Sync 1 DAGs
[2026-06-04T06:35:45.493+0000] {logging_mixin.py:154} INFO - [2026-06-04T06:35:45.493+0000] {dag.py:3722} INFO - Setting next_dagrun for daily_vulnerability_ingestion to 2026-06-03T14:52:05.384041+00:00, run_after=2026-06-04T14:52:05.384041+00:00
[2026-06-04T06:35:45.510+0000] {processor.py:179} INFO - Processing /opt/airflow/dags/S3_UPLOAD_DAG.py took 0.077 seconds
[2026-06-04T06:36:15.678+0000] {processor.py:157} INFO - Started process (PID=920) to work on /opt/airflow/dags/S3_UPLOAD_DAG.py
[2026-06-04T06:36:15.688+0000] {processor.py:829} INFO - Processing file /opt/airflow/dags/S3_UPLOAD_DAG.py for tasks to queue
[2026-06-04T06:36:15.689+0000] {logging_mixin.py:154} INFO - [2026-06-04T06:36:15.688+0000] {dagbag.py:536} INFO - Filling up the DagBag from /opt/airflow/dags/S3_UPLOAD_DAG.py
[2026-06-04T06:36:15.712+0000] {processor.py:839} INFO - DAG(s) dict_keys(['daily_vulnerability_ingestion']) retrieved from /opt/airflow/dags/S3_UPLOAD_DAG.py
[2026-06-04T06:36:15.739+0000] {logging_mixin.py:154} INFO - [2026-06-04T06:36:15.739+0000] {dag.py:2941} INFO - Sync 1 DAGs
[2026-06-04T06:36:15.759+0000] {logging_mixin.py:154} INFO - [2026-06-04T06:36:15.759+0000] {dag.py:3722} INFO - Setting next_dagrun for daily_vulnerability_ingestion to 2026-06-03T14:52:05.384041+00:00, run_after=2026-06-04T14:52:05.384041+00:00
[2026-06-04T06:36:15.774+0000] {processor.py:179} INFO - Processing /opt/airflow/dags/S3_UPLOAD_DAG.py took 0.101 seconds
[2026-06-04T06:36:45.878+0000] {processor.py:157} INFO - Started process (PID=925) to work on /opt/airflow/dags/S3_UPLOAD_DAG.py
[2026-06-04T06:36:45.879+0000] {processor.py:829} INFO - Processing file /opt/airflow/dags/S3_UPLOAD_DAG.py for tasks to queue
[2026-06-04T06:36:45.880+0000] {logging_mixin.py:154} INFO - [2026-06-04T06:36:45.880+0000] {dagbag.py:536} INFO - Filling up the DagBag from /opt/airflow/dags/S3_UPLOAD_DAG.py
[2026-06-04T06:36:45.894+0000] {processor.py:839} INFO - DAG(s) dict_keys(['daily_vulnerability_ingestion']) retrieved from /opt/airflow/dags/S3_UPLOAD_DAG.py
[2026-06-04T06:36:45.914+0000] {logging_mixin.py:154} INFO - [2026-06-04T06:36:45.913+0000] {dag.py:2941} INFO - Sync 1 DAGs
[2026-06-04T06:36:45.932+0000] {logging_mixin.py:154} INFO - [2026-06-04T06:36:45.932+0000] {dag.py:3722} INFO - Setting next_dagrun for daily_vulnerability_ingestion to 2026-06-03T14:52:05.384041+00:00, run_after=2026-06-04T14:52:05.384041+00:00
[2026-06-04T06:36:45.948+0000] {processor.py:179} INFO - Processing /opt/airflow/dags/S3_UPLOAD_DAG.py took 0.074 seconds
[2026-06-04T06:37:16.105+0000] {processor.py:157} INFO - Started process (PID=930) to work on /opt/airflow/dags/S3_UPLOAD_DAG.py
[2026-06-04T06:37:16.114+0000] {processor.py:829} INFO - Processing file /opt/airflow/dags/S3_UPLOAD_DAG.py for tasks to queue
[2026-06-04T06:37:16.115+0000] {logging_mixin.py:154} INFO - [2026-06-04T06:37:16.114+0000] {dagbag.py:536} INFO - Filling up the DagBag from /opt/airflow/dags/S3_UPLOAD_DAG.py
[2026-06-04T06:37:16.130+0000] {processor.py:839} INFO - DAG(s) dict_keys(['daily_vulnerability_ingestion']) retrieved from /opt/airflow/dags/S3_UPLOAD_DAG.py
[2026-06-04T06:37:16.151+0000] {logging_mixin.py:154} INFO - [2026-06-04T06:37:16.151+0000] {dag.py:2941} INFO - Sync 1 DAGs
[2026-06-04T06:37:16.171+0000] {logging_mixin.py:154} INFO - [2026-06-04T06:37:16.171+0000] {dag.py:3722} INFO - Setting next_dagrun for daily_vulnerability_ingestion to 2026-06-03T14:52:05.384041+00:00, run_after=2026-06-04T14:52:05.384041+00:00
[2026-06-04T06:37:16.185+0000] {processor.py:179} INFO - Processing /opt/airflow/dags/S3_UPLOAD_DAG.py took 0.084 seconds
[2026-06-04T06:37:46.275+0000] {processor.py:157} INFO - Started process (PID=935) to work on /opt/airflow/dags/S3_UPLOAD_DAG.py
[2026-06-04T06:37:46.275+0000] {processor.py:829} INFO - Processing file /opt/airflow/dags/S3_UPLOAD_DAG.py for tasks to queue
[2026-06-04T06:37:46.276+0000] {logging_mixin.py:154} INFO - [2026-06-04T06:37:46.276+0000] {dagbag.py:536} INFO - Filling up the DagBag from /opt/airflow/dags/S3_UPLOAD_DAG.py
[2026-06-04T06:37:46.287+0000] {processor.py:839} INFO - DAG(s) dict_keys(['daily_vulnerability_ingestion']) retrieved from /opt/airflow/dags/S3_UPLOAD_DAG.py
[2026-06-04T06:37:46.308+0000] {logging_mixin.py:154} INFO - [2026-06-04T06:37:46.308+0000] {dag.py:2941} INFO - Sync 1 DAGs
[2026-06-04T06:37:46.326+0000] {logging_mixin.py:154} INFO - [2026-06-04T06:37:46.326+0000] {dag.py:3722} INFO - Setting next_dagrun for daily_vulnerability_ingestion to 2026-06-03T14:52:05.384041+00:00, run_after=2026-06-04T14:52:05.384041+00:00
[2026-06-04T06:37:46.342+0000] {processor.py:179} INFO - Processing /opt/airflow/dags/S3_UPLOAD_DAG.py took 0.071 seconds
[2026-06-04T06:38:16.502+0000] {processor.py:157} INFO - Started process (PID=940) to work on /opt/airflow/dags/S3_UPLOAD_DAG.py
[2026-06-04T06:38:16.511+0000] {processor.py:829} INFO - Processing file /opt/airflow/dags/S3_UPLOAD_DAG.py for tasks to queue
[2026-06-04T06:38:16.512+0000] {logging_mixin.py:154} INFO - [2026-06-04T06:38:16.512+0000] {dagbag.py:536} INFO - Filling up the DagBag from /opt/airflow/dags/S3_UPLOAD_DAG.py
[2026-06-04T06:38:16.526+0000] {processor.py:839} INFO - DAG(s) dict_keys(['daily_vulnerability_ingestion']) retrieved from /opt/airflow/dags/S3_UPLOAD_DAG.py
[2026-06-04T06:38:16.550+0000] {logging_mixin.py:154} INFO - [2026-06-04T06:38:16.549+0000] {dag.py:2941} INFO - Sync 1 DAGs
[2026-06-04T06:38:16.568+0000] {logging_mixin.py:154} INFO - [2026-06-04T06:38:16.568+0000] {dag.py:3722} INFO - Setting next_dagrun for daily_vulnerability_ingestion to 2026-06-03T14:52:05.384041+00:00, run_after=2026-06-04T14:52:05.384041+00:00
[2026-06-04T06:38:16.582+0000] {processor.py:179} INFO - Processing /opt/airflow/dags/S3_UPLOAD_DAG.py took 0.084 seconds
[2026-06-04T06:38:46.698+0000] {processor.py:157} INFO - Started process (PID=945) to work on /opt/airflow/dags/S3_UPLOAD_DAG.py
[2026-06-04T06:38:46.699+0000] {processor.py:829} INFO - Processing file /opt/airflow/dags/S3_UPLOAD_DAG.py for tasks to queue
[2026-06-04T06:38:46.701+0000] {logging_mixin.py:154} INFO - [2026-06-04T06:38:46.700+0000] {dagbag.py:536} INFO - Filling up the DagBag from /opt/airflow/dags/S3_UPLOAD_DAG.py
[2026-06-04T06:38:46.721+0000] {processor.py:839} INFO - DAG(s) dict_keys(['daily_vulnerability_ingestion']) retrieved from /opt/airflow/dags/S3_UPLOAD_DAG.py
[2026-06-04T06:38:46.742+0000] {logging_mixin.py:154} INFO - [2026-06-04T06:38:46.742+0000] {dag.py:2941} INFO - Sync 1 DAGs
[2026-06-04T06:38:46.758+0000] {logging_mixin.py:154} INFO - [2026-06-04T06:38:46.758+0000] {dag.py:3722} INFO - Setting next_dagrun for daily_vulnerability_ingestion to 2026-06-03T14:52:05.384041+00:00, run_after=2026-06-04T14:52:05.384041+00:00
[2026-06-04T06:38:46.772+0000] {processor.py:179} INFO - Processing /opt/airflow/dags/S3_UPLOAD_DAG.py took 0.082 seconds
[2026-06-04T06:39:16.899+0000] {processor.py:157} INFO - Started process (PID=950) to work on /opt/airflow/dags/S3_UPLOAD_DAG.py
[2026-06-04T06:39:16.908+0000] {processor.py:829} INFO - Processing file /opt/airflow/dags/S3_UPLOAD_DAG.py for tasks to queue
[2026-06-04T06:39:16.909+0000] {logging_mixin.py:154} INFO - [2026-06-04T06:39:16.909+0000] {dagbag.py:536} INFO - Filling up the DagBag from /opt/airflow/dags/S3_UPLOAD_DAG.py
[2026-06-04T06:39:16.922+0000] {processor.py:839} INFO - DAG(s) dict_keys(['daily_vulnerability_ingestion']) retrieved from /opt/airflow/dags/S3_UPLOAD_DAG.py
[2026-06-04T06:39:16.945+0000] {logging_mixin.py:154} INFO - [2026-06-04T06:39:16.945+0000] {dag.py:2941} INFO - Sync 1 DAGs
[2026-06-04T06:39:16.966+0000] {logging_mixin.py:154} INFO - [2026-06-04T06:39:16.966+0000] {dag.py:3722} INFO - Setting next_dagrun for daily_vulnerability_ingestion to 2026-06-03T14:52:05.384041+00:00, run_after=2026-06-04T14:52:05.384041+00:00
[2026-06-04T06:39:16.982+0000] {processor.py:179} INFO - Processing /opt/airflow/dags/S3_UPLOAD_DAG.py took 0.087 seconds
[2026-06-04T06:39:47.100+0000] {processor.py:157} INFO - Started process (PID=955) to work on /opt/airflow/dags/S3_UPLOAD_DAG.py
[2026-06-04T06:39:47.101+0000] {processor.py:829} INFO - Processing file /opt/airflow/dags/S3_UPLOAD_DAG.py for tasks to queue
[2026-06-04T06:39:47.102+0000] {logging_mixin.py:154} INFO - [2026-06-04T06:39:47.101+0000] {dagbag.py:536} INFO - Filling up the DagBag from /opt/airflow/dags/S3_UPLOAD_DAG.py
[2026-06-04T06:39:47.117+0000] {processor.py:839} INFO - DAG(s) dict_keys(['daily_vulnerability_ingestion']) retrieved from /opt/airflow/dags/S3_UPLOAD_DAG.py
[2026-06-04T06:39:47.139+0000] {logging_mixin.py:154} INFO - [2026-06-04T06:39:47.139+0000] {dag.py:2941} INFO - Sync 1 DAGs
[2026-06-04T06:39:47.157+0000] {logging_mixin.py:154} INFO - [2026-06-04T06:39:47.157+0000] {dag.py:3722} INFO - Setting next_dagrun for daily_vulnerability_ingestion to 2026-06-03T14:52:05.384041+00:00, run_after=2026-06-04T14:52:05.384041+00:00
[2026-06-04T06:39:47.175+0000] {processor.py:179} INFO - Processing /opt/airflow/dags/S3_UPLOAD_DAG.py took 0.079 seconds
[2026-06-04T06:40:17.263+0000] {processor.py:157} INFO - Started process (PID=960) to work on /opt/airflow/dags/S3_UPLOAD_DAG.py
[2026-06-04T06:40:17.265+0000] {processor.py:829} INFO - Processing file /opt/airflow/dags/S3_UPLOAD_DAG.py for tasks to queue
[2026-06-04T06:40:17.266+0000] {logging_mixin.py:154} INFO - [2026-06-04T06:40:17.266+0000] {dagbag.py:536} INFO - Filling up the DagBag from /opt/airflow/dags/S3_UPLOAD_DAG.py
[2026-06-04T06:40:17.287+0000] {processor.py:839} INFO - DAG(s) dict_keys(['daily_vulnerability_ingestion']) retrieved from /opt/airflow/dags/S3_UPLOAD_DAG.py
[2026-06-04T06:40:17.328+0000] {logging_mixin.py:154} INFO - [2026-06-04T06:40:17.328+0000] {dag.py:2941} INFO - Sync 1 DAGs
[2026-06-04T06:40:17.361+0000] {logging_mixin.py:154} INFO - [2026-06-04T06:40:17.360+0000] {dag.py:3722} INFO - Setting next_dagrun for daily_vulnerability_ingestion to 2026-06-03T14:52:05.384041+00:00, run_after=2026-06-04T14:52:05.384041+00:00
[2026-06-04T06:40:17.387+0000] {processor.py:179} INFO - Processing /opt/airflow/dags/S3_UPLOAD_DAG.py took 0.130 seconds
[2026-06-04T06:40:47.451+0000] {processor.py:157} INFO - Started process (PID=965) to work on /opt/airflow/dags/S3_UPLOAD_DAG.py
[2026-06-04T06:40:47.452+0000] {processor.py:829} INFO - Processing file /opt/airflow/dags/S3_UPLOAD_DAG.py for tasks to queue
[2026-06-04T06:40:47.453+0000] {logging_mixin.py:154} INFO - [2026-06-04T06:40:47.453+0000] {dagbag.py:536} INFO - Filling up the DagBag from /opt/airflow/dags/S3_UPLOAD_DAG.py
[2026-06-04T06:40:47.470+0000] {processor.py:839} INFO - DAG(s) dict_keys(['daily_vulnerability_ingestion']) retrieved from /opt/airflow/dags/S3_UPLOAD_DAG.py
[2026-06-04T06:40:47.492+0000] {logging_mixin.py:154} INFO - [2026-06-04T06:40:47.492+0000] {dag.py:2941} INFO - Sync 1 DAGs
[2026-06-04T06:40:47.512+0000] {logging_mixin.py:154} INFO - [2026-06-04T06:40:47.512+0000] {dag.py:3722} INFO - Setting next_dagrun for daily_vulnerability_ingestion to 2026-06-03T14:52:05.384041+00:00, run_after=2026-06-04T14:52:05.384041+00:00
[2026-06-04T06:40:47.526+0000] {processor.py:179} INFO - Processing /opt/airflow/dags/S3_UPLOAD_DAG.py took 0.079 seconds
[2026-06-04T06:41:17.675+0000] {processor.py:157} INFO - Started process (PID=970) to work on /opt/airflow/dags/S3_UPLOAD_DAG.py
[2026-06-04T06:41:17.683+0000] {processor.py:829} INFO - Processing file /opt/airflow/dags/S3_UPLOAD_DAG.py for tasks to queue
[2026-06-04T06:41:17.684+0000] {logging_mixin.py:154} INFO - [2026-06-04T06:41:17.684+0000] {dagbag.py:536} INFO - Filling up the DagBag from /opt/airflow/dags/S3_UPLOAD_DAG.py
[2026-06-04T06:41:17.698+0000] {processor.py:839} INFO - DAG(s) dict_keys(['daily_vulnerability_ingestion']) retrieved from /opt/airflow/dags/S3_UPLOAD_DAG.py
[2026-06-04T06:41:17.719+0000] {logging_mixin.py:154} INFO - [2026-06-04T06:41:17.719+0000] {dag.py:2941} INFO - Sync 1 DAGs
[2026-06-04T06:41:17.736+0000] {logging_mixin.py:154} INFO - [2026-06-04T06:41:17.736+0000] {dag.py:3722} INFO - Setting next_dagrun for daily_vulnerability_ingestion to 2026-06-03T14:52:05.384041+00:00, run_after=2026-06-04T14:52:05.384041+00:00
[2026-06-04T06:41:17.750+0000] {processor.py:179} INFO - Processing /opt/airflow/dags/S3_UPLOAD_DAG.py took 0.080 seconds
[2026-06-04T06:41:47.860+0000] {processor.py:157} INFO - Started process (PID=975) to work on /opt/airflow/dags/S3_UPLOAD_DAG.py
[2026-06-04T06:41:47.861+0000] {processor.py:829} INFO - Processing file /opt/airflow/dags/S3_UPLOAD_DAG.py for tasks to queue
[2026-06-04T06:41:47.862+0000] {logging_mixin.py:154} INFO - [2026-06-04T06:41:47.861+0000] {dagbag.py:536} INFO - Filling up the DagBag from /opt/airflow/dags/S3_UPLOAD_DAG.py
[2026-06-04T06:41:47.876+0000] {processor.py:839} INFO - DAG(s) dict_keys(['daily_vulnerability_ingestion']) retrieved from /opt/airflow/dags/S3_UPLOAD_DAG.py
[2026-06-04T06:41:47.895+0000] {logging_mixin.py:154} INFO - [2026-06-04T06:41:47.895+0000] {dag.py:2941} INFO - Sync 1 DAGs
[2026-06-04T06:41:47.911+0000] {logging_mixin.py:154} INFO - [2026-06-04T06:41:47.911+0000] {dag.py:3722} INFO - Setting next_dagrun for daily_vulnerability_ingestion to 2026-06-03T14:52:05.384041+00:00, run_after=2026-06-04T14:52:05.384041+00:00
[2026-06-04T06:41:47.925+0000] {processor.py:179} INFO - Processing /opt/airflow/dags/S3_UPLOAD_DAG.py took 0.070 seconds
[2026-06-04T06:42:18.072+0000] {processor.py:157} INFO - Started process (PID=980) to work on /opt/airflow/dags/S3_UPLOAD_DAG.py
[2026-06-04T06:42:18.081+0000] {processor.py:829} INFO - Processing file /opt/airflow/dags/S3_UPLOAD_DAG.py for tasks to queue
[2026-06-04T06:42:18.082+0000] {logging_mixin.py:154} INFO - [2026-06-04T06:42:18.082+0000] {dagbag.py:536} INFO - Filling up the DagBag from /opt/airflow/dags/S3_UPLOAD_DAG.py
[2026-06-04T06:42:18.103+0000] {processor.py:839} INFO - DAG(s) dict_keys(['daily_vulnerability_ingestion']) retrieved from /opt/airflow/dags/S3_UPLOAD_DAG.py
[2026-06-04T06:42:18.126+0000] {logging_mixin.py:154} INFO - [2026-06-04T06:42:18.126+0000] {dag.py:2941} INFO - Sync 1 DAGs
[2026-06-04T06:42:18.148+0000] {logging_mixin.py:154} INFO - [2026-06-04T06:42:18.148+0000] {dag.py:3722} INFO - Setting next_dagrun for daily_vulnerability_ingestion to 2026-06-03T14:52:05.384041+00:00, run_after=2026-06-04T14:52:05.384041+00:00
[2026-06-04T06:42:18.164+0000] {processor.py:179} INFO - Processing /opt/airflow/dags/S3_UPLOAD_DAG.py took 0.098 seconds
[2026-06-04T06:42:48.242+0000] {processor.py:157} INFO - Started process (PID=985) to work on /opt/airflow/dags/S3_UPLOAD_DAG.py
[2026-06-04T06:42:48.242+0000] {processor.py:829} INFO - Processing file /opt/airflow/dags/S3_UPLOAD_DAG.py for tasks to queue
[2026-06-04T06:42:48.243+0000] {logging_mixin.py:154} INFO - [2026-06-04T06:42:48.243+0000] {dagbag.py:536} INFO - Filling up the DagBag from /opt/airflow/dags/S3_UPLOAD_DAG.py
[2026-06-04T06:42:48.254+0000] {processor.py:839} INFO - DAG(s) dict_keys(['daily_vulnerability_ingestion']) retrieved from /opt/airflow/dags/S3_UPLOAD_DAG.py
[2026-06-04T06:42:48.272+0000] {logging_mixin.py:154} INFO - [2026-06-04T06:42:48.272+0000] {dag.py:2941} INFO - Sync 1 DAGs
[2026-06-04T06:42:48.288+0000] {logging_mixin.py:154} INFO - [2026-06-04T06:42:48.288+0000] {dag.py:3722} INFO - Setting next_dagrun for daily_vulnerability_ingestion to 2026-06-03T14:52:05.384041+00:00, run_after=2026-06-04T14:52:05.384041+00:00
[2026-06-04T06:42:48.302+0000] {processor.py:179} INFO - Processing /opt/airflow/dags/S3_UPLOAD_DAG.py took 0.063 seconds
[2026-06-04T06:43:18.472+0000] {processor.py:157} INFO - Started process (PID=990) to work on /opt/airflow/dags/S3_UPLOAD_DAG.py
[2026-06-04T06:43:18.480+0000] {processor.py:829} INFO - Processing file /opt/airflow/dags/S3_UPLOAD_DAG.py for tasks to queue
[2026-06-04T06:43:18.481+0000] {logging_mixin.py:154} INFO - [2026-06-04T06:43:18.481+0000] {dagbag.py:536} INFO - Filling up the DagBag from /opt/airflow/dags/S3_UPLOAD_DAG.py
[2026-06-04T06:43:18.493+0000] {processor.py:839} INFO - DAG(s) dict_keys(['daily_vulnerability_ingestion']) retrieved from /opt/airflow/dags/S3_UPLOAD_DAG.py
[2026-06-04T06:43:18.515+0000] {logging_mixin.py:154} INFO - [2026-06-04T06:43:18.515+0000] {dag.py:2941} INFO - Sync 1 DAGs
[2026-06-04T06:43:18.532+0000] {logging_mixin.py:154} INFO - [2026-06-04T06:43:18.531+0000] {dag.py:3722} INFO - Setting next_dagrun for daily_vulnerability_ingestion to 2026-06-03T14:52:05.384041+00:00, run_after=2026-06-04T14:52:05.384041+00:00
[2026-06-04T06:43:18.544+0000] {processor.py:179} INFO - Processing /opt/airflow/dags/S3_UPLOAD_DAG.py took 0.074 seconds
[2026-06-04T06:43:48.668+0000] {processor.py:157} INFO - Started process (PID=995) to work on /opt/airflow/dags/S3_UPLOAD_DAG.py
[2026-06-04T06:43:48.670+0000] {processor.py:829} INFO - Processing file /opt/airflow/dags/S3_UPLOAD_DAG.py for tasks to queue
[2026-06-04T06:43:48.671+0000] {logging_mixin.py:154} INFO - [2026-06-04T06:43:48.671+0000] {dagbag.py:536} INFO - Filling up the DagBag from /opt/airflow/dags/S3_UPLOAD_DAG.py
[2026-06-04T06:43:48.690+0000] {processor.py:839} INFO - DAG(s) dict_keys(['daily_vulnerability_ingestion']) retrieved from /opt/airflow/dags/S3_UPLOAD_DAG.py
[2026-06-04T06:43:48.710+0000] {logging_mixin.py:154} INFO - [2026-06-04T06:43:48.710+0000] {dag.py:2941} INFO - Sync 1 DAGs
[2026-06-04T06:43:48.726+0000] {logging_mixin.py:154} INFO - [2026-06-04T06:43:48.726+0000] {dag.py:3722} INFO - Setting next_dagrun for daily_vulnerability_ingestion to 2026-06-03T14:52:05.384041+00:00, run_after=2026-06-04T14:52:05.384041+00:00
[2026-06-04T06:43:48.739+0000] {processor.py:179} INFO - Processing /opt/airflow/dags/S3_UPLOAD_DAG.py took 0.082 seconds
[2026-06-04T06:44:18.868+0000] {processor.py:157} INFO - Started process (PID=1000) to work on /opt/airflow/dags/S3_UPLOAD_DAG.py
[2026-06-04T06:44:18.877+0000] {processor.py:829} INFO - Processing file /opt/airflow/dags/S3_UPLOAD_DAG.py for tasks to queue
[2026-06-04T06:44:18.878+0000] {logging_mixin.py:154} INFO - [2026-06-04T06:44:18.877+0000] {dagbag.py:536} INFO - Filling up the DagBag from /opt/airflow/dags/S3_UPLOAD_DAG.py
[2026-06-04T06:44:18.889+0000] {processor.py:839} INFO - DAG(s) dict_keys(['daily_vulnerability_ingestion']) retrieved from /opt/airflow/dags/S3_UPLOAD_DAG.py
[2026-06-04T06:44:18.907+0000] {logging_mixin.py:154} INFO - [2026-06-04T06:44:18.907+0000] {dag.py:2941} INFO - Sync 1 DAGs
[2026-06-04T06:44:18.922+0000] {logging_mixin.py:154} INFO - [2026-06-04T06:44:18.922+0000] {dag.py:3722} INFO - Setting next_dagrun for daily_vulnerability_ingestion to 2026-06-03T14:52:05.384041+00:00, run_after=2026-06-04T14:52:05.384041+00:00
[2026-06-04T06:44:18.936+0000] {processor.py:179} INFO - Processing /opt/airflow/dags/S3_UPLOAD_DAG.py took 0.073 seconds
[2026-06-04T06:44:49.032+0000] {processor.py:157} INFO - Started process (PID=1005) to work on /opt/airflow/dags/S3_UPLOAD_DAG.py
[2026-06-04T06:44:49.032+0000] {processor.py:829} INFO - Processing file /opt/airflow/dags/S3_UPLOAD_DAG.py for tasks to queue
[2026-06-04T06:44:49.033+0000] {logging_mixin.py:154} INFO - [2026-06-04T06:44:49.032+0000] {dagbag.py:536} INFO - Filling up the DagBag from /opt/airflow/dags/S3_UPLOAD_DAG.py
[2026-06-04T06:44:49.044+0000] {processor.py:839} INFO - DAG(s) dict_keys(['daily_vulnerability_ingestion']) retrieved from /opt/airflow/dags/S3_UPLOAD_DAG.py
[2026-06-04T06:44:49.063+0000] {logging_mixin.py:154} INFO - [2026-06-04T06:44:49.063+0000] {dag.py:2941} INFO - Sync 1 DAGs
[2026-06-04T06:44:49.078+0000] {logging_mixin.py:154} INFO - [2026-06-04T06:44:49.078+0000] {dag.py:3722} INFO - Setting next_dagrun for daily_vulnerability_ingestion to 2026-06-03T14:52:05.384041+00:00, run_after=2026-06-04T14:52:05.384041+00:00
[2026-06-04T06:44:49.090+0000] {processor.py:179} INFO - Processing /opt/airflow/dags/S3_UPLOAD_DAG.py took 0.061 seconds
[2026-06-04T06:45:19.249+0000] {processor.py:157} INFO - Started process (PID=1010) to work on /opt/airflow/dags/S3_UPLOAD_DAG.py
[2026-06-04T06:45:19.262+0000] {processor.py:829} INFO - Processing file /opt/airflow/dags/S3_UPLOAD_DAG.py for tasks to queue
[2026-06-04T06:45:19.263+0000] {logging_mixin.py:154} INFO - [2026-06-04T06:45:19.263+0000] {dagbag.py:536} INFO - Filling up the DagBag from /opt/airflow/dags/S3_UPLOAD_DAG.py
[2026-06-04T06:45:19.275+0000] {processor.py:839} INFO - DAG(s) dict_keys(['daily_vulnerability_ingestion']) retrieved from /opt/airflow/dags/S3_UPLOAD_DAG.py
[2026-06-04T06:45:19.298+0000] {logging_mixin.py:154} INFO - [2026-06-04T06:45:19.297+0000] {dag.py:2941} INFO - Sync 1 DAGs
[2026-06-04T06:45:19.316+0000] {logging_mixin.py:154} INFO - [2026-06-04T06:45:19.316+0000] {dag.py:3722} INFO - Setting next_dagrun for daily_vulnerability_ingestion to 2026-06-03T14:52:05.384041+00:00, run_after=2026-06-04T14:52:05.384041+00:00
[2026-06-04T06:45:19.331+0000] {processor.py:179} INFO - Processing /opt/airflow/dags/S3_UPLOAD_DAG.py took 0.085 seconds
[2026-06-04T06:45:49.423+0000] {processor.py:157} INFO - Started process (PID=1015) to work on /opt/airflow/dags/S3_UPLOAD_DAG.py
[2026-06-04T06:45:49.424+0000] {processor.py:829} INFO - Processing file /opt/airflow/dags/S3_UPLOAD_DAG.py for tasks to queue
[2026-06-04T06:45:49.426+0000] {logging_mixin.py:154} INFO - [2026-06-04T06:45:49.425+0000] {dagbag.py:536} INFO - Filling up the DagBag from /opt/airflow/dags/S3_UPLOAD_DAG.py
[2026-06-04T06:45:49.440+0000] {processor.py:839} INFO - DAG(s) dict_keys(['daily_vulnerability_ingestion']) retrieved from /opt/airflow/dags/S3_UPLOAD_DAG.py
[2026-06-04T06:45:49.460+0000] {logging_mixin.py:154} INFO - [2026-06-04T06:45:49.460+0000] {dag.py:2941} INFO - Sync 1 DAGs
[2026-06-04T06:45:49.478+0000] {logging_mixin.py:154} INFO - [2026-06-04T06:45:49.477+0000] {dag.py:3722} INFO - Setting next_dagrun for daily_vulnerability_ingestion to 2026-06-03T14:52:05.384041+00:00, run_after=2026-06-04T14:52:05.384041+00:00
[2026-06-04T06:45:49.490+0000] {processor.py:179} INFO - Processing /opt/airflow/dags/S3_UPLOAD_DAG.py took 0.071 seconds
[2026-06-04T06:46:19.624+0000] {processor.py:157} INFO - Started process (PID=1020) to work on /opt/airflow/dags/S3_UPLOAD_DAG.py
[2026-06-04T06:46:19.633+0000] {processor.py:829} INFO - Processing file /opt/airflow/dags/S3_UPLOAD_DAG.py for tasks to queue
[2026-06-04T06:46:19.633+0000] {logging_mixin.py:154} INFO - [2026-06-04T06:46:19.633+0000] {dagbag.py:536} INFO - Filling up the DagBag from /opt/airflow/dags/S3_UPLOAD_DAG.py
[2026-06-04T06:46:19.644+0000] {processor.py:839} INFO - DAG(s) dict_keys(['daily_vulnerability_ingestion']) retrieved from /opt/airflow/dags/S3_UPLOAD_DAG.py
[2026-06-04T06:46:19.663+0000] {logging_mixin.py:154} INFO - [2026-06-04T06:46:19.663+0000] {dag.py:2941} INFO - Sync 1 DAGs
[2026-06-04T06:46:19.680+0000] {logging_mixin.py:154} INFO - [2026-06-04T06:46:19.680+0000] {dag.py:3722} INFO - Setting next_dagrun for daily_vulnerability_ingestion to 2026-06-03T14:52:05.384041+00:00, run_after=2026-06-04T14:52:05.384041+00:00
[2026-06-04T06:46:19.693+0000] {processor.py:179} INFO - Processing /opt/airflow/dags/S3_UPLOAD_DAG.py took 0.073 seconds
[2026-06-04T06:46:49.815+0000] {processor.py:157} INFO - Started process (PID=1025) to work on /opt/airflow/dags/S3_UPLOAD_DAG.py
[2026-06-04T06:46:49.816+0000] {processor.py:829} INFO - Processing file /opt/airflow/dags/S3_UPLOAD_DAG.py for tasks to queue
[2026-06-04T06:46:49.817+0000] {logging_mixin.py:154} INFO - [2026-06-04T06:46:49.816+0000] {dagbag.py:536} INFO - Filling up the DagBag from /opt/airflow/dags/S3_UPLOAD_DAG.py
[2026-06-04T06:46:49.833+0000] {processor.py:839} INFO - DAG(s) dict_keys(['daily_vulnerability_ingestion']) retrieved from /opt/airflow/dags/S3_UPLOAD_DAG.py
[2026-06-04T06:46:49.852+0000] {logging_mixin.py:154} INFO - [2026-06-04T06:46:49.852+0000] {dag.py:2941} INFO - Sync 1 DAGs
[2026-06-04T06:46:49.869+0000] {logging_mixin.py:154} INFO - [2026-06-04T06:46:49.869+0000] {dag.py:3722} INFO - Setting next_dagrun for daily_vulnerability_ingestion to 2026-06-03T14:52:05.384041+00:00, run_after=2026-06-04T14:52:05.384041+00:00
[2026-06-04T06:46:49.882+0000] {processor.py:179} INFO - Processing /opt/airflow/dags/S3_UPLOAD_DAG.py took 0.072 seconds
[2026-06-04T06:47:19.950+0000] {processor.py:157} INFO - Started process (PID=1030) to work on /opt/airflow/dags/S3_UPLOAD_DAG.py
[2026-06-04T06:47:19.959+0000] {processor.py:829} INFO - Processing file /opt/airflow/dags/S3_UPLOAD_DAG.py for tasks to queue
[2026-06-04T06:47:19.959+0000] {logging_mixin.py:154} INFO - [2026-06-04T06:47:19.959+0000] {dagbag.py:536} INFO - Filling up the DagBag from /opt/airflow/dags/S3_UPLOAD_DAG.py
[2026-06-04T06:47:19.969+0000] {processor.py:839} INFO - DAG(s) dict_keys(['daily_vulnerability_ingestion']) retrieved from /opt/airflow/dags/S3_UPLOAD_DAG.py
[2026-06-04T06:47:19.989+0000] {logging_mixin.py:154} INFO - [2026-06-04T06:47:19.988+0000] {dag.py:2941} INFO - Sync 1 DAGs
[2026-06-04T06:47:20.008+0000] {logging_mixin.py:154} INFO - [2026-06-04T06:47:20.007+0000] {dag.py:3722} INFO - Setting next_dagrun for daily_vulnerability_ingestion to 2026-06-03T14:52:05.384041+00:00, run_after=2026-06-04T14:52:05.384041+00:00
[2026-06-04T06:47:20.020+0000] {processor.py:179} INFO - Processing /opt/airflow/dags/S3_UPLOAD_DAG.py took 0.072 seconds
[2026-06-04T06:47:50.191+0000] {processor.py:157} INFO - Started process (PID=1035) to work on /opt/airflow/dags/S3_UPLOAD_DAG.py
[2026-06-04T06:47:50.193+0000] {processor.py:829} INFO - Processing file /opt/airflow/dags/S3_UPLOAD_DAG.py for tasks to queue
[2026-06-04T06:47:50.194+0000] {logging_mixin.py:154} INFO - [2026-06-04T06:47:50.193+0000] {dagbag.py:536} INFO - Filling up the DagBag from /opt/airflow/dags/S3_UPLOAD_DAG.py
[2026-06-04T06:47:50.214+0000] {processor.py:839} INFO - DAG(s) dict_keys(['daily_vulnerability_ingestion']) retrieved from /opt/airflow/dags/S3_UPLOAD_DAG.py
[2026-06-04T06:47:50.233+0000] {logging_mixin.py:154} INFO - [2026-06-04T06:47:50.233+0000] {dag.py:2941} INFO - Sync 1 DAGs
[2026-06-04T06:47:50.251+0000] {logging_mixin.py:154} INFO - [2026-06-04T06:47:50.251+0000] {dag.py:3722} INFO - Setting next_dagrun for daily_vulnerability_ingestion to 2026-06-03T14:52:05.384041+00:00, run_after=2026-06-04T14:52:05.384041+00:00
[2026-06-04T06:47:50.267+0000] {processor.py:179} INFO - Processing /opt/airflow/dags/S3_UPLOAD_DAG.py took 0.081 seconds
[2026-06-04T06:48:20.335+0000] {processor.py:157} INFO - Started process (PID=1040) to work on /opt/airflow/dags/S3_UPLOAD_DAG.py
[2026-06-04T06:48:20.337+0000] {processor.py:829} INFO - Processing file /opt/airflow/dags/S3_UPLOAD_DAG.py for tasks to queue
[2026-06-04T06:48:20.338+0000] {logging_mixin.py:154} INFO - [2026-06-04T06:48:20.337+0000] {dagbag.py:536} INFO - Filling up the DagBag from /opt/airflow/dags/S3_UPLOAD_DAG.py
[2026-06-04T06:48:20.349+0000] {processor.py:839} INFO - DAG(s) dict_keys(['daily_vulnerability_ingestion']) retrieved from /opt/airflow/dags/S3_UPLOAD_DAG.py
[2026-06-04T06:48:20.372+0000] {logging_mixin.py:154} INFO - [2026-06-04T06:48:20.371+0000] {dag.py:2941} INFO - Sync 1 DAGs
[2026-06-04T06:48:20.393+0000] {logging_mixin.py:154} INFO - [2026-06-04T06:48:20.393+0000] {dag.py:3722} INFO - Setting next_dagrun for daily_vulnerability_ingestion to 2026-06-03T14:52:05.384041+00:00, run_after=2026-06-04T14:52:05.384041+00:00
[2026-06-04T06:48:20.409+0000] {processor.py:179} INFO - Processing /opt/airflow/dags/S3_UPLOAD_DAG.py took 0.077 seconds
[2026-06-04T06:48:50.519+0000] {processor.py:157} INFO - Started process (PID=1045) to work on /opt/airflow/dags/S3_UPLOAD_DAG.py
[2026-06-04T06:48:50.519+0000] {processor.py:829} INFO - Processing file /opt/airflow/dags/S3_UPLOAD_DAG.py for tasks to queue
[2026-06-04T06:48:50.520+0000] {logging_mixin.py:154} INFO - [2026-06-04T06:48:50.520+0000] {dagbag.py:536} INFO - Filling up the DagBag from /opt/airflow/dags/S3_UPLOAD_DAG.py
[2026-06-04T06:48:50.535+0000] {processor.py:839} INFO - DAG(s) dict_keys(['daily_vulnerability_ingestion']) retrieved from /opt/airflow/dags/S3_UPLOAD_DAG.py
[2026-06-04T06:48:50.557+0000] {logging_mixin.py:154} INFO - [2026-06-04T06:48:50.557+0000] {dag.py:2941} INFO - Sync 1 DAGs
[2026-06-04T06:48:50.576+0000] {logging_mixin.py:154} INFO - [2026-06-04T06:48:50.576+0000] {dag.py:3722} INFO - Setting next_dagrun for daily_vulnerability_ingestion to 2026-06-03T14:52:05.384041+00:00, run_after=2026-06-04T14:52:05.384041+00:00
[2026-06-04T06:48:50.590+0000] {processor.py:179} INFO - Processing /opt/airflow/dags/S3_UPLOAD_DAG.py took 0.075 seconds
[2026-06-04T06:49:20.708+0000] {processor.py:157} INFO - Started process (PID=1050) to work on /opt/airflow/dags/S3_UPLOAD_DAG.py
[2026-06-04T06:49:20.709+0000] {processor.py:829} INFO - Processing file /opt/airflow/dags/S3_UPLOAD_DAG.py for tasks to queue
[2026-06-04T06:49:20.710+0000] {logging_mixin.py:154} INFO - [2026-06-04T06:49:20.709+0000] {dagbag.py:536} INFO - Filling up the DagBag from /opt/airflow/dags/S3_UPLOAD_DAG.py
[2026-06-04T06:49:20.726+0000] {processor.py:839} INFO - DAG(s) dict_keys(['daily_vulnerability_ingestion']) retrieved from /opt/airflow/dags/S3_UPLOAD_DAG.py
[2026-06-04T06:49:20.745+0000] {logging_mixin.py:154} INFO - [2026-06-04T06:49:20.745+0000] {dag.py:2941} INFO - Sync 1 DAGs
[2026-06-04T06:49:20.763+0000] {logging_mixin.py:154} INFO - [2026-06-04T06:49:20.763+0000] {dag.py:3722} INFO - Setting next_dagrun for daily_vulnerability_ingestion to 2026-06-03T14:52:05.384041+00:00, run_after=2026-06-04T14:52:05.384041+00:00
[2026-06-04T06:49:20.777+0000] {processor.py:179} INFO - Processing /opt/airflow/dags/S3_UPLOAD_DAG.py took 0.074 seconds
[2026-06-04T06:49:50.884+0000] {processor.py:157} INFO - Started process (PID=1055) to work on /opt/airflow/dags/S3_UPLOAD_DAG.py
[2026-06-04T06:49:50.886+0000] {processor.py:829} INFO - Processing file /opt/airflow/dags/S3_UPLOAD_DAG.py for tasks to queue
[2026-06-04T06:49:50.888+0000] {logging_mixin.py:154} INFO - [2026-06-04T06:49:50.887+0000] {dagbag.py:536} INFO - Filling up the DagBag from /opt/airflow/dags/S3_UPLOAD_DAG.py
[2026-06-04T06:49:50.905+0000] {processor.py:839} INFO - DAG(s) dict_keys(['daily_vulnerability_ingestion']) retrieved from /opt/airflow/dags/S3_UPLOAD_DAG.py
[2026-06-04T06:49:50.924+0000] {logging_mixin.py:154} INFO - [2026-06-04T06:49:50.924+0000] {dag.py:2941} INFO - Sync 1 DAGs
[2026-06-04T06:49:50.941+0000] {logging_mixin.py:154} INFO - [2026-06-04T06:49:50.941+0000] {dag.py:3722} INFO - Setting next_dagrun for daily_vulnerability_ingestion to 2026-06-03T14:52:05.384041+00:00, run_after=2026-06-04T14:52:05.384041+00:00
[2026-06-04T06:49:50.956+0000] {processor.py:179} INFO - Processing /opt/airflow/dags/S3_UPLOAD_DAG.py took 0.080 seconds
[2026-06-04T06:50:21.088+0000] {processor.py:157} INFO - Started process (PID=1060) to work on /opt/airflow/dags/S3_UPLOAD_DAG.py
[2026-06-04T06:50:21.098+0000] {processor.py:829} INFO - Processing file /opt/airflow/dags/S3_UPLOAD_DAG.py for tasks to queue
[2026-06-04T06:50:21.099+0000] {logging_mixin.py:154} INFO - [2026-06-04T06:50:21.099+0000] {dagbag.py:536} INFO - Filling up the DagBag from /opt/airflow/dags/S3_UPLOAD_DAG.py
[2026-06-04T06:50:21.115+0000] {processor.py:839} INFO - DAG(s) dict_keys(['daily_vulnerability_ingestion']) retrieved from /opt/airflow/dags/S3_UPLOAD_DAG.py
[2026-06-04T06:50:21.136+0000] {logging_mixin.py:154} INFO - [2026-06-04T06:50:21.136+0000] {dag.py:2941} INFO - Sync 1 DAGs
[2026-06-04T06:50:21.155+0000] {logging_mixin.py:154} INFO - [2026-06-04T06:50:21.155+0000] {dag.py:3722} INFO - Setting next_dagrun for daily_vulnerability_ingestion to 2026-06-03T14:52:05.384041+00:00, run_after=2026-06-04T14:52:05.384041+00:00
[2026-06-04T06:50:21.171+0000] {processor.py:179} INFO - Processing /opt/airflow/dags/S3_UPLOAD_DAG.py took 0.090 seconds
[2026-06-04T06:50:51.280+0000] {processor.py:157} INFO - Started process (PID=1065) to work on /opt/airflow/dags/S3_UPLOAD_DAG.py
[2026-06-04T06:50:51.281+0000] {processor.py:829} INFO - Processing file /opt/airflow/dags/S3_UPLOAD_DAG.py for tasks to queue
[2026-06-04T06:50:51.282+0000] {logging_mixin.py:154} INFO - [2026-06-04T06:50:51.281+0000] {dagbag.py:536} INFO - Filling up the DagBag from /opt/airflow/dags/S3_UPLOAD_DAG.py
[2026-06-04T06:50:51.296+0000] {processor.py:839} INFO - DAG(s) dict_keys(['daily_vulnerability_ingestion']) retrieved from /opt/airflow/dags/S3_UPLOAD_DAG.py
[2026-06-04T06:50:51.314+0000] {logging_mixin.py:154} INFO - [2026-06-04T06:50:51.314+0000] {dag.py:2941} INFO - Sync 1 DAGs
[2026-06-04T06:50:51.330+0000] {logging_mixin.py:154} INFO - [2026-06-04T06:50:51.330+0000] {dag.py:3722} INFO - Setting next_dagrun for daily_vulnerability_ingestion to 2026-06-03T14:52:05.384041+00:00, run_after=2026-06-04T14:52:05.384041+00:00
[2026-06-04T06:50:51.342+0000] {processor.py:179} INFO - Processing /opt/airflow/dags/S3_UPLOAD_DAG.py took 0.067 seconds
[2026-06-04T06:51:21.521+0000] {processor.py:157} INFO - Started process (PID=1070) to work on /opt/airflow/dags/S3_UPLOAD_DAG.py
[2026-06-04T06:51:21.530+0000] {processor.py:829} INFO - Processing file /opt/airflow/dags/S3_UPLOAD_DAG.py for tasks to queue
[2026-06-04T06:51:21.531+0000] {logging_mixin.py:154} INFO - [2026-06-04T06:51:21.530+0000] {dagbag.py:536} INFO - Filling up the DagBag from /opt/airflow/dags/S3_UPLOAD_DAG.py
[2026-06-04T06:51:21.546+0000] {processor.py:839} INFO - DAG(s) dict_keys(['daily_vulnerability_ingestion']) retrieved from /opt/airflow/dags/S3_UPLOAD_DAG.py
[2026-06-04T06:51:21.567+0000] {logging_mixin.py:154} INFO - [2026-06-04T06:51:21.567+0000] {dag.py:2941} INFO - Sync 1 DAGs
[2026-06-04T06:51:21.585+0000] {logging_mixin.py:154} INFO - [2026-06-04T06:51:21.585+0000] {dag.py:3722} INFO - Setting next_dagrun for daily_vulnerability_ingestion to 2026-06-03T14:52:05.384041+00:00, run_after=2026-06-04T14:52:05.384041+00:00
[2026-06-04T06:51:21.598+0000] {processor.py:179} INFO - Processing /opt/airflow/dags/S3_UPLOAD_DAG.py took 0.082 seconds
[2026-06-04T06:51:51.687+0000] {processor.py:157} INFO - Started process (PID=1075) to work on /opt/airflow/dags/S3_UPLOAD_DAG.py
[2026-06-04T06:51:51.687+0000] {processor.py:829} INFO - Processing file /opt/airflow/dags/S3_UPLOAD_DAG.py for tasks to queue
[2026-06-04T06:51:51.688+0000] {logging_mixin.py:154} INFO - [2026-06-04T06:51:51.688+0000] {dagbag.py:536} INFO - Filling up the DagBag from /opt/airflow/dags/S3_UPLOAD_DAG.py
[2026-06-04T06:51:51.699+0000] {processor.py:839} INFO - DAG(s) dict_keys(['daily_vulnerability_ingestion']) retrieved from /opt/airflow/dags/S3_UPLOAD_DAG.py
[2026-06-04T06:51:51.724+0000] {logging_mixin.py:154} INFO - [2026-06-04T06:51:51.724+0000] {dag.py:2941} INFO - Sync 1 DAGs
[2026-06-04T06:51:51.743+0000] {logging_mixin.py:154} INFO - [2026-06-04T06:51:51.743+0000] {dag.py:3722} INFO - Setting next_dagrun for daily_vulnerability_ingestion to 2026-06-03T14:52:05.384041+00:00, run_after=2026-06-04T14:52:05.384041+00:00
[2026-06-04T06:51:51.760+0000] {processor.py:179} INFO - Processing /opt/airflow/dags/S3_UPLOAD_DAG.py took 0.075 seconds
[2026-06-04T06:52:21.922+0000] {processor.py:157} INFO - Started process (PID=1080) to work on /opt/airflow/dags/S3_UPLOAD_DAG.py
[2026-06-04T06:52:21.931+0000] {processor.py:829} INFO - Processing file /opt/airflow/dags/S3_UPLOAD_DAG.py for tasks to queue
[2026-06-04T06:52:21.931+0000] {logging_mixin.py:154} INFO - [2026-06-04T06:52:21.931+0000] {dagbag.py:536} INFO - Filling up the DagBag from /opt/airflow/dags/S3_UPLOAD_DAG.py
[2026-06-04T06:52:21.944+0000] {processor.py:839} INFO - DAG(s) dict_keys(['daily_vulnerability_ingestion']) retrieved from /opt/airflow/dags/S3_UPLOAD_DAG.py
[2026-06-04T06:52:21.964+0000] {logging_mixin.py:154} INFO - [2026-06-04T06:52:21.964+0000] {dag.py:2941} INFO - Sync 1 DAGs
[2026-06-04T06:52:21.980+0000] {logging_mixin.py:154} INFO - [2026-06-04T06:52:21.980+0000] {dag.py:3722} INFO - Setting next_dagrun for daily_vulnerability_ingestion to 2026-06-03T14:52:05.384041+00:00, run_after=2026-06-04T14:52:05.384041+00:00
[2026-06-04T06:52:21.991+0000] {processor.py:179} INFO - Processing /opt/airflow/dags/S3_UPLOAD_DAG.py took 0.073 seconds
[2026-06-04T06:52:52.105+0000] {processor.py:157} INFO - Started process (PID=1085) to work on /opt/airflow/dags/S3_UPLOAD_DAG.py
[2026-06-04T06:52:52.108+0000] {processor.py:829} INFO - Processing file /opt/airflow/dags/S3_UPLOAD_DAG.py for tasks to queue
[2026-06-04T06:52:52.110+0000] {logging_mixin.py:154} INFO - [2026-06-04T06:52:52.109+0000] {dagbag.py:536} INFO - Filling up the DagBag from /opt/airflow/dags/S3_UPLOAD_DAG.py
[2026-06-04T06:52:52.130+0000] {processor.py:839} INFO - DAG(s) dict_keys(['daily_vulnerability_ingestion']) retrieved from /opt/airflow/dags/S3_UPLOAD_DAG.py
[2026-06-04T06:52:52.149+0000] {logging_mixin.py:154} INFO - [2026-06-04T06:52:52.148+0000] {dag.py:2941} INFO - Sync 1 DAGs
[2026-06-04T06:52:52.166+0000] {logging_mixin.py:154} INFO - [2026-06-04T06:52:52.166+0000] {dag.py:3722} INFO - Setting next_dagrun for daily_vulnerability_ingestion to 2026-06-03T14:52:05.384041+00:00, run_after=2026-06-04T14:52:05.384041+00:00
[2026-06-04T06:52:52.262+0000] {processor.py:179} INFO - Processing /opt/airflow/dags/S3_UPLOAD_DAG.py took 0.166 seconds
[2026-06-04T06:53:22.290+0000] {processor.py:157} INFO - Started process (PID=1090) to work on /opt/airflow/dags/S3_UPLOAD_DAG.py
[2026-06-04T06:53:22.299+0000] {processor.py:829} INFO - Processing file /opt/airflow/dags/S3_UPLOAD_DAG.py for tasks to queue
[2026-06-04T06:53:22.300+0000] {logging_mixin.py:154} INFO - [2026-06-04T06:53:22.300+0000] {dagbag.py:536} INFO - Filling up the DagBag from /opt/airflow/dags/S3_UPLOAD_DAG.py
[2026-06-04T06:53:22.311+0000] {processor.py:839} INFO - DAG(s) dict_keys(['daily_vulnerability_ingestion']) retrieved from /opt/airflow/dags/S3_UPLOAD_DAG.py
[2026-06-04T06:53:22.330+0000] {logging_mixin.py:154} INFO - [2026-06-04T06:53:22.329+0000] {dag.py:2941} INFO - Sync 1 DAGs
[2026-06-04T06:53:22.346+0000] {logging_mixin.py:154} INFO - [2026-06-04T06:53:22.346+0000] {dag.py:3722} INFO - Setting next_dagrun for daily_vulnerability_ingestion to 2026-06-03T14:52:05.384041+00:00, run_after=2026-06-04T14:52:05.384041+00:00
[2026-06-04T06:53:22.359+0000] {processor.py:179} INFO - Processing /opt/airflow/dags/S3_UPLOAD_DAG.py took 0.073 seconds
[2026-06-04T06:53:52.452+0000] {processor.py:157} INFO - Started process (PID=1095) to work on /opt/airflow/dags/S3_UPLOAD_DAG.py
[2026-06-04T06:53:52.452+0000] {processor.py:829} INFO - Processing file /opt/airflow/dags/S3_UPLOAD_DAG.py for tasks to queue
[2026-06-04T06:53:52.453+0000] {logging_mixin.py:154} INFO - [2026-06-04T06:53:52.453+0000] {dagbag.py:536} INFO - Filling up the DagBag from /opt/airflow/dags/S3_UPLOAD_DAG.py
[2026-06-04T06:53:52.468+0000] {processor.py:839} INFO - DAG(s) dict_keys(['daily_vulnerability_ingestion']) retrieved from /opt/airflow/dags/S3_UPLOAD_DAG.py
[2026-06-04T06:53:52.500+0000] {logging_mixin.py:154} INFO - [2026-06-04T06:53:52.500+0000] {dag.py:2941} INFO - Sync 1 DAGs
[2026-06-04T06:53:52.529+0000] {logging_mixin.py:154} INFO - [2026-06-04T06:53:52.529+0000] {dag.py:3722} INFO - Setting next_dagrun for daily_vulnerability_ingestion to 2026-06-03T14:52:05.384041+00:00, run_after=2026-06-04T14:52:05.384041+00:00
[2026-06-04T06:53:52.550+0000] {processor.py:179} INFO - Processing /opt/airflow/dags/S3_UPLOAD_DAG.py took 0.102 seconds
[2026-06-04T06:54:22.706+0000] {processor.py:157} INFO - Started process (PID=1100) to work on /opt/airflow/dags/S3_UPLOAD_DAG.py
[2026-06-04T06:54:22.715+0000] {processor.py:829} INFO - Processing file /opt/airflow/dags/S3_UPLOAD_DAG.py for tasks to queue
[2026-06-04T06:54:22.716+0000] {logging_mixin.py:154} INFO - [2026-06-04T06:54:22.716+0000] {dagbag.py:536} INFO - Filling up the DagBag from /opt/airflow/dags/S3_UPLOAD_DAG.py
[2026-06-04T06:54:22.732+0000] {processor.py:839} INFO - DAG(s) dict_keys(['daily_vulnerability_ingestion']) retrieved from /opt/airflow/dags/S3_UPLOAD_DAG.py
[2026-06-04T06:54:22.752+0000] {logging_mixin.py:154} INFO - [2026-06-04T06:54:22.751+0000] {dag.py:2941} INFO - Sync 1 DAGs
[2026-06-04T06:54:22.769+0000] {logging_mixin.py:154} INFO - [2026-06-04T06:54:22.768+0000] {dag.py:3722} INFO - Setting next_dagrun for daily_vulnerability_ingestion to 2026-06-03T14:52:05.384041+00:00, run_after=2026-06-04T14:52:05.384041+00:00
[2026-06-04T06:54:22.787+0000] {processor.py:179} INFO - Processing /opt/airflow/dags/S3_UPLOAD_DAG.py took 0.089 seconds
[2026-06-04T06:54:52.926+0000] {processor.py:157} INFO - Started process (PID=1105) to work on /opt/airflow/dags/S3_UPLOAD_DAG.py
[2026-06-04T06:54:52.927+0000] {processor.py:829} INFO - Processing file /opt/airflow/dags/S3_UPLOAD_DAG.py for tasks to queue
[2026-06-04T06:54:52.928+0000] {logging_mixin.py:154} INFO - [2026-06-04T06:54:52.928+0000] {dagbag.py:536} INFO - Filling up the DagBag from /opt/airflow/dags/S3_UPLOAD_DAG.py
[2026-06-04T06:54:52.946+0000] {processor.py:839} INFO - DAG(s) dict_keys(['daily_vulnerability_ingestion']) retrieved from /opt/airflow/dags/S3_UPLOAD_DAG.py
[2026-06-04T06:54:52.965+0000] {logging_mixin.py:154} INFO - [2026-06-04T06:54:52.964+0000] {dag.py:2941} INFO - Sync 1 DAGs
[2026-06-04T06:54:52.983+0000] {logging_mixin.py:154} INFO - [2026-06-04T06:54:52.983+0000] {dag.py:3722} INFO - Setting next_dagrun for daily_vulnerability_ingestion to 2026-06-03T14:52:05.384041+00:00, run_after=2026-06-04T14:52:05.384041+00:00
[2026-06-04T06:54:52.996+0000] {processor.py:179} INFO - Processing /opt/airflow/dags/S3_UPLOAD_DAG.py took 0.077 seconds
[2026-06-04T06:55:23.077+0000] {processor.py:157} INFO - Started process (PID=1110) to work on /opt/airflow/dags/S3_UPLOAD_DAG.py
[2026-06-04T06:55:23.078+0000] {processor.py:829} INFO - Processing file /opt/airflow/dags/S3_UPLOAD_DAG.py for tasks to queue
[2026-06-04T06:55:23.078+0000] {logging_mixin.py:154} INFO - [2026-06-04T06:55:23.078+0000] {dagbag.py:536} INFO - Filling up the DagBag from /opt/airflow/dags/S3_UPLOAD_DAG.py
[2026-06-04T06:55:23.089+0000] {processor.py:839} INFO - DAG(s) dict_keys(['daily_vulnerability_ingestion']) retrieved from /opt/airflow/dags/S3_UPLOAD_DAG.py
[2026-06-04T06:55:23.107+0000] {logging_mixin.py:154} INFO - [2026-06-04T06:55:23.107+0000] {dag.py:2941} INFO - Sync 1 DAGs
[2026-06-04T06:55:23.207+0000] {logging_mixin.py:154} INFO - [2026-06-04T06:55:23.206+0000] {dag.py:3722} INFO - Setting next_dagrun for daily_vulnerability_ingestion to 2026-06-03T14:52:05.384041+00:00, run_after=2026-06-04T14:52:05.384041+00:00
[2026-06-04T06:55:23.227+0000] {processor.py:179} INFO - Processing /opt/airflow/dags/S3_UPLOAD_DAG.py took 0.153 seconds
[2026-06-04T06:55:53.307+0000] {processor.py:157} INFO - Started process (PID=1115) to work on /opt/airflow/dags/S3_UPLOAD_DAG.py
[2026-06-04T06:55:53.309+0000] {processor.py:829} INFO - Processing file /opt/airflow/dags/S3_UPLOAD_DAG.py for tasks to queue
[2026-06-04T06:55:53.312+0000] {logging_mixin.py:154} INFO - [2026-06-04T06:55:53.311+0000] {dagbag.py:536} INFO - Filling up the DagBag from /opt/airflow/dags/S3_UPLOAD_DAG.py
[2026-06-04T06:55:53.350+0000] {processor.py:839} INFO - DAG(s) dict_keys(['daily_vulnerability_ingestion']) retrieved from /opt/airflow/dags/S3_UPLOAD_DAG.py
[2026-06-04T06:55:53.395+0000] {logging_mixin.py:154} INFO - [2026-06-04T06:55:53.395+0000] {dag.py:2941} INFO - Sync 1 DAGs
[2026-06-04T06:55:53.431+0000] {logging_mixin.py:154} INFO - [2026-06-04T06:55:53.431+0000] {dag.py:3722} INFO - Setting next_dagrun for daily_vulnerability_ingestion to 2026-06-03T14:52:05.384041+00:00, run_after=2026-06-04T14:52:05.384041+00:00
[2026-06-04T06:55:53.450+0000] {processor.py:179} INFO - Processing /opt/airflow/dags/S3_UPLOAD_DAG.py took 0.153 seconds
[2026-06-04T06:56:23.568+0000] {processor.py:157} INFO - Started process (PID=1120) to work on /opt/airflow/dags/S3_UPLOAD_DAG.py
[2026-06-04T06:56:23.569+0000] {processor.py:829} INFO - Processing file /opt/airflow/dags/S3_UPLOAD_DAG.py for tasks to queue
[2026-06-04T06:56:23.570+0000] {logging_mixin.py:154} INFO - [2026-06-04T06:56:23.570+0000] {dagbag.py:536} INFO - Filling up the DagBag from /opt/airflow/dags/S3_UPLOAD_DAG.py
[2026-06-04T06:56:23.584+0000] {processor.py:839} INFO - DAG(s) dict_keys(['daily_vulnerability_ingestion']) retrieved from /opt/airflow/dags/S3_UPLOAD_DAG.py
[2026-06-04T06:56:23.603+0000] {logging_mixin.py:154} INFO - [2026-06-04T06:56:23.602+0000] {dag.py:2941} INFO - Sync 1 DAGs
[2026-06-04T06:56:23.618+0000] {logging_mixin.py:154} INFO - [2026-06-04T06:56:23.618+0000] {dag.py:3722} INFO - Setting next_dagrun for daily_vulnerability_ingestion to 2026-06-03T14:52:05.384041+00:00, run_after=2026-06-04T14:52:05.384041+00:00
[2026-06-04T06:56:23.706+0000] {processor.py:179} INFO - Processing /opt/airflow/dags/S3_UPLOAD_DAG.py took 0.143 seconds
[2026-06-04T06:56:34.683+0000] {processor.py:157} INFO - Started process (PID=1125) to work on /opt/airflow/dags/S3_UPLOAD_DAG.py
[2026-06-04T06:56:34.684+0000] {processor.py:829} INFO - Processing file /opt/airflow/dags/S3_UPLOAD_DAG.py for tasks to queue
[2026-06-04T06:56:34.685+0000] {logging_mixin.py:154} INFO - [2026-06-04T06:56:34.685+0000] {dagbag.py:536} INFO - Filling up the DagBag from /opt/airflow/dags/S3_UPLOAD_DAG.py
[2026-06-04T06:56:34.700+0000] {processor.py:839} INFO - DAG(s) dict_keys(['daily_vulnerability_ingestion']) retrieved from /opt/airflow/dags/S3_UPLOAD_DAG.py
[2026-06-04T06:56:34.721+0000] {logging_mixin.py:154} INFO - [2026-06-04T06:56:34.721+0000] {dag.py:2941} INFO - Sync 1 DAGs
[2026-06-04T06:56:34.822+0000] {logging_mixin.py:154} INFO - [2026-06-04T06:56:34.822+0000] {dag.py:3722} INFO - Setting next_dagrun for daily_vulnerability_ingestion to 2026-06-03T14:52:05.384041+00:00, run_after=2026-06-04T14:52:05.384041+00:00
[2026-06-04T06:56:34.843+0000] {processor.py:179} INFO - Processing /opt/airflow/dags/S3_UPLOAD_DAG.py took 0.165 seconds
[2026-06-04T06:57:04.951+0000] {processor.py:157} INFO - Started process (PID=1130) to work on /opt/airflow/dags/S3_UPLOAD_DAG.py
[2026-06-04T06:57:04.960+0000] {processor.py:829} INFO - Processing file /opt/airflow/dags/S3_UPLOAD_DAG.py for tasks to queue
[2026-06-04T06:57:04.961+0000] {logging_mixin.py:154} INFO - [2026-06-04T06:57:04.960+0000] {dagbag.py:536} INFO - Filling up the DagBag from /opt/airflow/dags/S3_UPLOAD_DAG.py
[2026-06-04T06:57:05.053+0000] {processor.py:839} INFO - DAG(s) dict_keys(['daily_vulnerability_ingestion']) retrieved from /opt/airflow/dags/S3_UPLOAD_DAG.py
[2026-06-04T06:57:05.069+0000] {logging_mixin.py:154} INFO - [2026-06-04T06:57:05.069+0000] {dag.py:2941} INFO - Sync 1 DAGs
[2026-06-04T06:57:05.084+0000] {logging_mixin.py:154} INFO - [2026-06-04T06:57:05.083+0000] {dag.py:3722} INFO - Setting next_dagrun for daily_vulnerability_ingestion to 2026-06-03T14:52:05.384041+00:00, run_after=2026-06-04T14:52:05.384041+00:00
[2026-06-04T06:57:05.102+0000] {processor.py:179} INFO - Processing /opt/airflow/dags/S3_UPLOAD_DAG.py took 0.155 seconds
[2026-06-04T06:57:35.136+0000] {processor.py:157} INFO - Started process (PID=1135) to work on /opt/airflow/dags/S3_UPLOAD_DAG.py
[2026-06-04T06:57:35.137+0000] {processor.py:829} INFO - Processing file /opt/airflow/dags/S3_UPLOAD_DAG.py for tasks to queue
[2026-06-04T06:57:35.137+0000] {logging_mixin.py:154} INFO - [2026-06-04T06:57:35.137+0000] {dagbag.py:536} INFO - Filling up the DagBag from /opt/airflow/dags/S3_UPLOAD_DAG.py
[2026-06-04T06:57:35.149+0000] {processor.py:839} INFO - DAG(s) dict_keys(['daily_vulnerability_ingestion']) retrieved from /opt/airflow/dags/S3_UPLOAD_DAG.py
[2026-06-04T06:57:35.168+0000] {logging_mixin.py:154} INFO - [2026-06-04T06:57:35.168+0000] {dag.py:2941} INFO - Sync 1 DAGs
[2026-06-04T06:57:35.187+0000] {logging_mixin.py:154} INFO - [2026-06-04T06:57:35.186+0000] {dag.py:3722} INFO - Setting next_dagrun for daily_vulnerability_ingestion to 2026-06-03T14:52:05.384041+00:00, run_after=2026-06-04T14:52:05.384041+00:00
[2026-06-04T06:57:35.200+0000] {processor.py:179} INFO - Processing /opt/airflow/dags/S3_UPLOAD_DAG.py took 0.067 seconds
[2026-06-04T06:58:05.338+0000] {processor.py:157} INFO - Started process (PID=1140) to work on /opt/airflow/dags/S3_UPLOAD_DAG.py
[2026-06-04T06:58:05.339+0000] {processor.py:829} INFO - Processing file /opt/airflow/dags/S3_UPLOAD_DAG.py for tasks to queue
[2026-06-04T06:58:05.340+0000] {logging_mixin.py:154} INFO - [2026-06-04T06:58:05.340+0000] {dagbag.py:536} INFO - Filling up the DagBag from /opt/airflow/dags/S3_UPLOAD_DAG.py
[2026-06-04T06:58:05.354+0000] {processor.py:839} INFO - DAG(s) dict_keys(['daily_vulnerability_ingestion']) retrieved from /opt/airflow/dags/S3_UPLOAD_DAG.py
[2026-06-04T06:58:05.374+0000] {logging_mixin.py:154} INFO - [2026-06-04T06:58:05.374+0000] {dag.py:2941} INFO - Sync 1 DAGs
[2026-06-04T06:58:05.392+0000] {logging_mixin.py:154} INFO - [2026-06-04T06:58:05.392+0000] {dag.py:3722} INFO - Setting next_dagrun for daily_vulnerability_ingestion to 2026-06-03T14:52:05.384041+00:00, run_after=2026-06-04T14:52:05.384041+00:00
[2026-06-04T06:58:05.406+0000] {processor.py:179} INFO - Processing /opt/airflow/dags/S3_UPLOAD_DAG.py took 0.072 seconds
[2026-06-04T06:58:35.546+0000] {processor.py:157} INFO - Started process (PID=1145) to work on /opt/airflow/dags/S3_UPLOAD_DAG.py
[2026-06-04T06:58:35.547+0000] {processor.py:829} INFO - Processing file /opt/airflow/dags/S3_UPLOAD_DAG.py for tasks to queue
[2026-06-04T06:58:35.548+0000] {logging_mixin.py:154} INFO - [2026-06-04T06:58:35.547+0000] {dagbag.py:536} INFO - Filling up the DagBag from /opt/airflow/dags/S3_UPLOAD_DAG.py
[2026-06-04T06:58:35.565+0000] {processor.py:839} INFO - DAG(s) dict_keys(['daily_vulnerability_ingestion']) retrieved from /opt/airflow/dags/S3_UPLOAD_DAG.py
[2026-06-04T06:58:35.586+0000] {logging_mixin.py:154} INFO - [2026-06-04T06:58:35.586+0000] {dag.py:2941} INFO - Sync 1 DAGs
[2026-06-04T06:58:35.603+0000] {logging_mixin.py:154} INFO - [2026-06-04T06:58:35.603+0000] {dag.py:3722} INFO - Setting next_dagrun for daily_vulnerability_ingestion to 2026-06-03T14:52:05.384041+00:00, run_after=2026-06-04T14:52:05.384041+00:00
[2026-06-04T06:58:35.617+0000] {processor.py:179} INFO - Processing /opt/airflow/dags/S3_UPLOAD_DAG.py took 0.076 seconds
[2026-06-04T06:59:05.772+0000] {processor.py:157} INFO - Started process (PID=1150) to work on /opt/airflow/dags/S3_UPLOAD_DAG.py
[2026-06-04T06:59:05.783+0000] {processor.py:829} INFO - Processing file /opt/airflow/dags/S3_UPLOAD_DAG.py for tasks to queue
[2026-06-04T06:59:05.786+0000] {logging_mixin.py:154} INFO - [2026-06-04T06:59:05.785+0000] {dagbag.py:536} INFO - Filling up the DagBag from /opt/airflow/dags/S3_UPLOAD_DAG.py
[2026-06-04T06:59:05.843+0000] {processor.py:839} INFO - DAG(s) dict_keys(['daily_vulnerability_ingestion']) retrieved from /opt/airflow/dags/S3_UPLOAD_DAG.py
[2026-06-04T06:59:05.910+0000] {logging_mixin.py:154} INFO - [2026-06-04T06:59:05.909+0000] {dag.py:2941} INFO - Sync 1 DAGs
[2026-06-04T06:59:05.936+0000] {logging_mixin.py:154} INFO - [2026-06-04T06:59:05.936+0000] {dag.py:3722} INFO - Setting next_dagrun for daily_vulnerability_ingestion to 2026-06-03T14:52:05.384041+00:00, run_after=2026-06-04T14:52:05.384041+00:00
[2026-06-04T06:59:05.956+0000] {processor.py:179} INFO - Processing /opt/airflow/dags/S3_UPLOAD_DAG.py took 0.197 seconds
[2026-06-04T06:59:36.130+0000] {processor.py:157} INFO - Started process (PID=1155) to work on /opt/airflow/dags/S3_UPLOAD_DAG.py
[2026-06-04T06:59:36.131+0000] {processor.py:829} INFO - Processing file /opt/airflow/dags/S3_UPLOAD_DAG.py for tasks to queue
[2026-06-04T06:59:36.133+0000] {logging_mixin.py:154} INFO - [2026-06-04T06:59:36.132+0000] {dagbag.py:536} INFO - Filling up the DagBag from /opt/airflow/dags/S3_UPLOAD_DAG.py
[2026-06-04T06:59:36.151+0000] {processor.py:839} INFO - DAG(s) dict_keys(['daily_vulnerability_ingestion']) retrieved from /opt/airflow/dags/S3_UPLOAD_DAG.py
[2026-06-04T06:59:36.171+0000] {logging_mixin.py:154} INFO - [2026-06-04T06:59:36.171+0000] {dag.py:2941} INFO - Sync 1 DAGs
[2026-06-04T06:59:36.187+0000] {logging_mixin.py:154} INFO - [2026-06-04T06:59:36.187+0000] {dag.py:3722} INFO - Setting next_dagrun for daily_vulnerability_ingestion to 2026-06-03T14:52:05.384041+00:00, run_after=2026-06-04T14:52:05.384041+00:00
[2026-06-04T06:59:36.199+0000] {processor.py:179} INFO - Processing /opt/airflow/dags/S3_UPLOAD_DAG.py took 0.074 seconds
[2026-06-04T07:00:06.288+0000] {processor.py:157} INFO - Started process (PID=1160) to work on /opt/airflow/dags/S3_UPLOAD_DAG.py
[2026-06-04T07:00:06.297+0000] {processor.py:829} INFO - Processing file /opt/airflow/dags/S3_UPLOAD_DAG.py for tasks to queue
[2026-06-04T07:00:06.298+0000] {logging_mixin.py:154} INFO - [2026-06-04T07:00:06.298+0000] {dagbag.py:536} INFO - Filling up the DagBag from /opt/airflow/dags/S3_UPLOAD_DAG.py
[2026-06-04T07:00:06.319+0000] {processor.py:839} INFO - DAG(s) dict_keys(['daily_vulnerability_ingestion']) retrieved from /opt/airflow/dags/S3_UPLOAD_DAG.py
[2026-06-04T07:00:06.343+0000] {logging_mixin.py:154} INFO - [2026-06-04T07:00:06.342+0000] {dag.py:2941} INFO - Sync 1 DAGs
[2026-06-04T07:00:06.361+0000] {logging_mixin.py:154} INFO - [2026-06-04T07:00:06.361+0000] {dag.py:3722} INFO - Setting next_dagrun for daily_vulnerability_ingestion to 2026-06-03T14:52:05.384041+00:00, run_after=2026-06-04T14:52:05.384041+00:00
[2026-06-04T07:00:06.375+0000] {processor.py:179} INFO - Processing /opt/airflow/dags/S3_UPLOAD_DAG.py took 0.092 seconds
[2026-06-04T07:00:36.501+0000] {processor.py:157} INFO - Started process (PID=1165) to work on /opt/airflow/dags/S3_UPLOAD_DAG.py
[2026-06-04T07:00:36.502+0000] {processor.py:829} INFO - Processing file /opt/airflow/dags/S3_UPLOAD_DAG.py for tasks to queue
[2026-06-04T07:00:36.503+0000] {logging_mixin.py:154} INFO - [2026-06-04T07:00:36.503+0000] {dagbag.py:536} INFO - Filling up the DagBag from /opt/airflow/dags/S3_UPLOAD_DAG.py
[2026-06-04T07:00:36.518+0000] {processor.py:839} INFO - DAG(s) dict_keys(['daily_vulnerability_ingestion']) retrieved from /opt/airflow/dags/S3_UPLOAD_DAG.py
[2026-06-04T07:00:36.538+0000] {logging_mixin.py:154} INFO - [2026-06-04T07:00:36.538+0000] {dag.py:2941} INFO - Sync 1 DAGs
[2026-06-04T07:00:36.555+0000] {logging_mixin.py:154} INFO - [2026-06-04T07:00:36.554+0000] {dag.py:3722} INFO - Setting next_dagrun for daily_vulnerability_ingestion to 2026-06-03T14:52:05.384041+00:00, run_after=2026-06-04T14:52:05.384041+00:00
[2026-06-04T07:00:36.567+0000] {processor.py:179} INFO - Processing /opt/airflow/dags/S3_UPLOAD_DAG.py took 0.071 seconds
[2026-06-04T07:01:06.667+0000] {processor.py:157} INFO - Started process (PID=1170) to work on /opt/airflow/dags/S3_UPLOAD_DAG.py
[2026-06-04T07:01:06.668+0000] {processor.py:829} INFO - Processing file /opt/airflow/dags/S3_UPLOAD_DAG.py for tasks to queue
[2026-06-04T07:01:06.669+0000] {logging_mixin.py:154} INFO - [2026-06-04T07:01:06.668+0000] {dagbag.py:536} INFO - Filling up the DagBag from /opt/airflow/dags/S3_UPLOAD_DAG.py
[2026-06-04T07:01:06.682+0000] {processor.py:839} INFO - DAG(s) dict_keys(['daily_vulnerability_ingestion']) retrieved from /opt/airflow/dags/S3_UPLOAD_DAG.py
[2026-06-04T07:01:06.702+0000] {logging_mixin.py:154} INFO - [2026-06-04T07:01:06.702+0000] {dag.py:2941} INFO - Sync 1 DAGs
[2026-06-04T07:01:06.719+0000] {logging_mixin.py:154} INFO - [2026-06-04T07:01:06.719+0000] {dag.py:3722} INFO - Setting next_dagrun for daily_vulnerability_ingestion to 2026-06-03T14:52:05.384041+00:00, run_after=2026-06-04T14:52:05.384041+00:00
[2026-06-04T07:01:06.732+0000] {processor.py:179} INFO - Processing /opt/airflow/dags/S3_UPLOAD_DAG.py took 0.071 seconds
[2026-06-04T07:01:36.831+0000] {processor.py:157} INFO - Started process (PID=1175) to work on /opt/airflow/dags/S3_UPLOAD_DAG.py
[2026-06-04T07:01:36.831+0000] {processor.py:829} INFO - Processing file /opt/airflow/dags/S3_UPLOAD_DAG.py for tasks to queue
[2026-06-04T07:01:36.832+0000] {logging_mixin.py:154} INFO - [2026-06-04T07:01:36.832+0000] {dagbag.py:536} INFO - Filling up the DagBag from /opt/airflow/dags/S3_UPLOAD_DAG.py
[2026-06-04T07:01:36.847+0000] {processor.py:839} INFO - DAG(s) dict_keys(['daily_vulnerability_ingestion']) retrieved from /opt/airflow/dags/S3_UPLOAD_DAG.py
[2026-06-04T07:01:36.866+0000] {logging_mixin.py:154} INFO - [2026-06-04T07:01:36.866+0000] {dag.py:2941} INFO - Sync 1 DAGs
[2026-06-04T07:01:36.890+0000] {logging_mixin.py:154} INFO - [2026-06-04T07:01:36.889+0000] {dag.py:3722} INFO - Setting next_dagrun for daily_vulnerability_ingestion to 2026-06-03T14:52:05.384041+00:00, run_after=2026-06-04T14:52:05.384041+00:00
[2026-06-04T07:01:36.906+0000] {processor.py:179} INFO - Processing /opt/airflow/dags/S3_UPLOAD_DAG.py took 0.078 seconds
[2026-06-04T07:02:06.988+0000] {processor.py:157} INFO - Started process (PID=1180) to work on /opt/airflow/dags/S3_UPLOAD_DAG.py
[2026-06-04T07:02:06.989+0000] {processor.py:829} INFO - Processing file /opt/airflow/dags/S3_UPLOAD_DAG.py for tasks to queue
[2026-06-04T07:02:06.990+0000] {logging_mixin.py:154} INFO - [2026-06-04T07:02:06.989+0000] {dagbag.py:536} INFO - Filling up the DagBag from /opt/airflow/dags/S3_UPLOAD_DAG.py
[2026-06-04T07:02:07.007+0000] {processor.py:839} INFO - DAG(s) dict_keys(['daily_vulnerability_ingestion']) retrieved from /opt/airflow/dags/S3_UPLOAD_DAG.py
[2026-06-04T07:02:07.025+0000] {logging_mixin.py:154} INFO - [2026-06-04T07:02:07.025+0000] {dag.py:2941} INFO - Sync 1 DAGs
[2026-06-04T07:02:07.041+0000] {logging_mixin.py:154} INFO - [2026-06-04T07:02:07.041+0000] {dag.py:3722} INFO - Setting next_dagrun for daily_vulnerability_ingestion to 2026-06-03T14:52:05.384041+00:00, run_after=2026-06-04T14:52:05.384041+00:00
[2026-06-04T07:02:07.054+0000] {processor.py:179} INFO - Processing /opt/airflow/dags/S3_UPLOAD_DAG.py took 0.070 seconds
[2026-06-04T07:02:37.214+0000] {processor.py:157} INFO - Started process (PID=1185) to work on /opt/airflow/dags/S3_UPLOAD_DAG.py
[2026-06-04T07:02:37.223+0000] {processor.py:829} INFO - Processing file /opt/airflow/dags/S3_UPLOAD_DAG.py for tasks to queue
[2026-06-04T07:02:37.224+0000] {logging_mixin.py:154} INFO - [2026-06-04T07:02:37.224+0000] {dagbag.py:536} INFO - Filling up the DagBag from /opt/airflow/dags/S3_UPLOAD_DAG.py
[2026-06-04T07:02:37.237+0000] {processor.py:839} INFO - DAG(s) dict_keys(['daily_vulnerability_ingestion']) retrieved from /opt/airflow/dags/S3_UPLOAD_DAG.py
[2026-06-04T07:02:37.254+0000] {logging_mixin.py:154} INFO - [2026-06-04T07:02:37.254+0000] {dag.py:2941} INFO - Sync 1 DAGs
[2026-06-04T07:02:37.272+0000] {logging_mixin.py:154} INFO - [2026-06-04T07:02:37.272+0000] {dag.py:3722} INFO - Setting next_dagrun for daily_vulnerability_ingestion to 2026-06-03T14:52:05.384041+00:00, run_after=2026-06-04T14:52:05.384041+00:00
[2026-06-04T07:02:37.286+0000] {processor.py:179} INFO - Processing /opt/airflow/dags/S3_UPLOAD_DAG.py took 0.078 seconds
[2026-06-04T07:03:07.400+0000] {processor.py:157} INFO - Started process (PID=1190) to work on /opt/airflow/dags/S3_UPLOAD_DAG.py
[2026-06-04T07:03:07.401+0000] {processor.py:829} INFO - Processing file /opt/airflow/dags/S3_UPLOAD_DAG.py for tasks to queue
[2026-06-04T07:03:07.402+0000] {logging_mixin.py:154} INFO - [2026-06-04T07:03:07.401+0000] {dagbag.py:536} INFO - Filling up the DagBag from /opt/airflow/dags/S3_UPLOAD_DAG.py
[2026-06-04T07:03:07.414+0000] {processor.py:839} INFO - DAG(s) dict_keys(['daily_vulnerability_ingestion']) retrieved from /opt/airflow/dags/S3_UPLOAD_DAG.py
[2026-06-04T07:03:07.432+0000] {logging_mixin.py:154} INFO - [2026-06-04T07:03:07.432+0000] {dag.py:2941} INFO - Sync 1 DAGs
[2026-06-04T07:03:07.448+0000] {logging_mixin.py:154} INFO - [2026-06-04T07:03:07.448+0000] {dag.py:3722} INFO - Setting next_dagrun for daily_vulnerability_ingestion to 2026-06-03T14:52:05.384041+00:00, run_after=2026-06-04T14:52:05.384041+00:00
[2026-06-04T07:03:07.459+0000] {processor.py:179} INFO - Processing /opt/airflow/dags/S3_UPLOAD_DAG.py took 0.063 seconds
[2026-06-04T07:03:37.650+0000] {processor.py:157} INFO - Started process (PID=1195) to work on /opt/airflow/dags/S3_UPLOAD_DAG.py
[2026-06-04T07:03:37.659+0000] {processor.py:829} INFO - Processing file /opt/airflow/dags/S3_UPLOAD_DAG.py for tasks to queue
[2026-06-04T07:03:37.659+0000] {logging_mixin.py:154} INFO - [2026-06-04T07:03:37.659+0000] {dagbag.py:536} INFO - Filling up the DagBag from /opt/airflow/dags/S3_UPLOAD_DAG.py
[2026-06-04T07:03:37.670+0000] {processor.py:839} INFO - DAG(s) dict_keys(['daily_vulnerability_ingestion']) retrieved from /opt/airflow/dags/S3_UPLOAD_DAG.py
[2026-06-04T07:03:37.687+0000] {logging_mixin.py:154} INFO - [2026-06-04T07:03:37.687+0000] {dag.py:2941} INFO - Sync 1 DAGs
[2026-06-04T07:03:37.704+0000] {logging_mixin.py:154} INFO - [2026-06-04T07:03:37.703+0000] {dag.py:3722} INFO - Setting next_dagrun for daily_vulnerability_ingestion to 2026-06-03T14:52:05.384041+00:00, run_after=2026-06-04T14:52:05.384041+00:00
[2026-06-04T07:03:37.716+0000] {processor.py:179} INFO - Processing /opt/airflow/dags/S3_UPLOAD_DAG.py took 0.071 seconds
[2026-06-04T07:04:07.872+0000] {processor.py:157} INFO - Started process (PID=1200) to work on /opt/airflow/dags/S3_UPLOAD_DAG.py
[2026-06-04T07:04:07.873+0000] {processor.py:829} INFO - Processing file /opt/airflow/dags/S3_UPLOAD_DAG.py for tasks to queue
[2026-06-04T07:04:07.875+0000] {logging_mixin.py:154} INFO - [2026-06-04T07:04:07.874+0000] {dagbag.py:536} INFO - Filling up the DagBag from /opt/airflow/dags/S3_UPLOAD_DAG.py
[2026-06-04T07:04:07.893+0000] {processor.py:839} INFO - DAG(s) dict_keys(['daily_vulnerability_ingestion']) retrieved from /opt/airflow/dags/S3_UPLOAD_DAG.py
[2026-06-04T07:04:07.913+0000] {logging_mixin.py:154} INFO - [2026-06-04T07:04:07.913+0000] {dag.py:2941} INFO - Sync 1 DAGs
[2026-06-04T07:04:07.929+0000] {logging_mixin.py:154} INFO - [2026-06-04T07:04:07.929+0000] {dag.py:3722} INFO - Setting next_dagrun for daily_vulnerability_ingestion to 2026-06-03T14:52:05.384041+00:00, run_after=2026-06-04T14:52:05.384041+00:00
[2026-06-04T07:04:07.940+0000] {processor.py:179} INFO - Processing /opt/airflow/dags/S3_UPLOAD_DAG.py took 0.075 seconds
[2026-06-04T07:04:38.110+0000] {processor.py:157} INFO - Started process (PID=1205) to work on /opt/airflow/dags/S3_UPLOAD_DAG.py
[2026-06-04T07:04:38.118+0000] {processor.py:829} INFO - Processing file /opt/airflow/dags/S3_UPLOAD_DAG.py for tasks to queue
[2026-06-04T07:04:38.119+0000] {logging_mixin.py:154} INFO - [2026-06-04T07:04:38.119+0000] {dagbag.py:536} INFO - Filling up the DagBag from /opt/airflow/dags/S3_UPLOAD_DAG.py
[2026-06-04T07:04:38.132+0000] {processor.py:839} INFO - DAG(s) dict_keys(['daily_vulnerability_ingestion']) retrieved from /opt/airflow/dags/S3_UPLOAD_DAG.py
[2026-06-04T07:04:38.151+0000] {logging_mixin.py:154} INFO - [2026-06-04T07:04:38.150+0000] {dag.py:2941} INFO - Sync 1 DAGs
[2026-06-04T07:04:38.166+0000] {logging_mixin.py:154} INFO - [2026-06-04T07:04:38.166+0000] {dag.py:3722} INFO - Setting next_dagrun for daily_vulnerability_ingestion to 2026-06-03T14:52:05.384041+00:00, run_after=2026-06-04T14:52:05.384041+00:00
[2026-06-04T07:04:38.179+0000] {processor.py:179} INFO - Processing /opt/airflow/dags/S3_UPLOAD_DAG.py took 0.074 seconds
[2026-06-04T07:05:08.315+0000] {processor.py:157} INFO - Started process (PID=1210) to work on /opt/airflow/dags/S3_UPLOAD_DAG.py
[2026-06-04T07:05:08.316+0000] {processor.py:829} INFO - Processing file /opt/airflow/dags/S3_UPLOAD_DAG.py for tasks to queue
[2026-06-04T07:05:08.317+0000] {logging_mixin.py:154} INFO - [2026-06-04T07:05:08.317+0000] {dagbag.py:536} INFO - Filling up the DagBag from /opt/airflow/dags/S3_UPLOAD_DAG.py
[2026-06-04T07:05:08.332+0000] {processor.py:839} INFO - DAG(s) dict_keys(['daily_vulnerability_ingestion']) retrieved from /opt/airflow/dags/S3_UPLOAD_DAG.py
[2026-06-04T07:05:08.350+0000] {logging_mixin.py:154} INFO - [2026-06-04T07:05:08.350+0000] {dag.py:2941} INFO - Sync 1 DAGs
[2026-06-04T07:05:08.366+0000] {logging_mixin.py:154} INFO - [2026-06-04T07:05:08.365+0000] {dag.py:3722} INFO - Setting next_dagrun for daily_vulnerability_ingestion to 2026-06-03T14:52:05.384041+00:00, run_after=2026-06-04T14:52:05.384041+00:00
[2026-06-04T07:05:08.378+0000] {processor.py:179} INFO - Processing /opt/airflow/dags/S3_UPLOAD_DAG.py took 0.068 seconds
[2026-06-04T07:05:38.534+0000] {processor.py:157} INFO - Started process (PID=1215) to work on /opt/airflow/dags/S3_UPLOAD_DAG.py
[2026-06-04T07:05:38.543+0000] {processor.py:829} INFO - Processing file /opt/airflow/dags/S3_UPLOAD_DAG.py for tasks to queue
[2026-06-04T07:05:38.544+0000] {logging_mixin.py:154} INFO - [2026-06-04T07:05:38.543+0000] {dagbag.py:536} INFO - Filling up the DagBag from /opt/airflow/dags/S3_UPLOAD_DAG.py
[2026-06-04T07:05:38.559+0000] {processor.py:839} INFO - DAG(s) dict_keys(['daily_vulnerability_ingestion']) retrieved from /opt/airflow/dags/S3_UPLOAD_DAG.py
[2026-06-04T07:05:38.581+0000] {logging_mixin.py:154} INFO - [2026-06-04T07:05:38.581+0000] {dag.py:2941} INFO - Sync 1 DAGs
[2026-06-04T07:05:38.598+0000] {logging_mixin.py:154} INFO - [2026-06-04T07:05:38.598+0000] {dag.py:3722} INFO - Setting next_dagrun for daily_vulnerability_ingestion to 2026-06-03T14:52:05.384041+00:00, run_after=2026-06-04T14:52:05.384041+00:00
[2026-06-04T07:05:38.610+0000] {processor.py:179} INFO - Processing /opt/airflow/dags/S3_UPLOAD_DAG.py took 0.081 seconds
[2026-06-04T07:06:08.723+0000] {processor.py:157} INFO - Started process (PID=1220) to work on /opt/airflow/dags/S3_UPLOAD_DAG.py
[2026-06-04T07:06:08.724+0000] {processor.py:829} INFO - Processing file /opt/airflow/dags/S3_UPLOAD_DAG.py for tasks to queue
[2026-06-04T07:06:08.724+0000] {logging_mixin.py:154} INFO - [2026-06-04T07:06:08.724+0000] {dagbag.py:536} INFO - Filling up the DagBag from /opt/airflow/dags/S3_UPLOAD_DAG.py
[2026-06-04T07:06:08.736+0000] {processor.py:839} INFO - DAG(s) dict_keys(['daily_vulnerability_ingestion']) retrieved from /opt/airflow/dags/S3_UPLOAD_DAG.py
[2026-06-04T07:06:08.755+0000] {logging_mixin.py:154} INFO - [2026-06-04T07:06:08.755+0000] {dag.py:2941} INFO - Sync 1 DAGs
[2026-06-04T07:06:08.771+0000] {logging_mixin.py:154} INFO - [2026-06-04T07:06:08.771+0000] {dag.py:3722} INFO - Setting next_dagrun for daily_vulnerability_ingestion to 2026-06-03T14:52:05.384041+00:00, run_after=2026-06-04T14:52:05.384041+00:00
[2026-06-04T07:06:08.784+0000] {processor.py:179} INFO - Processing /opt/airflow/dags/S3_UPLOAD_DAG.py took 0.065 seconds
[2026-06-04T07:06:38.979+0000] {processor.py:157} INFO - Started process (PID=1225) to work on /opt/airflow/dags/S3_UPLOAD_DAG.py
[2026-06-04T07:06:38.989+0000] {processor.py:829} INFO - Processing file /opt/airflow/dags/S3_UPLOAD_DAG.py for tasks to queue
[2026-06-04T07:06:38.990+0000] {logging_mixin.py:154} INFO - [2026-06-04T07:06:38.989+0000] {dagbag.py:536} INFO - Filling up the DagBag from /opt/airflow/dags/S3_UPLOAD_DAG.py
[2026-06-04T07:06:39.006+0000] {processor.py:839} INFO - DAG(s) dict_keys(['daily_vulnerability_ingestion']) retrieved from /opt/airflow/dags/S3_UPLOAD_DAG.py
[2026-06-04T07:06:39.025+0000] {logging_mixin.py:154} INFO - [2026-06-04T07:06:39.025+0000] {dag.py:2941} INFO - Sync 1 DAGs
[2026-06-04T07:06:39.040+0000] {logging_mixin.py:154} INFO - [2026-06-04T07:06:39.040+0000] {dag.py:3722} INFO - Setting next_dagrun for daily_vulnerability_ingestion to 2026-06-03T14:52:05.384041+00:00, run_after=2026-06-04T14:52:05.384041+00:00
[2026-06-04T07:06:39.052+0000] {processor.py:179} INFO - Processing /opt/airflow/dags/S3_UPLOAD_DAG.py took 0.077 seconds
[2026-06-04T07:07:09.207+0000] {processor.py:157} INFO - Started process (PID=1230) to work on /opt/airflow/dags/S3_UPLOAD_DAG.py
[2026-06-04T07:07:09.209+0000] {processor.py:829} INFO - Processing file /opt/airflow/dags/S3_UPLOAD_DAG.py for tasks to queue
[2026-06-04T07:07:09.211+0000] {logging_mixin.py:154} INFO - [2026-06-04T07:07:09.210+0000] {dagbag.py:536} INFO - Filling up the DagBag from /opt/airflow/dags/S3_UPLOAD_DAG.py
[2026-06-04T07:07:09.231+0000] {processor.py:839} INFO - DAG(s) dict_keys(['daily_vulnerability_ingestion']) retrieved from /opt/airflow/dags/S3_UPLOAD_DAG.py
[2026-06-04T07:07:09.249+0000] {logging_mixin.py:154} INFO - [2026-06-04T07:07:09.249+0000] {dag.py:2941} INFO - Sync 1 DAGs
[2026-06-04T07:07:09.266+0000] {logging_mixin.py:154} INFO - [2026-06-04T07:07:09.265+0000] {dag.py:3722} INFO - Setting next_dagrun for daily_vulnerability_ingestion to 2026-06-03T14:52:05.384041+00:00, run_after=2026-06-04T14:52:05.384041+00:00
[2026-06-04T07:07:09.278+0000] {processor.py:179} INFO - Processing /opt/airflow/dags/S3_UPLOAD_DAG.py took 0.080 seconds
[2026-06-04T07:07:39.415+0000] {processor.py:157} INFO - Started process (PID=1235) to work on /opt/airflow/dags/S3_UPLOAD_DAG.py
[2026-06-04T07:07:39.417+0000] {processor.py:829} INFO - Processing file /opt/airflow/dags/S3_UPLOAD_DAG.py for tasks to queue
[2026-06-04T07:07:39.418+0000] {logging_mixin.py:154} INFO - [2026-06-04T07:07:39.418+0000] {dagbag.py:536} INFO - Filling up the DagBag from /opt/airflow/dags/S3_UPLOAD_DAG.py
[2026-06-04T07:07:39.432+0000] {processor.py:839} INFO - DAG(s) dict_keys(['daily_vulnerability_ingestion']) retrieved from /opt/airflow/dags/S3_UPLOAD_DAG.py
[2026-06-04T07:07:39.449+0000] {logging_mixin.py:154} INFO - [2026-06-04T07:07:39.449+0000] {dag.py:2941} INFO - Sync 1 DAGs
[2026-06-04T07:07:39.465+0000] {logging_mixin.py:154} INFO - [2026-06-04T07:07:39.465+0000] {dag.py:3722} INFO - Setting next_dagrun for daily_vulnerability_ingestion to 2026-06-03T14:52:05.384041+00:00, run_after=2026-06-04T14:52:05.384041+00:00
[2026-06-04T07:07:39.477+0000] {processor.py:179} INFO - Processing /opt/airflow/dags/S3_UPLOAD_DAG.py took 0.066 seconds
[2026-06-04T07:08:09.619+0000] {processor.py:157} INFO - Started process (PID=1240) to work on /opt/airflow/dags/S3_UPLOAD_DAG.py
[2026-06-04T07:08:09.620+0000] {processor.py:829} INFO - Processing file /opt/airflow/dags/S3_UPLOAD_DAG.py for tasks to queue
[2026-06-04T07:08:09.620+0000] {logging_mixin.py:154} INFO - [2026-06-04T07:08:09.620+0000] {dagbag.py:536} INFO - Filling up the DagBag from /opt/airflow/dags/S3_UPLOAD_DAG.py
[2026-06-04T07:08:09.632+0000] {processor.py:839} INFO - DAG(s) dict_keys(['daily_vulnerability_ingestion']) retrieved from /opt/airflow/dags/S3_UPLOAD_DAG.py
[2026-06-04T07:08:09.653+0000] {logging_mixin.py:154} INFO - [2026-06-04T07:08:09.653+0000] {dag.py:2941} INFO - Sync 1 DAGs
[2026-06-04T07:08:09.671+0000] {logging_mixin.py:154} INFO - [2026-06-04T07:08:09.671+0000] {dag.py:3722} INFO - Setting next_dagrun for daily_vulnerability_ingestion to 2026-06-03T14:52:05.384041+00:00, run_after=2026-06-04T14:52:05.384041+00:00
[2026-06-04T07:08:09.684+0000] {processor.py:179} INFO - Processing /opt/airflow/dags/S3_UPLOAD_DAG.py took 0.068 seconds
[2026-06-04T07:08:39.818+0000] {processor.py:157} INFO - Started process (PID=1245) to work on /opt/airflow/dags/S3_UPLOAD_DAG.py
[2026-06-04T07:08:39.827+0000] {processor.py:829} INFO - Processing file /opt/airflow/dags/S3_UPLOAD_DAG.py for tasks to queue
[2026-06-04T07:08:39.828+0000] {logging_mixin.py:154} INFO - [2026-06-04T07:08:39.827+0000] {dagbag.py:536} INFO - Filling up the DagBag from /opt/airflow/dags/S3_UPLOAD_DAG.py
[2026-06-04T07:08:39.842+0000] {processor.py:839} INFO - DAG(s) dict_keys(['daily_vulnerability_ingestion']) retrieved from /opt/airflow/dags/S3_UPLOAD_DAG.py
[2026-06-04T07:08:39.862+0000] {logging_mixin.py:154} INFO - [2026-06-04T07:08:39.862+0000] {dag.py:2941} INFO - Sync 1 DAGs
[2026-06-04T07:08:39.879+0000] {logging_mixin.py:154} INFO - [2026-06-04T07:08:39.879+0000] {dag.py:3722} INFO - Setting next_dagrun for daily_vulnerability_ingestion to 2026-06-03T14:52:05.384041+00:00, run_after=2026-06-04T14:52:05.384041+00:00
[2026-06-04T07:08:39.896+0000] {processor.py:179} INFO - Processing /opt/airflow/dags/S3_UPLOAD_DAG.py took 0.082 seconds
[2026-06-04T07:09:10.018+0000] {processor.py:157} INFO - Started process (PID=1250) to work on /opt/airflow/dags/S3_UPLOAD_DAG.py
[2026-06-04T07:09:10.018+0000] {processor.py:829} INFO - Processing file /opt/airflow/dags/S3_UPLOAD_DAG.py for tasks to queue
[2026-06-04T07:09:10.019+0000] {logging_mixin.py:154} INFO - [2026-06-04T07:09:10.019+0000] {dagbag.py:536} INFO - Filling up the DagBag from /opt/airflow/dags/S3_UPLOAD_DAG.py
[2026-06-04T07:09:10.032+0000] {processor.py:839} INFO - DAG(s) dict_keys(['daily_vulnerability_ingestion']) retrieved from /opt/airflow/dags/S3_UPLOAD_DAG.py
[2026-06-04T07:09:10.053+0000] {logging_mixin.py:154} INFO - [2026-06-04T07:09:10.053+0000] {dag.py:2941} INFO - Sync 1 DAGs
[2026-06-04T07:09:10.078+0000] {logging_mixin.py:154} INFO - [2026-06-04T07:09:10.078+0000] {dag.py:3722} INFO - Setting next_dagrun for daily_vulnerability_ingestion to 2026-06-03T14:52:05.384041+00:00, run_after=2026-06-04T14:52:05.384041+00:00
[2026-06-04T07:09:10.095+0000] {processor.py:179} INFO - Processing /opt/airflow/dags/S3_UPLOAD_DAG.py took 0.082 seconds
[2026-06-04T07:09:40.230+0000] {processor.py:157} INFO - Started process (PID=1255) to work on /opt/airflow/dags/S3_UPLOAD_DAG.py
[2026-06-04T07:09:40.239+0000] {processor.py:829} INFO - Processing file /opt/airflow/dags/S3_UPLOAD_DAG.py for tasks to queue
[2026-06-04T07:09:40.240+0000] {logging_mixin.py:154} INFO - [2026-06-04T07:09:40.240+0000] {dagbag.py:536} INFO - Filling up the DagBag from /opt/airflow/dags/S3_UPLOAD_DAG.py
[2026-06-04T07:09:40.253+0000] {processor.py:839} INFO - DAG(s) dict_keys(['daily_vulnerability_ingestion']) retrieved from /opt/airflow/dags/S3_UPLOAD_DAG.py
[2026-06-04T07:09:40.271+0000] {logging_mixin.py:154} INFO - [2026-06-04T07:09:40.271+0000] {dag.py:2941} INFO - Sync 1 DAGs
[2026-06-04T07:09:40.288+0000] {logging_mixin.py:154} INFO - [2026-06-04T07:09:40.287+0000] {dag.py:3722} INFO - Setting next_dagrun for daily_vulnerability_ingestion to 2026-06-03T14:52:05.384041+00:00, run_after=2026-06-04T14:52:05.384041+00:00
[2026-06-04T07:09:40.300+0000] {processor.py:179} INFO - Processing /opt/airflow/dags/S3_UPLOAD_DAG.py took 0.075 seconds
[2026-06-04T07:10:10.442+0000] {processor.py:157} INFO - Started process (PID=1260) to work on /opt/airflow/dags/S3_UPLOAD_DAG.py
[2026-06-04T07:10:10.443+0000] {processor.py:829} INFO - Processing file /opt/airflow/dags/S3_UPLOAD_DAG.py for tasks to queue
[2026-06-04T07:10:10.445+0000] {logging_mixin.py:154} INFO - [2026-06-04T07:10:10.444+0000] {dagbag.py:536} INFO - Filling up the DagBag from /opt/airflow/dags/S3_UPLOAD_DAG.py
[2026-06-04T07:10:10.461+0000] {processor.py:839} INFO - DAG(s) dict_keys(['daily_vulnerability_ingestion']) retrieved from /opt/airflow/dags/S3_UPLOAD_DAG.py
[2026-06-04T07:10:10.482+0000] {logging_mixin.py:154} INFO - [2026-06-04T07:10:10.481+0000] {dag.py:2941} INFO - Sync 1 DAGs
[2026-06-04T07:10:10.499+0000] {logging_mixin.py:154} INFO - [2026-06-04T07:10:10.499+0000] {dag.py:3722} INFO - Setting next_dagrun for daily_vulnerability_ingestion to 2026-06-03T14:52:05.384041+00:00, run_after=2026-06-04T14:52:05.384041+00:00
[2026-06-04T07:10:10.513+0000] {processor.py:179} INFO - Processing /opt/airflow/dags/S3_UPLOAD_DAG.py took 0.077 seconds
[2026-06-04T07:10:40.612+0000] {processor.py:157} INFO - Started process (PID=1265) to work on /opt/airflow/dags/S3_UPLOAD_DAG.py
[2026-06-04T07:10:40.621+0000] {processor.py:829} INFO - Processing file /opt/airflow/dags/S3_UPLOAD_DAG.py for tasks to queue
[2026-06-04T07:10:40.621+0000] {logging_mixin.py:154} INFO - [2026-06-04T07:10:40.621+0000] {dagbag.py:536} INFO - Filling up the DagBag from /opt/airflow/dags/S3_UPLOAD_DAG.py
[2026-06-04T07:10:40.633+0000] {processor.py:839} INFO - DAG(s) dict_keys(['daily_vulnerability_ingestion']) retrieved from /opt/airflow/dags/S3_UPLOAD_DAG.py
[2026-06-04T07:10:40.653+0000] {logging_mixin.py:154} INFO - [2026-06-04T07:10:40.653+0000] {dag.py:2941} INFO - Sync 1 DAGs
[2026-06-04T07:10:40.671+0000] {logging_mixin.py:154} INFO - [2026-06-04T07:10:40.671+0000] {dag.py:3722} INFO - Setting next_dagrun for daily_vulnerability_ingestion to 2026-06-03T14:52:05.384041+00:00, run_after=2026-06-04T14:52:05.384041+00:00
[2026-06-04T07:10:40.684+0000] {processor.py:179} INFO - Processing /opt/airflow/dags/S3_UPLOAD_DAG.py took 0.075 seconds
[2026-06-04T07:11:10.842+0000] {processor.py:157} INFO - Started process (PID=1270) to work on /opt/airflow/dags/S3_UPLOAD_DAG.py
[2026-06-04T07:11:10.843+0000] {processor.py:829} INFO - Processing file /opt/airflow/dags/S3_UPLOAD_DAG.py for tasks to queue
[2026-06-04T07:11:10.844+0000] {logging_mixin.py:154} INFO - [2026-06-04T07:11:10.843+0000] {dagbag.py:536} INFO - Filling up the DagBag from /opt/airflow/dags/S3_UPLOAD_DAG.py
[2026-06-04T07:11:10.860+0000] {processor.py:839} INFO - DAG(s) dict_keys(['daily_vulnerability_ingestion']) retrieved from /opt/airflow/dags/S3_UPLOAD_DAG.py
[2026-06-04T07:11:10.879+0000] {logging_mixin.py:154} INFO - [2026-06-04T07:11:10.879+0000] {dag.py:2941} INFO - Sync 1 DAGs
[2026-06-04T07:11:10.897+0000] {logging_mixin.py:154} INFO - [2026-06-04T07:11:10.896+0000] {dag.py:3722} INFO - Setting next_dagrun for daily_vulnerability_ingestion to 2026-06-03T14:52:05.384041+00:00, run_after=2026-06-04T14:52:05.384041+00:00
[2026-06-04T07:11:10.910+0000] {processor.py:179} INFO - Processing /opt/airflow/dags/S3_UPLOAD_DAG.py took 0.072 seconds
[2026-06-04T07:11:41.053+0000] {processor.py:157} INFO - Started process (PID=1275) to work on /opt/airflow/dags/S3_UPLOAD_DAG.py
[2026-06-04T07:11:41.062+0000] {processor.py:829} INFO - Processing file /opt/airflow/dags/S3_UPLOAD_DAG.py for tasks to queue
[2026-06-04T07:11:41.063+0000] {logging_mixin.py:154} INFO - [2026-06-04T07:11:41.063+0000] {dagbag.py:536} INFO - Filling up the DagBag from /opt/airflow/dags/S3_UPLOAD_DAG.py
[2026-06-04T07:11:41.077+0000] {processor.py:839} INFO - DAG(s) dict_keys(['daily_vulnerability_ingestion']) retrieved from /opt/airflow/dags/S3_UPLOAD_DAG.py
[2026-06-04T07:11:41.096+0000] {logging_mixin.py:154} INFO - [2026-06-04T07:11:41.096+0000] {dag.py:2941} INFO - Sync 1 DAGs
[2026-06-04T07:11:41.112+0000] {logging_mixin.py:154} INFO - [2026-06-04T07:11:41.112+0000] {dag.py:3722} INFO - Setting next_dagrun for daily_vulnerability_ingestion to 2026-06-03T14:52:05.384041+00:00, run_after=2026-06-04T14:52:05.384041+00:00
[2026-06-04T07:11:41.123+0000] {processor.py:179} INFO - Processing /opt/airflow/dags/S3_UPLOAD_DAG.py took 0.075 seconds
[2026-06-04T07:12:11.259+0000] {processor.py:157} INFO - Started process (PID=1280) to work on /opt/airflow/dags/S3_UPLOAD_DAG.py
[2026-06-04T07:12:11.259+0000] {processor.py:829} INFO - Processing file /opt/airflow/dags/S3_UPLOAD_DAG.py for tasks to queue
[2026-06-04T07:12:11.261+0000] {logging_mixin.py:154} INFO - [2026-06-04T07:12:11.260+0000] {dagbag.py:536} INFO - Filling up the DagBag from /opt/airflow/dags/S3_UPLOAD_DAG.py
[2026-06-04T07:12:11.275+0000] {processor.py:839} INFO - DAG(s) dict_keys(['daily_vulnerability_ingestion']) retrieved from /opt/airflow/dags/S3_UPLOAD_DAG.py
[2026-06-04T07:12:11.297+0000] {logging_mixin.py:154} INFO - [2026-06-04T07:12:11.297+0000] {dag.py:2941} INFO - Sync 1 DAGs
[2026-06-04T07:12:11.316+0000] {logging_mixin.py:154} INFO - [2026-06-04T07:12:11.316+0000] {dag.py:3722} INFO - Setting next_dagrun for daily_vulnerability_ingestion to 2026-06-03T14:52:05.384041+00:00, run_after=2026-06-04T14:52:05.384041+00:00
[2026-06-04T07:12:11.330+0000] {processor.py:179} INFO - Processing /opt/airflow/dags/S3_UPLOAD_DAG.py took 0.077 seconds
[2026-06-04T07:12:41.466+0000] {processor.py:157} INFO - Started process (PID=1285) to work on /opt/airflow/dags/S3_UPLOAD_DAG.py
[2026-06-04T07:12:41.476+0000] {processor.py:829} INFO - Processing file /opt/airflow/dags/S3_UPLOAD_DAG.py for tasks to queue
[2026-06-04T07:12:41.477+0000] {logging_mixin.py:154} INFO - [2026-06-04T07:12:41.476+0000] {dagbag.py:536} INFO - Filling up the DagBag from /opt/airflow/dags/S3_UPLOAD_DAG.py
[2026-06-04T07:12:41.498+0000] {processor.py:839} INFO - DAG(s) dict_keys(['daily_vulnerability_ingestion']) retrieved from /opt/airflow/dags/S3_UPLOAD_DAG.py
[2026-06-04T07:12:41.520+0000] {logging_mixin.py:154} INFO - [2026-06-04T07:12:41.520+0000] {dag.py:2941} INFO - Sync 1 DAGs
[2026-06-04T07:12:41.541+0000] {logging_mixin.py:154} INFO - [2026-06-04T07:12:41.541+0000] {dag.py:3722} INFO - Setting next_dagrun for daily_vulnerability_ingestion to 2026-06-03T14:52:05.384041+00:00, run_after=2026-06-04T14:52:05.384041+00:00
[2026-06-04T07:12:41.561+0000] {processor.py:179} INFO - Processing /opt/airflow/dags/S3_UPLOAD_DAG.py took 0.101 seconds
[2026-06-04T07:13:11.672+0000] {processor.py:157} INFO - Started process (PID=1290) to work on /opt/airflow/dags/S3_UPLOAD_DAG.py
[2026-06-04T07:13:11.673+0000] {processor.py:829} INFO - Processing file /opt/airflow/dags/S3_UPLOAD_DAG.py for tasks to queue
[2026-06-04T07:13:11.673+0000] {logging_mixin.py:154} INFO - [2026-06-04T07:13:11.673+0000] {dagbag.py:536} INFO - Filling up the DagBag from /opt/airflow/dags/S3_UPLOAD_DAG.py
[2026-06-04T07:13:11.688+0000] {processor.py:839} INFO - DAG(s) dict_keys(['daily_vulnerability_ingestion']) retrieved from /opt/airflow/dags/S3_UPLOAD_DAG.py
[2026-06-04T07:13:11.711+0000] {logging_mixin.py:154} INFO - [2026-06-04T07:13:11.711+0000] {dag.py:2941} INFO - Sync 1 DAGs
[2026-06-04T07:13:11.730+0000] {logging_mixin.py:154} INFO - [2026-06-04T07:13:11.730+0000] {dag.py:3722} INFO - Setting next_dagrun for daily_vulnerability_ingestion to 2026-06-03T14:52:05.384041+00:00, run_after=2026-06-04T14:52:05.384041+00:00
[2026-06-04T07:13:11.744+0000] {processor.py:179} INFO - Processing /opt/airflow/dags/S3_UPLOAD_DAG.py took 0.076 seconds
[2026-06-04T07:13:41.902+0000] {processor.py:157} INFO - Started process (PID=1295) to work on /opt/airflow/dags/S3_UPLOAD_DAG.py
[2026-06-04T07:13:41.910+0000] {processor.py:829} INFO - Processing file /opt/airflow/dags/S3_UPLOAD_DAG.py for tasks to queue
[2026-06-04T07:13:41.911+0000] {logging_mixin.py:154} INFO - [2026-06-04T07:13:41.911+0000] {dagbag.py:536} INFO - Filling up the DagBag from /opt/airflow/dags/S3_UPLOAD_DAG.py
[2026-06-04T07:13:41.923+0000] {processor.py:839} INFO - DAG(s) dict_keys(['daily_vulnerability_ingestion']) retrieved from /opt/airflow/dags/S3_UPLOAD_DAG.py
[2026-06-04T07:13:41.941+0000] {logging_mixin.py:154} INFO - [2026-06-04T07:13:41.941+0000] {dag.py:2941} INFO - Sync 1 DAGs
[2026-06-04T07:13:41.958+0000] {logging_mixin.py:154} INFO - [2026-06-04T07:13:41.958+0000] {dag.py:3722} INFO - Setting next_dagrun for daily_vulnerability_ingestion to 2026-06-03T14:52:05.384041+00:00, run_after=2026-06-04T14:52:05.384041+00:00
[2026-06-04T07:13:41.971+0000] {processor.py:179} INFO - Processing /opt/airflow/dags/S3_UPLOAD_DAG.py took 0.072 seconds
[2026-06-04T07:14:12.105+0000] {processor.py:157} INFO - Started process (PID=1300) to work on /opt/airflow/dags/S3_UPLOAD_DAG.py
[2026-06-04T07:14:12.106+0000] {processor.py:829} INFO - Processing file /opt/airflow/dags/S3_UPLOAD_DAG.py for tasks to queue
[2026-06-04T07:14:12.106+0000] {logging_mixin.py:154} INFO - [2026-06-04T07:14:12.106+0000] {dagbag.py:536} INFO - Filling up the DagBag from /opt/airflow/dags/S3_UPLOAD_DAG.py
[2026-06-04T07:14:12.118+0000] {processor.py:839} INFO - DAG(s) dict_keys(['daily_vulnerability_ingestion']) retrieved from /opt/airflow/dags/S3_UPLOAD_DAG.py
[2026-06-04T07:14:12.135+0000] {logging_mixin.py:154} INFO - [2026-06-04T07:14:12.135+0000] {dag.py:2941} INFO - Sync 1 DAGs
[2026-06-04T07:14:12.152+0000] {logging_mixin.py:154} INFO - [2026-06-04T07:14:12.151+0000] {dag.py:3722} INFO - Setting next_dagrun for daily_vulnerability_ingestion to 2026-06-03T14:52:05.384041+00:00, run_after=2026-06-04T14:52:05.384041+00:00
[2026-06-04T07:14:12.164+0000] {processor.py:179} INFO - Processing /opt/airflow/dags/S3_UPLOAD_DAG.py took 0.063 seconds
[2026-06-04T07:14:42.287+0000] {processor.py:157} INFO - Started process (PID=1305) to work on /opt/airflow/dags/S3_UPLOAD_DAG.py
[2026-06-04T07:14:42.297+0000] {processor.py:829} INFO - Processing file /opt/airflow/dags/S3_UPLOAD_DAG.py for tasks to queue
[2026-06-04T07:14:42.298+0000] {logging_mixin.py:154} INFO - [2026-06-04T07:14:42.297+0000] {dagbag.py:536} INFO - Filling up the DagBag from /opt/airflow/dags/S3_UPLOAD_DAG.py
[2026-06-04T07:14:42.316+0000] {processor.py:839} INFO - DAG(s) dict_keys(['daily_vulnerability_ingestion']) retrieved from /opt/airflow/dags/S3_UPLOAD_DAG.py
[2026-06-04T07:14:42.337+0000] {logging_mixin.py:154} INFO - [2026-06-04T07:14:42.337+0000] {dag.py:2941} INFO - Sync 1 DAGs
[2026-06-04T07:14:42.354+0000] {logging_mixin.py:154} INFO - [2026-06-04T07:14:42.354+0000] {dag.py:3722} INFO - Setting next_dagrun for daily_vulnerability_ingestion to 2026-06-03T14:52:05.384041+00:00, run_after=2026-06-04T14:52:05.384041+00:00
[2026-06-04T07:14:42.365+0000] {processor.py:179} INFO - Processing /opt/airflow/dags/S3_UPLOAD_DAG.py took 0.086 seconds
[2026-06-04T07:15:12.465+0000] {processor.py:157} INFO - Started process (PID=1310) to work on /opt/airflow/dags/S3_UPLOAD_DAG.py
[2026-06-04T07:15:12.465+0000] {processor.py:829} INFO - Processing file /opt/airflow/dags/S3_UPLOAD_DAG.py for tasks to queue
[2026-06-04T07:15:12.466+0000] {logging_mixin.py:154} INFO - [2026-06-04T07:15:12.465+0000] {dagbag.py:536} INFO - Filling up the DagBag from /opt/airflow/dags/S3_UPLOAD_DAG.py
[2026-06-04T07:15:12.475+0000] {processor.py:839} INFO - DAG(s) dict_keys(['daily_vulnerability_ingestion']) retrieved from /opt/airflow/dags/S3_UPLOAD_DAG.py
[2026-06-04T07:15:12.495+0000] {logging_mixin.py:154} INFO - [2026-06-04T07:15:12.495+0000] {dag.py:2941} INFO - Sync 1 DAGs
[2026-06-04T07:15:12.515+0000] {logging_mixin.py:154} INFO - [2026-06-04T07:15:12.514+0000] {dag.py:3722} INFO - Setting next_dagrun for daily_vulnerability_ingestion to 2026-06-03T14:52:05.384041+00:00, run_after=2026-06-04T14:52:05.384041+00:00
[2026-06-04T07:15:12.529+0000] {processor.py:179} INFO - Processing /opt/airflow/dags/S3_UPLOAD_DAG.py took 0.067 seconds
[2026-06-04T07:15:42.675+0000] {processor.py:157} INFO - Started process (PID=1315) to work on /opt/airflow/dags/S3_UPLOAD_DAG.py
[2026-06-04T07:15:42.684+0000] {processor.py:829} INFO - Processing file /opt/airflow/dags/S3_UPLOAD_DAG.py for tasks to queue
[2026-06-04T07:15:42.685+0000] {logging_mixin.py:154} INFO - [2026-06-04T07:15:42.684+0000] {dagbag.py:536} INFO - Filling up the DagBag from /opt/airflow/dags/S3_UPLOAD_DAG.py
[2026-06-04T07:15:42.697+0000] {processor.py:839} INFO - DAG(s) dict_keys(['daily_vulnerability_ingestion']) retrieved from /opt/airflow/dags/S3_UPLOAD_DAG.py
[2026-06-04T07:15:42.716+0000] {logging_mixin.py:154} INFO - [2026-06-04T07:15:42.716+0000] {dag.py:2941} INFO - Sync 1 DAGs
[2026-06-04T07:15:42.734+0000] {logging_mixin.py:154} INFO - [2026-06-04T07:15:42.734+0000] {dag.py:3722} INFO - Setting next_dagrun for daily_vulnerability_ingestion to 2026-06-03T14:52:05.384041+00:00, run_after=2026-06-04T14:52:05.384041+00:00
[2026-06-04T07:15:42.747+0000] {processor.py:179} INFO - Processing /opt/airflow/dags/S3_UPLOAD_DAG.py took 0.076 seconds
[2026-06-04T07:16:12.844+0000] {processor.py:157} INFO - Started process (PID=1320) to work on /opt/airflow/dags/S3_UPLOAD_DAG.py
[2026-06-04T07:16:12.845+0000] {processor.py:829} INFO - Processing file /opt/airflow/dags/S3_UPLOAD_DAG.py for tasks to queue
[2026-06-04T07:16:12.846+0000] {logging_mixin.py:154} INFO - [2026-06-04T07:16:12.846+0000] {dagbag.py:536} INFO - Filling up the DagBag from /opt/airflow/dags/S3_UPLOAD_DAG.py
[2026-06-04T07:16:12.859+0000] {processor.py:839} INFO - DAG(s) dict_keys(['daily_vulnerability_ingestion']) retrieved from /opt/airflow/dags/S3_UPLOAD_DAG.py
[2026-06-04T07:16:12.878+0000] {logging_mixin.py:154} INFO - [2026-06-04T07:16:12.878+0000] {dag.py:2941} INFO - Sync 1 DAGs
[2026-06-04T07:16:12.895+0000] {logging_mixin.py:154} INFO - [2026-06-04T07:16:12.895+0000] {dag.py:3722} INFO - Setting next_dagrun for daily_vulnerability_ingestion to 2026-06-03T14:52:05.384041+00:00, run_after=2026-06-04T14:52:05.384041+00:00
[2026-06-04T07:16:12.907+0000] {processor.py:179} INFO - Processing /opt/airflow/dags/S3_UPLOAD_DAG.py took 0.067 seconds
[2026-06-04T07:16:43.081+0000] {processor.py:157} INFO - Started process (PID=1325) to work on /opt/airflow/dags/S3_UPLOAD_DAG.py
[2026-06-04T07:16:43.090+0000] {processor.py:829} INFO - Processing file /opt/airflow/dags/S3_UPLOAD_DAG.py for tasks to queue
[2026-06-04T07:16:43.091+0000] {logging_mixin.py:154} INFO - [2026-06-04T07:16:43.090+0000] {dagbag.py:536} INFO - Filling up the DagBag from /opt/airflow/dags/S3_UPLOAD_DAG.py
[2026-06-04T07:16:43.102+0000] {processor.py:839} INFO - DAG(s) dict_keys(['daily_vulnerability_ingestion']) retrieved from /opt/airflow/dags/S3_UPLOAD_DAG.py
[2026-06-04T07:16:43.119+0000] {logging_mixin.py:154} INFO - [2026-06-04T07:16:43.119+0000] {dag.py:2941} INFO - Sync 1 DAGs
[2026-06-04T07:16:43.134+0000] {logging_mixin.py:154} INFO - [2026-06-04T07:16:43.134+0000] {dag.py:3722} INFO - Setting next_dagrun for daily_vulnerability_ingestion to 2026-06-03T14:52:05.384041+00:00, run_after=2026-06-04T14:52:05.384041+00:00
[2026-06-04T07:16:43.147+0000] {processor.py:179} INFO - Processing /opt/airflow/dags/S3_UPLOAD_DAG.py took 0.071 seconds
[2026-06-04T07:17:13.248+0000] {processor.py:157} INFO - Started process (PID=1330) to work on /opt/airflow/dags/S3_UPLOAD_DAG.py
[2026-06-04T07:17:13.249+0000] {processor.py:829} INFO - Processing file /opt/airflow/dags/S3_UPLOAD_DAG.py for tasks to queue
[2026-06-04T07:17:13.250+0000] {logging_mixin.py:154} INFO - [2026-06-04T07:17:13.249+0000] {dagbag.py:536} INFO - Filling up the DagBag from /opt/airflow/dags/S3_UPLOAD_DAG.py
[2026-06-04T07:17:13.261+0000] {processor.py:839} INFO - DAG(s) dict_keys(['daily_vulnerability_ingestion']) retrieved from /opt/airflow/dags/S3_UPLOAD_DAG.py
[2026-06-04T07:17:13.281+0000] {logging_mixin.py:154} INFO - [2026-06-04T07:17:13.281+0000] {dag.py:2941} INFO - Sync 1 DAGs
[2026-06-04T07:17:13.297+0000] {logging_mixin.py:154} INFO - [2026-06-04T07:17:13.297+0000] {dag.py:3722} INFO - Setting next_dagrun for daily_vulnerability_ingestion to 2026-06-03T14:52:05.384041+00:00, run_after=2026-06-04T14:52:05.384041+00:00
[2026-06-04T07:17:13.311+0000] {processor.py:179} INFO - Processing /opt/airflow/dags/S3_UPLOAD_DAG.py took 0.065 seconds
[2026-06-04T07:17:43.454+0000] {processor.py:157} INFO - Started process (PID=1335) to work on /opt/airflow/dags/S3_UPLOAD_DAG.py
[2026-06-04T07:17:43.463+0000] {processor.py:829} INFO - Processing file /opt/airflow/dags/S3_UPLOAD_DAG.py for tasks to queue
[2026-06-04T07:17:43.464+0000] {logging_mixin.py:154} INFO - [2026-06-04T07:17:43.464+0000] {dagbag.py:536} INFO - Filling up the DagBag from /opt/airflow/dags/S3_UPLOAD_DAG.py
[2026-06-04T07:17:43.481+0000] {processor.py:839} INFO - DAG(s) dict_keys(['daily_vulnerability_ingestion']) retrieved from /opt/airflow/dags/S3_UPLOAD_DAG.py
[2026-06-04T07:17:43.502+0000] {logging_mixin.py:154} INFO - [2026-06-04T07:17:43.502+0000] {dag.py:2941} INFO - Sync 1 DAGs
[2026-06-04T07:17:43.519+0000] {logging_mixin.py:154} INFO - [2026-06-04T07:17:43.519+0000] {dag.py:3722} INFO - Setting next_dagrun for daily_vulnerability_ingestion to 2026-06-03T14:52:05.384041+00:00, run_after=2026-06-04T14:52:05.384041+00:00
[2026-06-04T07:17:43.533+0000] {processor.py:179} INFO - Processing /opt/airflow/dags/S3_UPLOAD_DAG.py took 0.083 seconds
[2026-06-04T07:18:13.616+0000] {processor.py:157} INFO - Started process (PID=1340) to work on /opt/airflow/dags/S3_UPLOAD_DAG.py
[2026-06-04T07:18:13.617+0000] {processor.py:829} INFO - Processing file /opt/airflow/dags/S3_UPLOAD_DAG.py for tasks to queue
[2026-06-04T07:18:13.617+0000] {logging_mixin.py:154} INFO - [2026-06-04T07:18:13.617+0000] {dagbag.py:536} INFO - Filling up the DagBag from /opt/airflow/dags/S3_UPLOAD_DAG.py
[2026-06-04T07:18:13.629+0000] {processor.py:839} INFO - DAG(s) dict_keys(['daily_vulnerability_ingestion']) retrieved from /opt/airflow/dags/S3_UPLOAD_DAG.py
[2026-06-04T07:18:13.648+0000] {logging_mixin.py:154} INFO - [2026-06-04T07:18:13.647+0000] {dag.py:2941} INFO - Sync 1 DAGs
[2026-06-04T07:18:13.666+0000] {logging_mixin.py:154} INFO - [2026-06-04T07:18:13.665+0000] {dag.py:3722} INFO - Setting next_dagrun for daily_vulnerability_ingestion to 2026-06-03T14:52:05.384041+00:00, run_after=2026-06-04T14:52:05.384041+00:00
[2026-06-04T07:18:13.678+0000] {processor.py:179} INFO - Processing /opt/airflow/dags/S3_UPLOAD_DAG.py took 0.065 seconds
[2026-06-04T07:18:43.812+0000] {processor.py:157} INFO - Started process (PID=1345) to work on /opt/airflow/dags/S3_UPLOAD_DAG.py
[2026-06-04T07:18:43.821+0000] {processor.py:829} INFO - Processing file /opt/airflow/dags/S3_UPLOAD_DAG.py for tasks to queue
[2026-06-04T07:18:43.822+0000] {logging_mixin.py:154} INFO - [2026-06-04T07:18:43.822+0000] {dagbag.py:536} INFO - Filling up the DagBag from /opt/airflow/dags/S3_UPLOAD_DAG.py
[2026-06-04T07:18:43.835+0000] {processor.py:839} INFO - DAG(s) dict_keys(['daily_vulnerability_ingestion']) retrieved from /opt/airflow/dags/S3_UPLOAD_DAG.py
[2026-06-04T07:18:43.853+0000] {logging_mixin.py:154} INFO - [2026-06-04T07:18:43.853+0000] {dag.py:2941} INFO - Sync 1 DAGs
[2026-06-04T07:18:43.869+0000] {logging_mixin.py:154} INFO - [2026-06-04T07:18:43.869+0000] {dag.py:3722} INFO - Setting next_dagrun for daily_vulnerability_ingestion to 2026-06-03T14:52:05.384041+00:00, run_after=2026-06-04T14:52:05.384041+00:00
[2026-06-04T07:18:43.882+0000] {processor.py:179} INFO - Processing /opt/airflow/dags/S3_UPLOAD_DAG.py took 0.074 seconds
[2026-06-04T07:19:13.961+0000] {processor.py:157} INFO - Started process (PID=1350) to work on /opt/airflow/dags/S3_UPLOAD_DAG.py
[2026-06-04T07:19:13.961+0000] {processor.py:829} INFO - Processing file /opt/airflow/dags/S3_UPLOAD_DAG.py for tasks to queue
[2026-06-04T07:19:13.962+0000] {logging_mixin.py:154} INFO - [2026-06-04T07:19:13.962+0000] {dagbag.py:536} INFO - Filling up the DagBag from /opt/airflow/dags/S3_UPLOAD_DAG.py
[2026-06-04T07:19:13.976+0000] {processor.py:839} INFO - DAG(s) dict_keys(['daily_vulnerability_ingestion']) retrieved from /opt/airflow/dags/S3_UPLOAD_DAG.py
[2026-06-04T07:19:13.998+0000] {logging_mixin.py:154} INFO - [2026-06-04T07:19:13.998+0000] {dag.py:2941} INFO - Sync 1 DAGs
[2026-06-04T07:19:14.021+0000] {logging_mixin.py:154} INFO - [2026-06-04T07:19:14.021+0000] {dag.py:3722} INFO - Setting next_dagrun for daily_vulnerability_ingestion to 2026-06-03T14:52:05.384041+00:00, run_after=2026-06-04T14:52:05.384041+00:00
[2026-06-04T07:19:14.038+0000] {processor.py:179} INFO - Processing /opt/airflow/dags/S3_UPLOAD_DAG.py took 0.080 seconds
[2026-06-04T07:19:44.180+0000] {processor.py:157} INFO - Started process (PID=1355) to work on /opt/airflow/dags/S3_UPLOAD_DAG.py
[2026-06-04T07:19:44.189+0000] {processor.py:829} INFO - Processing file /opt/airflow/dags/S3_UPLOAD_DAG.py for tasks to queue
[2026-06-04T07:19:44.189+0000] {logging_mixin.py:154} INFO - [2026-06-04T07:19:44.189+0000] {dagbag.py:536} INFO - Filling up the DagBag from /opt/airflow/dags/S3_UPLOAD_DAG.py
[2026-06-04T07:19:44.200+0000] {processor.py:839} INFO - DAG(s) dict_keys(['daily_vulnerability_ingestion']) retrieved from /opt/airflow/dags/S3_UPLOAD_DAG.py
[2026-06-04T07:19:44.222+0000] {logging_mixin.py:154} INFO - [2026-06-04T07:19:44.222+0000] {dag.py:2941} INFO - Sync 1 DAGs
[2026-06-04T07:19:44.243+0000] {logging_mixin.py:154} INFO - [2026-06-04T07:19:44.243+0000] {dag.py:3722} INFO - Setting next_dagrun for daily_vulnerability_ingestion to 2026-06-03T14:52:05.384041+00:00, run_after=2026-06-04T14:52:05.384041+00:00
[2026-06-04T07:19:44.259+0000] {processor.py:179} INFO - Processing /opt/airflow/dags/S3_UPLOAD_DAG.py took 0.082 seconds
[2026-06-04T07:20:14.321+0000] {processor.py:157} INFO - Started process (PID=1360) to work on /opt/airflow/dags/S3_UPLOAD_DAG.py
[2026-06-04T07:20:14.322+0000] {processor.py:829} INFO - Processing file /opt/airflow/dags/S3_UPLOAD_DAG.py for tasks to queue
[2026-06-04T07:20:14.323+0000] {logging_mixin.py:154} INFO - [2026-06-04T07:20:14.323+0000] {dagbag.py:536} INFO - Filling up the DagBag from /opt/airflow/dags/S3_UPLOAD_DAG.py
[2026-06-04T07:20:14.337+0000] {processor.py:839} INFO - DAG(s) dict_keys(['daily_vulnerability_ingestion']) retrieved from /opt/airflow/dags/S3_UPLOAD_DAG.py
[2026-06-04T07:20:14.360+0000] {logging_mixin.py:154} INFO - [2026-06-04T07:20:14.360+0000] {dag.py:2941} INFO - Sync 1 DAGs
[2026-06-04T07:20:14.380+0000] {logging_mixin.py:154} INFO - [2026-06-04T07:20:14.380+0000] {dag.py:3722} INFO - Setting next_dagrun for daily_vulnerability_ingestion to 2026-06-03T14:52:05.384041+00:00, run_after=2026-06-04T14:52:05.384041+00:00
[2026-06-04T07:20:14.407+0000] {processor.py:179} INFO - Processing /opt/airflow/dags/S3_UPLOAD_DAG.py took 0.089 seconds
[2026-06-04T07:20:44.536+0000] {processor.py:157} INFO - Started process (PID=1365) to work on /opt/airflow/dags/S3_UPLOAD_DAG.py
[2026-06-04T07:20:44.537+0000] {processor.py:829} INFO - Processing file /opt/airflow/dags/S3_UPLOAD_DAG.py for tasks to queue
[2026-06-04T07:20:44.538+0000] {logging_mixin.py:154} INFO - [2026-06-04T07:20:44.537+0000] {dagbag.py:536} INFO - Filling up the DagBag from /opt/airflow/dags/S3_UPLOAD_DAG.py
[2026-06-04T07:20:44.554+0000] {processor.py:839} INFO - DAG(s) dict_keys(['daily_vulnerability_ingestion']) retrieved from /opt/airflow/dags/S3_UPLOAD_DAG.py
[2026-06-04T07:20:44.579+0000] {logging_mixin.py:154} INFO - [2026-06-04T07:20:44.579+0000] {dag.py:2941} INFO - Sync 1 DAGs
[2026-06-04T07:20:44.597+0000] {logging_mixin.py:154} INFO - [2026-06-04T07:20:44.597+0000] {dag.py:3722} INFO - Setting next_dagrun for daily_vulnerability_ingestion to 2026-06-03T14:52:05.384041+00:00, run_after=2026-06-04T14:52:05.384041+00:00
[2026-06-04T07:20:44.612+0000] {processor.py:179} INFO - Processing /opt/airflow/dags/S3_UPLOAD_DAG.py took 0.079 seconds
[2026-06-04T07:21:14.707+0000] {processor.py:157} INFO - Started process (PID=1370) to work on /opt/airflow/dags/S3_UPLOAD_DAG.py
[2026-06-04T07:21:14.708+0000] {processor.py:829} INFO - Processing file /opt/airflow/dags/S3_UPLOAD_DAG.py for tasks to queue
[2026-06-04T07:21:14.709+0000] {logging_mixin.py:154} INFO - [2026-06-04T07:21:14.709+0000] {dagbag.py:536} INFO - Filling up the DagBag from /opt/airflow/dags/S3_UPLOAD_DAG.py
[2026-06-04T07:21:14.723+0000] {processor.py:839} INFO - DAG(s) dict_keys(['daily_vulnerability_ingestion']) retrieved from /opt/airflow/dags/S3_UPLOAD_DAG.py
[2026-06-04T07:21:14.744+0000] {logging_mixin.py:154} INFO - [2026-06-04T07:21:14.744+0000] {dag.py:2941} INFO - Sync 1 DAGs
[2026-06-04T07:21:14.763+0000] {logging_mixin.py:154} INFO - [2026-06-04T07:21:14.763+0000] {dag.py:3722} INFO - Setting next_dagrun for daily_vulnerability_ingestion to 2026-06-03T14:52:05.384041+00:00, run_after=2026-06-04T14:52:05.384041+00:00
[2026-06-04T07:21:14.776+0000] {processor.py:179} INFO - Processing /opt/airflow/dags/S3_UPLOAD_DAG.py took 0.073 seconds
[2026-06-04T07:21:44.929+0000] {processor.py:157} INFO - Started process (PID=1375) to work on /opt/airflow/dags/S3_UPLOAD_DAG.py
[2026-06-04T07:21:44.938+0000] {processor.py:829} INFO - Processing file /opt/airflow/dags/S3_UPLOAD_DAG.py for tasks to queue
[2026-06-04T07:21:44.939+0000] {logging_mixin.py:154} INFO - [2026-06-04T07:21:44.939+0000] {dagbag.py:536} INFO - Filling up the DagBag from /opt/airflow/dags/S3_UPLOAD_DAG.py
[2026-06-04T07:21:44.951+0000] {processor.py:839} INFO - DAG(s) dict_keys(['daily_vulnerability_ingestion']) retrieved from /opt/airflow/dags/S3_UPLOAD_DAG.py
[2026-06-04T07:21:44.971+0000] {logging_mixin.py:154} INFO - [2026-06-04T07:21:44.971+0000] {dag.py:2941} INFO - Sync 1 DAGs
[2026-06-04T07:21:44.990+0000] {logging_mixin.py:154} INFO - [2026-06-04T07:21:44.990+0000] {dag.py:3722} INFO - Setting next_dagrun for daily_vulnerability_ingestion to 2026-06-03T14:52:05.384041+00:00, run_after=2026-06-04T14:52:05.384041+00:00
[2026-06-04T07:21:45.005+0000] {processor.py:179} INFO - Processing /opt/airflow/dags/S3_UPLOAD_DAG.py took 0.078 seconds
[2026-06-04T07:22:15.131+0000] {processor.py:157} INFO - Started process (PID=1380) to work on /opt/airflow/dags/S3_UPLOAD_DAG.py
[2026-06-04T07:22:15.133+0000] {processor.py:829} INFO - Processing file /opt/airflow/dags/S3_UPLOAD_DAG.py for tasks to queue
[2026-06-04T07:22:15.134+0000] {logging_mixin.py:154} INFO - [2026-06-04T07:22:15.133+0000] {dagbag.py:536} INFO - Filling up the DagBag from /opt/airflow/dags/S3_UPLOAD_DAG.py
[2026-06-04T07:22:15.149+0000] {processor.py:839} INFO - DAG(s) dict_keys(['daily_vulnerability_ingestion']) retrieved from /opt/airflow/dags/S3_UPLOAD_DAG.py
[2026-06-04T07:22:15.168+0000] {logging_mixin.py:154} INFO - [2026-06-04T07:22:15.168+0000] {dag.py:2941} INFO - Sync 1 DAGs
[2026-06-04T07:22:15.184+0000] {logging_mixin.py:154} INFO - [2026-06-04T07:22:15.184+0000] {dag.py:3722} INFO - Setting next_dagrun for daily_vulnerability_ingestion to 2026-06-03T14:52:05.384041+00:00, run_after=2026-06-04T14:52:05.384041+00:00
[2026-06-04T07:22:15.197+0000] {processor.py:179} INFO - Processing /opt/airflow/dags/S3_UPLOAD_DAG.py took 0.072 seconds
[2026-06-04T07:22:45.324+0000] {processor.py:157} INFO - Started process (PID=1385) to work on /opt/airflow/dags/S3_UPLOAD_DAG.py
[2026-06-04T07:22:45.324+0000] {processor.py:829} INFO - Processing file /opt/airflow/dags/S3_UPLOAD_DAG.py for tasks to queue
[2026-06-04T07:22:45.325+0000] {logging_mixin.py:154} INFO - [2026-06-04T07:22:45.325+0000] {dagbag.py:536} INFO - Filling up the DagBag from /opt/airflow/dags/S3_UPLOAD_DAG.py
[2026-06-04T07:22:45.338+0000] {processor.py:839} INFO - DAG(s) dict_keys(['daily_vulnerability_ingestion']) retrieved from /opt/airflow/dags/S3_UPLOAD_DAG.py
[2026-06-04T07:22:45.357+0000] {logging_mixin.py:154} INFO - [2026-06-04T07:22:45.357+0000] {dag.py:2941} INFO - Sync 1 DAGs
[2026-06-04T07:22:45.374+0000] {logging_mixin.py:154} INFO - [2026-06-04T07:22:45.374+0000] {dag.py:3722} INFO - Setting next_dagrun for daily_vulnerability_ingestion to 2026-06-03T14:52:05.384041+00:00, run_after=2026-06-04T14:52:05.384041+00:00
[2026-06-04T07:22:45.388+0000] {processor.py:179} INFO - Processing /opt/airflow/dags/S3_UPLOAD_DAG.py took 0.067 seconds
[2026-06-04T07:23:15.542+0000] {processor.py:157} INFO - Started process (PID=1390) to work on /opt/airflow/dags/S3_UPLOAD_DAG.py
[2026-06-04T07:23:15.543+0000] {processor.py:829} INFO - Processing file /opt/airflow/dags/S3_UPLOAD_DAG.py for tasks to queue
[2026-06-04T07:23:15.544+0000] {logging_mixin.py:154} INFO - [2026-06-04T07:23:15.544+0000] {dagbag.py:536} INFO - Filling up the DagBag from /opt/airflow/dags/S3_UPLOAD_DAG.py
[2026-06-04T07:23:15.561+0000] {processor.py:839} INFO - DAG(s) dict_keys(['daily_vulnerability_ingestion']) retrieved from /opt/airflow/dags/S3_UPLOAD_DAG.py
[2026-06-04T07:23:15.581+0000] {logging_mixin.py:154} INFO - [2026-06-04T07:23:15.581+0000] {dag.py:2941} INFO - Sync 1 DAGs
[2026-06-04T07:23:15.598+0000] {logging_mixin.py:154} INFO - [2026-06-04T07:23:15.598+0000] {dag.py:3722} INFO - Setting next_dagrun for daily_vulnerability_ingestion to 2026-06-03T14:52:05.384041+00:00, run_after=2026-06-04T14:52:05.384041+00:00
[2026-06-04T07:23:15.611+0000] {processor.py:179} INFO - Processing /opt/airflow/dags/S3_UPLOAD_DAG.py took 0.075 seconds
[2026-06-04T07:23:45.746+0000] {processor.py:157} INFO - Started process (PID=1395) to work on /opt/airflow/dags/S3_UPLOAD_DAG.py
[2026-06-04T07:23:45.756+0000] {processor.py:829} INFO - Processing file /opt/airflow/dags/S3_UPLOAD_DAG.py for tasks to queue
[2026-06-04T07:23:45.759+0000] {logging_mixin.py:154} INFO - [2026-06-04T07:23:45.758+0000] {dagbag.py:536} INFO - Filling up the DagBag from /opt/airflow/dags/S3_UPLOAD_DAG.py
[2026-06-04T07:23:45.784+0000] {processor.py:839} INFO - DAG(s) dict_keys(['daily_vulnerability_ingestion']) retrieved from /opt/airflow/dags/S3_UPLOAD_DAG.py
[2026-06-04T07:23:45.805+0000] {logging_mixin.py:154} INFO - [2026-06-04T07:23:45.805+0000] {dag.py:2941} INFO - Sync 1 DAGs
[2026-06-04T07:23:45.821+0000] {logging_mixin.py:154} INFO - [2026-06-04T07:23:45.820+0000] {dag.py:3722} INFO - Setting next_dagrun for daily_vulnerability_ingestion to 2026-06-03T14:52:05.384041+00:00, run_after=2026-06-04T14:52:05.384041+00:00
[2026-06-04T07:23:45.833+0000] {processor.py:179} INFO - Processing /opt/airflow/dags/S3_UPLOAD_DAG.py took 0.094 seconds
[2026-06-04T07:24:15.994+0000] {processor.py:157} INFO - Started process (PID=1400) to work on /opt/airflow/dags/S3_UPLOAD_DAG.py
[2026-06-04T07:24:15.995+0000] {processor.py:829} INFO - Processing file /opt/airflow/dags/S3_UPLOAD_DAG.py for tasks to queue
[2026-06-04T07:24:15.996+0000] {logging_mixin.py:154} INFO - [2026-06-04T07:24:15.996+0000] {dagbag.py:536} INFO - Filling up the DagBag from /opt/airflow/dags/S3_UPLOAD_DAG.py
[2026-06-04T07:24:16.012+0000] {processor.py:839} INFO - DAG(s) dict_keys(['daily_vulnerability_ingestion']) retrieved from /opt/airflow/dags/S3_UPLOAD_DAG.py
[2026-06-04T07:24:16.031+0000] {logging_mixin.py:154} INFO - [2026-06-04T07:24:16.030+0000] {dag.py:2941} INFO - Sync 1 DAGs
[2026-06-04T07:24:16.046+0000] {logging_mixin.py:154} INFO - [2026-06-04T07:24:16.046+0000] {dag.py:3722} INFO - Setting next_dagrun for daily_vulnerability_ingestion to 2026-06-03T14:52:05.384041+00:00, run_after=2026-06-04T14:52:05.384041+00:00
[2026-06-04T07:24:16.060+0000] {processor.py:179} INFO - Processing /opt/airflow/dags/S3_UPLOAD_DAG.py took 0.071 seconds
[2026-06-04T07:24:46.192+0000] {processor.py:157} INFO - Started process (PID=1405) to work on /opt/airflow/dags/S3_UPLOAD_DAG.py
[2026-06-04T07:24:46.201+0000] {processor.py:829} INFO - Processing file /opt/airflow/dags/S3_UPLOAD_DAG.py for tasks to queue
[2026-06-04T07:24:46.202+0000] {logging_mixin.py:154} INFO - [2026-06-04T07:24:46.202+0000] {dagbag.py:536} INFO - Filling up the DagBag from /opt/airflow/dags/S3_UPLOAD_DAG.py
[2026-06-04T07:24:46.224+0000] {processor.py:839} INFO - DAG(s) dict_keys(['daily_vulnerability_ingestion']) retrieved from /opt/airflow/dags/S3_UPLOAD_DAG.py
[2026-06-04T07:24:46.244+0000] {logging_mixin.py:154} INFO - [2026-06-04T07:24:46.244+0000] {dag.py:2941} INFO - Sync 1 DAGs
[2026-06-04T07:24:46.260+0000] {logging_mixin.py:154} INFO - [2026-06-04T07:24:46.260+0000] {dag.py:3722} INFO - Setting next_dagrun for daily_vulnerability_ingestion to 2026-06-03T14:52:05.384041+00:00, run_after=2026-06-04T14:52:05.384041+00:00
[2026-06-04T07:24:46.272+0000] {processor.py:179} INFO - Processing /opt/airflow/dags/S3_UPLOAD_DAG.py took 0.085 seconds
[2026-06-04T07:25:16.433+0000] {processor.py:157} INFO - Started process (PID=1410) to work on /opt/airflow/dags/S3_UPLOAD_DAG.py
[2026-06-04T07:25:16.434+0000] {processor.py:829} INFO - Processing file /opt/airflow/dags/S3_UPLOAD_DAG.py for tasks to queue
[2026-06-04T07:25:16.434+0000] {logging_mixin.py:154} INFO - [2026-06-04T07:25:16.434+0000] {dagbag.py:536} INFO - Filling up the DagBag from /opt/airflow/dags/S3_UPLOAD_DAG.py
[2026-06-04T07:25:16.448+0000] {processor.py:839} INFO - DAG(s) dict_keys(['daily_vulnerability_ingestion']) retrieved from /opt/airflow/dags/S3_UPLOAD_DAG.py
[2026-06-04T07:25:16.465+0000] {logging_mixin.py:154} INFO - [2026-06-04T07:25:16.465+0000] {dag.py:2941} INFO - Sync 1 DAGs
[2026-06-04T07:25:16.481+0000] {logging_mixin.py:154} INFO - [2026-06-04T07:25:16.481+0000] {dag.py:3722} INFO - Setting next_dagrun for daily_vulnerability_ingestion to 2026-06-03T14:52:05.384041+00:00, run_after=2026-06-04T14:52:05.384041+00:00
[2026-06-04T07:25:16.494+0000] {processor.py:179} INFO - Processing /opt/airflow/dags/S3_UPLOAD_DAG.py took 0.066 seconds
[2026-06-04T07:25:46.613+0000] {processor.py:157} INFO - Started process (PID=1415) to work on /opt/airflow/dags/S3_UPLOAD_DAG.py
[2026-06-04T07:25:46.615+0000] {processor.py:829} INFO - Processing file /opt/airflow/dags/S3_UPLOAD_DAG.py for tasks to queue
[2026-06-04T07:25:46.616+0000] {logging_mixin.py:154} INFO - [2026-06-04T07:25:46.615+0000] {dagbag.py:536} INFO - Filling up the DagBag from /opt/airflow/dags/S3_UPLOAD_DAG.py
[2026-06-04T07:25:46.636+0000] {processor.py:839} INFO - DAG(s) dict_keys(['daily_vulnerability_ingestion']) retrieved from /opt/airflow/dags/S3_UPLOAD_DAG.py
[2026-06-04T07:25:46.657+0000] {logging_mixin.py:154} INFO - [2026-06-04T07:25:46.657+0000] {dag.py:2941} INFO - Sync 1 DAGs
[2026-06-04T07:25:46.673+0000] {logging_mixin.py:154} INFO - [2026-06-04T07:25:46.673+0000] {dag.py:3722} INFO - Setting next_dagrun for daily_vulnerability_ingestion to 2026-06-03T14:52:05.384041+00:00, run_after=2026-06-04T14:52:05.384041+00:00
[2026-06-04T07:25:46.685+0000] {processor.py:179} INFO - Processing /opt/airflow/dags/S3_UPLOAD_DAG.py took 0.077 seconds
[2026-06-04T07:26:16.868+0000] {processor.py:157} INFO - Started process (PID=1420) to work on /opt/airflow/dags/S3_UPLOAD_DAG.py
[2026-06-04T07:26:16.869+0000] {processor.py:829} INFO - Processing file /opt/airflow/dags/S3_UPLOAD_DAG.py for tasks to queue
[2026-06-04T07:26:16.870+0000] {logging_mixin.py:154} INFO - [2026-06-04T07:26:16.870+0000] {dagbag.py:536} INFO - Filling up the DagBag from /opt/airflow/dags/S3_UPLOAD_DAG.py
[2026-06-04T07:26:16.882+0000] {processor.py:839} INFO - DAG(s) dict_keys(['daily_vulnerability_ingestion']) retrieved from /opt/airflow/dags/S3_UPLOAD_DAG.py
[2026-06-04T07:26:16.900+0000] {logging_mixin.py:154} INFO - [2026-06-04T07:26:16.900+0000] {dag.py:2941} INFO - Sync 1 DAGs
[2026-06-04T07:26:16.915+0000] {logging_mixin.py:154} INFO - [2026-06-04T07:26:16.915+0000] {dag.py:3722} INFO - Setting next_dagrun for daily_vulnerability_ingestion to 2026-06-03T14:52:05.384041+00:00, run_after=2026-06-04T14:52:05.384041+00:00
[2026-06-04T07:26:16.929+0000] {processor.py:179} INFO - Processing /opt/airflow/dags/S3_UPLOAD_DAG.py took 0.065 seconds
[2026-06-04T07:26:47.080+0000] {processor.py:157} INFO - Started process (PID=1425) to work on /opt/airflow/dags/S3_UPLOAD_DAG.py
[2026-06-04T07:26:47.089+0000] {processor.py:829} INFO - Processing file /opt/airflow/dags/S3_UPLOAD_DAG.py for tasks to queue
[2026-06-04T07:26:47.090+0000] {logging_mixin.py:154} INFO - [2026-06-04T07:26:47.090+0000] {dagbag.py:536} INFO - Filling up the DagBag from /opt/airflow/dags/S3_UPLOAD_DAG.py
[2026-06-04T07:26:47.102+0000] {processor.py:839} INFO - DAG(s) dict_keys(['daily_vulnerability_ingestion']) retrieved from /opt/airflow/dags/S3_UPLOAD_DAG.py
[2026-06-04T07:26:47.120+0000] {logging_mixin.py:154} INFO - [2026-06-04T07:26:47.120+0000] {dag.py:2941} INFO - Sync 1 DAGs
[2026-06-04T07:26:47.137+0000] {logging_mixin.py:154} INFO - [2026-06-04T07:26:47.136+0000] {dag.py:3722} INFO - Setting next_dagrun for daily_vulnerability_ingestion to 2026-06-03T14:52:05.384041+00:00, run_after=2026-06-04T14:52:05.384041+00:00
[2026-06-04T07:26:47.148+0000] {processor.py:179} INFO - Processing /opt/airflow/dags/S3_UPLOAD_DAG.py took 0.072 seconds
[2026-06-04T07:27:17.289+0000] {processor.py:157} INFO - Started process (PID=1430) to work on /opt/airflow/dags/S3_UPLOAD_DAG.py
[2026-06-04T07:27:17.289+0000] {processor.py:829} INFO - Processing file /opt/airflow/dags/S3_UPLOAD_DAG.py for tasks to queue
[2026-06-04T07:27:17.290+0000] {logging_mixin.py:154} INFO - [2026-06-04T07:27:17.289+0000] {dagbag.py:536} INFO - Filling up the DagBag from /opt/airflow/dags/S3_UPLOAD_DAG.py
[2026-06-04T07:27:17.300+0000] {processor.py:839} INFO - DAG(s) dict_keys(['daily_vulnerability_ingestion']) retrieved from /opt/airflow/dags/S3_UPLOAD_DAG.py
[2026-06-04T07:27:17.318+0000] {logging_mixin.py:154} INFO - [2026-06-04T07:27:17.317+0000] {dag.py:2941} INFO - Sync 1 DAGs
[2026-06-04T07:27:17.333+0000] {logging_mixin.py:154} INFO - [2026-06-04T07:27:17.333+0000] {dag.py:3722} INFO - Setting next_dagrun for daily_vulnerability_ingestion to 2026-06-03T14:52:05.384041+00:00, run_after=2026-06-04T14:52:05.384041+00:00
[2026-06-04T07:27:17.346+0000] {processor.py:179} INFO - Processing /opt/airflow/dags/S3_UPLOAD_DAG.py took 0.060 seconds
[2026-06-04T07:27:47.528+0000] {processor.py:157} INFO - Started process (PID=1435) to work on /opt/airflow/dags/S3_UPLOAD_DAG.py
[2026-06-04T07:27:47.537+0000] {processor.py:829} INFO - Processing file /opt/airflow/dags/S3_UPLOAD_DAG.py for tasks to queue
[2026-06-04T07:27:47.539+0000] {logging_mixin.py:154} INFO - [2026-06-04T07:27:47.538+0000] {dagbag.py:536} INFO - Filling up the DagBag from /opt/airflow/dags/S3_UPLOAD_DAG.py
[2026-06-04T07:27:47.559+0000] {processor.py:839} INFO - DAG(s) dict_keys(['daily_vulnerability_ingestion']) retrieved from /opt/airflow/dags/S3_UPLOAD_DAG.py
[2026-06-04T07:27:47.579+0000] {logging_mixin.py:154} INFO - [2026-06-04T07:27:47.579+0000] {dag.py:2941} INFO - Sync 1 DAGs
[2026-06-04T07:27:47.595+0000] {logging_mixin.py:154} INFO - [2026-06-04T07:27:47.595+0000] {dag.py:3722} INFO - Setting next_dagrun for daily_vulnerability_ingestion to 2026-06-03T14:52:05.384041+00:00, run_after=2026-06-04T14:52:05.384041+00:00
[2026-06-04T07:27:47.607+0000] {processor.py:179} INFO - Processing /opt/airflow/dags/S3_UPLOAD_DAG.py took 0.085 seconds
[2026-06-04T07:28:17.705+0000] {processor.py:157} INFO - Started process (PID=1440) to work on /opt/airflow/dags/S3_UPLOAD_DAG.py
[2026-06-04T07:28:17.706+0000] {processor.py:829} INFO - Processing file /opt/airflow/dags/S3_UPLOAD_DAG.py for tasks to queue
[2026-06-04T07:28:17.706+0000] {logging_mixin.py:154} INFO - [2026-06-04T07:28:17.706+0000] {dagbag.py:536} INFO - Filling up the DagBag from /opt/airflow/dags/S3_UPLOAD_DAG.py
[2026-06-04T07:28:17.717+0000] {processor.py:839} INFO - DAG(s) dict_keys(['daily_vulnerability_ingestion']) retrieved from /opt/airflow/dags/S3_UPLOAD_DAG.py
[2026-06-04T07:28:17.737+0000] {logging_mixin.py:154} INFO - [2026-06-04T07:28:17.737+0000] {dag.py:2941} INFO - Sync 1 DAGs
[2026-06-04T07:28:17.753+0000] {logging_mixin.py:154} INFO - [2026-06-04T07:28:17.753+0000] {dag.py:3722} INFO - Setting next_dagrun for daily_vulnerability_ingestion to 2026-06-03T14:52:05.384041+00:00, run_after=2026-06-04T14:52:05.384041+00:00
[2026-06-04T07:28:17.766+0000] {processor.py:179} INFO - Processing /opt/airflow/dags/S3_UPLOAD_DAG.py took 0.063 seconds
[2026-06-04T07:28:47.895+0000] {processor.py:157} INFO - Started process (PID=1445) to work on /opt/airflow/dags/S3_UPLOAD_DAG.py
[2026-06-04T07:28:47.904+0000] {processor.py:829} INFO - Processing file /opt/airflow/dags/S3_UPLOAD_DAG.py for tasks to queue
[2026-06-04T07:28:47.905+0000] {logging_mixin.py:154} INFO - [2026-06-04T07:28:47.905+0000] {dagbag.py:536} INFO - Filling up the DagBag from /opt/airflow/dags/S3_UPLOAD_DAG.py
[2026-06-04T07:28:47.918+0000] {processor.py:839} INFO - DAG(s) dict_keys(['daily_vulnerability_ingestion']) retrieved from /opt/airflow/dags/S3_UPLOAD_DAG.py
[2026-06-04T07:28:47.936+0000] {logging_mixin.py:154} INFO - [2026-06-04T07:28:47.936+0000] {dag.py:2941} INFO - Sync 1 DAGs
[2026-06-04T07:28:47.952+0000] {logging_mixin.py:154} INFO - [2026-06-04T07:28:47.952+0000] {dag.py:3722} INFO - Setting next_dagrun for daily_vulnerability_ingestion to 2026-06-03T14:52:05.384041+00:00, run_after=2026-06-04T14:52:05.384041+00:00
[2026-06-04T07:28:47.966+0000] {processor.py:179} INFO - Processing /opt/airflow/dags/S3_UPLOAD_DAG.py took 0.075 seconds
[2026-06-04T07:29:18.147+0000] {processor.py:157} INFO - Started process (PID=1450) to work on /opt/airflow/dags/S3_UPLOAD_DAG.py
[2026-06-04T07:29:18.148+0000] {processor.py:829} INFO - Processing file /opt/airflow/dags/S3_UPLOAD_DAG.py for tasks to queue
[2026-06-04T07:29:18.149+0000] {logging_mixin.py:154} INFO - [2026-06-04T07:29:18.148+0000] {dagbag.py:536} INFO - Filling up the DagBag from /opt/airflow/dags/S3_UPLOAD_DAG.py
[2026-06-04T07:29:18.163+0000] {processor.py:839} INFO - DAG(s) dict_keys(['daily_vulnerability_ingestion']) retrieved from /opt/airflow/dags/S3_UPLOAD_DAG.py
[2026-06-04T07:29:18.181+0000] {logging_mixin.py:154} INFO - [2026-06-04T07:29:18.181+0000] {dag.py:2941} INFO - Sync 1 DAGs
[2026-06-04T07:29:18.197+0000] {logging_mixin.py:154} INFO - [2026-06-04T07:29:18.197+0000] {dag.py:3722} INFO - Setting next_dagrun for daily_vulnerability_ingestion to 2026-06-03T14:52:05.384041+00:00, run_after=2026-06-04T14:52:05.384041+00:00
[2026-06-04T07:29:18.208+0000] {processor.py:179} INFO - Processing /opt/airflow/dags/S3_UPLOAD_DAG.py took 0.066 seconds
[2026-06-04T07:29:48.342+0000] {processor.py:157} INFO - Started process (PID=1455) to work on /opt/airflow/dags/S3_UPLOAD_DAG.py
[2026-06-04T07:29:48.351+0000] {processor.py:829} INFO - Processing file /opt/airflow/dags/S3_UPLOAD_DAG.py for tasks to queue
[2026-06-04T07:29:48.352+0000] {logging_mixin.py:154} INFO - [2026-06-04T07:29:48.352+0000] {dagbag.py:536} INFO - Filling up the DagBag from /opt/airflow/dags/S3_UPLOAD_DAG.py
[2026-06-04T07:29:48.364+0000] {processor.py:839} INFO - DAG(s) dict_keys(['daily_vulnerability_ingestion']) retrieved from /opt/airflow/dags/S3_UPLOAD_DAG.py
[2026-06-04T07:29:48.381+0000] {logging_mixin.py:154} INFO - [2026-06-04T07:29:48.381+0000] {dag.py:2941} INFO - Sync 1 DAGs
[2026-06-04T07:29:48.397+0000] {logging_mixin.py:154} INFO - [2026-06-04T07:29:48.397+0000] {dag.py:3722} INFO - Setting next_dagrun for daily_vulnerability_ingestion to 2026-06-03T14:52:05.384041+00:00, run_after=2026-06-04T14:52:05.384041+00:00
[2026-06-04T07:29:48.409+0000] {processor.py:179} INFO - Processing /opt/airflow/dags/S3_UPLOAD_DAG.py took 0.073 seconds
[2026-06-04T07:30:18.519+0000] {processor.py:157} INFO - Started process (PID=1460) to work on /opt/airflow/dags/S3_UPLOAD_DAG.py
[2026-06-04T07:30:18.519+0000] {processor.py:829} INFO - Processing file /opt/airflow/dags/S3_UPLOAD_DAG.py for tasks to queue
[2026-06-04T07:30:18.520+0000] {logging_mixin.py:154} INFO - [2026-06-04T07:30:18.519+0000] {dagbag.py:536} INFO - Filling up the DagBag from /opt/airflow/dags/S3_UPLOAD_DAG.py
[2026-06-04T07:30:18.530+0000] {processor.py:839} INFO - DAG(s) dict_keys(['daily_vulnerability_ingestion']) retrieved from /opt/airflow/dags/S3_UPLOAD_DAG.py
[2026-06-04T07:30:18.549+0000] {logging_mixin.py:154} INFO - [2026-06-04T07:30:18.549+0000] {dag.py:2941} INFO - Sync 1 DAGs
[2026-06-04T07:30:18.565+0000] {logging_mixin.py:154} INFO - [2026-06-04T07:30:18.565+0000] {dag.py:3722} INFO - Setting next_dagrun for daily_vulnerability_ingestion to 2026-06-03T14:52:05.384041+00:00, run_after=2026-06-04T14:52:05.384041+00:00
[2026-06-04T07:30:18.579+0000] {processor.py:179} INFO - Processing /opt/airflow/dags/S3_UPLOAD_DAG.py took 0.063 seconds
[2026-06-04T07:30:48.692+0000] {processor.py:157} INFO - Started process (PID=1465) to work on /opt/airflow/dags/S3_UPLOAD_DAG.py
[2026-06-04T07:30:48.702+0000] {processor.py:829} INFO - Processing file /opt/airflow/dags/S3_UPLOAD_DAG.py for tasks to queue
[2026-06-04T07:30:48.703+0000] {logging_mixin.py:154} INFO - [2026-06-04T07:30:48.702+0000] {dagbag.py:536} INFO - Filling up the DagBag from /opt/airflow/dags/S3_UPLOAD_DAG.py
[2026-06-04T07:30:48.721+0000] {processor.py:839} INFO - DAG(s) dict_keys(['daily_vulnerability_ingestion']) retrieved from /opt/airflow/dags/S3_UPLOAD_DAG.py
[2026-06-04T07:30:48.740+0000] {logging_mixin.py:154} INFO - [2026-06-04T07:30:48.740+0000] {dag.py:2941} INFO - Sync 1 DAGs
[2026-06-04T07:30:48.756+0000] {logging_mixin.py:154} INFO - [2026-06-04T07:30:48.756+0000] {dag.py:3722} INFO - Setting next_dagrun for daily_vulnerability_ingestion to 2026-06-03T14:52:05.384041+00:00, run_after=2026-06-04T14:52:05.384041+00:00
[2026-06-04T07:30:48.767+0000] {processor.py:179} INFO - Processing /opt/airflow/dags/S3_UPLOAD_DAG.py took 0.081 seconds
[2026-06-04T07:31:18.821+0000] {processor.py:157} INFO - Started process (PID=1470) to work on /opt/airflow/dags/S3_UPLOAD_DAG.py
[2026-06-04T07:31:18.822+0000] {processor.py:829} INFO - Processing file /opt/airflow/dags/S3_UPLOAD_DAG.py for tasks to queue
[2026-06-04T07:31:18.823+0000] {logging_mixin.py:154} INFO - [2026-06-04T07:31:18.823+0000] {dagbag.py:536} INFO - Filling up the DagBag from /opt/airflow/dags/S3_UPLOAD_DAG.py
[2026-06-04T07:31:18.837+0000] {processor.py:839} INFO - DAG(s) dict_keys(['daily_vulnerability_ingestion']) retrieved from /opt/airflow/dags/S3_UPLOAD_DAG.py
[2026-06-04T07:31:18.861+0000] {logging_mixin.py:154} INFO - [2026-06-04T07:31:18.861+0000] {dag.py:2941} INFO - Sync 1 DAGs
[2026-06-04T07:31:18.880+0000] {logging_mixin.py:154} INFO - [2026-06-04T07:31:18.880+0000] {dag.py:3722} INFO - Setting next_dagrun for daily_vulnerability_ingestion to 2026-06-03T14:52:05.384041+00:00, run_after=2026-06-04T14:52:05.384041+00:00
[2026-06-04T07:31:18.894+0000] {processor.py:179} INFO - Processing /opt/airflow/dags/S3_UPLOAD_DAG.py took 0.076 seconds
[2026-06-04T07:31:48.988+0000] {processor.py:157} INFO - Started process (PID=1475) to work on /opt/airflow/dags/S3_UPLOAD_DAG.py
[2026-06-04T07:31:48.989+0000] {processor.py:829} INFO - Processing file /opt/airflow/dags/S3_UPLOAD_DAG.py for tasks to queue
[2026-06-04T07:31:48.990+0000] {logging_mixin.py:154} INFO - [2026-06-04T07:31:48.989+0000] {dagbag.py:536} INFO - Filling up the DagBag from /opt/airflow/dags/S3_UPLOAD_DAG.py
[2026-06-04T07:31:49.005+0000] {processor.py:839} INFO - DAG(s) dict_keys(['daily_vulnerability_ingestion']) retrieved from /opt/airflow/dags/S3_UPLOAD_DAG.py
[2026-06-04T07:31:49.028+0000] {logging_mixin.py:154} INFO - [2026-06-04T07:31:49.028+0000] {dag.py:2941} INFO - Sync 1 DAGs
[2026-06-04T07:31:49.051+0000] {logging_mixin.py:154} INFO - [2026-06-04T07:31:49.050+0000] {dag.py:3722} INFO - Setting next_dagrun for daily_vulnerability_ingestion to 2026-06-03T14:52:05.384041+00:00, run_after=2026-06-04T14:52:05.384041+00:00
[2026-06-04T07:31:49.068+0000] {processor.py:179} INFO - Processing /opt/airflow/dags/S3_UPLOAD_DAG.py took 0.083 seconds
[2026-06-04T07:32:19.150+0000] {processor.py:157} INFO - Started process (PID=1480) to work on /opt/airflow/dags/S3_UPLOAD_DAG.py
[2026-06-04T07:32:19.151+0000] {processor.py:829} INFO - Processing file /opt/airflow/dags/S3_UPLOAD_DAG.py for tasks to queue
[2026-06-04T07:32:19.152+0000] {logging_mixin.py:154} INFO - [2026-06-04T07:32:19.152+0000] {dagbag.py:536} INFO - Filling up the DagBag from /opt/airflow/dags/S3_UPLOAD_DAG.py
[2026-06-04T07:32:19.170+0000] {processor.py:839} INFO - DAG(s) dict_keys(['daily_vulnerability_ingestion']) retrieved from /opt/airflow/dags/S3_UPLOAD_DAG.py
[2026-06-04T07:32:19.192+0000] {logging_mixin.py:154} INFO - [2026-06-04T07:32:19.192+0000] {dag.py:2941} INFO - Sync 1 DAGs
[2026-06-04T07:32:19.210+0000] {logging_mixin.py:154} INFO - [2026-06-04T07:32:19.210+0000] {dag.py:3722} INFO - Setting next_dagrun for daily_vulnerability_ingestion to 2026-06-03T14:52:05.384041+00:00, run_after=2026-06-04T14:52:05.384041+00:00
[2026-06-04T07:32:19.223+0000] {processor.py:179} INFO - Processing /opt/airflow/dags/S3_UPLOAD_DAG.py took 0.078 seconds
[2026-06-04T07:32:49.386+0000] {processor.py:157} INFO - Started process (PID=1485) to work on /opt/airflow/dags/S3_UPLOAD_DAG.py
[2026-06-04T07:32:49.396+0000] {processor.py:829} INFO - Processing file /opt/airflow/dags/S3_UPLOAD_DAG.py for tasks to queue
[2026-06-04T07:32:49.396+0000] {logging_mixin.py:154} INFO - [2026-06-04T07:32:49.396+0000] {dagbag.py:536} INFO - Filling up the DagBag from /opt/airflow/dags/S3_UPLOAD_DAG.py
[2026-06-04T07:32:49.411+0000] {processor.py:839} INFO - DAG(s) dict_keys(['daily_vulnerability_ingestion']) retrieved from /opt/airflow/dags/S3_UPLOAD_DAG.py
[2026-06-04T07:32:49.432+0000] {logging_mixin.py:154} INFO - [2026-06-04T07:32:49.432+0000] {dag.py:2941} INFO - Sync 1 DAGs
[2026-06-04T07:32:49.453+0000] {logging_mixin.py:154} INFO - [2026-06-04T07:32:49.452+0000] {dag.py:3722} INFO - Setting next_dagrun for daily_vulnerability_ingestion to 2026-06-03T14:52:05.384041+00:00, run_after=2026-06-04T14:52:05.384041+00:00
[2026-06-04T07:32:49.466+0000] {processor.py:179} INFO - Processing /opt/airflow/dags/S3_UPLOAD_DAG.py took 0.087 seconds
[2026-06-04T07:33:19.599+0000] {processor.py:157} INFO - Started process (PID=1490) to work on /opt/airflow/dags/S3_UPLOAD_DAG.py
[2026-06-04T07:33:19.600+0000] {processor.py:829} INFO - Processing file /opt/airflow/dags/S3_UPLOAD_DAG.py for tasks to queue
[2026-06-04T07:33:19.602+0000] {logging_mixin.py:154} INFO - [2026-06-04T07:33:19.601+0000] {dagbag.py:536} INFO - Filling up the DagBag from /opt/airflow/dags/S3_UPLOAD_DAG.py
[2026-06-04T07:33:19.618+0000] {processor.py:839} INFO - DAG(s) dict_keys(['daily_vulnerability_ingestion']) retrieved from /opt/airflow/dags/S3_UPLOAD_DAG.py
[2026-06-04T07:33:19.637+0000] {logging_mixin.py:154} INFO - [2026-06-04T07:33:19.637+0000] {dag.py:2941} INFO - Sync 1 DAGs
[2026-06-04T07:33:19.652+0000] {logging_mixin.py:154} INFO - [2026-06-04T07:33:19.652+0000] {dag.py:3722} INFO - Setting next_dagrun for daily_vulnerability_ingestion to 2026-06-03T14:52:05.384041+00:00, run_after=2026-06-04T14:52:05.384041+00:00
[2026-06-04T07:33:19.663+0000] {processor.py:179} INFO - Processing /opt/airflow/dags/S3_UPLOAD_DAG.py took 0.071 seconds
[2026-06-04T07:33:49.834+0000] {processor.py:157} INFO - Started process (PID=1495) to work on /opt/airflow/dags/S3_UPLOAD_DAG.py
[2026-06-04T07:33:49.843+0000] {processor.py:829} INFO - Processing file /opt/airflow/dags/S3_UPLOAD_DAG.py for tasks to queue
[2026-06-04T07:33:49.843+0000] {logging_mixin.py:154} INFO - [2026-06-04T07:33:49.843+0000] {dagbag.py:536} INFO - Filling up the DagBag from /opt/airflow/dags/S3_UPLOAD_DAG.py
[2026-06-04T07:33:49.856+0000] {processor.py:839} INFO - DAG(s) dict_keys(['daily_vulnerability_ingestion']) retrieved from /opt/airflow/dags/S3_UPLOAD_DAG.py
[2026-06-04T07:33:49.875+0000] {logging_mixin.py:154} INFO - [2026-06-04T07:33:49.875+0000] {dag.py:2941} INFO - Sync 1 DAGs
[2026-06-04T07:33:49.890+0000] {logging_mixin.py:154} INFO - [2026-06-04T07:33:49.890+0000] {dag.py:3722} INFO - Setting next_dagrun for daily_vulnerability_ingestion to 2026-06-03T14:52:05.384041+00:00, run_after=2026-06-04T14:52:05.384041+00:00
[2026-06-04T07:33:49.903+0000] {processor.py:179} INFO - Processing /opt/airflow/dags/S3_UPLOAD_DAG.py took 0.075 seconds
[2026-06-04T07:34:20.034+0000] {processor.py:157} INFO - Started process (PID=1500) to work on /opt/airflow/dags/S3_UPLOAD_DAG.py
[2026-06-04T07:34:20.035+0000] {processor.py:829} INFO - Processing file /opt/airflow/dags/S3_UPLOAD_DAG.py for tasks to queue
[2026-06-04T07:34:20.036+0000] {logging_mixin.py:154} INFO - [2026-06-04T07:34:20.036+0000] {dagbag.py:536} INFO - Filling up the DagBag from /opt/airflow/dags/S3_UPLOAD_DAG.py
[2026-06-04T07:34:20.050+0000] {processor.py:839} INFO - DAG(s) dict_keys(['daily_vulnerability_ingestion']) retrieved from /opt/airflow/dags/S3_UPLOAD_DAG.py
[2026-06-04T07:34:20.068+0000] {logging_mixin.py:154} INFO - [2026-06-04T07:34:20.068+0000] {dag.py:2941} INFO - Sync 1 DAGs
[2026-06-04T07:34:20.084+0000] {logging_mixin.py:154} INFO - [2026-06-04T07:34:20.083+0000] {dag.py:3722} INFO - Setting next_dagrun for daily_vulnerability_ingestion to 2026-06-03T14:52:05.384041+00:00, run_after=2026-06-04T14:52:05.384041+00:00
[2026-06-04T07:34:20.095+0000] {processor.py:179} INFO - Processing /opt/airflow/dags/S3_UPLOAD_DAG.py took 0.065 seconds
[2026-06-04T07:34:50.262+0000] {processor.py:157} INFO - Started process (PID=1505) to work on /opt/airflow/dags/S3_UPLOAD_DAG.py
[2026-06-04T07:34:50.263+0000] {processor.py:829} INFO - Processing file /opt/airflow/dags/S3_UPLOAD_DAG.py for tasks to queue
[2026-06-04T07:34:50.265+0000] {logging_mixin.py:154} INFO - [2026-06-04T07:34:50.264+0000] {dagbag.py:536} INFO - Filling up the DagBag from /opt/airflow/dags/S3_UPLOAD_DAG.py
[2026-06-04T07:34:50.286+0000] {processor.py:839} INFO - DAG(s) dict_keys(['daily_vulnerability_ingestion']) retrieved from /opt/airflow/dags/S3_UPLOAD_DAG.py
[2026-06-04T07:34:50.307+0000] {logging_mixin.py:154} INFO - [2026-06-04T07:34:50.307+0000] {dag.py:2941} INFO - Sync 1 DAGs
[2026-06-04T07:34:50.324+0000] {logging_mixin.py:154} INFO - [2026-06-04T07:34:50.324+0000] {dag.py:3722} INFO - Setting next_dagrun for daily_vulnerability_ingestion to 2026-06-03T14:52:05.384041+00:00, run_after=2026-06-04T14:52:05.384041+00:00
[2026-06-04T07:34:50.338+0000] {processor.py:179} INFO - Processing /opt/airflow/dags/S3_UPLOAD_DAG.py took 0.083 seconds
[2026-06-04T07:35:20.447+0000] {processor.py:157} INFO - Started process (PID=1510) to work on /opt/airflow/dags/S3_UPLOAD_DAG.py
[2026-06-04T07:35:20.448+0000] {processor.py:829} INFO - Processing file /opt/airflow/dags/S3_UPLOAD_DAG.py for tasks to queue
[2026-06-04T07:35:20.450+0000] {logging_mixin.py:154} INFO - [2026-06-04T07:35:20.449+0000] {dagbag.py:536} INFO - Filling up the DagBag from /opt/airflow/dags/S3_UPLOAD_DAG.py
[2026-06-04T07:35:20.466+0000] {processor.py:839} INFO - DAG(s) dict_keys(['daily_vulnerability_ingestion']) retrieved from /opt/airflow/dags/S3_UPLOAD_DAG.py
[2026-06-04T07:35:20.487+0000] {logging_mixin.py:154} INFO - [2026-06-04T07:35:20.487+0000] {dag.py:2941} INFO - Sync 1 DAGs
[2026-06-04T07:35:20.505+0000] {logging_mixin.py:154} INFO - [2026-06-04T07:35:20.505+0000] {dag.py:3722} INFO - Setting next_dagrun for daily_vulnerability_ingestion to 2026-06-03T14:52:05.384041+00:00, run_after=2026-06-04T14:52:05.384041+00:00
[2026-06-04T07:35:20.520+0000] {processor.py:179} INFO - Processing /opt/airflow/dags/S3_UPLOAD_DAG.py took 0.079 seconds
[2026-06-04T07:35:50.671+0000] {processor.py:157} INFO - Started process (PID=1515) to work on /opt/airflow/dags/S3_UPLOAD_DAG.py
[2026-06-04T07:35:50.681+0000] {processor.py:829} INFO - Processing file /opt/airflow/dags/S3_UPLOAD_DAG.py for tasks to queue
[2026-06-04T07:35:50.683+0000] {logging_mixin.py:154} INFO - [2026-06-04T07:35:50.682+0000] {dagbag.py:536} INFO - Filling up the DagBag from /opt/airflow/dags/S3_UPLOAD_DAG.py
[2026-06-04T07:35:50.702+0000] {processor.py:839} INFO - DAG(s) dict_keys(['daily_vulnerability_ingestion']) retrieved from /opt/airflow/dags/S3_UPLOAD_DAG.py
[2026-06-04T07:35:50.723+0000] {logging_mixin.py:154} INFO - [2026-06-04T07:35:50.723+0000] {dag.py:2941} INFO - Sync 1 DAGs
[2026-06-04T07:35:50.746+0000] {logging_mixin.py:154} INFO - [2026-06-04T07:35:50.746+0000] {dag.py:3722} INFO - Setting next_dagrun for daily_vulnerability_ingestion to 2026-06-03T14:52:05.384041+00:00, run_after=2026-06-04T14:52:05.384041+00:00
[2026-06-04T07:35:50.760+0000] {processor.py:179} INFO - Processing /opt/airflow/dags/S3_UPLOAD_DAG.py took 0.094 seconds
[2026-06-04T07:36:20.889+0000] {processor.py:157} INFO - Started process (PID=1520) to work on /opt/airflow/dags/S3_UPLOAD_DAG.py
[2026-06-04T07:36:20.890+0000] {processor.py:829} INFO - Processing file /opt/airflow/dags/S3_UPLOAD_DAG.py for tasks to queue
[2026-06-04T07:36:20.892+0000] {logging_mixin.py:154} INFO - [2026-06-04T07:36:20.891+0000] {dagbag.py:536} INFO - Filling up the DagBag from /opt/airflow/dags/S3_UPLOAD_DAG.py
[2026-06-04T07:36:20.906+0000] {processor.py:839} INFO - DAG(s) dict_keys(['daily_vulnerability_ingestion']) retrieved from /opt/airflow/dags/S3_UPLOAD_DAG.py
[2026-06-04T07:36:20.927+0000] {logging_mixin.py:154} INFO - [2026-06-04T07:36:20.927+0000] {dag.py:2941} INFO - Sync 1 DAGs
[2026-06-04T07:36:20.946+0000] {logging_mixin.py:154} INFO - [2026-06-04T07:36:20.945+0000] {dag.py:3722} INFO - Setting next_dagrun for daily_vulnerability_ingestion to 2026-06-03T14:52:05.384041+00:00, run_after=2026-06-04T14:52:05.384041+00:00
[2026-06-04T07:36:20.960+0000] {processor.py:179} INFO - Processing /opt/airflow/dags/S3_UPLOAD_DAG.py took 0.076 seconds
[2026-06-04T07:36:51.134+0000] {processor.py:157} INFO - Started process (PID=1525) to work on /opt/airflow/dags/S3_UPLOAD_DAG.py
[2026-06-04T07:36:51.144+0000] {processor.py:829} INFO - Processing file /opt/airflow/dags/S3_UPLOAD_DAG.py for tasks to queue
[2026-06-04T07:36:51.146+0000] {logging_mixin.py:154} INFO - [2026-06-04T07:36:51.145+0000] {dagbag.py:536} INFO - Filling up the DagBag from /opt/airflow/dags/S3_UPLOAD_DAG.py
[2026-06-04T07:36:51.182+0000] {processor.py:839} INFO - DAG(s) dict_keys(['daily_vulnerability_ingestion']) retrieved from /opt/airflow/dags/S3_UPLOAD_DAG.py
[2026-06-04T07:36:51.248+0000] {logging_mixin.py:154} INFO - [2026-06-04T07:36:51.248+0000] {dag.py:2941} INFO - Sync 1 DAGs
[2026-06-04T07:36:51.281+0000] {logging_mixin.py:154} INFO - [2026-06-04T07:36:51.280+0000] {dag.py:3722} INFO - Setting next_dagrun for daily_vulnerability_ingestion to 2026-06-03T14:52:05.384041+00:00, run_after=2026-06-04T14:52:05.384041+00:00
[2026-06-04T07:36:51.305+0000] {processor.py:179} INFO - Processing /opt/airflow/dags/S3_UPLOAD_DAG.py took 0.181 seconds
[2026-06-04T07:37:21.482+0000] {processor.py:157} INFO - Started process (PID=1530) to work on /opt/airflow/dags/S3_UPLOAD_DAG.py
[2026-06-04T07:37:21.483+0000] {processor.py:829} INFO - Processing file /opt/airflow/dags/S3_UPLOAD_DAG.py for tasks to queue
[2026-06-04T07:37:21.484+0000] {logging_mixin.py:154} INFO - [2026-06-04T07:37:21.483+0000] {dagbag.py:536} INFO - Filling up the DagBag from /opt/airflow/dags/S3_UPLOAD_DAG.py
[2026-06-04T07:37:21.496+0000] {processor.py:839} INFO - DAG(s) dict_keys(['daily_vulnerability_ingestion']) retrieved from /opt/airflow/dags/S3_UPLOAD_DAG.py
[2026-06-04T07:37:21.514+0000] {logging_mixin.py:154} INFO - [2026-06-04T07:37:21.514+0000] {dag.py:2941} INFO - Sync 1 DAGs
[2026-06-04T07:37:21.532+0000] {logging_mixin.py:154} INFO - [2026-06-04T07:37:21.531+0000] {dag.py:3722} INFO - Setting next_dagrun for daily_vulnerability_ingestion to 2026-06-03T14:52:05.384041+00:00, run_after=2026-06-04T14:52:05.384041+00:00
[2026-06-04T07:37:21.544+0000] {processor.py:179} INFO - Processing /opt/airflow/dags/S3_UPLOAD_DAG.py took 0.066 seconds
[2026-06-04T07:37:51.672+0000] {processor.py:157} INFO - Started process (PID=1535) to work on /opt/airflow/dags/S3_UPLOAD_DAG.py
[2026-06-04T07:37:51.681+0000] {processor.py:829} INFO - Processing file /opt/airflow/dags/S3_UPLOAD_DAG.py for tasks to queue
[2026-06-04T07:37:51.682+0000] {logging_mixin.py:154} INFO - [2026-06-04T07:37:51.682+0000] {dagbag.py:536} INFO - Filling up the DagBag from /opt/airflow/dags/S3_UPLOAD_DAG.py
[2026-06-04T07:37:51.697+0000] {processor.py:839} INFO - DAG(s) dict_keys(['daily_vulnerability_ingestion']) retrieved from /opt/airflow/dags/S3_UPLOAD_DAG.py
[2026-06-04T07:37:51.716+0000] {logging_mixin.py:154} INFO - [2026-06-04T07:37:51.716+0000] {dag.py:2941} INFO - Sync 1 DAGs
[2026-06-04T07:37:51.735+0000] {logging_mixin.py:154} INFO - [2026-06-04T07:37:51.735+0000] {dag.py:3722} INFO - Setting next_dagrun for daily_vulnerability_ingestion to 2026-06-03T14:52:05.384041+00:00, run_after=2026-06-04T14:52:05.384041+00:00
[2026-06-04T07:37:51.748+0000] {processor.py:179} INFO - Processing /opt/airflow/dags/S3_UPLOAD_DAG.py took 0.083 seconds
[2026-06-04T07:38:21.913+0000] {processor.py:157} INFO - Started process (PID=1540) to work on /opt/airflow/dags/S3_UPLOAD_DAG.py
[2026-06-04T07:38:21.914+0000] {processor.py:829} INFO - Processing file /opt/airflow/dags/S3_UPLOAD_DAG.py for tasks to queue
[2026-06-04T07:38:21.916+0000] {logging_mixin.py:154} INFO - [2026-06-04T07:38:21.915+0000] {dagbag.py:536} INFO - Filling up the DagBag from /opt/airflow/dags/S3_UPLOAD_DAG.py
[2026-06-04T07:38:21.933+0000] {processor.py:839} INFO - DAG(s) dict_keys(['daily_vulnerability_ingestion']) retrieved from /opt/airflow/dags/S3_UPLOAD_DAG.py
[2026-06-04T07:38:21.953+0000] {logging_mixin.py:154} INFO - [2026-06-04T07:38:21.953+0000] {dag.py:2941} INFO - Sync 1 DAGs
[2026-06-04T07:38:21.968+0000] {logging_mixin.py:154} INFO - [2026-06-04T07:38:21.968+0000] {dag.py:3722} INFO - Setting next_dagrun for daily_vulnerability_ingestion to 2026-06-03T14:52:05.384041+00:00, run_after=2026-06-04T14:52:05.384041+00:00
[2026-06-04T07:38:21.982+0000] {processor.py:179} INFO - Processing /opt/airflow/dags/S3_UPLOAD_DAG.py took 0.076 seconds
[2026-06-04T07:38:52.139+0000] {processor.py:157} INFO - Started process (PID=1545) to work on /opt/airflow/dags/S3_UPLOAD_DAG.py
[2026-06-04T07:38:52.148+0000] {processor.py:829} INFO - Processing file /opt/airflow/dags/S3_UPLOAD_DAG.py for tasks to queue
[2026-06-04T07:38:52.149+0000] {logging_mixin.py:154} INFO - [2026-06-04T07:38:52.148+0000] {dagbag.py:536} INFO - Filling up the DagBag from /opt/airflow/dags/S3_UPLOAD_DAG.py
[2026-06-04T07:38:52.161+0000] {processor.py:839} INFO - DAG(s) dict_keys(['daily_vulnerability_ingestion']) retrieved from /opt/airflow/dags/S3_UPLOAD_DAG.py
[2026-06-04T07:38:52.179+0000] {logging_mixin.py:154} INFO - [2026-06-04T07:38:52.179+0000] {dag.py:2941} INFO - Sync 1 DAGs
[2026-06-04T07:38:52.195+0000] {logging_mixin.py:154} INFO - [2026-06-04T07:38:52.195+0000] {dag.py:3722} INFO - Setting next_dagrun for daily_vulnerability_ingestion to 2026-06-03T14:52:05.384041+00:00, run_after=2026-06-04T14:52:05.384041+00:00
[2026-06-04T07:38:52.207+0000] {processor.py:179} INFO - Processing /opt/airflow/dags/S3_UPLOAD_DAG.py took 0.076 seconds
[2026-06-04T07:39:22.316+0000] {processor.py:157} INFO - Started process (PID=1550) to work on /opt/airflow/dags/S3_UPLOAD_DAG.py
[2026-06-04T07:39:22.317+0000] {processor.py:829} INFO - Processing file /opt/airflow/dags/S3_UPLOAD_DAG.py for tasks to queue
[2026-06-04T07:39:22.318+0000] {logging_mixin.py:154} INFO - [2026-06-04T07:39:22.318+0000] {dagbag.py:536} INFO - Filling up the DagBag from /opt/airflow/dags/S3_UPLOAD_DAG.py
[2026-06-04T07:39:22.337+0000] {processor.py:839} INFO - DAG(s) dict_keys(['daily_vulnerability_ingestion']) retrieved from /opt/airflow/dags/S3_UPLOAD_DAG.py
[2026-06-04T07:39:22.360+0000] {logging_mixin.py:154} INFO - [2026-06-04T07:39:22.360+0000] {dag.py:2941} INFO - Sync 1 DAGs
[2026-06-04T07:39:22.377+0000] {logging_mixin.py:154} INFO - [2026-06-04T07:39:22.377+0000] {dag.py:3722} INFO - Setting next_dagrun for daily_vulnerability_ingestion to 2026-06-03T14:52:05.384041+00:00, run_after=2026-06-04T14:52:05.384041+00:00
[2026-06-04T07:39:22.391+0000] {processor.py:179} INFO - Processing /opt/airflow/dags/S3_UPLOAD_DAG.py took 0.080 seconds
[2026-06-04T07:39:52.545+0000] {processor.py:157} INFO - Started process (PID=1555) to work on /opt/airflow/dags/S3_UPLOAD_DAG.py
[2026-06-04T07:39:52.554+0000] {processor.py:829} INFO - Processing file /opt/airflow/dags/S3_UPLOAD_DAG.py for tasks to queue
[2026-06-04T07:39:52.555+0000] {logging_mixin.py:154} INFO - [2026-06-04T07:39:52.555+0000] {dagbag.py:536} INFO - Filling up the DagBag from /opt/airflow/dags/S3_UPLOAD_DAG.py
[2026-06-04T07:39:52.571+0000] {processor.py:839} INFO - DAG(s) dict_keys(['daily_vulnerability_ingestion']) retrieved from /opt/airflow/dags/S3_UPLOAD_DAG.py
[2026-06-04T07:39:52.593+0000] {logging_mixin.py:154} INFO - [2026-06-04T07:39:52.593+0000] {dag.py:2941} INFO - Sync 1 DAGs
[2026-06-04T07:39:52.612+0000] {logging_mixin.py:154} INFO - [2026-06-04T07:39:52.611+0000] {dag.py:3722} INFO - Setting next_dagrun for daily_vulnerability_ingestion to 2026-06-03T14:52:05.384041+00:00, run_after=2026-06-04T14:52:05.384041+00:00
[2026-06-04T07:39:52.625+0000] {processor.py:179} INFO - Processing /opt/airflow/dags/S3_UPLOAD_DAG.py took 0.084 seconds
[2026-06-04T07:40:22.722+0000] {processor.py:157} INFO - Started process (PID=1560) to work on /opt/airflow/dags/S3_UPLOAD_DAG.py
[2026-06-04T07:40:22.723+0000] {processor.py:829} INFO - Processing file /opt/airflow/dags/S3_UPLOAD_DAG.py for tasks to queue
[2026-06-04T07:40:22.724+0000] {logging_mixin.py:154} INFO - [2026-06-04T07:40:22.724+0000] {dagbag.py:536} INFO - Filling up the DagBag from /opt/airflow/dags/S3_UPLOAD_DAG.py
[2026-06-04T07:40:22.747+0000] {processor.py:839} INFO - DAG(s) dict_keys(['daily_vulnerability_ingestion']) retrieved from /opt/airflow/dags/S3_UPLOAD_DAG.py
[2026-06-04T07:40:22.769+0000] {logging_mixin.py:154} INFO - [2026-06-04T07:40:22.769+0000] {dag.py:2941} INFO - Sync 1 DAGs
[2026-06-04T07:40:22.787+0000] {logging_mixin.py:154} INFO - [2026-06-04T07:40:22.787+0000] {dag.py:3722} INFO - Setting next_dagrun for daily_vulnerability_ingestion to 2026-06-03T14:52:05.384041+00:00, run_after=2026-06-04T14:52:05.384041+00:00
[2026-06-04T07:40:22.803+0000] {processor.py:179} INFO - Processing /opt/airflow/dags/S3_UPLOAD_DAG.py took 0.085 seconds
[2026-06-04T07:40:52.939+0000] {processor.py:157} INFO - Started process (PID=1565) to work on /opt/airflow/dags/S3_UPLOAD_DAG.py
[2026-06-04T07:40:52.948+0000] {processor.py:829} INFO - Processing file /opt/airflow/dags/S3_UPLOAD_DAG.py for tasks to queue
[2026-06-04T07:40:52.949+0000] {logging_mixin.py:154} INFO - [2026-06-04T07:40:52.949+0000] {dagbag.py:536} INFO - Filling up the DagBag from /opt/airflow/dags/S3_UPLOAD_DAG.py
[2026-06-04T07:40:52.959+0000] {processor.py:839} INFO - DAG(s) dict_keys(['daily_vulnerability_ingestion']) retrieved from /opt/airflow/dags/S3_UPLOAD_DAG.py
[2026-06-04T07:40:52.977+0000] {logging_mixin.py:154} INFO - [2026-06-04T07:40:52.977+0000] {dag.py:2941} INFO - Sync 1 DAGs
[2026-06-04T07:40:52.996+0000] {logging_mixin.py:154} INFO - [2026-06-04T07:40:52.995+0000] {dag.py:3722} INFO - Setting next_dagrun for daily_vulnerability_ingestion to 2026-06-03T14:52:05.384041+00:00, run_after=2026-06-04T14:52:05.384041+00:00
[2026-06-04T07:40:53.011+0000] {processor.py:179} INFO - Processing /opt/airflow/dags/S3_UPLOAD_DAG.py took 0.074 seconds
[2026-06-04T07:41:23.148+0000] {processor.py:157} INFO - Started process (PID=1570) to work on /opt/airflow/dags/S3_UPLOAD_DAG.py
[2026-06-04T07:41:23.149+0000] {processor.py:829} INFO - Processing file /opt/airflow/dags/S3_UPLOAD_DAG.py for tasks to queue
[2026-06-04T07:41:23.150+0000] {logging_mixin.py:154} INFO - [2026-06-04T07:41:23.149+0000] {dagbag.py:536} INFO - Filling up the DagBag from /opt/airflow/dags/S3_UPLOAD_DAG.py
[2026-06-04T07:41:23.165+0000] {processor.py:839} INFO - DAG(s) dict_keys(['daily_vulnerability_ingestion']) retrieved from /opt/airflow/dags/S3_UPLOAD_DAG.py
[2026-06-04T07:41:23.183+0000] {logging_mixin.py:154} INFO - [2026-06-04T07:41:23.183+0000] {dag.py:2941} INFO - Sync 1 DAGs
[2026-06-04T07:41:23.198+0000] {logging_mixin.py:154} INFO - [2026-06-04T07:41:23.198+0000] {dag.py:3722} INFO - Setting next_dagrun for daily_vulnerability_ingestion to 2026-06-03T14:52:05.384041+00:00, run_after=2026-06-04T14:52:05.384041+00:00
[2026-06-04T07:41:23.213+0000] {processor.py:179} INFO - Processing /opt/airflow/dags/S3_UPLOAD_DAG.py took 0.070 seconds
[2026-06-04T07:41:53.352+0000] {processor.py:157} INFO - Started process (PID=1575) to work on /opt/airflow/dags/S3_UPLOAD_DAG.py
[2026-06-04T07:41:53.361+0000] {processor.py:829} INFO - Processing file /opt/airflow/dags/S3_UPLOAD_DAG.py for tasks to queue
[2026-06-04T07:41:53.364+0000] {logging_mixin.py:154} INFO - [2026-06-04T07:41:53.362+0000] {dagbag.py:536} INFO - Filling up the DagBag from /opt/airflow/dags/S3_UPLOAD_DAG.py
[2026-06-04T07:41:53.384+0000] {processor.py:839} INFO - DAG(s) dict_keys(['daily_vulnerability_ingestion']) retrieved from /opt/airflow/dags/S3_UPLOAD_DAG.py
[2026-06-04T07:41:53.410+0000] {logging_mixin.py:154} INFO - [2026-06-04T07:41:53.410+0000] {dag.py:2941} INFO - Sync 1 DAGs
[2026-06-04T07:41:53.427+0000] {logging_mixin.py:154} INFO - [2026-06-04T07:41:53.427+0000] {dag.py:3722} INFO - Setting next_dagrun for daily_vulnerability_ingestion to 2026-06-03T14:52:05.384041+00:00, run_after=2026-06-04T14:52:05.384041+00:00
[2026-06-04T07:41:53.441+0000] {processor.py:179} INFO - Processing /opt/airflow/dags/S3_UPLOAD_DAG.py took 0.093 seconds
[2026-06-04T07:42:23.581+0000] {processor.py:157} INFO - Started process (PID=1580) to work on /opt/airflow/dags/S3_UPLOAD_DAG.py
[2026-06-04T07:42:23.583+0000] {processor.py:829} INFO - Processing file /opt/airflow/dags/S3_UPLOAD_DAG.py for tasks to queue
[2026-06-04T07:42:23.584+0000] {logging_mixin.py:154} INFO - [2026-06-04T07:42:23.583+0000] {dagbag.py:536} INFO - Filling up the DagBag from /opt/airflow/dags/S3_UPLOAD_DAG.py
[2026-06-04T07:42:23.601+0000] {processor.py:839} INFO - DAG(s) dict_keys(['daily_vulnerability_ingestion']) retrieved from /opt/airflow/dags/S3_UPLOAD_DAG.py
[2026-06-04T07:42:23.620+0000] {logging_mixin.py:154} INFO - [2026-06-04T07:42:23.620+0000] {dag.py:2941} INFO - Sync 1 DAGs
[2026-06-04T07:42:23.640+0000] {logging_mixin.py:154} INFO - [2026-06-04T07:42:23.640+0000] {dag.py:3722} INFO - Setting next_dagrun for daily_vulnerability_ingestion to 2026-06-03T14:52:05.384041+00:00, run_after=2026-06-04T14:52:05.384041+00:00
[2026-06-04T07:42:23.654+0000] {processor.py:179} INFO - Processing /opt/airflow/dags/S3_UPLOAD_DAG.py took 0.081 seconds
[2026-06-04T07:42:53.744+0000] {processor.py:157} INFO - Started process (PID=1585) to work on /opt/airflow/dags/S3_UPLOAD_DAG.py
[2026-06-04T07:42:53.753+0000] {processor.py:829} INFO - Processing file /opt/airflow/dags/S3_UPLOAD_DAG.py for tasks to queue
[2026-06-04T07:42:53.754+0000] {logging_mixin.py:154} INFO - [2026-06-04T07:42:53.754+0000] {dagbag.py:536} INFO - Filling up the DagBag from /opt/airflow/dags/S3_UPLOAD_DAG.py
[2026-06-04T07:42:53.767+0000] {processor.py:839} INFO - DAG(s) dict_keys(['daily_vulnerability_ingestion']) retrieved from /opt/airflow/dags/S3_UPLOAD_DAG.py
[2026-06-04T07:42:53.788+0000] {logging_mixin.py:154} INFO - [2026-06-04T07:42:53.788+0000] {dag.py:2941} INFO - Sync 1 DAGs
[2026-06-04T07:42:53.805+0000] {logging_mixin.py:154} INFO - [2026-06-04T07:42:53.805+0000] {dag.py:3722} INFO - Setting next_dagrun for daily_vulnerability_ingestion to 2026-06-03T14:52:05.384041+00:00, run_after=2026-06-04T14:52:05.384041+00:00
[2026-06-04T07:42:53.820+0000] {processor.py:179} INFO - Processing /opt/airflow/dags/S3_UPLOAD_DAG.py took 0.079 seconds
[2026-06-04T07:43:23.975+0000] {processor.py:157} INFO - Started process (PID=1590) to work on /opt/airflow/dags/S3_UPLOAD_DAG.py
[2026-06-04T07:43:23.976+0000] {processor.py:829} INFO - Processing file /opt/airflow/dags/S3_UPLOAD_DAG.py for tasks to queue
[2026-06-04T07:43:23.977+0000] {logging_mixin.py:154} INFO - [2026-06-04T07:43:23.977+0000] {dagbag.py:536} INFO - Filling up the DagBag from /opt/airflow/dags/S3_UPLOAD_DAG.py
[2026-06-04T07:43:23.993+0000] {processor.py:839} INFO - DAG(s) dict_keys(['daily_vulnerability_ingestion']) retrieved from /opt/airflow/dags/S3_UPLOAD_DAG.py
[2026-06-04T07:43:24.013+0000] {logging_mixin.py:154} INFO - [2026-06-04T07:43:24.013+0000] {dag.py:2941} INFO - Sync 1 DAGs
[2026-06-04T07:43:24.030+0000] {logging_mixin.py:154} INFO - [2026-06-04T07:43:24.030+0000] {dag.py:3722} INFO - Setting next_dagrun for daily_vulnerability_ingestion to 2026-06-03T14:52:05.384041+00:00, run_after=2026-06-04T14:52:05.384041+00:00
[2026-06-04T07:43:24.043+0000] {processor.py:179} INFO - Processing /opt/airflow/dags/S3_UPLOAD_DAG.py took 0.075 seconds
[2026-06-04T07:43:54.196+0000] {processor.py:157} INFO - Started process (PID=1595) to work on /opt/airflow/dags/S3_UPLOAD_DAG.py
[2026-06-04T07:43:54.205+0000] {processor.py:829} INFO - Processing file /opt/airflow/dags/S3_UPLOAD_DAG.py for tasks to queue
[2026-06-04T07:43:54.206+0000] {logging_mixin.py:154} INFO - [2026-06-04T07:43:54.206+0000] {dagbag.py:536} INFO - Filling up the DagBag from /opt/airflow/dags/S3_UPLOAD_DAG.py
[2026-06-04T07:43:54.226+0000] {processor.py:839} INFO - DAG(s) dict_keys(['daily_vulnerability_ingestion']) retrieved from /opt/airflow/dags/S3_UPLOAD_DAG.py
[2026-06-04T07:43:54.247+0000] {logging_mixin.py:154} INFO - [2026-06-04T07:43:54.247+0000] {dag.py:2941} INFO - Sync 1 DAGs
[2026-06-04T07:43:54.264+0000] {logging_mixin.py:154} INFO - [2026-06-04T07:43:54.264+0000] {dag.py:3722} INFO - Setting next_dagrun for daily_vulnerability_ingestion to 2026-06-03T14:52:05.384041+00:00, run_after=2026-06-04T14:52:05.384041+00:00
[2026-06-04T07:43:54.278+0000] {processor.py:179} INFO - Processing /opt/airflow/dags/S3_UPLOAD_DAG.py took 0.088 seconds
[2026-06-04T07:44:24.406+0000] {processor.py:157} INFO - Started process (PID=1600) to work on /opt/airflow/dags/S3_UPLOAD_DAG.py
[2026-06-04T07:44:24.407+0000] {processor.py:829} INFO - Processing file /opt/airflow/dags/S3_UPLOAD_DAG.py for tasks to queue
[2026-06-04T07:44:24.408+0000] {logging_mixin.py:154} INFO - [2026-06-04T07:44:24.407+0000] {dagbag.py:536} INFO - Filling up the DagBag from /opt/airflow/dags/S3_UPLOAD_DAG.py
[2026-06-04T07:44:24.421+0000] {processor.py:839} INFO - DAG(s) dict_keys(['daily_vulnerability_ingestion']) retrieved from /opt/airflow/dags/S3_UPLOAD_DAG.py
[2026-06-04T07:44:24.439+0000] {logging_mixin.py:154} INFO - [2026-06-04T07:44:24.439+0000] {dag.py:2941} INFO - Sync 1 DAGs
[2026-06-04T07:44:24.455+0000] {logging_mixin.py:154} INFO - [2026-06-04T07:44:24.455+0000] {dag.py:3722} INFO - Setting next_dagrun for daily_vulnerability_ingestion to 2026-06-03T14:52:05.384041+00:00, run_after=2026-06-04T14:52:05.384041+00:00
[2026-06-04T07:44:24.467+0000] {processor.py:179} INFO - Processing /opt/airflow/dags/S3_UPLOAD_DAG.py took 0.066 seconds
[2026-06-04T07:44:54.569+0000] {processor.py:157} INFO - Started process (PID=1605) to work on /opt/airflow/dags/S3_UPLOAD_DAG.py
[2026-06-04T07:44:54.571+0000] {processor.py:829} INFO - Processing file /opt/airflow/dags/S3_UPLOAD_DAG.py for tasks to queue
[2026-06-04T07:44:54.573+0000] {logging_mixin.py:154} INFO - [2026-06-04T07:44:54.572+0000] {dagbag.py:536} INFO - Filling up the DagBag from /opt/airflow/dags/S3_UPLOAD_DAG.py
[2026-06-04T07:44:54.592+0000] {processor.py:839} INFO - DAG(s) dict_keys(['daily_vulnerability_ingestion']) retrieved from /opt/airflow/dags/S3_UPLOAD_DAG.py
[2026-06-04T07:44:54.613+0000] {logging_mixin.py:154} INFO - [2026-06-04T07:44:54.613+0000] {dag.py:2941} INFO - Sync 1 DAGs
[2026-06-04T07:44:54.629+0000] {logging_mixin.py:154} INFO - [2026-06-04T07:44:54.628+0000] {dag.py:3722} INFO - Setting next_dagrun for daily_vulnerability_ingestion to 2026-06-03T14:52:05.384041+00:00, run_after=2026-06-04T14:52:05.384041+00:00
[2026-06-04T07:44:54.641+0000] {processor.py:179} INFO - Processing /opt/airflow/dags/S3_UPLOAD_DAG.py took 0.078 seconds
[2026-06-04T07:45:24.828+0000] {processor.py:157} INFO - Started process (PID=1610) to work on /opt/airflow/dags/S3_UPLOAD_DAG.py
[2026-06-04T07:45:24.828+0000] {processor.py:829} INFO - Processing file /opt/airflow/dags/S3_UPLOAD_DAG.py for tasks to queue
[2026-06-04T07:45:24.829+0000] {logging_mixin.py:154} INFO - [2026-06-04T07:45:24.829+0000] {dagbag.py:536} INFO - Filling up the DagBag from /opt/airflow/dags/S3_UPLOAD_DAG.py
[2026-06-04T07:45:24.849+0000] {processor.py:839} INFO - DAG(s) dict_keys(['daily_vulnerability_ingestion']) retrieved from /opt/airflow/dags/S3_UPLOAD_DAG.py
[2026-06-04T07:45:24.881+0000] {logging_mixin.py:154} INFO - [2026-06-04T07:45:24.880+0000] {dag.py:2941} INFO - Sync 1 DAGs
[2026-06-04T07:45:24.904+0000] {logging_mixin.py:154} INFO - [2026-06-04T07:45:24.904+0000] {dag.py:3722} INFO - Setting next_dagrun for daily_vulnerability_ingestion to 2026-06-03T14:52:05.384041+00:00, run_after=2026-06-04T14:52:05.384041+00:00
[2026-06-04T07:45:24.919+0000] {processor.py:179} INFO - Processing /opt/airflow/dags/S3_UPLOAD_DAG.py took 0.096 seconds
[2026-06-04T07:45:55.005+0000] {processor.py:157} INFO - Started process (PID=1615) to work on /opt/airflow/dags/S3_UPLOAD_DAG.py
[2026-06-04T07:45:55.006+0000] {processor.py:829} INFO - Processing file /opt/airflow/dags/S3_UPLOAD_DAG.py for tasks to queue
[2026-06-04T07:45:55.007+0000] {logging_mixin.py:154} INFO - [2026-06-04T07:45:55.006+0000] {dagbag.py:536} INFO - Filling up the DagBag from /opt/airflow/dags/S3_UPLOAD_DAG.py
[2026-06-04T07:45:55.021+0000] {processor.py:839} INFO - DAG(s) dict_keys(['daily_vulnerability_ingestion']) retrieved from /opt/airflow/dags/S3_UPLOAD_DAG.py
[2026-06-04T07:45:55.042+0000] {logging_mixin.py:154} INFO - [2026-06-04T07:45:55.042+0000] {dag.py:2941} INFO - Sync 1 DAGs
[2026-06-04T07:45:55.061+0000] {logging_mixin.py:154} INFO - [2026-06-04T07:45:55.060+0000] {dag.py:3722} INFO - Setting next_dagrun for daily_vulnerability_ingestion to 2026-06-03T14:52:05.384041+00:00, run_after=2026-06-04T14:52:05.384041+00:00
[2026-06-04T07:45:55.075+0000] {processor.py:179} INFO - Processing /opt/airflow/dags/S3_UPLOAD_DAG.py took 0.076 seconds
[2026-06-04T07:46:25.253+0000] {processor.py:157} INFO - Started process (PID=1620) to work on /opt/airflow/dags/S3_UPLOAD_DAG.py
[2026-06-04T07:46:25.254+0000] {processor.py:829} INFO - Processing file /opt/airflow/dags/S3_UPLOAD_DAG.py for tasks to queue
[2026-06-04T07:46:25.255+0000] {logging_mixin.py:154} INFO - [2026-06-04T07:46:25.254+0000] {dagbag.py:536} INFO - Filling up the DagBag from /opt/airflow/dags/S3_UPLOAD_DAG.py
[2026-06-04T07:46:25.270+0000] {processor.py:839} INFO - DAG(s) dict_keys(['daily_vulnerability_ingestion']) retrieved from /opt/airflow/dags/S3_UPLOAD_DAG.py
[2026-06-04T07:46:25.288+0000] {logging_mixin.py:154} INFO - [2026-06-04T07:46:25.288+0000] {dag.py:2941} INFO - Sync 1 DAGs
[2026-06-04T07:46:25.304+0000] {logging_mixin.py:154} INFO - [2026-06-04T07:46:25.304+0000] {dag.py:3722} INFO - Setting next_dagrun for daily_vulnerability_ingestion to 2026-06-03T14:52:05.384041+00:00, run_after=2026-06-04T14:52:05.384041+00:00
[2026-06-04T07:46:25.320+0000] {processor.py:179} INFO - Processing /opt/airflow/dags/S3_UPLOAD_DAG.py took 0.073 seconds
[2026-06-04T07:46:55.413+0000] {processor.py:157} INFO - Started process (PID=1625) to work on /opt/airflow/dags/S3_UPLOAD_DAG.py
[2026-06-04T07:46:55.414+0000] {processor.py:829} INFO - Processing file /opt/airflow/dags/S3_UPLOAD_DAG.py for tasks to queue
[2026-06-04T07:46:55.415+0000] {logging_mixin.py:154} INFO - [2026-06-04T07:46:55.414+0000] {dagbag.py:536} INFO - Filling up the DagBag from /opt/airflow/dags/S3_UPLOAD_DAG.py
[2026-06-04T07:46:55.428+0000] {processor.py:839} INFO - DAG(s) dict_keys(['daily_vulnerability_ingestion']) retrieved from /opt/airflow/dags/S3_UPLOAD_DAG.py
[2026-06-04T07:46:55.448+0000] {logging_mixin.py:154} INFO - [2026-06-04T07:46:55.448+0000] {dag.py:2941} INFO - Sync 1 DAGs
[2026-06-04T07:46:55.465+0000] {logging_mixin.py:154} INFO - [2026-06-04T07:46:55.465+0000] {dag.py:3722} INFO - Setting next_dagrun for daily_vulnerability_ingestion to 2026-06-03T14:52:05.384041+00:00, run_after=2026-06-04T14:52:05.384041+00:00
[2026-06-04T07:46:55.481+0000] {processor.py:179} INFO - Processing /opt/airflow/dags/S3_UPLOAD_DAG.py took 0.072 seconds
[2026-06-04T07:47:25.663+0000] {processor.py:157} INFO - Started process (PID=1630) to work on /opt/airflow/dags/S3_UPLOAD_DAG.py
[2026-06-04T07:47:25.664+0000] {processor.py:829} INFO - Processing file /opt/airflow/dags/S3_UPLOAD_DAG.py for tasks to queue
[2026-06-04T07:47:25.665+0000] {logging_mixin.py:154} INFO - [2026-06-04T07:47:25.665+0000] {dagbag.py:536} INFO - Filling up the DagBag from /opt/airflow/dags/S3_UPLOAD_DAG.py
[2026-06-04T07:47:25.685+0000] {processor.py:839} INFO - DAG(s) dict_keys(['daily_vulnerability_ingestion']) retrieved from /opt/airflow/dags/S3_UPLOAD_DAG.py
[2026-06-04T07:47:25.706+0000] {logging_mixin.py:154} INFO - [2026-06-04T07:47:25.706+0000] {dag.py:2941} INFO - Sync 1 DAGs
[2026-06-04T07:47:25.722+0000] {logging_mixin.py:154} INFO - [2026-06-04T07:47:25.722+0000] {dag.py:3722} INFO - Setting next_dagrun for daily_vulnerability_ingestion to 2026-06-03T14:52:05.384041+00:00, run_after=2026-06-04T14:52:05.384041+00:00
[2026-06-04T07:47:25.736+0000] {processor.py:179} INFO - Processing /opt/airflow/dags/S3_UPLOAD_DAG.py took 0.078 seconds
[2026-06-04T07:47:55.844+0000] {processor.py:157} INFO - Started process (PID=1635) to work on /opt/airflow/dags/S3_UPLOAD_DAG.py
[2026-06-04T07:47:55.854+0000] {processor.py:829} INFO - Processing file /opt/airflow/dags/S3_UPLOAD_DAG.py for tasks to queue
[2026-06-04T07:47:55.857+0000] {logging_mixin.py:154} INFO - [2026-06-04T07:47:55.856+0000] {dagbag.py:536} INFO - Filling up the DagBag from /opt/airflow/dags/S3_UPLOAD_DAG.py
[2026-06-04T07:47:55.881+0000] {processor.py:839} INFO - DAG(s) dict_keys(['daily_vulnerability_ingestion']) retrieved from /opt/airflow/dags/S3_UPLOAD_DAG.py
[2026-06-04T07:47:55.902+0000] {logging_mixin.py:154} INFO - [2026-06-04T07:47:55.902+0000] {dag.py:2941} INFO - Sync 1 DAGs
[2026-06-04T07:47:55.918+0000] {logging_mixin.py:154} INFO - [2026-06-04T07:47:55.918+0000] {dag.py:3722} INFO - Setting next_dagrun for daily_vulnerability_ingestion to 2026-06-03T14:52:05.384041+00:00, run_after=2026-06-04T14:52:05.384041+00:00
[2026-06-04T07:47:55.931+0000] {processor.py:179} INFO - Processing /opt/airflow/dags/S3_UPLOAD_DAG.py took 0.095 seconds
[2026-06-04T07:48:26.077+0000] {processor.py:157} INFO - Started process (PID=1640) to work on /opt/airflow/dags/S3_UPLOAD_DAG.py
[2026-06-04T07:48:26.077+0000] {processor.py:829} INFO - Processing file /opt/airflow/dags/S3_UPLOAD_DAG.py for tasks to queue
[2026-06-04T07:48:26.079+0000] {logging_mixin.py:154} INFO - [2026-06-04T07:48:26.078+0000] {dagbag.py:536} INFO - Filling up the DagBag from /opt/airflow/dags/S3_UPLOAD_DAG.py
[2026-06-04T07:48:26.089+0000] {processor.py:839} INFO - DAG(s) dict_keys(['daily_vulnerability_ingestion']) retrieved from /opt/airflow/dags/S3_UPLOAD_DAG.py
[2026-06-04T07:48:26.110+0000] {logging_mixin.py:154} INFO - [2026-06-04T07:48:26.110+0000] {dag.py:2941} INFO - Sync 1 DAGs
[2026-06-04T07:48:26.129+0000] {logging_mixin.py:154} INFO - [2026-06-04T07:48:26.128+0000] {dag.py:3722} INFO - Setting next_dagrun for daily_vulnerability_ingestion to 2026-06-03T14:52:05.384041+00:00, run_after=2026-06-04T14:52:05.384041+00:00
[2026-06-04T07:48:26.141+0000] {processor.py:179} INFO - Processing /opt/airflow/dags/S3_UPLOAD_DAG.py took 0.069 seconds
[2026-06-04T07:48:56.287+0000] {processor.py:157} INFO - Started process (PID=1645) to work on /opt/airflow/dags/S3_UPLOAD_DAG.py
[2026-06-04T07:48:56.296+0000] {processor.py:829} INFO - Processing file /opt/airflow/dags/S3_UPLOAD_DAG.py for tasks to queue
[2026-06-04T07:48:56.297+0000] {logging_mixin.py:154} INFO - [2026-06-04T07:48:56.297+0000] {dagbag.py:536} INFO - Filling up the DagBag from /opt/airflow/dags/S3_UPLOAD_DAG.py
[2026-06-04T07:48:56.308+0000] {processor.py:839} INFO - DAG(s) dict_keys(['daily_vulnerability_ingestion']) retrieved from /opt/airflow/dags/S3_UPLOAD_DAG.py
[2026-06-04T07:48:56.332+0000] {logging_mixin.py:154} INFO - [2026-06-04T07:48:56.332+0000] {dag.py:2941} INFO - Sync 1 DAGs
[2026-06-04T07:48:56.353+0000] {logging_mixin.py:154} INFO - [2026-06-04T07:48:56.353+0000] {dag.py:3722} INFO - Setting next_dagrun for daily_vulnerability_ingestion to 2026-06-03T14:52:05.384041+00:00, run_after=2026-06-04T14:52:05.384041+00:00
[2026-06-04T07:48:56.367+0000] {processor.py:179} INFO - Processing /opt/airflow/dags/S3_UPLOAD_DAG.py took 0.085 seconds
[2026-06-04T07:49:26.475+0000] {processor.py:157} INFO - Started process (PID=1650) to work on /opt/airflow/dags/S3_UPLOAD_DAG.py
[2026-06-04T07:49:26.476+0000] {processor.py:829} INFO - Processing file /opt/airflow/dags/S3_UPLOAD_DAG.py for tasks to queue
[2026-06-04T07:49:26.477+0000] {logging_mixin.py:154} INFO - [2026-06-04T07:49:26.476+0000] {dagbag.py:536} INFO - Filling up the DagBag from /opt/airflow/dags/S3_UPLOAD_DAG.py
[2026-06-04T07:49:26.489+0000] {processor.py:839} INFO - DAG(s) dict_keys(['daily_vulnerability_ingestion']) retrieved from /opt/airflow/dags/S3_UPLOAD_DAG.py
[2026-06-04T07:49:26.511+0000] {logging_mixin.py:154} INFO - [2026-06-04T07:49:26.511+0000] {dag.py:2941} INFO - Sync 1 DAGs
[2026-06-04T07:49:26.530+0000] {logging_mixin.py:154} INFO - [2026-06-04T07:49:26.529+0000] {dag.py:3722} INFO - Setting next_dagrun for daily_vulnerability_ingestion to 2026-06-03T14:52:05.384041+00:00, run_after=2026-06-04T14:52:05.384041+00:00
[2026-06-04T07:49:26.544+0000] {processor.py:179} INFO - Processing /opt/airflow/dags/S3_UPLOAD_DAG.py took 0.072 seconds
[2026-06-04T07:49:56.680+0000] {processor.py:157} INFO - Started process (PID=1655) to work on /opt/airflow/dags/S3_UPLOAD_DAG.py
[2026-06-04T07:49:56.688+0000] {processor.py:829} INFO - Processing file /opt/airflow/dags/S3_UPLOAD_DAG.py for tasks to queue
[2026-06-04T07:49:56.689+0000] {logging_mixin.py:154} INFO - [2026-06-04T07:49:56.689+0000] {dagbag.py:536} INFO - Filling up the DagBag from /opt/airflow/dags/S3_UPLOAD_DAG.py
[2026-06-04T07:49:56.700+0000] {processor.py:839} INFO - DAG(s) dict_keys(['daily_vulnerability_ingestion']) retrieved from /opt/airflow/dags/S3_UPLOAD_DAG.py
[2026-06-04T07:49:56.720+0000] {logging_mixin.py:154} INFO - [2026-06-04T07:49:56.720+0000] {dag.py:2941} INFO - Sync 1 DAGs
[2026-06-04T07:49:56.738+0000] {logging_mixin.py:154} INFO - [2026-06-04T07:49:56.738+0000] {dag.py:3722} INFO - Setting next_dagrun for daily_vulnerability_ingestion to 2026-06-03T14:52:05.384041+00:00, run_after=2026-06-04T14:52:05.384041+00:00
[2026-06-04T07:49:56.751+0000] {processor.py:179} INFO - Processing /opt/airflow/dags/S3_UPLOAD_DAG.py took 0.074 seconds
[2026-06-04T07:50:26.852+0000] {processor.py:157} INFO - Started process (PID=1660) to work on /opt/airflow/dags/S3_UPLOAD_DAG.py
[2026-06-04T07:50:26.853+0000] {processor.py:829} INFO - Processing file /opt/airflow/dags/S3_UPLOAD_DAG.py for tasks to queue
[2026-06-04T07:50:26.854+0000] {logging_mixin.py:154} INFO - [2026-06-04T07:50:26.854+0000] {dagbag.py:536} INFO - Filling up the DagBag from /opt/airflow/dags/S3_UPLOAD_DAG.py
[2026-06-04T07:50:26.865+0000] {processor.py:839} INFO - DAG(s) dict_keys(['daily_vulnerability_ingestion']) retrieved from /opt/airflow/dags/S3_UPLOAD_DAG.py
[2026-06-04T07:50:26.885+0000] {logging_mixin.py:154} INFO - [2026-06-04T07:50:26.885+0000] {dag.py:2941} INFO - Sync 1 DAGs
[2026-06-04T07:50:26.903+0000] {logging_mixin.py:154} INFO - [2026-06-04T07:50:26.903+0000] {dag.py:3722} INFO - Setting next_dagrun for daily_vulnerability_ingestion to 2026-06-03T14:52:05.384041+00:00, run_after=2026-06-04T14:52:05.384041+00:00
[2026-06-04T07:50:26.918+0000] {processor.py:179} INFO - Processing /opt/airflow/dags/S3_UPLOAD_DAG.py took 0.068 seconds
[2026-06-04T07:50:57.060+0000] {processor.py:157} INFO - Started process (PID=1665) to work on /opt/airflow/dags/S3_UPLOAD_DAG.py
[2026-06-04T07:50:57.069+0000] {processor.py:829} INFO - Processing file /opt/airflow/dags/S3_UPLOAD_DAG.py for tasks to queue
[2026-06-04T07:50:57.070+0000] {logging_mixin.py:154} INFO - [2026-06-04T07:50:57.070+0000] {dagbag.py:536} INFO - Filling up the DagBag from /opt/airflow/dags/S3_UPLOAD_DAG.py
[2026-06-04T07:50:57.084+0000] {processor.py:839} INFO - DAG(s) dict_keys(['daily_vulnerability_ingestion']) retrieved from /opt/airflow/dags/S3_UPLOAD_DAG.py
[2026-06-04T07:50:57.105+0000] {logging_mixin.py:154} INFO - [2026-06-04T07:50:57.105+0000] {dag.py:2941} INFO - Sync 1 DAGs
[2026-06-04T07:50:57.124+0000] {logging_mixin.py:154} INFO - [2026-06-04T07:50:57.124+0000] {dag.py:3722} INFO - Setting next_dagrun for daily_vulnerability_ingestion to 2026-06-03T14:52:05.384041+00:00, run_after=2026-06-04T14:52:05.384041+00:00
[2026-06-04T07:50:57.139+0000] {processor.py:179} INFO - Processing /opt/airflow/dags/S3_UPLOAD_DAG.py took 0.082 seconds
[2026-06-04T07:51:27.258+0000] {processor.py:157} INFO - Started process (PID=1670) to work on /opt/airflow/dags/S3_UPLOAD_DAG.py
[2026-06-04T07:51:27.259+0000] {processor.py:829} INFO - Processing file /opt/airflow/dags/S3_UPLOAD_DAG.py for tasks to queue
[2026-06-04T07:51:27.260+0000] {logging_mixin.py:154} INFO - [2026-06-04T07:51:27.260+0000] {dagbag.py:536} INFO - Filling up the DagBag from /opt/airflow/dags/S3_UPLOAD_DAG.py
[2026-06-04T07:51:27.276+0000] {processor.py:839} INFO - DAG(s) dict_keys(['daily_vulnerability_ingestion']) retrieved from /opt/airflow/dags/S3_UPLOAD_DAG.py
[2026-06-04T07:51:27.297+0000] {logging_mixin.py:154} INFO - [2026-06-04T07:51:27.297+0000] {dag.py:2941} INFO - Sync 1 DAGs
[2026-06-04T07:51:27.317+0000] {logging_mixin.py:154} INFO - [2026-06-04T07:51:27.316+0000] {dag.py:3722} INFO - Setting next_dagrun for daily_vulnerability_ingestion to 2026-06-03T14:52:05.384041+00:00, run_after=2026-06-04T14:52:05.384041+00:00
[2026-06-04T07:51:27.331+0000] {processor.py:179} INFO - Processing /opt/airflow/dags/S3_UPLOAD_DAG.py took 0.078 seconds
[2026-06-04T07:51:57.461+0000] {processor.py:157} INFO - Started process (PID=1675) to work on /opt/airflow/dags/S3_UPLOAD_DAG.py
[2026-06-04T07:51:57.470+0000] {processor.py:829} INFO - Processing file /opt/airflow/dags/S3_UPLOAD_DAG.py for tasks to queue
[2026-06-04T07:51:57.471+0000] {logging_mixin.py:154} INFO - [2026-06-04T07:51:57.471+0000] {dagbag.py:536} INFO - Filling up the DagBag from /opt/airflow/dags/S3_UPLOAD_DAG.py
[2026-06-04T07:51:57.492+0000] {processor.py:839} INFO - DAG(s) dict_keys(['daily_vulnerability_ingestion']) retrieved from /opt/airflow/dags/S3_UPLOAD_DAG.py
[2026-06-04T07:51:57.515+0000] {logging_mixin.py:154} INFO - [2026-06-04T07:51:57.515+0000] {dag.py:2941} INFO - Sync 1 DAGs
[2026-06-04T07:51:57.536+0000] {logging_mixin.py:154} INFO - [2026-06-04T07:51:57.535+0000] {dag.py:3722} INFO - Setting next_dagrun for daily_vulnerability_ingestion to 2026-06-03T14:52:05.384041+00:00, run_after=2026-06-04T14:52:05.384041+00:00
[2026-06-04T07:51:57.548+0000] {processor.py:179} INFO - Processing /opt/airflow/dags/S3_UPLOAD_DAG.py took 0.094 seconds
[2026-06-04T07:52:27.671+0000] {processor.py:157} INFO - Started process (PID=1680) to work on /opt/airflow/dags/S3_UPLOAD_DAG.py
[2026-06-04T07:52:27.672+0000] {processor.py:829} INFO - Processing file /opt/airflow/dags/S3_UPLOAD_DAG.py for tasks to queue
[2026-06-04T07:52:27.674+0000] {logging_mixin.py:154} INFO - [2026-06-04T07:52:27.673+0000] {dagbag.py:536} INFO - Filling up the DagBag from /opt/airflow/dags/S3_UPLOAD_DAG.py
[2026-06-04T07:52:27.690+0000] {processor.py:839} INFO - DAG(s) dict_keys(['daily_vulnerability_ingestion']) retrieved from /opt/airflow/dags/S3_UPLOAD_DAG.py
[2026-06-04T07:52:27.710+0000] {logging_mixin.py:154} INFO - [2026-06-04T07:52:27.710+0000] {dag.py:2941} INFO - Sync 1 DAGs
[2026-06-04T07:52:27.728+0000] {logging_mixin.py:154} INFO - [2026-06-04T07:52:27.727+0000] {dag.py:3722} INFO - Setting next_dagrun for daily_vulnerability_ingestion to 2026-06-03T14:52:05.384041+00:00, run_after=2026-06-04T14:52:05.384041+00:00
[2026-06-04T07:52:27.740+0000] {processor.py:179} INFO - Processing /opt/airflow/dags/S3_UPLOAD_DAG.py took 0.074 seconds
[2026-06-04T07:52:57.891+0000] {processor.py:157} INFO - Started process (PID=1685) to work on /opt/airflow/dags/S3_UPLOAD_DAG.py
[2026-06-04T07:52:57.892+0000] {processor.py:829} INFO - Processing file /opt/airflow/dags/S3_UPLOAD_DAG.py for tasks to queue
[2026-06-04T07:52:57.893+0000] {logging_mixin.py:154} INFO - [2026-06-04T07:52:57.893+0000] {dagbag.py:536} INFO - Filling up the DagBag from /opt/airflow/dags/S3_UPLOAD_DAG.py
[2026-06-04T07:52:57.908+0000] {processor.py:839} INFO - DAG(s) dict_keys(['daily_vulnerability_ingestion']) retrieved from /opt/airflow/dags/S3_UPLOAD_DAG.py
[2026-06-04T07:52:57.926+0000] {logging_mixin.py:154} INFO - [2026-06-04T07:52:57.926+0000] {dag.py:2941} INFO - Sync 1 DAGs
[2026-06-04T07:52:57.943+0000] {logging_mixin.py:154} INFO - [2026-06-04T07:52:57.943+0000] {dag.py:3722} INFO - Setting next_dagrun for daily_vulnerability_ingestion to 2026-06-03T14:52:05.384041+00:00, run_after=2026-06-04T14:52:05.384041+00:00
[2026-06-04T07:52:57.956+0000] {processor.py:179} INFO - Processing /opt/airflow/dags/S3_UPLOAD_DAG.py took 0.069 seconds
[2026-06-04T07:53:28.081+0000] {processor.py:157} INFO - Started process (PID=1690) to work on /opt/airflow/dags/S3_UPLOAD_DAG.py
[2026-06-04T07:53:28.081+0000] {processor.py:829} INFO - Processing file /opt/airflow/dags/S3_UPLOAD_DAG.py for tasks to queue
[2026-06-04T07:53:28.082+0000] {logging_mixin.py:154} INFO - [2026-06-04T07:53:28.082+0000] {dagbag.py:536} INFO - Filling up the DagBag from /opt/airflow/dags/S3_UPLOAD_DAG.py
[2026-06-04T07:53:28.092+0000] {processor.py:839} INFO - DAG(s) dict_keys(['daily_vulnerability_ingestion']) retrieved from /opt/airflow/dags/S3_UPLOAD_DAG.py
[2026-06-04T07:53:28.113+0000] {logging_mixin.py:154} INFO - [2026-06-04T07:53:28.112+0000] {dag.py:2941} INFO - Sync 1 DAGs
[2026-06-04T07:53:28.131+0000] {logging_mixin.py:154} INFO - [2026-06-04T07:53:28.131+0000] {dag.py:3722} INFO - Setting next_dagrun for daily_vulnerability_ingestion to 2026-06-03T14:52:05.384041+00:00, run_after=2026-06-04T14:52:05.384041+00:00
[2026-06-04T07:53:28.148+0000] {processor.py:179} INFO - Processing /opt/airflow/dags/S3_UPLOAD_DAG.py took 0.070 seconds
[2026-06-04T07:53:58.306+0000] {processor.py:157} INFO - Started process (PID=1695) to work on /opt/airflow/dags/S3_UPLOAD_DAG.py
[2026-06-04T07:53:58.316+0000] {processor.py:829} INFO - Processing file /opt/airflow/dags/S3_UPLOAD_DAG.py for tasks to queue
[2026-06-04T07:53:58.318+0000] {logging_mixin.py:154} INFO - [2026-06-04T07:53:58.317+0000] {dagbag.py:536} INFO - Filling up the DagBag from /opt/airflow/dags/S3_UPLOAD_DAG.py
[2026-06-04T07:53:58.339+0000] {processor.py:839} INFO - DAG(s) dict_keys(['daily_vulnerability_ingestion']) retrieved from /opt/airflow/dags/S3_UPLOAD_DAG.py
[2026-06-04T07:53:58.360+0000] {logging_mixin.py:154} INFO - [2026-06-04T07:53:58.360+0000] {dag.py:2941} INFO - Sync 1 DAGs
[2026-06-04T07:53:58.376+0000] {logging_mixin.py:154} INFO - [2026-06-04T07:53:58.376+0000] {dag.py:3722} INFO - Setting next_dagrun for daily_vulnerability_ingestion to 2026-06-03T14:52:05.384041+00:00, run_after=2026-06-04T14:52:05.384041+00:00
[2026-06-04T07:53:58.389+0000] {processor.py:179} INFO - Processing /opt/airflow/dags/S3_UPLOAD_DAG.py took 0.088 seconds
[2026-06-04T07:54:28.541+0000] {processor.py:157} INFO - Started process (PID=1700) to work on /opt/airflow/dags/S3_UPLOAD_DAG.py
[2026-06-04T07:54:28.542+0000] {processor.py:829} INFO - Processing file /opt/airflow/dags/S3_UPLOAD_DAG.py for tasks to queue
[2026-06-04T07:54:28.543+0000] {logging_mixin.py:154} INFO - [2026-06-04T07:54:28.543+0000] {dagbag.py:536} INFO - Filling up the DagBag from /opt/airflow/dags/S3_UPLOAD_DAG.py
[2026-06-04T07:54:28.557+0000] {processor.py:839} INFO - DAG(s) dict_keys(['daily_vulnerability_ingestion']) retrieved from /opt/airflow/dags/S3_UPLOAD_DAG.py
[2026-06-04T07:54:28.577+0000] {logging_mixin.py:154} INFO - [2026-06-04T07:54:28.577+0000] {dag.py:2941} INFO - Sync 1 DAGs
[2026-06-04T07:54:28.594+0000] {logging_mixin.py:154} INFO - [2026-06-04T07:54:28.593+0000] {dag.py:3722} INFO - Setting next_dagrun for daily_vulnerability_ingestion to 2026-06-03T14:52:05.384041+00:00, run_after=2026-06-04T14:52:05.384041+00:00
[2026-06-04T07:54:28.606+0000] {processor.py:179} INFO - Processing /opt/airflow/dags/S3_UPLOAD_DAG.py took 0.072 seconds
[2026-06-04T07:54:58.756+0000] {processor.py:157} INFO - Started process (PID=1705) to work on /opt/airflow/dags/S3_UPLOAD_DAG.py
[2026-06-04T07:54:58.765+0000] {processor.py:829} INFO - Processing file /opt/airflow/dags/S3_UPLOAD_DAG.py for tasks to queue
[2026-06-04T07:54:58.766+0000] {logging_mixin.py:154} INFO - [2026-06-04T07:54:58.766+0000] {dagbag.py:536} INFO - Filling up the DagBag from /opt/airflow/dags/S3_UPLOAD_DAG.py
[2026-06-04T07:54:58.785+0000] {processor.py:839} INFO - DAG(s) dict_keys(['daily_vulnerability_ingestion']) retrieved from /opt/airflow/dags/S3_UPLOAD_DAG.py
[2026-06-04T07:54:58.807+0000] {logging_mixin.py:154} INFO - [2026-06-04T07:54:58.806+0000] {dag.py:2941} INFO - Sync 1 DAGs
[2026-06-04T07:54:58.823+0000] {logging_mixin.py:154} INFO - [2026-06-04T07:54:58.823+0000] {dag.py:3722} INFO - Setting next_dagrun for daily_vulnerability_ingestion to 2026-06-03T14:52:05.384041+00:00, run_after=2026-06-04T14:52:05.384041+00:00
[2026-06-04T07:54:58.836+0000] {processor.py:179} INFO - Processing /opt/airflow/dags/S3_UPLOAD_DAG.py took 0.084 seconds
[2026-06-04T07:55:28.968+0000] {processor.py:157} INFO - Started process (PID=1710) to work on /opt/airflow/dags/S3_UPLOAD_DAG.py
[2026-06-04T07:55:28.969+0000] {processor.py:829} INFO - Processing file /opt/airflow/dags/S3_UPLOAD_DAG.py for tasks to queue
[2026-06-04T07:55:28.971+0000] {logging_mixin.py:154} INFO - [2026-06-04T07:55:28.970+0000] {dagbag.py:536} INFO - Filling up the DagBag from /opt/airflow/dags/S3_UPLOAD_DAG.py
[2026-06-04T07:55:28.991+0000] {processor.py:839} INFO - DAG(s) dict_keys(['daily_vulnerability_ingestion']) retrieved from /opt/airflow/dags/S3_UPLOAD_DAG.py
[2026-06-04T07:55:29.012+0000] {logging_mixin.py:154} INFO - [2026-06-04T07:55:29.012+0000] {dag.py:2941} INFO - Sync 1 DAGs
[2026-06-04T07:55:29.031+0000] {logging_mixin.py:154} INFO - [2026-06-04T07:55:29.031+0000] {dag.py:3722} INFO - Setting next_dagrun for daily_vulnerability_ingestion to 2026-06-03T14:52:05.384041+00:00, run_after=2026-06-04T14:52:05.384041+00:00
[2026-06-04T07:55:29.044+0000] {processor.py:179} INFO - Processing /opt/airflow/dags/S3_UPLOAD_DAG.py took 0.082 seconds
[2026-06-04T07:55:59.178+0000] {processor.py:157} INFO - Started process (PID=1715) to work on /opt/airflow/dags/S3_UPLOAD_DAG.py
[2026-06-04T07:55:59.187+0000] {processor.py:829} INFO - Processing file /opt/airflow/dags/S3_UPLOAD_DAG.py for tasks to queue
[2026-06-04T07:55:59.188+0000] {logging_mixin.py:154} INFO - [2026-06-04T07:55:59.188+0000] {dagbag.py:536} INFO - Filling up the DagBag from /opt/airflow/dags/S3_UPLOAD_DAG.py
[2026-06-04T07:55:59.201+0000] {processor.py:839} INFO - DAG(s) dict_keys(['daily_vulnerability_ingestion']) retrieved from /opt/airflow/dags/S3_UPLOAD_DAG.py
[2026-06-04T07:55:59.222+0000] {logging_mixin.py:154} INFO - [2026-06-04T07:55:59.222+0000] {dag.py:2941} INFO - Sync 1 DAGs
[2026-06-04T07:55:59.238+0000] {logging_mixin.py:154} INFO - [2026-06-04T07:55:59.238+0000] {dag.py:3722} INFO - Setting next_dagrun for daily_vulnerability_ingestion to 2026-06-03T14:52:05.384041+00:00, run_after=2026-06-04T14:52:05.384041+00:00
[2026-06-04T07:55:59.251+0000] {processor.py:179} INFO - Processing /opt/airflow/dags/S3_UPLOAD_DAG.py took 0.077 seconds
[2026-06-04T07:56:29.372+0000] {processor.py:157} INFO - Started process (PID=1720) to work on /opt/airflow/dags/S3_UPLOAD_DAG.py
[2026-06-04T07:56:29.373+0000] {processor.py:829} INFO - Processing file /opt/airflow/dags/S3_UPLOAD_DAG.py for tasks to queue
[2026-06-04T07:56:29.374+0000] {logging_mixin.py:154} INFO - [2026-06-04T07:56:29.374+0000] {dagbag.py:536} INFO - Filling up the DagBag from /opt/airflow/dags/S3_UPLOAD_DAG.py
[2026-06-04T07:56:29.391+0000] {processor.py:839} INFO - DAG(s) dict_keys(['daily_vulnerability_ingestion']) retrieved from /opt/airflow/dags/S3_UPLOAD_DAG.py
[2026-06-04T07:56:29.411+0000] {logging_mixin.py:154} INFO - [2026-06-04T07:56:29.411+0000] {dag.py:2941} INFO - Sync 1 DAGs
[2026-06-04T07:56:29.428+0000] {logging_mixin.py:154} INFO - [2026-06-04T07:56:29.427+0000] {dag.py:3722} INFO - Setting next_dagrun for daily_vulnerability_ingestion to 2026-06-03T14:52:05.384041+00:00, run_after=2026-06-04T14:52:05.384041+00:00
[2026-06-04T07:56:29.441+0000] {processor.py:179} INFO - Processing /opt/airflow/dags/S3_UPLOAD_DAG.py took 0.075 seconds
[2026-06-04T07:56:59.571+0000] {processor.py:157} INFO - Started process (PID=1725) to work on /opt/airflow/dags/S3_UPLOAD_DAG.py
[2026-06-04T07:56:59.580+0000] {processor.py:829} INFO - Processing file /opt/airflow/dags/S3_UPLOAD_DAG.py for tasks to queue
[2026-06-04T07:56:59.581+0000] {logging_mixin.py:154} INFO - [2026-06-04T07:56:59.581+0000] {dagbag.py:536} INFO - Filling up the DagBag from /opt/airflow/dags/S3_UPLOAD_DAG.py
[2026-06-04T07:56:59.597+0000] {processor.py:839} INFO - DAG(s) dict_keys(['daily_vulnerability_ingestion']) retrieved from /opt/airflow/dags/S3_UPLOAD_DAG.py
[2026-06-04T07:56:59.621+0000] {logging_mixin.py:154} INFO - [2026-06-04T07:56:59.620+0000] {dag.py:2941} INFO - Sync 1 DAGs
[2026-06-04T07:56:59.641+0000] {logging_mixin.py:154} INFO - [2026-06-04T07:56:59.641+0000] {dag.py:3722} INFO - Setting next_dagrun for daily_vulnerability_ingestion to 2026-06-03T14:52:05.384041+00:00, run_after=2026-06-04T14:52:05.384041+00:00
[2026-06-04T07:56:59.655+0000] {processor.py:179} INFO - Processing /opt/airflow/dags/S3_UPLOAD_DAG.py took 0.087 seconds
[2026-06-04T07:57:29.788+0000] {processor.py:157} INFO - Started process (PID=1730) to work on /opt/airflow/dags/S3_UPLOAD_DAG.py
[2026-06-04T07:57:29.789+0000] {processor.py:829} INFO - Processing file /opt/airflow/dags/S3_UPLOAD_DAG.py for tasks to queue
[2026-06-04T07:57:29.790+0000] {logging_mixin.py:154} INFO - [2026-06-04T07:57:29.790+0000] {dagbag.py:536} INFO - Filling up the DagBag from /opt/airflow/dags/S3_UPLOAD_DAG.py
[2026-06-04T07:57:29.808+0000] {processor.py:839} INFO - DAG(s) dict_keys(['daily_vulnerability_ingestion']) retrieved from /opt/airflow/dags/S3_UPLOAD_DAG.py
[2026-06-04T07:57:29.829+0000] {logging_mixin.py:154} INFO - [2026-06-04T07:57:29.829+0000] {dag.py:2941} INFO - Sync 1 DAGs
[2026-06-04T07:57:29.847+0000] {logging_mixin.py:154} INFO - [2026-06-04T07:57:29.847+0000] {dag.py:3722} INFO - Setting next_dagrun for daily_vulnerability_ingestion to 2026-06-03T14:52:05.384041+00:00, run_after=2026-06-04T14:52:05.384041+00:00
[2026-06-04T07:57:29.862+0000] {processor.py:179} INFO - Processing /opt/airflow/dags/S3_UPLOAD_DAG.py took 0.080 seconds
[2026-06-04T07:57:59.993+0000] {processor.py:157} INFO - Started process (PID=1735) to work on /opt/airflow/dags/S3_UPLOAD_DAG.py
[2026-06-04T07:57:59.998+0000] {processor.py:829} INFO - Processing file /opt/airflow/dags/S3_UPLOAD_DAG.py for tasks to queue
[2026-06-04T07:57:59.999+0000] {logging_mixin.py:154} INFO - [2026-06-04T07:57:59.999+0000] {dagbag.py:536} INFO - Filling up the DagBag from /opt/airflow/dags/S3_UPLOAD_DAG.py
[2026-06-04T07:58:00.015+0000] {processor.py:839} INFO - DAG(s) dict_keys(['daily_vulnerability_ingestion']) retrieved from /opt/airflow/dags/S3_UPLOAD_DAG.py
[2026-06-04T07:58:00.033+0000] {logging_mixin.py:154} INFO - [2026-06-04T07:58:00.033+0000] {dag.py:2941} INFO - Sync 1 DAGs
[2026-06-04T07:58:00.049+0000] {logging_mixin.py:154} INFO - [2026-06-04T07:58:00.049+0000] {dag.py:3722} INFO - Setting next_dagrun for daily_vulnerability_ingestion to 2026-06-03T14:52:05.384041+00:00, run_after=2026-06-04T14:52:05.384041+00:00
[2026-06-04T07:58:00.062+0000] {processor.py:179} INFO - Processing /opt/airflow/dags/S3_UPLOAD_DAG.py took 0.074 seconds
[2026-06-04T07:58:30.168+0000] {processor.py:157} INFO - Started process (PID=1740) to work on /opt/airflow/dags/S3_UPLOAD_DAG.py
[2026-06-04T07:58:30.169+0000] {processor.py:829} INFO - Processing file /opt/airflow/dags/S3_UPLOAD_DAG.py for tasks to queue
[2026-06-04T07:58:30.169+0000] {logging_mixin.py:154} INFO - [2026-06-04T07:58:30.169+0000] {dagbag.py:536} INFO - Filling up the DagBag from /opt/airflow/dags/S3_UPLOAD_DAG.py
[2026-06-04T07:58:30.183+0000] {processor.py:839} INFO - DAG(s) dict_keys(['daily_vulnerability_ingestion']) retrieved from /opt/airflow/dags/S3_UPLOAD_DAG.py
[2026-06-04T07:58:30.212+0000] {logging_mixin.py:154} INFO - [2026-06-04T07:58:30.212+0000] {dag.py:2941} INFO - Sync 1 DAGs
[2026-06-04T07:58:30.232+0000] {logging_mixin.py:154} INFO - [2026-06-04T07:58:30.231+0000] {dag.py:3722} INFO - Setting next_dagrun for daily_vulnerability_ingestion to 2026-06-03T14:52:05.384041+00:00, run_after=2026-06-04T14:52:05.384041+00:00
[2026-06-04T07:58:30.252+0000] {processor.py:179} INFO - Processing /opt/airflow/dags/S3_UPLOAD_DAG.py took 0.086 seconds
[2026-06-04T07:59:00.386+0000] {processor.py:157} INFO - Started process (PID=1745) to work on /opt/airflow/dags/S3_UPLOAD_DAG.py
[2026-06-04T07:59:00.394+0000] {processor.py:829} INFO - Processing file /opt/airflow/dags/S3_UPLOAD_DAG.py for tasks to queue
[2026-06-04T07:59:00.395+0000] {logging_mixin.py:154} INFO - [2026-06-04T07:59:00.395+0000] {dagbag.py:536} INFO - Filling up the DagBag from /opt/airflow/dags/S3_UPLOAD_DAG.py
[2026-06-04T07:59:00.408+0000] {processor.py:839} INFO - DAG(s) dict_keys(['daily_vulnerability_ingestion']) retrieved from /opt/airflow/dags/S3_UPLOAD_DAG.py
[2026-06-04T07:59:00.426+0000] {logging_mixin.py:154} INFO - [2026-06-04T07:59:00.426+0000] {dag.py:2941} INFO - Sync 1 DAGs
[2026-06-04T07:59:00.443+0000] {logging_mixin.py:154} INFO - [2026-06-04T07:59:00.443+0000] {dag.py:3722} INFO - Setting next_dagrun for daily_vulnerability_ingestion to 2026-06-03T14:52:05.384041+00:00, run_after=2026-06-04T14:52:05.384041+00:00
[2026-06-04T07:59:00.457+0000] {processor.py:179} INFO - Processing /opt/airflow/dags/S3_UPLOAD_DAG.py took 0.077 seconds
[2026-06-04T07:59:30.549+0000] {processor.py:157} INFO - Started process (PID=1750) to work on /opt/airflow/dags/S3_UPLOAD_DAG.py
[2026-06-04T07:59:30.550+0000] {processor.py:829} INFO - Processing file /opt/airflow/dags/S3_UPLOAD_DAG.py for tasks to queue
[2026-06-04T07:59:30.551+0000] {logging_mixin.py:154} INFO - [2026-06-04T07:59:30.550+0000] {dagbag.py:536} INFO - Filling up the DagBag from /opt/airflow/dags/S3_UPLOAD_DAG.py
[2026-06-04T07:59:30.561+0000] {processor.py:839} INFO - DAG(s) dict_keys(['daily_vulnerability_ingestion']) retrieved from /opt/airflow/dags/S3_UPLOAD_DAG.py
[2026-06-04T07:59:30.580+0000] {logging_mixin.py:154} INFO - [2026-06-04T07:59:30.580+0000] {dag.py:2941} INFO - Sync 1 DAGs
[2026-06-04T07:59:30.597+0000] {logging_mixin.py:154} INFO - [2026-06-04T07:59:30.597+0000] {dag.py:3722} INFO - Setting next_dagrun for daily_vulnerability_ingestion to 2026-06-03T14:52:05.384041+00:00, run_after=2026-06-04T14:52:05.384041+00:00
[2026-06-04T07:59:30.611+0000] {processor.py:179} INFO - Processing /opt/airflow/dags/S3_UPLOAD_DAG.py took 0.066 seconds
[2026-06-04T08:00:00.699+0000] {processor.py:157} INFO - Started process (PID=1755) to work on /opt/airflow/dags/S3_UPLOAD_DAG.py
[2026-06-04T08:00:00.708+0000] {processor.py:829} INFO - Processing file /opt/airflow/dags/S3_UPLOAD_DAG.py for tasks to queue
[2026-06-04T08:00:00.709+0000] {logging_mixin.py:154} INFO - [2026-06-04T08:00:00.709+0000] {dagbag.py:536} INFO - Filling up the DagBag from /opt/airflow/dags/S3_UPLOAD_DAG.py
[2026-06-04T08:00:00.728+0000] {processor.py:839} INFO - DAG(s) dict_keys(['daily_vulnerability_ingestion']) retrieved from /opt/airflow/dags/S3_UPLOAD_DAG.py
[2026-06-04T08:00:00.753+0000] {logging_mixin.py:154} INFO - [2026-06-04T08:00:00.753+0000] {dag.py:2941} INFO - Sync 1 DAGs
[2026-06-04T08:00:00.772+0000] {logging_mixin.py:154} INFO - [2026-06-04T08:00:00.772+0000] {dag.py:3722} INFO - Setting next_dagrun for daily_vulnerability_ingestion to 2026-06-03T14:52:05.384041+00:00, run_after=2026-06-04T14:52:05.384041+00:00
[2026-06-04T08:00:00.785+0000] {processor.py:179} INFO - Processing /opt/airflow/dags/S3_UPLOAD_DAG.py took 0.090 seconds
[2026-06-04T08:00:30.889+0000] {processor.py:157} INFO - Started process (PID=1760) to work on /opt/airflow/dags/S3_UPLOAD_DAG.py
[2026-06-04T08:00:30.897+0000] {processor.py:829} INFO - Processing file /opt/airflow/dags/S3_UPLOAD_DAG.py for tasks to queue
[2026-06-04T08:00:30.898+0000] {logging_mixin.py:154} INFO - [2026-06-04T08:00:30.898+0000] {dagbag.py:536} INFO - Filling up the DagBag from /opt/airflow/dags/S3_UPLOAD_DAG.py
[2026-06-04T08:00:30.908+0000] {processor.py:839} INFO - DAG(s) dict_keys(['daily_vulnerability_ingestion']) retrieved from /opt/airflow/dags/S3_UPLOAD_DAG.py
[2026-06-04T08:00:30.927+0000] {logging_mixin.py:154} INFO - [2026-06-04T08:00:30.927+0000] {dag.py:2941} INFO - Sync 1 DAGs
[2026-06-04T08:00:30.945+0000] {logging_mixin.py:154} INFO - [2026-06-04T08:00:30.945+0000] {dag.py:3722} INFO - Setting next_dagrun for daily_vulnerability_ingestion to 2026-06-03T14:52:05.384041+00:00, run_after=2026-06-04T14:52:05.384041+00:00
[2026-06-04T08:00:30.957+0000] {processor.py:179} INFO - Processing /opt/airflow/dags/S3_UPLOAD_DAG.py took 0.071 seconds
[2026-06-04T08:01:01.040+0000] {processor.py:157} INFO - Started process (PID=1765) to work on /opt/airflow/dags/S3_UPLOAD_DAG.py
[2026-06-04T08:01:01.040+0000] {processor.py:829} INFO - Processing file /opt/airflow/dags/S3_UPLOAD_DAG.py for tasks to queue
[2026-06-04T08:01:01.042+0000] {logging_mixin.py:154} INFO - [2026-06-04T08:01:01.041+0000] {dagbag.py:536} INFO - Filling up the DagBag from /opt/airflow/dags/S3_UPLOAD_DAG.py
[2026-06-04T08:01:01.054+0000] {processor.py:839} INFO - DAG(s) dict_keys(['daily_vulnerability_ingestion']) retrieved from /opt/airflow/dags/S3_UPLOAD_DAG.py
[2026-06-04T08:01:01.079+0000] {logging_mixin.py:154} INFO - [2026-06-04T08:01:01.079+0000] {dag.py:2941} INFO - Sync 1 DAGs
[2026-06-04T08:01:01.099+0000] {logging_mixin.py:154} INFO - [2026-06-04T08:01:01.099+0000] {dag.py:3722} INFO - Setting next_dagrun for daily_vulnerability_ingestion to 2026-06-03T14:52:05.384041+00:00, run_after=2026-06-04T14:52:05.384041+00:00
[2026-06-04T08:01:01.116+0000] {processor.py:179} INFO - Processing /opt/airflow/dags/S3_UPLOAD_DAG.py took 0.079 seconds
[2026-06-04T08:01:31.234+0000] {processor.py:157} INFO - Started process (PID=1770) to work on /opt/airflow/dags/S3_UPLOAD_DAG.py
[2026-06-04T08:01:31.234+0000] {processor.py:829} INFO - Processing file /opt/airflow/dags/S3_UPLOAD_DAG.py for tasks to queue
[2026-06-04T08:01:31.235+0000] {logging_mixin.py:154} INFO - [2026-06-04T08:01:31.235+0000] {dagbag.py:536} INFO - Filling up the DagBag from /opt/airflow/dags/S3_UPLOAD_DAG.py
[2026-06-04T08:01:31.249+0000] {processor.py:839} INFO - DAG(s) dict_keys(['daily_vulnerability_ingestion']) retrieved from /opt/airflow/dags/S3_UPLOAD_DAG.py
[2026-06-04T08:01:31.275+0000] {logging_mixin.py:154} INFO - [2026-06-04T08:01:31.274+0000] {dag.py:2941} INFO - Sync 1 DAGs
[2026-06-04T08:01:31.296+0000] {logging_mixin.py:154} INFO - [2026-06-04T08:01:31.296+0000] {dag.py:3722} INFO - Setting next_dagrun for daily_vulnerability_ingestion to 2026-06-03T14:52:05.384041+00:00, run_after=2026-06-04T14:52:05.384041+00:00
[2026-06-04T08:01:31.395+0000] {processor.py:179} INFO - Processing /opt/airflow/dags/S3_UPLOAD_DAG.py took 0.164 seconds
[2026-06-04T08:02:01.450+0000] {processor.py:157} INFO - Started process (PID=1775) to work on /opt/airflow/dags/S3_UPLOAD_DAG.py
[2026-06-04T08:02:01.452+0000] {processor.py:829} INFO - Processing file /opt/airflow/dags/S3_UPLOAD_DAG.py for tasks to queue
[2026-06-04T08:02:01.453+0000] {logging_mixin.py:154} INFO - [2026-06-04T08:02:01.452+0000] {dagbag.py:536} INFO - Filling up the DagBag from /opt/airflow/dags/S3_UPLOAD_DAG.py
[2026-06-04T08:02:01.468+0000] {processor.py:839} INFO - DAG(s) dict_keys(['daily_vulnerability_ingestion']) retrieved from /opt/airflow/dags/S3_UPLOAD_DAG.py
[2026-06-04T08:02:01.488+0000] {logging_mixin.py:154} INFO - [2026-06-04T08:02:01.488+0000] {dag.py:2941} INFO - Sync 1 DAGs
[2026-06-04T08:02:01.505+0000] {logging_mixin.py:154} INFO - [2026-06-04T08:02:01.504+0000] {dag.py:3722} INFO - Setting next_dagrun for daily_vulnerability_ingestion to 2026-06-03T14:52:05.384041+00:00, run_after=2026-06-04T14:52:05.384041+00:00
[2026-06-04T08:02:01.516+0000] {processor.py:179} INFO - Processing /opt/airflow/dags/S3_UPLOAD_DAG.py took 0.073 seconds
[2026-06-04T08:02:31.618+0000] {processor.py:157} INFO - Started process (PID=1780) to work on /opt/airflow/dags/S3_UPLOAD_DAG.py
[2026-06-04T08:02:31.626+0000] {processor.py:829} INFO - Processing file /opt/airflow/dags/S3_UPLOAD_DAG.py for tasks to queue
[2026-06-04T08:02:31.627+0000] {logging_mixin.py:154} INFO - [2026-06-04T08:02:31.627+0000] {dagbag.py:536} INFO - Filling up the DagBag from /opt/airflow/dags/S3_UPLOAD_DAG.py
[2026-06-04T08:02:31.638+0000] {processor.py:839} INFO - DAG(s) dict_keys(['daily_vulnerability_ingestion']) retrieved from /opt/airflow/dags/S3_UPLOAD_DAG.py
[2026-06-04T08:02:31.659+0000] {logging_mixin.py:154} INFO - [2026-06-04T08:02:31.658+0000] {dag.py:2941} INFO - Sync 1 DAGs
[2026-06-04T08:02:31.676+0000] {logging_mixin.py:154} INFO - [2026-06-04T08:02:31.675+0000] {dag.py:3722} INFO - Setting next_dagrun for daily_vulnerability_ingestion to 2026-06-03T14:52:05.384041+00:00, run_after=2026-06-04T14:52:05.384041+00:00
[2026-06-04T08:02:31.690+0000] {processor.py:179} INFO - Processing /opt/airflow/dags/S3_UPLOAD_DAG.py took 0.077 seconds
[2026-06-04T08:03:01.783+0000] {processor.py:157} INFO - Started process (PID=1785) to work on /opt/airflow/dags/S3_UPLOAD_DAG.py
[2026-06-04T08:03:01.783+0000] {processor.py:829} INFO - Processing file /opt/airflow/dags/S3_UPLOAD_DAG.py for tasks to queue
[2026-06-04T08:03:01.784+0000] {logging_mixin.py:154} INFO - [2026-06-04T08:03:01.784+0000] {dagbag.py:536} INFO - Filling up the DagBag from /opt/airflow/dags/S3_UPLOAD_DAG.py
[2026-06-04T08:03:01.795+0000] {processor.py:839} INFO - DAG(s) dict_keys(['daily_vulnerability_ingestion']) retrieved from /opt/airflow/dags/S3_UPLOAD_DAG.py
[2026-06-04T08:03:01.814+0000] {logging_mixin.py:154} INFO - [2026-06-04T08:03:01.813+0000] {dag.py:2941} INFO - Sync 1 DAGs
[2026-06-04T08:03:01.831+0000] {logging_mixin.py:154} INFO - [2026-06-04T08:03:01.831+0000] {dag.py:3722} INFO - Setting next_dagrun for daily_vulnerability_ingestion to 2026-06-03T14:52:05.384041+00:00, run_after=2026-06-04T14:52:05.384041+00:00
[2026-06-04T08:03:01.844+0000] {processor.py:179} INFO - Processing /opt/airflow/dags/S3_UPLOAD_DAG.py took 0.063 seconds
[2026-06-04T08:03:31.925+0000] {processor.py:157} INFO - Started process (PID=1790) to work on /opt/airflow/dags/S3_UPLOAD_DAG.py
[2026-06-04T08:03:31.926+0000] {processor.py:829} INFO - Processing file /opt/airflow/dags/S3_UPLOAD_DAG.py for tasks to queue
[2026-06-04T08:03:31.926+0000] {logging_mixin.py:154} INFO - [2026-06-04T08:03:31.926+0000] {dagbag.py:536} INFO - Filling up the DagBag from /opt/airflow/dags/S3_UPLOAD_DAG.py
[2026-06-04T08:03:31.939+0000] {processor.py:839} INFO - DAG(s) dict_keys(['daily_vulnerability_ingestion']) retrieved from /opt/airflow/dags/S3_UPLOAD_DAG.py
[2026-06-04T08:03:31.964+0000] {logging_mixin.py:154} INFO - [2026-06-04T08:03:31.963+0000] {dag.py:2941} INFO - Sync 1 DAGs
[2026-06-04T08:03:31.985+0000] {logging_mixin.py:154} INFO - [2026-06-04T08:03:31.985+0000] {dag.py:3722} INFO - Setting next_dagrun for daily_vulnerability_ingestion to 2026-06-03T14:52:05.384041+00:00, run_after=2026-06-04T14:52:05.384041+00:00
[2026-06-04T08:03:32.002+0000] {processor.py:179} INFO - Processing /opt/airflow/dags/S3_UPLOAD_DAG.py took 0.081 seconds
[2026-06-04T08:04:02.088+0000] {processor.py:157} INFO - Started process (PID=1795) to work on /opt/airflow/dags/S3_UPLOAD_DAG.py
[2026-06-04T08:04:02.088+0000] {processor.py:829} INFO - Processing file /opt/airflow/dags/S3_UPLOAD_DAG.py for tasks to queue
[2026-06-04T08:04:02.089+0000] {logging_mixin.py:154} INFO - [2026-06-04T08:04:02.089+0000] {dagbag.py:536} INFO - Filling up the DagBag from /opt/airflow/dags/S3_UPLOAD_DAG.py
[2026-06-04T08:04:02.102+0000] {processor.py:839} INFO - DAG(s) dict_keys(['daily_vulnerability_ingestion']) retrieved from /opt/airflow/dags/S3_UPLOAD_DAG.py
[2026-06-04T08:04:02.124+0000] {logging_mixin.py:154} INFO - [2026-06-04T08:04:02.124+0000] {dag.py:2941} INFO - Sync 1 DAGs
[2026-06-04T08:04:02.222+0000] {logging_mixin.py:154} INFO - [2026-06-04T08:04:02.222+0000] {dag.py:3722} INFO - Setting next_dagrun for daily_vulnerability_ingestion to 2026-06-03T14:52:05.384041+00:00, run_after=2026-06-04T14:52:05.384041+00:00
[2026-06-04T08:04:02.264+0000] {processor.py:179} INFO - Processing /opt/airflow/dags/S3_UPLOAD_DAG.py took 0.179 seconds
[2026-06-04T08:04:32.427+0000] {processor.py:157} INFO - Started process (PID=1800) to work on /opt/airflow/dags/S3_UPLOAD_DAG.py
[2026-06-04T08:04:32.436+0000] {processor.py:829} INFO - Processing file /opt/airflow/dags/S3_UPLOAD_DAG.py for tasks to queue
[2026-06-04T08:04:32.437+0000] {logging_mixin.py:154} INFO - [2026-06-04T08:04:32.437+0000] {dagbag.py:536} INFO - Filling up the DagBag from /opt/airflow/dags/S3_UPLOAD_DAG.py
[2026-06-04T08:04:32.452+0000] {processor.py:839} INFO - DAG(s) dict_keys(['daily_vulnerability_ingestion']) retrieved from /opt/airflow/dags/S3_UPLOAD_DAG.py
[2026-06-04T08:04:32.472+0000] {logging_mixin.py:154} INFO - [2026-06-04T08:04:32.471+0000] {dag.py:2941} INFO - Sync 1 DAGs
[2026-06-04T08:04:32.488+0000] {logging_mixin.py:154} INFO - [2026-06-04T08:04:32.487+0000] {dag.py:3722} INFO - Setting next_dagrun for daily_vulnerability_ingestion to 2026-06-03T14:52:05.384041+00:00, run_after=2026-06-04T14:52:05.384041+00:00
[2026-06-04T08:04:32.500+0000] {processor.py:179} INFO - Processing /opt/airflow/dags/S3_UPLOAD_DAG.py took 0.078 seconds
[2026-06-04T08:05:02.590+0000] {processor.py:157} INFO - Started process (PID=1805) to work on /opt/airflow/dags/S3_UPLOAD_DAG.py
[2026-06-04T08:05:02.591+0000] {processor.py:829} INFO - Processing file /opt/airflow/dags/S3_UPLOAD_DAG.py for tasks to queue
[2026-06-04T08:05:02.592+0000] {logging_mixin.py:154} INFO - [2026-06-04T08:05:02.591+0000] {dagbag.py:536} INFO - Filling up the DagBag from /opt/airflow/dags/S3_UPLOAD_DAG.py
[2026-06-04T08:05:02.602+0000] {processor.py:839} INFO - DAG(s) dict_keys(['daily_vulnerability_ingestion']) retrieved from /opt/airflow/dags/S3_UPLOAD_DAG.py
[2026-06-04T08:05:02.620+0000] {logging_mixin.py:154} INFO - [2026-06-04T08:05:02.620+0000] {dag.py:2941} INFO - Sync 1 DAGs
[2026-06-04T08:05:02.635+0000] {logging_mixin.py:154} INFO - [2026-06-04T08:05:02.635+0000] {dag.py:3722} INFO - Setting next_dagrun for daily_vulnerability_ingestion to 2026-06-03T14:52:05.384041+00:00, run_after=2026-06-04T14:52:05.384041+00:00
[2026-06-04T08:05:02.728+0000] {processor.py:179} INFO - Processing /opt/airflow/dags/S3_UPLOAD_DAG.py took 0.142 seconds
[2026-06-04T08:05:32.847+0000] {processor.py:157} INFO - Started process (PID=1810) to work on /opt/airflow/dags/S3_UPLOAD_DAG.py
[2026-06-04T08:05:32.848+0000] {processor.py:829} INFO - Processing file /opt/airflow/dags/S3_UPLOAD_DAG.py for tasks to queue
[2026-06-04T08:05:32.850+0000] {logging_mixin.py:154} INFO - [2026-06-04T08:05:32.850+0000] {dagbag.py:536} INFO - Filling up the DagBag from /opt/airflow/dags/S3_UPLOAD_DAG.py
[2026-06-04T08:05:32.867+0000] {processor.py:839} INFO - DAG(s) dict_keys(['daily_vulnerability_ingestion']) retrieved from /opt/airflow/dags/S3_UPLOAD_DAG.py
[2026-06-04T08:05:32.887+0000] {logging_mixin.py:154} INFO - [2026-06-04T08:05:32.887+0000] {dag.py:2941} INFO - Sync 1 DAGs
[2026-06-04T08:05:32.978+0000] {logging_mixin.py:154} INFO - [2026-06-04T08:05:32.978+0000] {dag.py:3722} INFO - Setting next_dagrun for daily_vulnerability_ingestion to 2026-06-03T14:52:05.384041+00:00, run_after=2026-06-04T14:52:05.384041+00:00
[2026-06-04T08:05:33.010+0000] {processor.py:179} INFO - Processing /opt/airflow/dags/S3_UPLOAD_DAG.py took 0.172 seconds
[2026-06-04T08:06:03.066+0000] {processor.py:157} INFO - Started process (PID=1815) to work on /opt/airflow/dags/S3_UPLOAD_DAG.py
[2026-06-04T08:06:03.068+0000] {processor.py:829} INFO - Processing file /opt/airflow/dags/S3_UPLOAD_DAG.py for tasks to queue
[2026-06-04T08:06:03.069+0000] {logging_mixin.py:154} INFO - [2026-06-04T08:06:03.068+0000] {dagbag.py:536} INFO - Filling up the DagBag from /opt/airflow/dags/S3_UPLOAD_DAG.py
[2026-06-04T08:06:03.087+0000] {processor.py:839} INFO - DAG(s) dict_keys(['daily_vulnerability_ingestion']) retrieved from /opt/airflow/dags/S3_UPLOAD_DAG.py
[2026-06-04T08:06:03.106+0000] {logging_mixin.py:154} INFO - [2026-06-04T08:06:03.106+0000] {dag.py:2941} INFO - Sync 1 DAGs
[2026-06-04T08:06:03.122+0000] {logging_mixin.py:154} INFO - [2026-06-04T08:06:03.121+0000] {dag.py:3722} INFO - Setting next_dagrun for daily_vulnerability_ingestion to 2026-06-03T14:52:05.384041+00:00, run_after=2026-06-04T14:52:05.384041+00:00
[2026-06-04T08:06:03.135+0000] {processor.py:179} INFO - Processing /opt/airflow/dags/S3_UPLOAD_DAG.py took 0.074 seconds
[2026-06-04T08:06:33.236+0000] {processor.py:157} INFO - Started process (PID=1820) to work on /opt/airflow/dags/S3_UPLOAD_DAG.py
[2026-06-04T08:06:33.245+0000] {processor.py:829} INFO - Processing file /opt/airflow/dags/S3_UPLOAD_DAG.py for tasks to queue
[2026-06-04T08:06:33.246+0000] {logging_mixin.py:154} INFO - [2026-06-04T08:06:33.246+0000] {dagbag.py:536} INFO - Filling up the DagBag from /opt/airflow/dags/S3_UPLOAD_DAG.py
[2026-06-04T08:06:33.263+0000] {processor.py:839} INFO - DAG(s) dict_keys(['daily_vulnerability_ingestion']) retrieved from /opt/airflow/dags/S3_UPLOAD_DAG.py
[2026-06-04T08:06:33.284+0000] {logging_mixin.py:154} INFO - [2026-06-04T08:06:33.284+0000] {dag.py:2941} INFO - Sync 1 DAGs
[2026-06-04T08:06:33.380+0000] {logging_mixin.py:154} INFO - [2026-06-04T08:06:33.380+0000] {dag.py:3722} INFO - Setting next_dagrun for daily_vulnerability_ingestion to 2026-06-03T14:52:05.384041+00:00, run_after=2026-06-04T14:52:05.384041+00:00
[2026-06-04T08:06:33.416+0000] {processor.py:179} INFO - Processing /opt/airflow/dags/S3_UPLOAD_DAG.py took 0.184 seconds
[2026-06-04T08:07:03.476+0000] {processor.py:157} INFO - Started process (PID=1825) to work on /opt/airflow/dags/S3_UPLOAD_DAG.py
[2026-06-04T08:07:03.477+0000] {processor.py:829} INFO - Processing file /opt/airflow/dags/S3_UPLOAD_DAG.py for tasks to queue
[2026-06-04T08:07:03.478+0000] {logging_mixin.py:154} INFO - [2026-06-04T08:07:03.478+0000] {dagbag.py:536} INFO - Filling up the DagBag from /opt/airflow/dags/S3_UPLOAD_DAG.py
[2026-06-04T08:07:03.493+0000] {processor.py:839} INFO - DAG(s) dict_keys(['daily_vulnerability_ingestion']) retrieved from /opt/airflow/dags/S3_UPLOAD_DAG.py
[2026-06-04T08:07:03.602+0000] {logging_mixin.py:154} INFO - [2026-06-04T08:07:03.601+0000] {dag.py:2941} INFO - Sync 1 DAGs
[2026-06-04T08:07:03.619+0000] {logging_mixin.py:154} INFO - [2026-06-04T08:07:03.618+0000] {dag.py:3722} INFO - Setting next_dagrun for daily_vulnerability_ingestion to 2026-06-03T14:52:05.384041+00:00, run_after=2026-06-04T14:52:05.384041+00:00
[2026-06-04T08:07:03.640+0000] {processor.py:179} INFO - Processing /opt/airflow/dags/S3_UPLOAD_DAG.py took 0.169 seconds
[2026-06-04T08:07:33.696+0000] {processor.py:157} INFO - Started process (PID=1830) to work on /opt/airflow/dags/S3_UPLOAD_DAG.py
[2026-06-04T08:07:33.697+0000] {processor.py:829} INFO - Processing file /opt/airflow/dags/S3_UPLOAD_DAG.py for tasks to queue
[2026-06-04T08:07:33.697+0000] {logging_mixin.py:154} INFO - [2026-06-04T08:07:33.697+0000] {dagbag.py:536} INFO - Filling up the DagBag from /opt/airflow/dags/S3_UPLOAD_DAG.py
[2026-06-04T08:07:33.708+0000] {processor.py:839} INFO - DAG(s) dict_keys(['daily_vulnerability_ingestion']) retrieved from /opt/airflow/dags/S3_UPLOAD_DAG.py
[2026-06-04T08:07:33.733+0000] {logging_mixin.py:154} INFO - [2026-06-04T08:07:33.733+0000] {dag.py:2941} INFO - Sync 1 DAGs
[2026-06-04T08:07:33.755+0000] {logging_mixin.py:154} INFO - [2026-06-04T08:07:33.755+0000] {dag.py:3722} INFO - Setting next_dagrun for daily_vulnerability_ingestion to 2026-06-03T14:52:05.384041+00:00, run_after=2026-06-04T14:52:05.384041+00:00
[2026-06-04T08:07:33.852+0000] {processor.py:179} INFO - Processing /opt/airflow/dags/S3_UPLOAD_DAG.py took 0.158 seconds
[2026-06-04T08:08:03.968+0000] {processor.py:157} INFO - Started process (PID=1835) to work on /opt/airflow/dags/S3_UPLOAD_DAG.py
[2026-06-04T08:08:03.968+0000] {processor.py:829} INFO - Processing file /opt/airflow/dags/S3_UPLOAD_DAG.py for tasks to queue
[2026-06-04T08:08:03.969+0000] {logging_mixin.py:154} INFO - [2026-06-04T08:08:03.969+0000] {dagbag.py:536} INFO - Filling up the DagBag from /opt/airflow/dags/S3_UPLOAD_DAG.py
[2026-06-04T08:08:03.982+0000] {processor.py:839} INFO - DAG(s) dict_keys(['daily_vulnerability_ingestion']) retrieved from /opt/airflow/dags/S3_UPLOAD_DAG.py
[2026-06-04T08:08:04.089+0000] {logging_mixin.py:154} INFO - [2026-06-04T08:08:04.089+0000] {dag.py:2941} INFO - Sync 1 DAGs
[2026-06-04T08:08:04.103+0000] {logging_mixin.py:154} INFO - [2026-06-04T08:08:04.103+0000] {dag.py:3722} INFO - Setting next_dagrun for daily_vulnerability_ingestion to 2026-06-03T14:52:05.384041+00:00, run_after=2026-06-04T14:52:05.384041+00:00
[2026-06-04T08:08:04.117+0000] {processor.py:179} INFO - Processing /opt/airflow/dags/S3_UPLOAD_DAG.py took 0.153 seconds
[2026-06-04T08:08:34.346+0000] {processor.py:157} INFO - Started process (PID=1840) to work on /opt/airflow/dags/S3_UPLOAD_DAG.py
[2026-06-04T08:08:34.354+0000] {processor.py:829} INFO - Processing file /opt/airflow/dags/S3_UPLOAD_DAG.py for tasks to queue
[2026-06-04T08:08:34.355+0000] {logging_mixin.py:154} INFO - [2026-06-04T08:08:34.355+0000] {dagbag.py:536} INFO - Filling up the DagBag from /opt/airflow/dags/S3_UPLOAD_DAG.py
[2026-06-04T08:08:34.366+0000] {processor.py:839} INFO - DAG(s) dict_keys(['daily_vulnerability_ingestion']) retrieved from /opt/airflow/dags/S3_UPLOAD_DAG.py
[2026-06-04T08:08:34.385+0000] {logging_mixin.py:154} INFO - [2026-06-04T08:08:34.384+0000] {dag.py:2941} INFO - Sync 1 DAGs
[2026-06-04T08:08:34.400+0000] {logging_mixin.py:154} INFO - [2026-06-04T08:08:34.400+0000] {dag.py:3722} INFO - Setting next_dagrun for daily_vulnerability_ingestion to 2026-06-03T14:52:05.384041+00:00, run_after=2026-06-04T14:52:05.384041+00:00
[2026-06-04T08:08:34.414+0000] {processor.py:179} INFO - Processing /opt/airflow/dags/S3_UPLOAD_DAG.py took 0.071 seconds
[2026-06-04T08:09:04.516+0000] {processor.py:157} INFO - Started process (PID=1845) to work on /opt/airflow/dags/S3_UPLOAD_DAG.py
[2026-06-04T08:09:04.516+0000] {processor.py:829} INFO - Processing file /opt/airflow/dags/S3_UPLOAD_DAG.py for tasks to queue
[2026-06-04T08:09:04.517+0000] {logging_mixin.py:154} INFO - [2026-06-04T08:09:04.517+0000] {dagbag.py:536} INFO - Filling up the DagBag from /opt/airflow/dags/S3_UPLOAD_DAG.py
[2026-06-04T08:09:04.533+0000] {processor.py:839} INFO - DAG(s) dict_keys(['daily_vulnerability_ingestion']) retrieved from /opt/airflow/dags/S3_UPLOAD_DAG.py
[2026-06-04T08:09:04.559+0000] {logging_mixin.py:154} INFO - [2026-06-04T08:09:04.559+0000] {dag.py:2941} INFO - Sync 1 DAGs
[2026-06-04T08:09:04.580+0000] {logging_mixin.py:154} INFO - [2026-06-04T08:09:04.580+0000] {dag.py:3722} INFO - Setting next_dagrun for daily_vulnerability_ingestion to 2026-06-03T14:52:05.384041+00:00, run_after=2026-06-04T14:52:05.384041+00:00
[2026-06-04T08:09:04.597+0000] {processor.py:179} INFO - Processing /opt/airflow/dags/S3_UPLOAD_DAG.py took 0.085 seconds
[2026-06-04T08:09:10.638+0000] {processor.py:157} INFO - Started process (PID=1850) to work on /opt/airflow/dags/S3_UPLOAD_DAG.py
[2026-06-04T08:09:10.647+0000] {processor.py:829} INFO - Processing file /opt/airflow/dags/S3_UPLOAD_DAG.py for tasks to queue
[2026-06-04T08:09:10.648+0000] {logging_mixin.py:154} INFO - [2026-06-04T08:09:10.648+0000] {dagbag.py:536} INFO - Filling up the DagBag from /opt/airflow/dags/S3_UPLOAD_DAG.py
[2026-06-04T08:09:10.661+0000] {processor.py:839} INFO - DAG(s) dict_keys(['daily_vulnerability_ingestion']) retrieved from /opt/airflow/dags/S3_UPLOAD_DAG.py
[2026-06-04T08:09:10.783+0000] {logging_mixin.py:154} INFO - [2026-06-04T08:09:10.783+0000] {dag.py:2941} INFO - Sync 1 DAGs
[2026-06-04T08:09:10.803+0000] {logging_mixin.py:154} INFO - [2026-06-04T08:09:10.802+0000] {dag.py:3722} INFO - Setting next_dagrun for daily_vulnerability_ingestion to 2026-06-03T14:52:05.384041+00:00, run_after=2026-06-04T14:52:05.384041+00:00
[2026-06-04T08:09:10.822+0000] {processor.py:179} INFO - Processing /opt/airflow/dags/S3_UPLOAD_DAG.py took 0.189 seconds
[2026-06-04T08:09:19.740+0000] {processor.py:157} INFO - Started process (PID=1855) to work on /opt/airflow/dags/S3_UPLOAD_DAG.py
[2026-06-04T08:09:19.742+0000] {processor.py:829} INFO - Processing file /opt/airflow/dags/S3_UPLOAD_DAG.py for tasks to queue
[2026-06-04T08:09:19.745+0000] {logging_mixin.py:154} INFO - [2026-06-04T08:09:19.744+0000] {dagbag.py:536} INFO - Filling up the DagBag from /opt/airflow/dags/S3_UPLOAD_DAG.py
[2026-06-04T08:09:19.788+0000] {processor.py:839} INFO - DAG(s) dict_keys(['daily_vulnerability_ingestion']) retrieved from /opt/airflow/dags/S3_UPLOAD_DAG.py
[2026-06-04T08:09:19.805+0000] {logging_mixin.py:154} INFO - [2026-06-04T08:09:19.805+0000] {dag.py:2941} INFO - Sync 1 DAGs
[2026-06-04T08:09:19.830+0000] {logging_mixin.py:154} INFO - [2026-06-04T08:09:19.830+0000] {dag.py:3722} INFO - Setting next_dagrun for daily_vulnerability_ingestion to 2026-06-03T14:52:05.384041+00:00, run_after=2026-06-04T14:52:05.384041+00:00
[2026-06-04T08:09:19.854+0000] {processor.py:179} INFO - Processing /opt/airflow/dags/S3_UPLOAD_DAG.py took 0.127 seconds
[2026-06-04T08:09:49.893+0000] {processor.py:157} INFO - Started process (PID=1860) to work on /opt/airflow/dags/S3_UPLOAD_DAG.py
[2026-06-04T08:09:49.894+0000] {processor.py:829} INFO - Processing file /opt/airflow/dags/S3_UPLOAD_DAG.py for tasks to queue
[2026-06-04T08:09:49.895+0000] {logging_mixin.py:154} INFO - [2026-06-04T08:09:49.894+0000] {dagbag.py:536} INFO - Filling up the DagBag from /opt/airflow/dags/S3_UPLOAD_DAG.py
[2026-06-04T08:09:49.908+0000] {processor.py:839} INFO - DAG(s) dict_keys(['daily_vulnerability_ingestion']) retrieved from /opt/airflow/dags/S3_UPLOAD_DAG.py
[2026-06-04T08:09:49.927+0000] {logging_mixin.py:154} INFO - [2026-06-04T08:09:49.927+0000] {dag.py:2941} INFO - Sync 1 DAGs
[2026-06-04T08:09:49.944+0000] {logging_mixin.py:154} INFO - [2026-06-04T08:09:49.943+0000] {dag.py:3722} INFO - Setting next_dagrun for daily_vulnerability_ingestion to 2026-06-03T14:52:05.384041+00:00, run_after=2026-06-04T14:52:05.384041+00:00
[2026-06-04T08:09:49.956+0000] {processor.py:179} INFO - Processing /opt/airflow/dags/S3_UPLOAD_DAG.py took 0.068 seconds
[2026-06-04T08:10:20.032+0000] {processor.py:157} INFO - Started process (PID=1865) to work on /opt/airflow/dags/S3_UPLOAD_DAG.py
[2026-06-04T08:10:20.032+0000] {processor.py:829} INFO - Processing file /opt/airflow/dags/S3_UPLOAD_DAG.py for tasks to queue
[2026-06-04T08:10:20.034+0000] {logging_mixin.py:154} INFO - [2026-06-04T08:10:20.033+0000] {dagbag.py:536} INFO - Filling up the DagBag from /opt/airflow/dags/S3_UPLOAD_DAG.py
[2026-06-04T08:10:20.044+0000] {processor.py:839} INFO - DAG(s) dict_keys(['daily_vulnerability_ingestion']) retrieved from /opt/airflow/dags/S3_UPLOAD_DAG.py
[2026-06-04T08:10:20.063+0000] {logging_mixin.py:154} INFO - [2026-06-04T08:10:20.063+0000] {dag.py:2941} INFO - Sync 1 DAGs
[2026-06-04T08:10:20.078+0000] {logging_mixin.py:154} INFO - [2026-06-04T08:10:20.078+0000] {dag.py:3722} INFO - Setting next_dagrun for daily_vulnerability_ingestion to 2026-06-03T14:52:05.384041+00:00, run_after=2026-06-04T14:52:05.384041+00:00
[2026-06-04T08:10:20.093+0000] {processor.py:179} INFO - Processing /opt/airflow/dags/S3_UPLOAD_DAG.py took 0.063 seconds
[2026-06-04T08:10:50.259+0000] {processor.py:157} INFO - Started process (PID=1870) to work on /opt/airflow/dags/S3_UPLOAD_DAG.py
[2026-06-04T08:10:50.268+0000] {processor.py:829} INFO - Processing file /opt/airflow/dags/S3_UPLOAD_DAG.py for tasks to queue
[2026-06-04T08:10:50.269+0000] {logging_mixin.py:154} INFO - [2026-06-04T08:10:50.269+0000] {dagbag.py:536} INFO - Filling up the DagBag from /opt/airflow/dags/S3_UPLOAD_DAG.py
[2026-06-04T08:10:50.280+0000] {processor.py:839} INFO - DAG(s) dict_keys(['daily_vulnerability_ingestion']) retrieved from /opt/airflow/dags/S3_UPLOAD_DAG.py
[2026-06-04T08:10:50.299+0000] {logging_mixin.py:154} INFO - [2026-06-04T08:10:50.299+0000] {dag.py:2941} INFO - Sync 1 DAGs
[2026-06-04T08:10:50.316+0000] {logging_mixin.py:154} INFO - [2026-06-04T08:10:50.315+0000] {dag.py:3722} INFO - Setting next_dagrun for daily_vulnerability_ingestion to 2026-06-03T14:52:05.384041+00:00, run_after=2026-06-04T14:52:05.384041+00:00
[2026-06-04T08:10:50.327+0000] {processor.py:179} INFO - Processing /opt/airflow/dags/S3_UPLOAD_DAG.py took 0.072 seconds
[2026-06-04T08:11:15.386+0000] {processor.py:157} INFO - Started process (PID=1875) to work on /opt/airflow/dags/S3_UPLOAD_DAG.py
[2026-06-04T08:11:15.387+0000] {processor.py:829} INFO - Processing file /opt/airflow/dags/S3_UPLOAD_DAG.py for tasks to queue
[2026-06-04T08:11:15.389+0000] {logging_mixin.py:154} INFO - [2026-06-04T08:11:15.388+0000] {dagbag.py:536} INFO - Filling up the DagBag from /opt/airflow/dags/S3_UPLOAD_DAG.py
[2026-06-04T08:11:15.408+0000] {logging_mixin.py:154} INFO - [2026-06-04T08:11:15.400+0000] {dagbag.py:346} ERROR - Failed to import: /opt/airflow/dags/S3_UPLOAD_DAG.py
Traceback (most recent call last):
  File "/opt/venv/lib/python3.10/site-packages/airflow/models/dagbag.py", line 342, in parse
    loader.exec_module(new_module)
  File "<frozen importlib._bootstrap_external>", line 883, in exec_module
  File "<frozen importlib._bootstrap>", line 241, in _call_with_frames_removed
  File "/opt/airflow/dags/S3_UPLOAD_DAG.py", line 288, in <module>
    task_validate = PythonOperator(task_id='validate_bronze', python_callable=validate_bronze,trigger_rule="none_failed", dag=dag)
NameError: name 'validate_bronze' is not defined
[2026-06-04T08:11:15.415+0000] {processor.py:841} WARNING - No viable dags retrieved from /opt/airflow/dags/S3_UPLOAD_DAG.py
[2026-06-04T08:11:15.429+0000] {processor.py:179} INFO - Processing /opt/airflow/dags/S3_UPLOAD_DAG.py took 0.050 seconds
[2026-06-04T08:11:45.608+0000] {processor.py:157} INFO - Started process (PID=1880) to work on /opt/airflow/dags/S3_UPLOAD_DAG.py
[2026-06-04T08:11:45.617+0000] {processor.py:829} INFO - Processing file /opt/airflow/dags/S3_UPLOAD_DAG.py for tasks to queue
[2026-06-04T08:11:45.618+0000] {logging_mixin.py:154} INFO - [2026-06-04T08:11:45.618+0000] {dagbag.py:536} INFO - Filling up the DagBag from /opt/airflow/dags/S3_UPLOAD_DAG.py
[2026-06-04T08:11:45.633+0000] {logging_mixin.py:154} INFO - [2026-06-04T08:11:45.626+0000] {dagbag.py:346} ERROR - Failed to import: /opt/airflow/dags/S3_UPLOAD_DAG.py
Traceback (most recent call last):
  File "/opt/venv/lib/python3.10/site-packages/airflow/models/dagbag.py", line 342, in parse
    loader.exec_module(new_module)
  File "<frozen importlib._bootstrap_external>", line 883, in exec_module
  File "<frozen importlib._bootstrap>", line 241, in _call_with_frames_removed
  File "/opt/airflow/dags/S3_UPLOAD_DAG.py", line 288, in <module>
    task_validate = PythonOperator(task_id='validate_bronze', python_callable=validate_bronze,trigger_rule="none_failed", dag=dag)
NameError: name 'validate_bronze' is not defined
[2026-06-04T08:11:45.639+0000] {processor.py:841} WARNING - No viable dags retrieved from /opt/airflow/dags/S3_UPLOAD_DAG.py
[2026-06-04T08:11:45.652+0000] {processor.py:179} INFO - Processing /opt/airflow/dags/S3_UPLOAD_DAG.py took 0.047 seconds
[2026-06-04T08:12:15.814+0000] {processor.py:157} INFO - Started process (PID=1885) to work on /opt/airflow/dags/S3_UPLOAD_DAG.py
[2026-06-04T08:12:15.815+0000] {processor.py:829} INFO - Processing file /opt/airflow/dags/S3_UPLOAD_DAG.py for tasks to queue
[2026-06-04T08:12:15.816+0000] {logging_mixin.py:154} INFO - [2026-06-04T08:12:15.815+0000] {dagbag.py:536} INFO - Filling up the DagBag from /opt/airflow/dags/S3_UPLOAD_DAG.py
[2026-06-04T08:12:15.834+0000] {logging_mixin.py:154} INFO - [2026-06-04T08:12:15.826+0000] {dagbag.py:346} ERROR - Failed to import: /opt/airflow/dags/S3_UPLOAD_DAG.py
Traceback (most recent call last):
  File "/opt/venv/lib/python3.10/site-packages/airflow/models/dagbag.py", line 342, in parse
    loader.exec_module(new_module)
  File "<frozen importlib._bootstrap_external>", line 883, in exec_module
  File "<frozen importlib._bootstrap>", line 241, in _call_with_frames_removed
  File "/opt/airflow/dags/S3_UPLOAD_DAG.py", line 288, in <module>
    task_validate = PythonOperator(task_id='validate_bronze', python_callable=validate_bronze,trigger_rule="none_failed", dag=dag)
NameError: name 'validate_bronze' is not defined
[2026-06-04T08:12:15.840+0000] {processor.py:841} WARNING - No viable dags retrieved from /opt/airflow/dags/S3_UPLOAD_DAG.py
[2026-06-04T08:12:15.853+0000] {processor.py:179} INFO - Processing /opt/airflow/dags/S3_UPLOAD_DAG.py took 0.045 seconds
[2026-06-04T08:12:46.056+0000] {processor.py:157} INFO - Started process (PID=1890) to work on /opt/airflow/dags/S3_UPLOAD_DAG.py
[2026-06-04T08:12:46.057+0000] {processor.py:829} INFO - Processing file /opt/airflow/dags/S3_UPLOAD_DAG.py for tasks to queue
[2026-06-04T08:12:46.058+0000] {logging_mixin.py:154} INFO - [2026-06-04T08:12:46.058+0000] {dagbag.py:536} INFO - Filling up the DagBag from /opt/airflow/dags/S3_UPLOAD_DAG.py
[2026-06-04T08:12:46.076+0000] {logging_mixin.py:154} INFO - [2026-06-04T08:12:46.068+0000] {dagbag.py:346} ERROR - Failed to import: /opt/airflow/dags/S3_UPLOAD_DAG.py
Traceback (most recent call last):
  File "/opt/venv/lib/python3.10/site-packages/airflow/models/dagbag.py", line 342, in parse
    loader.exec_module(new_module)
  File "<frozen importlib._bootstrap_external>", line 883, in exec_module
  File "<frozen importlib._bootstrap>", line 241, in _call_with_frames_removed
  File "/opt/airflow/dags/S3_UPLOAD_DAG.py", line 288, in <module>
    task_validate = PythonOperator(task_id='validate_bronze', python_callable=validate_bronze,trigger_rule="none_failed", dag=dag)
NameError: name 'validate_bronze' is not defined
[2026-06-04T08:12:46.082+0000] {processor.py:841} WARNING - No viable dags retrieved from /opt/airflow/dags/S3_UPLOAD_DAG.py
[2026-06-04T08:12:46.094+0000] {processor.py:179} INFO - Processing /opt/airflow/dags/S3_UPLOAD_DAG.py took 0.044 seconds
[2026-06-04T08:13:16.243+0000] {processor.py:157} INFO - Started process (PID=1895) to work on /opt/airflow/dags/S3_UPLOAD_DAG.py
[2026-06-04T08:13:16.243+0000] {processor.py:829} INFO - Processing file /opt/airflow/dags/S3_UPLOAD_DAG.py for tasks to queue
[2026-06-04T08:13:16.244+0000] {logging_mixin.py:154} INFO - [2026-06-04T08:13:16.244+0000] {dagbag.py:536} INFO - Filling up the DagBag from /opt/airflow/dags/S3_UPLOAD_DAG.py
[2026-06-04T08:13:16.264+0000] {logging_mixin.py:154} INFO - [2026-06-04T08:13:16.255+0000] {dagbag.py:346} ERROR - Failed to import: /opt/airflow/dags/S3_UPLOAD_DAG.py
Traceback (most recent call last):
  File "/opt/venv/lib/python3.10/site-packages/airflow/models/dagbag.py", line 342, in parse
    loader.exec_module(new_module)
  File "<frozen importlib._bootstrap_external>", line 883, in exec_module
  File "<frozen importlib._bootstrap>", line 241, in _call_with_frames_removed
  File "/opt/airflow/dags/S3_UPLOAD_DAG.py", line 288, in <module>
    task_validate = PythonOperator(task_id='validate_bronze', python_callable=validate_bronze,trigger_rule="none_failed", dag=dag)
NameError: name 'validate_bronze' is not defined
[2026-06-04T08:13:16.271+0000] {processor.py:841} WARNING - No viable dags retrieved from /opt/airflow/dags/S3_UPLOAD_DAG.py
[2026-06-04T08:13:16.284+0000] {processor.py:179} INFO - Processing /opt/airflow/dags/S3_UPLOAD_DAG.py took 0.047 seconds
[2026-06-04T08:13:46.400+0000] {processor.py:157} INFO - Started process (PID=1900) to work on /opt/airflow/dags/S3_UPLOAD_DAG.py
[2026-06-04T08:13:46.408+0000] {processor.py:829} INFO - Processing file /opt/airflow/dags/S3_UPLOAD_DAG.py for tasks to queue
[2026-06-04T08:13:46.409+0000] {logging_mixin.py:154} INFO - [2026-06-04T08:13:46.409+0000] {dagbag.py:536} INFO - Filling up the DagBag from /opt/airflow/dags/S3_UPLOAD_DAG.py
[2026-06-04T08:13:46.424+0000] {logging_mixin.py:154} INFO - [2026-06-04T08:13:46.416+0000] {dagbag.py:346} ERROR - Failed to import: /opt/airflow/dags/S3_UPLOAD_DAG.py
Traceback (most recent call last):
  File "/opt/venv/lib/python3.10/site-packages/airflow/models/dagbag.py", line 342, in parse
    loader.exec_module(new_module)
  File "<frozen importlib._bootstrap_external>", line 883, in exec_module
  File "<frozen importlib._bootstrap>", line 241, in _call_with_frames_removed
  File "/opt/airflow/dags/S3_UPLOAD_DAG.py", line 288, in <module>
    task_validate = PythonOperator(task_id='validate_bronze', python_callable=validate_bronze,trigger_rule="none_failed", dag=dag)
NameError: name 'validate_bronze' is not defined
[2026-06-04T08:13:46.431+0000] {processor.py:841} WARNING - No viable dags retrieved from /opt/airflow/dags/S3_UPLOAD_DAG.py
[2026-06-04T08:13:46.444+0000] {processor.py:179} INFO - Processing /opt/airflow/dags/S3_UPLOAD_DAG.py took 0.047 seconds
[2026-06-04T08:14:16.624+0000] {processor.py:157} INFO - Started process (PID=1905) to work on /opt/airflow/dags/S3_UPLOAD_DAG.py
[2026-06-04T08:14:16.625+0000] {processor.py:829} INFO - Processing file /opt/airflow/dags/S3_UPLOAD_DAG.py for tasks to queue
[2026-06-04T08:14:16.627+0000] {logging_mixin.py:154} INFO - [2026-06-04T08:14:16.626+0000] {dagbag.py:536} INFO - Filling up the DagBag from /opt/airflow/dags/S3_UPLOAD_DAG.py
[2026-06-04T08:14:16.645+0000] {logging_mixin.py:154} INFO - [2026-06-04T08:14:16.637+0000] {dagbag.py:346} ERROR - Failed to import: /opt/airflow/dags/S3_UPLOAD_DAG.py
Traceback (most recent call last):
  File "/opt/venv/lib/python3.10/site-packages/airflow/models/dagbag.py", line 342, in parse
    loader.exec_module(new_module)
  File "<frozen importlib._bootstrap_external>", line 883, in exec_module
  File "<frozen importlib._bootstrap>", line 241, in _call_with_frames_removed
  File "/opt/airflow/dags/S3_UPLOAD_DAG.py", line 288, in <module>
    task_validate = PythonOperator(task_id='validate_bronze', python_callable=validate_bronze,trigger_rule="none_failed", dag=dag)
NameError: name 'validate_bronze' is not defined
[2026-06-04T08:14:16.652+0000] {processor.py:841} WARNING - No viable dags retrieved from /opt/airflow/dags/S3_UPLOAD_DAG.py
[2026-06-04T08:14:16.665+0000] {processor.py:179} INFO - Processing /opt/airflow/dags/S3_UPLOAD_DAG.py took 0.047 seconds
[2026-06-04T08:14:46.787+0000] {processor.py:157} INFO - Started process (PID=1910) to work on /opt/airflow/dags/S3_UPLOAD_DAG.py
[2026-06-04T08:14:46.793+0000] {processor.py:829} INFO - Processing file /opt/airflow/dags/S3_UPLOAD_DAG.py for tasks to queue
[2026-06-04T08:14:46.794+0000] {logging_mixin.py:154} INFO - [2026-06-04T08:14:46.794+0000] {dagbag.py:536} INFO - Filling up the DagBag from /opt/airflow/dags/S3_UPLOAD_DAG.py
[2026-06-04T08:14:46.812+0000] {logging_mixin.py:154} INFO - [2026-06-04T08:14:46.804+0000] {dagbag.py:346} ERROR - Failed to import: /opt/airflow/dags/S3_UPLOAD_DAG.py
Traceback (most recent call last):
  File "/opt/venv/lib/python3.10/site-packages/airflow/models/dagbag.py", line 342, in parse
    loader.exec_module(new_module)
  File "<frozen importlib._bootstrap_external>", line 883, in exec_module
  File "<frozen importlib._bootstrap>", line 241, in _call_with_frames_removed
  File "/opt/airflow/dags/S3_UPLOAD_DAG.py", line 288, in <module>
    task_validate = PythonOperator(task_id='validate_bronze', python_callable=validate_bronze,trigger_rule="none_failed", dag=dag)
NameError: name 'validate_bronze' is not defined
[2026-06-04T08:14:46.817+0000] {processor.py:841} WARNING - No viable dags retrieved from /opt/airflow/dags/S3_UPLOAD_DAG.py
[2026-06-04T08:14:46.831+0000] {processor.py:179} INFO - Processing /opt/airflow/dags/S3_UPLOAD_DAG.py took 0.048 seconds
[2026-06-04T08:15:16.909+0000] {processor.py:157} INFO - Started process (PID=1915) to work on /opt/airflow/dags/S3_UPLOAD_DAG.py
[2026-06-04T08:15:16.909+0000] {processor.py:829} INFO - Processing file /opt/airflow/dags/S3_UPLOAD_DAG.py for tasks to queue
[2026-06-04T08:15:16.910+0000] {logging_mixin.py:154} INFO - [2026-06-04T08:15:16.909+0000] {dagbag.py:536} INFO - Filling up the DagBag from /opt/airflow/dags/S3_UPLOAD_DAG.py
[2026-06-04T08:15:16.923+0000] {logging_mixin.py:154} INFO - [2026-06-04T08:15:16.916+0000] {dagbag.py:346} ERROR - Failed to import: /opt/airflow/dags/S3_UPLOAD_DAG.py
Traceback (most recent call last):
  File "/opt/venv/lib/python3.10/site-packages/airflow/models/dagbag.py", line 342, in parse
    loader.exec_module(new_module)
  File "<frozen importlib._bootstrap_external>", line 883, in exec_module
  File "<frozen importlib._bootstrap>", line 241, in _call_with_frames_removed
  File "/opt/airflow/dags/S3_UPLOAD_DAG.py", line 288, in <module>
    task_validate = PythonOperator(task_id='validate_bronze', python_callable=validate_bronze,trigger_rule="none_failed", dag=dag)
NameError: name 'validate_bronze' is not defined
[2026-06-04T08:15:16.929+0000] {processor.py:841} WARNING - No viable dags retrieved from /opt/airflow/dags/S3_UPLOAD_DAG.py
[2026-06-04T08:15:16.943+0000] {processor.py:179} INFO - Processing /opt/airflow/dags/S3_UPLOAD_DAG.py took 0.036 seconds
[2026-06-04T08:15:17.962+0000] {processor.py:157} INFO - Started process (PID=1920) to work on /opt/airflow/dags/S3_UPLOAD_DAG.py
[2026-06-04T08:15:17.962+0000] {processor.py:829} INFO - Processing file /opt/airflow/dags/S3_UPLOAD_DAG.py for tasks to queue
[2026-06-04T08:15:17.963+0000] {logging_mixin.py:154} INFO - [2026-06-04T08:15:17.963+0000] {dagbag.py:536} INFO - Filling up the DagBag from /opt/airflow/dags/S3_UPLOAD_DAG.py
[2026-06-04T08:15:17.975+0000] {processor.py:839} INFO - DAG(s) dict_keys(['daily_vulnerability_ingestion']) retrieved from /opt/airflow/dags/S3_UPLOAD_DAG.py
[2026-06-04T08:15:18.056+0000] {logging_mixin.py:154} INFO - [2026-06-04T08:15:18.056+0000] {dag.py:2941} INFO - Sync 1 DAGs
[2026-06-04T08:15:18.073+0000] {logging_mixin.py:154} INFO - [2026-06-04T08:15:18.072+0000] {dag.py:3722} INFO - Setting next_dagrun for daily_vulnerability_ingestion to 2026-06-03T14:52:05.384041+00:00, run_after=2026-06-04T14:52:05.384041+00:00
[2026-06-04T08:15:18.101+0000] {processor.py:179} INFO - Processing /opt/airflow/dags/S3_UPLOAD_DAG.py took 0.142 seconds
[2026-06-04T08:15:48.248+0000] {processor.py:157} INFO - Started process (PID=1925) to work on /opt/airflow/dags/S3_UPLOAD_DAG.py
[2026-06-04T08:15:48.257+0000] {processor.py:829} INFO - Processing file /opt/airflow/dags/S3_UPLOAD_DAG.py for tasks to queue
[2026-06-04T08:15:48.258+0000] {logging_mixin.py:154} INFO - [2026-06-04T08:15:48.257+0000] {dagbag.py:536} INFO - Filling up the DagBag from /opt/airflow/dags/S3_UPLOAD_DAG.py
[2026-06-04T08:15:48.272+0000] {processor.py:839} INFO - DAG(s) dict_keys(['daily_vulnerability_ingestion']) retrieved from /opt/airflow/dags/S3_UPLOAD_DAG.py
[2026-06-04T08:15:48.290+0000] {logging_mixin.py:154} INFO - [2026-06-04T08:15:48.290+0000] {dag.py:2941} INFO - Sync 1 DAGs
[2026-06-04T08:15:48.305+0000] {logging_mixin.py:154} INFO - [2026-06-04T08:15:48.305+0000] {dag.py:3722} INFO - Setting next_dagrun for daily_vulnerability_ingestion to 2026-06-03T14:52:05.384041+00:00, run_after=2026-06-04T14:52:05.384041+00:00
[2026-06-04T08:15:48.317+0000] {processor.py:179} INFO - Processing /opt/airflow/dags/S3_UPLOAD_DAG.py took 0.074 seconds
[2026-06-04T08:16:18.406+0000] {processor.py:157} INFO - Started process (PID=1930) to work on /opt/airflow/dags/S3_UPLOAD_DAG.py
[2026-06-04T08:16:18.407+0000] {processor.py:829} INFO - Processing file /opt/airflow/dags/S3_UPLOAD_DAG.py for tasks to queue
[2026-06-04T08:16:18.408+0000] {logging_mixin.py:154} INFO - [2026-06-04T08:16:18.407+0000] {dagbag.py:536} INFO - Filling up the DagBag from /opt/airflow/dags/S3_UPLOAD_DAG.py
[2026-06-04T08:16:18.422+0000] {processor.py:839} INFO - DAG(s) dict_keys(['daily_vulnerability_ingestion']) retrieved from /opt/airflow/dags/S3_UPLOAD_DAG.py
[2026-06-04T08:16:18.446+0000] {logging_mixin.py:154} INFO - [2026-06-04T08:16:18.446+0000] {dag.py:2941} INFO - Sync 1 DAGs
[2026-06-04T08:16:18.466+0000] {logging_mixin.py:154} INFO - [2026-06-04T08:16:18.466+0000] {dag.py:3722} INFO - Setting next_dagrun for daily_vulnerability_ingestion to 2026-06-03T14:52:05.384041+00:00, run_after=2026-06-04T14:52:05.384041+00:00
[2026-06-04T08:16:18.484+0000] {processor.py:179} INFO - Processing /opt/airflow/dags/S3_UPLOAD_DAG.py took 0.081 seconds
[2026-06-04T08:16:48.662+0000] {processor.py:157} INFO - Started process (PID=1935) to work on /opt/airflow/dags/S3_UPLOAD_DAG.py
[2026-06-04T08:16:48.671+0000] {processor.py:829} INFO - Processing file /opt/airflow/dags/S3_UPLOAD_DAG.py for tasks to queue
[2026-06-04T08:16:48.672+0000] {logging_mixin.py:154} INFO - [2026-06-04T08:16:48.671+0000] {dagbag.py:536} INFO - Filling up the DagBag from /opt/airflow/dags/S3_UPLOAD_DAG.py
[2026-06-04T08:16:48.688+0000] {processor.py:839} INFO - DAG(s) dict_keys(['daily_vulnerability_ingestion']) retrieved from /opt/airflow/dags/S3_UPLOAD_DAG.py
[2026-06-04T08:16:48.707+0000] {logging_mixin.py:154} INFO - [2026-06-04T08:16:48.707+0000] {dag.py:2941} INFO - Sync 1 DAGs
[2026-06-04T08:16:48.724+0000] {logging_mixin.py:154} INFO - [2026-06-04T08:16:48.724+0000] {dag.py:3722} INFO - Setting next_dagrun for daily_vulnerability_ingestion to 2026-06-03T14:52:05.384041+00:00, run_after=2026-06-04T14:52:05.384041+00:00
[2026-06-04T08:16:48.739+0000] {processor.py:179} INFO - Processing /opt/airflow/dags/S3_UPLOAD_DAG.py took 0.081 seconds
[2026-06-04T08:17:18.779+0000] {processor.py:157} INFO - Started process (PID=1940) to work on /opt/airflow/dags/S3_UPLOAD_DAG.py
[2026-06-04T08:17:18.779+0000] {processor.py:829} INFO - Processing file /opt/airflow/dags/S3_UPLOAD_DAG.py for tasks to queue
[2026-06-04T08:17:18.780+0000] {logging_mixin.py:154} INFO - [2026-06-04T08:17:18.779+0000] {dagbag.py:536} INFO - Filling up the DagBag from /opt/airflow/dags/S3_UPLOAD_DAG.py
[2026-06-04T08:17:18.790+0000] {processor.py:839} INFO - DAG(s) dict_keys(['daily_vulnerability_ingestion']) retrieved from /opt/airflow/dags/S3_UPLOAD_DAG.py
[2026-06-04T08:17:18.809+0000] {logging_mixin.py:154} INFO - [2026-06-04T08:17:18.809+0000] {dag.py:2941} INFO - Sync 1 DAGs
[2026-06-04T08:17:18.826+0000] {logging_mixin.py:154} INFO - [2026-06-04T08:17:18.826+0000] {dag.py:3722} INFO - Setting next_dagrun for daily_vulnerability_ingestion to 2026-06-03T14:52:05.384041+00:00, run_after=2026-06-04T14:52:05.384041+00:00
[2026-06-04T08:17:18.840+0000] {processor.py:179} INFO - Processing /opt/airflow/dags/S3_UPLOAD_DAG.py took 0.064 seconds
[2026-06-04T08:17:48.989+0000] {processor.py:157} INFO - Started process (PID=1945) to work on /opt/airflow/dags/S3_UPLOAD_DAG.py
[2026-06-04T08:17:48.998+0000] {processor.py:829} INFO - Processing file /opt/airflow/dags/S3_UPLOAD_DAG.py for tasks to queue
[2026-06-04T08:17:49.000+0000] {logging_mixin.py:154} INFO - [2026-06-04T08:17:48.999+0000] {dagbag.py:536} INFO - Filling up the DagBag from /opt/airflow/dags/S3_UPLOAD_DAG.py
[2026-06-04T08:17:49.025+0000] {processor.py:839} INFO - DAG(s) dict_keys(['daily_vulnerability_ingestion']) retrieved from /opt/airflow/dags/S3_UPLOAD_DAG.py
[2026-06-04T08:17:49.047+0000] {logging_mixin.py:154} INFO - [2026-06-04T08:17:49.047+0000] {dag.py:2941} INFO - Sync 1 DAGs
[2026-06-04T08:17:49.066+0000] {logging_mixin.py:154} INFO - [2026-06-04T08:17:49.066+0000] {dag.py:3722} INFO - Setting next_dagrun for daily_vulnerability_ingestion to 2026-06-03T14:52:05.384041+00:00, run_after=2026-06-04T14:52:05.384041+00:00
[2026-06-04T08:17:49.078+0000] {processor.py:179} INFO - Processing /opt/airflow/dags/S3_UPLOAD_DAG.py took 0.096 seconds
[2026-06-04T08:18:19.208+0000] {processor.py:157} INFO - Started process (PID=1950) to work on /opt/airflow/dags/S3_UPLOAD_DAG.py
[2026-06-04T08:18:19.209+0000] {processor.py:829} INFO - Processing file /opt/airflow/dags/S3_UPLOAD_DAG.py for tasks to queue
[2026-06-04T08:18:19.211+0000] {logging_mixin.py:154} INFO - [2026-06-04T08:18:19.210+0000] {dagbag.py:536} INFO - Filling up the DagBag from /opt/airflow/dags/S3_UPLOAD_DAG.py
[2026-06-04T08:18:19.229+0000] {processor.py:839} INFO - DAG(s) dict_keys(['daily_vulnerability_ingestion']) retrieved from /opt/airflow/dags/S3_UPLOAD_DAG.py
[2026-06-04T08:18:19.249+0000] {logging_mixin.py:154} INFO - [2026-06-04T08:18:19.248+0000] {dag.py:2941} INFO - Sync 1 DAGs
[2026-06-04T08:18:19.265+0000] {logging_mixin.py:154} INFO - [2026-06-04T08:18:19.265+0000] {dag.py:3722} INFO - Setting next_dagrun for daily_vulnerability_ingestion to 2026-06-03T14:52:05.384041+00:00, run_after=2026-06-04T14:52:05.384041+00:00
[2026-06-04T08:18:19.277+0000] {processor.py:179} INFO - Processing /opt/airflow/dags/S3_UPLOAD_DAG.py took 0.080 seconds
[2026-06-04T08:18:49.426+0000] {processor.py:157} INFO - Started process (PID=1955) to work on /opt/airflow/dags/S3_UPLOAD_DAG.py
[2026-06-04T08:18:49.435+0000] {processor.py:829} INFO - Processing file /opt/airflow/dags/S3_UPLOAD_DAG.py for tasks to queue
[2026-06-04T08:18:49.436+0000] {logging_mixin.py:154} INFO - [2026-06-04T08:18:49.436+0000] {dagbag.py:536} INFO - Filling up the DagBag from /opt/airflow/dags/S3_UPLOAD_DAG.py
[2026-06-04T08:18:49.454+0000] {processor.py:839} INFO - DAG(s) dict_keys(['daily_vulnerability_ingestion']) retrieved from /opt/airflow/dags/S3_UPLOAD_DAG.py
[2026-06-04T08:18:49.475+0000] {logging_mixin.py:154} INFO - [2026-06-04T08:18:49.475+0000] {dag.py:2941} INFO - Sync 1 DAGs
[2026-06-04T08:18:49.490+0000] {logging_mixin.py:154} INFO - [2026-06-04T08:18:49.490+0000] {dag.py:3722} INFO - Setting next_dagrun for daily_vulnerability_ingestion to 2026-06-03T14:52:05.384041+00:00, run_after=2026-06-04T14:52:05.384041+00:00
[2026-06-04T08:18:49.502+0000] {processor.py:179} INFO - Processing /opt/airflow/dags/S3_UPLOAD_DAG.py took 0.080 seconds
[2026-06-04T08:19:19.632+0000] {processor.py:157} INFO - Started process (PID=1960) to work on /opt/airflow/dags/S3_UPLOAD_DAG.py
[2026-06-04T08:19:19.633+0000] {processor.py:829} INFO - Processing file /opt/airflow/dags/S3_UPLOAD_DAG.py for tasks to queue
[2026-06-04T08:19:19.634+0000] {logging_mixin.py:154} INFO - [2026-06-04T08:19:19.633+0000] {dagbag.py:536} INFO - Filling up the DagBag from /opt/airflow/dags/S3_UPLOAD_DAG.py
[2026-06-04T08:19:19.647+0000] {processor.py:839} INFO - DAG(s) dict_keys(['daily_vulnerability_ingestion']) retrieved from /opt/airflow/dags/S3_UPLOAD_DAG.py
[2026-06-04T08:19:19.667+0000] {logging_mixin.py:154} INFO - [2026-06-04T08:19:19.667+0000] {dag.py:2941} INFO - Sync 1 DAGs
[2026-06-04T08:19:19.683+0000] {logging_mixin.py:154} INFO - [2026-06-04T08:19:19.683+0000] {dag.py:3722} INFO - Setting next_dagrun for daily_vulnerability_ingestion to 2026-06-03T14:52:05.384041+00:00, run_after=2026-06-04T14:52:05.384041+00:00
[2026-06-04T08:19:19.696+0000] {processor.py:179} INFO - Processing /opt/airflow/dags/S3_UPLOAD_DAG.py took 0.067 seconds
[2026-06-04T08:19:49.911+0000] {processor.py:157} INFO - Started process (PID=1965) to work on /opt/airflow/dags/S3_UPLOAD_DAG.py
[2026-06-04T08:19:49.920+0000] {processor.py:829} INFO - Processing file /opt/airflow/dags/S3_UPLOAD_DAG.py for tasks to queue
[2026-06-04T08:19:49.921+0000] {logging_mixin.py:154} INFO - [2026-06-04T08:19:49.921+0000] {dagbag.py:536} INFO - Filling up the DagBag from /opt/airflow/dags/S3_UPLOAD_DAG.py
[2026-06-04T08:19:49.939+0000] {processor.py:839} INFO - DAG(s) dict_keys(['daily_vulnerability_ingestion']) retrieved from /opt/airflow/dags/S3_UPLOAD_DAG.py
[2026-06-04T08:19:49.962+0000] {logging_mixin.py:154} INFO - [2026-06-04T08:19:49.962+0000] {dag.py:2941} INFO - Sync 1 DAGs
[2026-06-04T08:19:49.977+0000] {logging_mixin.py:154} INFO - [2026-06-04T08:19:49.977+0000] {dag.py:3722} INFO - Setting next_dagrun for daily_vulnerability_ingestion to 2026-06-03T14:52:05.384041+00:00, run_after=2026-06-04T14:52:05.384041+00:00
[2026-06-04T08:19:49.988+0000] {processor.py:179} INFO - Processing /opt/airflow/dags/S3_UPLOAD_DAG.py took 0.082 seconds
[2026-06-04T08:20:20.097+0000] {processor.py:157} INFO - Started process (PID=1970) to work on /opt/airflow/dags/S3_UPLOAD_DAG.py
[2026-06-04T08:20:20.098+0000] {processor.py:829} INFO - Processing file /opt/airflow/dags/S3_UPLOAD_DAG.py for tasks to queue
[2026-06-04T08:20:20.099+0000] {logging_mixin.py:154} INFO - [2026-06-04T08:20:20.099+0000] {dagbag.py:536} INFO - Filling up the DagBag from /opt/airflow/dags/S3_UPLOAD_DAG.py
[2026-06-04T08:20:20.119+0000] {processor.py:839} INFO - DAG(s) dict_keys(['daily_vulnerability_ingestion']) retrieved from /opt/airflow/dags/S3_UPLOAD_DAG.py
[2026-06-04T08:20:20.142+0000] {logging_mixin.py:154} INFO - [2026-06-04T08:20:20.142+0000] {dag.py:2941} INFO - Sync 1 DAGs
[2026-06-04T08:20:20.157+0000] {logging_mixin.py:154} INFO - [2026-06-04T08:20:20.157+0000] {dag.py:3722} INFO - Setting next_dagrun for daily_vulnerability_ingestion to 2026-06-03T14:52:05.384041+00:00, run_after=2026-06-04T14:52:05.384041+00:00
[2026-06-04T08:20:20.169+0000] {processor.py:179} INFO - Processing /opt/airflow/dags/S3_UPLOAD_DAG.py took 0.077 seconds
[2026-06-04T08:20:50.346+0000] {processor.py:157} INFO - Started process (PID=1975) to work on /opt/airflow/dags/S3_UPLOAD_DAG.py
[2026-06-04T08:20:50.355+0000] {processor.py:829} INFO - Processing file /opt/airflow/dags/S3_UPLOAD_DAG.py for tasks to queue
[2026-06-04T08:20:50.356+0000] {logging_mixin.py:154} INFO - [2026-06-04T08:20:50.356+0000] {dagbag.py:536} INFO - Filling up the DagBag from /opt/airflow/dags/S3_UPLOAD_DAG.py
[2026-06-04T08:20:50.371+0000] {processor.py:839} INFO - DAG(s) dict_keys(['daily_vulnerability_ingestion']) retrieved from /opt/airflow/dags/S3_UPLOAD_DAG.py
[2026-06-04T08:20:50.396+0000] {logging_mixin.py:154} INFO - [2026-06-04T08:20:50.395+0000] {dag.py:2941} INFO - Sync 1 DAGs
[2026-06-04T08:20:50.411+0000] {logging_mixin.py:154} INFO - [2026-06-04T08:20:50.411+0000] {dag.py:3722} INFO - Setting next_dagrun for daily_vulnerability_ingestion to 2026-06-03T14:52:05.384041+00:00, run_after=2026-06-04T14:52:05.384041+00:00
[2026-06-04T08:20:50.424+0000] {processor.py:179} INFO - Processing /opt/airflow/dags/S3_UPLOAD_DAG.py took 0.082 seconds
[2026-06-04T08:21:20.536+0000] {processor.py:157} INFO - Started process (PID=1980) to work on /opt/airflow/dags/S3_UPLOAD_DAG.py
[2026-06-04T08:21:20.537+0000] {processor.py:829} INFO - Processing file /opt/airflow/dags/S3_UPLOAD_DAG.py for tasks to queue
[2026-06-04T08:21:20.538+0000] {logging_mixin.py:154} INFO - [2026-06-04T08:21:20.538+0000] {dagbag.py:536} INFO - Filling up the DagBag from /opt/airflow/dags/S3_UPLOAD_DAG.py
[2026-06-04T08:21:20.551+0000] {processor.py:839} INFO - DAG(s) dict_keys(['daily_vulnerability_ingestion']) retrieved from /opt/airflow/dags/S3_UPLOAD_DAG.py
[2026-06-04T08:21:20.569+0000] {logging_mixin.py:154} INFO - [2026-06-04T08:21:20.569+0000] {dag.py:2941} INFO - Sync 1 DAGs
[2026-06-04T08:21:20.586+0000] {logging_mixin.py:154} INFO - [2026-06-04T08:21:20.585+0000] {dag.py:3722} INFO - Setting next_dagrun for daily_vulnerability_ingestion to 2026-06-03T14:52:05.384041+00:00, run_after=2026-06-04T14:52:05.384041+00:00
[2026-06-04T08:21:20.597+0000] {processor.py:179} INFO - Processing /opt/airflow/dags/S3_UPLOAD_DAG.py took 0.065 seconds
[2026-06-04T08:21:50.806+0000] {processor.py:157} INFO - Started process (PID=1985) to work on /opt/airflow/dags/S3_UPLOAD_DAG.py
[2026-06-04T08:21:50.807+0000] {processor.py:829} INFO - Processing file /opt/airflow/dags/S3_UPLOAD_DAG.py for tasks to queue
[2026-06-04T08:21:50.808+0000] {logging_mixin.py:154} INFO - [2026-06-04T08:21:50.807+0000] {dagbag.py:536} INFO - Filling up the DagBag from /opt/airflow/dags/S3_UPLOAD_DAG.py
[2026-06-04T08:21:50.822+0000] {processor.py:839} INFO - DAG(s) dict_keys(['daily_vulnerability_ingestion']) retrieved from /opt/airflow/dags/S3_UPLOAD_DAG.py
[2026-06-04T08:21:50.844+0000] {logging_mixin.py:154} INFO - [2026-06-04T08:21:50.844+0000] {dag.py:2941} INFO - Sync 1 DAGs
[2026-06-04T08:21:50.861+0000] {logging_mixin.py:154} INFO - [2026-06-04T08:21:50.861+0000] {dag.py:3722} INFO - Setting next_dagrun for daily_vulnerability_ingestion to 2026-06-03T14:52:05.384041+00:00, run_after=2026-06-04T14:52:05.384041+00:00
[2026-06-04T08:21:50.874+0000] {processor.py:179} INFO - Processing /opt/airflow/dags/S3_UPLOAD_DAG.py took 0.074 seconds
[2026-06-04T08:22:21.022+0000] {processor.py:157} INFO - Started process (PID=1990) to work on /opt/airflow/dags/S3_UPLOAD_DAG.py
[2026-06-04T08:22:21.024+0000] {processor.py:829} INFO - Processing file /opt/airflow/dags/S3_UPLOAD_DAG.py for tasks to queue
[2026-06-04T08:22:21.026+0000] {logging_mixin.py:154} INFO - [2026-06-04T08:22:21.026+0000] {dagbag.py:536} INFO - Filling up the DagBag from /opt/airflow/dags/S3_UPLOAD_DAG.py
[2026-06-04T08:22:21.047+0000] {processor.py:839} INFO - DAG(s) dict_keys(['daily_vulnerability_ingestion']) retrieved from /opt/airflow/dags/S3_UPLOAD_DAG.py
[2026-06-04T08:22:21.068+0000] {logging_mixin.py:154} INFO - [2026-06-04T08:22:21.068+0000] {dag.py:2941} INFO - Sync 1 DAGs
[2026-06-04T08:22:21.084+0000] {logging_mixin.py:154} INFO - [2026-06-04T08:22:21.084+0000] {dag.py:3722} INFO - Setting next_dagrun for daily_vulnerability_ingestion to 2026-06-03T14:52:05.384041+00:00, run_after=2026-06-04T14:52:05.384041+00:00
[2026-06-04T08:22:21.098+0000] {processor.py:179} INFO - Processing /opt/airflow/dags/S3_UPLOAD_DAG.py took 0.086 seconds
[2026-06-04T08:22:51.263+0000] {processor.py:157} INFO - Started process (PID=1995) to work on /opt/airflow/dags/S3_UPLOAD_DAG.py
[2026-06-04T08:22:51.264+0000] {processor.py:829} INFO - Processing file /opt/airflow/dags/S3_UPLOAD_DAG.py for tasks to queue
[2026-06-04T08:22:51.265+0000] {logging_mixin.py:154} INFO - [2026-06-04T08:22:51.265+0000] {dagbag.py:536} INFO - Filling up the DagBag from /opt/airflow/dags/S3_UPLOAD_DAG.py
[2026-06-04T08:22:51.281+0000] {processor.py:839} INFO - DAG(s) dict_keys(['daily_vulnerability_ingestion']) retrieved from /opt/airflow/dags/S3_UPLOAD_DAG.py
[2026-06-04T08:22:51.301+0000] {logging_mixin.py:154} INFO - [2026-06-04T08:22:51.301+0000] {dag.py:2941} INFO - Sync 1 DAGs
[2026-06-04T08:22:51.318+0000] {logging_mixin.py:154} INFO - [2026-06-04T08:22:51.318+0000] {dag.py:3722} INFO - Setting next_dagrun for daily_vulnerability_ingestion to 2026-06-03T14:52:05.384041+00:00, run_after=2026-06-04T14:52:05.384041+00:00
[2026-06-04T08:22:51.330+0000] {processor.py:179} INFO - Processing /opt/airflow/dags/S3_UPLOAD_DAG.py took 0.073 seconds
