asset_id,hostname,vendor,product,version,criticality,internet_facing
A00001,vmware-esxi-1,VMware,ESXi,9.2.1,Low,No
A00002,microsoft-exchange-server-2,Microsoft,Exchange Server,1.3.29,High,No
A00003,cisco-meraki-3,Cisco,Meraki,7.8.82,Critical,No
A00004,linux-ubuntu-4,Linux,Ubuntu,10.2.61,Medium,No
A00005,apache-tomcat-5,Apache,Tomcat,9.5.20,Critical,Yes
A00006,linux-centos-6,Linux,CentOS,5.6.4,High,No
A00007,linux-redhat-7,Linux,RedHat,3.6.4,Critical,Yes
A00008,microsoft-sql-server-8,Microsoft,SQL Server,4.0.64,Critical,No
A00009,linux-redhat-9,Linux,RedHat,5.1.11,High,No
A00010,cisco-asa-10,Cisco,ASA,10.5.15,High,No
A00011,vmware-vcenter-11,VMware,vCenter,4.9.96,Medium,Yes
A00012,cisco-asa-12,Cisco,ASA,3.8.49,Critical,No
A00013,oracle-weblogic-13,Oracle,WebLogic,8.0.12,High,No
A00014,oracle-weblogic-14,Oracle,WebLogic,6.9.36,High,Yes
A00015,linux-ubuntu-15,Linux,Ubuntu,6.3.56,Medium,No
A00016,cisco-asa-16,Cisco,ASA,7.5.93,High,Yes
A00017,linux-centos-17,Linux,CentOS,9.5.37,Medium,No
A00018,microsoft-windows-server-18,Microsoft,Windows Server,4.9.32,Critical,No
A00019,cisco-asa-19,Cisco,ASA,3.5.31,High,No
A00020,linux-redhat-20,Linux,RedHat,9.2.37,High,No
A00021,microsoft-exchange-server-21,Microsoft,Exchange Server,7.6.36,Low,Yes
A00022,apache-apache-http-server-22,Apache,Apache HTTP Server,3.4.85,High,No
A00023,apache-apache-http-server-23,Apache,Apache HTTP Server,3.9.80,Low,No
A00024,linux-redhat-24,Linux,RedHat,9.9.34,Low,No
A00025,vmware-vcenter-25,VMware,vCenter,9.3.77,Medium,No
A00026,oracle-weblogic-26,Oracle,WebLogic,6.1.91,Low,No
A00027,microsoft-windows-server-27,Microsoft,Windows Server,1.2.91,Medium,No
A00028,oracle-weblogic-28,Oracle,WebLogic,10.4.17,High,Yes
A00029,microsoft-windows-server-29,Microsoft,Windows Server,1.6.58,Medium,No
A00030,vmware-esxi-30,VMware,ESXi,5.8.17,High,No
A00031,cisco-asa-31,Cisco,ASA,3.3.96,Critical,Yes
A00032,cisco-asa-32,Cisco,ASA,4.1.94,Critical,No
A00033,microsoft-sql-server-33,Microsoft,SQL Server,3.6.51,Medium,No
A00034,cisco-ios-xe-34,Cisco,IOS XE,9.5.75,Low,No
A00035,apache-apache-http-server-35,Apache,Apache HTTP Server,2.4.88,Low,No
A00036,microsoft-windows-server-36,Microsoft,Windows Server,6.2.59,High,No
A00037,linux-ubuntu-37,Linux,Ubuntu,1.7.92,High,No
A00038,microsoft-windows-server-38,Microsoft,Windows Server,6.0.73,Critical,Yes
A00039,apache-tomcat-39,Apache,Tomcat,4.2.31,High,No
A00040,oracle-oracle-db-40,Oracle,Oracle DB,4.4.43,High,Yes
A00041,linux-ubuntu-41,Linux,Ubuntu,5.5.46,Medium,No
A00042,microsoft-sql-server-42,Microsoft,SQL Server,10.7.57,Medium,No
A00043,vmware-vcenter-43,VMware,vCenter,5.8.2,Critical,Yes
A00044,cisco-meraki-44,Cisco,Meraki,7.8.92,Critical,No
A00045,oracle-weblogic-45,Oracle,WebLogic,9.6.99,Medium,No
A00046,cisco-ios-xe-46,Cisco,IOS XE,5.2.72,High,Yes
A00047,oracle-oracle-db-47,Oracle,Oracle DB,4.1.48,Medium,Yes
A00048,linux-redhat-48,Linux,RedHat,6.2.2,Medium,No
A00049,microsoft-windows-server-49,Microsoft,Windows Server,7.7.46,Critical,Yes
A00050,vmware-vcenter-50,VMware,vCenter,3.3.71,Medium,Yes
A00051,apache-tomcat-51,Apache,Tomcat,7.0.16,Medium,Yes
A00052,oracle-weblogic-52,Oracle,WebLogic,4.8.44,Critical,No
A00053,microsoft-sql-server-53,Microsoft,SQL Server,7.4.25,Medium,Yes
A00054,microsoft-windows-server-54,Microsoft,Windows Server,4.3.74,Medium,Yes
A00055,linux-ubuntu-55,Linux,Ubuntu,3.6.85,High,No
A00056,linux-ubuntu-56,Linux,Ubuntu,1.7.8,Low,No
A00057,apache-tomcat-57,Apache,Tomcat,2.2.70,Medium,No
A00058,cisco-ios-xe-58,Cisco,IOS XE,1.8.76,Medium,Yes
A00059,cisco-ios-xe-59,Cisco,IOS XE,3.3.88,High,Yes
A00060,linux-redhat-60,Linux,RedHat,3.3.45,High,Yes
A00061,vmware-vcenter-61,VMware,vCenter,8.1.48,High,No
A00062,oracle-weblogic-62,Oracle,WebLogic,6.2.44,Medium,No
A00063,linux-ubuntu-63,Linux,Ubuntu,3.8.37,Critical,No
A00064,oracle-weblogic-64,Oracle,WebLogic,3.8.86,Critical,No
A00065,apache-tomcat-65,Apache,Tomcat,9.0.0,High,No
A00066,apache-tomcat-66,Apache,Tomcat,8.2.3,High,No
A00067,linux-ubuntu-67,Linux,Ubuntu,3.0.18,Critical,No
A00068,vmware-esxi-68,VMware,ESXi,3.3.0,Low,Yes
A00069,apache-tomcat-69,Apache,Tomcat,8.9.38,Medium,No
A00070,vmware-esxi-70,VMware,ESXi,2.3.2,Medium,Yes
A00071,oracle-weblogic-71,Oracle,WebLogic,8.1.16,Medium,No
A00072,microsoft-exchange-server-72,Microsoft,Exchange Server,7.5.64,High,No
A00073,oracle-weblogic-73,Oracle,WebLogic,9.0.61,Critical,No
A00074,vmware-esxi-74,VMware,ESXi,5.7.16,Medium,Yes
A00075,linux-ubuntu-75,Linux,Ubuntu,5.2.94,Critical,No
A00076,vmware-esxi-76,VMware,ESXi,8.4.68,Medium,No
A00077,oracle-oracle-db-77,Oracle,Oracle DB,10.3.16,High,Yes
A00078,apache-apache-http-server-78,Apache,Apache HTTP Server,7.4.83,Medium,No
A00079,vmware-vcenter-79,VMware,vCenter,3.6.21,High,No
A00080,microsoft-windows-server-80,Microsoft,Windows Server,4.8.44,Medium,No
A00081,apache-apache-http-server-81,Apache,Apache HTTP Server,2.0.5,Critical,No
A00082,apache-tomcat-82,Apache,Tomcat,7.0.83,Medium,No
A00083,microsoft-exchange-server-83,Microsoft,Exchange Server,7.8.14,High,Yes
A00084,vmware-esxi-84,VMware,ESXi,9.7.98,Medium,No
A00085,oracle-weblogic-85,Oracle,WebLogic,1.2.79,Critical,No
A00086,microsoft-windows-server-86,Microsoft,Windows Server,1.0.6,High,No
A00087,microsoft-windows-server-87,Microsoft,Windows Server,8.4.5,Medium,No
A00088,oracle-oracle-db-88,Oracle,Oracle DB,1.5.54,Medium,No
A00089,apache-apache-http-server-89,Apache,Apache HTTP Server,5.9.66,Low,No
A00090,oracle-weblogic-90,Oracle,WebLogic,7.7.31,Critical,No
A00091,microsoft-sql-server-91,Microsoft,SQL Server,5.2.59,Medium,Yes
A00092,microsoft-exchange-server-92,Microsoft,Exchange Server,6.0.96,Medium,No
A00093,cisco-asa-93,Cisco,ASA,4.7.49,Critical,No
A00094,cisco-asa-94,Cisco,ASA,6.6.68,Low,No
A00095,linux-ubuntu-95,Linux,Ubuntu,3.5.70,Critical,No
A00096,cisco-meraki-96,Cisco,Meraki,3.3.48,High,Yes
A00097,oracle-weblogic-97,Oracle,WebLogic,8.1.25,Medium,Yes
A00098,linux-centos-98,Linux,CentOS,1.4.55,High,No
A00099,cisco-ios-xe-99,Cisco,IOS XE,3.8.21,Medium,No
A00100,vmware-esxi-100,VMware,ESXi,3.0.66,High,No
A00101,oracle-weblogic-101,Oracle,WebLogic,8.4.33,Low,No
A00102,apache-tomcat-102,Apache,Tomcat,5.7.21,Low,No
A00103,microsoft-windows-server-103,Microsoft,Windows Server,7.8.80,High,No
A00104,apache-apache-http-server-104,Apache,Apache HTTP Server,7.8.43,Medium,Yes
A00105,cisco-ios-xe-105,Cisco,IOS XE,7.6.18,High,No
A00106,cisco-ios-xe-106,Cisco,IOS XE,9.3.34,Medium,No
A00107,apache-tomcat-107,Apache,Tomcat,6.6.47,Medium,Yes
A00108,apache-tomcat-108,Apache,Tomcat,2.8.34,Critical,No
A00109,microsoft-exchange-server-109,Microsoft,Exchange Server,6.1.27,Critical,Yes
A00110,vmware-esxi-110,VMware,ESXi,2.9.10,High,No
A00111,cisco-meraki-111,Cisco,Meraki,7.5.69,Medium,No
A00112,oracle-oracle-db-112,Oracle,Oracle DB,1.0.13,Low,Yes
A00113,apache-apache-http-server-113,Apache,Apache HTTP Server,10.5.4,Low,Yes
A00114,apache-apache-http-server-114,Apache,Apache HTTP Server,1.1.87,High,No
A00115,vmware-esxi-115,VMware,ESXi,8.4.44,High,Yes
A00116,cisco-ios-xe-116,Cisco,IOS XE,1.3.98,Medium,No
A00117,linux-redhat-117,Linux,RedHat,1.5.80,High,No
A00118,microsoft-windows-server-118,Microsoft,Windows Server,4.6.68,High,Yes
A00119,linux-centos-119,Linux,CentOS,10.6.55,Medium,No
A00120,linux-ubuntu-120,Linux,Ubuntu,8.1.94,High,No
A00121,vmware-esxi-121,VMware,ESXi,8.1.12,High,No
A00122,vmware-vcenter-122,VMware,vCenter,9.6.78,Medium,Yes
A00123,vmware-vcenter-123,VMware,vCenter,1.0.83,Low,No
A00124,microsoft-sql-server-124,Microsoft,SQL Server,1.1.39,Critical,No
A00125,vmware-esxi-125,VMware,ESXi,6.9.81,Low,No
A00126,apache-tomcat-126,Apache,Tomcat,7.8.24,Medium,No
A00127,linux-centos-127,Linux,CentOS,6.0.29,High,Yes
A00128,oracle-weblogic-128,Oracle,WebLogic,8.2.60,Medium,No
A00129,vmware-vcenter-129,VMware,vCenter,1.6.67,High,No
A00130,vmware-vcenter-130,VMware,vCenter,6.8.55,Critical,No
A00131,linux-redhat-131,Linux,RedHat,3.4.68,High,No
A00132,microsoft-sql-server-132,Microsoft,SQL Server,3.0.94,Critical,No
A00133,oracle-weblogic-133,Oracle,WebLogic,5.4.92,Critical,No
A00134,vmware-vcenter-134,VMware,vCenter,8.4.13,Low,Yes
A00135,vmware-esxi-135,VMware,ESXi,3.7.86,Critical,No
A00136,oracle-oracle-db-136,Oracle,Oracle DB,4.8.83,Medium,No
A00137,cisco-ios-xe-137,Cisco,IOS XE,1.3.50,Critical,No
A00138,linux-redhat-138,Linux,RedHat,3.3.41,High,No
A00139,linux-centos-139,Linux,CentOS,5.3.31,High,No
A00140,cisco-ios-xe-140,Cisco,IOS XE,3.4.40,Medium,Yes
A00141,cisco-meraki-141,Cisco,Meraki,3.2.61,Low,No
A00142,apache-tomcat-142,Apache,Tomcat,2.9.53,Medium,No
A00143,cisco-ios-xe-143,Cisco,IOS XE,3.1.53,High,No
A00144,vmware-vcenter-144,VMware,vCenter,9.6.3,Low,No
A00145,apache-tomcat-145,Apache,Tomcat,10.8.44,Low,No
A00146,microsoft-exchange-server-146,Microsoft,Exchange Server,9.2.88,Critical,No
A00147,microsoft-windows-server-147,Microsoft,Windows Server,2.4.70,Low,No
A00148,vmware-esxi-148,VMware,ESXi,7.2.78,Low,No
A00149,cisco-asa-149,Cisco,ASA,2.8.29,Critical,Yes
A00150,oracle-weblogic-150,Oracle,WebLogic,7.2.27,Low,No
A00151,apache-tomcat-151,Apache,Tomcat,4.4.52,Low,No
A00152,cisco-meraki-152,Cisco,Meraki,1.9.86,High,Yes
A00153,vmware-esxi-153,VMware,ESXi,7.1.64,Low,No
A00154,oracle-oracle-db-154,Oracle,Oracle DB,7.3.24,Critical,No
A00155,cisco-asa-155,Cisco,ASA,3.8.36,High,Yes
A00156,cisco-ios-xe-156,Cisco,IOS XE,3.4.69,Critical,No
A00157,cisco-meraki-157,Cisco,Meraki,3.9.98,Medium,Yes
A00158,microsoft-windows-server-158,Microsoft,Windows Server,10.7.67,High,Yes
A00159,linux-centos-159,Linux,CentOS,10.6.45,Critical,Yes
A00160,linux-ubuntu-160,Linux,Ubuntu,9.4.28,Critical,Yes
A00161,vmware-esxi-161,VMware,ESXi,10.3.56,Low,No
A00162,cisco-meraki-162,Cisco,Meraki,4.1.38,Medium,No
A00163,cisco-asa-163,Cisco,ASA,8.3.82,High,No
A00164,cisco-ios-xe-164,Cisco,IOS XE,5.1.55,Medium,No
A00165,cisco-ios-xe-165,Cisco,IOS XE,4.1.71,High,No
A00166,vmware-vcenter-166,VMware,vCenter,8.5.55,Medium,No
A00167,oracle-weblogic-167,Oracle,WebLogic,3.6.76,Medium,No
A00168,oracle-oracle-db-168,Oracle,Oracle DB,9.9.71,Medium,No
A00169,cisco-asa-169,Cisco,ASA,1.1.82,Critical,No
A00170,microsoft-windows-server-170,Microsoft,Windows Server,10.2.69,Low,Yes
A00171,linux-redhat-171,Linux,RedHat,5.4.12,Critical,No
A00172,linux-centos-172,Linux,CentOS,4.8.46,Medium,No
A00173,microsoft-exchange-server-173,Microsoft,Exchange Server,9.0.96,Critical,No
A00174,microsoft-exchange-server-174,Microsoft,Exchange Server,6.7.96,Low,Yes
A00175,linux-centos-175,Linux,CentOS,3.0.70,Critical,No
A00176,linux-ubuntu-176,Linux,Ubuntu,9.1.29,High,Yes
A00177,oracle-weblogic-177,Oracle,WebLogic,3.7.43,Critical,No
A00178,linux-ubuntu-178,Linux,Ubuntu,7.3.47,High,Yes
A00179,oracle-weblogic-179,Oracle,WebLogic,1.2.81,Critical,Yes
A00180,oracle-weblogic-180,Oracle,WebLogic,7.8.29,Low,Yes
A00181,microsoft-sql-server-181,Microsoft,SQL Server,1.7.76,High,No
A00182,oracle-oracle-db-182,Oracle,Oracle DB,5.5.16,High,Yes
A00183,cisco-ios-xe-183,Cisco,IOS XE,10.2.41,Low,No
A00184,cisco-asa-184,Cisco,ASA,2.5.44,High,No
A00185,apache-tomcat-185,Apache,Tomcat,7.8.24,Medium,No
A00186,vmware-vcenter-186,VMware,vCenter,9.6.81,Low,No
A00187,cisco-meraki-187,Cisco,Meraki,9.1.20,Low,No
A00188,cisco-ios-xe-188,Cisco,IOS XE,10.7.36,Medium,No
A00189,linux-ubuntu-189,Linux,Ubuntu,3.2.54,High,No
A00190,oracle-oracle-db-190,Oracle,Oracle DB,3.2.60,Low,No
A00191,vmware-esxi-191,VMware,ESXi,6.9.9,Critical,Yes
A00192,cisco-meraki-192,Cisco,Meraki,8.0.55,Low,No
A00193,oracle-weblogic-193,Oracle,WebLogic,2.4.61,High,Yes
A00194,microsoft-windows-server-194,Microsoft,Windows Server,4.8.1,Medium,No
A00195,oracle-oracle-db-195,Oracle,Oracle DB,6.0.38,Medium,No
A00196,oracle-weblogic-196,Oracle,WebLogic,8.1.15,High,No
A00197,microsoft-sql-server-197,Microsoft,SQL Server,1.4.2,Low,No
A00198,vmware-vcenter-198,VMware,vCenter,4.4.79,High,Yes
A00199,vmware-vcenter-199,VMware,vCenter,5.7.39,Critical,No
A00200,vmware-esxi-200,VMware,ESXi,9.9.9,High,Yes
A00201,cisco-meraki-201,Cisco,Meraki,1.2.99,Medium,Yes
A00202,apache-apache-http-server-202,Apache,Apache HTTP Server,2.4.92,Critical,Yes
A00203,linux-redhat-203,Linux,RedHat,10.5.94,Medium,Yes
A00204,cisco-ios-xe-204,Cisco,IOS XE,2.9.40,High,Yes
A00205,microsoft-exchange-server-205,Microsoft,Exchange Server,10.8.28,Low,Yes
A00206,microsoft-exchange-server-206,Microsoft,Exchange Server,4.2.10,Low,No
A00207,oracle-weblogic-207,Oracle,WebLogic,6.9.17,Low,No
A00208,apache-tomcat-208,Apache,Tomcat,8.9.27,Medium,Yes
A00209,microsoft-sql-server-209,Microsoft,SQL Server,3.8.3,Medium,No
A00210,linux-ubuntu-210,Linux,Ubuntu,3.2.55,Critical,Yes
A00211,apache-tomcat-211,Apache,Tomcat,5.6.84,Low,Yes
A00212,linux-ubuntu-212,Linux,Ubuntu,1.8.91,High,No
A00213,oracle-weblogic-213,Oracle,WebLogic,9.4.69,Medium,No
A00214,vmware-esxi-214,VMware,ESXi,5.2.7,Low,No
A00215,linux-centos-215,Linux,CentOS,1.8.95,Medium,No
A00216,linux-ubuntu-216,Linux,Ubuntu,3.8.64,High,No
A00217,oracle-weblogic-217,Oracle,WebLogic,7.0.24,Critical,Yes
A00218,microsoft-exchange-server-218,Microsoft,Exchange Server,3.4.93,Critical,No
A00219,microsoft-windows-server-219,Microsoft,Windows Server,10.0.60,Critical,No
A00220,vmware-esxi-220,VMware,ESXi,4.7.39,Critical,Yes
A00221,microsoft-exchange-server-221,Microsoft,Exchange Server,2.4.61,High,No
A00222,vmware-vcenter-222,VMware,vCenter,4.1.55,Low,No
A00223,apache-apache-http-server-223,Apache,Apache HTTP Server,1.5.54,Critical,No
A00224,apache-tomcat-224,Apache,Tomcat,4.6.24,Medium,Yes
A00225,cisco-asa-225,Cisco,ASA,8.4.5,Medium,No
A00226,linux-redhat-226,Linux,RedHat,10.6.50,Low,No
A00227,microsoft-sql-server-227,Microsoft,SQL Server,6.8.66,High,No
A00228,cisco-ios-xe-228,Cisco,IOS XE,9.8.93,High,Yes
A00229,vmware-esxi-229,VMware,ESXi,8.5.81,Critical,Yes
A00230,oracle-weblogic-230,Oracle,WebLogic,8.2.63,Medium,Yes
A00231,vmware-esxi-231,VMware,ESXi,9.9.22,Critical,No
A00232,microsoft-windows-server-232,Microsoft,Windows Server,2.3.90,Medium,No
A00233,microsoft-sql-server-233,Microsoft,SQL Server,2.4.35,Medium,No
A00234,microsoft-sql-server-234,Microsoft,SQL Server,1.5.26,Critical,No
A00235,apache-apache-http-server-235,Apache,Apache HTTP Server,5.1.75,Critical,No
A00236,microsoft-sql-server-236,Microsoft,SQL Server,2.9.0,Low,No
A00237,vmware-vcenter-237,VMware,vCenter,8.8.30,Medium,Yes
A00238,vmware-esxi-238,VMware,ESXi,1.9.53,Medium,No
A00239,microsoft-exchange-server-239,Microsoft,Exchange Server,2.4.4,High,Yes
A00240,linux-redhat-240,Linux,RedHat,8.5.16,Medium,No
A00241,microsoft-exchange-server-241,Microsoft,Exchange Server,10.6.1,Critical,No
A00242,cisco-ios-xe-242,Cisco,IOS XE,7.8.43,High,Yes
A00243,oracle-oracle-db-243,Oracle,Oracle DB,4.1.54,High,No
A00244,linux-ubuntu-244,Linux,Ubuntu,9.4.91,Critical,No
A00245,vmware-esxi-245,VMware,ESXi,2.1.19,Medium,No
A00246,apache-tomcat-246,Apache,Tomcat,10.2.22,Low,Yes
A00247,linux-centos-247,Linux,CentOS,10.1.41,Critical,No
A00248,apache-apache-http-server-248,Apache,Apache HTTP Server,4.2.21,Medium,No
A00249,linux-ubuntu-249,Linux,Ubuntu,2.0.25,Medium,No
A00250,microsoft-sql-server-250,Microsoft,SQL Server,1.1.39,Low,No
A00251,apache-tomcat-251,Apache,Tomcat,6.3.30,Medium,No
A00252,microsoft-windows-server-252,Microsoft,Windows Server,4.2.55,High,No
A00253,cisco-ios-xe-253,Cisco,IOS XE,2.3.18,Critical,Yes
A00254,microsoft-windows-server-254,Microsoft,Windows Server,4.5.84,Medium,No
A00255,apache-tomcat-255,Apache,Tomcat,2.3.88,High,No
A00256,vmware-vcenter-256,VMware,vCenter,9.1.85,Medium,No
A00257,apache-apache-http-server-257,Apache,Apache HTTP Server,8.7.52,High,Yes
A00258,linux-redhat-258,Linux,RedHat,2.2.35,Critical,No
A00259,vmware-vcenter-259,VMware,vCenter,5.9.74,High,No
A00260,cisco-ios-xe-260,Cisco,IOS XE,8.8.65,Medium,No
A00261,oracle-weblogic-261,Oracle,WebLogic,2.2.39,Critical,No
A00262,linux-ubuntu-262,Linux,Ubuntu,3.7.45,Critical,No
A00263,oracle-weblogic-263,Oracle,WebLogic,8.3.42,Critical,No
A00264,apache-apache-http-server-264,Apache,Apache HTTP Server,3.1.49,High,No
A00265,microsoft-exchange-server-265,Microsoft,Exchange Server,4.3.18,Critical,No
A00266,microsoft-sql-server-266,Microsoft,SQL Server,2.0.65,Low,Yes
A00267,cisco-ios-xe-267,Cisco,IOS XE,3.6.60,High,No
A00268,cisco-meraki-268,Cisco,Meraki,7.2.55,Low,No
A00269,oracle-weblogic-269,Oracle,WebLogic,2.7.81,Medium,No
A00270,microsoft-windows-server-270,Microsoft,Windows Server,10.6.75,High,No
A00271,apache-tomcat-271,Apache,Tomcat,2.4.77,Critical,No
A00272,microsoft-sql-server-272,Microsoft,SQL Server,6.8.78,Medium,No
A00273,apache-apache-http-server-273,Apache,Apache HTTP Server,8.5.21,High,Yes
A00274,cisco-ios-xe-274,Cisco,IOS XE,1.9.80,Low,Yes
A00275,cisco-meraki-275,Cisco,Meraki,10.0.86,Medium,No
A00276,cisco-ios-xe-276,Cisco,IOS XE,6.9.64,Medium,No
A00277,cisco-asa-277,Cisco,ASA,1.8.96,High,Yes
A00278,vmware-esxi-278,VMware,ESXi,4.4.23,Critical,No
A00279,apache-tomcat-279,Apache,Tomcat,8.7.29,Low,No
A00280,apache-tomcat-280,Apache,Tomcat,4.1.23,Critical,No
A00281,apache-tomcat-281,Apache,Tomcat,2.1.14,High,No
A00282,cisco-asa-282,Cisco,ASA,7.3.77,Medium,No
A00283,microsoft-windows-server-283,Microsoft,Windows Server,9.6.14,High,No
A00284,apache-apache-http-server-284,Apache,Apache HTTP Server,9.1.14,Low,No
A00285,oracle-weblogic-285,Oracle,WebLogic,7.5.30,Critical,No
A00286,microsoft-exchange-server-286,Microsoft,Exchange Server,1.2.20,Medium,Yes
A00287,apache-apache-http-server-287,Apache,Apache HTTP Server,6.9.59,High,No
A00288,linux-ubuntu-288,Linux,Ubuntu,7.1.21,Medium,Yes
A00289,cisco-meraki-289,Cisco,Meraki,8.2.60,Medium,No
A00290,oracle-weblogic-290,Oracle,WebLogic,4.9.82,High,No
A00291,cisco-meraki-291,Cisco,Meraki,1.3.75,Critical,No
A00292,linux-redhat-292,Linux,RedHat,8.6.21,High,Yes
A00293,cisco-meraki-293,Cisco,Meraki,7.5.59,High,Yes
A00294,microsoft-exchange-server-294,Microsoft,Exchange Server,5.1.29,High,No
A00295,linux-centos-295,Linux,CentOS,7.5.14,Low,No
A00296,linux-ubuntu-296,Linux,Ubuntu,5.8.6,Critical,No
A00297,microsoft-sql-server-297,Microsoft,SQL Server,6.3.75,Low,No
A00298,linux-centos-298,Linux,CentOS,5.0.37,Critical,Yes
A00299,vmware-vcenter-299,VMware,vCenter,7.5.84,Critical,No
A00300,apache-apache-http-server-300,Apache,Apache HTTP Server,1.7.63,High,No
A00301,vmware-vcenter-301,VMware,vCenter,10.6.48,High,No
A00302,apache-apache-http-server-302,Apache,Apache HTTP Server,2.7.95,Medium,Yes
A00303,cisco-ios-xe-303,Cisco,IOS XE,8.8.50,High,No
A00304,microsoft-windows-server-304,Microsoft,Windows Server,10.6.6,Medium,No
A00305,apache-apache-http-server-305,Apache,Apache HTTP Server,7.4.41,Critical,No
A00306,cisco-meraki-306,Cisco,Meraki,7.0.61,Medium,No
A00307,oracle-oracle-db-307,Oracle,Oracle DB,5.5.5,Critical,Yes
A00308,oracle-oracle-db-308,Oracle,Oracle DB,7.9.58,High,No
A00309,vmware-vcenter-309,VMware,vCenter,6.2.69,Medium,No
A00310,linux-ubuntu-310,Linux,Ubuntu,7.7.60,Low,Yes
A00311,microsoft-sql-server-311,Microsoft,SQL Server,6.1.18,Medium,No
A00312,cisco-meraki-312,Cisco,Meraki,2.4.39,Critical,No
A00313,oracle-weblogic-313,Oracle,WebLogic,1.2.53,High,No
A00314,vmware-esxi-314,VMware,ESXi,2.5.57,Low,No
A00315,vmware-esxi-315,VMware,ESXi,2.0.17,Low,No
A00316,oracle-oracle-db-316,Oracle,Oracle DB,5.4.18,High,No
A00317,microsoft-exchange-server-317,Microsoft,Exchange Server,4.7.75,Medium,Yes
A00318,oracle-oracle-db-318,Oracle,Oracle DB,3.5.40,Medium,Yes
A00319,linux-centos-319,Linux,CentOS,7.3.15,Medium,No
A00320,microsoft-sql-server-320,Microsoft,SQL Server,2.7.71,Critical,No
A00321,linux-ubuntu-321,Linux,Ubuntu,4.2.86,High,No
A00322,microsoft-sql-server-322,Microsoft,SQL Server,7.8.42,Medium,No
A00323,vmware-vcenter-323,VMware,vCenter,3.0.65,High,No
A00324,microsoft-sql-server-324,Microsoft,SQL Server,1.1.38,High,Yes
A00325,cisco-asa-325,Cisco,ASA,8.3.48,Medium,No
A00326,microsoft-windows-server-326,Microsoft,Windows Server,10.1.8,Critical,No
A00327,cisco-asa-327,Cisco,ASA,4.3.7,Medium,No
A00328,microsoft-exchange-server-328,Microsoft,Exchange Server,9.6.41,Medium,No
A00329,vmware-esxi-329,VMware,ESXi,1.8.45,Medium,Yes
A00330,microsoft-windows-server-330,Microsoft,Windows Server,2.2.59,High,No
A00331,linux-centos-331,Linux,CentOS,7.0.26,Critical,Yes
A00332,linux-ubuntu-332,Linux,Ubuntu,10.8.71,Medium,No
A00333,microsoft-sql-server-333,Microsoft,SQL Server,5.3.78,High,Yes
A00334,microsoft-sql-server-334,Microsoft,SQL Server,7.1.34,Critical,No
A00335,linux-ubuntu-335,Linux,Ubuntu,8.1.95,Critical,No
A00336,oracle-oracle-db-336,Oracle,Oracle DB,4.8.10,Medium,No
A00337,microsoft-exchange-server-337,Microsoft,Exchange Server,8.8.68,High,No
A00338,vmware-esxi-338,VMware,ESXi,2.1.93,Medium,No
A00339,vmware-esxi-339,VMware,ESXi,3.0.23,Critical,No
A00340,oracle-weblogic-340,Oracle,WebLogic,5.6.18,Low,No
A00341,apache-apache-http-server-341,Apache,Apache HTTP Server,8.8.51,High,No
A00342,apache-apache-http-server-342,Apache,Apache HTTP Server,3.1.44,High,No
A00343,cisco-meraki-343,Cisco,Meraki,1.4.58,High,No
A00344,oracle-weblogic-344,Oracle,WebLogic,4.3.88,High,Yes
A00345,microsoft-windows-server-345,Microsoft,Windows Server,10.2.71,Low,No
A00346,linux-centos-346,Linux,CentOS,4.1.67,Critical,Yes
A00347,oracle-weblogic-347,Oracle,WebLogic,1.9.29,High,No
A00348,microsoft-sql-server-348,Microsoft,SQL Server,2.0.8,Medium,No
A00349,linux-redhat-349,Linux,RedHat,8.1.95,High,No
A00350,cisco-asa-350,Cisco,ASA,9.3.49,Low,No
A00351,cisco-asa-351,Cisco,ASA,3.2.25,Critical,Yes
A00352,oracle-oracle-db-352,Oracle,Oracle DB,10.1.20,High,No
A00353,linux-ubuntu-353,Linux,Ubuntu,3.3.81,High,No
A00354,cisco-meraki-354,Cisco,Meraki,8.8.50,Medium,No
A00355,oracle-oracle-db-355,Oracle,Oracle DB,7.7.67,Low,Yes
A00356,cisco-ios-xe-356,Cisco,IOS XE,3.9.99,High,No
A00357,apache-apache-http-server-357,Apache,Apache HTTP Server,6.9.26,High,No
A00358,oracle-oracle-db-358,Oracle,Oracle DB,5.9.87,Medium,Yes
A00359,apache-apache-http-server-359,Apache,Apache HTTP Server,9.0.71,High,No
A00360,vmware-vcenter-360,VMware,vCenter,9.9.22,Critical,No
A00361,apache-tomcat-361,Apache,Tomcat,5.4.93,High,No
A00362,vmware-esxi-362,VMware,ESXi,4.9.26,Medium,No
A00363,linux-ubuntu-363,Linux,Ubuntu,3.2.32,Medium,No
A00364,vmware-vcenter-364,VMware,vCenter,8.1.31,Low,No
A00365,linux-centos-365,Linux,CentOS,4.9.92,High,Yes
A00366,linux-redhat-366,Linux,RedHat,3.2.25,Medium,No
A00367,linux-ubuntu-367,Linux,Ubuntu,9.7.23,Low,No
A00368,microsoft-exchange-server-368,Microsoft,Exchange Server,3.1.21,Medium,No
A00369,cisco-meraki-369,Cisco,Meraki,10.1.70,Critical,Yes
A00370,oracle-oracle-db-370,Oracle,Oracle DB,5.0.91,High,No
A00371,cisco-asa-371,Cisco,ASA,9.5.14,Low,No
A00372,oracle-weblogic-372,Oracle,WebLogic,10.9.61,Critical,No
A00373,microsoft-exchange-server-373,Microsoft,Exchange Server,6.9.12,High,Yes
A00374,apache-apache-http-server-374,Apache,Apache HTTP Server,4.3.76,Low,No
A00375,vmware-vcenter-375,VMware,vCenter,9.9.67,Low,No
A00376,cisco-ios-xe-376,Cisco,IOS XE,10.8.85,Low,No
A00377,oracle-weblogic-377,Oracle,WebLogic,1.8.1,Critical,No
A00378,linux-ubuntu-378,Linux,Ubuntu,6.9.90,Medium,No
A00379,apache-apache-http-server-379,Apache,Apache HTTP Server,10.8.95,Critical,No
A00380,cisco-meraki-380,Cisco,Meraki,10.6.5,Low,No
A00381,cisco-ios-xe-381,Cisco,IOS XE,7.7.15,Critical,No
A00382,vmware-vcenter-382,VMware,vCenter,6.3.62,Critical,No
A00383,cisco-ios-xe-383,Cisco,IOS XE,5.6.96,High,No
A00384,vmware-esxi-384,VMware,ESXi,2.1.32,High,Yes
A00385,linux-ubuntu-385,Linux,Ubuntu,8.9.83,High,No
A00386,linux-centos-386,Linux,CentOS,6.4.22,High,No
A00387,vmware-esxi-387,VMware,ESXi,5.2.6,High,No
A00388,vmware-esxi-388,VMware,ESXi,2.6.85,High,No
A00389,linux-centos-389,Linux,CentOS,5.6.84,High,No
A00390,microsoft-sql-server-390,Microsoft,SQL Server,2.7.54,High,No
A00391,vmware-vcenter-391,VMware,vCenter,10.5.80,Medium,No
A00392,apache-tomcat-392,Apache,Tomcat,10.0.15,Critical,No
A00393,linux-centos-393,Linux,CentOS,1.0.83,Medium,No
A00394,microsoft-exchange-server-394,Microsoft,Exchange Server,4.7.94,High,No
A00395,oracle-weblogic-395,Oracle,WebLogic,2.0.81,Low,No
A00396,vmware-esxi-396,VMware,ESXi,8.0.3,High,Yes
A00397,oracle-oracle-db-397,Oracle,Oracle DB,4.3.65,Critical,No
A00398,linux-redhat-398,Linux,RedHat,7.8.87,Critical,No
A00399,vmware-esxi-399,VMware,ESXi,3.3.29,Critical,No
A00400,vmware-esxi-400,VMware,ESXi,4.8.20,High,No
A00401,microsoft-sql-server-401,Microsoft,SQL Server,4.3.47,Medium,No
A00402,microsoft-sql-server-402,Microsoft,SQL Server,3.4.28,High,No
A00403,cisco-meraki-403,Cisco,Meraki,5.8.91,Critical,No
A00404,oracle-oracle-db-404,Oracle,Oracle DB,6.5.25,Medium,No
A00405,oracle-oracle-db-405,Oracle,Oracle DB,2.0.81,High,No
A00406,linux-centos-406,Linux,CentOS,8.5.40,Medium,No
A00407,apache-apache-http-server-407,Apache,Apache HTTP Server,6.3.56,High,No
A00408,oracle-oracle-db-408,Oracle,Oracle DB,7.4.7,Low,Yes
A00409,cisco-meraki-409,Cisco,Meraki,6.8.72,Critical,Yes
A00410,apache-apache-http-server-410,Apache,Apache HTTP Server,5.5.46,High,No
A00411,vmware-esxi-411,VMware,ESXi,3.1.46,High,No
A00412,apache-tomcat-412,Apache,Tomcat,7.3.28,Low,No
A00413,microsoft-sql-server-413,Microsoft,SQL Server,6.8.70,Medium,Yes
A00414,apache-apache-http-server-414,Apache,Apache HTTP Server,7.8.33,High,No
A00415,linux-ubuntu-415,Linux,Ubuntu,2.9.46,High,No
A00416,oracle-weblogic-416,Oracle,WebLogic,10.9.18,Medium,Yes
A00417,apache-tomcat-417,Apache,Tomcat,2.2.61,Low,No
A00418,oracle-oracle-db-418,Oracle,Oracle DB,2.0.31,Medium,No
A00419,apache-apache-http-server-419,Apache,Apache HTTP Server,3.2.15,High,Yes
A00420,vmware-esxi-420,VMware,ESXi,5.0.23,Critical,Yes
A00421,microsoft-windows-server-421,Microsoft,Windows Server,3.9.66,High,No
A00422,cisco-meraki-422,Cisco,Meraki,5.0.61,Low,Yes
A00423,vmware-vcenter-423,VMware,vCenter,7.9.20,Critical,No
A00424,vmware-esxi-424,VMware,ESXi,3.6.25,Medium,No
A00425,apache-apache-http-server-425,Apache,Apache HTTP Server,6.4.3,Medium,Yes
A00426,microsoft-exchange-server-426,Microsoft,Exchange Server,6.8.75,High,No
A00427,cisco-ios-xe-427,Cisco,IOS XE,4.7.5,Medium,No
A00428,cisco-meraki-428,Cisco,Meraki,3.1.84,High,No
A00429,linux-ubuntu-429,Linux,Ubuntu,4.3.28,Low,Yes
A00430,cisco-meraki-430,Cisco,Meraki,1.3.91,Critical,Yes
A00431,vmware-vcenter-431,VMware,vCenter,7.3.89,Critical,No
A00432,apache-apache-http-server-432,Apache,Apache HTTP Server,9.8.3,High,No
A00433,oracle-weblogic-433,Oracle,WebLogic,9.4.31,High,No
A00434,vmware-esxi-434,VMware,ESXi,2.8.99,High,Yes
A00435,apache-apache-http-server-435,Apache,Apache HTTP Server,10.4.31,High,No
A00436,linux-redhat-436,Linux,RedHat,1.2.23,Medium,No
A00437,linux-centos-437,Linux,CentOS,6.3.73,Medium,No
A00438,oracle-oracle-db-438,Oracle,Oracle DB,1.4.8,Critical,Yes
A00439,cisco-ios-xe-439,Cisco,IOS XE,1.2.68,Critical,No
A00440,oracle-oracle-db-440,Oracle,Oracle DB,7.3.22,Medium,Yes
A00441,microsoft-exchange-server-441,Microsoft,Exchange Server,3.5.14,Critical,No
A00442,cisco-meraki-442,Cisco,Meraki,6.6.2,High,Yes
A00443,microsoft-exchange-server-443,Microsoft,Exchange Server,2.0.88,Critical,No
A00444,cisco-asa-444,Cisco,ASA,1.3.49,Medium,Yes
A00445,apache-tomcat-445,Apache,Tomcat,5.4.21,Critical,Yes
A00446,cisco-ios-xe-446,Cisco,IOS XE,10.7.15,High,No
A00447,cisco-meraki-447,Cisco,Meraki,9.7.88,High,No
A00448,cisco-ios-xe-448,Cisco,IOS XE,2.6.74,Medium,No
A00449,apache-tomcat-449,Apache,Tomcat,5.1.55,Medium,Yes
A00450,microsoft-windows-server-450,Microsoft,Windows Server,7.6.8,High,No
A00451,linux-redhat-451,Linux,RedHat,8.4.34,Medium,No
A00452,oracle-oracle-db-452,Oracle,Oracle DB,3.4.54,Low,No
A00453,vmware-vcenter-453,VMware,vCenter,2.4.74,Medium,No
A00454,apache-tomcat-454,Apache,Tomcat,7.7.23,Low,No
A00455,microsoft-windows-server-455,Microsoft,Windows Server,10.9.25,High,No
A00456,vmware-esxi-456,VMware,ESXi,6.2.94,Low,No
A00457,microsoft-sql-server-457,Microsoft,SQL Server,7.8.43,Low,No
A00458,linux-redhat-458,Linux,RedHat,8.2.74,Medium,No
A00459,vmware-vcenter-459,VMware,vCenter,4.1.74,Medium,No
A00460,apache-apache-http-server-460,Apache,Apache HTTP Server,9.6.22,High,No
A00461,linux-ubuntu-461,Linux,Ubuntu,5.7.27,Critical,No
A00462,apache-apache-http-server-462,Apache,Apache HTTP Server,5.5.30,Critical,No
A00463,cisco-asa-463,Cisco,ASA,2.6.92,High,Yes
A00464,oracle-oracle-db-464,Oracle,Oracle DB,7.1.51,Medium,No
A00465,cisco-asa-465,Cisco,ASA,5.1.99,High,Yes
A00466,apache-apache-http-server-466,Apache,Apache HTTP Server,5.2.82,High,No
A00467,linux-redhat-467,Linux,RedHat,10.1.15,Critical,No
A00468,microsoft-windows-server-468,Microsoft,Windows Server,6.3.83,Low,Yes
A00469,cisco-ios-xe-469,Cisco,IOS XE,4.2.88,High,No
A00470,linux-redhat-470,Linux,RedHat,2.6.34,Critical,No
A00471,cisco-meraki-471,Cisco,Meraki,2.7.31,Medium,Yes
A00472,cisco-ios-xe-472,Cisco,IOS XE,8.8.44,High,Yes
A00473,vmware-vcenter-473,VMware,vCenter,7.5.82,Medium,Yes
A00474,cisco-meraki-474,Cisco,Meraki,7.8.80,Medium,No
A00475,oracle-oracle-db-475,Oracle,Oracle DB,3.6.52,Medium,No
A00476,oracle-weblogic-476,Oracle,WebLogic,10.4.29,Medium,No
A00477,apache-apache-http-server-477,Apache,Apache HTTP Server,3.3.80,Medium,No
A00478,apache-tomcat-478,Apache,Tomcat,8.7.73,Critical,No
A00479,microsoft-sql-server-479,Microsoft,SQL Server,9.8.5,Medium,Yes
A00480,oracle-oracle-db-480,Oracle,Oracle DB,6.0.49,Critical,No
A00481,apache-tomcat-481,Apache,Tomcat,1.5.98,High,Yes
A00482,oracle-oracle-db-482,Oracle,Oracle DB,1.2.59,High,Yes
A00483,linux-centos-483,Linux,CentOS,8.2.47,High,No
A00484,microsoft-sql-server-484,Microsoft,SQL Server,3.8.52,Critical,Yes
A00485,linux-ubuntu-485,Linux,Ubuntu,8.8.79,Critical,No
A00486,vmware-vcenter-486,VMware,vCenter,6.7.36,Critical,Yes
A00487,vmware-vcenter-487,VMware,vCenter,5.4.58,Low,No
A00488,microsoft-windows-server-488,Microsoft,Windows Server,4.2.1,Medium,No
A00489,microsoft-windows-server-489,Microsoft,Windows Server,2.0.3,High,Yes
A00490,vmware-esxi-490,VMware,ESXi,6.2.22,Low,No
A00491,apache-tomcat-491,Apache,Tomcat,10.8.30,Critical,No
A00492,microsoft-windows-server-492,Microsoft,Windows Server,7.9.12,Critical,No
A00493,apache-tomcat-493,Apache,Tomcat,7.5.80,Low,No
A00494,oracle-oracle-db-494,Oracle,Oracle DB,10.6.32,Low,No
A00495,vmware-esxi-495,VMware,ESXi,7.5.58,High,No
A00496,vmware-esxi-496,VMware,ESXi,9.8.22,High,Yes
A00497,linux-ubuntu-497,Linux,Ubuntu,10.7.51,High,Yes
A00498,cisco-asa-498,Cisco,ASA,6.6.64,Medium,No
A00499,apache-tomcat-499,Apache,Tomcat,9.0.44,Critical,Yes
A00500,microsoft-exchange-server-500,Microsoft,Exchange Server,10.0.66,Medium,No
A00501,microsoft-exchange-server-501,Microsoft,Exchange Server,1.7.53,High,No
A00502,microsoft-exchange-server-502,Microsoft,Exchange Server,3.1.82,Medium,No
A00503,apache-apache-http-server-503,Apache,Apache HTTP Server,9.6.3,High,Yes
A00504,microsoft-sql-server-504,Microsoft,SQL Server,1.4.29,High,No
A00505,microsoft-exchange-server-505,Microsoft,Exchange Server,2.0.58,High,No
A00506,vmware-esxi-506,VMware,ESXi,4.0.59,Medium,No
A00507,vmware-vcenter-507,VMware,vCenter,4.2.8,Medium,No
A00508,linux-ubuntu-508,Linux,Ubuntu,9.0.11,Critical,Yes
A00509,oracle-oracle-db-509,Oracle,Oracle DB,5.1.8,Medium,No
A00510,cisco-ios-xe-510,Cisco,IOS XE,7.4.69,High,Yes
A00511,cisco-ios-xe-511,Cisco,IOS XE,7.4.38,High,No
A00512,apache-tomcat-512,Apache,Tomcat,5.3.11,Medium,Yes
A00513,apache-apache-http-server-513,Apache,Apache HTTP Server,1.1.92,Low,No
A00514,linux-ubuntu-514,Linux,Ubuntu,6.2.33,High,Yes
A00515,microsoft-windows-server-515,Microsoft,Windows Server,10.8.32,Low,No
A00516,linux-ubuntu-516,Linux,Ubuntu,9.9.9,Medium,Yes
A00517,vmware-esxi-517,VMware,ESXi,8.4.96,Medium,No
A00518,vmware-vcenter-518,VMware,vCenter,9.8.4,Medium,Yes
A00519,microsoft-windows-server-519,Microsoft,Windows Server,3.2.72,Critical,Yes
A00520,microsoft-exchange-server-520,Microsoft,Exchange Server,5.9.88,Critical,No
A00521,vmware-esxi-521,VMware,ESXi,7.3.47,Critical,No
A00522,apache-apache-http-server-522,Apache,Apache HTTP Server,8.6.21,Medium,No
A00523,apache-tomcat-523,Apache,Tomcat,4.0.11,Low,No
A00524,vmware-vcenter-524,VMware,vCenter,3.5.14,High,Yes
A00525,microsoft-exchange-server-525,Microsoft,Exchange Server,5.6.24,High,No
A00526,linux-redhat-526,Linux,RedHat,7.7.58,High,No
A00527,vmware-esxi-527,VMware,ESXi,5.9.20,Medium,No
A00528,apache-apache-http-server-528,Apache,Apache HTTP Server,4.9.77,High,Yes
A00529,linux-redhat-529,Linux,RedHat,8.5.41,Low,No
A00530,apache-apache-http-server-530,Apache,Apache HTTP Server,1.7.29,High,No
A00531,microsoft-windows-server-531,Microsoft,Windows Server,5.2.76,Low,No
A00532,apache-tomcat-532,Apache,Tomcat,10.1.70,Medium,No
A00533,cisco-meraki-533,Cisco,Meraki,7.5.67,Medium,No
A00534,microsoft-sql-server-534,Microsoft,SQL Server,4.4.25,Low,No
A00535,oracle-oracle-db-535,Oracle,Oracle DB,10.4.66,High,No
A00536,cisco-ios-xe-536,Cisco,IOS XE,8.0.43,High,No
A00537,vmware-vcenter-537,VMware,vCenter,3.1.9,High,No
A00538,apache-apache-http-server-538,Apache,Apache HTTP Server,4.6.96,Medium,No
A00539,apache-tomcat-539,Apache,Tomcat,8.7.49,Critical,Yes
A00540,apache-apache-http-server-540,Apache,Apache HTTP Server,2.3.8,High,Yes
A00541,microsoft-sql-server-541,Microsoft,SQL Server,3.8.45,High,No
A00542,microsoft-sql-server-542,Microsoft,SQL Server,4.9.30,Critical,No
A00543,apache-tomcat-543,Apache,Tomcat,7.5.41,Critical,No
A00544,oracle-oracle-db-544,Oracle,Oracle DB,10.8.49,Critical,No
A00545,microsoft-sql-server-545,Microsoft,SQL Server,5.8.80,Critical,No
A00546,microsoft-exchange-server-546,Microsoft,Exchange Server,1.8.72,High,No
A00547,vmware-vcenter-547,VMware,vCenter,8.3.59,High,No
A00548,linux-ubuntu-548,Linux,Ubuntu,7.1.11,Critical,No
A00549,oracle-weblogic-549,Oracle,WebLogic,1.4.92,Critical,No
A00550,cisco-ios-xe-550,Cisco,IOS XE,3.0.12,High,No
A00551,cisco-meraki-551,Cisco,Meraki,2.7.20,Medium,Yes
A00552,linux-ubuntu-552,Linux,Ubuntu,2.0.0,High,No
A00553,oracle-oracle-db-553,Oracle,Oracle DB,10.9.53,Critical,Yes
A00554,linux-centos-554,Linux,CentOS,6.4.79,Low,No
A00555,apache-apache-http-server-555,Apache,Apache HTTP Server,4.6.33,High,Yes
A00556,microsoft-exchange-server-556,Microsoft,Exchange Server,7.2.8,Low,Yes
A00557,linux-ubuntu-557,Linux,Ubuntu,9.3.0,Medium,No
A00558,vmware-esxi-558,VMware,ESXi,1.6.19,Medium,Yes
A00559,oracle-weblogic-559,Oracle,WebLogic,10.4.61,Medium,Yes
A00560,apache-apache-http-server-560,Apache,Apache HTTP Server,5.2.20,Medium,No
A00561,oracle-weblogic-561,Oracle,WebLogic,6.6.31,High,Yes
A00562,apache-tomcat-562,Apache,Tomcat,6.8.93,Low,No
A00563,linux-redhat-563,Linux,RedHat,8.3.46,Low,No
A00564,microsoft-sql-server-564,Microsoft,SQL Server,4.4.49,High,Yes
A00565,apache-tomcat-565,Apache,Tomcat,9.4.15,Critical,No
A00566,microsoft-sql-server-566,Microsoft,SQL Server,5.5.54,Low,Yes
A00567,linux-redhat-567,Linux,RedHat,9.7.1,Medium,Yes
A00568,vmware-esxi-568,VMware,ESXi,1.6.19,Medium,No
A00569,microsoft-sql-server-569,Microsoft,SQL Server,2.8.28,Low,Yes
A00570,linux-redhat-570,Linux,RedHat,4.6.8,Medium,No
A00571,linux-centos-571,Linux,CentOS,3.7.38,Medium,No
A00572,linux-centos-572,Linux,CentOS,7.6.0,High,Yes
A00573,apache-apache-http-server-573,Apache,Apache HTTP Server,9.4.39,Medium,No
A00574,linux-centos-574,Linux,CentOS,6.8.38,High,No
A00575,linux-centos-575,Linux,CentOS,3.8.70,High,Yes
A00576,microsoft-sql-server-576,Microsoft,SQL Server,5.5.70,Critical,No
A00577,cisco-asa-577,Cisco,ASA,7.9.47,Critical,No
A00578,oracle-oracle-db-578,Oracle,Oracle DB,3.8.66,High,No
A00579,vmware-esxi-579,VMware,ESXi,9.5.56,Medium,No
A00580,oracle-weblogic-580,Oracle,WebLogic,1.5.31,Medium,No
A00581,apache-tomcat-581,Apache,Tomcat,2.0.69,High,No
A00582,cisco-asa-582,Cisco,ASA,10.2.47,High,Yes
A00583,oracle-weblogic-583,Oracle,WebLogic,10.8.45,Critical,No
A00584,microsoft-windows-server-584,Microsoft,Windows Server,10.4.4,Medium,Yes
A00585,apache-apache-http-server-585,Apache,Apache HTTP Server,9.4.63,Medium,No
A00586,linux-redhat-586,Linux,RedHat,6.2.95,High,No
A00587,linux-centos-587,Linux,CentOS,1.8.54,Medium,No
A00588,microsoft-exchange-server-588,Microsoft,Exchange Server,4.7.34,High,No
A00589,vmware-vcenter-589,VMware,vCenter,9.8.11,Low,No
A00590,vmware-esxi-590,VMware,ESXi,6.3.87,Medium,Yes
A00591,oracle-oracle-db-591,Oracle,Oracle DB,5.1.20,Low,Yes
A00592,oracle-oracle-db-592,Oracle,Oracle DB,7.2.53,Critical,No
A00593,vmware-esxi-593,VMware,ESXi,10.2.88,Critical,No
A00594,oracle-oracle-db-594,Oracle,Oracle DB,7.4.95,Low,No
A00595,vmware-esxi-595,VMware,ESXi,6.9.22,Critical,No
A00596,oracle-weblogic-596,Oracle,WebLogic,5.6.32,Low,Yes
A00597,linux-redhat-597,Linux,RedHat,9.8.64,Critical,No
A00598,microsoft-windows-server-598,Microsoft,Windows Server,4.5.28,High,Yes
A00599,apache-tomcat-599,Apache,Tomcat,2.0.73,High,Yes
A00600,vmware-vcenter-600,VMware,vCenter,7.0.14,High,No
A00601,vmware-vcenter-601,VMware,vCenter,8.6.17,Critical,No
A00602,vmware-vcenter-602,VMware,vCenter,5.7.59,High,Yes
A00603,oracle-weblogic-603,Oracle,WebLogic,2.3.17,Low,No
A00604,oracle-oracle-db-604,Oracle,Oracle DB,7.1.53,High,No
A00605,linux-ubuntu-605,Linux,Ubuntu,5.9.1,Low,Yes
A00606,microsoft-exchange-server-606,Microsoft,Exchange Server,7.1.76,Critical,No
A00607,cisco-ios-xe-607,Cisco,IOS XE,2.4.55,Low,Yes
A00608,apache-apache-http-server-608,Apache,Apache HTTP Server,7.4.42,Medium,No
A00609,vmware-vcenter-609,VMware,vCenter,10.0.15,Medium,Yes
A00610,linux-redhat-610,Linux,RedHat,8.8.35,Low,Yes
A00611,vmware-vcenter-611,VMware,vCenter,1.7.1,High,No
A00612,vmware-vcenter-612,VMware,vCenter,3.8.99,Medium,No
A00613,vmware-esxi-613,VMware,ESXi,8.8.86,High,Yes
A00614,vmware-vcenter-614,VMware,vCenter,10.9.43,High,No
A00615,cisco-meraki-615,Cisco,Meraki,1.4.49,High,No
A00616,oracle-weblogic-616,Oracle,WebLogic,8.8.82,Medium,Yes
A00617,linux-redhat-617,Linux,RedHat,6.9.70,High,No
A00618,microsoft-windows-server-618,Microsoft,Windows Server,7.2.84,Critical,No
A00619,oracle-weblogic-619,Oracle,WebLogic,4.8.94,Low,No
A00620,vmware-esxi-620,VMware,ESXi,6.1.21,High,No
A00621,cisco-meraki-621,Cisco,Meraki,5.4.85,Critical,No
A00622,apache-tomcat-622,Apache,Tomcat,8.9.76,Medium,No
A00623,vmware-esxi-623,VMware,ESXi,6.9.66,Critical,Yes
A00624,oracle-oracle-db-624,Oracle,Oracle DB,5.0.9,High,No
A00625,vmware-esxi-625,VMware,ESXi,6.5.33,Critical,Yes
A00626,vmware-esxi-626,VMware,ESXi,3.2.24,Low,No
A00627,cisco-meraki-627,Cisco,Meraki,7.9.5,High,Yes
A00628,oracle-weblogic-628,Oracle,WebLogic,10.3.39,Critical,No
A00629,linux-ubuntu-629,Linux,Ubuntu,1.4.88,High,No
A00630,linux-centos-630,Linux,CentOS,5.3.20,Low,Yes
A00631,cisco-ios-xe-631,Cisco,IOS XE,5.9.66,High,No
A00632,oracle-weblogic-632,Oracle,WebLogic,7.7.97,Critical,Yes
A00633,apache-tomcat-633,Apache,Tomcat,7.4.44,Medium,Yes
A00634,vmware-vcenter-634,VMware,vCenter,10.0.45,Low,Yes
A00635,linux-redhat-635,Linux,RedHat,4.2.4,Low,Yes
A00636,linux-redhat-636,Linux,RedHat,6.0.10,High,No
A00637,vmware-esxi-637,VMware,ESXi,1.1.91,High,No
A00638,linux-ubuntu-638,Linux,Ubuntu,7.1.93,High,Yes
A00639,oracle-oracle-db-639,Oracle,Oracle DB,9.1.39,Critical,No
A00640,oracle-oracle-db-640,Oracle,Oracle DB,10.8.46,Medium,No
A00641,apache-tomcat-641,Apache,Tomcat,10.4.66,Low,Yes
A00642,linux-centos-642,Linux,CentOS,9.7.52,High,Yes
A00643,apache-tomcat-643,Apache,Tomcat,9.9.65,Critical,No
A00644,linux-redhat-644,Linux,RedHat,7.9.92,Medium,Yes
A00645,cisco-asa-645,Cisco,ASA,6.1.1,Critical,No
A00646,vmware-vcenter-646,VMware,vCenter,5.3.0,Medium,No
A00647,cisco-meraki-647,Cisco,Meraki,10.5.29,Low,Yes
A00648,cisco-meraki-648,Cisco,Meraki,6.7.21,Critical,Yes
A00649,vmware-vcenter-649,VMware,vCenter,6.9.37,High,Yes
A00650,oracle-oracle-db-650,Oracle,Oracle DB,4.7.73,High,No
A00651,vmware-vcenter-651,VMware,vCenter,3.9.4,Low,No
A00652,linux-redhat-652,Linux,RedHat,9.1.59,Low,No
A00653,oracle-oracle-db-653,Oracle,Oracle DB,6.7.16,Low,No
A00654,apache-tomcat-654,Apache,Tomcat,4.4.33,Medium,Yes
A00655,microsoft-exchange-server-655,Microsoft,Exchange Server,10.6.39,Medium,No
A00656,vmware-esxi-656,VMware,ESXi,7.5.28,High,No
A00657,linux-ubuntu-657,Linux,Ubuntu,3.6.16,Medium,No
A00658,microsoft-sql-server-658,Microsoft,SQL Server,8.2.1,High,No
A00659,oracle-oracle-db-659,Oracle,Oracle DB,3.3.20,High,Yes
A00660,microsoft-exchange-server-660,Microsoft,Exchange Server,5.7.77,Low,No
A00661,cisco-ios-xe-661,Cisco,IOS XE,6.3.64,Critical,Yes
A00662,linux-redhat-662,Linux,RedHat,5.4.26,Medium,Yes
A00663,cisco-asa-663,Cisco,ASA,4.0.99,Critical,No
A00664,microsoft-windows-server-664,Microsoft,Windows Server,7.5.17,Critical,No
A00665,oracle-oracle-db-665,Oracle,Oracle DB,3.4.44,Medium,Yes
A00666,microsoft-sql-server-666,Microsoft,SQL Server,2.3.59,Medium,No
A00667,linux-ubuntu-667,Linux,Ubuntu,9.9.98,High,Yes
A00668,oracle-oracle-db-668,Oracle,Oracle DB,6.2.19,Low,Yes
A00669,linux-ubuntu-669,Linux,Ubuntu,6.2.68,Medium,No
A00670,vmware-vcenter-670,VMware,vCenter,3.2.56,High,Yes
A00671,vmware-esxi-671,VMware,ESXi,7.8.78,Low,No
A00672,cisco-asa-672,Cisco,ASA,6.0.38,Critical,No
A00673,oracle-oracle-db-673,Oracle,Oracle DB,6.6.82,High,Yes
A00674,cisco-asa-674,Cisco,ASA,3.6.97,High,No
A00675,vmware-esxi-675,VMware,ESXi,4.8.60,High,No
A00676,oracle-weblogic-676,Oracle,WebLogic,3.1.84,High,No
A00677,oracle-oracle-db-677,Oracle,Oracle DB,1.0.50,Low,No
A00678,vmware-esxi-678,VMware,ESXi,3.6.29,High,Yes
A00679,cisco-ios-xe-679,Cisco,IOS XE,6.3.32,High,No
A00680,vmware-esxi-680,VMware,ESXi,1.7.73,Medium,Yes
A00681,vmware-vcenter-681,VMware,vCenter,3.9.27,Low,Yes
A00682,linux-redhat-682,Linux,RedHat,1.4.87,High,No
A00683,apache-apache-http-server-683,Apache,Apache HTTP Server,3.3.34,Low,No
A00684,apache-apache-http-server-684,Apache,Apache HTTP Server,4.9.61,Low,No
A00685,oracle-oracle-db-685,Oracle,Oracle DB,8.9.69,Medium,Yes
A00686,vmware-vcenter-686,VMware,vCenter,6.6.20,Medium,No
A00687,microsoft-exchange-server-687,Microsoft,Exchange Server,6.3.33,Low,No
A00688,apache-apache-http-server-688,Apache,Apache HTTP Server,3.6.87,Medium,No
A00689,oracle-weblogic-689,Oracle,WebLogic,9.1.89,Medium,Yes
A00690,apache-tomcat-690,Apache,Tomcat,6.6.72,High,No
A00691,microsoft-exchange-server-691,Microsoft,Exchange Server,3.3.69,Low,No
A00692,vmware-vcenter-692,VMware,vCenter,6.5.97,High,No
A00693,linux-centos-693,Linux,CentOS,7.8.1,Medium,No
A00694,linux-redhat-694,Linux,RedHat,10.3.39,Critical,No
A00695,cisco-meraki-695,Cisco,Meraki,8.9.46,Critical,Yes
A00696,microsoft-sql-server-696,Microsoft,SQL Server,4.4.34,Medium,Yes
A00697,cisco-meraki-697,Cisco,Meraki,3.3.1,Medium,No
A00698,microsoft-exchange-server-698,Microsoft,Exchange Server,5.8.93,High,Yes
A00699,linux-centos-699,Linux,CentOS,8.5.41,Medium,No
A00700,microsoft-sql-server-700,Microsoft,SQL Server,8.7.83,Medium,No
A00701,apache-apache-http-server-701,Apache,Apache HTTP Server,10.2.64,High,No
A00702,oracle-oracle-db-702,Oracle,Oracle DB,2.1.55,High,Yes
A00703,vmware-esxi-703,VMware,ESXi,5.6.83,Critical,No
A00704,vmware-vcenter-704,VMware,vCenter,2.7.24,Low,No
A00705,vmware-vcenter-705,VMware,vCenter,8.1.61,Low,No
A00706,cisco-asa-706,Cisco,ASA,3.4.32,Low,No
A00707,cisco-meraki-707,Cisco,Meraki,5.0.90,High,No
A00708,microsoft-exchange-server-708,Microsoft,Exchange Server,8.9.5,Medium,Yes
A00709,microsoft-windows-server-709,Microsoft,Windows Server,8.0.31,Low,No
A00710,microsoft-exchange-server-710,Microsoft,Exchange Server,3.1.46,Medium,No
A00711,apache-apache-http-server-711,Apache,Apache HTTP Server,3.4.51,High,No
A00712,apache-tomcat-712,Apache,Tomcat,9.3.40,Critical,Yes
A00713,vmware-esxi-713,VMware,ESXi,1.1.22,Medium,No
A00714,apache-apache-http-server-714,Apache,Apache HTTP Server,6.9.99,Medium,No
A00715,apache-tomcat-715,Apache,Tomcat,7.0.69,High,No
A00716,apache-apache-http-server-716,Apache,Apache HTTP Server,4.9.0,Low,No
A00717,microsoft-exchange-server-717,Microsoft,Exchange Server,5.2.80,Medium,Yes
A00718,linux-redhat-718,Linux,RedHat,5.1.69,Low,No
A00719,cisco-asa-719,Cisco,ASA,9.5.50,High,No
A00720,apache-apache-http-server-720,Apache,Apache HTTP Server,4.4.45,High,Yes
A00721,microsoft-windows-server-721,Microsoft,Windows Server,8.7.74,Medium,No
A00722,vmware-esxi-722,VMware,ESXi,9.8.33,Medium,No
A00723,oracle-weblogic-723,Oracle,WebLogic,6.8.12,Medium,Yes
A00724,cisco-meraki-724,Cisco,Meraki,9.1.99,Critical,No
A00725,vmware-esxi-725,VMware,ESXi,9.4.37,Medium,No
A00726,apache-apache-http-server-726,Apache,Apache HTTP Server,1.0.23,Low,No
A00727,apache-tomcat-727,Apache,Tomcat,9.3.9,Critical,No
A00728,microsoft-windows-server-728,Microsoft,Windows Server,5.8.38,Critical,Yes
A00729,cisco-meraki-729,Cisco,Meraki,6.1.25,Low,Yes
A00730,apache-apache-http-server-730,Apache,Apache HTTP Server,8.8.37,High,No
A00731,linux-ubuntu-731,Linux,Ubuntu,10.6.75,High,No
A00732,oracle-oracle-db-732,Oracle,Oracle DB,3.9.67,High,No
A00733,vmware-vcenter-733,VMware,vCenter,8.7.74,Low,Yes
A00734,oracle-oracle-db-734,Oracle,Oracle DB,9.7.67,High,No
A00735,oracle-oracle-db-735,Oracle,Oracle DB,3.4.80,Critical,No
A00736,apache-apache-http-server-736,Apache,Apache HTTP Server,4.2.97,High,No
A00737,oracle-oracle-db-737,Oracle,Oracle DB,6.8.98,High,Yes
A00738,microsoft-exchange-server-738,Microsoft,Exchange Server,8.7.21,Critical,Yes
A00739,vmware-esxi-739,VMware,ESXi,8.2.33,Medium,No
A00740,linux-centos-740,Linux,CentOS,4.9.70,Low,No
A00741,apache-tomcat-741,Apache,Tomcat,2.5.17,Medium,No
A00742,cisco-meraki-742,Cisco,Meraki,5.2.9,Critical,Yes
A00743,microsoft-sql-server-743,Microsoft,SQL Server,7.8.87,Medium,No
A00744,oracle-oracle-db-744,Oracle,Oracle DB,2.2.37,High,No
A00745,microsoft-exchange-server-745,Microsoft,Exchange Server,7.0.7,Critical,Yes
A00746,linux-centos-746,Linux,CentOS,2.5.92,Low,Yes
A00747,vmware-vcenter-747,VMware,vCenter,9.3.5,Medium,No
A00748,oracle-weblogic-748,Oracle,WebLogic,7.8.38,Low,Yes
A00749,vmware-esxi-749,VMware,ESXi,1.7.86,High,No
A00750,oracle-weblogic-750,Oracle,WebLogic,1.4.82,Medium,No
A00751,linux-redhat-751,Linux,RedHat,3.2.26,High,Yes
A00752,linux-ubuntu-752,Linux,Ubuntu,5.4.2,Low,Yes
A00753,linux-centos-753,Linux,CentOS,4.0.34,High,No
A00754,microsoft-exchange-server-754,Microsoft,Exchange Server,2.6.38,Critical,No
A00755,microsoft-exchange-server-755,Microsoft,Exchange Server,8.6.10,High,No
A00756,cisco-asa-756,Cisco,ASA,5.8.95,High,No
A00757,cisco-meraki-757,Cisco,Meraki,10.9.4,Medium,No
A00758,vmware-esxi-758,VMware,ESXi,2.3.52,High,No
A00759,cisco-meraki-759,Cisco,Meraki,10.3.37,Medium,No
A00760,cisco-asa-760,Cisco,ASA,5.5.32,Medium,No
A00761,microsoft-windows-server-761,Microsoft,Windows Server,3.1.22,Critical,Yes
A00762,oracle-oracle-db-762,Oracle,Oracle DB,10.9.66,Low,No
A00763,vmware-vcenter-763,VMware,vCenter,8.9.80,High,No
A00764,oracle-weblogic-764,Oracle,WebLogic,5.9.71,Critical,No
A00765,oracle-oracle-db-765,Oracle,Oracle DB,2.5.29,High,No
A00766,vmware-vcenter-766,VMware,vCenter,2.6.41,Low,No
A00767,vmware-vcenter-767,VMware,vCenter,5.2.17,High,No
A00768,microsoft-sql-server-768,Microsoft,SQL Server,10.8.78,High,Yes
A00769,oracle-oracle-db-769,Oracle,Oracle DB,10.3.88,Medium,No
A00770,vmware-vcenter-770,VMware,vCenter,2.0.21,High,No
A00771,cisco-meraki-771,Cisco,Meraki,2.7.65,High,No
A00772,apache-tomcat-772,Apache,Tomcat,1.5.65,Low,No
A00773,vmware-vcenter-773,VMware,vCenter,10.3.74,Low,No
A00774,linux-ubuntu-774,Linux,Ubuntu,10.6.28,Critical,No
A00775,linux-redhat-775,Linux,RedHat,3.7.96,High,No
A00776,oracle-weblogic-776,Oracle,WebLogic,5.4.50,Low,No
A00777,linux-ubuntu-777,Linux,Ubuntu,4.6.25,Critical,No
A00778,microsoft-windows-server-778,Microsoft,Windows Server,2.6.40,High,No
A00779,oracle-weblogic-779,Oracle,WebLogic,2.4.17,Critical,No
A00780,vmware-esxi-780,VMware,ESXi,4.1.60,Critical,Yes
A00781,microsoft-sql-server-781,Microsoft,SQL Server,1.1.7,Medium,No
A00782,cisco-asa-782,Cisco,ASA,5.8.20,Critical,Yes
A00783,vmware-vcenter-783,VMware,vCenter,8.7.60,Low,Yes
A00784,vmware-esxi-784,VMware,ESXi,1.3.37,Critical,No
A00785,vmware-vcenter-785,VMware,vCenter,4.5.72,Medium,No
A00786,vmware-vcenter-786,VMware,vCenter,4.2.87,Medium,No
A00787,apache-tomcat-787,Apache,Tomcat,6.8.99,Medium,No
A00788,apache-apache-http-server-788,Apache,Apache HTTP Server,5.6.98,Critical,No
A00789,cisco-meraki-789,Cisco,Meraki,3.8.34,Critical,No
A00790,apache-apache-http-server-790,Apache,Apache HTTP Server,3.4.2,High,No
A00791,microsoft-sql-server-791,Microsoft,SQL Server,10.9.79,Critical,Yes
A00792,vmware-vcenter-792,VMware,vCenter,9.4.49,Critical,Yes
A00793,microsoft-windows-server-793,Microsoft,Windows Server,4.3.51,Medium,Yes
A00794,apache-apache-http-server-794,Apache,Apache HTTP Server,5.5.51,Medium,No
A00795,linux-redhat-795,Linux,RedHat,6.3.74,Low,No
A00796,vmware-esxi-796,VMware,ESXi,3.2.20,Critical,No
A00797,microsoft-exchange-server-797,Microsoft,Exchange Server,3.3.30,High,No
A00798,microsoft-windows-server-798,Microsoft,Windows Server,7.0.59,Medium,Yes
A00799,vmware-vcenter-799,VMware,vCenter,3.8.20,Low,No
A00800,linux-ubuntu-800,Linux,Ubuntu,5.9.67,High,No
A00801,apache-tomcat-801,Apache,Tomcat,1.3.37,Medium,No
A00802,oracle-oracle-db-802,Oracle,Oracle DB,7.7.47,Medium,Yes
A00803,cisco-asa-803,Cisco,ASA,10.2.47,Medium,Yes
A00804,vmware-vcenter-804,VMware,vCenter,4.8.62,Critical,Yes
A00805,microsoft-exchange-server-805,Microsoft,Exchange Server,7.5.92,High,No
A00806,linux-redhat-806,Linux,RedHat,9.9.41,Medium,No
A00807,oracle-oracle-db-807,Oracle,Oracle DB,6.6.35,Medium,Yes
A00808,apache-tomcat-808,Apache,Tomcat,5.0.38,Critical,No
A00809,oracle-weblogic-809,Oracle,WebLogic,6.5.61,Medium,No
A00810,apache-apache-http-server-810,Apache,Apache HTTP Server,8.2.38,Low,No
A00811,oracle-weblogic-811,Oracle,WebLogic,6.1.43,High,Yes
A00812,linux-centos-812,Linux,CentOS,3.2.36,Low,No
A00813,cisco-asa-813,Cisco,ASA,2.5.65,Low,Yes
A00814,microsoft-windows-server-814,Microsoft,Windows Server,10.3.36,Critical,No
A00815,apache-apache-http-server-815,Apache,Apache HTTP Server,8.5.21,High,No
A00816,apache-tomcat-816,Apache,Tomcat,2.6.9,Low,No
A00817,oracle-weblogic-817,Oracle,WebLogic,4.5.30,High,Yes
A00818,microsoft-sql-server-818,Microsoft,SQL Server,1.1.36,Low,No
A00819,microsoft-sql-server-819,Microsoft,SQL Server,10.4.29,High,No
A00820,apache-apache-http-server-820,Apache,Apache HTTP Server,7.0.19,Medium,No
A00821,oracle-oracle-db-821,Oracle,Oracle DB,7.7.8,Low,No
A00822,cisco-ios-xe-822,Cisco,IOS XE,5.6.74,High,Yes
A00823,apache-apache-http-server-823,Apache,Apache HTTP Server,2.8.61,Medium,No
A00824,cisco-asa-824,Cisco,ASA,2.8.45,Medium,Yes
A00825,cisco-ios-xe-825,Cisco,IOS XE,2.7.46,Medium,No
A00826,apache-tomcat-826,Apache,Tomcat,5.8.37,Medium,No
A00827,cisco-asa-827,Cisco,ASA,9.5.51,High,Yes
A00828,oracle-weblogic-828,Oracle,WebLogic,5.5.24,Medium,No
A00829,linux-centos-829,Linux,CentOS,7.9.92,Critical,No
A00830,linux-centos-830,Linux,CentOS,6.8.90,Critical,Yes
A00831,apache-apache-http-server-831,Apache,Apache HTTP Server,2.3.51,Critical,No
A00832,vmware-vcenter-832,VMware,vCenter,8.7.40,Critical,No
A00833,apache-tomcat-833,Apache,Tomcat,9.4.69,Low,No
A00834,oracle-weblogic-834,Oracle,WebLogic,3.5.62,High,No
A00835,apache-apache-http-server-835,Apache,Apache HTTP Server,7.8.8,Medium,No
A00836,apache-apache-http-server-836,Apache,Apache HTTP Server,3.3.74,Low,Yes
A00837,apache-apache-http-server-837,Apache,Apache HTTP Server,10.3.52,Low,No
A00838,linux-redhat-838,Linux,RedHat,1.5.96,Low,No
A00839,vmware-vcenter-839,VMware,vCenter,1.5.45,Critical,No
A00840,microsoft-sql-server-840,Microsoft,SQL Server,5.9.88,Low,No
A00841,microsoft-windows-server-841,Microsoft,Windows Server,3.9.44,Medium,Yes
A00842,linux-ubuntu-842,Linux,Ubuntu,4.1.1,Medium,No
A00843,linux-redhat-843,Linux,RedHat,1.6.36,High,Yes
A00844,apache-tomcat-844,Apache,Tomcat,5.3.87,Critical,No
A00845,oracle-weblogic-845,Oracle,WebLogic,6.5.96,Medium,Yes
A00846,apache-apache-http-server-846,Apache,Apache HTTP Server,2.1.75,Low,No
A00847,cisco-meraki-847,Cisco,Meraki,5.5.76,High,No
A00848,cisco-meraki-848,Cisco,Meraki,10.8.74,Medium,Yes
A00849,linux-ubuntu-849,Linux,Ubuntu,5.6.34,Low,No
A00850,vmware-vcenter-850,VMware,vCenter,5.9.90,Critical,Yes
A00851,oracle-weblogic-851,Oracle,WebLogic,7.5.77,High,Yes
A00852,vmware-esxi-852,VMware,ESXi,3.7.31,Medium,No
A00853,vmware-esxi-853,VMware,ESXi,3.0.95,Low,No
A00854,vmware-esxi-854,VMware,ESXi,10.2.21,High,No
A00855,linux-redhat-855,Linux,RedHat,2.6.35,Low,Yes
A00856,linux-ubuntu-856,Linux,Ubuntu,3.4.54,Critical,No
A00857,oracle-oracle-db-857,Oracle,Oracle DB,6.1.92,Low,Yes
A00858,oracle-weblogic-858,Oracle,WebLogic,10.1.76,Low,No
A00859,vmware-esxi-859,VMware,ESXi,7.9.94,Low,No
A00860,oracle-oracle-db-860,Oracle,Oracle DB,8.0.36,Low,Yes
A00861,vmware-vcenter-861,VMware,vCenter,6.3.86,Low,Yes
A00862,microsoft-exchange-server-862,Microsoft,Exchange Server,3.1.62,Medium,No
A00863,apache-apache-http-server-863,Apache,Apache HTTP Server,4.6.85,High,No
A00864,linux-ubuntu-864,Linux,Ubuntu,8.1.64,High,No
A00865,vmware-vcenter-865,VMware,vCenter,1.8.3,Medium,Yes
A00866,vmware-esxi-866,VMware,ESXi,2.2.0,High,No
A00867,cisco-ios-xe-867,Cisco,IOS XE,4.2.80,High,No
A00868,microsoft-sql-server-868,Microsoft,SQL Server,7.2.59,Critical,Yes
A00869,oracle-weblogic-869,Oracle,WebLogic,9.6.0,Medium,No
A00870,microsoft-exchange-server-870,Microsoft,Exchange Server,3.3.52,Medium,Yes
A00871,microsoft-sql-server-871,Microsoft,SQL Server,2.5.15,Medium,No
A00872,linux-redhat-872,Linux,RedHat,6.7.93,Medium,No
A00873,apache-apache-http-server-873,Apache,Apache HTTP Server,3.5.72,Medium,Yes
A00874,vmware-esxi-874,VMware,ESXi,1.2.77,Low,Yes
A00875,cisco-meraki-875,Cisco,Meraki,10.6.36,High,Yes
A00876,cisco-asa-876,Cisco,ASA,9.6.55,High,No
A00877,cisco-meraki-877,Cisco,Meraki,7.5.96,Medium,Yes
A00878,oracle-weblogic-878,Oracle,WebLogic,4.1.14,Critical,No
A00879,cisco-meraki-879,Cisco,Meraki,8.3.85,High,No
A00880,linux-ubuntu-880,Linux,Ubuntu,1.9.22,High,No
A00881,microsoft-exchange-server-881,Microsoft,Exchange Server,5.1.3,Medium,No
A00882,cisco-meraki-882,Cisco,Meraki,10.9.56,High,No
A00883,cisco-asa-883,Cisco,ASA,5.7.1,Medium,Yes
A00884,oracle-oracle-db-884,Oracle,Oracle DB,6.9.37,High,No
A00885,cisco-meraki-885,Cisco,Meraki,5.4.97,Low,No
A00886,microsoft-sql-server-886,Microsoft,SQL Server,7.6.68,Low,No
A00887,linux-centos-887,Linux,CentOS,10.6.22,Low,Yes
A00888,apache-apache-http-server-888,Apache,Apache HTTP Server,5.9.4,High,Yes
A00889,cisco-asa-889,Cisco,ASA,7.3.18,Critical,No
A00890,vmware-esxi-890,VMware,ESXi,4.0.35,Low,Yes
A00891,microsoft-windows-server-891,Microsoft,Windows Server,9.2.3,Critical,Yes
A00892,apache-apache-http-server-892,Apache,Apache HTTP Server,9.6.76,Medium,Yes
A00893,oracle-weblogic-893,Oracle,WebLogic,3.5.72,Critical,No
A00894,linux-ubuntu-894,Linux,Ubuntu,4.2.80,High,No
A00895,microsoft-windows-server-895,Microsoft,Windows Server,7.6.21,Low,No
A00896,microsoft-windows-server-896,Microsoft,Windows Server,3.8.9,Critical,No
A00897,oracle-oracle-db-897,Oracle,Oracle DB,6.1.47,Low,No
A00898,oracle-weblogic-898,Oracle,WebLogic,7.3.24,High,No
A00899,linux-redhat-899,Linux,RedHat,1.3.97,Critical,No
A00900,oracle-weblogic-900,Oracle,WebLogic,2.2.27,Low,No
A00901,linux-redhat-901,Linux,RedHat,4.4.25,Critical,Yes
A00902,apache-apache-http-server-902,Apache,Apache HTTP Server,8.5.74,High,No
A00903,cisco-ios-xe-903,Cisco,IOS XE,6.4.65,Low,No
A00904,linux-ubuntu-904,Linux,Ubuntu,2.9.41,High,Yes
A00905,microsoft-windows-server-905,Microsoft,Windows Server,6.7.42,Low,Yes
A00906,apache-apache-http-server-906,Apache,Apache HTTP Server,7.3.68,Critical,No
A00907,linux-ubuntu-907,Linux,Ubuntu,6.5.86,High,Yes
A00908,microsoft-exchange-server-908,Microsoft,Exchange Server,3.1.6,Medium,No
A00909,microsoft-sql-server-909,Microsoft,SQL Server,9.2.1,Medium,No
A00910,cisco-asa-910,Cisco,ASA,7.5.42,Low,Yes
A00911,linux-ubuntu-911,Linux,Ubuntu,2.5.29,Medium,Yes
A00912,oracle-weblogic-912,Oracle,WebLogic,4.3.85,Critical,Yes
A00913,cisco-ios-xe-913,Cisco,IOS XE,5.9.65,High,No
A00914,microsoft-windows-server-914,Microsoft,Windows Server,7.8.82,Low,No
A00915,linux-centos-915,Linux,CentOS,1.8.99,High,No
A00916,vmware-esxi-916,VMware,ESXi,3.0.47,High,No
A00917,linux-redhat-917,Linux,RedHat,10.1.59,Medium,Yes
A00918,microsoft-exchange-server-918,Microsoft,Exchange Server,6.9.13,Low,No
A00919,cisco-meraki-919,Cisco,Meraki,1.6.21,Low,No
A00920,vmware-vcenter-920,VMware,vCenter,2.8.36,Critical,No
A00921,vmware-esxi-921,VMware,ESXi,8.8.2,Critical,No
A00922,apache-apache-http-server-922,Apache,Apache HTTP Server,8.6.41,Low,No
A00923,oracle-oracle-db-923,Oracle,Oracle DB,3.6.16,Medium,Yes
A00924,microsoft-exchange-server-924,Microsoft,Exchange Server,6.1.65,Low,Yes
A00925,oracle-weblogic-925,Oracle,WebLogic,1.5.80,Low,Yes
A00926,cisco-ios-xe-926,Cisco,IOS XE,4.3.12,High,Yes
A00927,linux-redhat-927,Linux,RedHat,5.5.20,Critical,No
A00928,microsoft-windows-server-928,Microsoft,Windows Server,5.1.65,Critical,No
A00929,cisco-meraki-929,Cisco,Meraki,3.1.76,Low,No
A00930,cisco-ios-xe-930,Cisco,IOS XE,9.8.33,Low,No
A00931,apache-apache-http-server-931,Apache,Apache HTTP Server,2.8.58,Medium,No
A00932,cisco-meraki-932,Cisco,Meraki,2.7.52,Low,No
A00933,linux-ubuntu-933,Linux,Ubuntu,4.1.49,Medium,Yes
A00934,vmware-vcenter-934,VMware,vCenter,3.6.84,High,No
A00935,oracle-oracle-db-935,Oracle,Oracle DB,6.9.60,Low,Yes
A00936,microsoft-sql-server-936,Microsoft,SQL Server,9.5.11,Medium,No
A00937,cisco-meraki-937,Cisco,Meraki,4.1.94,Medium,No
A00938,vmware-vcenter-938,VMware,vCenter,1.5.21,High,No
A00939,linux-ubuntu-939,Linux,Ubuntu,9.3.14,Critical,No
A00940,vmware-vcenter-940,VMware,vCenter,6.0.37,Low,No
A00941,apache-tomcat-941,Apache,Tomcat,3.2.27,Low,No
A00942,cisco-meraki-942,Cisco,Meraki,9.4.36,Medium,No
A00943,oracle-oracle-db-943,Oracle,Oracle DB,10.0.42,Low,No
A00944,linux-redhat-944,Linux,RedHat,8.9.65,Critical,No
A00945,vmware-esxi-945,VMware,ESXi,4.7.3,Medium,No
A00946,microsoft-sql-server-946,Microsoft,SQL Server,1.3.5,Critical,Yes
A00947,linux-ubuntu-947,Linux,Ubuntu,5.3.66,Low,No
A00948,cisco-ios-xe-948,Cisco,IOS XE,6.0.58,High,No
A00949,apache-tomcat-949,Apache,Tomcat,3.0.79,Critical,Yes
A00950,vmware-vcenter-950,VMware,vCenter,7.6.28,Low,No
A00951,oracle-weblogic-951,Oracle,WebLogic,10.1.29,High,Yes
A00952,apache-tomcat-952,Apache,Tomcat,9.1.73,Medium,No
A00953,vmware-vcenter-953,VMware,vCenter,8.0.15,Medium,No
A00954,apache-tomcat-954,Apache,Tomcat,6.6.9,Critical,No
A00955,apache-tomcat-955,Apache,Tomcat,10.8.36,High,No
A00956,microsoft-windows-server-956,Microsoft,Windows Server,6.8.18,Critical,No
A00957,linux-centos-957,Linux,CentOS,8.6.87,Critical,Yes
A00958,apache-tomcat-958,Apache,Tomcat,7.2.50,Medium,Yes
A00959,linux-centos-959,Linux,CentOS,10.1.24,High,No
A00960,linux-ubuntu-960,Linux,Ubuntu,4.7.32,Low,No
A00961,apache-tomcat-961,Apache,Tomcat,3.4.87,Medium,No
A00962,apache-tomcat-962,Apache,Tomcat,6.1.58,Medium,No
A00963,vmware-esxi-963,VMware,ESXi,4.0.77,Medium,No
A00964,apache-apache-http-server-964,Apache,Apache HTTP Server,4.4.91,Medium,No
A00965,vmware-vcenter-965,VMware,vCenter,6.7.56,High,No
A00966,microsoft-windows-server-966,Microsoft,Windows Server,8.7.51,Medium,No
A00967,apache-apache-http-server-967,Apache,Apache HTTP Server,9.3.60,High,No
A00968,cisco-meraki-968,Cisco,Meraki,2.7.38,Low,No
A00969,vmware-esxi-969,VMware,ESXi,7.8.50,Critical,Yes
A00970,apache-apache-http-server-970,Apache,Apache HTTP Server,3.5.36,High,No
A00971,microsoft-exchange-server-971,Microsoft,Exchange Server,3.2.32,High,Yes
A00972,linux-redhat-972,Linux,RedHat,9.1.22,Medium,No
A00973,apache-apache-http-server-973,Apache,Apache HTTP Server,6.7.53,Low,No
A00974,apache-tomcat-974,Apache,Tomcat,9.2.71,Medium,No
A00975,cisco-ios-xe-975,Cisco,IOS XE,9.8.62,High,No
A00976,linux-centos-976,Linux,CentOS,4.2.85,Medium,No
A00977,cisco-ios-xe-977,Cisco,IOS XE,4.4.99,Critical,No
A00978,apache-apache-http-server-978,Apache,Apache HTTP Server,9.3.17,High,No
A00979,apache-tomcat-979,Apache,Tomcat,10.2.42,Low,No
A00980,apache-apache-http-server-980,Apache,Apache HTTP Server,4.0.97,High,No
A00981,microsoft-exchange-server-981,Microsoft,Exchange Server,5.8.29,High,No
A00982,apache-apache-http-server-982,Apache,Apache HTTP Server,9.8.57,Medium,No
A00983,microsoft-windows-server-983,Microsoft,Windows Server,8.8.99,Low,No
A00984,oracle-oracle-db-984,Oracle,Oracle DB,10.8.0,Critical,No
A00985,apache-tomcat-985,Apache,Tomcat,4.9.80,High,Yes
A00986,apache-tomcat-986,Apache,Tomcat,7.5.35,High,No
A00987,oracle-oracle-db-987,Oracle,Oracle DB,6.1.93,Medium,Yes
A00988,cisco-ios-xe-988,Cisco,IOS XE,7.9.8,Critical,Yes
A00989,cisco-meraki-989,Cisco,Meraki,5.7.1,Low,No
A00990,microsoft-exchange-server-990,Microsoft,Exchange Server,4.4.36,Medium,No
A00991,apache-tomcat-991,Apache,Tomcat,8.1.33,Critical,Yes
A00992,vmware-esxi-992,VMware,ESXi,4.0.7,High,Yes
A00993,linux-redhat-993,Linux,RedHat,4.6.2,Medium,No
A00994,oracle-weblogic-994,Oracle,WebLogic,4.6.10,Medium,No
A00995,vmware-vcenter-995,VMware,vCenter,9.1.17,Low,No
A00996,linux-ubuntu-996,Linux,Ubuntu,6.7.13,Critical,Yes
A00997,microsoft-exchange-server-997,Microsoft,Exchange Server,8.5.95,Critical,No
A00998,cisco-ios-xe-998,Cisco,IOS XE,5.5.7,High,No
A00999,apache-tomcat-999,Apache,Tomcat,8.3.41,Critical,Yes
A01000,microsoft-sql-server-1000,Microsoft,SQL Server,10.3.29,Low,Yes
A01001,vmware-vcenter-1001,VMware,vCenter,8.7.79,Critical,No
A01002,apache-apache-http-server-1002,Apache,Apache HTTP Server,6.2.72,Critical,Yes
A01003,vmware-vcenter-1003,VMware,vCenter,9.8.37,Critical,No
A01004,cisco-ios-xe-1004,Cisco,IOS XE,9.3.95,Medium,No
A01005,vmware-esxi-1005,VMware,ESXi,3.6.37,Critical,Yes
A01006,microsoft-windows-server-1006,Microsoft,Windows Server,8.8.84,Medium,Yes
A01007,apache-tomcat-1007,Apache,Tomcat,1.8.58,High,No
A01008,cisco-ios-xe-1008,Cisco,IOS XE,6.1.59,Medium,Yes
A01009,oracle-weblogic-1009,Oracle,WebLogic,1.2.29,Low,No
A01010,apache-apache-http-server-1010,Apache,Apache HTTP Server,6.8.0,High,No
A01011,cisco-asa-1011,Cisco,ASA,7.8.50,Low,No
A01012,linux-redhat-1012,Linux,RedHat,7.5.30,High,No
A01013,cisco-ios-xe-1013,Cisco,IOS XE,3.8.10,Medium,No
A01014,cisco-asa-1014,Cisco,ASA,3.7.53,Low,No
A01015,cisco-asa-1015,Cisco,ASA,3.4.89,High,No
A01016,cisco-asa-1016,Cisco,ASA,8.7.39,Critical,No
A01017,linux-ubuntu-1017,Linux,Ubuntu,8.5.92,High,No
A01018,oracle-oracle-db-1018,Oracle,Oracle DB,9.7.45,Critical,No
A01019,oracle-weblogic-1019,Oracle,WebLogic,7.2.91,Low,No
A01020,linux-ubuntu-1020,Linux,Ubuntu,8.4.97,Critical,Yes
A01021,apache-tomcat-1021,Apache,Tomcat,1.3.89,Medium,No
A01022,linux-redhat-1022,Linux,RedHat,7.0.70,High,No
A01023,apache-tomcat-1023,Apache,Tomcat,5.3.15,Critical,No
A01024,apache-apache-http-server-1024,Apache,Apache HTTP Server,8.9.79,High,No
A01025,microsoft-exchange-server-1025,Microsoft,Exchange Server,10.1.66,High,No
A01026,oracle-weblogic-1026,Oracle,WebLogic,2.2.4,Medium,Yes
A01027,oracle-weblogic-1027,Oracle,WebLogic,7.7.30,Low,Yes
A01028,oracle-oracle-db-1028,Oracle,Oracle DB,5.5.38,Critical,No
A01029,vmware-vcenter-1029,VMware,vCenter,5.2.89,Low,Yes
A01030,oracle-oracle-db-1030,Oracle,Oracle DB,7.4.6,Low,Yes
A01031,apache-tomcat-1031,Apache,Tomcat,4.4.80,Critical,No
A01032,linux-ubuntu-1032,Linux,Ubuntu,2.2.42,Low,No
A01033,oracle-oracle-db-1033,Oracle,Oracle DB,10.7.34,Critical,Yes
A01034,apache-apache-http-server-1034,Apache,Apache HTTP Server,10.6.36,Critical,No
A01035,linux-redhat-1035,Linux,RedHat,4.9.71,High,No
A01036,vmware-esxi-1036,VMware,ESXi,7.5.72,High,No
A01037,linux-redhat-1037,Linux,RedHat,6.7.52,High,Yes
A01038,apache-apache-http-server-1038,Apache,Apache HTTP Server,5.5.42,Medium,No
A01039,linux-redhat-1039,Linux,RedHat,9.3.70,Low,No
A01040,linux-ubuntu-1040,Linux,Ubuntu,9.0.18,Low,Yes
A01041,oracle-weblogic-1041,Oracle,WebLogic,7.2.72,High,Yes
A01042,cisco-asa-1042,Cisco,ASA,8.2.76,High,No
A01043,microsoft-sql-server-1043,Microsoft,SQL Server,7.2.34,Critical,No
A01044,cisco-ios-xe-1044,Cisco,IOS XE,7.4.41,High,No
A01045,linux-centos-1045,Linux,CentOS,9.6.9,High,No
A01046,vmware-esxi-1046,VMware,ESXi,2.2.78,Low,No
A01047,linux-centos-1047,Linux,CentOS,6.7.17,Low,No
A01048,vmware-esxi-1048,VMware,ESXi,4.2.17,High,No
A01049,oracle-weblogic-1049,Oracle,WebLogic,7.0.21,Critical,No
A01050,vmware-vcenter-1050,VMware,vCenter,6.8.74,Medium,No
A01051,cisco-asa-1051,Cisco,ASA,6.4.15,High,Yes
A01052,oracle-weblogic-1052,Oracle,WebLogic,1.3.5,Medium,Yes
A01053,oracle-weblogic-1053,Oracle,WebLogic,7.4.65,High,Yes
A01054,microsoft-sql-server-1054,Microsoft,SQL Server,10.6.93,Medium,No
A01055,vmware-vcenter-1055,VMware,vCenter,4.6.93,High,Yes
A01056,apache-tomcat-1056,Apache,Tomcat,5.8.42,Critical,No
A01057,oracle-weblogic-1057,Oracle,WebLogic,8.6.5,High,No
A01058,linux-centos-1058,Linux,CentOS,4.0.84,High,No
A01059,microsoft-sql-server-1059,Microsoft,SQL Server,3.3.74,High,No
A01060,vmware-vcenter-1060,VMware,vCenter,3.9.94,Critical,No
A01061,cisco-ios-xe-1061,Cisco,IOS XE,5.8.59,High,No
A01062,oracle-weblogic-1062,Oracle,WebLogic,6.9.33,Medium,No
A01063,vmware-vcenter-1063,VMware,vCenter,2.5.67,High,Yes
A01064,apache-apache-http-server-1064,Apache,Apache HTTP Server,5.7.51,Medium,Yes
A01065,vmware-vcenter-1065,VMware,vCenter,4.0.93,High,No
A01066,apache-apache-http-server-1066,Apache,Apache HTTP Server,9.8.77,Medium,No
A01067,apache-apache-http-server-1067,Apache,Apache HTTP Server,2.4.70,High,No
A01068,cisco-meraki-1068,Cisco,Meraki,5.2.49,Critical,No
A01069,oracle-oracle-db-1069,Oracle,Oracle DB,5.8.53,Critical,No
A01070,vmware-vcenter-1070,VMware,vCenter,3.5.87,Low,No
A01071,apache-apache-http-server-1071,Apache,Apache HTTP Server,8.9.85,Critical,No
A01072,vmware-esxi-1072,VMware,ESXi,6.3.75,Medium,Yes
A01073,linux-ubuntu-1073,Linux,Ubuntu,5.3.59,Medium,No
A01074,linux-ubuntu-1074,Linux,Ubuntu,4.7.75,Medium,Yes
A01075,oracle-oracle-db-1075,Oracle,Oracle DB,5.8.76,Low,Yes
A01076,microsoft-windows-server-1076,Microsoft,Windows Server,3.8.49,Critical,Yes
A01077,apache-apache-http-server-1077,Apache,Apache HTTP Server,10.0.68,Critical,No
A01078,oracle-weblogic-1078,Oracle,WebLogic,4.7.92,Critical,Yes
A01079,microsoft-windows-server-1079,Microsoft,Windows Server,6.7.45,Low,Yes
A01080,oracle-oracle-db-1080,Oracle,Oracle DB,9.2.63,High,No
A01081,microsoft-windows-server-1081,Microsoft,Windows Server,10.7.18,Low,Yes
A01082,linux-centos-1082,Linux,CentOS,2.1.45,Medium,No
A01083,vmware-esxi-1083,VMware,ESXi,4.7.72,High,No
A01084,apache-apache-http-server-1084,Apache,Apache HTTP Server,5.0.80,High,No
A01085,vmware-vcenter-1085,VMware,vCenter,6.8.39,High,No
A01086,linux-centos-1086,Linux,CentOS,10.5.98,Medium,No
A01087,vmware-vcenter-1087,VMware,vCenter,4.7.77,Medium,No
A01088,apache-apache-http-server-1088,Apache,Apache HTTP Server,7.5.65,High,No
A01089,apache-apache-http-server-1089,Apache,Apache HTTP Server,5.5.36,High,No
A01090,vmware-esxi-1090,VMware,ESXi,9.3.52,Critical,No
A01091,vmware-vcenter-1091,VMware,vCenter,1.3.28,Low,No
A01092,linux-centos-1092,Linux,CentOS,4.6.46,High,Yes
A01093,oracle-oracle-db-1093,Oracle,Oracle DB,8.1.61,Medium,No
A01094,apache-apache-http-server-1094,Apache,Apache HTTP Server,1.6.97,Critical,No
A01095,linux-ubuntu-1095,Linux,Ubuntu,6.9.55,High,Yes
A01096,oracle-weblogic-1096,Oracle,WebLogic,7.4.27,Critical,No
A01097,oracle-weblogic-1097,Oracle,WebLogic,6.4.1,Medium,No
A01098,oracle-weblogic-1098,Oracle,WebLogic,3.0.68,High,No
A01099,linux-ubuntu-1099,Linux,Ubuntu,1.4.50,High,No
A01100,apache-apache-http-server-1100,Apache,Apache HTTP Server,10.9.57,Medium,Yes
A01101,cisco-asa-1101,Cisco,ASA,8.0.50,High,No
A01102,cisco-meraki-1102,Cisco,Meraki,4.8.32,High,No
A01103,oracle-weblogic-1103,Oracle,WebLogic,9.1.75,Medium,No
A01104,linux-centos-1104,Linux,CentOS,4.1.38,High,No
A01105,microsoft-windows-server-1105,Microsoft,Windows Server,5.6.57,Medium,Yes
A01106,vmware-vcenter-1106,VMware,vCenter,10.9.14,High,No
A01107,linux-centos-1107,Linux,CentOS,8.2.95,High,Yes
A01108,linux-redhat-1108,Linux,RedHat,2.4.95,High,Yes
A01109,linux-centos-1109,Linux,CentOS,3.9.13,Critical,No
A01110,oracle-oracle-db-1110,Oracle,Oracle DB,2.0.51,Critical,No
A01111,oracle-weblogic-1111,Oracle,WebLogic,8.0.99,Low,No
A01112,cisco-asa-1112,Cisco,ASA,6.9.40,Medium,No
A01113,apache-tomcat-1113,Apache,Tomcat,3.3.49,High,No
A01114,microsoft-windows-server-1114,Microsoft,Windows Server,10.8.21,Critical,No
A01115,linux-centos-1115,Linux,CentOS,6.1.88,Low,No
A01116,cisco-asa-1116,Cisco,ASA,3.4.65,High,No
A01117,vmware-esxi-1117,VMware,ESXi,8.9.76,Low,Yes
A01118,oracle-weblogic-1118,Oracle,WebLogic,8.9.83,High,No
A01119,oracle-weblogic-1119,Oracle,WebLogic,7.8.12,Medium,No
A01120,linux-centos-1120,Linux,CentOS,3.5.27,Low,No
A01121,linux-ubuntu-1121,Linux,Ubuntu,5.8.5,High,No
A01122,oracle-oracle-db-1122,Oracle,Oracle DB,10.3.41,Medium,Yes
A01123,oracle-oracle-db-1123,Oracle,Oracle DB,7.4.8,Medium,No
A01124,microsoft-windows-server-1124,Microsoft,Windows Server,10.3.51,Medium,No
A01125,cisco-asa-1125,Cisco,ASA,5.7.15,High,No
A01126,oracle-oracle-db-1126,Oracle,Oracle DB,7.6.63,High,No
A01127,vmware-vcenter-1127,VMware,vCenter,2.1.33,Critical,No
A01128,vmware-esxi-1128,VMware,ESXi,8.8.9,Critical,No
A01129,microsoft-sql-server-1129,Microsoft,SQL Server,5.2.21,Low,No
A01130,apache-apache-http-server-1130,Apache,Apache HTTP Server,4.1.93,High,No
A01131,cisco-meraki-1131,Cisco,Meraki,8.9.98,Medium,No
A01132,vmware-vcenter-1132,VMware,vCenter,1.6.30,Critical,No
A01133,apache-apache-http-server-1133,Apache,Apache HTTP Server,1.8.59,Critical,No
A01134,microsoft-windows-server-1134,Microsoft,Windows Server,5.2.8,Low,Yes
A01135,microsoft-windows-server-1135,Microsoft,Windows Server,7.4.38,Low,Yes
A01136,apache-apache-http-server-1136,Apache,Apache HTTP Server,5.0.28,Medium,No
A01137,oracle-oracle-db-1137,Oracle,Oracle DB,5.6.1,Low,No
A01138,cisco-asa-1138,Cisco,ASA,6.6.58,Medium,Yes
A01139,oracle-weblogic-1139,Oracle,WebLogic,1.6.14,Critical,No
A01140,microsoft-windows-server-1140,Microsoft,Windows Server,8.6.15,Medium,Yes
A01141,vmware-vcenter-1141,VMware,vCenter,6.2.99,High,No
A01142,apache-tomcat-1142,Apache,Tomcat,7.8.44,Low,No
A01143,vmware-esxi-1143,VMware,ESXi,8.0.69,Low,No
A01144,linux-redhat-1144,Linux,RedHat,2.8.74,Low,Yes
A01145,cisco-ios-xe-1145,Cisco,IOS XE,3.6.90,High,No
A01146,cisco-meraki-1146,Cisco,Meraki,4.7.75,Medium,Yes
A01147,cisco-meraki-1147,Cisco,Meraki,10.8.48,Medium,No
A01148,microsoft-sql-server-1148,Microsoft,SQL Server,8.2.15,High,Yes
A01149,linux-ubuntu-1149,Linux,Ubuntu,1.9.73,Critical,Yes
A01150,oracle-weblogic-1150,Oracle,WebLogic,2.4.84,Critical,No
A01151,linux-centos-1151,Linux,CentOS,4.9.39,High,No
A01152,linux-redhat-1152,Linux,RedHat,3.0.91,High,No
A01153,cisco-ios-xe-1153,Cisco,IOS XE,9.0.64,Critical,No
A01154,microsoft-windows-server-1154,Microsoft,Windows Server,9.3.4,Low,No
A01155,linux-redhat-1155,Linux,RedHat,2.1.25,Critical,No
A01156,apache-apache-http-server-1156,Apache,Apache HTTP Server,1.5.99,High,No
A01157,linux-centos-1157,Linux,CentOS,8.7.80,Medium,No
A01158,cisco-asa-1158,Cisco,ASA,4.1.25,Medium,No
A01159,oracle-oracle-db-1159,Oracle,Oracle DB,1.7.33,High,No
A01160,cisco-asa-1160,Cisco,ASA,10.5.65,Critical,Yes
A01161,cisco-meraki-1161,Cisco,Meraki,2.3.51,Low,Yes
A01162,microsoft-sql-server-1162,Microsoft,SQL Server,1.9.58,Low,No
A01163,vmware-esxi-1163,VMware,ESXi,10.3.50,Medium,No
A01164,apache-tomcat-1164,Apache,Tomcat,5.8.34,High,No
A01165,microsoft-windows-server-1165,Microsoft,Windows Server,5.0.65,Medium,No
A01166,apache-apache-http-server-1166,Apache,Apache HTTP Server,4.0.83,Critical,No
A01167,vmware-esxi-1167,VMware,ESXi,5.1.50,Medium,Yes
A01168,apache-apache-http-server-1168,Apache,Apache HTTP Server,2.7.19,Critical,Yes
A01169,vmware-esxi-1169,VMware,ESXi,2.0.15,Medium,Yes
A01170,apache-apache-http-server-1170,Apache,Apache HTTP Server,6.6.92,High,Yes
A01171,vmware-vcenter-1171,VMware,vCenter,6.6.67,High,No
A01172,vmware-vcenter-1172,VMware,vCenter,7.6.81,High,No
A01173,oracle-oracle-db-1173,Oracle,Oracle DB,7.8.27,Medium,Yes
A01174,oracle-weblogic-1174,Oracle,WebLogic,10.1.70,Low,No
A01175,cisco-asa-1175,Cisco,ASA,9.1.14,Medium,No
A01176,apache-apache-http-server-1176,Apache,Apache HTTP Server,4.3.67,Critical,Yes
A01177,apache-apache-http-server-1177,Apache,Apache HTTP Server,9.1.97,High,No
A01178,linux-ubuntu-1178,Linux,Ubuntu,1.5.42,Low,Yes
A01179,oracle-weblogic-1179,Oracle,WebLogic,9.3.18,Critical,No
A01180,cisco-meraki-1180,Cisco,Meraki,2.3.43,Medium,Yes
A01181,vmware-vcenter-1181,VMware,vCenter,4.7.18,High,No
A01182,apache-apache-http-server-1182,Apache,Apache HTTP Server,3.4.67,Low,No
A01183,microsoft-sql-server-1183,Microsoft,SQL Server,4.0.14,Critical,No
A01184,oracle-weblogic-1184,Oracle,WebLogic,3.6.17,High,No
A01185,oracle-weblogic-1185,Oracle,WebLogic,1.8.38,Low,No
A01186,apache-tomcat-1186,Apache,Tomcat,4.4.76,Critical,No
A01187,oracle-weblogic-1187,Oracle,WebLogic,4.6.36,High,No
A01188,oracle-weblogic-1188,Oracle,WebLogic,1.9.82,Low,Yes
A01189,microsoft-windows-server-1189,Microsoft,Windows Server,8.4.40,High,No
A01190,oracle-weblogic-1190,Oracle,WebLogic,7.1.87,High,No
A01191,vmware-vcenter-1191,VMware,vCenter,5.7.79,Critical,No
A01192,microsoft-exchange-server-1192,Microsoft,Exchange Server,6.3.99,High,Yes
A01193,microsoft-sql-server-1193,Microsoft,SQL Server,6.8.20,Low,Yes
A01194,linux-redhat-1194,Linux,RedHat,5.9.27,High,No
A01195,cisco-meraki-1195,Cisco,Meraki,3.3.37,High,Yes
A01196,microsoft-sql-server-1196,Microsoft,SQL Server,6.8.26,Medium,No
A01197,microsoft-windows-server-1197,Microsoft,Windows Server,5.2.86,Medium,No
A01198,cisco-ios-xe-1198,Cisco,IOS XE,4.3.34,Low,No
A01199,oracle-weblogic-1199,Oracle,WebLogic,2.1.48,Low,Yes
A01200,oracle-weblogic-1200,Oracle,WebLogic,8.5.86,Critical,Yes
A01201,vmware-vcenter-1201,VMware,vCenter,10.9.61,Medium,Yes
A01202,microsoft-sql-server-1202,Microsoft,SQL Server,10.0.43,Critical,No
A01203,vmware-esxi-1203,VMware,ESXi,10.2.36,High,Yes
A01204,oracle-oracle-db-1204,Oracle,Oracle DB,10.9.86,Medium,No
A01205,apache-apache-http-server-1205,Apache,Apache HTTP Server,9.6.49,Critical,No
A01206,linux-redhat-1206,Linux,RedHat,7.2.28,Medium,No
A01207,cisco-meraki-1207,Cisco,Meraki,7.6.7,Medium,No
A01208,oracle-weblogic-1208,Oracle,WebLogic,4.2.71,Medium,No
A01209,apache-tomcat-1209,Apache,Tomcat,8.8.40,High,No
A01210,cisco-asa-1210,Cisco,ASA,2.2.4,Low,No
A01211,microsoft-exchange-server-1211,Microsoft,Exchange Server,5.8.88,High,No
A01212,oracle-oracle-db-1212,Oracle,Oracle DB,10.5.51,Medium,Yes
A01213,oracle-oracle-db-1213,Oracle,Oracle DB,1.9.16,Medium,No
A01214,microsoft-windows-server-1214,Microsoft,Windows Server,4.7.7,Medium,Yes
A01215,linux-redhat-1215,Linux,RedHat,8.5.31,High,No
A01216,linux-redhat-1216,Linux,RedHat,7.1.76,High,Yes
A01217,linux-centos-1217,Linux,CentOS,8.5.92,Low,No
A01218,apache-apache-http-server-1218,Apache,Apache HTTP Server,4.0.57,Medium,No
A01219,linux-centos-1219,Linux,CentOS,10.7.97,Medium,No
A01220,microsoft-windows-server-1220,Microsoft,Windows Server,8.7.9,Low,No
A01221,linux-ubuntu-1221,Linux,Ubuntu,3.0.84,Low,No
A01222,apache-tomcat-1222,Apache,Tomcat,3.4.74,Critical,Yes
A01223,vmware-esxi-1223,VMware,ESXi,8.3.97,Low,No
A01224,oracle-weblogic-1224,Oracle,WebLogic,1.5.26,Critical,No
A01225,microsoft-sql-server-1225,Microsoft,SQL Server,7.5.54,Low,No
A01226,apache-apache-http-server-1226,Apache,Apache HTTP Server,2.4.98,Critical,Yes
A01227,oracle-weblogic-1227,Oracle,WebLogic,7.5.42,Low,Yes
A01228,apache-apache-http-server-1228,Apache,Apache HTTP Server,8.4.10,Medium,Yes
A01229,oracle-weblogic-1229,Oracle,WebLogic,7.6.55,Medium,No
A01230,vmware-vcenter-1230,VMware,vCenter,3.6.33,Critical,No
A01231,vmware-vcenter-1231,VMware,vCenter,5.1.96,Medium,No
A01232,oracle-weblogic-1232,Oracle,WebLogic,10.5.2,High,Yes
A01233,linux-redhat-1233,Linux,RedHat,5.0.59,Critical,No
A01234,microsoft-windows-server-1234,Microsoft,Windows Server,7.3.67,High,No
A01235,vmware-esxi-1235,VMware,ESXi,2.6.58,Low,No
A01236,cisco-ios-xe-1236,Cisco,IOS XE,8.8.63,Low,No
A01237,vmware-esxi-1237,VMware,ESXi,4.9.7,Low,No
A01238,apache-tomcat-1238,Apache,Tomcat,2.9.49,High,No
A01239,microsoft-windows-server-1239,Microsoft,Windows Server,1.0.1,Critical,No
A01240,oracle-oracle-db-1240,Oracle,Oracle DB,3.0.53,High,No
A01241,linux-redhat-1241,Linux,RedHat,9.3.61,Medium,No
A01242,linux-centos-1242,Linux,CentOS,7.9.53,Critical,Yes
A01243,apache-tomcat-1243,Apache,Tomcat,1.3.15,Critical,No
A01244,apache-tomcat-1244,Apache,Tomcat,10.5.43,Medium,Yes
A01245,linux-redhat-1245,Linux,RedHat,4.4.5,Medium,No
A01246,linux-ubuntu-1246,Linux,Ubuntu,5.4.23,High,No
A01247,oracle-weblogic-1247,Oracle,WebLogic,6.3.86,Medium,No
A01248,vmware-esxi-1248,VMware,ESXi,8.4.99,Critical,No
A01249,microsoft-exchange-server-1249,Microsoft,Exchange Server,1.9.41,Critical,No
A01250,cisco-ios-xe-1250,Cisco,IOS XE,4.0.86,Low,No
A01251,vmware-esxi-1251,VMware,ESXi,10.4.25,Low,No
A01252,oracle-oracle-db-1252,Oracle,Oracle DB,8.5.29,High,Yes
A01253,cisco-ios-xe-1253,Cisco,IOS XE,10.9.38,Low,No
A01254,oracle-oracle-db-1254,Oracle,Oracle DB,3.7.16,Critical,Yes
A01255,cisco-asa-1255,Cisco,ASA,6.4.75,High,Yes
A01256,vmware-esxi-1256,VMware,ESXi,8.5.5,High,No
A01257,vmware-esxi-1257,VMware,ESXi,2.5.36,Critical,No
A01258,vmware-vcenter-1258,VMware,vCenter,2.1.75,Medium,Yes
A01259,vmware-esxi-1259,VMware,ESXi,9.9.82,Medium,No
A01260,linux-centos-1260,Linux,CentOS,9.9.91,High,No
A01261,cisco-asa-1261,Cisco,ASA,10.0.93,Low,No
A01262,microsoft-windows-server-1262,Microsoft,Windows Server,7.4.35,Low,No
A01263,microsoft-sql-server-1263,Microsoft,SQL Server,2.8.48,High,Yes
A01264,vmware-esxi-1264,VMware,ESXi,2.9.75,Low,No
A01265,microsoft-sql-server-1265,Microsoft,SQL Server,4.3.48,High,No
A01266,oracle-oracle-db-1266,Oracle,Oracle DB,7.2.13,Low,No
A01267,cisco-ios-xe-1267,Cisco,IOS XE,6.3.39,Critical,No
A01268,cisco-meraki-1268,Cisco,Meraki,1.7.68,High,No
A01269,oracle-oracle-db-1269,Oracle,Oracle DB,4.3.65,Critical,No
A01270,cisco-meraki-1270,Cisco,Meraki,10.5.90,Critical,No
A01271,cisco-asa-1271,Cisco,ASA,7.6.88,Medium,No
A01272,oracle-weblogic-1272,Oracle,WebLogic,4.7.35,Medium,No
A01273,vmware-esxi-1273,VMware,ESXi,10.7.66,Medium,No
A01274,vmware-esxi-1274,VMware,ESXi,10.6.6,Medium,No
A01275,vmware-vcenter-1275,VMware,vCenter,10.1.81,Critical,No
A01276,linux-ubuntu-1276,Linux,Ubuntu,6.4.67,Medium,No
A01277,apache-tomcat-1277,Apache,Tomcat,8.0.72,High,Yes
A01278,apache-tomcat-1278,Apache,Tomcat,10.4.67,Critical,No
A01279,apache-apache-http-server-1279,Apache,Apache HTTP Server,3.3.36,High,No
A01280,oracle-oracle-db-1280,Oracle,Oracle DB,6.6.99,Low,No
A01281,oracle-oracle-db-1281,Oracle,Oracle DB,10.1.86,High,Yes
A01282,oracle-oracle-db-1282,Oracle,Oracle DB,9.0.51,Critical,No
A01283,apache-tomcat-1283,Apache,Tomcat,3.3.63,Medium,Yes
A01284,oracle-oracle-db-1284,Oracle,Oracle DB,9.6.60,High,Yes
A01285,vmware-vcenter-1285,VMware,vCenter,1.8.96,Medium,No
A01286,microsoft-exchange-server-1286,Microsoft,Exchange Server,3.3.83,Low,No
A01287,oracle-weblogic-1287,Oracle,WebLogic,1.8.14,Low,No
A01288,linux-ubuntu-1288,Linux,Ubuntu,10.1.63,Low,No
A01289,linux-centos-1289,Linux,CentOS,9.3.53,High,No
A01290,linux-redhat-1290,Linux,RedHat,9.1.23,Medium,Yes
A01291,microsoft-windows-server-1291,Microsoft,Windows Server,8.6.60,Medium,Yes
A01292,linux-ubuntu-1292,Linux,Ubuntu,3.1.64,Medium,No
A01293,linux-redhat-1293,Linux,RedHat,4.3.71,Critical,Yes
A01294,cisco-ios-xe-1294,Cisco,IOS XE,10.6.92,Medium,Yes
A01295,cisco-meraki-1295,Cisco,Meraki,7.6.61,High,No
A01296,vmware-vcenter-1296,VMware,vCenter,4.7.54,Critical,No
A01297,linux-centos-1297,Linux,CentOS,2.1.88,High,No
A01298,apache-tomcat-1298,Apache,Tomcat,4.8.69,Medium,No
A01299,apache-tomcat-1299,Apache,Tomcat,9.2.70,High,No
A01300,apache-apache-http-server-1300,Apache,Apache HTTP Server,5.1.70,Medium,Yes
A01301,oracle-oracle-db-1301,Oracle,Oracle DB,5.9.96,Medium,No
A01302,vmware-vcenter-1302,VMware,vCenter,1.2.84,High,Yes
A01303,apache-tomcat-1303,Apache,Tomcat,6.5.23,Medium,No
A01304,oracle-weblogic-1304,Oracle,WebLogic,8.7.70,High,Yes
A01305,vmware-vcenter-1305,VMware,vCenter,8.5.93,Medium,No
A01306,microsoft-windows-server-1306,Microsoft,Windows Server,1.5.6,Medium,Yes
A01307,microsoft-windows-server-1307,Microsoft,Windows Server,4.4.39,Critical,Yes
A01308,linux-centos-1308,Linux,CentOS,4.9.6,High,No
A01309,microsoft-exchange-server-1309,Microsoft,Exchange Server,7.8.90,Medium,No
A01310,linux-ubuntu-1310,Linux,Ubuntu,10.6.14,High,Yes
A01311,oracle-weblogic-1311,Oracle,WebLogic,6.0.95,Critical,Yes
A01312,microsoft-sql-server-1312,Microsoft,SQL Server,1.4.79,Medium,No
A01313,microsoft-windows-server-1313,Microsoft,Windows Server,10.3.44,High,Yes
A01314,apache-apache-http-server-1314,Apache,Apache HTTP Server,3.4.4,Medium,No
A01315,cisco-asa-1315,Cisco,ASA,9.1.70,Medium,No
A01316,cisco-meraki-1316,Cisco,Meraki,7.2.63,High,No
A01317,microsoft-sql-server-1317,Microsoft,SQL Server,9.0.52,Medium,No
A01318,vmware-esxi-1318,VMware,ESXi,3.7.29,High,No
A01319,linux-centos-1319,Linux,CentOS,2.5.3,High,No
A01320,oracle-oracle-db-1320,Oracle,Oracle DB,5.6.4,Medium,Yes
A01321,oracle-oracle-db-1321,Oracle,Oracle DB,2.4.53,Medium,Yes
A01322,linux-ubuntu-1322,Linux,Ubuntu,7.7.36,Low,Yes
A01323,cisco-asa-1323,Cisco,ASA,3.0.34,Critical,Yes
A01324,vmware-esxi-1324,VMware,ESXi,7.7.31,High,No
A01325,oracle-weblogic-1325,Oracle,WebLogic,9.4.74,Medium,Yes
A01326,vmware-vcenter-1326,VMware,vCenter,1.9.23,Critical,No
A01327,linux-centos-1327,Linux,CentOS,7.3.79,High,Yes
A01328,microsoft-sql-server-1328,Microsoft,SQL Server,1.5.75,Critical,No
A01329,microsoft-exchange-server-1329,Microsoft,Exchange Server,10.2.10,Low,No
A01330,oracle-oracle-db-1330,Oracle,Oracle DB,1.1.0,Critical,No
A01331,apache-apache-http-server-1331,Apache,Apache HTTP Server,1.9.85,Medium,Yes
A01332,microsoft-sql-server-1332,Microsoft,SQL Server,8.7.98,High,Yes
A01333,apache-apache-http-server-1333,Apache,Apache HTTP Server,2.3.66,High,Yes
A01334,microsoft-sql-server-1334,Microsoft,SQL Server,8.4.15,Low,Yes
A01335,microsoft-sql-server-1335,Microsoft,SQL Server,1.6.96,High,Yes
A01336,oracle-oracle-db-1336,Oracle,Oracle DB,7.0.11,Critical,No
A01337,linux-centos-1337,Linux,CentOS,10.3.98,Critical,Yes
A01338,apache-apache-http-server-1338,Apache,Apache HTTP Server,8.0.2,High,No
A01339,vmware-vcenter-1339,VMware,vCenter,8.7.65,Low,No
A01340,vmware-esxi-1340,VMware,ESXi,8.1.87,High,No
A01341,linux-centos-1341,Linux,CentOS,4.0.19,Medium,No
A01342,microsoft-exchange-server-1342,Microsoft,Exchange Server,6.7.28,Low,No
A01343,linux-redhat-1343,Linux,RedHat,3.6.52,Medium,No
A01344,microsoft-sql-server-1344,Microsoft,SQL Server,10.5.67,Low,Yes
A01345,microsoft-exchange-server-1345,Microsoft,Exchange Server,10.6.25,Medium,No
A01346,microsoft-exchange-server-1346,Microsoft,Exchange Server,10.1.56,Medium,No
A01347,oracle-weblogic-1347,Oracle,WebLogic,5.4.2,Low,Yes
A01348,oracle-oracle-db-1348,Oracle,Oracle DB,7.0.63,Medium,No
A01349,oracle-oracle-db-1349,Oracle,Oracle DB,10.0.92,Medium,No
A01350,vmware-esxi-1350,VMware,ESXi,7.2.21,Low,Yes
A01351,oracle-oracle-db-1351,Oracle,Oracle DB,7.8.3,Low,No
A01352,apache-tomcat-1352,Apache,Tomcat,9.7.22,Low,No
A01353,vmware-esxi-1353,VMware,ESXi,2.6.52,Critical,Yes
A01354,oracle-weblogic-1354,Oracle,WebLogic,6.0.23,Medium,No
A01355,vmware-esxi-1355,VMware,ESXi,2.4.3,High,No
A01356,vmware-vcenter-1356,VMware,vCenter,7.5.53,Medium,No
A01357,cisco-asa-1357,Cisco,ASA,9.7.56,High,No
A01358,vmware-vcenter-1358,VMware,vCenter,10.6.14,Low,Yes
A01359,linux-centos-1359,Linux,CentOS,2.8.69,Medium,No
A01360,apache-apache-http-server-1360,Apache,Apache HTTP Server,6.6.54,Critical,No
A01361,apache-tomcat-1361,Apache,Tomcat,9.0.88,High,No
A01362,apache-apache-http-server-1362,Apache,Apache HTTP Server,10.8.86,High,No
A01363,vmware-vcenter-1363,VMware,vCenter,9.1.76,Low,No
A01364,vmware-vcenter-1364,VMware,vCenter,8.1.68,Low,No
A01365,microsoft-windows-server-1365,Microsoft,Windows Server,8.8.1,Low,No
A01366,cisco-ios-xe-1366,Cisco,IOS XE,4.8.15,Low,No
A01367,cisco-meraki-1367,Cisco,Meraki,4.4.58,Medium,No
A01368,oracle-oracle-db-1368,Oracle,Oracle DB,2.2.33,High,No
A01369,oracle-weblogic-1369,Oracle,WebLogic,8.2.67,Critical,No
A01370,microsoft-windows-server-1370,Microsoft,Windows Server,2.2.68,Medium,Yes
A01371,cisco-meraki-1371,Cisco,Meraki,7.8.9,High,Yes
A01372,vmware-vcenter-1372,VMware,vCenter,8.0.41,Medium,Yes
A01373,microsoft-windows-server-1373,Microsoft,Windows Server,3.6.35,Low,No
A01374,cisco-ios-xe-1374,Cisco,IOS XE,9.0.40,Medium,No
A01375,vmware-esxi-1375,VMware,ESXi,8.4.35,Low,No
A01376,vmware-esxi-1376,VMware,ESXi,9.7.24,High,No
A01377,cisco-ios-xe-1377,Cisco,IOS XE,7.0.62,Medium,No
A01378,oracle-oracle-db-1378,Oracle,Oracle DB,1.6.1,Medium,No
A01379,vmware-vcenter-1379,VMware,vCenter,8.3.76,Critical,No
A01380,cisco-ios-xe-1380,Cisco,IOS XE,1.4.44,High,No
A01381,oracle-weblogic-1381,Oracle,WebLogic,9.6.66,Medium,No
A01382,apache-apache-http-server-1382,Apache,Apache HTTP Server,1.1.23,High,Yes
A01383,cisco-ios-xe-1383,Cisco,IOS XE,6.0.52,Medium,No
A01384,cisco-asa-1384,Cisco,ASA,8.8.94,High,No
A01385,linux-centos-1385,Linux,CentOS,3.5.56,Critical,No
A01386,linux-ubuntu-1386,Linux,Ubuntu,6.1.68,High,Yes
A01387,microsoft-sql-server-1387,Microsoft,SQL Server,5.9.20,High,No
A01388,microsoft-exchange-server-1388,Microsoft,Exchange Server,7.4.6,High,No
A01389,apache-apache-http-server-1389,Apache,Apache HTTP Server,9.7.38,Low,Yes
A01390,microsoft-sql-server-1390,Microsoft,SQL Server,1.1.94,Low,No
A01391,cisco-ios-xe-1391,Cisco,IOS XE,7.7.84,Low,No
A01392,cisco-ios-xe-1392,Cisco,IOS XE,1.9.84,Critical,No
A01393,oracle-oracle-db-1393,Oracle,Oracle DB,1.5.64,Critical,No
A01394,cisco-ios-xe-1394,Cisco,IOS XE,7.7.73,High,No
A01395,linux-redhat-1395,Linux,RedHat,7.7.5,Critical,No
A01396,microsoft-windows-server-1396,Microsoft,Windows Server,1.8.55,Low,No
A01397,linux-redhat-1397,Linux,RedHat,3.1.80,Low,No
A01398,oracle-weblogic-1398,Oracle,WebLogic,2.6.23,High,Yes
A01399,oracle-weblogic-1399,Oracle,WebLogic,9.3.75,Medium,No
A01400,apache-apache-http-server-1400,Apache,Apache HTTP Server,9.2.94,Medium,No
A01401,apache-apache-http-server-1401,Apache,Apache HTTP Server,5.1.3,Medium,No
A01402,microsoft-windows-server-1402,Microsoft,Windows Server,4.7.29,Medium,Yes
A01403,apache-apache-http-server-1403,Apache,Apache HTTP Server,3.0.47,Medium,No
A01404,apache-tomcat-1404,Apache,Tomcat,1.5.36,High,Yes
A01405,oracle-oracle-db-1405,Oracle,Oracle DB,4.9.66,High,No
A01406,vmware-esxi-1406,VMware,ESXi,8.4.93,Critical,Yes
A01407,cisco-meraki-1407,Cisco,Meraki,6.2.47,Medium,Yes
A01408,linux-centos-1408,Linux,CentOS,9.5.67,High,No
A01409,microsoft-windows-server-1409,Microsoft,Windows Server,4.2.83,High,No
A01410,apache-apache-http-server-1410,Apache,Apache HTTP Server,4.4.24,High,No
A01411,apache-tomcat-1411,Apache,Tomcat,3.9.12,Medium,Yes
A01412,vmware-esxi-1412,VMware,ESXi,3.7.99,Medium,No
A01413,vmware-vcenter-1413,VMware,vCenter,9.6.43,Low,No
A01414,oracle-weblogic-1414,Oracle,WebLogic,3.2.21,Critical,No
A01415,cisco-meraki-1415,Cisco,Meraki,2.7.2,Low,Yes
A01416,oracle-weblogic-1416,Oracle,WebLogic,4.1.1,High,No
A01417,apache-apache-http-server-1417,Apache,Apache HTTP Server,2.7.4,High,No
A01418,vmware-vcenter-1418,VMware,vCenter,10.3.55,Medium,No
A01419,linux-centos-1419,Linux,CentOS,8.9.77,High,No
A01420,apache-tomcat-1420,Apache,Tomcat,3.2.94,Medium,Yes
A01421,microsoft-windows-server-1421,Microsoft,Windows Server,4.2.30,High,No
A01422,oracle-weblogic-1422,Oracle,WebLogic,2.3.56,High,No
A01423,cisco-meraki-1423,Cisco,Meraki,9.1.33,Critical,No
A01424,apache-apache-http-server-1424,Apache,Apache HTTP Server,9.2.10,High,No
A01425,linux-centos-1425,Linux,CentOS,7.7.98,Low,Yes
A01426,microsoft-sql-server-1426,Microsoft,SQL Server,10.3.44,High,Yes
A01427,cisco-ios-xe-1427,Cisco,IOS XE,7.2.87,Low,Yes
A01428,microsoft-windows-server-1428,Microsoft,Windows Server,6.0.4,Critical,Yes
A01429,linux-redhat-1429,Linux,RedHat,6.6.34,Medium,No
A01430,vmware-vcenter-1430,VMware,vCenter,9.1.14,Critical,No
A01431,apache-tomcat-1431,Apache,Tomcat,1.0.3,High,No
A01432,cisco-asa-1432,Cisco,ASA,7.2.23,High,No
A01433,microsoft-exchange-server-1433,Microsoft,Exchange Server,3.2.8,High,No
A01434,vmware-esxi-1434,VMware,ESXi,3.3.65,Medium,Yes
A01435,microsoft-sql-server-1435,Microsoft,SQL Server,3.5.6,High,No
A01436,oracle-weblogic-1436,Oracle,WebLogic,2.7.53,Medium,No
A01437,oracle-weblogic-1437,Oracle,WebLogic,4.4.35,Low,Yes
A01438,linux-centos-1438,Linux,CentOS,10.4.10,High,No
A01439,cisco-meraki-1439,Cisco,Meraki,4.1.3,Medium,No
A01440,microsoft-exchange-server-1440,Microsoft,Exchange Server,8.6.91,Low,No
A01441,cisco-ios-xe-1441,Cisco,IOS XE,3.4.32,High,Yes
A01442,vmware-esxi-1442,VMware,ESXi,3.0.99,Low,No
A01443,linux-redhat-1443,Linux,RedHat,9.1.58,Critical,No
A01444,apache-apache-http-server-1444,Apache,Apache HTTP Server,8.8.53,Medium,No
A01445,vmware-vcenter-1445,VMware,vCenter,4.2.29,Medium,Yes
A01446,oracle-oracle-db-1446,Oracle,Oracle DB,2.1.11,Medium,No
A01447,linux-redhat-1447,Linux,RedHat,2.5.16,High,No
A01448,cisco-meraki-1448,Cisco,Meraki,7.6.21,Critical,No
A01449,oracle-weblogic-1449,Oracle,WebLogic,10.9.18,Medium,Yes
A01450,microsoft-exchange-server-1450,Microsoft,Exchange Server,4.9.85,Low,Yes
A01451,apache-tomcat-1451,Apache,Tomcat,5.4.91,Low,Yes
A01452,linux-redhat-1452,Linux,RedHat,7.8.7,Low,No
A01453,oracle-oracle-db-1453,Oracle,Oracle DB,6.8.30,High,Yes
A01454,oracle-weblogic-1454,Oracle,WebLogic,4.6.75,High,Yes
A01455,linux-ubuntu-1455,Linux,Ubuntu,7.4.2,Medium,No
A01456,cisco-meraki-1456,Cisco,Meraki,7.0.37,High,No
A01457,oracle-weblogic-1457,Oracle,WebLogic,9.0.5,Low,No
A01458,linux-centos-1458,Linux,CentOS,5.4.3,High,No
A01459,apache-apache-http-server-1459,Apache,Apache HTTP Server,5.2.80,High,Yes
A01460,oracle-weblogic-1460,Oracle,WebLogic,1.1.49,Low,No
A01461,vmware-esxi-1461,VMware,ESXi,3.2.50,High,No
A01462,linux-centos-1462,Linux,CentOS,5.0.42,Low,No
A01463,apache-tomcat-1463,Apache,Tomcat,1.1.84,Low,No
A01464,linux-redhat-1464,Linux,RedHat,6.2.45,High,Yes
A01465,vmware-vcenter-1465,VMware,vCenter,3.5.36,Critical,Yes
A01466,vmware-esxi-1466,VMware,ESXi,4.6.14,Medium,No
A01467,linux-centos-1467,Linux,CentOS,1.8.81,High,No
A01468,microsoft-exchange-server-1468,Microsoft,Exchange Server,5.2.9,Critical,Yes
A01469,apache-apache-http-server-1469,Apache,Apache HTTP Server,1.0.83,Medium,No
A01470,linux-ubuntu-1470,Linux,Ubuntu,7.1.26,Medium,No
A01471,linux-redhat-1471,Linux,RedHat,3.1.40,Medium,No
A01472,linux-centos-1472,Linux,CentOS,9.6.9,Low,No
A01473,cisco-meraki-1473,Cisco,Meraki,10.7.55,Critical,No
A01474,vmware-vcenter-1474,VMware,vCenter,2.4.74,Low,No
A01475,cisco-asa-1475,Cisco,ASA,5.8.43,Low,No
A01476,microsoft-sql-server-1476,Microsoft,SQL Server,8.0.17,High,No
A01477,cisco-ios-xe-1477,Cisco,IOS XE,5.4.39,Medium,Yes
A01478,linux-centos-1478,Linux,CentOS,2.9.3,Low,No
A01479,oracle-oracle-db-1479,Oracle,Oracle DB,1.0.83,Low,Yes
A01480,cisco-meraki-1480,Cisco,Meraki,2.3.17,Low,Yes
A01481,linux-centos-1481,Linux,CentOS,7.4.43,Critical,No
A01482,vmware-esxi-1482,VMware,ESXi,3.9.0,Low,No
A01483,oracle-oracle-db-1483,Oracle,Oracle DB,6.8.61,High,No
A01484,vmware-vcenter-1484,VMware,vCenter,8.7.27,Medium,No
A01485,linux-ubuntu-1485,Linux,Ubuntu,3.0.3,Critical,No
A01486,linux-redhat-1486,Linux,RedHat,2.7.95,Critical,No
A01487,oracle-oracle-db-1487,Oracle,Oracle DB,4.6.18,High,No
A01488,vmware-vcenter-1488,VMware,vCenter,9.4.72,Medium,Yes
A01489,vmware-esxi-1489,VMware,ESXi,4.9.92,Low,No
A01490,vmware-vcenter-1490,VMware,vCenter,2.3.90,High,No
A01491,microsoft-exchange-server-1491,Microsoft,Exchange Server,4.5.5,Low,No
A01492,linux-centos-1492,Linux,CentOS,2.4.0,Medium,No
A01493,cisco-asa-1493,Cisco,ASA,6.9.30,Medium,No
A01494,vmware-esxi-1494,VMware,ESXi,5.6.37,Critical,Yes
A01495,microsoft-sql-server-1495,Microsoft,SQL Server,5.9.41,High,No
A01496,apache-apache-http-server-1496,Apache,Apache HTTP Server,9.5.45,Low,Yes
A01497,cisco-meraki-1497,Cisco,Meraki,1.3.29,High,Yes
A01498,cisco-asa-1498,Cisco,ASA,2.7.7,Medium,Yes
A01499,microsoft-sql-server-1499,Microsoft,SQL Server,1.2.60,Critical,No
A01500,vmware-esxi-1500,VMware,ESXi,9.7.94,Medium,Yes
A01501,oracle-oracle-db-1501,Oracle,Oracle DB,5.6.1,Medium,Yes
A01502,oracle-oracle-db-1502,Oracle,Oracle DB,1.4.68,Critical,No
A01503,oracle-oracle-db-1503,Oracle,Oracle DB,6.1.84,Critical,No
A01504,cisco-meraki-1504,Cisco,Meraki,3.8.83,Medium,No
A01505,linux-centos-1505,Linux,CentOS,5.2.71,Medium,No
A01506,apache-apache-http-server-1506,Apache,Apache HTTP Server,6.3.43,High,Yes
A01507,cisco-meraki-1507,Cisco,Meraki,4.2.81,Medium,No
A01508,apache-apache-http-server-1508,Apache,Apache HTTP Server,10.0.4,High,No
A01509,cisco-ios-xe-1509,Cisco,IOS XE,9.3.52,Low,No
A01510,cisco-ios-xe-1510,Cisco,IOS XE,1.6.2,High,No
A01511,vmware-vcenter-1511,VMware,vCenter,2.5.31,Medium,Yes
A01512,microsoft-windows-server-1512,Microsoft,Windows Server,8.4.79,High,Yes
A01513,cisco-meraki-1513,Cisco,Meraki,9.0.66,Low,No
A01514,linux-redhat-1514,Linux,RedHat,3.1.96,Medium,No
A01515,microsoft-sql-server-1515,Microsoft,SQL Server,4.5.40,Medium,Yes
A01516,vmware-esxi-1516,VMware,ESXi,6.7.47,Critical,Yes
A01517,vmware-esxi-1517,VMware,ESXi,7.0.8,Medium,No
A01518,oracle-weblogic-1518,Oracle,WebLogic,8.6.39,Critical,No
A01519,cisco-ios-xe-1519,Cisco,IOS XE,8.9.25,High,Yes
A01520,apache-tomcat-1520,Apache,Tomcat,6.5.53,Critical,No
A01521,oracle-weblogic-1521,Oracle,WebLogic,10.8.64,High,No
A01522,microsoft-sql-server-1522,Microsoft,SQL Server,3.2.2,Critical,Yes
A01523,oracle-oracle-db-1523,Oracle,Oracle DB,1.3.69,Low,No
A01524,microsoft-windows-server-1524,Microsoft,Windows Server,8.8.8,Low,No
A01525,vmware-vcenter-1525,VMware,vCenter,6.6.50,High,No
A01526,apache-tomcat-1526,Apache,Tomcat,9.2.46,Critical,No
A01527,vmware-esxi-1527,VMware,ESXi,5.3.90,High,No
A01528,cisco-meraki-1528,Cisco,Meraki,7.6.40,High,No
A01529,oracle-weblogic-1529,Oracle,WebLogic,10.8.49,High,No
A01530,apache-apache-http-server-1530,Apache,Apache HTTP Server,9.5.99,Critical,No
A01531,vmware-esxi-1531,VMware,ESXi,7.3.27,Low,No
A01532,microsoft-sql-server-1532,Microsoft,SQL Server,4.6.24,High,No
A01533,microsoft-sql-server-1533,Microsoft,SQL Server,2.2.73,High,Yes
A01534,microsoft-exchange-server-1534,Microsoft,Exchange Server,7.1.41,Low,No
A01535,vmware-esxi-1535,VMware,ESXi,9.5.31,Low,No
A01536,microsoft-sql-server-1536,Microsoft,SQL Server,9.7.73,Medium,Yes
A01537,apache-tomcat-1537,Apache,Tomcat,6.9.84,High,No
A01538,oracle-weblogic-1538,Oracle,WebLogic,5.6.26,High,No
A01539,microsoft-exchange-server-1539,Microsoft,Exchange Server,10.9.79,Medium,No
A01540,microsoft-sql-server-1540,Microsoft,SQL Server,1.5.40,High,No
A01541,vmware-esxi-1541,VMware,ESXi,10.0.95,Medium,No
A01542,oracle-weblogic-1542,Oracle,WebLogic,6.0.26,High,No
A01543,vmware-vcenter-1543,VMware,vCenter,10.0.64,High,No
A01544,linux-redhat-1544,Linux,RedHat,8.6.37,Low,No
A01545,vmware-vcenter-1545,VMware,vCenter,8.2.8,Low,Yes
A01546,oracle-oracle-db-1546,Oracle,Oracle DB,4.2.37,Low,No
A01547,cisco-ios-xe-1547,Cisco,IOS XE,6.1.70,Low,Yes
A01548,oracle-oracle-db-1548,Oracle,Oracle DB,2.2.8,Critical,No
A01549,oracle-weblogic-1549,Oracle,WebLogic,10.2.78,Critical,No
A01550,cisco-asa-1550,Cisco,ASA,10.7.62,High,Yes
A01551,linux-redhat-1551,Linux,RedHat,6.2.90,Critical,Yes
A01552,oracle-weblogic-1552,Oracle,WebLogic,6.5.74,High,No
A01553,cisco-asa-1553,Cisco,ASA,10.1.49,High,No
A01554,oracle-weblogic-1554,Oracle,WebLogic,5.2.68,Medium,No
A01555,cisco-meraki-1555,Cisco,Meraki,9.0.9,High,No
A01556,vmware-esxi-1556,VMware,ESXi,5.9.37,Low,No
A01557,linux-redhat-1557,Linux,RedHat,2.7.62,Medium,No
A01558,vmware-vcenter-1558,VMware,vCenter,8.4.65,Low,No
A01559,vmware-esxi-1559,VMware,ESXi,3.3.84,High,Yes
A01560,cisco-asa-1560,Cisco,ASA,7.9.44,High,Yes
A01561,vmware-vcenter-1561,VMware,vCenter,7.0.60,Medium,Yes
A01562,oracle-oracle-db-1562,Oracle,Oracle DB,1.8.85,Medium,No
A01563,oracle-oracle-db-1563,Oracle,Oracle DB,7.6.67,Critical,No
A01564,vmware-esxi-1564,VMware,ESXi,9.1.75,Low,No
A01565,linux-redhat-1565,Linux,RedHat,9.2.25,Low,No
A01566,oracle-oracle-db-1566,Oracle,Oracle DB,5.5.67,Low,No
A01567,cisco-meraki-1567,Cisco,Meraki,3.5.31,High,No
A01568,linux-ubuntu-1568,Linux,Ubuntu,8.3.17,Medium,No
A01569,oracle-oracle-db-1569,Oracle,Oracle DB,3.5.69,High,Yes
A01570,apache-apache-http-server-1570,Apache,Apache HTTP Server,2.0.77,Critical,No
A01571,vmware-esxi-1571,VMware,ESXi,6.2.95,Medium,No
A01572,linux-centos-1572,Linux,CentOS,3.6.21,Medium,Yes
A01573,cisco-ios-xe-1573,Cisco,IOS XE,6.5.73,Low,No
A01574,vmware-esxi-1574,VMware,ESXi,10.4.90,High,Yes
A01575,linux-redhat-1575,Linux,RedHat,8.3.15,Medium,Yes
A01576,linux-redhat-1576,Linux,RedHat,2.9.42,High,No
A01577,vmware-vcenter-1577,VMware,vCenter,8.5.42,Low,No
A01578,vmware-vcenter-1578,VMware,vCenter,9.8.7,Critical,Yes
A01579,apache-apache-http-server-1579,Apache,Apache HTTP Server,2.2.80,High,No
A01580,linux-redhat-1580,Linux,RedHat,3.7.93,High,No
A01581,cisco-meraki-1581,Cisco,Meraki,9.6.58,High,No
A01582,oracle-oracle-db-1582,Oracle,Oracle DB,10.9.35,High,Yes
A01583,microsoft-sql-server-1583,Microsoft,SQL Server,10.7.65,High,Yes
A01584,linux-centos-1584,Linux,CentOS,10.6.68,Low,No
A01585,linux-redhat-1585,Linux,RedHat,3.3.58,High,No
A01586,vmware-vcenter-1586,VMware,vCenter,3.2.1,Low,No
A01587,apache-tomcat-1587,Apache,Tomcat,2.2.78,High,No
A01588,cisco-asa-1588,Cisco,ASA,3.9.90,High,No
A01589,cisco-meraki-1589,Cisco,Meraki,6.4.27,Critical,No
A01590,cisco-ios-xe-1590,Cisco,IOS XE,9.7.10,Critical,Yes
A01591,linux-ubuntu-1591,Linux,Ubuntu,10.7.94,High,No
A01592,linux-redhat-1592,Linux,RedHat,8.8.63,Critical,Yes
A01593,vmware-vcenter-1593,VMware,vCenter,10.9.59,Medium,No
A01594,microsoft-windows-server-1594,Microsoft,Windows Server,2.1.94,High,No
A01595,microsoft-sql-server-1595,Microsoft,SQL Server,4.2.45,Low,No
A01596,apache-apache-http-server-1596,Apache,Apache HTTP Server,2.7.6,Medium,No
A01597,linux-centos-1597,Linux,CentOS,10.2.68,Medium,Yes
A01598,apache-apache-http-server-1598,Apache,Apache HTTP Server,8.1.82,High,No
A01599,linux-ubuntu-1599,Linux,Ubuntu,1.1.94,Medium,No
A01600,cisco-meraki-1600,Cisco,Meraki,8.1.69,High,No
A01601,linux-centos-1601,Linux,CentOS,1.8.98,Low,No
A01602,cisco-ios-xe-1602,Cisco,IOS XE,6.0.6,High,No
A01603,microsoft-exchange-server-1603,Microsoft,Exchange Server,6.2.20,Low,No
A01604,cisco-meraki-1604,Cisco,Meraki,1.2.6,High,Yes
A01605,microsoft-sql-server-1605,Microsoft,SQL Server,10.2.50,High,No
A01606,cisco-meraki-1606,Cisco,Meraki,10.0.20,Medium,No
A01607,linux-centos-1607,Linux,CentOS,8.4.25,High,No
A01608,oracle-oracle-db-1608,Oracle,Oracle DB,5.0.35,Critical,Yes
A01609,apache-tomcat-1609,Apache,Tomcat,2.7.68,Critical,No
A01610,linux-centos-1610,Linux,CentOS,3.6.1,Critical,No
A01611,cisco-asa-1611,Cisco,ASA,5.6.91,Critical,No
A01612,cisco-ios-xe-1612,Cisco,IOS XE,4.3.80,Low,No
A01613,cisco-asa-1613,Cisco,ASA,6.1.68,Critical,Yes
A01614,oracle-oracle-db-1614,Oracle,Oracle DB,3.6.88,Critical,Yes
A01615,microsoft-windows-server-1615,Microsoft,Windows Server,4.0.31,Critical,No
A01616,microsoft-windows-server-1616,Microsoft,Windows Server,1.3.79,High,Yes
A01617,microsoft-sql-server-1617,Microsoft,SQL Server,5.3.56,Medium,No
A01618,apache-apache-http-server-1618,Apache,Apache HTTP Server,7.2.45,High,Yes
A01619,apache-tomcat-1619,Apache,Tomcat,6.9.49,Critical,Yes
A01620,oracle-oracle-db-1620,Oracle,Oracle DB,5.7.48,Critical,Yes
A01621,microsoft-sql-server-1621,Microsoft,SQL Server,1.8.18,Low,No
A01622,oracle-weblogic-1622,Oracle,WebLogic,8.7.88,Medium,No
A01623,microsoft-exchange-server-1623,Microsoft,Exchange Server,10.5.17,Medium,Yes
A01624,apache-tomcat-1624,Apache,Tomcat,1.3.63,Critical,No
A01625,oracle-weblogic-1625,Oracle,WebLogic,7.8.23,Medium,No
A01626,cisco-meraki-1626,Cisco,Meraki,2.4.76,Low,No
A01627,linux-redhat-1627,Linux,RedHat,6.0.26,High,No
A01628,microsoft-windows-server-1628,Microsoft,Windows Server,9.7.29,High,Yes
A01629,oracle-weblogic-1629,Oracle,WebLogic,1.6.55,High,No
A01630,cisco-ios-xe-1630,Cisco,IOS XE,4.7.97,Low,No
A01631,apache-apache-http-server-1631,Apache,Apache HTTP Server,3.1.7,Medium,Yes
A01632,linux-redhat-1632,Linux,RedHat,10.0.1,Medium,No
A01633,vmware-esxi-1633,VMware,ESXi,1.4.78,High,No
A01634,microsoft-windows-server-1634,Microsoft,Windows Server,3.0.67,High,No
A01635,microsoft-windows-server-1635,Microsoft,Windows Server,1.1.68,High,Yes
A01636,linux-ubuntu-1636,Linux,Ubuntu,4.1.92,High,No
A01637,oracle-oracle-db-1637,Oracle,Oracle DB,9.4.93,Medium,No
A01638,cisco-ios-xe-1638,Cisco,IOS XE,2.8.95,Low,Yes
A01639,linux-centos-1639,Linux,CentOS,5.6.42,High,No
A01640,apache-apache-http-server-1640,Apache,Apache HTTP Server,8.1.17,Medium,No
A01641,apache-tomcat-1641,Apache,Tomcat,9.0.54,High,No
A01642,apache-apache-http-server-1642,Apache,Apache HTTP Server,1.6.87,High,No
A01643,microsoft-sql-server-1643,Microsoft,SQL Server,1.6.26,High,No
A01644,cisco-asa-1644,Cisco,ASA,3.4.1,Critical,No
A01645,linux-ubuntu-1645,Linux,Ubuntu,7.8.8,High,Yes
A01646,cisco-meraki-1646,Cisco,Meraki,5.8.87,High,No
A01647,linux-centos-1647,Linux,CentOS,2.9.89,Critical,No
A01648,vmware-esxi-1648,VMware,ESXi,10.7.61,Low,No
A01649,vmware-esxi-1649,VMware,ESXi,6.5.85,High,No
A01650,cisco-meraki-1650,Cisco,Meraki,9.5.32,Low,No
A01651,apache-apache-http-server-1651,Apache,Apache HTTP Server,2.1.41,High,No
A01652,apache-tomcat-1652,Apache,Tomcat,8.9.20,Medium,No
A01653,linux-centos-1653,Linux,CentOS,8.2.66,Medium,Yes
A01654,vmware-esxi-1654,VMware,ESXi,5.8.31,Critical,Yes
A01655,vmware-vcenter-1655,VMware,vCenter,6.2.20,Critical,No
A01656,vmware-esxi-1656,VMware,ESXi,5.0.21,High,No
A01657,cisco-meraki-1657,Cisco,Meraki,3.2.44,High,No
A01658,apache-tomcat-1658,Apache,Tomcat,10.7.18,Low,No
A01659,microsoft-exchange-server-1659,Microsoft,Exchange Server,4.5.42,Low,Yes
A01660,vmware-vcenter-1660,VMware,vCenter,5.9.14,Low,No
A01661,linux-centos-1661,Linux,CentOS,6.0.57,Medium,No
A01662,cisco-meraki-1662,Cisco,Meraki,7.3.30,Low,No
A01663,microsoft-exchange-server-1663,Microsoft,Exchange Server,10.3.5,Low,Yes
A01664,microsoft-windows-server-1664,Microsoft,Windows Server,5.2.96,Critical,No
A01665,oracle-oracle-db-1665,Oracle,Oracle DB,1.2.53,High,Yes
A01666,linux-ubuntu-1666,Linux,Ubuntu,6.3.78,Low,No
A01667,apache-apache-http-server-1667,Apache,Apache HTTP Server,7.5.72,High,No
A01668,apache-tomcat-1668,Apache,Tomcat,8.6.80,Low,No
A01669,microsoft-windows-server-1669,Microsoft,Windows Server,10.4.94,Medium,No
A01670,cisco-meraki-1670,Cisco,Meraki,8.4.74,High,Yes
A01671,apache-apache-http-server-1671,Apache,Apache HTTP Server,8.6.74,Critical,No
A01672,vmware-vcenter-1672,VMware,vCenter,5.6.61,Critical,No
A01673,vmware-esxi-1673,VMware,ESXi,8.7.58,Medium,No
A01674,apache-tomcat-1674,Apache,Tomcat,10.0.6,High,No
A01675,oracle-oracle-db-1675,Oracle,Oracle DB,2.5.59,Low,Yes
A01676,microsoft-sql-server-1676,Microsoft,SQL Server,7.1.97,Low,Yes
A01677,apache-apache-http-server-1677,Apache,Apache HTTP Server,1.2.27,Low,Yes
A01678,apache-tomcat-1678,Apache,Tomcat,5.8.86,Low,Yes
A01679,cisco-meraki-1679,Cisco,Meraki,10.1.25,Medium,No
A01680,cisco-meraki-1680,Cisco,Meraki,3.1.19,High,Yes
A01681,linux-centos-1681,Linux,CentOS,8.5.82,Medium,No
A01682,cisco-ios-xe-1682,Cisco,IOS XE,10.7.62,Medium,Yes
A01683,linux-redhat-1683,Linux,RedHat,9.0.55,Critical,No
A01684,linux-ubuntu-1684,Linux,Ubuntu,9.7.38,High,No
A01685,cisco-asa-1685,Cisco,ASA,10.9.76,Critical,No
A01686,oracle-oracle-db-1686,Oracle,Oracle DB,5.8.48,Medium,No
A01687,linux-ubuntu-1687,Linux,Ubuntu,3.5.47,High,Yes
A01688,oracle-oracle-db-1688,Oracle,Oracle DB,1.2.44,High,No
A01689,oracle-oracle-db-1689,Oracle,Oracle DB,3.4.0,Low,No
A01690,vmware-esxi-1690,VMware,ESXi,3.3.61,Critical,No
A01691,apache-tomcat-1691,Apache,Tomcat,9.6.63,High,Yes
A01692,cisco-ios-xe-1692,Cisco,IOS XE,8.9.84,High,No
A01693,microsoft-windows-server-1693,Microsoft,Windows Server,10.7.73,Low,No
A01694,cisco-asa-1694,Cisco,ASA,4.0.27,Critical,No
A01695,cisco-ios-xe-1695,Cisco,IOS XE,3.6.5,Medium,No
A01696,linux-ubuntu-1696,Linux,Ubuntu,1.1.12,Low,Yes
A01697,microsoft-windows-server-1697,Microsoft,Windows Server,6.2.26,High,No
A01698,cisco-asa-1698,Cisco,ASA,1.7.69,Critical,No
A01699,oracle-weblogic-1699,Oracle,WebLogic,7.8.25,Low,Yes
A01700,linux-ubuntu-1700,Linux,Ubuntu,9.6.30,High,No
A01701,microsoft-exchange-server-1701,Microsoft,Exchange Server,7.3.58,Low,No
A01702,cisco-meraki-1702,Cisco,Meraki,7.1.19,High,No
A01703,vmware-esxi-1703,VMware,ESXi,4.0.31,High,No
A01704,apache-tomcat-1704,Apache,Tomcat,3.9.69,Medium,No
A01705,cisco-meraki-1705,Cisco,Meraki,7.0.29,Medium,No
A01706,linux-ubuntu-1706,Linux,Ubuntu,7.9.26,Medium,No
A01707,apache-apache-http-server-1707,Apache,Apache HTTP Server,9.2.46,High,No
A01708,oracle-weblogic-1708,Oracle,WebLogic,1.1.43,High,No
A01709,vmware-esxi-1709,VMware,ESXi,7.1.0,High,No
A01710,microsoft-sql-server-1710,Microsoft,SQL Server,9.0.45,Low,Yes
A01711,cisco-ios-xe-1711,Cisco,IOS XE,5.0.24,High,No
A01712,microsoft-windows-server-1712,Microsoft,Windows Server,4.3.12,High,No
A01713,microsoft-windows-server-1713,Microsoft,Windows Server,2.1.45,Low,No
A01714,oracle-weblogic-1714,Oracle,WebLogic,9.9.44,Low,No
A01715,apache-tomcat-1715,Apache,Tomcat,6.7.27,Medium,No
A01716,cisco-ios-xe-1716,Cisco,IOS XE,9.6.8,Medium,No
A01717,apache-tomcat-1717,Apache,Tomcat,7.8.95,Medium,No
A01718,oracle-weblogic-1718,Oracle,WebLogic,2.6.9,High,No
A01719,oracle-oracle-db-1719,Oracle,Oracle DB,3.9.24,Low,No
A01720,microsoft-windows-server-1720,Microsoft,Windows Server,10.9.22,High,Yes
A01721,microsoft-windows-server-1721,Microsoft,Windows Server,4.5.82,High,No
A01722,microsoft-sql-server-1722,Microsoft,SQL Server,3.2.98,High,No
A01723,linux-redhat-1723,Linux,RedHat,10.9.12,Low,No
A01724,apache-apache-http-server-1724,Apache,Apache HTTP Server,8.0.87,High,No
A01725,linux-ubuntu-1725,Linux,Ubuntu,3.7.41,High,No
A01726,linux-centos-1726,Linux,CentOS,3.3.92,Medium,Yes
A01727,vmware-esxi-1727,VMware,ESXi,5.3.20,Medium,Yes
A01728,microsoft-exchange-server-1728,Microsoft,Exchange Server,5.1.82,Low,No
A01729,oracle-weblogic-1729,Oracle,WebLogic,8.0.28,High,No
A01730,linux-centos-1730,Linux,CentOS,1.5.15,Critical,No
A01731,linux-centos-1731,Linux,CentOS,4.0.17,High,No
A01732,oracle-oracle-db-1732,Oracle,Oracle DB,10.5.18,Medium,Yes
A01733,apache-apache-http-server-1733,Apache,Apache HTTP Server,9.4.3,High,No
A01734,apache-tomcat-1734,Apache,Tomcat,2.8.79,High,No
A01735,oracle-oracle-db-1735,Oracle,Oracle DB,2.7.95,Medium,No
A01736,apache-tomcat-1736,Apache,Tomcat,8.7.42,Medium,No
A01737,vmware-esxi-1737,VMware,ESXi,6.7.42,Medium,No
A01738,microsoft-exchange-server-1738,Microsoft,Exchange Server,5.9.98,Low,No
A01739,apache-tomcat-1739,Apache,Tomcat,4.6.98,Critical,No
A01740,linux-centos-1740,Linux,CentOS,4.5.29,High,No
A01741,oracle-weblogic-1741,Oracle,WebLogic,9.2.18,High,Yes
A01742,cisco-asa-1742,Cisco,ASA,4.1.57,Critical,Yes
A01743,microsoft-sql-server-1743,Microsoft,SQL Server,10.7.99,High,No
A01744,microsoft-windows-server-1744,Microsoft,Windows Server,9.4.66,Critical,No
A01745,cisco-asa-1745,Cisco,ASA,6.3.61,Low,Yes
A01746,vmware-vcenter-1746,VMware,vCenter,2.0.26,Medium,No
A01747,linux-redhat-1747,Linux,RedHat,10.8.38,High,No
A01748,cisco-asa-1748,Cisco,ASA,6.6.43,Medium,No
A01749,cisco-asa-1749,Cisco,ASA,9.6.20,Low,No
A01750,vmware-vcenter-1750,VMware,vCenter,5.5.18,High,Yes
A01751,oracle-weblogic-1751,Oracle,WebLogic,3.4.8,High,Yes
A01752,microsoft-windows-server-1752,Microsoft,Windows Server,9.2.71,High,No
A01753,vmware-vcenter-1753,VMware,vCenter,6.0.76,High,No
A01754,vmware-esxi-1754,VMware,ESXi,4.7.55,Critical,No
A01755,oracle-oracle-db-1755,Oracle,Oracle DB,1.0.85,High,No
A01756,microsoft-windows-server-1756,Microsoft,Windows Server,6.2.97,Critical,No
A01757,cisco-ios-xe-1757,Cisco,IOS XE,5.4.71,Medium,No
A01758,microsoft-exchange-server-1758,Microsoft,Exchange Server,2.9.46,High,No
A01759,microsoft-exchange-server-1759,Microsoft,Exchange Server,6.6.82,Low,No
A01760,cisco-asa-1760,Cisco,ASA,5.4.6,Low,Yes
A01761,apache-apache-http-server-1761,Apache,Apache HTTP Server,8.9.79,High,Yes
A01762,vmware-esxi-1762,VMware,ESXi,1.3.77,High,No
A01763,linux-ubuntu-1763,Linux,Ubuntu,10.7.31,Critical,No
A01764,apache-tomcat-1764,Apache,Tomcat,4.9.52,High,No
A01765,oracle-weblogic-1765,Oracle,WebLogic,2.2.54,High,No
A01766,oracle-weblogic-1766,Oracle,WebLogic,1.1.74,Critical,No
A01767,oracle-oracle-db-1767,Oracle,Oracle DB,5.0.52,Medium,No
A01768,oracle-weblogic-1768,Oracle,WebLogic,8.1.80,High,No
A01769,linux-redhat-1769,Linux,RedHat,8.4.52,High,Yes
A01770,microsoft-sql-server-1770,Microsoft,SQL Server,6.9.23,Critical,Yes
A01771,vmware-esxi-1771,VMware,ESXi,3.6.60,Critical,No
A01772,oracle-oracle-db-1772,Oracle,Oracle DB,4.7.73,Medium,No
A01773,cisco-meraki-1773,Cisco,Meraki,2.5.63,High,No
A01774,cisco-meraki-1774,Cisco,Meraki,7.9.62,High,Yes
A01775,microsoft-windows-server-1775,Microsoft,Windows Server,1.1.57,Medium,Yes
A01776,vmware-vcenter-1776,VMware,vCenter,6.8.74,High,No
A01777,linux-redhat-1777,Linux,RedHat,10.3.51,Medium,No
A01778,vmware-vcenter-1778,VMware,vCenter,6.1.89,Medium,Yes
A01779,apache-tomcat-1779,Apache,Tomcat,8.2.21,Critical,No
A01780,apache-tomcat-1780,Apache,Tomcat,2.4.2,Medium,Yes
A01781,apache-apache-http-server-1781,Apache,Apache HTTP Server,8.7.69,Critical,Yes
A01782,apache-tomcat-1782,Apache,Tomcat,1.8.17,High,No
A01783,apache-tomcat-1783,Apache,Tomcat,10.0.11,Critical,No
A01784,microsoft-windows-server-1784,Microsoft,Windows Server,1.3.28,Critical,No
A01785,oracle-oracle-db-1785,Oracle,Oracle DB,9.6.18,High,No
A01786,vmware-esxi-1786,VMware,ESXi,4.2.8,High,No
A01787,oracle-weblogic-1787,Oracle,WebLogic,9.5.35,Medium,No
A01788,microsoft-exchange-server-1788,Microsoft,Exchange Server,5.9.94,High,Yes
A01789,cisco-ios-xe-1789,Cisco,IOS XE,4.7.6,High,No
A01790,cisco-ios-xe-1790,Cisco,IOS XE,3.2.36,High,Yes
A01791,linux-redhat-1791,Linux,RedHat,8.1.59,Critical,Yes
A01792,apache-apache-http-server-1792,Apache,Apache HTTP Server,8.7.60,High,No
A01793,vmware-vcenter-1793,VMware,vCenter,3.2.27,High,Yes
A01794,oracle-weblogic-1794,Oracle,WebLogic,2.0.23,Critical,No
A01795,oracle-weblogic-1795,Oracle,WebLogic,6.0.5,Medium,No
A01796,cisco-ios-xe-1796,Cisco,IOS XE,1.6.82,High,No
A01797,oracle-weblogic-1797,Oracle,WebLogic,1.9.39,High,No
A01798,linux-redhat-1798,Linux,RedHat,2.7.28,Medium,No
A01799,cisco-meraki-1799,Cisco,Meraki,2.9.45,High,No
A01800,oracle-oracle-db-1800,Oracle,Oracle DB,1.4.23,High,No
A01801,microsoft-sql-server-1801,Microsoft,SQL Server,3.6.4,Medium,Yes
A01802,microsoft-windows-server-1802,Microsoft,Windows Server,6.3.93,High,Yes
A01803,apache-tomcat-1803,Apache,Tomcat,6.4.21,Medium,No
A01804,vmware-vcenter-1804,VMware,vCenter,2.9.89,Critical,No
A01805,cisco-meraki-1805,Cisco,Meraki,3.4.62,Critical,No
A01806,linux-redhat-1806,Linux,RedHat,2.2.72,Low,No
A01807,oracle-oracle-db-1807,Oracle,Oracle DB,8.0.90,High,Yes
A01808,microsoft-windows-server-1808,Microsoft,Windows Server,4.1.68,Low,Yes
A01809,microsoft-windows-server-1809,Microsoft,Windows Server,7.2.26,High,Yes
A01810,microsoft-sql-server-1810,Microsoft,SQL Server,10.4.18,Low,No
A01811,cisco-meraki-1811,Cisco,Meraki,8.2.73,Medium,Yes
A01812,microsoft-exchange-server-1812,Microsoft,Exchange Server,9.4.58,Critical,Yes
A01813,apache-tomcat-1813,Apache,Tomcat,2.3.95,Low,No
A01814,apache-tomcat-1814,Apache,Tomcat,9.7.57,Low,Yes
A01815,linux-centos-1815,Linux,CentOS,7.1.68,Medium,No
A01816,linux-redhat-1816,Linux,RedHat,7.9.83,Medium,Yes
A01817,cisco-asa-1817,Cisco,ASA,1.1.32,Critical,No
A01818,apache-apache-http-server-1818,Apache,Apache HTTP Server,8.0.31,Low,No
A01819,vmware-vcenter-1819,VMware,vCenter,2.9.20,Low,No
A01820,apache-tomcat-1820,Apache,Tomcat,7.6.13,High,No
A01821,cisco-ios-xe-1821,Cisco,IOS XE,4.0.59,Critical,Yes
A01822,vmware-vcenter-1822,VMware,vCenter,6.2.59,High,No
A01823,linux-centos-1823,Linux,CentOS,7.3.65,Low,No
A01824,oracle-weblogic-1824,Oracle,WebLogic,7.2.37,Low,No
A01825,oracle-oracle-db-1825,Oracle,Oracle DB,2.6.69,Critical,No
A01826,oracle-oracle-db-1826,Oracle,Oracle DB,7.2.65,Low,No
A01827,apache-apache-http-server-1827,Apache,Apache HTTP Server,1.8.66,Critical,No
A01828,cisco-ios-xe-1828,Cisco,IOS XE,5.3.54,Critical,Yes
A01829,vmware-vcenter-1829,VMware,vCenter,4.5.62,Low,Yes
A01830,vmware-esxi-1830,VMware,ESXi,10.2.42,Medium,No
A01831,microsoft-windows-server-1831,Microsoft,Windows Server,2.3.23,High,No
A01832,apache-apache-http-server-1832,Apache,Apache HTTP Server,9.1.13,Critical,No
A01833,vmware-vcenter-1833,VMware,vCenter,6.5.10,Medium,No
A01834,linux-centos-1834,Linux,CentOS,1.9.39,Medium,No
A01835,vmware-esxi-1835,VMware,ESXi,8.9.85,Low,No
A01836,cisco-asa-1836,Cisco,ASA,2.5.67,High,No
A01837,microsoft-windows-server-1837,Microsoft,Windows Server,2.2.3,High,No
A01838,vmware-esxi-1838,VMware,ESXi,1.7.67,Medium,Yes
A01839,apache-tomcat-1839,Apache,Tomcat,9.1.58,Critical,No
A01840,microsoft-exchange-server-1840,Microsoft,Exchange Server,3.8.33,Low,No
A01841,apache-tomcat-1841,Apache,Tomcat,3.8.11,Medium,Yes
A01842,apache-apache-http-server-1842,Apache,Apache HTTP Server,1.0.71,High,No
A01843,vmware-esxi-1843,VMware,ESXi,3.9.30,Low,No
A01844,microsoft-windows-server-1844,Microsoft,Windows Server,8.0.34,High,No
A01845,vmware-esxi-1845,VMware,ESXi,9.7.2,High,No
A01846,linux-centos-1846,Linux,CentOS,1.9.5,Low,No
A01847,oracle-oracle-db-1847,Oracle,Oracle DB,7.0.72,High,No
A01848,linux-redhat-1848,Linux,RedHat,3.0.76,High,Yes
A01849,linux-ubuntu-1849,Linux,Ubuntu,8.0.13,Low,No
A01850,linux-centos-1850,Linux,CentOS,2.3.77,Critical,No
A01851,oracle-oracle-db-1851,Oracle,Oracle DB,1.2.49,Critical,No
A01852,vmware-esxi-1852,VMware,ESXi,6.4.26,Medium,Yes
A01853,cisco-asa-1853,Cisco,ASA,9.4.49,High,Yes
A01854,cisco-meraki-1854,Cisco,Meraki,2.6.44,High,Yes
A01855,linux-centos-1855,Linux,CentOS,10.6.39,Critical,No
A01856,apache-apache-http-server-1856,Apache,Apache HTTP Server,4.4.73,Medium,No
A01857,oracle-weblogic-1857,Oracle,WebLogic,9.3.4,Medium,No
A01858,vmware-vcenter-1858,VMware,vCenter,7.5.7,High,No
A01859,microsoft-sql-server-1859,Microsoft,SQL Server,8.6.73,Critical,No
A01860,linux-ubuntu-1860,Linux,Ubuntu,6.4.39,Medium,Yes
A01861,oracle-weblogic-1861,Oracle,WebLogic,8.7.58,Medium,Yes
A01862,oracle-oracle-db-1862,Oracle,Oracle DB,5.8.41,High,No
A01863,apache-tomcat-1863,Apache,Tomcat,9.0.46,Medium,Yes
A01864,linux-ubuntu-1864,Linux,Ubuntu,4.5.23,High,No
A01865,vmware-esxi-1865,VMware,ESXi,4.5.94,Medium,No
A01866,linux-centos-1866,Linux,CentOS,2.3.52,High,Yes
A01867,microsoft-windows-server-1867,Microsoft,Windows Server,8.9.79,High,No
A01868,vmware-vcenter-1868,VMware,vCenter,6.8.44,Medium,No
A01869,microsoft-exchange-server-1869,Microsoft,Exchange Server,7.0.31,Critical,Yes
A01870,microsoft-exchange-server-1870,Microsoft,Exchange Server,10.2.73,Medium,No
A01871,linux-redhat-1871,Linux,RedHat,3.0.98,Medium,No
A01872,microsoft-exchange-server-1872,Microsoft,Exchange Server,2.2.5,High,No
A01873,apache-tomcat-1873,Apache,Tomcat,8.3.5,Critical,No
A01874,linux-redhat-1874,Linux,RedHat,3.9.19,Medium,No
A01875,cisco-asa-1875,Cisco,ASA,10.2.77,Low,No
A01876,apache-tomcat-1876,Apache,Tomcat,8.6.24,Low,Yes
A01877,oracle-weblogic-1877,Oracle,WebLogic,8.8.43,Low,No
A01878,cisco-meraki-1878,Cisco,Meraki,3.5.17,Low,No
A01879,vmware-esxi-1879,VMware,ESXi,2.1.28,Low,Yes
A01880,vmware-vcenter-1880,VMware,vCenter,6.7.37,Medium,No
A01881,linux-centos-1881,Linux,CentOS,7.6.33,Low,No
A01882,microsoft-exchange-server-1882,Microsoft,Exchange Server,1.2.20,Critical,No
A01883,linux-centos-1883,Linux,CentOS,8.7.52,Critical,No
A01884,vmware-esxi-1884,VMware,ESXi,5.6.33,Medium,No
A01885,oracle-oracle-db-1885,Oracle,Oracle DB,2.5.34,Low,No
A01886,oracle-oracle-db-1886,Oracle,Oracle DB,5.1.48,Critical,No
A01887,cisco-asa-1887,Cisco,ASA,6.6.96,Medium,No
A01888,linux-centos-1888,Linux,CentOS,10.8.35,Medium,Yes
A01889,apache-tomcat-1889,Apache,Tomcat,6.0.42,High,Yes
A01890,oracle-oracle-db-1890,Oracle,Oracle DB,10.0.4,Medium,No
A01891,vmware-esxi-1891,VMware,ESXi,8.2.70,High,No
A01892,cisco-meraki-1892,Cisco,Meraki,9.6.76,Critical,No
A01893,linux-redhat-1893,Linux,RedHat,10.8.27,Medium,No
A01894,linux-redhat-1894,Linux,RedHat,4.3.74,Critical,No
A01895,microsoft-sql-server-1895,Microsoft,SQL Server,2.0.65,Critical,No
A01896,linux-ubuntu-1896,Linux,Ubuntu,1.8.9,Low,No
A01897,microsoft-sql-server-1897,Microsoft,SQL Server,9.4.39,Critical,No
A01898,oracle-oracle-db-1898,Oracle,Oracle DB,9.5.56,High,Yes
A01899,linux-redhat-1899,Linux,RedHat,8.8.22,Low,Yes
A01900,vmware-esxi-1900,VMware,ESXi,6.5.33,Medium,Yes
A01901,oracle-oracle-db-1901,Oracle,Oracle DB,9.3.6,High,No
A01902,apache-apache-http-server-1902,Apache,Apache HTTP Server,7.0.48,Low,No
A01903,apache-tomcat-1903,Apache,Tomcat,6.1.82,High,No
A01904,oracle-weblogic-1904,Oracle,WebLogic,4.1.30,High,Yes
A01905,vmware-esxi-1905,VMware,ESXi,10.9.50,High,No
A01906,microsoft-windows-server-1906,Microsoft,Windows Server,7.9.6,Medium,Yes
A01907,vmware-vcenter-1907,VMware,vCenter,2.9.93,High,No
A01908,oracle-oracle-db-1908,Oracle,Oracle DB,10.7.34,Low,No
A01909,oracle-weblogic-1909,Oracle,WebLogic,3.7.1,Medium,Yes
A01910,apache-apache-http-server-1910,Apache,Apache HTTP Server,1.8.4,Medium,No
A01911,oracle-weblogic-1911,Oracle,WebLogic,1.6.84,Low,No
A01912,linux-centos-1912,Linux,CentOS,6.0.91,Critical,No
A01913,microsoft-windows-server-1913,Microsoft,Windows Server,8.8.36,Critical,No
A01914,oracle-weblogic-1914,Oracle,WebLogic,8.4.83,Critical,No
A01915,linux-ubuntu-1915,Linux,Ubuntu,10.6.44,Medium,No
A01916,microsoft-windows-server-1916,Microsoft,Windows Server,5.9.86,Critical,No
A01917,linux-centos-1917,Linux,CentOS,6.5.45,High,Yes
A01918,cisco-ios-xe-1918,Cisco,IOS XE,3.5.92,High,No
A01919,apache-tomcat-1919,Apache,Tomcat,3.1.89,High,Yes
A01920,apache-apache-http-server-1920,Apache,Apache HTTP Server,7.2.98,Low,Yes
A01921,cisco-meraki-1921,Cisco,Meraki,10.3.64,Medium,No
A01922,linux-redhat-1922,Linux,RedHat,9.6.23,Critical,No
A01923,cisco-meraki-1923,Cisco,Meraki,9.0.57,Medium,No
A01924,microsoft-sql-server-1924,Microsoft,SQL Server,5.2.7,Medium,No
A01925,linux-redhat-1925,Linux,RedHat,6.5.81,Critical,Yes
A01926,microsoft-exchange-server-1926,Microsoft,Exchange Server,10.1.70,Critical,Yes
A01927,apache-tomcat-1927,Apache,Tomcat,7.3.55,Low,Yes
A01928,oracle-weblogic-1928,Oracle,WebLogic,8.5.78,Medium,No
A01929,vmware-vcenter-1929,VMware,vCenter,5.9.61,Critical,No
A01930,cisco-meraki-1930,Cisco,Meraki,9.8.90,Medium,No
A01931,microsoft-exchange-server-1931,Microsoft,Exchange Server,9.4.74,High,No
A01932,linux-ubuntu-1932,Linux,Ubuntu,6.6.7,Medium,Yes
A01933,vmware-esxi-1933,VMware,ESXi,2.6.14,Medium,No
A01934,oracle-oracle-db-1934,Oracle,Oracle DB,9.0.74,Medium,No
A01935,linux-ubuntu-1935,Linux,Ubuntu,9.4.19,Medium,Yes
A01936,linux-redhat-1936,Linux,RedHat,7.1.93,Low,No
A01937,oracle-oracle-db-1937,Oracle,Oracle DB,9.4.66,Critical,No
A01938,microsoft-exchange-server-1938,Microsoft,Exchange Server,2.7.41,Medium,Yes
A01939,apache-tomcat-1939,Apache,Tomcat,8.7.67,High,No
A01940,linux-redhat-1940,Linux,RedHat,1.8.51,High,No
A01941,apache-tomcat-1941,Apache,Tomcat,2.6.16,High,Yes
A01942,cisco-ios-xe-1942,Cisco,IOS XE,6.9.16,Medium,No
A01943,oracle-weblogic-1943,Oracle,WebLogic,10.4.73,Critical,Yes
A01944,oracle-oracle-db-1944,Oracle,Oracle DB,3.3.71,High,Yes
A01945,apache-apache-http-server-1945,Apache,Apache HTTP Server,4.8.65,Medium,No
A01946,cisco-asa-1946,Cisco,ASA,5.9.53,Medium,No
A01947,oracle-weblogic-1947,Oracle,WebLogic,8.8.73,Medium,No
A01948,oracle-oracle-db-1948,Oracle,Oracle DB,9.3.78,High,Yes
A01949,linux-ubuntu-1949,Linux,Ubuntu,4.8.7,Medium,No
A01950,apache-tomcat-1950,Apache,Tomcat,7.4.5,Low,No
A01951,microsoft-exchange-server-1951,Microsoft,Exchange Server,2.6.84,Critical,Yes
A01952,microsoft-exchange-server-1952,Microsoft,Exchange Server,9.3.40,High,Yes
A01953,vmware-esxi-1953,VMware,ESXi,10.1.83,High,No
A01954,apache-apache-http-server-1954,Apache,Apache HTTP Server,4.3.96,Medium,Yes
A01955,microsoft-exchange-server-1955,Microsoft,Exchange Server,2.9.13,High,No
A01956,microsoft-windows-server-1956,Microsoft,Windows Server,2.3.32,Critical,Yes
A01957,microsoft-sql-server-1957,Microsoft,SQL Server,10.1.18,Critical,No
A01958,linux-centos-1958,Linux,CentOS,5.2.20,High,No
A01959,microsoft-exchange-server-1959,Microsoft,Exchange Server,9.9.80,Medium,No
A01960,vmware-vcenter-1960,VMware,vCenter,10.8.13,Medium,No
A01961,cisco-ios-xe-1961,Cisco,IOS XE,2.3.74,High,No
A01962,microsoft-sql-server-1962,Microsoft,SQL Server,8.5.65,Medium,No
A01963,apache-tomcat-1963,Apache,Tomcat,5.6.75,Medium,No
A01964,oracle-oracle-db-1964,Oracle,Oracle DB,3.8.89,Critical,No
A01965,apache-apache-http-server-1965,Apache,Apache HTTP Server,2.1.31,Critical,No
A01966,microsoft-sql-server-1966,Microsoft,SQL Server,2.1.99,Low,Yes
A01967,cisco-ios-xe-1967,Cisco,IOS XE,3.4.54,Critical,Yes
A01968,cisco-meraki-1968,Cisco,Meraki,7.3.62,High,No
A01969,cisco-asa-1969,Cisco,ASA,4.6.77,Critical,No
A01970,vmware-esxi-1970,VMware,ESXi,9.8.73,High,No
A01971,linux-redhat-1971,Linux,RedHat,1.9.27,Low,No
A01972,oracle-weblogic-1972,Oracle,WebLogic,10.3.53,High,No
A01973,oracle-weblogic-1973,Oracle,WebLogic,5.3.99,High,No
A01974,oracle-weblogic-1974,Oracle,WebLogic,6.1.95,Medium,Yes
A01975,microsoft-sql-server-1975,Microsoft,SQL Server,10.0.0,High,Yes
A01976,linux-redhat-1976,Linux,RedHat,8.5.93,Medium,No
A01977,apache-tomcat-1977,Apache,Tomcat,10.5.96,High,No
A01978,linux-redhat-1978,Linux,RedHat,5.5.23,Low,No
A01979,microsoft-exchange-server-1979,Microsoft,Exchange Server,2.3.26,Low,No
A01980,linux-centos-1980,Linux,CentOS,10.8.44,High,Yes
A01981,apache-apache-http-server-1981,Apache,Apache HTTP Server,8.5.23,Critical,Yes
A01982,vmware-esxi-1982,VMware,ESXi,5.5.87,Critical,Yes
A01983,linux-centos-1983,Linux,CentOS,6.9.44,Medium,Yes
A01984,linux-redhat-1984,Linux,RedHat,5.2.7,High,No
A01985,vmware-vcenter-1985,VMware,vCenter,10.2.2,High,No
A01986,vmware-vcenter-1986,VMware,vCenter,7.8.79,High,No
A01987,oracle-oracle-db-1987,Oracle,Oracle DB,4.0.67,High,No
A01988,apache-tomcat-1988,Apache,Tomcat,1.4.55,Critical,No
A01989,linux-ubuntu-1989,Linux,Ubuntu,10.3.29,Critical,Yes
A01990,apache-tomcat-1990,Apache,Tomcat,5.2.97,High,Yes
A01991,linux-redhat-1991,Linux,RedHat,1.4.64,Critical,No
A01992,cisco-meraki-1992,Cisco,Meraki,5.9.88,Medium,No
A01993,vmware-vcenter-1993,VMware,vCenter,1.0.78,Critical,No
A01994,linux-ubuntu-1994,Linux,Ubuntu,3.4.93,Critical,No
A01995,linux-centos-1995,Linux,CentOS,7.3.81,Critical,No
A01996,cisco-ios-xe-1996,Cisco,IOS XE,7.6.6,Low,No
A01997,linux-ubuntu-1997,Linux,Ubuntu,6.9.32,Critical,Yes
A01998,apache-tomcat-1998,Apache,Tomcat,4.4.1,Medium,No
A01999,oracle-oracle-db-1999,Oracle,Oracle DB,3.2.38,Medium,Yes
A02000,cisco-meraki-2000,Cisco,Meraki,10.1.42,Low,No
A02001,cisco-asa-2001,Cisco,ASA,2.1.20,Critical,No
A02002,cisco-ios-xe-2002,Cisco,IOS XE,2.2.12,High,No
A02003,cisco-ios-xe-2003,Cisco,IOS XE,4.8.73,Medium,Yes
A02004,vmware-esxi-2004,VMware,ESXi,9.7.60,Medium,No
A02005,apache-tomcat-2005,Apache,Tomcat,10.5.61,Medium,Yes
A02006,oracle-oracle-db-2006,Oracle,Oracle DB,4.8.99,Critical,No
A02007,microsoft-windows-server-2007,Microsoft,Windows Server,9.5.58,Low,No
A02008,oracle-weblogic-2008,Oracle,WebLogic,2.1.46,High,Yes
A02009,apache-tomcat-2009,Apache,Tomcat,9.4.42,Medium,No
A02010,microsoft-exchange-server-2010,Microsoft,Exchange Server,9.6.53,Critical,Yes
A02011,apache-apache-http-server-2011,Apache,Apache HTTP Server,7.4.24,Low,No
A02012,oracle-oracle-db-2012,Oracle,Oracle DB,5.1.84,High,Yes
A02013,cisco-asa-2013,Cisco,ASA,7.2.57,High,Yes
A02014,cisco-ios-xe-2014,Cisco,IOS XE,10.2.47,Medium,No
A02015,microsoft-windows-server-2015,Microsoft,Windows Server,5.1.8,High,Yes
A02016,vmware-esxi-2016,VMware,ESXi,9.8.74,High,Yes
A02017,oracle-oracle-db-2017,Oracle,Oracle DB,5.8.35,Low,No
A02018,oracle-weblogic-2018,Oracle,WebLogic,2.2.61,Low,Yes
A02019,linux-redhat-2019,Linux,RedHat,7.3.35,Critical,Yes
A02020,oracle-oracle-db-2020,Oracle,Oracle DB,3.4.72,Medium,Yes
A02021,oracle-weblogic-2021,Oracle,WebLogic,9.9.99,Low,No
A02022,vmware-vcenter-2022,VMware,vCenter,5.5.69,High,No
A02023,linux-ubuntu-2023,Linux,Ubuntu,6.1.83,High,No
A02024,apache-tomcat-2024,Apache,Tomcat,6.1.80,Medium,No
A02025,cisco-asa-2025,Cisco,ASA,3.7.83,Medium,No
A02026,microsoft-windows-server-2026,Microsoft,Windows Server,8.8.43,Medium,No
A02027,vmware-esxi-2027,VMware,ESXi,6.3.14,Low,No
A02028,vmware-esxi-2028,VMware,ESXi,2.2.29,Medium,No
A02029,oracle-weblogic-2029,Oracle,WebLogic,3.5.90,Medium,Yes
A02030,microsoft-sql-server-2030,Microsoft,SQL Server,2.6.29,High,No
A02031,cisco-ios-xe-2031,Cisco,IOS XE,2.8.24,Medium,No
A02032,linux-redhat-2032,Linux,RedHat,5.4.8,High,No
A02033,cisco-asa-2033,Cisco,ASA,7.0.70,Critical,Yes
A02034,oracle-weblogic-2034,Oracle,WebLogic,3.9.68,High,No
A02035,oracle-oracle-db-2035,Oracle,Oracle DB,8.7.88,Critical,No
A02036,linux-ubuntu-2036,Linux,Ubuntu,2.7.84,High,No
A02037,microsoft-exchange-server-2037,Microsoft,Exchange Server,7.9.18,Critical,No
A02038,linux-redhat-2038,Linux,RedHat,9.8.90,Low,Yes
A02039,microsoft-sql-server-2039,Microsoft,SQL Server,4.2.62,Medium,No
A02040,vmware-vcenter-2040,VMware,vCenter,1.6.86,Low,No
A02041,cisco-asa-2041,Cisco,ASA,3.9.52,High,No
A02042,oracle-oracle-db-2042,Oracle,Oracle DB,1.1.72,Low,No
A02043,vmware-vcenter-2043,VMware,vCenter,1.9.76,Low,No
A02044,microsoft-sql-server-2044,Microsoft,SQL Server,7.0.74,Medium,Yes
A02045,linux-redhat-2045,Linux,RedHat,6.1.19,High,Yes
A02046,apache-tomcat-2046,Apache,Tomcat,7.1.38,Low,No
A02047,linux-centos-2047,Linux,CentOS,8.2.11,Critical,Yes
A02048,linux-redhat-2048,Linux,RedHat,1.2.75,Critical,No
A02049,vmware-esxi-2049,VMware,ESXi,4.7.90,Low,Yes
A02050,microsoft-windows-server-2050,Microsoft,Windows Server,4.6.7,Low,No
A02051,apache-tomcat-2051,Apache,Tomcat,7.6.10,High,Yes
A02052,linux-ubuntu-2052,Linux,Ubuntu,9.3.75,High,No
A02053,microsoft-windows-server-2053,Microsoft,Windows Server,6.3.50,Critical,No
A02054,cisco-meraki-2054,Cisco,Meraki,4.2.73,Medium,No
A02055,oracle-oracle-db-2055,Oracle,Oracle DB,3.4.9,Low,Yes
A02056,apache-apache-http-server-2056,Apache,Apache HTTP Server,2.7.97,High,No
A02057,linux-centos-2057,Linux,CentOS,5.8.99,Critical,No
A02058,apache-apache-http-server-2058,Apache,Apache HTTP Server,8.4.92,Low,Yes
A02059,vmware-esxi-2059,VMware,ESXi,4.2.87,High,No
A02060,apache-tomcat-2060,Apache,Tomcat,6.4.57,Medium,No
A02061,microsoft-sql-server-2061,Microsoft,SQL Server,9.7.92,Critical,No
A02062,cisco-ios-xe-2062,Cisco,IOS XE,6.3.16,Medium,No
A02063,oracle-weblogic-2063,Oracle,WebLogic,1.4.81,High,No
A02064,cisco-asa-2064,Cisco,ASA,10.3.2,Low,No
A02065,linux-ubuntu-2065,Linux,Ubuntu,2.6.59,Medium,Yes
A02066,cisco-meraki-2066,Cisco,Meraki,1.9.75,High,No
A02067,vmware-vcenter-2067,VMware,vCenter,5.5.93,Medium,No
A02068,cisco-meraki-2068,Cisco,Meraki,2.9.74,Medium,No
A02069,linux-centos-2069,Linux,CentOS,5.5.41,Medium,Yes
A02070,vmware-vcenter-2070,VMware,vCenter,9.7.42,Critical,Yes
A02071,apache-apache-http-server-2071,Apache,Apache HTTP Server,6.4.71,Medium,Yes
A02072,apache-tomcat-2072,Apache,Tomcat,5.1.62,High,Yes
A02073,linux-centos-2073,Linux,CentOS,4.1.19,Low,No
A02074,microsoft-windows-server-2074,Microsoft,Windows Server,3.3.98,Low,No
A02075,oracle-weblogic-2075,Oracle,WebLogic,9.2.60,Low,Yes
A02076,microsoft-sql-server-2076,Microsoft,SQL Server,5.9.73,Low,No
A02077,cisco-asa-2077,Cisco,ASA,10.6.29,High,No
A02078,apache-tomcat-2078,Apache,Tomcat,9.0.32,Medium,Yes
A02079,cisco-meraki-2079,Cisco,Meraki,9.3.79,Medium,Yes
A02080,vmware-vcenter-2080,VMware,vCenter,1.0.6,Low,Yes
A02081,apache-apache-http-server-2081,Apache,Apache HTTP Server,8.6.29,High,No
A02082,apache-tomcat-2082,Apache,Tomcat,5.7.0,Medium,Yes
A02083,oracle-oracle-db-2083,Oracle,Oracle DB,2.4.24,Medium,No
A02084,apache-apache-http-server-2084,Apache,Apache HTTP Server,6.4.56,Critical,No
A02085,linux-ubuntu-2085,Linux,Ubuntu,6.8.77,Medium,No
A02086,cisco-ios-xe-2086,Cisco,IOS XE,8.9.75,Low,No
A02087,oracle-oracle-db-2087,Oracle,Oracle DB,9.9.21,Low,Yes
A02088,linux-centos-2088,Linux,CentOS,1.6.78,Critical,No
A02089,apache-apache-http-server-2089,Apache,Apache HTTP Server,2.8.87,Low,No
A02090,oracle-oracle-db-2090,Oracle,Oracle DB,6.0.82,High,No
A02091,apache-apache-http-server-2091,Apache,Apache HTTP Server,3.0.16,Medium,Yes
A02092,oracle-oracle-db-2092,Oracle,Oracle DB,9.7.49,Medium,Yes
A02093,oracle-weblogic-2093,Oracle,WebLogic,9.6.2,High,No
A02094,cisco-ios-xe-2094,Cisco,IOS XE,9.0.25,Low,No
A02095,cisco-asa-2095,Cisco,ASA,7.7.75,Medium,No
A02096,cisco-asa-2096,Cisco,ASA,8.1.73,High,Yes
A02097,apache-apache-http-server-2097,Apache,Apache HTTP Server,10.1.86,High,Yes
A02098,vmware-esxi-2098,VMware,ESXi,8.3.99,Medium,Yes
A02099,microsoft-exchange-server-2099,Microsoft,Exchange Server,6.7.10,Medium,No
A02100,linux-centos-2100,Linux,CentOS,5.6.3,High,No
A02101,oracle-weblogic-2101,Oracle,WebLogic,4.2.63,Critical,No
A02102,linux-ubuntu-2102,Linux,Ubuntu,1.1.99,Low,No
A02103,cisco-ios-xe-2103,Cisco,IOS XE,5.5.80,Low,No
A02104,vmware-esxi-2104,VMware,ESXi,5.6.2,High,Yes
A02105,cisco-meraki-2105,Cisco,Meraki,7.3.41,High,Yes
A02106,linux-ubuntu-2106,Linux,Ubuntu,2.9.7,Critical,No
A02107,microsoft-windows-server-2107,Microsoft,Windows Server,7.4.71,Medium,Yes
A02108,vmware-vcenter-2108,VMware,vCenter,6.4.68,Critical,No
A02109,linux-redhat-2109,Linux,RedHat,9.2.95,Medium,No
A02110,oracle-oracle-db-2110,Oracle,Oracle DB,9.6.75,High,No
A02111,cisco-asa-2111,Cisco,ASA,1.7.57,High,No
A02112,cisco-ios-xe-2112,Cisco,IOS XE,10.9.67,High,Yes
A02113,microsoft-windows-server-2113,Microsoft,Windows Server,3.8.35,Medium,No
A02114,oracle-weblogic-2114,Oracle,WebLogic,4.6.32,High,No
A02115,linux-redhat-2115,Linux,RedHat,8.9.83,Critical,No
A02116,linux-redhat-2116,Linux,RedHat,1.0.28,Medium,No
A02117,linux-ubuntu-2117,Linux,Ubuntu,7.3.53,Low,Yes
A02118,microsoft-sql-server-2118,Microsoft,SQL Server,1.6.10,Low,Yes
A02119,linux-centos-2119,Linux,CentOS,8.9.54,Medium,No
A02120,cisco-ios-xe-2120,Cisco,IOS XE,2.5.76,Critical,Yes
A02121,linux-ubuntu-2121,Linux,Ubuntu,3.0.54,Medium,Yes
A02122,apache-apache-http-server-2122,Apache,Apache HTTP Server,5.5.69,Medium,Yes
A02123,apache-tomcat-2123,Apache,Tomcat,9.9.77,High,Yes
A02124,cisco-ios-xe-2124,Cisco,IOS XE,4.0.26,Low,No
A02125,cisco-meraki-2125,Cisco,Meraki,2.1.49,Medium,Yes
A02126,cisco-ios-xe-2126,Cisco,IOS XE,10.8.14,High,Yes
A02127,vmware-vcenter-2127,VMware,vCenter,4.1.58,Medium,Yes
A02128,linux-centos-2128,Linux,CentOS,3.6.64,High,Yes
A02129,vmware-vcenter-2129,VMware,vCenter,10.7.65,High,No
A02130,vmware-esxi-2130,VMware,ESXi,4.7.60,Medium,No
A02131,linux-redhat-2131,Linux,RedHat,8.4.21,Low,Yes
A02132,vmware-vcenter-2132,VMware,vCenter,8.3.21,Medium,No
A02133,apache-tomcat-2133,Apache,Tomcat,7.4.87,High,Yes
A02134,apache-apache-http-server-2134,Apache,Apache HTTP Server,6.3.81,Critical,No
A02135,microsoft-windows-server-2135,Microsoft,Windows Server,3.4.13,Medium,Yes
A02136,microsoft-windows-server-2136,Microsoft,Windows Server,1.5.24,Critical,No
A02137,cisco-asa-2137,Cisco,ASA,10.2.4,Critical,Yes
A02138,apache-tomcat-2138,Apache,Tomcat,7.1.23,Critical,No
A02139,linux-ubuntu-2139,Linux,Ubuntu,2.8.61,Medium,Yes
A02140,linux-redhat-2140,Linux,RedHat,2.0.99,Low,Yes
A02141,apache-apache-http-server-2141,Apache,Apache HTTP Server,6.5.7,Critical,No
A02142,linux-ubuntu-2142,Linux,Ubuntu,8.8.85,High,Yes
A02143,linux-centos-2143,Linux,CentOS,3.5.34,Low,No
A02144,apache-apache-http-server-2144,Apache,Apache HTTP Server,8.0.8,Medium,No
A02145,oracle-oracle-db-2145,Oracle,Oracle DB,1.1.21,High,No
A02146,apache-apache-http-server-2146,Apache,Apache HTTP Server,8.4.35,Critical,No
A02147,apache-apache-http-server-2147,Apache,Apache HTTP Server,7.6.6,Critical,Yes
A02148,oracle-oracle-db-2148,Oracle,Oracle DB,5.3.92,Medium,No
A02149,vmware-vcenter-2149,VMware,vCenter,10.2.10,High,No
A02150,vmware-esxi-2150,VMware,ESXi,2.4.86,Critical,No
A02151,vmware-vcenter-2151,VMware,vCenter,6.1.28,High,No
A02152,linux-centos-2152,Linux,CentOS,8.0.11,Critical,No
A02153,linux-redhat-2153,Linux,RedHat,4.3.20,High,No
A02154,vmware-esxi-2154,VMware,ESXi,9.2.64,Medium,Yes
A02155,cisco-meraki-2155,Cisco,Meraki,3.1.27,Medium,No
A02156,vmware-vcenter-2156,VMware,vCenter,2.6.59,Medium,No
A02157,apache-apache-http-server-2157,Apache,Apache HTTP Server,8.2.62,Critical,No
A02158,oracle-weblogic-2158,Oracle,WebLogic,1.9.89,Medium,No
A02159,oracle-oracle-db-2159,Oracle,Oracle DB,6.4.44,High,Yes
A02160,microsoft-sql-server-2160,Microsoft,SQL Server,1.3.64,Low,Yes
A02161,vmware-esxi-2161,VMware,ESXi,4.3.58,Medium,No
A02162,microsoft-sql-server-2162,Microsoft,SQL Server,5.6.49,Medium,No
A02163,linux-ubuntu-2163,Linux,Ubuntu,3.8.54,High,No
A02164,apache-tomcat-2164,Apache,Tomcat,2.3.46,Critical,No
A02165,apache-apache-http-server-2165,Apache,Apache HTTP Server,1.7.12,Low,No
A02166,cisco-ios-xe-2166,Cisco,IOS XE,8.5.63,Medium,No
A02167,linux-centos-2167,Linux,CentOS,1.0.52,High,Yes
A02168,oracle-weblogic-2168,Oracle,WebLogic,5.4.23,Medium,No
A02169,oracle-oracle-db-2169,Oracle,Oracle DB,5.2.63,Low,No
A02170,microsoft-sql-server-2170,Microsoft,SQL Server,8.8.41,Low,No
A02171,oracle-oracle-db-2171,Oracle,Oracle DB,4.1.51,High,Yes
A02172,linux-ubuntu-2172,Linux,Ubuntu,7.1.89,Medium,Yes
A02173,linux-redhat-2173,Linux,RedHat,2.4.72,Low,Yes
A02174,linux-centos-2174,Linux,CentOS,4.1.52,High,No
A02175,vmware-esxi-2175,VMware,ESXi,9.6.19,Critical,Yes
A02176,linux-redhat-2176,Linux,RedHat,7.7.38,Medium,No
A02177,microsoft-sql-server-2177,Microsoft,SQL Server,7.3.73,High,Yes
A02178,linux-ubuntu-2178,Linux,Ubuntu,3.5.81,Medium,Yes
A02179,microsoft-windows-server-2179,Microsoft,Windows Server,4.4.76,High,No
A02180,microsoft-windows-server-2180,Microsoft,Windows Server,9.8.32,High,No
A02181,cisco-meraki-2181,Cisco,Meraki,3.9.84,Critical,No
A02182,linux-redhat-2182,Linux,RedHat,3.2.91,Medium,No
A02183,apache-apache-http-server-2183,Apache,Apache HTTP Server,8.4.22,High,Yes
A02184,cisco-meraki-2184,Cisco,Meraki,4.4.50,High,No
A02185,oracle-oracle-db-2185,Oracle,Oracle DB,8.1.63,High,No
A02186,apache-tomcat-2186,Apache,Tomcat,6.9.36,High,No
A02187,microsoft-exchange-server-2187,Microsoft,Exchange Server,7.5.37,Critical,No
A02188,microsoft-exchange-server-2188,Microsoft,Exchange Server,7.1.68,High,No
A02189,microsoft-sql-server-2189,Microsoft,SQL Server,2.1.83,High,Yes
A02190,oracle-weblogic-2190,Oracle,WebLogic,2.6.48,Low,No
A02191,vmware-vcenter-2191,VMware,vCenter,7.3.18,High,Yes
A02192,oracle-oracle-db-2192,Oracle,Oracle DB,3.7.51,Critical,No
A02193,microsoft-windows-server-2193,Microsoft,Windows Server,7.4.76,High,Yes
A02194,oracle-weblogic-2194,Oracle,WebLogic,6.9.31,Medium,No
A02195,cisco-ios-xe-2195,Cisco,IOS XE,5.9.35,Critical,Yes
A02196,vmware-esxi-2196,VMware,ESXi,9.8.12,High,Yes
A02197,microsoft-sql-server-2197,Microsoft,SQL Server,4.3.60,Low,No
A02198,oracle-oracle-db-2198,Oracle,Oracle DB,6.2.83,Critical,Yes
A02199,microsoft-sql-server-2199,Microsoft,SQL Server,10.5.12,High,No
A02200,apache-tomcat-2200,Apache,Tomcat,9.7.26,Critical,Yes
A02201,vmware-esxi-2201,VMware,ESXi,6.8.83,High,Yes
A02202,microsoft-windows-server-2202,Microsoft,Windows Server,2.2.53,Medium,No
A02203,oracle-weblogic-2203,Oracle,WebLogic,5.0.7,Medium,No
A02204,apache-tomcat-2204,Apache,Tomcat,8.4.1,Medium,No
A02205,linux-redhat-2205,Linux,RedHat,1.7.96,Low,Yes
A02206,cisco-meraki-2206,Cisco,Meraki,8.1.22,Medium,Yes
A02207,apache-tomcat-2207,Apache,Tomcat,10.3.65,Medium,Yes
A02208,linux-ubuntu-2208,Linux,Ubuntu,5.3.71,Low,Yes
A02209,vmware-esxi-2209,VMware,ESXi,10.5.63,Critical,No
A02210,apache-apache-http-server-2210,Apache,Apache HTTP Server,3.1.30,High,No
A02211,oracle-oracle-db-2211,Oracle,Oracle DB,1.2.33,High,Yes
A02212,apache-tomcat-2212,Apache,Tomcat,9.1.69,High,Yes
A02213,vmware-esxi-2213,VMware,ESXi,8.2.77,High,Yes
A02214,linux-centos-2214,Linux,CentOS,6.6.69,High,Yes
A02215,apache-apache-http-server-2215,Apache,Apache HTTP Server,8.3.70,Low,No
A02216,microsoft-windows-server-2216,Microsoft,Windows Server,8.2.16,High,No
A02217,apache-apache-http-server-2217,Apache,Apache HTTP Server,4.9.60,Medium,Yes
A02218,vmware-esxi-2218,VMware,ESXi,3.6.66,Critical,No
A02219,cisco-meraki-2219,Cisco,Meraki,7.4.24,Medium,No
A02220,oracle-oracle-db-2220,Oracle,Oracle DB,4.4.84,High,No
A02221,linux-centos-2221,Linux,CentOS,1.3.47,Low,Yes
A02222,cisco-meraki-2222,Cisco,Meraki,9.1.7,Low,No
A02223,vmware-vcenter-2223,VMware,vCenter,5.6.33,High,No
A02224,linux-centos-2224,Linux,CentOS,10.0.71,Low,No
A02225,vmware-esxi-2225,VMware,ESXi,5.0.72,Critical,No
A02226,apache-tomcat-2226,Apache,Tomcat,10.5.92,Critical,No
A02227,cisco-meraki-2227,Cisco,Meraki,1.4.13,High,Yes
A02228,microsoft-windows-server-2228,Microsoft,Windows Server,9.7.32,High,No
A02229,vmware-esxi-2229,VMware,ESXi,6.0.99,High,Yes
A02230,apache-tomcat-2230,Apache,Tomcat,8.0.95,Medium,No
A02231,oracle-oracle-db-2231,Oracle,Oracle DB,10.9.90,High,Yes
A02232,apache-tomcat-2232,Apache,Tomcat,2.9.87,Critical,No
A02233,cisco-asa-2233,Cisco,ASA,1.0.85,High,No
A02234,vmware-esxi-2234,VMware,ESXi,5.6.6,Low,No
A02235,cisco-meraki-2235,Cisco,Meraki,10.4.40,High,No
A02236,apache-tomcat-2236,Apache,Tomcat,10.2.9,Medium,Yes
A02237,cisco-asa-2237,Cisco,ASA,5.2.63,High,Yes
A02238,apache-tomcat-2238,Apache,Tomcat,9.0.74,Low,No
A02239,apache-tomcat-2239,Apache,Tomcat,4.1.21,High,No
A02240,microsoft-sql-server-2240,Microsoft,SQL Server,10.0.93,High,No
A02241,vmware-vcenter-2241,VMware,vCenter,4.0.41,Low,Yes
A02242,linux-centos-2242,Linux,CentOS,1.9.85,Medium,No
A02243,microsoft-exchange-server-2243,Microsoft,Exchange Server,2.4.12,Medium,No
A02244,vmware-esxi-2244,VMware,ESXi,1.3.60,Medium,No
A02245,oracle-oracle-db-2245,Oracle,Oracle DB,2.2.64,Medium,No
A02246,linux-redhat-2246,Linux,RedHat,9.5.62,Critical,No
A02247,apache-apache-http-server-2247,Apache,Apache HTTP Server,8.3.13,Low,No
A02248,apache-apache-http-server-2248,Apache,Apache HTTP Server,4.9.38,High,No
A02249,oracle-oracle-db-2249,Oracle,Oracle DB,9.7.85,High,Yes
A02250,cisco-asa-2250,Cisco,ASA,1.5.29,Low,No
A02251,oracle-weblogic-2251,Oracle,WebLogic,7.6.42,Critical,No
A02252,oracle-oracle-db-2252,Oracle,Oracle DB,5.6.84,High,No
A02253,apache-apache-http-server-2253,Apache,Apache HTTP Server,1.0.88,Medium,Yes
A02254,microsoft-windows-server-2254,Microsoft,Windows Server,5.8.83,Medium,No
A02255,vmware-esxi-2255,VMware,ESXi,1.5.93,Medium,No
A02256,apache-tomcat-2256,Apache,Tomcat,6.4.14,Low,No
A02257,microsoft-sql-server-2257,Microsoft,SQL Server,3.3.31,Medium,No
A02258,microsoft-windows-server-2258,Microsoft,Windows Server,5.6.95,Low,No
A02259,apache-apache-http-server-2259,Apache,Apache HTTP Server,7.2.94,Critical,No
A02260,microsoft-sql-server-2260,Microsoft,SQL Server,6.5.19,High,No
A02261,linux-ubuntu-2261,Linux,Ubuntu,3.8.88,High,No
A02262,vmware-esxi-2262,VMware,ESXi,6.2.27,Low,Yes
A02263,oracle-weblogic-2263,Oracle,WebLogic,4.6.97,High,Yes
A02264,cisco-asa-2264,Cisco,ASA,5.0.99,Critical,No
A02265,apache-tomcat-2265,Apache,Tomcat,7.7.87,Medium,No
A02266,apache-tomcat-2266,Apache,Tomcat,5.5.96,Medium,No
A02267,oracle-oracle-db-2267,Oracle,Oracle DB,10.0.50,Low,No
A02268,microsoft-exchange-server-2268,Microsoft,Exchange Server,3.2.66,Medium,No
A02269,cisco-asa-2269,Cisco,ASA,8.6.31,Critical,Yes
A02270,oracle-oracle-db-2270,Oracle,Oracle DB,9.0.14,Medium,Yes
A02271,oracle-oracle-db-2271,Oracle,Oracle DB,4.4.11,Low,No
A02272,oracle-oracle-db-2272,Oracle,Oracle DB,4.8.12,High,No
A02273,oracle-oracle-db-2273,Oracle,Oracle DB,9.6.17,Low,No
A02274,linux-redhat-2274,Linux,RedHat,9.7.76,Low,No
A02275,linux-redhat-2275,Linux,RedHat,2.1.23,High,No
A02276,oracle-oracle-db-2276,Oracle,Oracle DB,4.5.77,Medium,No
A02277,cisco-meraki-2277,Cisco,Meraki,1.7.48,High,Yes
A02278,apache-apache-http-server-2278,Apache,Apache HTTP Server,3.1.58,High,No
A02279,microsoft-exchange-server-2279,Microsoft,Exchange Server,6.9.62,High,No
A02280,linux-centos-2280,Linux,CentOS,2.9.11,Medium,No
A02281,vmware-vcenter-2281,VMware,vCenter,5.3.9,High,No
A02282,apache-tomcat-2282,Apache,Tomcat,8.7.64,High,No
A02283,cisco-asa-2283,Cisco,ASA,3.8.66,Low,No
A02284,microsoft-sql-server-2284,Microsoft,SQL Server,9.4.59,Medium,Yes
A02285,vmware-vcenter-2285,VMware,vCenter,1.3.92,Critical,No
A02286,apache-apache-http-server-2286,Apache,Apache HTTP Server,10.0.7,High,No
A02287,linux-centos-2287,Linux,CentOS,1.5.3,Low,Yes
A02288,vmware-esxi-2288,VMware,ESXi,2.8.24,High,No
A02289,apache-apache-http-server-2289,Apache,Apache HTTP Server,7.5.47,Medium,Yes
A02290,apache-apache-http-server-2290,Apache,Apache HTTP Server,9.6.64,Critical,Yes
A02291,microsoft-sql-server-2291,Microsoft,SQL Server,4.6.30,Critical,Yes
A02292,apache-tomcat-2292,Apache,Tomcat,9.1.25,Medium,No
A02293,oracle-weblogic-2293,Oracle,WebLogic,10.9.36,Critical,No
A02294,cisco-ios-xe-2294,Cisco,IOS XE,4.0.30,Medium,No
A02295,oracle-oracle-db-2295,Oracle,Oracle DB,8.2.50,Low,No
A02296,vmware-vcenter-2296,VMware,vCenter,3.9.44,High,No
A02297,linux-ubuntu-2297,Linux,Ubuntu,7.0.80,Low,No
A02298,apache-tomcat-2298,Apache,Tomcat,5.0.98,Medium,No
A02299,oracle-oracle-db-2299,Oracle,Oracle DB,4.5.49,High,No
A02300,linux-centos-2300,Linux,CentOS,1.1.5,Critical,No
A02301,microsoft-sql-server-2301,Microsoft,SQL Server,5.9.61,Medium,Yes
A02302,microsoft-exchange-server-2302,Microsoft,Exchange Server,8.9.75,Low,No
A02303,cisco-ios-xe-2303,Cisco,IOS XE,3.2.25,Medium,Yes
A02304,microsoft-windows-server-2304,Microsoft,Windows Server,10.2.96,Critical,No
A02305,oracle-oracle-db-2305,Oracle,Oracle DB,2.9.54,High,No
A02306,cisco-asa-2306,Cisco,ASA,4.2.72,High,Yes
A02307,vmware-vcenter-2307,VMware,vCenter,5.9.99,High,No
A02308,cisco-asa-2308,Cisco,ASA,9.9.73,Medium,No
A02309,apache-apache-http-server-2309,Apache,Apache HTTP Server,8.7.70,Critical,No
A02310,vmware-esxi-2310,VMware,ESXi,2.5.0,Critical,Yes
A02311,microsoft-exchange-server-2311,Microsoft,Exchange Server,2.0.88,Medium,No
A02312,apache-apache-http-server-2312,Apache,Apache HTTP Server,3.7.59,Low,No
A02313,apache-tomcat-2313,Apache,Tomcat,7.1.46,Critical,Yes
A02314,linux-centos-2314,Linux,CentOS,8.3.92,High,No
A02315,microsoft-windows-server-2315,Microsoft,Windows Server,9.0.29,High,No
A02316,apache-tomcat-2316,Apache,Tomcat,5.2.67,Critical,No
A02317,apache-apache-http-server-2317,Apache,Apache HTTP Server,5.9.5,Low,No
A02318,cisco-meraki-2318,Cisco,Meraki,10.8.2,Critical,No
A02319,cisco-asa-2319,Cisco,ASA,3.0.99,High,No
A02320,apache-apache-http-server-2320,Apache,Apache HTTP Server,5.4.2,Medium,No
A02321,cisco-ios-xe-2321,Cisco,IOS XE,7.2.74,Low,Yes
A02322,apache-apache-http-server-2322,Apache,Apache HTTP Server,4.5.25,Medium,No
A02323,oracle-oracle-db-2323,Oracle,Oracle DB,9.8.69,Critical,No
A02324,oracle-oracle-db-2324,Oracle,Oracle DB,8.6.48,High,Yes
A02325,apache-tomcat-2325,Apache,Tomcat,10.4.44,Low,No
A02326,oracle-weblogic-2326,Oracle,WebLogic,6.1.11,Low,No
A02327,microsoft-sql-server-2327,Microsoft,SQL Server,1.8.37,Medium,Yes
A02328,apache-tomcat-2328,Apache,Tomcat,5.6.69,Low,No
A02329,apache-tomcat-2329,Apache,Tomcat,9.8.7,Medium,No
A02330,linux-centos-2330,Linux,CentOS,4.7.17,Medium,No
A02331,microsoft-sql-server-2331,Microsoft,SQL Server,6.9.39,Low,No
A02332,oracle-oracle-db-2332,Oracle,Oracle DB,10.4.60,Medium,Yes
A02333,oracle-oracle-db-2333,Oracle,Oracle DB,5.8.0,Low,No
A02334,linux-centos-2334,Linux,CentOS,8.0.22,Critical,Yes
A02335,cisco-asa-2335,Cisco,ASA,1.3.74,High,No
A02336,linux-centos-2336,Linux,CentOS,7.2.41,Low,No
A02337,vmware-vcenter-2337,VMware,vCenter,4.2.66,Critical,Yes
A02338,linux-centos-2338,Linux,CentOS,10.6.52,High,No
A02339,vmware-esxi-2339,VMware,ESXi,10.1.5,Medium,No
A02340,apache-apache-http-server-2340,Apache,Apache HTTP Server,3.7.80,Medium,No
A02341,microsoft-sql-server-2341,Microsoft,SQL Server,8.7.91,High,No
A02342,oracle-oracle-db-2342,Oracle,Oracle DB,1.7.75,Low,Yes
A02343,linux-centos-2343,Linux,CentOS,9.4.53,Critical,Yes
A02344,microsoft-sql-server-2344,Microsoft,SQL Server,10.7.64,Critical,Yes
A02345,microsoft-windows-server-2345,Microsoft,Windows Server,10.0.28,Critical,No
A02346,cisco-ios-xe-2346,Cisco,IOS XE,8.7.88,Medium,No
A02347,linux-centos-2347,Linux,CentOS,9.4.58,Medium,Yes
A02348,vmware-esxi-2348,VMware,ESXi,6.3.7,High,No
A02349,apache-tomcat-2349,Apache,Tomcat,1.2.93,Low,No
A02350,microsoft-windows-server-2350,Microsoft,Windows Server,9.3.11,Critical,No
A02351,oracle-weblogic-2351,Oracle,WebLogic,3.8.51,High,No
A02352,linux-redhat-2352,Linux,RedHat,8.0.5,Low,No
A02353,apache-tomcat-2353,Apache,Tomcat,10.1.76,Medium,No
A02354,cisco-meraki-2354,Cisco,Meraki,9.3.56,High,No
A02355,microsoft-windows-server-2355,Microsoft,Windows Server,3.5.59,Medium,No
A02356,oracle-weblogic-2356,Oracle,WebLogic,1.6.1,Low,No
A02357,linux-ubuntu-2357,Linux,Ubuntu,3.8.28,Medium,No
A02358,apache-apache-http-server-2358,Apache,Apache HTTP Server,10.4.76,High,No
A02359,cisco-ios-xe-2359,Cisco,IOS XE,8.8.49,Medium,No
A02360,apache-tomcat-2360,Apache,Tomcat,1.3.15,High,Yes
A02361,apache-apache-http-server-2361,Apache,Apache HTTP Server,3.1.36,Critical,No
A02362,cisco-asa-2362,Cisco,ASA,7.7.68,High,No
A02363,vmware-vcenter-2363,VMware,vCenter,6.7.74,Low,No
A02364,microsoft-exchange-server-2364,Microsoft,Exchange Server,9.3.94,Critical,Yes
A02365,vmware-esxi-2365,VMware,ESXi,1.7.75,Low,No
A02366,vmware-esxi-2366,VMware,ESXi,1.4.48,Critical,Yes
A02367,linux-centos-2367,Linux,CentOS,7.2.54,Medium,No
A02368,oracle-weblogic-2368,Oracle,WebLogic,6.8.3,Critical,Yes
A02369,cisco-meraki-2369,Cisco,Meraki,7.5.82,Medium,Yes
A02370,vmware-vcenter-2370,VMware,vCenter,7.1.4,Critical,No
A02371,microsoft-windows-server-2371,Microsoft,Windows Server,4.2.56,High,Yes
A02372,cisco-ios-xe-2372,Cisco,IOS XE,8.7.19,High,No
A02373,cisco-asa-2373,Cisco,ASA,1.3.11,Critical,No
A02374,cisco-ios-xe-2374,Cisco,IOS XE,5.1.75,Low,Yes
A02375,cisco-ios-xe-2375,Cisco,IOS XE,6.4.53,High,No
A02376,oracle-weblogic-2376,Oracle,WebLogic,10.2.53,Medium,No
A02377,apache-tomcat-2377,Apache,Tomcat,2.4.67,Medium,No
A02378,linux-ubuntu-2378,Linux,Ubuntu,7.9.73,Medium,No
A02379,oracle-weblogic-2379,Oracle,WebLogic,2.8.74,High,No
A02380,linux-centos-2380,Linux,CentOS,8.5.11,High,No
A02381,cisco-ios-xe-2381,Cisco,IOS XE,9.6.98,High,Yes
A02382,vmware-vcenter-2382,VMware,vCenter,2.1.48,High,No
A02383,vmware-esxi-2383,VMware,ESXi,3.5.16,Medium,No
A02384,microsoft-windows-server-2384,Microsoft,Windows Server,10.5.82,Critical,No
A02385,linux-redhat-2385,Linux,RedHat,9.7.55,Critical,Yes
A02386,cisco-ios-xe-2386,Cisco,IOS XE,7.1.62,High,No
A02387,oracle-oracle-db-2387,Oracle,Oracle DB,1.1.82,High,No
A02388,vmware-vcenter-2388,VMware,vCenter,6.1.25,High,No
A02389,cisco-ios-xe-2389,Cisco,IOS XE,9.2.90,Critical,No
A02390,vmware-vcenter-2390,VMware,vCenter,1.4.64,High,Yes
A02391,oracle-oracle-db-2391,Oracle,Oracle DB,2.7.41,Medium,Yes
A02392,cisco-asa-2392,Cisco,ASA,2.1.9,Medium,No
A02393,linux-centos-2393,Linux,CentOS,3.7.4,Critical,No
A02394,cisco-meraki-2394,Cisco,Meraki,1.8.90,High,No
A02395,microsoft-windows-server-2395,Microsoft,Windows Server,2.4.67,High,No
A02396,vmware-esxi-2396,VMware,ESXi,6.0.14,Medium,No
A02397,vmware-vcenter-2397,VMware,vCenter,5.4.37,High,No
A02398,linux-ubuntu-2398,Linux,Ubuntu,8.3.68,High,No
A02399,vmware-vcenter-2399,VMware,vCenter,8.6.0,Medium,No
A02400,vmware-esxi-2400,VMware,ESXi,5.4.27,High,Yes
A02401,apache-tomcat-2401,Apache,Tomcat,7.6.7,Medium,Yes
A02402,oracle-weblogic-2402,Oracle,WebLogic,8.6.47,Low,Yes
A02403,oracle-oracle-db-2403,Oracle,Oracle DB,2.1.67,Medium,No
A02404,cisco-meraki-2404,Cisco,Meraki,9.6.2,High,Yes
A02405,cisco-asa-2405,Cisco,ASA,9.1.78,Medium,No
A02406,oracle-weblogic-2406,Oracle,WebLogic,4.7.36,High,No
A02407,oracle-oracle-db-2407,Oracle,Oracle DB,8.5.82,Low,No
A02408,apache-tomcat-2408,Apache,Tomcat,10.7.45,Low,No
A02409,microsoft-exchange-server-2409,Microsoft,Exchange Server,7.8.6,High,Yes
A02410,linux-centos-2410,Linux,CentOS,10.8.51,High,No
A02411,linux-redhat-2411,Linux,RedHat,3.9.88,Critical,No
A02412,oracle-oracle-db-2412,Oracle,Oracle DB,8.0.5,Medium,Yes
A02413,oracle-weblogic-2413,Oracle,WebLogic,10.8.74,High,No
A02414,cisco-ios-xe-2414,Cisco,IOS XE,8.2.3,Medium,No
A02415,apache-apache-http-server-2415,Apache,Apache HTTP Server,7.8.39,High,No
A02416,apache-apache-http-server-2416,Apache,Apache HTTP Server,3.6.66,Low,No
A02417,apache-apache-http-server-2417,Apache,Apache HTTP Server,8.9.67,High,No
A02418,microsoft-exchange-server-2418,Microsoft,Exchange Server,5.9.79,Critical,No
A02419,oracle-oracle-db-2419,Oracle,Oracle DB,9.1.88,High,No
A02420,microsoft-exchange-server-2420,Microsoft,Exchange Server,4.0.10,Low,Yes
A02421,microsoft-sql-server-2421,Microsoft,SQL Server,4.7.44,Medium,No
A02422,apache-apache-http-server-2422,Apache,Apache HTTP Server,2.6.70,High,No
A02423,oracle-weblogic-2423,Oracle,WebLogic,9.6.2,High,Yes
A02424,linux-centos-2424,Linux,CentOS,4.4.57,High,No
A02425,cisco-ios-xe-2425,Cisco,IOS XE,10.3.80,Critical,Yes
A02426,microsoft-exchange-server-2426,Microsoft,Exchange Server,6.1.81,Medium,Yes
A02427,apache-tomcat-2427,Apache,Tomcat,10.0.95,Low,No
A02428,vmware-vcenter-2428,VMware,vCenter,5.5.44,Critical,No
A02429,apache-apache-http-server-2429,Apache,Apache HTTP Server,10.8.0,Critical,Yes
A02430,microsoft-exchange-server-2430,Microsoft,Exchange Server,3.7.0,Medium,No
A02431,linux-centos-2431,Linux,CentOS,5.4.4,High,No
A02432,cisco-meraki-2432,Cisco,Meraki,7.1.87,Critical,No
A02433,vmware-esxi-2433,VMware,ESXi,8.7.39,Medium,No
A02434,microsoft-windows-server-2434,Microsoft,Windows Server,5.3.35,Critical,Yes
A02435,oracle-weblogic-2435,Oracle,WebLogic,6.9.34,Medium,Yes
A02436,microsoft-exchange-server-2436,Microsoft,Exchange Server,7.9.33,Low,Yes
A02437,vmware-esxi-2437,VMware,ESXi,9.6.94,Low,No
A02438,linux-ubuntu-2438,Linux,Ubuntu,6.3.31,High,Yes
A02439,linux-redhat-2439,Linux,RedHat,5.1.3,Low,Yes
A02440,oracle-weblogic-2440,Oracle,WebLogic,8.5.92,Critical,Yes
A02441,vmware-vcenter-2441,VMware,vCenter,6.9.51,High,No
A02442,oracle-weblogic-2442,Oracle,WebLogic,2.8.89,High,No
A02443,microsoft-exchange-server-2443,Microsoft,Exchange Server,5.7.10,High,Yes
A02444,oracle-oracle-db-2444,Oracle,Oracle DB,4.0.10,High,No
A02445,vmware-vcenter-2445,VMware,vCenter,10.4.25,Critical,Yes
A02446,apache-tomcat-2446,Apache,Tomcat,9.8.80,Medium,No
A02447,apache-apache-http-server-2447,Apache,Apache HTTP Server,4.1.56,Low,No
A02448,vmware-esxi-2448,VMware,ESXi,9.6.15,Medium,No
A02449,cisco-meraki-2449,Cisco,Meraki,1.2.19,Critical,Yes
A02450,linux-ubuntu-2450,Linux,Ubuntu,5.1.51,High,No
A02451,microsoft-windows-server-2451,Microsoft,Windows Server,6.1.56,Low,No
A02452,cisco-meraki-2452,Cisco,Meraki,2.6.3,Low,Yes
A02453,linux-redhat-2453,Linux,RedHat,6.1.90,Low,No
A02454,linux-centos-2454,Linux,CentOS,2.5.27,Medium,No
A02455,linux-ubuntu-2455,Linux,Ubuntu,7.0.26,High,No
A02456,cisco-asa-2456,Cisco,ASA,10.6.9,High,No
A02457,cisco-meraki-2457,Cisco,Meraki,7.6.93,Medium,No
A02458,cisco-ios-xe-2458,Cisco,IOS XE,8.2.56,High,Yes
A02459,linux-ubuntu-2459,Linux,Ubuntu,7.3.38,Low,Yes
A02460,oracle-oracle-db-2460,Oracle,Oracle DB,4.0.39,Medium,No
A02461,vmware-esxi-2461,VMware,ESXi,3.7.54,High,No
A02462,apache-apache-http-server-2462,Apache,Apache HTTP Server,9.7.66,Low,No
A02463,cisco-asa-2463,Cisco,ASA,6.5.75,High,No
A02464,microsoft-windows-server-2464,Microsoft,Windows Server,6.5.48,Critical,No
A02465,oracle-oracle-db-2465,Oracle,Oracle DB,1.5.58,Low,No
A02466,cisco-ios-xe-2466,Cisco,IOS XE,6.9.72,High,No
A02467,linux-redhat-2467,Linux,RedHat,3.7.23,Low,No
A02468,cisco-meraki-2468,Cisco,Meraki,4.9.66,High,Yes
A02469,linux-ubuntu-2469,Linux,Ubuntu,2.7.1,High,No
A02470,linux-redhat-2470,Linux,RedHat,6.9.57,High,No
A02471,microsoft-exchange-server-2471,Microsoft,Exchange Server,6.1.63,Medium,No
A02472,linux-ubuntu-2472,Linux,Ubuntu,6.8.25,High,No
A02473,vmware-esxi-2473,VMware,ESXi,10.2.14,High,No
A02474,cisco-meraki-2474,Cisco,Meraki,6.7.47,High,No
A02475,microsoft-windows-server-2475,Microsoft,Windows Server,9.6.74,High,Yes
A02476,apache-apache-http-server-2476,Apache,Apache HTTP Server,8.8.80,Medium,Yes
A02477,cisco-meraki-2477,Cisco,Meraki,10.8.93,Medium,No
A02478,microsoft-windows-server-2478,Microsoft,Windows Server,8.0.38,High,Yes
A02479,apache-tomcat-2479,Apache,Tomcat,3.7.52,Critical,No
A02480,oracle-weblogic-2480,Oracle,WebLogic,3.2.16,High,No
A02481,microsoft-windows-server-2481,Microsoft,Windows Server,6.9.68,Medium,No
A02482,vmware-esxi-2482,VMware,ESXi,10.7.87,Low,No
A02483,microsoft-windows-server-2483,Microsoft,Windows Server,4.4.0,Medium,No
A02484,vmware-vcenter-2484,VMware,vCenter,7.4.86,Critical,No
A02485,microsoft-windows-server-2485,Microsoft,Windows Server,8.8.14,Medium,No
A02486,apache-apache-http-server-2486,Apache,Apache HTTP Server,1.8.74,Medium,No
A02487,vmware-vcenter-2487,VMware,vCenter,9.3.69,High,No
A02488,vmware-vcenter-2488,VMware,vCenter,9.9.65,Medium,No
A02489,cisco-asa-2489,Cisco,ASA,3.5.2,Medium,No
A02490,vmware-esxi-2490,VMware,ESXi,3.6.81,Medium,Yes
A02491,oracle-oracle-db-2491,Oracle,Oracle DB,3.1.42,Low,No
A02492,apache-apache-http-server-2492,Apache,Apache HTTP Server,9.7.76,Medium,No
A02493,cisco-meraki-2493,Cisco,Meraki,7.6.41,Critical,Yes
A02494,oracle-oracle-db-2494,Oracle,Oracle DB,9.5.39,Medium,Yes
A02495,vmware-vcenter-2495,VMware,vCenter,6.6.54,Low,No
A02496,apache-apache-http-server-2496,Apache,Apache HTTP Server,3.2.40,High,Yes
A02497,microsoft-exchange-server-2497,Microsoft,Exchange Server,3.1.92,Low,No
A02498,oracle-weblogic-2498,Oracle,WebLogic,3.2.39,Low,Yes
A02499,vmware-esxi-2499,VMware,ESXi,8.5.84,Critical,No
A02500,linux-ubuntu-2500,Linux,Ubuntu,2.1.69,Critical,No
A02501,vmware-esxi-2501,VMware,ESXi,7.8.91,High,No
A02502,apache-tomcat-2502,Apache,Tomcat,6.5.49,Critical,No
A02503,microsoft-sql-server-2503,Microsoft,SQL Server,4.2.81,Medium,No
A02504,linux-redhat-2504,Linux,RedHat,10.5.29,High,No
A02505,linux-ubuntu-2505,Linux,Ubuntu,6.4.37,Medium,No
A02506,vmware-vcenter-2506,VMware,vCenter,9.7.86,Medium,Yes
A02507,vmware-vcenter-2507,VMware,vCenter,3.2.0,High,No
A02508,oracle-oracle-db-2508,Oracle,Oracle DB,8.7.97,High,No
A02509,cisco-ios-xe-2509,Cisco,IOS XE,4.8.26,Critical,No
A02510,linux-ubuntu-2510,Linux,Ubuntu,6.1.91,High,No
A02511,linux-centos-2511,Linux,CentOS,4.4.10,Medium,Yes
A02512,cisco-asa-2512,Cisco,ASA,7.2.35,Medium,Yes
A02513,cisco-asa-2513,Cisco,ASA,4.2.88,Medium,Yes
A02514,cisco-ios-xe-2514,Cisco,IOS XE,8.5.96,High,Yes
A02515,oracle-oracle-db-2515,Oracle,Oracle DB,3.6.63,Medium,Yes
A02516,linux-centos-2516,Linux,CentOS,5.3.77,Critical,No
A02517,vmware-esxi-2517,VMware,ESXi,3.5.65,Critical,No
A02518,vmware-vcenter-2518,VMware,vCenter,7.0.81,Medium,No
A02519,microsoft-windows-server-2519,Microsoft,Windows Server,7.7.24,Critical,Yes
A02520,apache-apache-http-server-2520,Apache,Apache HTTP Server,7.7.50,High,No
A02521,vmware-esxi-2521,VMware,ESXi,9.1.84,Critical,No
A02522,cisco-ios-xe-2522,Cisco,IOS XE,5.1.3,Medium,No
A02523,oracle-oracle-db-2523,Oracle,Oracle DB,4.9.29,High,Yes
A02524,linux-centos-2524,Linux,CentOS,7.6.50,High,Yes
A02525,vmware-vcenter-2525,VMware,vCenter,7.2.38,Critical,No
A02526,cisco-asa-2526,Cisco,ASA,1.2.91,Low,No
A02527,oracle-oracle-db-2527,Oracle,Oracle DB,10.8.43,High,Yes
A02528,vmware-vcenter-2528,VMware,vCenter,1.3.17,Critical,Yes
A02529,linux-ubuntu-2529,Linux,Ubuntu,9.0.35,High,No
A02530,apache-tomcat-2530,Apache,Tomcat,6.1.60,Critical,No
A02531,vmware-esxi-2531,VMware,ESXi,2.3.26,Medium,No
A02532,apache-apache-http-server-2532,Apache,Apache HTTP Server,8.3.17,Medium,No
A02533,oracle-weblogic-2533,Oracle,WebLogic,4.1.90,Critical,No
A02534,cisco-asa-2534,Cisco,ASA,8.5.33,High,No
A02535,cisco-asa-2535,Cisco,ASA,10.6.72,High,Yes
A02536,apache-apache-http-server-2536,Apache,Apache HTTP Server,1.7.21,High,Yes
A02537,oracle-weblogic-2537,Oracle,WebLogic,3.2.43,High,No
A02538,apache-apache-http-server-2538,Apache,Apache HTTP Server,3.3.43,Medium,No
A02539,microsoft-windows-server-2539,Microsoft,Windows Server,4.6.79,Critical,Yes
A02540,apache-apache-http-server-2540,Apache,Apache HTTP Server,5.5.43,Medium,No
A02541,vmware-esxi-2541,VMware,ESXi,8.5.19,Medium,No
A02542,oracle-weblogic-2542,Oracle,WebLogic,1.4.69,Medium,Yes
A02543,vmware-esxi-2543,VMware,ESXi,2.0.5,Low,Yes
A02544,microsoft-sql-server-2544,Microsoft,SQL Server,5.2.70,Medium,No
A02545,cisco-meraki-2545,Cisco,Meraki,2.0.46,High,Yes
A02546,apache-tomcat-2546,Apache,Tomcat,5.9.72,High,Yes
A02547,oracle-weblogic-2547,Oracle,WebLogic,4.8.60,High,No
A02548,cisco-meraki-2548,Cisco,Meraki,6.3.93,Medium,No
A02549,vmware-esxi-2549,VMware,ESXi,7.5.82,High,No
A02550,microsoft-sql-server-2550,Microsoft,SQL Server,8.6.86,Medium,No
A02551,linux-centos-2551,Linux,CentOS,4.4.29,High,No
A02552,linux-ubuntu-2552,Linux,Ubuntu,2.9.73,High,No
A02553,oracle-weblogic-2553,Oracle,WebLogic,3.3.88,High,No
A02554,oracle-oracle-db-2554,Oracle,Oracle DB,2.1.86,Medium,Yes
A02555,microsoft-exchange-server-2555,Microsoft,Exchange Server,8.2.15,Low,Yes
A02556,vmware-vcenter-2556,VMware,vCenter,8.0.76,Medium,No
A02557,linux-centos-2557,Linux,CentOS,4.5.81,High,No
A02558,apache-apache-http-server-2558,Apache,Apache HTTP Server,1.6.35,High,No
A02559,vmware-vcenter-2559,VMware,vCenter,8.2.54,Critical,No
A02560,microsoft-exchange-server-2560,Microsoft,Exchange Server,7.6.46,High,Yes
A02561,cisco-ios-xe-2561,Cisco,IOS XE,10.3.36,Medium,No
A02562,apache-tomcat-2562,Apache,Tomcat,7.4.22,High,Yes
A02563,linux-redhat-2563,Linux,RedHat,6.9.47,High,No
A02564,apache-tomcat-2564,Apache,Tomcat,4.0.64,Low,No
A02565,apache-tomcat-2565,Apache,Tomcat,9.6.87,Medium,Yes
A02566,cisco-asa-2566,Cisco,ASA,4.6.82,High,Yes
A02567,cisco-asa-2567,Cisco,ASA,6.1.31,Low,No
A02568,microsoft-sql-server-2568,Microsoft,SQL Server,3.2.74,High,No
A02569,vmware-esxi-2569,VMware,ESXi,4.3.20,High,No
A02570,apache-apache-http-server-2570,Apache,Apache HTTP Server,9.4.72,Critical,Yes
A02571,microsoft-sql-server-2571,Microsoft,SQL Server,4.9.4,Critical,No
A02572,microsoft-exchange-server-2572,Microsoft,Exchange Server,4.9.48,Medium,No
A02573,vmware-esxi-2573,VMware,ESXi,7.0.29,Medium,Yes
A02574,microsoft-exchange-server-2574,Microsoft,Exchange Server,1.2.20,Critical,No
A02575,oracle-oracle-db-2575,Oracle,Oracle DB,4.5.8,High,Yes
A02576,microsoft-exchange-server-2576,Microsoft,Exchange Server,4.7.54,Critical,No
A02577,oracle-oracle-db-2577,Oracle,Oracle DB,8.2.69,High,Yes
A02578,linux-ubuntu-2578,Linux,Ubuntu,7.3.88,High,No
A02579,vmware-vcenter-2579,VMware,vCenter,1.4.89,Medium,No
A02580,oracle-oracle-db-2580,Oracle,Oracle DB,8.9.41,Low,No
A02581,apache-apache-http-server-2581,Apache,Apache HTTP Server,1.8.10,High,No
A02582,linux-ubuntu-2582,Linux,Ubuntu,9.2.38,Low,No
A02583,linux-redhat-2583,Linux,RedHat,7.7.93,High,Yes
A02584,vmware-esxi-2584,VMware,ESXi,3.3.19,Critical,Yes
A02585,linux-ubuntu-2585,Linux,Ubuntu,6.8.34,Low,No
A02586,apache-tomcat-2586,Apache,Tomcat,8.5.29,Medium,No
A02587,apache-apache-http-server-2587,Apache,Apache HTTP Server,1.3.61,Critical,Yes
A02588,apache-apache-http-server-2588,Apache,Apache HTTP Server,4.2.21,High,No
A02589,vmware-vcenter-2589,VMware,vCenter,5.2.41,High,No
A02590,vmware-vcenter-2590,VMware,vCenter,10.7.56,Low,No
A02591,oracle-weblogic-2591,Oracle,WebLogic,8.4.20,Medium,No
A02592,linux-centos-2592,Linux,CentOS,2.7.46,Critical,Yes
A02593,cisco-ios-xe-2593,Cisco,IOS XE,2.0.58,High,No
A02594,oracle-oracle-db-2594,Oracle,Oracle DB,3.9.54,Critical,Yes
A02595,apache-apache-http-server-2595,Apache,Apache HTTP Server,7.5.66,High,Yes
A02596,oracle-oracle-db-2596,Oracle,Oracle DB,2.9.91,Critical,Yes
A02597,oracle-weblogic-2597,Oracle,WebLogic,7.3.78,Critical,No
A02598,apache-tomcat-2598,Apache,Tomcat,7.1.80,Medium,Yes
A02599,oracle-weblogic-2599,Oracle,WebLogic,7.0.43,Critical,No
A02600,microsoft-sql-server-2600,Microsoft,SQL Server,3.9.86,High,Yes
A02601,cisco-asa-2601,Cisco,ASA,4.5.11,Medium,No
A02602,vmware-esxi-2602,VMware,ESXi,9.4.82,Critical,No
A02603,cisco-asa-2603,Cisco,ASA,1.3.98,Medium,Yes
A02604,apache-apache-http-server-2604,Apache,Apache HTTP Server,10.5.97,Low,Yes
A02605,apache-tomcat-2605,Apache,Tomcat,8.6.52,Medium,Yes
A02606,vmware-vcenter-2606,VMware,vCenter,7.7.2,High,Yes
A02607,microsoft-sql-server-2607,Microsoft,SQL Server,7.0.37,Medium,No
A02608,cisco-meraki-2608,Cisco,Meraki,2.3.90,Medium,No
A02609,cisco-asa-2609,Cisco,ASA,5.9.36,Low,No
A02610,linux-ubuntu-2610,Linux,Ubuntu,4.1.5,Low,No
A02611,oracle-weblogic-2611,Oracle,WebLogic,10.4.44,Medium,Yes
A02612,vmware-vcenter-2612,VMware,vCenter,6.3.94,High,Yes
A02613,microsoft-windows-server-2613,Microsoft,Windows Server,1.8.95,Critical,No
A02614,oracle-weblogic-2614,Oracle,WebLogic,6.8.2,High,Yes
A02615,microsoft-exchange-server-2615,Microsoft,Exchange Server,9.4.59,Critical,Yes
A02616,linux-redhat-2616,Linux,RedHat,10.6.10,Medium,No
A02617,cisco-meraki-2617,Cisco,Meraki,6.2.12,Medium,Yes
A02618,vmware-esxi-2618,VMware,ESXi,6.4.85,Medium,No
A02619,cisco-meraki-2619,Cisco,Meraki,5.4.62,Medium,No
A02620,microsoft-sql-server-2620,Microsoft,SQL Server,1.6.6,High,No
A02621,oracle-oracle-db-2621,Oracle,Oracle DB,3.6.89,Medium,Yes
A02622,linux-centos-2622,Linux,CentOS,4.6.59,Critical,No
A02623,linux-redhat-2623,Linux,RedHat,3.6.19,Low,No
A02624,vmware-esxi-2624,VMware,ESXi,9.8.99,Medium,Yes
A02625,linux-redhat-2625,Linux,RedHat,5.1.4,High,No
A02626,oracle-weblogic-2626,Oracle,WebLogic,6.6.93,Medium,No
A02627,microsoft-sql-server-2627,Microsoft,SQL Server,8.9.43,Medium,No
A02628,oracle-oracle-db-2628,Oracle,Oracle DB,9.1.52,Critical,No
A02629,linux-centos-2629,Linux,CentOS,8.6.17,Low,No
A02630,linux-redhat-2630,Linux,RedHat,1.0.13,Critical,No
A02631,oracle-weblogic-2631,Oracle,WebLogic,1.3.8,High,Yes
A02632,linux-ubuntu-2632,Linux,Ubuntu,3.1.16,Critical,Yes
A02633,microsoft-exchange-server-2633,Microsoft,Exchange Server,1.9.14,High,Yes
A02634,oracle-oracle-db-2634,Oracle,Oracle DB,8.0.86,Critical,No
A02635,vmware-esxi-2635,VMware,ESXi,2.2.72,Medium,Yes
A02636,cisco-ios-xe-2636,Cisco,IOS XE,8.9.96,Low,No
A02637,apache-tomcat-2637,Apache,Tomcat,2.8.87,Critical,No
A02638,cisco-meraki-2638,Cisco,Meraki,8.0.6,Medium,Yes
A02639,linux-redhat-2639,Linux,RedHat,3.2.75,Medium,No
A02640,microsoft-windows-server-2640,Microsoft,Windows Server,4.0.21,High,No
A02641,linux-redhat-2641,Linux,RedHat,4.4.55,Medium,Yes
A02642,linux-centos-2642,Linux,CentOS,4.7.43,Low,Yes
A02643,vmware-esxi-2643,VMware,ESXi,6.4.21,Critical,Yes
A02644,cisco-ios-xe-2644,Cisco,IOS XE,6.0.76,High,No
A02645,vmware-vcenter-2645,VMware,vCenter,4.3.95,Medium,No
A02646,oracle-oracle-db-2646,Oracle,Oracle DB,4.4.44,Low,No
A02647,apache-tomcat-2647,Apache,Tomcat,10.6.82,Critical,Yes
A02648,cisco-ios-xe-2648,Cisco,IOS XE,4.5.99,Medium,No
A02649,cisco-ios-xe-2649,Cisco,IOS XE,6.7.6,High,No
A02650,microsoft-sql-server-2650,Microsoft,SQL Server,9.7.96,Medium,No
A02651,cisco-asa-2651,Cisco,ASA,1.8.88,Low,No
A02652,microsoft-windows-server-2652,Microsoft,Windows Server,6.1.89,Critical,No
A02653,microsoft-exchange-server-2653,Microsoft,Exchange Server,10.7.3,Low,No
A02654,linux-centos-2654,Linux,CentOS,1.8.71,Critical,No
A02655,cisco-ios-xe-2655,Cisco,IOS XE,7.1.34,Medium,No
A02656,linux-redhat-2656,Linux,RedHat,9.9.34,Medium,No
A02657,vmware-esxi-2657,VMware,ESXi,7.8.67,Medium,No
A02658,microsoft-windows-server-2658,Microsoft,Windows Server,5.9.65,High,Yes
A02659,cisco-meraki-2659,Cisco,Meraki,8.2.76,Low,No
A02660,oracle-oracle-db-2660,Oracle,Oracle DB,8.8.71,Critical,No
A02661,apache-tomcat-2661,Apache,Tomcat,10.5.69,Medium,Yes
A02662,cisco-asa-2662,Cisco,ASA,3.4.18,Critical,Yes
A02663,cisco-meraki-2663,Cisco,Meraki,5.6.80,Medium,Yes
A02664,vmware-esxi-2664,VMware,ESXi,5.7.65,Medium,No
A02665,oracle-weblogic-2665,Oracle,WebLogic,1.5.99,Medium,No
A02666,microsoft-exchange-server-2666,Microsoft,Exchange Server,1.2.34,Medium,No
A02667,cisco-ios-xe-2667,Cisco,IOS XE,10.2.69,High,No
A02668,cisco-asa-2668,Cisco,ASA,7.0.15,High,No
A02669,cisco-asa-2669,Cisco,ASA,10.5.0,Critical,No
A02670,linux-redhat-2670,Linux,RedHat,7.4.9,High,No
A02671,oracle-weblogic-2671,Oracle,WebLogic,3.1.70,Low,Yes
A02672,microsoft-sql-server-2672,Microsoft,SQL Server,4.6.7,Low,No
A02673,apache-apache-http-server-2673,Apache,Apache HTTP Server,10.8.47,Critical,No
A02674,oracle-oracle-db-2674,Oracle,Oracle DB,7.1.34,Medium,Yes
A02675,cisco-asa-2675,Cisco,ASA,5.9.48,High,Yes
A02676,apache-apache-http-server-2676,Apache,Apache HTTP Server,3.4.91,Low,No
A02677,apache-tomcat-2677,Apache,Tomcat,6.5.74,Critical,Yes
A02678,oracle-oracle-db-2678,Oracle,Oracle DB,4.1.86,Medium,No
A02679,linux-ubuntu-2679,Linux,Ubuntu,2.5.85,High,No
A02680,vmware-vcenter-2680,VMware,vCenter,3.6.79,Critical,Yes
A02681,apache-tomcat-2681,Apache,Tomcat,7.2.98,Medium,No
A02682,oracle-weblogic-2682,Oracle,WebLogic,8.3.39,Medium,No
A02683,vmware-esxi-2683,VMware,ESXi,8.3.37,Medium,No
A02684,linux-centos-2684,Linux,CentOS,10.4.62,Medium,No
A02685,oracle-oracle-db-2685,Oracle,Oracle DB,8.4.89,Critical,No
A02686,oracle-oracle-db-2686,Oracle,Oracle DB,8.7.76,Medium,Yes
A02687,microsoft-sql-server-2687,Microsoft,SQL Server,8.9.73,Medium,Yes
A02688,vmware-vcenter-2688,VMware,vCenter,2.4.87,Medium,No
A02689,vmware-vcenter-2689,VMware,vCenter,10.1.39,Low,No
A02690,apache-tomcat-2690,Apache,Tomcat,8.3.14,Critical,No
A02691,linux-redhat-2691,Linux,RedHat,5.4.57,Critical,No
A02692,microsoft-exchange-server-2692,Microsoft,Exchange Server,1.3.49,Medium,No
A02693,vmware-esxi-2693,VMware,ESXi,4.1.53,Low,No
A02694,apache-apache-http-server-2694,Apache,Apache HTTP Server,5.9.5,High,Yes
A02695,vmware-vcenter-2695,VMware,vCenter,7.9.1,Medium,No
A02696,microsoft-sql-server-2696,Microsoft,SQL Server,1.4.19,Medium,Yes
A02697,microsoft-exchange-server-2697,Microsoft,Exchange Server,9.1.85,Medium,No
A02698,oracle-oracle-db-2698,Oracle,Oracle DB,10.9.76,Medium,No
A02699,apache-apache-http-server-2699,Apache,Apache HTTP Server,5.5.43,Medium,No
A02700,apache-tomcat-2700,Apache,Tomcat,10.8.76,Low,Yes
A02701,microsoft-sql-server-2701,Microsoft,SQL Server,3.2.79,Low,Yes
A02702,microsoft-exchange-server-2702,Microsoft,Exchange Server,1.5.47,Medium,No
A02703,microsoft-sql-server-2703,Microsoft,SQL Server,9.5.13,Critical,No
A02704,microsoft-sql-server-2704,Microsoft,SQL Server,8.9.72,Medium,No
A02705,cisco-asa-2705,Cisco,ASA,1.6.88,Medium,No
A02706,vmware-esxi-2706,VMware,ESXi,9.1.41,Critical,No
A02707,vmware-esxi-2707,VMware,ESXi,4.3.88,High,No
A02708,apache-apache-http-server-2708,Apache,Apache HTTP Server,7.3.94,Critical,No
A02709,microsoft-windows-server-2709,Microsoft,Windows Server,6.5.95,Critical,Yes
A02710,oracle-weblogic-2710,Oracle,WebLogic,4.6.75,Critical,Yes
A02711,linux-centos-2711,Linux,CentOS,7.8.92,Medium,No
A02712,oracle-weblogic-2712,Oracle,WebLogic,8.0.86,Medium,Yes
A02713,linux-centos-2713,Linux,CentOS,9.7.83,High,Yes
A02714,vmware-vcenter-2714,VMware,vCenter,9.8.85,High,No
A02715,oracle-oracle-db-2715,Oracle,Oracle DB,7.9.45,Critical,Yes
A02716,apache-tomcat-2716,Apache,Tomcat,8.4.96,Low,Yes
A02717,oracle-weblogic-2717,Oracle,WebLogic,3.3.3,High,Yes
A02718,microsoft-windows-server-2718,Microsoft,Windows Server,2.1.28,High,No
A02719,microsoft-exchange-server-2719,Microsoft,Exchange Server,7.6.78,Critical,Yes
A02720,oracle-oracle-db-2720,Oracle,Oracle DB,9.7.55,Low,No
A02721,cisco-ios-xe-2721,Cisco,IOS XE,10.6.44,High,Yes
A02722,oracle-oracle-db-2722,Oracle,Oracle DB,1.1.65,High,No
A02723,apache-tomcat-2723,Apache,Tomcat,3.7.26,High,No
A02724,microsoft-exchange-server-2724,Microsoft,Exchange Server,5.9.6,Critical,Yes
A02725,microsoft-exchange-server-2725,Microsoft,Exchange Server,3.6.71,Low,Yes
A02726,cisco-asa-2726,Cisco,ASA,10.5.60,Medium,Yes
A02727,linux-ubuntu-2727,Linux,Ubuntu,7.6.48,Medium,No
A02728,vmware-esxi-2728,VMware,ESXi,3.8.17,Medium,No
A02729,cisco-ios-xe-2729,Cisco,IOS XE,9.4.28,Low,No
A02730,cisco-ios-xe-2730,Cisco,IOS XE,8.5.79,Low,No
A02731,microsoft-exchange-server-2731,Microsoft,Exchange Server,8.9.16,High,Yes
A02732,linux-ubuntu-2732,Linux,Ubuntu,9.0.64,Critical,Yes
A02733,cisco-meraki-2733,Cisco,Meraki,4.7.28,High,No
A02734,microsoft-exchange-server-2734,Microsoft,Exchange Server,3.8.23,High,No
A02735,vmware-vcenter-2735,VMware,vCenter,10.0.13,High,No
A02736,vmware-vcenter-2736,VMware,vCenter,3.4.6,High,Yes
A02737,linux-ubuntu-2737,Linux,Ubuntu,8.1.98,High,No
A02738,oracle-weblogic-2738,Oracle,WebLogic,6.5.54,Medium,Yes
A02739,oracle-oracle-db-2739,Oracle,Oracle DB,10.5.8,Low,No
A02740,cisco-ios-xe-2740,Cisco,IOS XE,1.2.67,Critical,No
A02741,oracle-oracle-db-2741,Oracle,Oracle DB,4.3.92,High,No
A02742,cisco-asa-2742,Cisco,ASA,3.7.98,Critical,No
A02743,microsoft-sql-server-2743,Microsoft,SQL Server,2.6.93,Low,No
A02744,vmware-vcenter-2744,VMware,vCenter,1.5.20,Medium,No
A02745,cisco-meraki-2745,Cisco,Meraki,8.1.74,Low,No
A02746,oracle-weblogic-2746,Oracle,WebLogic,5.7.41,Low,Yes
A02747,vmware-vcenter-2747,VMware,vCenter,8.2.69,Critical,No
A02748,apache-tomcat-2748,Apache,Tomcat,10.6.65,High,No
A02749,linux-redhat-2749,Linux,RedHat,7.1.19,Low,No
A02750,vmware-vcenter-2750,VMware,vCenter,3.4.64,High,No
A02751,vmware-esxi-2751,VMware,ESXi,9.6.26,Low,No
A02752,vmware-vcenter-2752,VMware,vCenter,5.0.82,High,Yes
A02753,oracle-weblogic-2753,Oracle,WebLogic,2.9.24,Medium,No
A02754,linux-ubuntu-2754,Linux,Ubuntu,3.6.34,Medium,No
A02755,apache-apache-http-server-2755,Apache,Apache HTTP Server,2.7.31,High,No
A02756,apache-apache-http-server-2756,Apache,Apache HTTP Server,8.0.73,High,Yes
A02757,linux-redhat-2757,Linux,RedHat,3.5.77,High,Yes
A02758,oracle-oracle-db-2758,Oracle,Oracle DB,10.9.99,High,No
A02759,cisco-ios-xe-2759,Cisco,IOS XE,4.4.7,Low,No
A02760,oracle-oracle-db-2760,Oracle,Oracle DB,7.6.16,Medium,No
A02761,linux-redhat-2761,Linux,RedHat,9.4.10,Low,No
A02762,cisco-asa-2762,Cisco,ASA,4.3.18,Critical,No
A02763,vmware-esxi-2763,VMware,ESXi,9.7.58,High,No
A02764,microsoft-sql-server-2764,Microsoft,SQL Server,7.3.46,High,Yes
A02765,cisco-ios-xe-2765,Cisco,IOS XE,6.3.87,High,No
A02766,linux-redhat-2766,Linux,RedHat,5.8.99,Low,No
A02767,microsoft-sql-server-2767,Microsoft,SQL Server,5.3.65,High,No
A02768,oracle-oracle-db-2768,Oracle,Oracle DB,9.3.11,High,No
A02769,oracle-oracle-db-2769,Oracle,Oracle DB,1.2.99,Low,No
A02770,apache-tomcat-2770,Apache,Tomcat,4.5.14,Low,Yes
A02771,microsoft-exchange-server-2771,Microsoft,Exchange Server,2.4.95,Low,Yes
A02772,cisco-asa-2772,Cisco,ASA,9.0.76,Critical,No
A02773,linux-redhat-2773,Linux,RedHat,7.1.20,High,No
A02774,microsoft-exchange-server-2774,Microsoft,Exchange Server,9.0.41,High,Yes
A02775,vmware-esxi-2775,VMware,ESXi,2.9.70,High,No
A02776,oracle-weblogic-2776,Oracle,WebLogic,4.2.32,Medium,No
A02777,linux-centos-2777,Linux,CentOS,2.1.9,Medium,No
A02778,oracle-weblogic-2778,Oracle,WebLogic,1.0.6,High,No
A02779,microsoft-exchange-server-2779,Microsoft,Exchange Server,9.5.58,Low,No
A02780,oracle-oracle-db-2780,Oracle,Oracle DB,10.1.41,Critical,Yes
A02781,linux-ubuntu-2781,Linux,Ubuntu,1.3.72,Medium,Yes
A02782,oracle-oracle-db-2782,Oracle,Oracle DB,4.3.55,High,No
A02783,linux-centos-2783,Linux,CentOS,6.6.93,High,No
A02784,linux-centos-2784,Linux,CentOS,9.2.55,Medium,No
A02785,microsoft-windows-server-2785,Microsoft,Windows Server,6.5.9,High,No
A02786,vmware-vcenter-2786,VMware,vCenter,5.4.48,Critical,Yes
A02787,apache-apache-http-server-2787,Apache,Apache HTTP Server,3.4.66,Critical,Yes
A02788,linux-ubuntu-2788,Linux,Ubuntu,10.5.42,High,No
A02789,linux-ubuntu-2789,Linux,Ubuntu,8.3.2,High,Yes
A02790,vmware-esxi-2790,VMware,ESXi,1.2.41,Medium,No
A02791,microsoft-sql-server-2791,Microsoft,SQL Server,3.2.22,High,Yes
A02792,apache-tomcat-2792,Apache,Tomcat,5.6.84,High,No
A02793,oracle-weblogic-2793,Oracle,WebLogic,8.9.11,Low,No
A02794,vmware-vcenter-2794,VMware,vCenter,4.1.27,Medium,No
A02795,cisco-ios-xe-2795,Cisco,IOS XE,8.0.20,Low,No
A02796,microsoft-windows-server-2796,Microsoft,Windows Server,2.2.97,Medium,Yes
A02797,linux-ubuntu-2797,Linux,Ubuntu,8.1.24,High,No
A02798,vmware-esxi-2798,VMware,ESXi,10.3.55,High,No
A02799,oracle-weblogic-2799,Oracle,WebLogic,3.4.87,Low,No
A02800,apache-tomcat-2800,Apache,Tomcat,5.1.99,Low,No
A02801,vmware-esxi-2801,VMware,ESXi,4.3.61,High,No
A02802,oracle-oracle-db-2802,Oracle,Oracle DB,6.4.12,Low,No
A02803,vmware-esxi-2803,VMware,ESXi,5.7.43,High,Yes
A02804,microsoft-sql-server-2804,Microsoft,SQL Server,8.5.49,Medium,No
A02805,cisco-ios-xe-2805,Cisco,IOS XE,2.0.19,Low,No
A02806,cisco-meraki-2806,Cisco,Meraki,10.1.72,Low,No
A02807,oracle-weblogic-2807,Oracle,WebLogic,7.1.49,High,No
A02808,oracle-weblogic-2808,Oracle,WebLogic,8.7.80,Medium,No
A02809,oracle-oracle-db-2809,Oracle,Oracle DB,3.5.54,Critical,Yes
A02810,vmware-vcenter-2810,VMware,vCenter,8.4.44,Low,No
A02811,microsoft-windows-server-2811,Microsoft,Windows Server,4.5.34,High,No
A02812,linux-centos-2812,Linux,CentOS,8.1.49,Medium,No
A02813,linux-centos-2813,Linux,CentOS,3.9.68,High,No
A02814,cisco-asa-2814,Cisco,ASA,4.9.31,Low,No
A02815,oracle-weblogic-2815,Oracle,WebLogic,9.8.13,High,No
A02816,oracle-oracle-db-2816,Oracle,Oracle DB,7.9.79,High,Yes
A02817,cisco-asa-2817,Cisco,ASA,10.9.70,Critical,No
A02818,linux-centos-2818,Linux,CentOS,7.8.68,High,No
A02819,cisco-meraki-2819,Cisco,Meraki,5.7.52,High,Yes
A02820,linux-redhat-2820,Linux,RedHat,9.1.90,Low,No
A02821,vmware-vcenter-2821,VMware,vCenter,8.5.19,Low,No
A02822,linux-redhat-2822,Linux,RedHat,6.2.20,Medium,Yes
A02823,apache-apache-http-server-2823,Apache,Apache HTTP Server,8.3.61,Medium,Yes
A02824,linux-redhat-2824,Linux,RedHat,1.1.67,Medium,No
A02825,apache-apache-http-server-2825,Apache,Apache HTTP Server,1.8.53,Critical,No
A02826,microsoft-sql-server-2826,Microsoft,SQL Server,8.8.9,Low,No
A02827,vmware-vcenter-2827,VMware,vCenter,6.6.50,Low,No
A02828,apache-apache-http-server-2828,Apache,Apache HTTP Server,9.9.83,Critical,Yes
A02829,oracle-weblogic-2829,Oracle,WebLogic,1.9.36,Critical,Yes
A02830,apache-apache-http-server-2830,Apache,Apache HTTP Server,6.8.18,Medium,Yes
A02831,vmware-esxi-2831,VMware,ESXi,6.3.55,Medium,No
A02832,linux-redhat-2832,Linux,RedHat,10.2.23,Medium,No
A02833,microsoft-sql-server-2833,Microsoft,SQL Server,1.4.13,Critical,No
A02834,cisco-asa-2834,Cisco,ASA,2.1.86,Critical,No
A02835,microsoft-windows-server-2835,Microsoft,Windows Server,4.3.28,Low,No
A02836,vmware-vcenter-2836,VMware,vCenter,8.1.10,High,No
A02837,oracle-oracle-db-2837,Oracle,Oracle DB,2.0.38,Medium,No
A02838,microsoft-windows-server-2838,Microsoft,Windows Server,7.3.77,Low,No
A02839,oracle-weblogic-2839,Oracle,WebLogic,6.7.50,Low,No
A02840,linux-redhat-2840,Linux,RedHat,5.3.65,Medium,Yes
A02841,cisco-asa-2841,Cisco,ASA,4.3.57,Medium,Yes
A02842,oracle-weblogic-2842,Oracle,WebLogic,9.6.5,Medium,Yes
A02843,oracle-weblogic-2843,Oracle,WebLogic,5.4.71,Medium,No
A02844,cisco-meraki-2844,Cisco,Meraki,3.6.94,Low,No
A02845,apache-apache-http-server-2845,Apache,Apache HTTP Server,7.5.97,Low,Yes
A02846,linux-centos-2846,Linux,CentOS,7.8.66,Medium,No
A02847,linux-redhat-2847,Linux,RedHat,6.9.47,High,No
A02848,linux-centos-2848,Linux,CentOS,8.8.60,Medium,No
A02849,microsoft-sql-server-2849,Microsoft,SQL Server,7.4.80,Critical,No
A02850,microsoft-exchange-server-2850,Microsoft,Exchange Server,6.3.7,Critical,Yes
A02851,cisco-asa-2851,Cisco,ASA,8.8.32,Medium,Yes
A02852,apache-tomcat-2852,Apache,Tomcat,2.2.86,Low,No
A02853,cisco-meraki-2853,Cisco,Meraki,3.7.63,Critical,No
A02854,oracle-weblogic-2854,Oracle,WebLogic,3.7.58,Medium,No
A02855,cisco-meraki-2855,Cisco,Meraki,2.2.28,Critical,Yes
A02856,cisco-meraki-2856,Cisco,Meraki,1.5.59,Low,No
A02857,apache-tomcat-2857,Apache,Tomcat,8.6.49,Low,No
A02858,apache-tomcat-2858,Apache,Tomcat,4.7.47,High,Yes
A02859,cisco-asa-2859,Cisco,ASA,4.8.65,Low,No
A02860,vmware-vcenter-2860,VMware,vCenter,8.7.7,High,No
A02861,vmware-vcenter-2861,VMware,vCenter,1.4.45,Medium,No
A02862,cisco-asa-2862,Cisco,ASA,5.2.27,Medium,No
A02863,apache-apache-http-server-2863,Apache,Apache HTTP Server,5.3.64,Medium,Yes
A02864,microsoft-exchange-server-2864,Microsoft,Exchange Server,2.0.14,Medium,Yes
A02865,vmware-vcenter-2865,VMware,vCenter,1.5.17,High,No
A02866,cisco-meraki-2866,Cisco,Meraki,7.6.18,Medium,No
A02867,apache-apache-http-server-2867,Apache,Apache HTTP Server,4.6.96,Low,Yes
A02868,vmware-esxi-2868,VMware,ESXi,3.3.81,High,No
A02869,vmware-vcenter-2869,VMware,vCenter,9.8.64,Medium,Yes
A02870,microsoft-sql-server-2870,Microsoft,SQL Server,4.9.48,High,No
A02871,vmware-vcenter-2871,VMware,vCenter,5.3.61,High,Yes
A02872,cisco-ios-xe-2872,Cisco,IOS XE,10.7.64,Low,Yes
A02873,cisco-meraki-2873,Cisco,Meraki,7.1.57,Low,No
A02874,microsoft-sql-server-2874,Microsoft,SQL Server,7.3.47,Critical,Yes
A02875,linux-redhat-2875,Linux,RedHat,10.3.39,Low,Yes
A02876,apache-tomcat-2876,Apache,Tomcat,2.8.6,Critical,No
A02877,vmware-vcenter-2877,VMware,vCenter,2.3.10,Medium,Yes
A02878,apache-apache-http-server-2878,Apache,Apache HTTP Server,1.1.24,Low,No
A02879,apache-tomcat-2879,Apache,Tomcat,6.3.84,Medium,No
A02880,linux-redhat-2880,Linux,RedHat,9.0.30,Medium,No
A02881,linux-centos-2881,Linux,CentOS,8.6.78,Low,No
A02882,vmware-esxi-2882,VMware,ESXi,3.2.6,Medium,No
A02883,vmware-esxi-2883,VMware,ESXi,8.2.81,High,No
A02884,apache-apache-http-server-2884,Apache,Apache HTTP Server,1.1.91,Low,Yes
A02885,linux-redhat-2885,Linux,RedHat,4.3.90,High,Yes
A02886,apache-apache-http-server-2886,Apache,Apache HTTP Server,9.2.51,Medium,Yes
A02887,linux-ubuntu-2887,Linux,Ubuntu,8.9.89,Medium,Yes
A02888,apache-apache-http-server-2888,Apache,Apache HTTP Server,4.2.91,High,No
A02889,vmware-esxi-2889,VMware,ESXi,7.4.42,Low,No
A02890,apache-apache-http-server-2890,Apache,Apache HTTP Server,1.3.51,High,No
A02891,apache-apache-http-server-2891,Apache,Apache HTTP Server,9.9.16,Critical,No
A02892,cisco-meraki-2892,Cisco,Meraki,10.9.71,High,No
A02893,cisco-meraki-2893,Cisco,Meraki,5.6.74,Critical,Yes
A02894,vmware-vcenter-2894,VMware,vCenter,5.6.6,High,No
A02895,oracle-oracle-db-2895,Oracle,Oracle DB,4.9.35,High,Yes
A02896,cisco-asa-2896,Cisco,ASA,2.7.79,Medium,No
A02897,microsoft-exchange-server-2897,Microsoft,Exchange Server,6.8.74,Critical,No
A02898,linux-redhat-2898,Linux,RedHat,10.7.98,Critical,No
A02899,oracle-oracle-db-2899,Oracle,Oracle DB,9.8.20,High,No
A02900,linux-centos-2900,Linux,CentOS,6.8.20,Low,No
A02901,apache-apache-http-server-2901,Apache,Apache HTTP Server,2.1.20,Medium,No
A02902,linux-ubuntu-2902,Linux,Ubuntu,2.9.50,Medium,Yes
A02903,apache-tomcat-2903,Apache,Tomcat,10.8.49,Medium,Yes
A02904,cisco-meraki-2904,Cisco,Meraki,2.1.60,Medium,No
A02905,vmware-vcenter-2905,VMware,vCenter,9.3.72,Low,No
A02906,microsoft-sql-server-2906,Microsoft,SQL Server,4.5.28,Low,No
A02907,vmware-esxi-2907,VMware,ESXi,4.2.5,Critical,No
A02908,apache-tomcat-2908,Apache,Tomcat,10.1.50,Medium,Yes
A02909,oracle-oracle-db-2909,Oracle,Oracle DB,3.6.89,Medium,No
A02910,apache-tomcat-2910,Apache,Tomcat,5.9.27,Medium,Yes
A02911,linux-centos-2911,Linux,CentOS,3.9.99,Low,Yes
A02912,apache-tomcat-2912,Apache,Tomcat,6.4.63,Critical,No
A02913,cisco-meraki-2913,Cisco,Meraki,6.7.17,High,No
A02914,vmware-vcenter-2914,VMware,vCenter,9.6.95,Critical,No
A02915,cisco-asa-2915,Cisco,ASA,9.0.56,Medium,No
A02916,vmware-esxi-2916,VMware,ESXi,4.0.24,Medium,No
A02917,linux-redhat-2917,Linux,RedHat,3.8.86,Medium,No
A02918,apache-tomcat-2918,Apache,Tomcat,8.8.27,High,No
A02919,vmware-vcenter-2919,VMware,vCenter,6.1.69,Low,Yes
A02920,apache-tomcat-2920,Apache,Tomcat,4.7.24,Low,No
A02921,oracle-weblogic-2921,Oracle,WebLogic,10.8.44,Low,No
A02922,oracle-weblogic-2922,Oracle,WebLogic,3.6.15,Critical,No
A02923,linux-ubuntu-2923,Linux,Ubuntu,5.8.10,High,No
A02924,microsoft-exchange-server-2924,Microsoft,Exchange Server,4.3.65,High,No
A02925,linux-redhat-2925,Linux,RedHat,5.0.34,High,Yes
A02926,cisco-ios-xe-2926,Cisco,IOS XE,9.0.6,Medium,No
A02927,oracle-weblogic-2927,Oracle,WebLogic,2.2.18,Medium,No
A02928,linux-centos-2928,Linux,CentOS,8.0.6,High,No
A02929,apache-apache-http-server-2929,Apache,Apache HTTP Server,10.7.95,High,No
A02930,microsoft-exchange-server-2930,Microsoft,Exchange Server,6.2.44,Critical,Yes
A02931,microsoft-exchange-server-2931,Microsoft,Exchange Server,1.7.68,Medium,Yes
A02932,apache-apache-http-server-2932,Apache,Apache HTTP Server,5.6.30,Medium,No
A02933,apache-tomcat-2933,Apache,Tomcat,8.6.87,Medium,No
A02934,oracle-weblogic-2934,Oracle,WebLogic,3.9.86,Medium,No
A02935,cisco-meraki-2935,Cisco,Meraki,2.4.6,Medium,No
A02936,linux-centos-2936,Linux,CentOS,8.7.5,Critical,Yes
A02937,vmware-vcenter-2937,VMware,vCenter,6.4.68,Critical,No
A02938,linux-ubuntu-2938,Linux,Ubuntu,2.4.26,Low,No
A02939,oracle-oracle-db-2939,Oracle,Oracle DB,6.0.95,High,No
A02940,linux-redhat-2940,Linux,RedHat,9.0.43,High,No
A02941,apache-tomcat-2941,Apache,Tomcat,6.2.74,High,No
A02942,microsoft-windows-server-2942,Microsoft,Windows Server,4.0.58,High,No
A02943,cisco-meraki-2943,Cisco,Meraki,7.7.92,Medium,No
A02944,cisco-asa-2944,Cisco,ASA,10.2.48,High,No
A02945,linux-centos-2945,Linux,CentOS,2.9.48,High,Yes
A02946,apache-apache-http-server-2946,Apache,Apache HTTP Server,6.1.13,Low,No
A02947,linux-ubuntu-2947,Linux,Ubuntu,1.5.83,Critical,No
A02948,linux-ubuntu-2948,Linux,Ubuntu,5.3.21,High,No
A02949,microsoft-windows-server-2949,Microsoft,Windows Server,1.2.80,Low,No
A02950,linux-redhat-2950,Linux,RedHat,8.2.43,Critical,Yes
A02951,apache-apache-http-server-2951,Apache,Apache HTTP Server,6.7.24,High,Yes
A02952,vmware-vcenter-2952,VMware,vCenter,1.5.30,Low,No
A02953,apache-apache-http-server-2953,Apache,Apache HTTP Server,5.7.56,High,No
A02954,microsoft-windows-server-2954,Microsoft,Windows Server,8.6.66,Medium,Yes
A02955,cisco-meraki-2955,Cisco,Meraki,7.7.14,Low,No
A02956,oracle-oracle-db-2956,Oracle,Oracle DB,1.2.87,Critical,No
A02957,apache-apache-http-server-2957,Apache,Apache HTTP Server,10.0.85,Critical,No
A02958,oracle-oracle-db-2958,Oracle,Oracle DB,6.2.91,Critical,No
A02959,cisco-ios-xe-2959,Cisco,IOS XE,6.1.38,Medium,No
A02960,apache-apache-http-server-2960,Apache,Apache HTTP Server,6.9.34,High,No
A02961,apache-tomcat-2961,Apache,Tomcat,7.7.99,High,No
A02962,oracle-oracle-db-2962,Oracle,Oracle DB,6.3.19,Critical,Yes
A02963,cisco-ios-xe-2963,Cisco,IOS XE,2.1.33,Critical,Yes
A02964,vmware-vcenter-2964,VMware,vCenter,7.5.60,Medium,Yes
A02965,linux-ubuntu-2965,Linux,Ubuntu,10.9.22,Low,No
A02966,oracle-weblogic-2966,Oracle,WebLogic,8.9.72,High,Yes
A02967,cisco-meraki-2967,Cisco,Meraki,10.2.0,Critical,No
A02968,apache-tomcat-2968,Apache,Tomcat,9.7.7,Medium,No
A02969,linux-ubuntu-2969,Linux,Ubuntu,3.7.30,Medium,Yes
A02970,linux-centos-2970,Linux,CentOS,3.8.6,Low,No
A02971,apache-tomcat-2971,Apache,Tomcat,2.5.48,High,Yes
A02972,microsoft-windows-server-2972,Microsoft,Windows Server,2.4.98,High,Yes
A02973,oracle-oracle-db-2973,Oracle,Oracle DB,8.0.48,Low,Yes
A02974,linux-redhat-2974,Linux,RedHat,8.0.95,Critical,Yes
A02975,microsoft-exchange-server-2975,Microsoft,Exchange Server,9.4.23,Medium,Yes
A02976,vmware-esxi-2976,VMware,ESXi,5.3.75,Medium,Yes
A02977,microsoft-exchange-server-2977,Microsoft,Exchange Server,1.8.23,Critical,No
A02978,microsoft-sql-server-2978,Microsoft,SQL Server,5.7.66,Medium,No
A02979,vmware-vcenter-2979,VMware,vCenter,6.6.94,High,No
A02980,microsoft-windows-server-2980,Microsoft,Windows Server,4.3.11,Low,No
A02981,apache-tomcat-2981,Apache,Tomcat,5.0.42,High,No
A02982,oracle-oracle-db-2982,Oracle,Oracle DB,9.8.61,Medium,No
A02983,cisco-meraki-2983,Cisco,Meraki,10.7.24,Low,Yes
A02984,linux-centos-2984,Linux,CentOS,4.4.60,Medium,No
A02985,microsoft-windows-server-2985,Microsoft,Windows Server,5.2.31,High,No
A02986,cisco-meraki-2986,Cisco,Meraki,4.0.45,High,No
A02987,cisco-meraki-2987,Cisco,Meraki,5.1.86,High,Yes
A02988,vmware-vcenter-2988,VMware,vCenter,3.9.59,High,Yes
A02989,microsoft-exchange-server-2989,Microsoft,Exchange Server,9.7.55,Low,No
A02990,linux-centos-2990,Linux,CentOS,2.4.51,High,Yes
A02991,vmware-esxi-2991,VMware,ESXi,4.7.50,Critical,No
A02992,microsoft-windows-server-2992,Microsoft,Windows Server,3.1.85,High,No
A02993,cisco-ios-xe-2993,Cisco,IOS XE,1.4.80,Medium,Yes
A02994,linux-redhat-2994,Linux,RedHat,4.5.3,High,Yes
A02995,oracle-oracle-db-2995,Oracle,Oracle DB,8.8.22,Critical,No
A02996,apache-apache-http-server-2996,Apache,Apache HTTP Server,4.0.36,High,No
A02997,oracle-oracle-db-2997,Oracle,Oracle DB,2.7.22,Medium,No
A02998,cisco-meraki-2998,Cisco,Meraki,2.1.11,High,Yes
A02999,linux-centos-2999,Linux,CentOS,1.6.33,Medium,Yes
A03000,cisco-ios-xe-3000,Cisco,IOS XE,4.4.9,Medium,Yes
A03001,vmware-vcenter-3001,VMware,vCenter,7.5.5,Medium,No
A03002,apache-apache-http-server-3002,Apache,Apache HTTP Server,7.7.61,Low,Yes
A03003,oracle-oracle-db-3003,Oracle,Oracle DB,8.3.31,High,No
A03004,cisco-meraki-3004,Cisco,Meraki,5.9.7,Low,No
A03005,linux-ubuntu-3005,Linux,Ubuntu,1.4.52,Low,No
A03006,microsoft-exchange-server-3006,Microsoft,Exchange Server,1.0.88,Critical,No
A03007,oracle-oracle-db-3007,Oracle,Oracle DB,1.9.23,Critical,Yes
A03008,microsoft-sql-server-3008,Microsoft,SQL Server,10.4.43,Low,Yes
A03009,apache-tomcat-3009,Apache,Tomcat,9.9.57,Critical,Yes
A03010,vmware-esxi-3010,VMware,ESXi,3.1.30,High,No
A03011,oracle-weblogic-3011,Oracle,WebLogic,6.5.92,High,No
A03012,apache-tomcat-3012,Apache,Tomcat,8.5.80,High,Yes
A03013,cisco-asa-3013,Cisco,ASA,1.5.90,Medium,No
A03014,apache-tomcat-3014,Apache,Tomcat,9.0.95,Medium,No
A03015,oracle-weblogic-3015,Oracle,WebLogic,9.3.86,Critical,No
A03016,apache-tomcat-3016,Apache,Tomcat,5.7.64,Medium,Yes
A03017,linux-redhat-3017,Linux,RedHat,8.0.17,Medium,No
A03018,apache-tomcat-3018,Apache,Tomcat,8.7.86,Low,No
A03019,cisco-meraki-3019,Cisco,Meraki,5.4.13,High,Yes
A03020,linux-ubuntu-3020,Linux,Ubuntu,3.9.94,Critical,No
A03021,apache-tomcat-3021,Apache,Tomcat,8.5.97,Medium,No
A03022,apache-tomcat-3022,Apache,Tomcat,4.9.44,Critical,No
A03023,apache-tomcat-3023,Apache,Tomcat,2.2.7,Critical,Yes
A03024,cisco-ios-xe-3024,Cisco,IOS XE,1.3.49,Medium,No
A03025,apache-apache-http-server-3025,Apache,Apache HTTP Server,8.8.15,Critical,No
A03026,microsoft-windows-server-3026,Microsoft,Windows Server,2.6.89,Medium,No
A03027,vmware-esxi-3027,VMware,ESXi,5.7.52,High,No
A03028,vmware-esxi-3028,VMware,ESXi,10.4.42,High,No
A03029,vmware-vcenter-3029,VMware,vCenter,10.0.41,Medium,No
A03030,oracle-oracle-db-3030,Oracle,Oracle DB,10.1.78,Medium,No
A03031,apache-apache-http-server-3031,Apache,Apache HTTP Server,5.3.26,High,Yes
A03032,vmware-vcenter-3032,VMware,vCenter,4.4.11,Medium,No
A03033,vmware-vcenter-3033,VMware,vCenter,9.7.62,Low,No
A03034,oracle-oracle-db-3034,Oracle,Oracle DB,6.8.35,Critical,No
A03035,cisco-meraki-3035,Cisco,Meraki,2.9.75,Low,No
A03036,apache-apache-http-server-3036,Apache,Apache HTTP Server,9.4.6,Critical,No
A03037,vmware-esxi-3037,VMware,ESXi,9.9.12,Medium,No
A03038,oracle-oracle-db-3038,Oracle,Oracle DB,6.5.41,Critical,Yes
A03039,linux-redhat-3039,Linux,RedHat,9.8.18,Medium,No
A03040,vmware-esxi-3040,VMware,ESXi,9.4.28,High,No
A03041,microsoft-exchange-server-3041,Microsoft,Exchange Server,3.9.87,Low,No
A03042,oracle-weblogic-3042,Oracle,WebLogic,2.6.23,Medium,Yes
A03043,microsoft-exchange-server-3043,Microsoft,Exchange Server,7.8.77,High,No
A03044,oracle-weblogic-3044,Oracle,WebLogic,5.7.42,Medium,No
A03045,apache-tomcat-3045,Apache,Tomcat,10.5.31,Low,No
A03046,oracle-oracle-db-3046,Oracle,Oracle DB,3.9.28,Medium,No
A03047,oracle-oracle-db-3047,Oracle,Oracle DB,7.3.25,Low,Yes
A03048,linux-ubuntu-3048,Linux,Ubuntu,9.9.33,Medium,No
A03049,vmware-esxi-3049,VMware,ESXi,10.2.28,Low,Yes
A03050,oracle-oracle-db-3050,Oracle,Oracle DB,8.6.64,Medium,Yes
A03051,linux-centos-3051,Linux,CentOS,10.4.52,Critical,Yes
A03052,apache-tomcat-3052,Apache,Tomcat,2.0.66,High,No
A03053,apache-apache-http-server-3053,Apache,Apache HTTP Server,2.6.62,Low,No
A03054,microsoft-exchange-server-3054,Microsoft,Exchange Server,8.0.6,Medium,No
A03055,linux-ubuntu-3055,Linux,Ubuntu,1.6.77,High,Yes
A03056,oracle-oracle-db-3056,Oracle,Oracle DB,9.2.90,Low,No
A03057,cisco-meraki-3057,Cisco,Meraki,7.7.8,Low,No
A03058,linux-redhat-3058,Linux,RedHat,3.3.42,Medium,No
A03059,apache-apache-http-server-3059,Apache,Apache HTTP Server,10.3.78,Medium,Yes
A03060,linux-redhat-3060,Linux,RedHat,4.3.5,High,Yes
A03061,linux-ubuntu-3061,Linux,Ubuntu,9.5.77,Medium,No
A03062,oracle-oracle-db-3062,Oracle,Oracle DB,9.0.20,Low,No
A03063,linux-ubuntu-3063,Linux,Ubuntu,1.6.85,Medium,Yes
A03064,linux-ubuntu-3064,Linux,Ubuntu,4.0.74,Medium,No
A03065,microsoft-sql-server-3065,Microsoft,SQL Server,9.0.88,Medium,No
A03066,cisco-asa-3066,Cisco,ASA,5.5.17,Low,No
A03067,apache-tomcat-3067,Apache,Tomcat,7.2.28,High,No
A03068,vmware-vcenter-3068,VMware,vCenter,1.4.33,Medium,No
A03069,vmware-esxi-3069,VMware,ESXi,6.9.27,Medium,Yes
A03070,oracle-weblogic-3070,Oracle,WebLogic,2.5.44,Critical,Yes
A03071,apache-apache-http-server-3071,Apache,Apache HTTP Server,4.1.60,Medium,Yes
A03072,microsoft-exchange-server-3072,Microsoft,Exchange Server,4.8.24,Low,No
A03073,apache-tomcat-3073,Apache,Tomcat,6.0.98,High,No
A03074,apache-tomcat-3074,Apache,Tomcat,9.4.94,Medium,Yes
A03075,microsoft-exchange-server-3075,Microsoft,Exchange Server,7.7.41,High,No
A03076,vmware-esxi-3076,VMware,ESXi,6.3.10,Medium,No
A03077,cisco-ios-xe-3077,Cisco,IOS XE,6.4.32,High,Yes
A03078,vmware-vcenter-3078,VMware,vCenter,8.3.93,High,No
A03079,microsoft-exchange-server-3079,Microsoft,Exchange Server,1.7.51,Medium,Yes
A03080,vmware-vcenter-3080,VMware,vCenter,2.9.64,Low,No
A03081,cisco-ios-xe-3081,Cisco,IOS XE,2.9.20,Low,No
A03082,linux-centos-3082,Linux,CentOS,5.8.24,Low,No
A03083,linux-centos-3083,Linux,CentOS,4.9.90,High,Yes
A03084,vmware-vcenter-3084,VMware,vCenter,5.4.56,Medium,No
A03085,vmware-esxi-3085,VMware,ESXi,7.3.98,High,No
A03086,microsoft-exchange-server-3086,Microsoft,Exchange Server,3.3.52,Medium,Yes
A03087,linux-centos-3087,Linux,CentOS,3.5.68,High,No
A03088,apache-apache-http-server-3088,Apache,Apache HTTP Server,1.9.24,High,No
A03089,vmware-esxi-3089,VMware,ESXi,7.5.40,High,Yes
A03090,linux-ubuntu-3090,Linux,Ubuntu,8.1.97,Critical,No
A03091,oracle-weblogic-3091,Oracle,WebLogic,4.8.25,High,No
A03092,linux-ubuntu-3092,Linux,Ubuntu,2.2.39,Low,No
A03093,vmware-esxi-3093,VMware,ESXi,2.1.8,Critical,Yes
A03094,vmware-esxi-3094,VMware,ESXi,8.6.77,Medium,No
A03095,linux-ubuntu-3095,Linux,Ubuntu,5.0.19,Medium,No
A03096,vmware-vcenter-3096,VMware,vCenter,10.8.62,Critical,No
A03097,oracle-weblogic-3097,Oracle,WebLogic,8.8.3,Critical,No
A03098,vmware-esxi-3098,VMware,ESXi,5.0.41,High,Yes
A03099,microsoft-exchange-server-3099,Microsoft,Exchange Server,5.6.51,High,Yes
A03100,vmware-vcenter-3100,VMware,vCenter,7.7.86,Low,Yes
A03101,apache-tomcat-3101,Apache,Tomcat,1.7.12,High,No
A03102,oracle-oracle-db-3102,Oracle,Oracle DB,3.4.60,Low,No
A03103,vmware-esxi-3103,VMware,ESXi,4.2.57,High,No
A03104,oracle-oracle-db-3104,Oracle,Oracle DB,2.1.91,Medium,Yes
A03105,linux-ubuntu-3105,Linux,Ubuntu,7.1.32,Critical,No
A03106,oracle-oracle-db-3106,Oracle,Oracle DB,10.8.55,Low,Yes
A03107,cisco-ios-xe-3107,Cisco,IOS XE,6.5.53,Critical,No
A03108,cisco-meraki-3108,Cisco,Meraki,8.0.13,Low,No
A03109,microsoft-sql-server-3109,Microsoft,SQL Server,2.7.98,Low,No
A03110,vmware-vcenter-3110,VMware,vCenter,10.8.90,High,No
A03111,apache-apache-http-server-3111,Apache,Apache HTTP Server,8.9.31,Critical,Yes
A03112,cisco-asa-3112,Cisco,ASA,1.2.86,Critical,No
A03113,apache-tomcat-3113,Apache,Tomcat,5.5.59,Medium,Yes
A03114,linux-redhat-3114,Linux,RedHat,2.6.62,Low,No
A03115,microsoft-windows-server-3115,Microsoft,Windows Server,3.7.61,Medium,No
A03116,oracle-weblogic-3116,Oracle,WebLogic,8.8.89,Medium,No
A03117,microsoft-windows-server-3117,Microsoft,Windows Server,10.6.21,High,Yes
A03118,vmware-vcenter-3118,VMware,vCenter,8.8.21,Critical,No
A03119,cisco-asa-3119,Cisco,ASA,5.4.33,High,No
A03120,cisco-asa-3120,Cisco,ASA,4.8.97,Medium,No
A03121,apache-tomcat-3121,Apache,Tomcat,2.2.1,Medium,No
A03122,vmware-esxi-3122,VMware,ESXi,6.0.56,Low,No
A03123,microsoft-sql-server-3123,Microsoft,SQL Server,7.9.35,Critical,No
A03124,apache-tomcat-3124,Apache,Tomcat,5.1.73,Low,Yes
A03125,vmware-esxi-3125,VMware,ESXi,6.9.59,Medium,No
A03126,cisco-ios-xe-3126,Cisco,IOS XE,9.1.69,Medium,No
A03127,oracle-oracle-db-3127,Oracle,Oracle DB,5.8.32,High,No
A03128,vmware-vcenter-3128,VMware,vCenter,2.1.26,Medium,Yes
A03129,apache-apache-http-server-3129,Apache,Apache HTTP Server,3.6.69,Medium,No
A03130,cisco-ios-xe-3130,Cisco,IOS XE,6.5.70,Critical,No
A03131,microsoft-windows-server-3131,Microsoft,Windows Server,6.1.84,Critical,Yes
A03132,apache-apache-http-server-3132,Apache,Apache HTTP Server,9.1.1,Low,No
A03133,cisco-meraki-3133,Cisco,Meraki,4.6.7,Medium,No
A03134,microsoft-exchange-server-3134,Microsoft,Exchange Server,8.5.78,Low,No
A03135,vmware-esxi-3135,VMware,ESXi,4.3.92,High,No
A03136,vmware-vcenter-3136,VMware,vCenter,6.8.69,Medium,Yes
A03137,apache-apache-http-server-3137,Apache,Apache HTTP Server,5.8.96,Critical,No
A03138,vmware-esxi-3138,VMware,ESXi,5.0.94,Medium,No
A03139,linux-redhat-3139,Linux,RedHat,6.3.79,Critical,No
A03140,oracle-oracle-db-3140,Oracle,Oracle DB,7.6.23,High,No
A03141,oracle-weblogic-3141,Oracle,WebLogic,2.4.79,Medium,No
A03142,linux-centos-3142,Linux,CentOS,3.6.1,Medium,No
A03143,microsoft-sql-server-3143,Microsoft,SQL Server,4.0.55,Critical,No
A03144,linux-ubuntu-3144,Linux,Ubuntu,3.3.48,High,No
A03145,linux-ubuntu-3145,Linux,Ubuntu,7.3.13,Medium,No
A03146,cisco-ios-xe-3146,Cisco,IOS XE,1.0.75,Critical,Yes
A03147,oracle-weblogic-3147,Oracle,WebLogic,2.5.37,Medium,No
A03148,linux-ubuntu-3148,Linux,Ubuntu,8.5.95,Medium,No
A03149,vmware-esxi-3149,VMware,ESXi,7.4.42,Low,No
A03150,oracle-oracle-db-3150,Oracle,Oracle DB,2.5.1,Low,No
A03151,apache-tomcat-3151,Apache,Tomcat,10.9.73,Low,No
A03152,vmware-vcenter-3152,VMware,vCenter,6.7.13,High,No
A03153,linux-redhat-3153,Linux,RedHat,2.9.89,Low,Yes
A03154,apache-tomcat-3154,Apache,Tomcat,8.3.90,High,Yes
A03155,vmware-esxi-3155,VMware,ESXi,1.2.75,Medium,No
A03156,apache-apache-http-server-3156,Apache,Apache HTTP Server,4.8.9,Critical,No
A03157,cisco-meraki-3157,Cisco,Meraki,10.5.25,High,No
A03158,vmware-esxi-3158,VMware,ESXi,8.8.6,High,No
A03159,oracle-weblogic-3159,Oracle,WebLogic,5.4.33,Medium,No
A03160,linux-redhat-3160,Linux,RedHat,5.3.91,Low,No
A03161,oracle-oracle-db-3161,Oracle,Oracle DB,3.5.94,High,No
A03162,cisco-ios-xe-3162,Cisco,IOS XE,8.2.21,High,Yes
A03163,apache-tomcat-3163,Apache,Tomcat,3.9.21,Medium,Yes
A03164,oracle-weblogic-3164,Oracle,WebLogic,1.2.36,High,No
A03165,linux-ubuntu-3165,Linux,Ubuntu,10.3.61,Low,No
A03166,microsoft-sql-server-3166,Microsoft,SQL Server,2.5.5,High,No
A03167,vmware-esxi-3167,VMware,ESXi,1.1.37,High,Yes
A03168,oracle-weblogic-3168,Oracle,WebLogic,7.7.85,High,No
A03169,vmware-vcenter-3169,VMware,vCenter,10.2.14,Low,Yes
A03170,microsoft-sql-server-3170,Microsoft,SQL Server,10.5.1,Critical,No
A03171,vmware-vcenter-3171,VMware,vCenter,4.8.60,Low,No
A03172,cisco-meraki-3172,Cisco,Meraki,1.7.71,Medium,Yes
A03173,cisco-asa-3173,Cisco,ASA,1.0.89,Critical,Yes
A03174,vmware-vcenter-3174,VMware,vCenter,7.9.37,Low,No
A03175,cisco-meraki-3175,Cisco,Meraki,5.4.38,Medium,No
A03176,microsoft-exchange-server-3176,Microsoft,Exchange Server,3.0.15,Low,No
A03177,linux-ubuntu-3177,Linux,Ubuntu,9.5.9,Critical,Yes
A03178,apache-apache-http-server-3178,Apache,Apache HTTP Server,10.6.38,Medium,Yes
A03179,linux-redhat-3179,Linux,RedHat,8.8.21,Low,Yes
A03180,linux-centos-3180,Linux,CentOS,8.3.27,Low,No
A03181,microsoft-windows-server-3181,Microsoft,Windows Server,6.6.3,Medium,No
A03182,microsoft-sql-server-3182,Microsoft,SQL Server,4.4.77,High,Yes
A03183,microsoft-windows-server-3183,Microsoft,Windows Server,4.0.22,Medium,No
A03184,apache-tomcat-3184,Apache,Tomcat,9.2.41,Critical,Yes
A03185,vmware-esxi-3185,VMware,ESXi,1.3.55,Medium,No
A03186,vmware-vcenter-3186,VMware,vCenter,1.7.45,Low,No
A03187,microsoft-sql-server-3187,Microsoft,SQL Server,7.0.62,Medium,No
A03188,oracle-weblogic-3188,Oracle,WebLogic,10.6.58,Low,No
A03189,cisco-meraki-3189,Cisco,Meraki,4.8.97,High,No
A03190,cisco-meraki-3190,Cisco,Meraki,9.8.65,Low,No
A03191,apache-apache-http-server-3191,Apache,Apache HTTP Server,8.7.64,High,No
A03192,apache-apache-http-server-3192,Apache,Apache HTTP Server,10.5.40,Medium,No
A03193,oracle-oracle-db-3193,Oracle,Oracle DB,2.3.13,Low,No
A03194,apache-apache-http-server-3194,Apache,Apache HTTP Server,9.1.75,Medium,No
A03195,vmware-esxi-3195,VMware,ESXi,5.6.30,Medium,No
A03196,apache-tomcat-3196,Apache,Tomcat,1.1.10,Low,No
A03197,cisco-meraki-3197,Cisco,Meraki,7.1.80,Critical,No
A03198,linux-ubuntu-3198,Linux,Ubuntu,8.4.23,Critical,Yes
A03199,microsoft-windows-server-3199,Microsoft,Windows Server,6.3.51,Critical,No
A03200,linux-centos-3200,Linux,CentOS,7.1.82,Critical,Yes
A03201,linux-redhat-3201,Linux,RedHat,6.0.87,High,Yes
A03202,apache-tomcat-3202,Apache,Tomcat,7.7.58,Medium,No
A03203,vmware-vcenter-3203,VMware,vCenter,7.9.15,Low,Yes
A03204,apache-apache-http-server-3204,Apache,Apache HTTP Server,2.7.43,Low,No
A03205,microsoft-windows-server-3205,Microsoft,Windows Server,9.0.54,Low,No
A03206,microsoft-sql-server-3206,Microsoft,SQL Server,6.6.30,High,No
A03207,oracle-weblogic-3207,Oracle,WebLogic,4.0.39,Medium,Yes
A03208,linux-redhat-3208,Linux,RedHat,3.5.21,High,Yes
A03209,apache-tomcat-3209,Apache,Tomcat,6.5.68,Medium,Yes
A03210,linux-ubuntu-3210,Linux,Ubuntu,5.5.87,High,No
A03211,microsoft-exchange-server-3211,Microsoft,Exchange Server,9.1.11,Low,No
A03212,microsoft-exchange-server-3212,Microsoft,Exchange Server,10.4.62,Low,No
A03213,oracle-oracle-db-3213,Oracle,Oracle DB,8.9.12,High,No
A03214,microsoft-sql-server-3214,Microsoft,SQL Server,7.5.49,High,No
A03215,microsoft-exchange-server-3215,Microsoft,Exchange Server,7.4.72,Medium,No
A03216,apache-apache-http-server-3216,Apache,Apache HTTP Server,1.9.67,Low,No
A03217,cisco-asa-3217,Cisco,ASA,1.0.49,High,No
A03218,cisco-asa-3218,Cisco,ASA,10.5.62,High,No
A03219,apache-apache-http-server-3219,Apache,Apache HTTP Server,8.6.23,Low,No
A03220,linux-redhat-3220,Linux,RedHat,8.1.70,Medium,No
A03221,oracle-oracle-db-3221,Oracle,Oracle DB,5.2.91,Low,No
A03222,apache-apache-http-server-3222,Apache,Apache HTTP Server,1.1.72,Critical,Yes
A03223,microsoft-sql-server-3223,Microsoft,SQL Server,4.5.43,High,No
A03224,microsoft-windows-server-3224,Microsoft,Windows Server,3.5.96,Critical,No
A03225,oracle-oracle-db-3225,Oracle,Oracle DB,9.0.95,Low,No
A03226,microsoft-sql-server-3226,Microsoft,SQL Server,4.4.37,Critical,No
A03227,vmware-vcenter-3227,VMware,vCenter,2.4.9,High,Yes
A03228,cisco-asa-3228,Cisco,ASA,2.2.2,Medium,No
A03229,cisco-meraki-3229,Cisco,Meraki,1.1.31,Low,No
A03230,apache-tomcat-3230,Apache,Tomcat,5.1.93,Medium,No
A03231,oracle-weblogic-3231,Oracle,WebLogic,2.6.75,High,Yes
A03232,vmware-esxi-3232,VMware,ESXi,4.8.96,Critical,No
A03233,linux-centos-3233,Linux,CentOS,2.5.6,Critical,Yes
A03234,linux-ubuntu-3234,Linux,Ubuntu,10.6.41,Low,No
A03235,microsoft-sql-server-3235,Microsoft,SQL Server,9.9.17,Medium,No
A03236,apache-tomcat-3236,Apache,Tomcat,4.8.13,High,No
A03237,microsoft-windows-server-3237,Microsoft,Windows Server,9.7.34,Medium,No
A03238,oracle-oracle-db-3238,Oracle,Oracle DB,9.7.42,Low,Yes
A03239,linux-centos-3239,Linux,CentOS,8.2.58,Medium,Yes
A03240,vmware-esxi-3240,VMware,ESXi,10.0.75,High,Yes
A03241,microsoft-windows-server-3241,Microsoft,Windows Server,3.7.77,High,Yes
A03242,cisco-ios-xe-3242,Cisco,IOS XE,9.3.17,High,No
A03243,vmware-esxi-3243,VMware,ESXi,4.2.86,Critical,No
A03244,vmware-esxi-3244,VMware,ESXi,10.1.97,Medium,No
A03245,vmware-vcenter-3245,VMware,vCenter,6.9.14,Medium,No
A03246,microsoft-sql-server-3246,Microsoft,SQL Server,2.4.89,Low,No
A03247,oracle-weblogic-3247,Oracle,WebLogic,9.2.43,Medium,No
A03248,apache-apache-http-server-3248,Apache,Apache HTTP Server,2.5.99,Medium,No
A03249,microsoft-windows-server-3249,Microsoft,Windows Server,4.3.29,High,No
A03250,linux-redhat-3250,Linux,RedHat,1.6.11,Critical,No
A03251,oracle-weblogic-3251,Oracle,WebLogic,10.7.44,High,No
A03252,cisco-ios-xe-3252,Cisco,IOS XE,3.2.78,Low,Yes
A03253,oracle-weblogic-3253,Oracle,WebLogic,7.5.12,Medium,Yes
A03254,microsoft-exchange-server-3254,Microsoft,Exchange Server,3.2.36,Low,No
A03255,linux-centos-3255,Linux,CentOS,2.5.93,Medium,No
A03256,microsoft-sql-server-3256,Microsoft,SQL Server,4.4.79,Medium,Yes
A03257,microsoft-exchange-server-3257,Microsoft,Exchange Server,5.0.19,High,No
A03258,vmware-esxi-3258,VMware,ESXi,7.2.9,Low,Yes
A03259,linux-ubuntu-3259,Linux,Ubuntu,9.8.13,Medium,No
A03260,linux-ubuntu-3260,Linux,Ubuntu,4.8.46,Medium,No
A03261,apache-apache-http-server-3261,Apache,Apache HTTP Server,1.6.35,Medium,No
A03262,cisco-meraki-3262,Cisco,Meraki,5.7.83,Low,Yes
A03263,microsoft-windows-server-3263,Microsoft,Windows Server,9.8.81,Low,Yes
A03264,vmware-vcenter-3264,VMware,vCenter,7.7.83,Critical,Yes
A03265,vmware-esxi-3265,VMware,ESXi,5.6.50,Medium,No
A03266,oracle-weblogic-3266,Oracle,WebLogic,3.5.15,Medium,No
A03267,oracle-oracle-db-3267,Oracle,Oracle DB,7.7.35,High,No
A03268,vmware-vcenter-3268,VMware,vCenter,8.2.21,Low,No
A03269,microsoft-windows-server-3269,Microsoft,Windows Server,9.1.75,Low,Yes
A03270,cisco-meraki-3270,Cisco,Meraki,8.1.39,Medium,Yes
A03271,cisco-meraki-3271,Cisco,Meraki,2.8.62,High,No
A03272,apache-apache-http-server-3272,Apache,Apache HTTP Server,2.8.79,High,No
A03273,cisco-meraki-3273,Cisco,Meraki,8.3.60,Critical,No
A03274,apache-tomcat-3274,Apache,Tomcat,9.5.54,High,Yes
A03275,microsoft-sql-server-3275,Microsoft,SQL Server,7.4.80,Low,Yes
A03276,linux-redhat-3276,Linux,RedHat,3.2.77,Critical,No
A03277,cisco-asa-3277,Cisco,ASA,5.3.79,Medium,No
A03278,apache-tomcat-3278,Apache,Tomcat,1.1.47,Critical,No
A03279,vmware-esxi-3279,VMware,ESXi,6.3.37,Medium,No
A03280,cisco-ios-xe-3280,Cisco,IOS XE,5.4.33,Medium,Yes
A03281,apache-tomcat-3281,Apache,Tomcat,1.0.49,Medium,No
A03282,vmware-vcenter-3282,VMware,vCenter,9.3.0,Low,No
A03283,apache-tomcat-3283,Apache,Tomcat,1.1.39,Medium,No
A03284,vmware-esxi-3284,VMware,ESXi,10.1.53,Low,No
A03285,cisco-ios-xe-3285,Cisco,IOS XE,2.8.53,Low,No
A03286,apache-apache-http-server-3286,Apache,Apache HTTP Server,1.1.37,Low,No
A03287,microsoft-exchange-server-3287,Microsoft,Exchange Server,7.1.92,Critical,No
A03288,apache-apache-http-server-3288,Apache,Apache HTTP Server,8.2.8,High,No
A03289,cisco-asa-3289,Cisco,ASA,9.8.6,Medium,No
A03290,vmware-esxi-3290,VMware,ESXi,8.7.62,Critical,No
A03291,cisco-meraki-3291,Cisco,Meraki,7.3.79,Medium,No
A03292,microsoft-exchange-server-3292,Microsoft,Exchange Server,8.7.55,High,No
A03293,apache-tomcat-3293,Apache,Tomcat,6.0.32,High,No
A03294,apache-tomcat-3294,Apache,Tomcat,1.9.2,Critical,Yes
A03295,apache-apache-http-server-3295,Apache,Apache HTTP Server,8.9.83,Critical,No
A03296,microsoft-exchange-server-3296,Microsoft,Exchange Server,9.3.65,High,No
A03297,oracle-oracle-db-3297,Oracle,Oracle DB,9.1.40,Low,No
A03298,microsoft-windows-server-3298,Microsoft,Windows Server,4.1.11,Critical,Yes
A03299,vmware-esxi-3299,VMware,ESXi,5.0.30,Medium,Yes
A03300,linux-ubuntu-3300,Linux,Ubuntu,4.1.18,Medium,No
A03301,vmware-esxi-3301,VMware,ESXi,8.4.74,Low,No
A03302,linux-redhat-3302,Linux,RedHat,7.0.74,Medium,No
A03303,apache-apache-http-server-3303,Apache,Apache HTTP Server,7.2.67,Critical,No
A03304,cisco-ios-xe-3304,Cisco,IOS XE,10.4.43,High,No
A03305,vmware-esxi-3305,VMware,ESXi,10.0.60,Critical,Yes
A03306,cisco-meraki-3306,Cisco,Meraki,4.7.5,Medium,Yes
A03307,cisco-asa-3307,Cisco,ASA,6.3.52,Critical,No
A03308,linux-ubuntu-3308,Linux,Ubuntu,3.3.18,High,Yes
A03309,linux-redhat-3309,Linux,RedHat,7.4.83,Medium,Yes
A03310,microsoft-sql-server-3310,Microsoft,SQL Server,2.7.64,Medium,Yes
A03311,apache-tomcat-3311,Apache,Tomcat,6.7.18,Medium,No
A03312,apache-tomcat-3312,Apache,Tomcat,2.0.13,Medium,No
A03313,microsoft-exchange-server-3313,Microsoft,Exchange Server,9.3.14,High,No
A03314,apache-tomcat-3314,Apache,Tomcat,3.7.8,Low,Yes
A03315,cisco-ios-xe-3315,Cisco,IOS XE,10.4.58,High,Yes
A03316,apache-apache-http-server-3316,Apache,Apache HTTP Server,2.9.14,Medium,Yes
A03317,cisco-asa-3317,Cisco,ASA,5.3.17,Low,Yes
A03318,linux-ubuntu-3318,Linux,Ubuntu,10.7.39,High,No
A03319,oracle-oracle-db-3319,Oracle,Oracle DB,5.9.35,Low,No
A03320,microsoft-exchange-server-3320,Microsoft,Exchange Server,4.2.99,Critical,No
A03321,oracle-weblogic-3321,Oracle,WebLogic,10.2.23,Critical,No
A03322,oracle-oracle-db-3322,Oracle,Oracle DB,5.6.48,Medium,No
A03323,linux-ubuntu-3323,Linux,Ubuntu,6.0.98,Medium,Yes
A03324,oracle-oracle-db-3324,Oracle,Oracle DB,7.7.44,Critical,No
A03325,apache-apache-http-server-3325,Apache,Apache HTTP Server,6.9.73,High,No
A03326,apache-apache-http-server-3326,Apache,Apache HTTP Server,2.8.68,Critical,No
A03327,oracle-weblogic-3327,Oracle,WebLogic,3.0.94,Low,No
A03328,vmware-esxi-3328,VMware,ESXi,6.9.27,Critical,Yes
A03329,microsoft-sql-server-3329,Microsoft,SQL Server,6.3.74,High,Yes
A03330,oracle-oracle-db-3330,Oracle,Oracle DB,6.7.19,Medium,No
A03331,linux-ubuntu-3331,Linux,Ubuntu,3.6.46,Medium,No
A03332,apache-apache-http-server-3332,Apache,Apache HTTP Server,1.3.5,Medium,No
A03333,oracle-weblogic-3333,Oracle,WebLogic,3.8.28,High,No
A03334,linux-ubuntu-3334,Linux,Ubuntu,1.9.59,Medium,No
A03335,apache-apache-http-server-3335,Apache,Apache HTTP Server,10.0.2,Critical,No
A03336,vmware-esxi-3336,VMware,ESXi,1.0.13,Medium,No
A03337,cisco-ios-xe-3337,Cisco,IOS XE,9.3.90,Medium,No
A03338,cisco-ios-xe-3338,Cisco,IOS XE,7.8.78,High,No
A03339,apache-apache-http-server-3339,Apache,Apache HTTP Server,4.3.3,Low,No
A03340,linux-ubuntu-3340,Linux,Ubuntu,1.7.60,Medium,No
A03341,microsoft-sql-server-3341,Microsoft,SQL Server,8.5.60,Critical,Yes
A03342,linux-centos-3342,Linux,CentOS,8.0.88,Low,No
A03343,vmware-vcenter-3343,VMware,vCenter,1.4.59,Medium,No
A03344,vmware-esxi-3344,VMware,ESXi,3.9.30,High,No
A03345,vmware-esxi-3345,VMware,ESXi,1.5.52,Critical,No
A03346,linux-redhat-3346,Linux,RedHat,9.5.3,Critical,No
A03347,microsoft-windows-server-3347,Microsoft,Windows Server,2.6.22,High,Yes
A03348,vmware-esxi-3348,VMware,ESXi,5.2.28,Critical,Yes
A03349,apache-apache-http-server-3349,Apache,Apache HTTP Server,3.6.35,Medium,No
A03350,oracle-weblogic-3350,Oracle,WebLogic,6.6.41,Low,Yes
A03351,cisco-meraki-3351,Cisco,Meraki,6.1.48,Medium,Yes
A03352,cisco-asa-3352,Cisco,ASA,8.7.21,Critical,No
A03353,oracle-oracle-db-3353,Oracle,Oracle DB,4.5.96,Medium,No
A03354,vmware-vcenter-3354,VMware,vCenter,4.2.76,High,No
A03355,vmware-esxi-3355,VMware,ESXi,6.4.86,Medium,No
A03356,apache-tomcat-3356,Apache,Tomcat,4.2.39,High,No
A03357,vmware-vcenter-3357,VMware,vCenter,7.8.35,Medium,No
A03358,microsoft-sql-server-3358,Microsoft,SQL Server,2.0.14,High,Yes
A03359,apache-tomcat-3359,Apache,Tomcat,4.6.99,Low,No
A03360,vmware-vcenter-3360,VMware,vCenter,1.3.81,Low,No
A03361,linux-centos-3361,Linux,CentOS,6.7.2,Medium,No
A03362,cisco-ios-xe-3362,Cisco,IOS XE,10.9.19,Critical,Yes
A03363,cisco-asa-3363,Cisco,ASA,8.7.23,High,No
A03364,oracle-weblogic-3364,Oracle,WebLogic,9.5.4,Medium,No
A03365,linux-redhat-3365,Linux,RedHat,4.4.56,High,No
A03366,apache-tomcat-3366,Apache,Tomcat,5.7.92,Low,No
A03367,vmware-esxi-3367,VMware,ESXi,1.8.82,Critical,Yes
A03368,microsoft-sql-server-3368,Microsoft,SQL Server,5.0.89,Low,No
A03369,oracle-oracle-db-3369,Oracle,Oracle DB,3.7.14,Critical,Yes
A03370,linux-redhat-3370,Linux,RedHat,7.5.17,Medium,No
A03371,microsoft-sql-server-3371,Microsoft,SQL Server,9.7.14,Critical,Yes
A03372,oracle-oracle-db-3372,Oracle,Oracle DB,9.8.88,Low,No
A03373,apache-tomcat-3373,Apache,Tomcat,3.8.63,High,Yes
A03374,vmware-esxi-3374,VMware,ESXi,8.3.27,Low,No
A03375,microsoft-exchange-server-3375,Microsoft,Exchange Server,1.7.23,Critical,No
A03376,microsoft-exchange-server-3376,Microsoft,Exchange Server,7.9.47,Medium,No
A03377,linux-centos-3377,Linux,CentOS,8.2.21,Medium,No
A03378,oracle-weblogic-3378,Oracle,WebLogic,8.2.46,Critical,No
A03379,vmware-vcenter-3379,VMware,vCenter,8.6.42,Medium,No
A03380,apache-tomcat-3380,Apache,Tomcat,10.2.58,Medium,No
A03381,linux-redhat-3381,Linux,RedHat,9.1.40,Medium,No
A03382,apache-tomcat-3382,Apache,Tomcat,5.3.1,Low,No
A03383,cisco-asa-3383,Cisco,ASA,10.8.68,High,No
A03384,cisco-asa-3384,Cisco,ASA,6.9.47,Medium,No
A03385,cisco-meraki-3385,Cisco,Meraki,8.8.94,Medium,No
A03386,oracle-oracle-db-3386,Oracle,Oracle DB,7.9.1,Low,No
A03387,cisco-meraki-3387,Cisco,Meraki,6.4.13,High,No
A03388,vmware-esxi-3388,VMware,ESXi,2.9.52,High,No
A03389,cisco-meraki-3389,Cisco,Meraki,1.9.80,High,Yes
A03390,vmware-vcenter-3390,VMware,vCenter,5.6.76,Critical,No
A03391,vmware-esxi-3391,VMware,ESXi,6.9.81,Medium,Yes
A03392,linux-centos-3392,Linux,CentOS,5.2.94,Medium,No
A03393,vmware-esxi-3393,VMware,ESXi,1.7.62,Medium,No
A03394,linux-redhat-3394,Linux,RedHat,1.0.30,Low,No
A03395,oracle-oracle-db-3395,Oracle,Oracle DB,6.4.1,Critical,No
A03396,microsoft-exchange-server-3396,Microsoft,Exchange Server,7.4.56,High,No
A03397,vmware-vcenter-3397,VMware,vCenter,7.7.9,Medium,No
A03398,oracle-weblogic-3398,Oracle,WebLogic,1.9.63,High,No
A03399,linux-redhat-3399,Linux,RedHat,2.6.22,Medium,No
A03400,vmware-esxi-3400,VMware,ESXi,3.5.49,High,No
A03401,cisco-meraki-3401,Cisco,Meraki,2.4.41,Medium,Yes
A03402,cisco-meraki-3402,Cisco,Meraki,10.2.30,Low,No
A03403,microsoft-windows-server-3403,Microsoft,Windows Server,4.2.57,Medium,Yes
A03404,cisco-meraki-3404,Cisco,Meraki,6.6.78,High,Yes
A03405,apache-apache-http-server-3405,Apache,Apache HTTP Server,2.9.38,Medium,Yes
A03406,apache-tomcat-3406,Apache,Tomcat,7.0.41,Medium,No
A03407,oracle-oracle-db-3407,Oracle,Oracle DB,8.4.68,Critical,No
A03408,linux-centos-3408,Linux,CentOS,7.4.15,Medium,No
A03409,linux-redhat-3409,Linux,RedHat,1.5.82,Medium,Yes
A03410,cisco-asa-3410,Cisco,ASA,3.1.13,Critical,No
A03411,microsoft-windows-server-3411,Microsoft,Windows Server,10.9.87,Low,Yes
A03412,cisco-ios-xe-3412,Cisco,IOS XE,4.7.93,Medium,No
A03413,oracle-oracle-db-3413,Oracle,Oracle DB,1.0.86,Low,No
A03414,linux-redhat-3414,Linux,RedHat,6.1.15,Critical,No
A03415,vmware-esxi-3415,VMware,ESXi,7.2.48,Medium,No
A03416,vmware-vcenter-3416,VMware,vCenter,2.6.85,High,No
A03417,linux-ubuntu-3417,Linux,Ubuntu,2.5.24,Critical,No
A03418,microsoft-windows-server-3418,Microsoft,Windows Server,1.1.89,High,No
A03419,cisco-meraki-3419,Cisco,Meraki,7.4.20,Medium,No
A03420,oracle-oracle-db-3420,Oracle,Oracle DB,9.2.81,Medium,No
A03421,apache-apache-http-server-3421,Apache,Apache HTTP Server,5.2.56,Medium,Yes
A03422,cisco-meraki-3422,Cisco,Meraki,10.4.12,Medium,Yes
A03423,microsoft-exchange-server-3423,Microsoft,Exchange Server,7.1.38,Medium,No
A03424,cisco-asa-3424,Cisco,ASA,1.3.88,Medium,No
A03425,oracle-oracle-db-3425,Oracle,Oracle DB,10.1.6,Low,No
A03426,apache-apache-http-server-3426,Apache,Apache HTTP Server,6.6.21,High,Yes
A03427,apache-apache-http-server-3427,Apache,Apache HTTP Server,3.8.74,High,No
A03428,microsoft-windows-server-3428,Microsoft,Windows Server,2.3.31,Low,Yes
A03429,microsoft-exchange-server-3429,Microsoft,Exchange Server,3.4.81,Medium,Yes
A03430,microsoft-exchange-server-3430,Microsoft,Exchange Server,1.4.64,High,No
A03431,apache-tomcat-3431,Apache,Tomcat,1.9.39,Medium,No
A03432,microsoft-windows-server-3432,Microsoft,Windows Server,9.4.7,Medium,No
A03433,vmware-esxi-3433,VMware,ESXi,10.6.43,Critical,No
A03434,vmware-esxi-3434,VMware,ESXi,9.9.96,High,Yes
A03435,cisco-ios-xe-3435,Cisco,IOS XE,8.4.12,Medium,No
A03436,oracle-oracle-db-3436,Oracle,Oracle DB,4.4.77,Medium,No
A03437,cisco-ios-xe-3437,Cisco,IOS XE,2.3.57,Medium,Yes
A03438,vmware-esxi-3438,VMware,ESXi,5.2.81,Medium,No
A03439,apache-apache-http-server-3439,Apache,Apache HTTP Server,5.8.93,High,No
A03440,vmware-esxi-3440,VMware,ESXi,7.2.22,Medium,Yes
A03441,oracle-weblogic-3441,Oracle,WebLogic,10.2.90,Low,No
A03442,linux-redhat-3442,Linux,RedHat,10.4.24,Medium,No
A03443,oracle-weblogic-3443,Oracle,WebLogic,8.6.61,Medium,Yes
A03444,linux-centos-3444,Linux,CentOS,9.9.45,Medium,No
A03445,linux-ubuntu-3445,Linux,Ubuntu,5.4.18,Medium,No
A03446,oracle-oracle-db-3446,Oracle,Oracle DB,6.2.70,Low,No
A03447,vmware-esxi-3447,VMware,ESXi,4.5.58,Low,Yes
A03448,microsoft-sql-server-3448,Microsoft,SQL Server,1.3.88,Critical,No
A03449,microsoft-sql-server-3449,Microsoft,SQL Server,1.8.2,Medium,No
A03450,cisco-meraki-3450,Cisco,Meraki,3.1.13,High,No
A03451,linux-redhat-3451,Linux,RedHat,2.7.76,Medium,No
A03452,linux-ubuntu-3452,Linux,Ubuntu,2.4.97,Medium,No
A03453,apache-tomcat-3453,Apache,Tomcat,9.6.55,High,No
A03454,apache-tomcat-3454,Apache,Tomcat,9.8.58,Low,Yes
A03455,cisco-ios-xe-3455,Cisco,IOS XE,9.1.59,Medium,No
A03456,microsoft-exchange-server-3456,Microsoft,Exchange Server,4.6.55,High,Yes
A03457,vmware-vcenter-3457,VMware,vCenter,1.4.73,Medium,No
A03458,cisco-asa-3458,Cisco,ASA,1.4.90,High,No
A03459,vmware-vcenter-3459,VMware,vCenter,8.2.28,High,No
A03460,linux-ubuntu-3460,Linux,Ubuntu,8.1.79,High,No
A03461,linux-ubuntu-3461,Linux,Ubuntu,3.9.15,Medium,No
A03462,apache-apache-http-server-3462,Apache,Apache HTTP Server,9.9.86,Medium,No
A03463,vmware-esxi-3463,VMware,ESXi,10.0.48,Critical,No
A03464,apache-tomcat-3464,Apache,Tomcat,6.7.29,Low,No
A03465,linux-redhat-3465,Linux,RedHat,4.2.25,Medium,No
A03466,cisco-ios-xe-3466,Cisco,IOS XE,7.5.46,Low,Yes
A03467,microsoft-sql-server-3467,Microsoft,SQL Server,4.9.43,High,Yes
A03468,apache-apache-http-server-3468,Apache,Apache HTTP Server,8.4.0,Critical,Yes
A03469,linux-redhat-3469,Linux,RedHat,2.9.3,Medium,Yes
A03470,vmware-esxi-3470,VMware,ESXi,7.4.23,High,Yes
A03471,oracle-oracle-db-3471,Oracle,Oracle DB,5.4.68,Low,Yes
A03472,apache-apache-http-server-3472,Apache,Apache HTTP Server,6.3.3,Medium,Yes
A03473,microsoft-exchange-server-3473,Microsoft,Exchange Server,2.1.52,Medium,No
A03474,apache-apache-http-server-3474,Apache,Apache HTTP Server,10.3.19,Low,Yes
A03475,oracle-oracle-db-3475,Oracle,Oracle DB,4.8.1,Low,No
A03476,oracle-oracle-db-3476,Oracle,Oracle DB,8.9.91,High,Yes
A03477,apache-apache-http-server-3477,Apache,Apache HTTP Server,6.6.59,High,Yes
A03478,apache-apache-http-server-3478,Apache,Apache HTTP Server,9.3.45,High,No
A03479,apache-tomcat-3479,Apache,Tomcat,10.6.79,High,Yes
A03480,cisco-asa-3480,Cisco,ASA,5.3.68,Medium,No
A03481,vmware-esxi-3481,VMware,ESXi,1.4.89,Medium,No
A03482,cisco-ios-xe-3482,Cisco,IOS XE,2.7.67,Medium,No
A03483,oracle-oracle-db-3483,Oracle,Oracle DB,1.8.77,Low,No
A03484,cisco-ios-xe-3484,Cisco,IOS XE,2.3.85,Critical,No
A03485,vmware-vcenter-3485,VMware,vCenter,8.9.54,High,Yes
A03486,linux-centos-3486,Linux,CentOS,10.5.34,Medium,No
A03487,apache-apache-http-server-3487,Apache,Apache HTTP Server,4.2.6,Low,Yes
A03488,vmware-vcenter-3488,VMware,vCenter,9.0.97,Medium,No
A03489,cisco-meraki-3489,Cisco,Meraki,8.2.13,Critical,Yes
A03490,linux-redhat-3490,Linux,RedHat,10.5.57,Critical,No
A03491,vmware-esxi-3491,VMware,ESXi,4.6.4,Medium,No
A03492,microsoft-windows-server-3492,Microsoft,Windows Server,2.7.64,Medium,No
A03493,microsoft-sql-server-3493,Microsoft,SQL Server,10.9.20,Low,Yes
A03494,linux-redhat-3494,Linux,RedHat,3.1.8,Medium,No
A03495,oracle-weblogic-3495,Oracle,WebLogic,10.6.1,Medium,Yes
A03496,cisco-meraki-3496,Cisco,Meraki,9.0.43,Low,Yes
A03497,linux-redhat-3497,Linux,RedHat,5.9.8,Medium,No
A03498,linux-ubuntu-3498,Linux,Ubuntu,7.3.79,Low,No
A03499,cisco-meraki-3499,Cisco,Meraki,3.0.37,Low,No
A03500,linux-centos-3500,Linux,CentOS,4.2.44,High,No
A03501,microsoft-exchange-server-3501,Microsoft,Exchange Server,4.4.50,High,Yes
A03502,vmware-esxi-3502,VMware,ESXi,8.1.92,Critical,No
A03503,oracle-weblogic-3503,Oracle,WebLogic,7.4.83,Medium,Yes
A03504,linux-ubuntu-3504,Linux,Ubuntu,6.6.94,Critical,No
A03505,microsoft-windows-server-3505,Microsoft,Windows Server,1.3.65,Low,No
A03506,linux-ubuntu-3506,Linux,Ubuntu,3.1.95,High,No
A03507,microsoft-exchange-server-3507,Microsoft,Exchange Server,5.8.31,Low,Yes
A03508,linux-centos-3508,Linux,CentOS,5.0.24,Medium,No
A03509,vmware-esxi-3509,VMware,ESXi,5.6.84,Low,No
A03510,linux-centos-3510,Linux,CentOS,5.6.0,High,Yes
A03511,apache-apache-http-server-3511,Apache,Apache HTTP Server,6.2.34,Medium,No
A03512,linux-centos-3512,Linux,CentOS,8.6.82,High,Yes
A03513,oracle-weblogic-3513,Oracle,WebLogic,9.2.65,High,No
A03514,oracle-weblogic-3514,Oracle,WebLogic,9.0.16,High,No
A03515,microsoft-sql-server-3515,Microsoft,SQL Server,3.2.49,Critical,No
A03516,microsoft-windows-server-3516,Microsoft,Windows Server,9.9.70,High,No
A03517,linux-redhat-3517,Linux,RedHat,5.9.55,Critical,No
A03518,linux-redhat-3518,Linux,RedHat,6.8.39,Critical,No
A03519,microsoft-sql-server-3519,Microsoft,SQL Server,4.6.97,High,Yes
A03520,linux-centos-3520,Linux,CentOS,7.4.2,Medium,No
A03521,microsoft-windows-server-3521,Microsoft,Windows Server,1.5.64,Critical,No
A03522,vmware-vcenter-3522,VMware,vCenter,2.0.98,Medium,No
A03523,cisco-asa-3523,Cisco,ASA,5.9.24,Medium,No
A03524,vmware-vcenter-3524,VMware,vCenter,2.3.14,Medium,Yes
A03525,microsoft-windows-server-3525,Microsoft,Windows Server,4.4.45,High,No
A03526,cisco-meraki-3526,Cisco,Meraki,4.7.55,High,No
A03527,cisco-ios-xe-3527,Cisco,IOS XE,5.0.65,High,No
A03528,linux-redhat-3528,Linux,RedHat,10.8.24,Medium,No
A03529,microsoft-windows-server-3529,Microsoft,Windows Server,9.7.27,High,Yes
A03530,oracle-oracle-db-3530,Oracle,Oracle DB,8.1.51,Low,Yes
A03531,linux-redhat-3531,Linux,RedHat,9.6.46,Low,No
A03532,vmware-vcenter-3532,VMware,vCenter,6.6.28,High,Yes
A03533,microsoft-sql-server-3533,Microsoft,SQL Server,6.2.64,High,No
A03534,cisco-ios-xe-3534,Cisco,IOS XE,10.1.17,Medium,No
A03535,cisco-ios-xe-3535,Cisco,IOS XE,9.9.28,Medium,No
A03536,cisco-meraki-3536,Cisco,Meraki,9.4.59,Medium,Yes
A03537,microsoft-exchange-server-3537,Microsoft,Exchange Server,4.3.47,High,No
A03538,cisco-meraki-3538,Cisco,Meraki,5.6.51,Medium,No
A03539,oracle-oracle-db-3539,Oracle,Oracle DB,8.3.22,Low,No
A03540,linux-centos-3540,Linux,CentOS,8.0.82,Low,No
A03541,cisco-ios-xe-3541,Cisco,IOS XE,5.9.60,Low,No
A03542,microsoft-exchange-server-3542,Microsoft,Exchange Server,5.6.29,Critical,No
A03543,vmware-vcenter-3543,VMware,vCenter,10.0.82,Critical,Yes
A03544,oracle-oracle-db-3544,Oracle,Oracle DB,7.4.47,Critical,Yes
A03545,linux-centos-3545,Linux,CentOS,9.2.20,Medium,No
A03546,linux-redhat-3546,Linux,RedHat,9.6.40,Medium,Yes
A03547,apache-apache-http-server-3547,Apache,Apache HTTP Server,4.6.34,High,No
A03548,cisco-ios-xe-3548,Cisco,IOS XE,1.1.52,High,No
A03549,apache-tomcat-3549,Apache,Tomcat,10.2.26,Low,Yes
A03550,microsoft-exchange-server-3550,Microsoft,Exchange Server,8.1.75,Medium,No
A03551,microsoft-exchange-server-3551,Microsoft,Exchange Server,1.1.78,High,No
A03552,apache-tomcat-3552,Apache,Tomcat,1.1.83,Medium,No
A03553,vmware-esxi-3553,VMware,ESXi,4.1.98,High,Yes
A03554,cisco-meraki-3554,Cisco,Meraki,5.4.98,Medium,No
A03555,linux-centos-3555,Linux,CentOS,2.0.89,High,No
A03556,microsoft-sql-server-3556,Microsoft,SQL Server,10.1.93,Critical,No
A03557,apache-tomcat-3557,Apache,Tomcat,2.4.90,Critical,No
A03558,linux-ubuntu-3558,Linux,Ubuntu,9.5.27,Medium,No
A03559,linux-centos-3559,Linux,CentOS,3.9.94,Critical,No
A03560,linux-redhat-3560,Linux,RedHat,2.2.65,High,No
A03561,oracle-weblogic-3561,Oracle,WebLogic,6.4.93,Medium,Yes
A03562,oracle-weblogic-3562,Oracle,WebLogic,10.2.72,High,Yes
A03563,vmware-esxi-3563,VMware,ESXi,7.1.32,Critical,No
A03564,cisco-ios-xe-3564,Cisco,IOS XE,5.0.1,Medium,Yes
A03565,linux-centos-3565,Linux,CentOS,8.8.59,Medium,Yes
A03566,microsoft-exchange-server-3566,Microsoft,Exchange Server,3.6.49,High,No
A03567,apache-apache-http-server-3567,Apache,Apache HTTP Server,10.6.59,High,No
A03568,apache-tomcat-3568,Apache,Tomcat,6.4.79,Medium,No
A03569,oracle-oracle-db-3569,Oracle,Oracle DB,8.4.51,Medium,No
A03570,apache-apache-http-server-3570,Apache,Apache HTTP Server,1.5.34,Medium,No
A03571,cisco-asa-3571,Cisco,ASA,2.7.19,Low,Yes
A03572,vmware-esxi-3572,VMware,ESXi,8.7.9,Medium,Yes
A03573,cisco-asa-3573,Cisco,ASA,10.0.46,Critical,No
A03574,cisco-meraki-3574,Cisco,Meraki,7.0.96,High,No
A03575,linux-redhat-3575,Linux,RedHat,6.4.9,Low,No
A03576,cisco-meraki-3576,Cisco,Meraki,10.3.2,Medium,Yes
A03577,cisco-ios-xe-3577,Cisco,IOS XE,4.0.2,High,Yes
A03578,linux-ubuntu-3578,Linux,Ubuntu,3.0.58,Critical,Yes
A03579,oracle-weblogic-3579,Oracle,WebLogic,9.5.50,Critical,No
A03580,cisco-asa-3580,Cisco,ASA,3.2.2,Medium,No
A03581,vmware-vcenter-3581,VMware,vCenter,3.7.25,High,Yes
A03582,apache-apache-http-server-3582,Apache,Apache HTTP Server,7.9.97,Medium,No
A03583,cisco-asa-3583,Cisco,ASA,6.1.61,Critical,No
A03584,cisco-meraki-3584,Cisco,Meraki,6.2.83,Medium,No
A03585,linux-ubuntu-3585,Linux,Ubuntu,9.2.43,Medium,Yes
A03586,apache-apache-http-server-3586,Apache,Apache HTTP Server,4.0.19,Low,No
A03587,oracle-weblogic-3587,Oracle,WebLogic,3.3.34,Low,No
A03588,linux-ubuntu-3588,Linux,Ubuntu,3.1.10,Low,No
A03589,linux-centos-3589,Linux,CentOS,5.0.26,Low,Yes
A03590,oracle-oracle-db-3590,Oracle,Oracle DB,5.7.88,Low,No
A03591,apache-tomcat-3591,Apache,Tomcat,4.5.45,Medium,No
A03592,cisco-asa-3592,Cisco,ASA,10.6.44,Medium,No
A03593,oracle-weblogic-3593,Oracle,WebLogic,2.2.20,High,No
A03594,oracle-oracle-db-3594,Oracle,Oracle DB,10.9.66,High,No
A03595,apache-tomcat-3595,Apache,Tomcat,1.5.23,High,No
A03596,vmware-vcenter-3596,VMware,vCenter,8.0.61,High,No
A03597,linux-ubuntu-3597,Linux,Ubuntu,1.6.54,Medium,No
A03598,oracle-oracle-db-3598,Oracle,Oracle DB,1.0.47,Low,No
A03599,microsoft-sql-server-3599,Microsoft,SQL Server,5.2.71,Low,No
A03600,vmware-esxi-3600,VMware,ESXi,1.0.65,Low,Yes
A03601,apache-apache-http-server-3601,Apache,Apache HTTP Server,8.7.40,High,Yes
A03602,vmware-vcenter-3602,VMware,vCenter,9.2.55,High,No
A03603,apache-tomcat-3603,Apache,Tomcat,10.0.41,Low,Yes
A03604,oracle-oracle-db-3604,Oracle,Oracle DB,4.9.83,Low,Yes
A03605,apache-tomcat-3605,Apache,Tomcat,1.5.13,Low,No
A03606,microsoft-windows-server-3606,Microsoft,Windows Server,4.9.64,High,Yes
A03607,linux-ubuntu-3607,Linux,Ubuntu,5.4.82,Medium,No
A03608,vmware-vcenter-3608,VMware,vCenter,4.9.60,Low,No
A03609,oracle-oracle-db-3609,Oracle,Oracle DB,5.2.40,Medium,No
A03610,microsoft-sql-server-3610,Microsoft,SQL Server,8.1.56,Critical,No
A03611,linux-redhat-3611,Linux,RedHat,1.7.92,Critical,No
A03612,cisco-asa-3612,Cisco,ASA,6.2.81,Medium,Yes
A03613,microsoft-sql-server-3613,Microsoft,SQL Server,8.5.73,Low,Yes
A03614,oracle-weblogic-3614,Oracle,WebLogic,2.2.22,Critical,No
A03615,cisco-ios-xe-3615,Cisco,IOS XE,7.6.19,High,No
A03616,microsoft-sql-server-3616,Microsoft,SQL Server,7.9.67,Low,No
A03617,apache-tomcat-3617,Apache,Tomcat,6.6.29,Low,Yes
A03618,apache-tomcat-3618,Apache,Tomcat,4.0.80,High,Yes
A03619,microsoft-exchange-server-3619,Microsoft,Exchange Server,10.7.46,Critical,No
A03620,microsoft-exchange-server-3620,Microsoft,Exchange Server,7.6.88,Critical,Yes
A03621,linux-ubuntu-3621,Linux,Ubuntu,1.4.73,High,No
A03622,apache-apache-http-server-3622,Apache,Apache HTTP Server,6.7.10,Medium,No
A03623,microsoft-sql-server-3623,Microsoft,SQL Server,2.4.6,Low,No
A03624,linux-centos-3624,Linux,CentOS,5.6.82,Medium,Yes
A03625,vmware-vcenter-3625,VMware,vCenter,3.0.50,High,Yes
A03626,oracle-oracle-db-3626,Oracle,Oracle DB,5.1.33,High,No
A03627,oracle-oracle-db-3627,Oracle,Oracle DB,1.6.87,Medium,No
A03628,apache-apache-http-server-3628,Apache,Apache HTTP Server,9.5.51,Medium,Yes
A03629,linux-ubuntu-3629,Linux,Ubuntu,1.4.66,Medium,No
A03630,oracle-weblogic-3630,Oracle,WebLogic,1.2.86,Medium,No
A03631,oracle-oracle-db-3631,Oracle,Oracle DB,2.9.61,Low,Yes
A03632,linux-centos-3632,Linux,CentOS,9.7.45,High,Yes
A03633,linux-ubuntu-3633,Linux,Ubuntu,10.5.59,Critical,No
A03634,apache-apache-http-server-3634,Apache,Apache HTTP Server,8.3.40,Medium,No
A03635,linux-redhat-3635,Linux,RedHat,2.4.59,High,No
A03636,vmware-vcenter-3636,VMware,vCenter,4.7.36,Medium,No
A03637,vmware-vcenter-3637,VMware,vCenter,6.7.29,Medium,No
A03638,cisco-meraki-3638,Cisco,Meraki,9.2.58,Medium,No
A03639,linux-redhat-3639,Linux,RedHat,7.5.19,Medium,Yes
A03640,cisco-ios-xe-3640,Cisco,IOS XE,2.5.14,Critical,No
A03641,apache-tomcat-3641,Apache,Tomcat,4.1.92,Critical,Yes
A03642,oracle-oracle-db-3642,Oracle,Oracle DB,1.8.37,Critical,No
A03643,linux-redhat-3643,Linux,RedHat,5.4.54,Critical,No
A03644,apache-apache-http-server-3644,Apache,Apache HTTP Server,8.9.88,High,No
A03645,vmware-vcenter-3645,VMware,vCenter,9.4.14,High,No
A03646,cisco-asa-3646,Cisco,ASA,7.0.18,Critical,Yes
A03647,vmware-esxi-3647,VMware,ESXi,1.5.62,High,Yes
A03648,microsoft-exchange-server-3648,Microsoft,Exchange Server,4.2.76,Medium,No
A03649,microsoft-exchange-server-3649,Microsoft,Exchange Server,10.5.85,High,No
A03650,microsoft-sql-server-3650,Microsoft,SQL Server,4.7.32,High,No
A03651,oracle-weblogic-3651,Oracle,WebLogic,3.9.7,Medium,No
A03652,microsoft-sql-server-3652,Microsoft,SQL Server,9.9.91,Low,No
A03653,cisco-meraki-3653,Cisco,Meraki,5.9.95,High,No
A03654,oracle-weblogic-3654,Oracle,WebLogic,2.9.40,High,No
A03655,oracle-oracle-db-3655,Oracle,Oracle DB,5.3.11,Medium,No
A03656,cisco-meraki-3656,Cisco,Meraki,3.0.60,Low,Yes
A03657,cisco-asa-3657,Cisco,ASA,9.9.37,Low,Yes
A03658,linux-ubuntu-3658,Linux,Ubuntu,7.7.31,Medium,No
A03659,vmware-esxi-3659,VMware,ESXi,10.8.2,Critical,No
A03660,vmware-esxi-3660,VMware,ESXi,5.8.4,Low,No
A03661,microsoft-windows-server-3661,Microsoft,Windows Server,6.2.74,Medium,No
A03662,apache-tomcat-3662,Apache,Tomcat,8.6.17,High,No
A03663,oracle-oracle-db-3663,Oracle,Oracle DB,10.5.40,High,No
A03664,apache-tomcat-3664,Apache,Tomcat,3.5.66,Low,No
A03665,vmware-vcenter-3665,VMware,vCenter,9.8.59,High,No
A03666,apache-apache-http-server-3666,Apache,Apache HTTP Server,9.4.2,Critical,No
A03667,microsoft-windows-server-3667,Microsoft,Windows Server,9.6.7,Medium,No
A03668,linux-redhat-3668,Linux,RedHat,6.0.91,High,Yes
A03669,microsoft-exchange-server-3669,Microsoft,Exchange Server,10.8.52,Medium,Yes
A03670,vmware-esxi-3670,VMware,ESXi,8.7.45,Critical,Yes
A03671,linux-centos-3671,Linux,CentOS,8.3.66,Low,Yes
A03672,vmware-vcenter-3672,VMware,vCenter,2.7.65,Low,Yes
A03673,cisco-ios-xe-3673,Cisco,IOS XE,8.4.63,Critical,No
A03674,apache-tomcat-3674,Apache,Tomcat,2.4.11,High,No
A03675,linux-centos-3675,Linux,CentOS,2.6.4,Critical,No
A03676,linux-ubuntu-3676,Linux,Ubuntu,7.7.20,Critical,No
A03677,apache-tomcat-3677,Apache,Tomcat,7.2.71,Medium,No
A03678,apache-tomcat-3678,Apache,Tomcat,6.8.76,Critical,No
A03679,microsoft-exchange-server-3679,Microsoft,Exchange Server,2.5.26,Critical,Yes
A03680,linux-redhat-3680,Linux,RedHat,3.5.36,Critical,No
A03681,oracle-oracle-db-3681,Oracle,Oracle DB,3.2.60,Medium,No
A03682,microsoft-exchange-server-3682,Microsoft,Exchange Server,2.6.29,Medium,No
A03683,oracle-oracle-db-3683,Oracle,Oracle DB,5.7.51,High,Yes
A03684,microsoft-sql-server-3684,Microsoft,SQL Server,6.8.39,Critical,Yes
A03685,microsoft-sql-server-3685,Microsoft,SQL Server,8.9.5,High,No
A03686,linux-redhat-3686,Linux,RedHat,7.6.30,Low,No
A03687,apache-apache-http-server-3687,Apache,Apache HTTP Server,3.2.19,Low,No
A03688,cisco-meraki-3688,Cisco,Meraki,3.6.66,Critical,No
A03689,vmware-vcenter-3689,VMware,vCenter,3.3.76,High,No
A03690,vmware-esxi-3690,VMware,ESXi,2.5.26,Low,No
A03691,oracle-oracle-db-3691,Oracle,Oracle DB,6.0.33,Critical,Yes
A03692,cisco-asa-3692,Cisco,ASA,1.7.28,Medium,No
A03693,cisco-asa-3693,Cisco,ASA,6.7.80,Critical,No
A03694,linux-centos-3694,Linux,CentOS,8.7.11,Medium,No
A03695,linux-ubuntu-3695,Linux,Ubuntu,1.2.91,High,No
A03696,microsoft-windows-server-3696,Microsoft,Windows Server,2.8.82,Medium,No
A03697,linux-redhat-3697,Linux,RedHat,6.2.23,Medium,No
A03698,microsoft-sql-server-3698,Microsoft,SQL Server,3.4.29,High,No
A03699,apache-apache-http-server-3699,Apache,Apache HTTP Server,9.0.85,High,No
A03700,cisco-asa-3700,Cisco,ASA,7.8.20,Critical,Yes
A03701,vmware-esxi-3701,VMware,ESXi,3.5.42,High,No
A03702,vmware-vcenter-3702,VMware,vCenter,1.7.63,Critical,No
A03703,microsoft-windows-server-3703,Microsoft,Windows Server,9.4.30,High,No
A03704,microsoft-exchange-server-3704,Microsoft,Exchange Server,2.2.20,High,No
A03705,cisco-asa-3705,Cisco,ASA,3.0.32,Medium,No
A03706,vmware-esxi-3706,VMware,ESXi,3.0.16,Low,No
A03707,apache-tomcat-3707,Apache,Tomcat,6.3.93,High,Yes
A03708,microsoft-sql-server-3708,Microsoft,SQL Server,2.9.89,Medium,No
A03709,vmware-esxi-3709,VMware,ESXi,6.5.60,Medium,No
A03710,linux-redhat-3710,Linux,RedHat,10.0.68,Low,No
A03711,apache-tomcat-3711,Apache,Tomcat,10.7.2,Medium,No
A03712,cisco-meraki-3712,Cisco,Meraki,10.8.10,High,No
A03713,apache-tomcat-3713,Apache,Tomcat,9.8.92,Critical,No
A03714,microsoft-exchange-server-3714,Microsoft,Exchange Server,1.1.83,High,No
A03715,microsoft-sql-server-3715,Microsoft,SQL Server,10.8.18,Medium,Yes
A03716,linux-ubuntu-3716,Linux,Ubuntu,5.5.20,Medium,No
A03717,vmware-esxi-3717,VMware,ESXi,8.7.19,Medium,No
A03718,oracle-oracle-db-3718,Oracle,Oracle DB,6.0.85,Critical,Yes
A03719,microsoft-exchange-server-3719,Microsoft,Exchange Server,6.5.45,High,No
A03720,cisco-meraki-3720,Cisco,Meraki,5.6.0,Low,No
A03721,apache-tomcat-3721,Apache,Tomcat,7.3.61,High,No
A03722,oracle-oracle-db-3722,Oracle,Oracle DB,6.3.90,High,Yes
A03723,cisco-asa-3723,Cisco,ASA,4.0.49,High,No
A03724,cisco-ios-xe-3724,Cisco,IOS XE,8.4.21,High,No
A03725,apache-tomcat-3725,Apache,Tomcat,10.8.24,Low,Yes
A03726,microsoft-exchange-server-3726,Microsoft,Exchange Server,6.2.40,Critical,No
A03727,linux-centos-3727,Linux,CentOS,5.0.51,High,No
A03728,cisco-ios-xe-3728,Cisco,IOS XE,7.0.57,Critical,No
A03729,vmware-esxi-3729,VMware,ESXi,9.9.25,Low,Yes
A03730,linux-ubuntu-3730,Linux,Ubuntu,2.2.97,High,No
A03731,apache-tomcat-3731,Apache,Tomcat,5.5.40,Medium,No
A03732,cisco-asa-3732,Cisco,ASA,5.2.11,Medium,No
A03733,vmware-esxi-3733,VMware,ESXi,10.1.50,High,Yes
A03734,linux-ubuntu-3734,Linux,Ubuntu,10.1.16,Medium,No
A03735,microsoft-windows-server-3735,Microsoft,Windows Server,6.6.80,Medium,No
A03736,vmware-esxi-3736,VMware,ESXi,9.7.18,Medium,No
A03737,oracle-weblogic-3737,Oracle,WebLogic,2.1.55,High,No
A03738,oracle-oracle-db-3738,Oracle,Oracle DB,8.3.52,High,No
A03739,oracle-oracle-db-3739,Oracle,Oracle DB,2.5.3,Medium,No
A03740,apache-tomcat-3740,Apache,Tomcat,4.9.64,Critical,No
A03741,cisco-ios-xe-3741,Cisco,IOS XE,2.2.48,Critical,No
A03742,vmware-esxi-3742,VMware,ESXi,4.5.74,Critical,No
A03743,apache-tomcat-3743,Apache,Tomcat,2.7.45,High,No
A03744,oracle-weblogic-3744,Oracle,WebLogic,5.8.51,High,No
A03745,microsoft-windows-server-3745,Microsoft,Windows Server,4.9.99,High,No
A03746,linux-redhat-3746,Linux,RedHat,4.7.59,High,No
A03747,microsoft-windows-server-3747,Microsoft,Windows Server,6.0.19,High,No
A03748,cisco-asa-3748,Cisco,ASA,10.0.59,Medium,No
A03749,apache-apache-http-server-3749,Apache,Apache HTTP Server,7.2.36,High,No
A03750,apache-tomcat-3750,Apache,Tomcat,7.4.63,High,No
A03751,apache-tomcat-3751,Apache,Tomcat,1.5.66,Critical,No
A03752,linux-redhat-3752,Linux,RedHat,7.8.98,High,Yes
A03753,vmware-esxi-3753,VMware,ESXi,5.9.81,Medium,No
A03754,linux-ubuntu-3754,Linux,Ubuntu,2.7.34,High,Yes
A03755,apache-apache-http-server-3755,Apache,Apache HTTP Server,10.3.56,High,Yes
A03756,vmware-esxi-3756,VMware,ESXi,1.1.98,Low,No
A03757,oracle-weblogic-3757,Oracle,WebLogic,3.6.73,Medium,Yes
A03758,apache-tomcat-3758,Apache,Tomcat,2.2.93,Low,No
A03759,microsoft-windows-server-3759,Microsoft,Windows Server,5.4.62,High,No
A03760,microsoft-windows-server-3760,Microsoft,Windows Server,3.1.76,Medium,No
A03761,vmware-vcenter-3761,VMware,vCenter,5.7.46,Critical,No
A03762,cisco-asa-3762,Cisco,ASA,6.0.83,High,No
A03763,linux-centos-3763,Linux,CentOS,8.4.43,High,No
A03764,cisco-asa-3764,Cisco,ASA,9.0.54,Critical,No
A03765,oracle-weblogic-3765,Oracle,WebLogic,2.2.39,Medium,No
A03766,linux-ubuntu-3766,Linux,Ubuntu,8.9.4,Medium,No
A03767,oracle-oracle-db-3767,Oracle,Oracle DB,4.4.7,Medium,No
A03768,cisco-ios-xe-3768,Cisco,IOS XE,6.6.53,Low,Yes
A03769,vmware-esxi-3769,VMware,ESXi,4.6.63,Critical,Yes
A03770,microsoft-windows-server-3770,Microsoft,Windows Server,9.3.45,Critical,Yes
A03771,microsoft-exchange-server-3771,Microsoft,Exchange Server,1.4.28,Critical,No
A03772,microsoft-sql-server-3772,Microsoft,SQL Server,1.5.53,Low,No
A03773,vmware-esxi-3773,VMware,ESXi,7.7.18,Medium,No
A03774,oracle-oracle-db-3774,Oracle,Oracle DB,9.4.97,High,No
A03775,apache-apache-http-server-3775,Apache,Apache HTTP Server,9.1.42,Critical,No
A03776,vmware-vcenter-3776,VMware,vCenter,5.2.81,Medium,No
A03777,linux-centos-3777,Linux,CentOS,4.6.80,High,Yes
A03778,apache-apache-http-server-3778,Apache,Apache HTTP Server,2.0.44,Critical,No
A03779,apache-tomcat-3779,Apache,Tomcat,5.9.58,Medium,No
A03780,apache-tomcat-3780,Apache,Tomcat,6.6.35,High,No
A03781,apache-tomcat-3781,Apache,Tomcat,3.4.73,High,No
A03782,oracle-weblogic-3782,Oracle,WebLogic,8.5.45,Low,No
A03783,vmware-esxi-3783,VMware,ESXi,8.0.13,Medium,Yes
A03784,oracle-oracle-db-3784,Oracle,Oracle DB,5.9.21,Medium,Yes
A03785,vmware-vcenter-3785,VMware,vCenter,3.9.0,Medium,No
A03786,microsoft-sql-server-3786,Microsoft,SQL Server,10.9.47,Critical,No
A03787,microsoft-sql-server-3787,Microsoft,SQL Server,2.9.30,Medium,Yes
A03788,cisco-ios-xe-3788,Cisco,IOS XE,8.5.57,Medium,Yes
A03789,cisco-meraki-3789,Cisco,Meraki,9.3.85,High,No
A03790,oracle-weblogic-3790,Oracle,WebLogic,9.5.16,Critical,No
A03791,oracle-oracle-db-3791,Oracle,Oracle DB,1.0.72,Critical,No
A03792,cisco-asa-3792,Cisco,ASA,10.5.88,High,No
A03793,oracle-oracle-db-3793,Oracle,Oracle DB,5.5.93,High,No
A03794,oracle-oracle-db-3794,Oracle,Oracle DB,1.8.16,Low,No
A03795,oracle-weblogic-3795,Oracle,WebLogic,6.7.51,High,Yes
A03796,cisco-asa-3796,Cisco,ASA,5.3.60,Critical,No
A03797,apache-tomcat-3797,Apache,Tomcat,2.6.71,Low,No
A03798,apache-apache-http-server-3798,Apache,Apache HTTP Server,2.3.93,Low,Yes
A03799,cisco-asa-3799,Cisco,ASA,4.6.38,Low,Yes
A03800,oracle-oracle-db-3800,Oracle,Oracle DB,4.9.15,Low,No
A03801,oracle-weblogic-3801,Oracle,WebLogic,4.4.71,Medium,No
A03802,apache-apache-http-server-3802,Apache,Apache HTTP Server,4.4.63,Low,No
A03803,microsoft-windows-server-3803,Microsoft,Windows Server,8.5.96,High,No
A03804,vmware-esxi-3804,VMware,ESXi,6.2.71,Medium,No
A03805,apache-apache-http-server-3805,Apache,Apache HTTP Server,7.6.29,Critical,No
A03806,vmware-vcenter-3806,VMware,vCenter,10.3.96,Medium,Yes
A03807,apache-tomcat-3807,Apache,Tomcat,2.8.89,Low,Yes
A03808,cisco-meraki-3808,Cisco,Meraki,2.3.86,Low,No
A03809,vmware-esxi-3809,VMware,ESXi,1.5.31,Low,No
A03810,oracle-weblogic-3810,Oracle,WebLogic,2.6.39,Low,No
A03811,microsoft-exchange-server-3811,Microsoft,Exchange Server,10.1.88,Medium,No
A03812,cisco-asa-3812,Cisco,ASA,1.8.48,Medium,Yes
A03813,microsoft-windows-server-3813,Microsoft,Windows Server,6.2.59,Medium,No
A03814,apache-apache-http-server-3814,Apache,Apache HTTP Server,2.6.37,Medium,No
A03815,microsoft-sql-server-3815,Microsoft,SQL Server,1.6.21,High,No
A03816,apache-apache-http-server-3816,Apache,Apache HTTP Server,5.5.98,Low,Yes
A03817,microsoft-sql-server-3817,Microsoft,SQL Server,4.9.93,Low,No
A03818,vmware-esxi-3818,VMware,ESXi,6.7.32,High,No
A03819,vmware-vcenter-3819,VMware,vCenter,7.0.0,Low,Yes
A03820,vmware-vcenter-3820,VMware,vCenter,3.1.57,Low,No
A03821,cisco-asa-3821,Cisco,ASA,8.6.92,High,No
A03822,microsoft-exchange-server-3822,Microsoft,Exchange Server,6.4.29,Medium,No
A03823,microsoft-windows-server-3823,Microsoft,Windows Server,10.4.42,Medium,Yes
A03824,apache-apache-http-server-3824,Apache,Apache HTTP Server,4.7.20,Low,No
A03825,apache-tomcat-3825,Apache,Tomcat,8.3.3,Low,Yes
A03826,cisco-asa-3826,Cisco,ASA,1.1.90,Medium,No
A03827,oracle-weblogic-3827,Oracle,WebLogic,3.7.45,Low,No
A03828,vmware-vcenter-3828,VMware,vCenter,2.4.14,High,No
A03829,apache-tomcat-3829,Apache,Tomcat,1.3.4,Low,Yes
A03830,oracle-oracle-db-3830,Oracle,Oracle DB,3.3.32,High,No
A03831,apache-tomcat-3831,Apache,Tomcat,7.1.68,Critical,No
A03832,apache-tomcat-3832,Apache,Tomcat,10.4.90,High,No
A03833,oracle-weblogic-3833,Oracle,WebLogic,9.3.81,Medium,No
A03834,oracle-oracle-db-3834,Oracle,Oracle DB,9.8.4,High,No
A03835,vmware-esxi-3835,VMware,ESXi,7.9.61,Low,No
A03836,microsoft-exchange-server-3836,Microsoft,Exchange Server,6.5.52,Medium,No
A03837,vmware-vcenter-3837,VMware,vCenter,2.6.40,High,No
A03838,microsoft-exchange-server-3838,Microsoft,Exchange Server,4.3.78,Critical,Yes
A03839,vmware-vcenter-3839,VMware,vCenter,8.8.7,High,No
A03840,cisco-meraki-3840,Cisco,Meraki,3.3.7,High,No
A03841,microsoft-sql-server-3841,Microsoft,SQL Server,1.3.17,High,Yes
A03842,linux-ubuntu-3842,Linux,Ubuntu,8.5.32,Low,No
A03843,oracle-weblogic-3843,Oracle,WebLogic,2.7.15,Critical,Yes
A03844,cisco-ios-xe-3844,Cisco,IOS XE,10.8.21,Medium,No
A03845,cisco-asa-3845,Cisco,ASA,2.3.8,Low,Yes
A03846,vmware-vcenter-3846,VMware,vCenter,2.8.35,Critical,No
A03847,linux-redhat-3847,Linux,RedHat,2.0.68,Medium,No
A03848,linux-ubuntu-3848,Linux,Ubuntu,8.7.68,Critical,Yes
A03849,cisco-meraki-3849,Cisco,Meraki,7.8.98,High,Yes
A03850,microsoft-sql-server-3850,Microsoft,SQL Server,7.8.38,Critical,No
A03851,oracle-oracle-db-3851,Oracle,Oracle DB,7.1.87,Low,No
A03852,apache-tomcat-3852,Apache,Tomcat,8.3.25,Medium,No
A03853,vmware-esxi-3853,VMware,ESXi,8.0.52,Low,No
A03854,linux-redhat-3854,Linux,RedHat,3.3.71,Medium,No
A03855,cisco-meraki-3855,Cisco,Meraki,10.7.52,Medium,No
A03856,oracle-oracle-db-3856,Oracle,Oracle DB,8.0.29,Medium,No
A03857,oracle-oracle-db-3857,Oracle,Oracle DB,7.3.32,High,No
A03858,vmware-esxi-3858,VMware,ESXi,7.2.67,Low,No
A03859,cisco-asa-3859,Cisco,ASA,10.4.72,Critical,No
A03860,microsoft-exchange-server-3860,Microsoft,Exchange Server,5.2.96,High,Yes
A03861,vmware-esxi-3861,VMware,ESXi,1.8.78,Low,Yes
A03862,microsoft-windows-server-3862,Microsoft,Windows Server,7.4.11,High,Yes
A03863,vmware-vcenter-3863,VMware,vCenter,2.0.47,Low,No
A03864,linux-ubuntu-3864,Linux,Ubuntu,7.7.61,High,No
A03865,microsoft-exchange-server-3865,Microsoft,Exchange Server,7.1.33,Medium,Yes
A03866,oracle-oracle-db-3866,Oracle,Oracle DB,4.8.85,Low,No
A03867,apache-apache-http-server-3867,Apache,Apache HTTP Server,8.5.43,Medium,No
A03868,apache-tomcat-3868,Apache,Tomcat,9.4.25,High,No
A03869,microsoft-sql-server-3869,Microsoft,SQL Server,8.4.32,High,No
A03870,cisco-ios-xe-3870,Cisco,IOS XE,1.6.7,High,No
A03871,vmware-esxi-3871,VMware,ESXi,2.1.15,Medium,No
A03872,cisco-asa-3872,Cisco,ASA,3.0.98,Medium,No
A03873,vmware-vcenter-3873,VMware,vCenter,8.2.64,Low,No
A03874,oracle-weblogic-3874,Oracle,WebLogic,4.7.16,High,No
A03875,cisco-asa-3875,Cisco,ASA,3.1.73,Critical,No
A03876,apache-apache-http-server-3876,Apache,Apache HTTP Server,3.4.53,Critical,Yes
A03877,apache-tomcat-3877,Apache,Tomcat,4.0.71,Critical,No
A03878,oracle-weblogic-3878,Oracle,WebLogic,2.7.62,Medium,No
A03879,vmware-vcenter-3879,VMware,vCenter,8.3.6,Medium,No
A03880,linux-redhat-3880,Linux,RedHat,2.1.81,Critical,No
A03881,microsoft-exchange-server-3881,Microsoft,Exchange Server,2.6.26,Critical,Yes
A03882,apache-apache-http-server-3882,Apache,Apache HTTP Server,2.7.21,Critical,Yes
A03883,apache-apache-http-server-3883,Apache,Apache HTTP Server,1.3.65,Medium,Yes
A03884,cisco-asa-3884,Cisco,ASA,9.6.35,Critical,No
A03885,vmware-esxi-3885,VMware,ESXi,10.8.79,High,No
A03886,apache-apache-http-server-3886,Apache,Apache HTTP Server,2.3.8,Medium,Yes
A03887,oracle-weblogic-3887,Oracle,WebLogic,7.3.34,Medium,Yes
A03888,linux-centos-3888,Linux,CentOS,1.5.83,Medium,No
A03889,apache-tomcat-3889,Apache,Tomcat,2.2.89,Medium,No
A03890,vmware-esxi-3890,VMware,ESXi,9.2.71,Medium,Yes
A03891,cisco-asa-3891,Cisco,ASA,2.7.40,Low,No
A03892,cisco-ios-xe-3892,Cisco,IOS XE,6.2.60,Critical,Yes
A03893,apache-apache-http-server-3893,Apache,Apache HTTP Server,2.7.16,High,Yes
A03894,microsoft-sql-server-3894,Microsoft,SQL Server,7.1.76,Low,Yes
A03895,microsoft-sql-server-3895,Microsoft,SQL Server,10.2.21,Low,No
A03896,vmware-vcenter-3896,VMware,vCenter,9.3.69,High,No
A03897,vmware-vcenter-3897,VMware,vCenter,2.7.81,High,No
A03898,vmware-esxi-3898,VMware,ESXi,8.5.82,Critical,No
A03899,linux-centos-3899,Linux,CentOS,4.2.79,High,No
A03900,microsoft-exchange-server-3900,Microsoft,Exchange Server,1.0.34,Critical,No
A03901,apache-apache-http-server-3901,Apache,Apache HTTP Server,3.2.86,Critical,No
A03902,oracle-oracle-db-3902,Oracle,Oracle DB,10.4.7,Medium,Yes
A03903,vmware-vcenter-3903,VMware,vCenter,3.9.30,Medium,No
A03904,vmware-esxi-3904,VMware,ESXi,5.1.55,Critical,No
A03905,vmware-esxi-3905,VMware,ESXi,6.2.62,Medium,No
A03906,cisco-asa-3906,Cisco,ASA,10.9.19,Medium,No
A03907,vmware-vcenter-3907,VMware,vCenter,9.4.12,Critical,Yes
A03908,apache-apache-http-server-3908,Apache,Apache HTTP Server,7.1.5,Medium,Yes
A03909,vmware-vcenter-3909,VMware,vCenter,5.3.78,Medium,Yes
A03910,cisco-ios-xe-3910,Cisco,IOS XE,4.2.17,Medium,No
A03911,cisco-meraki-3911,Cisco,Meraki,6.2.68,Critical,No
A03912,linux-ubuntu-3912,Linux,Ubuntu,6.4.5,Medium,No
A03913,oracle-weblogic-3913,Oracle,WebLogic,7.0.95,High,No
A03914,apache-apache-http-server-3914,Apache,Apache HTTP Server,6.1.54,Critical,No
A03915,cisco-asa-3915,Cisco,ASA,10.8.71,Low,Yes
A03916,microsoft-windows-server-3916,Microsoft,Windows Server,4.4.63,High,No
A03917,apache-tomcat-3917,Apache,Tomcat,6.3.7,High,Yes
A03918,microsoft-windows-server-3918,Microsoft,Windows Server,3.1.38,High,No
A03919,microsoft-exchange-server-3919,Microsoft,Exchange Server,3.0.57,High,Yes
A03920,oracle-weblogic-3920,Oracle,WebLogic,9.2.27,Low,No
A03921,oracle-weblogic-3921,Oracle,WebLogic,7.7.6,Medium,No
A03922,oracle-oracle-db-3922,Oracle,Oracle DB,10.1.54,Medium,No
A03923,microsoft-windows-server-3923,Microsoft,Windows Server,10.0.76,High,No
A03924,microsoft-sql-server-3924,Microsoft,SQL Server,4.7.9,High,No
A03925,apache-tomcat-3925,Apache,Tomcat,10.4.41,Medium,No
A03926,apache-apache-http-server-3926,Apache,Apache HTTP Server,1.0.21,Medium,No
A03927,apache-apache-http-server-3927,Apache,Apache HTTP Server,2.5.65,High,Yes
A03928,microsoft-windows-server-3928,Microsoft,Windows Server,7.5.79,Low,Yes
A03929,oracle-weblogic-3929,Oracle,WebLogic,4.6.6,High,Yes
A03930,apache-tomcat-3930,Apache,Tomcat,2.4.81,Critical,No
A03931,cisco-meraki-3931,Cisco,Meraki,9.1.34,Medium,No
A03932,cisco-ios-xe-3932,Cisco,IOS XE,8.2.77,High,No
A03933,vmware-vcenter-3933,VMware,vCenter,4.7.3,High,No
A03934,oracle-oracle-db-3934,Oracle,Oracle DB,8.9.79,Low,No
A03935,apache-tomcat-3935,Apache,Tomcat,3.4.84,Medium,No
A03936,linux-redhat-3936,Linux,RedHat,7.8.30,High,No
A03937,oracle-oracle-db-3937,Oracle,Oracle DB,2.0.79,High,Yes
A03938,oracle-weblogic-3938,Oracle,WebLogic,7.2.76,Medium,Yes
A03939,linux-redhat-3939,Linux,RedHat,4.5.97,Medium,No
A03940,oracle-oracle-db-3940,Oracle,Oracle DB,3.3.40,High,Yes
A03941,apache-apache-http-server-3941,Apache,Apache HTTP Server,5.1.56,Critical,No
A03942,cisco-meraki-3942,Cisco,Meraki,7.0.17,Medium,No
A03943,microsoft-sql-server-3943,Microsoft,SQL Server,8.9.0,Critical,No
A03944,oracle-weblogic-3944,Oracle,WebLogic,8.5.81,High,No
A03945,cisco-asa-3945,Cisco,ASA,3.4.18,Medium,Yes
A03946,cisco-ios-xe-3946,Cisco,IOS XE,5.5.35,High,Yes
A03947,vmware-esxi-3947,VMware,ESXi,2.2.85,High,No
A03948,vmware-esxi-3948,VMware,ESXi,4.2.45,High,Yes
A03949,cisco-ios-xe-3949,Cisco,IOS XE,1.9.72,Low,No
A03950,apache-apache-http-server-3950,Apache,Apache HTTP Server,7.3.2,Critical,No
A03951,oracle-weblogic-3951,Oracle,WebLogic,3.4.99,Critical,No
A03952,cisco-meraki-3952,Cisco,Meraki,2.3.63,Medium,Yes
A03953,vmware-esxi-3953,VMware,ESXi,3.6.65,High,No
A03954,apache-apache-http-server-3954,Apache,Apache HTTP Server,5.9.73,Medium,No
A03955,cisco-asa-3955,Cisco,ASA,2.9.25,Critical,Yes
A03956,vmware-vcenter-3956,VMware,vCenter,10.4.15,Medium,No
A03957,linux-centos-3957,Linux,CentOS,6.4.9,Medium,No
A03958,vmware-esxi-3958,VMware,ESXi,6.3.65,High,Yes
A03959,linux-ubuntu-3959,Linux,Ubuntu,8.0.52,Medium,No
A03960,oracle-oracle-db-3960,Oracle,Oracle DB,2.4.43,High,Yes
A03961,apache-apache-http-server-3961,Apache,Apache HTTP Server,9.3.55,Low,Yes
A03962,linux-ubuntu-3962,Linux,Ubuntu,3.8.96,Low,No
A03963,linux-ubuntu-3963,Linux,Ubuntu,10.7.98,Medium,No
A03964,vmware-vcenter-3964,VMware,vCenter,6.8.34,High,Yes
A03965,vmware-vcenter-3965,VMware,vCenter,5.7.82,Critical,Yes
A03966,linux-redhat-3966,Linux,RedHat,9.0.9,High,Yes
A03967,oracle-oracle-db-3967,Oracle,Oracle DB,2.7.65,High,No
A03968,oracle-oracle-db-3968,Oracle,Oracle DB,10.2.35,Low,Yes
A03969,microsoft-windows-server-3969,Microsoft,Windows Server,4.1.97,Medium,No
A03970,oracle-weblogic-3970,Oracle,WebLogic,6.5.64,Low,No
A03971,cisco-ios-xe-3971,Cisco,IOS XE,9.7.15,Low,No
A03972,microsoft-windows-server-3972,Microsoft,Windows Server,6.1.15,Low,Yes
A03973,apache-apache-http-server-3973,Apache,Apache HTTP Server,5.7.6,Critical,No
A03974,vmware-vcenter-3974,VMware,vCenter,5.9.84,Medium,No
A03975,cisco-ios-xe-3975,Cisco,IOS XE,3.7.78,Low,No
A03976,microsoft-sql-server-3976,Microsoft,SQL Server,7.9.31,High,No
A03977,vmware-esxi-3977,VMware,ESXi,3.9.42,Medium,No
A03978,oracle-oracle-db-3978,Oracle,Oracle DB,6.5.13,Critical,No
A03979,oracle-oracle-db-3979,Oracle,Oracle DB,10.3.85,High,No
A03980,vmware-vcenter-3980,VMware,vCenter,3.5.11,Critical,No
A03981,linux-redhat-3981,Linux,RedHat,1.4.51,Medium,Yes
A03982,microsoft-sql-server-3982,Microsoft,SQL Server,4.5.30,Critical,No
A03983,linux-centos-3983,Linux,CentOS,9.9.90,Critical,No
A03984,linux-ubuntu-3984,Linux,Ubuntu,10.2.33,Medium,No
A03985,oracle-weblogic-3985,Oracle,WebLogic,5.0.56,Medium,No
A03986,oracle-weblogic-3986,Oracle,WebLogic,2.8.54,Medium,No
A03987,apache-apache-http-server-3987,Apache,Apache HTTP Server,1.3.70,Critical,Yes
A03988,cisco-asa-3988,Cisco,ASA,3.9.22,High,No
A03989,apache-apache-http-server-3989,Apache,Apache HTTP Server,5.8.64,High,No
A03990,linux-redhat-3990,Linux,RedHat,9.1.53,Low,Yes
A03991,linux-centos-3991,Linux,CentOS,2.9.28,High,No
A03992,microsoft-windows-server-3992,Microsoft,Windows Server,6.7.42,Low,No
A03993,oracle-weblogic-3993,Oracle,WebLogic,6.9.47,Medium,Yes
A03994,vmware-vcenter-3994,VMware,vCenter,9.1.89,High,No
A03995,vmware-esxi-3995,VMware,ESXi,6.4.75,Medium,No
A03996,cisco-ios-xe-3996,Cisco,IOS XE,9.8.48,Low,No
A03997,apache-apache-http-server-3997,Apache,Apache HTTP Server,2.4.86,Critical,No
A03998,cisco-ios-xe-3998,Cisco,IOS XE,9.8.90,Medium,Yes
A03999,oracle-oracle-db-3999,Oracle,Oracle DB,4.1.76,High,Yes
A04000,vmware-esxi-4000,VMware,ESXi,7.7.94,Low,Yes
A04001,microsoft-sql-server-4001,Microsoft,SQL Server,7.9.65,Medium,No
A04002,microsoft-exchange-server-4002,Microsoft,Exchange Server,5.7.60,Medium,Yes
A04003,cisco-ios-xe-4003,Cisco,IOS XE,4.4.8,Critical,Yes
A04004,oracle-weblogic-4004,Oracle,WebLogic,3.3.44,Low,No
A04005,cisco-asa-4005,Cisco,ASA,3.8.98,High,Yes
A04006,microsoft-windows-server-4006,Microsoft,Windows Server,3.9.95,High,Yes
A04007,microsoft-sql-server-4007,Microsoft,SQL Server,8.1.73,High,No
A04008,cisco-asa-4008,Cisco,ASA,6.4.97,High,No
A04009,apache-apache-http-server-4009,Apache,Apache HTTP Server,5.3.52,Medium,No
A04010,oracle-weblogic-4010,Oracle,WebLogic,7.8.29,Critical,Yes
A04011,oracle-weblogic-4011,Oracle,WebLogic,9.6.2,High,No
A04012,oracle-weblogic-4012,Oracle,WebLogic,6.6.27,High,No
A04013,apache-tomcat-4013,Apache,Tomcat,3.4.11,Low,No
A04014,microsoft-sql-server-4014,Microsoft,SQL Server,2.7.96,Low,No
A04015,linux-ubuntu-4015,Linux,Ubuntu,8.6.22,High,No
A04016,microsoft-sql-server-4016,Microsoft,SQL Server,2.3.88,Critical,No
A04017,vmware-esxi-4017,VMware,ESXi,1.8.55,Medium,No
A04018,apache-tomcat-4018,Apache,Tomcat,5.1.93,Medium,No
A04019,vmware-vcenter-4019,VMware,vCenter,2.0.28,Low,No
A04020,cisco-ios-xe-4020,Cisco,IOS XE,6.8.13,High,No
A04021,oracle-weblogic-4021,Oracle,WebLogic,5.2.0,Medium,No
A04022,linux-centos-4022,Linux,CentOS,5.7.11,Low,No
A04023,vmware-esxi-4023,VMware,ESXi,5.4.30,Medium,No
A04024,microsoft-exchange-server-4024,Microsoft,Exchange Server,3.3.68,High,No
A04025,cisco-meraki-4025,Cisco,Meraki,7.2.3,Low,No
A04026,microsoft-sql-server-4026,Microsoft,SQL Server,1.6.51,Medium,Yes
A04027,oracle-oracle-db-4027,Oracle,Oracle DB,4.1.20,High,Yes
A04028,microsoft-exchange-server-4028,Microsoft,Exchange Server,6.4.20,Medium,No
A04029,linux-centos-4029,Linux,CentOS,5.4.57,Medium,Yes
A04030,cisco-ios-xe-4030,Cisco,IOS XE,7.7.14,Medium,No
A04031,cisco-meraki-4031,Cisco,Meraki,3.4.31,Low,Yes
A04032,microsoft-exchange-server-4032,Microsoft,Exchange Server,3.7.53,High,No
A04033,cisco-meraki-4033,Cisco,Meraki,2.8.21,High,No
A04034,vmware-esxi-4034,VMware,ESXi,6.8.47,High,Yes
A04035,microsoft-sql-server-4035,Microsoft,SQL Server,7.2.50,Medium,No
A04036,microsoft-sql-server-4036,Microsoft,SQL Server,10.1.91,Critical,Yes
A04037,vmware-vcenter-4037,VMware,vCenter,1.5.76,Low,No
A04038,apache-tomcat-4038,Apache,Tomcat,3.9.41,High,No
A04039,microsoft-sql-server-4039,Microsoft,SQL Server,10.0.54,Critical,No
A04040,apache-apache-http-server-4040,Apache,Apache HTTP Server,1.1.73,Critical,Yes
A04041,linux-redhat-4041,Linux,RedHat,8.2.53,High,No
A04042,microsoft-windows-server-4042,Microsoft,Windows Server,7.5.61,Medium,Yes
A04043,cisco-meraki-4043,Cisco,Meraki,5.0.28,Critical,Yes
A04044,oracle-oracle-db-4044,Oracle,Oracle DB,3.6.75,Medium,Yes
A04045,apache-apache-http-server-4045,Apache,Apache HTTP Server,5.9.23,Low,Yes
A04046,cisco-ios-xe-4046,Cisco,IOS XE,5.5.82,Critical,No
A04047,cisco-ios-xe-4047,Cisco,IOS XE,3.7.16,Critical,No
A04048,cisco-meraki-4048,Cisco,Meraki,3.7.96,Low,No
A04049,oracle-weblogic-4049,Oracle,WebLogic,1.4.16,Critical,No
A04050,oracle-weblogic-4050,Oracle,WebLogic,1.1.76,High,No
A04051,linux-redhat-4051,Linux,RedHat,9.7.29,Medium,No
A04052,cisco-ios-xe-4052,Cisco,IOS XE,1.0.24,Medium,No
A04053,cisco-ios-xe-4053,Cisco,IOS XE,6.4.60,High,Yes
A04054,oracle-oracle-db-4054,Oracle,Oracle DB,1.5.52,High,No
A04055,oracle-weblogic-4055,Oracle,WebLogic,5.9.42,High,No
A04056,linux-redhat-4056,Linux,RedHat,4.8.8,Medium,No
A04057,vmware-vcenter-4057,VMware,vCenter,5.5.97,Critical,No
A04058,vmware-vcenter-4058,VMware,vCenter,6.8.69,Medium,No
A04059,linux-redhat-4059,Linux,RedHat,10.5.0,Low,No
A04060,apache-apache-http-server-4060,Apache,Apache HTTP Server,9.2.75,Medium,No
A04061,microsoft-exchange-server-4061,Microsoft,Exchange Server,3.7.44,Medium,No
A04062,cisco-ios-xe-4062,Cisco,IOS XE,9.7.33,Low,No
A04063,microsoft-windows-server-4063,Microsoft,Windows Server,9.1.37,Critical,Yes
A04064,cisco-meraki-4064,Cisco,Meraki,5.3.32,High,No
A04065,cisco-asa-4065,Cisco,ASA,2.3.33,Low,No
A04066,linux-redhat-4066,Linux,RedHat,8.2.9,High,No
A04067,cisco-meraki-4067,Cisco,Meraki,9.2.81,Medium,Yes
A04068,oracle-weblogic-4068,Oracle,WebLogic,3.8.90,High,Yes
A04069,apache-apache-http-server-4069,Apache,Apache HTTP Server,7.2.61,Medium,Yes
A04070,cisco-asa-4070,Cisco,ASA,8.8.2,Medium,Yes
A04071,vmware-vcenter-4071,VMware,vCenter,3.9.73,Medium,No
A04072,oracle-weblogic-4072,Oracle,WebLogic,5.8.85,Low,No
A04073,cisco-meraki-4073,Cisco,Meraki,6.6.3,Medium,Yes
A04074,vmware-vcenter-4074,VMware,vCenter,2.2.54,Low,No
A04075,cisco-meraki-4075,Cisco,Meraki,7.0.32,High,No
A04076,microsoft-sql-server-4076,Microsoft,SQL Server,8.7.28,Critical,No
A04077,cisco-ios-xe-4077,Cisco,IOS XE,10.6.86,Low,Yes
A04078,vmware-esxi-4078,VMware,ESXi,6.7.74,Low,No
A04079,apache-apache-http-server-4079,Apache,Apache HTTP Server,7.2.95,Critical,No
A04080,linux-centos-4080,Linux,CentOS,4.4.88,Medium,No
A04081,vmware-vcenter-4081,VMware,vCenter,6.9.2,Medium,No
A04082,apache-apache-http-server-4082,Apache,Apache HTTP Server,3.2.95,Low,No
A04083,microsoft-sql-server-4083,Microsoft,SQL Server,10.9.28,High,No
A04084,apache-tomcat-4084,Apache,Tomcat,8.8.42,High,No
A04085,cisco-asa-4085,Cisco,ASA,2.2.57,Critical,Yes
A04086,apache-tomcat-4086,Apache,Tomcat,8.4.74,High,No
A04087,linux-ubuntu-4087,Linux,Ubuntu,8.1.59,High,No
A04088,oracle-weblogic-4088,Oracle,WebLogic,3.3.10,Critical,No
A04089,apache-tomcat-4089,Apache,Tomcat,10.7.67,Low,No
A04090,vmware-esxi-4090,VMware,ESXi,1.5.69,Medium,Yes
A04091,cisco-ios-xe-4091,Cisco,IOS XE,3.2.40,Low,No
A04092,linux-centos-4092,Linux,CentOS,3.6.50,Medium,Yes
A04093,microsoft-windows-server-4093,Microsoft,Windows Server,9.3.33,Medium,No
A04094,cisco-meraki-4094,Cisco,Meraki,2.3.20,Low,No
A04095,linux-redhat-4095,Linux,RedHat,5.5.10,Medium,Yes
A04096,apache-apache-http-server-4096,Apache,Apache HTTP Server,10.0.91,Low,No
A04097,microsoft-windows-server-4097,Microsoft,Windows Server,9.6.99,Medium,No
A04098,oracle-weblogic-4098,Oracle,WebLogic,2.1.13,Medium,Yes
A04099,linux-redhat-4099,Linux,RedHat,3.3.88,Critical,No
A04100,apache-tomcat-4100,Apache,Tomcat,2.7.0,High,Yes
A04101,apache-apache-http-server-4101,Apache,Apache HTTP Server,8.8.20,High,No
A04102,linux-redhat-4102,Linux,RedHat,9.8.78,Critical,Yes
A04103,oracle-oracle-db-4103,Oracle,Oracle DB,8.2.34,Medium,No
A04104,oracle-oracle-db-4104,Oracle,Oracle DB,3.7.44,Medium,No
A04105,oracle-oracle-db-4105,Oracle,Oracle DB,8.7.98,High,No
A04106,oracle-weblogic-4106,Oracle,WebLogic,3.8.64,Low,No
A04107,oracle-oracle-db-4107,Oracle,Oracle DB,8.7.61,Critical,No
A04108,microsoft-sql-server-4108,Microsoft,SQL Server,3.8.22,Critical,No
A04109,cisco-asa-4109,Cisco,ASA,10.9.5,Medium,No
A04110,linux-ubuntu-4110,Linux,Ubuntu,1.1.54,Medium,No
A04111,microsoft-exchange-server-4111,Microsoft,Exchange Server,1.8.34,Low,No
A04112,linux-ubuntu-4112,Linux,Ubuntu,2.7.58,Critical,Yes
A04113,apache-apache-http-server-4113,Apache,Apache HTTP Server,4.3.77,High,Yes
A04114,apache-apache-http-server-4114,Apache,Apache HTTP Server,9.2.62,Medium,No
A04115,microsoft-windows-server-4115,Microsoft,Windows Server,1.0.31,Medium,Yes
A04116,cisco-meraki-4116,Cisco,Meraki,7.6.36,High,No
A04117,vmware-vcenter-4117,VMware,vCenter,8.8.8,Medium,Yes
A04118,vmware-vcenter-4118,VMware,vCenter,1.3.43,Low,No
A04119,cisco-asa-4119,Cisco,ASA,4.5.17,High,Yes
A04120,oracle-oracle-db-4120,Oracle,Oracle DB,5.9.56,Medium,No
A04121,apache-apache-http-server-4121,Apache,Apache HTTP Server,4.5.66,Critical,No
A04122,linux-ubuntu-4122,Linux,Ubuntu,7.7.92,Low,No
A04123,linux-centos-4123,Linux,CentOS,2.3.34,Critical,No
A04124,vmware-vcenter-4124,VMware,vCenter,9.5.92,High,No
A04125,cisco-ios-xe-4125,Cisco,IOS XE,7.6.26,High,No
A04126,apache-tomcat-4126,Apache,Tomcat,10.7.93,High,No
A04127,linux-redhat-4127,Linux,RedHat,6.6.56,Medium,No
A04128,vmware-vcenter-4128,VMware,vCenter,1.3.2,Critical,No
A04129,apache-tomcat-4129,Apache,Tomcat,7.5.2,Medium,Yes
A04130,vmware-vcenter-4130,VMware,vCenter,4.5.6,Low,No
A04131,apache-apache-http-server-4131,Apache,Apache HTTP Server,8.6.74,High,Yes
A04132,linux-ubuntu-4132,Linux,Ubuntu,7.5.64,Critical,No
A04133,cisco-meraki-4133,Cisco,Meraki,6.5.62,Critical,Yes
A04134,cisco-ios-xe-4134,Cisco,IOS XE,5.4.50,Medium,No
A04135,linux-centos-4135,Linux,CentOS,7.1.74,Medium,Yes
A04136,apache-tomcat-4136,Apache,Tomcat,6.4.96,High,No
A04137,vmware-vcenter-4137,VMware,vCenter,2.5.55,Critical,No
A04138,vmware-vcenter-4138,VMware,vCenter,2.5.47,Medium,No
A04139,linux-redhat-4139,Linux,RedHat,6.9.94,Low,Yes
A04140,vmware-esxi-4140,VMware,ESXi,2.1.95,High,Yes
A04141,apache-apache-http-server-4141,Apache,Apache HTTP Server,6.0.95,Medium,No
A04142,vmware-esxi-4142,VMware,ESXi,9.2.12,High,No
A04143,linux-ubuntu-4143,Linux,Ubuntu,8.0.57,High,Yes
A04144,microsoft-exchange-server-4144,Microsoft,Exchange Server,2.6.98,High,No
A04145,linux-centos-4145,Linux,CentOS,10.6.90,High,No
A04146,vmware-esxi-4146,VMware,ESXi,2.9.40,High,Yes
A04147,linux-redhat-4147,Linux,RedHat,8.5.23,Medium,Yes
A04148,oracle-weblogic-4148,Oracle,WebLogic,6.7.20,Critical,No
A04149,vmware-esxi-4149,VMware,ESXi,2.5.42,Medium,No
A04150,microsoft-exchange-server-4150,Microsoft,Exchange Server,2.9.32,High,No
A04151,apache-tomcat-4151,Apache,Tomcat,5.2.22,Low,No
A04152,vmware-vcenter-4152,VMware,vCenter,7.5.79,Critical,No
A04153,oracle-oracle-db-4153,Oracle,Oracle DB,7.0.28,Critical,No
A04154,linux-redhat-4154,Linux,RedHat,9.0.68,Medium,Yes
A04155,linux-redhat-4155,Linux,RedHat,5.7.8,High,No
A04156,vmware-esxi-4156,VMware,ESXi,5.6.89,High,Yes
A04157,microsoft-sql-server-4157,Microsoft,SQL Server,1.0.52,Critical,No
A04158,apache-apache-http-server-4158,Apache,Apache HTTP Server,2.6.75,High,No
A04159,apache-apache-http-server-4159,Apache,Apache HTTP Server,4.8.59,Medium,No
A04160,microsoft-sql-server-4160,Microsoft,SQL Server,2.5.12,High,No
A04161,vmware-esxi-4161,VMware,ESXi,4.4.63,High,No
A04162,microsoft-exchange-server-4162,Microsoft,Exchange Server,3.0.20,High,No
A04163,apache-tomcat-4163,Apache,Tomcat,6.8.23,Medium,Yes
A04164,oracle-oracle-db-4164,Oracle,Oracle DB,6.2.66,Medium,No
A04165,linux-redhat-4165,Linux,RedHat,4.5.62,Low,No
A04166,oracle-weblogic-4166,Oracle,WebLogic,6.7.49,High,Yes
A04167,vmware-vcenter-4167,VMware,vCenter,10.1.26,Critical,No
A04168,cisco-ios-xe-4168,Cisco,IOS XE,4.8.89,Low,Yes
A04169,oracle-oracle-db-4169,Oracle,Oracle DB,5.8.8,Low,No
A04170,apache-apache-http-server-4170,Apache,Apache HTTP Server,9.3.37,Medium,Yes
A04171,microsoft-windows-server-4171,Microsoft,Windows Server,10.1.78,Critical,No
A04172,microsoft-windows-server-4172,Microsoft,Windows Server,9.7.14,Low,No
A04173,oracle-oracle-db-4173,Oracle,Oracle DB,2.7.51,High,No
A04174,linux-centos-4174,Linux,CentOS,4.7.26,High,Yes
A04175,linux-centos-4175,Linux,CentOS,3.8.64,High,Yes
A04176,oracle-weblogic-4176,Oracle,WebLogic,1.9.47,Low,Yes
A04177,cisco-ios-xe-4177,Cisco,IOS XE,1.8.24,High,Yes
A04178,cisco-meraki-4178,Cisco,Meraki,10.7.28,Critical,No
A04179,linux-centos-4179,Linux,CentOS,3.6.98,High,No
A04180,linux-ubuntu-4180,Linux,Ubuntu,2.6.75,Low,No
A04181,oracle-weblogic-4181,Oracle,WebLogic,2.9.73,Critical,Yes
A04182,vmware-vcenter-4182,VMware,vCenter,9.3.74,High,Yes
A04183,cisco-meraki-4183,Cisco,Meraki,8.6.33,Medium,No
A04184,microsoft-windows-server-4184,Microsoft,Windows Server,7.3.62,Critical,Yes
A04185,oracle-weblogic-4185,Oracle,WebLogic,5.0.98,Low,No
A04186,apache-apache-http-server-4186,Apache,Apache HTTP Server,4.2.39,High,No
A04187,microsoft-sql-server-4187,Microsoft,SQL Server,10.7.47,Medium,Yes
A04188,linux-ubuntu-4188,Linux,Ubuntu,1.2.99,High,No
A04189,apache-tomcat-4189,Apache,Tomcat,4.3.21,Critical,No
A04190,cisco-asa-4190,Cisco,ASA,10.1.96,Medium,No
A04191,linux-centos-4191,Linux,CentOS,3.9.74,Medium,No
A04192,vmware-esxi-4192,VMware,ESXi,10.0.7,Medium,No
A04193,cisco-meraki-4193,Cisco,Meraki,4.0.17,High,Yes
A04194,apache-tomcat-4194,Apache,Tomcat,4.1.90,High,Yes
A04195,microsoft-exchange-server-4195,Microsoft,Exchange Server,7.8.46,Low,No
A04196,vmware-vcenter-4196,VMware,vCenter,3.1.87,High,No
A04197,oracle-oracle-db-4197,Oracle,Oracle DB,10.3.82,Medium,No
A04198,vmware-vcenter-4198,VMware,vCenter,7.2.26,Medium,No
A04199,apache-tomcat-4199,Apache,Tomcat,7.5.8,Low,Yes
A04200,cisco-asa-4200,Cisco,ASA,4.4.39,Medium,Yes
A04201,apache-tomcat-4201,Apache,Tomcat,7.3.55,Medium,No
A04202,oracle-oracle-db-4202,Oracle,Oracle DB,3.9.8,High,No
A04203,cisco-asa-4203,Cisco,ASA,3.1.87,High,No
A04204,microsoft-sql-server-4204,Microsoft,SQL Server,3.6.11,High,No
A04205,vmware-vcenter-4205,VMware,vCenter,5.2.30,Critical,No
A04206,oracle-oracle-db-4206,Oracle,Oracle DB,9.7.62,Critical,No
A04207,apache-tomcat-4207,Apache,Tomcat,9.7.73,Medium,No
A04208,apache-apache-http-server-4208,Apache,Apache HTTP Server,4.7.69,Medium,Yes
A04209,linux-redhat-4209,Linux,RedHat,7.9.61,Medium,No
A04210,oracle-oracle-db-4210,Oracle,Oracle DB,7.9.25,Low,No
A04211,vmware-esxi-4211,VMware,ESXi,1.4.52,Medium,No
A04212,apache-tomcat-4212,Apache,Tomcat,9.2.11,Medium,No
A04213,microsoft-windows-server-4213,Microsoft,Windows Server,5.0.16,Critical,Yes
A04214,oracle-oracle-db-4214,Oracle,Oracle DB,1.3.11,Low,No
A04215,microsoft-windows-server-4215,Microsoft,Windows Server,8.6.58,Medium,No
A04216,microsoft-windows-server-4216,Microsoft,Windows Server,6.2.75,Low,No
A04217,microsoft-sql-server-4217,Microsoft,SQL Server,4.7.28,High,Yes
A04218,cisco-asa-4218,Cisco,ASA,2.2.22,High,No
A04219,cisco-meraki-4219,Cisco,Meraki,4.4.59,Low,No
A04220,oracle-oracle-db-4220,Oracle,Oracle DB,10.6.52,Medium,No
A04221,oracle-oracle-db-4221,Oracle,Oracle DB,3.2.20,Critical,No
A04222,linux-redhat-4222,Linux,RedHat,2.0.32,Low,No
A04223,vmware-esxi-4223,VMware,ESXi,3.5.45,Critical,No
A04224,apache-apache-http-server-4224,Apache,Apache HTTP Server,10.0.85,High,No
A04225,vmware-esxi-4225,VMware,ESXi,2.1.31,Medium,Yes
A04226,microsoft-windows-server-4226,Microsoft,Windows Server,3.6.47,Low,No
A04227,apache-apache-http-server-4227,Apache,Apache HTTP Server,8.6.8,Medium,Yes
A04228,vmware-esxi-4228,VMware,ESXi,10.8.25,Low,No
A04229,cisco-meraki-4229,Cisco,Meraki,7.0.53,Low,No
A04230,vmware-esxi-4230,VMware,ESXi,10.3.75,Critical,No
A04231,linux-centos-4231,Linux,CentOS,9.0.25,Medium,No
A04232,microsoft-windows-server-4232,Microsoft,Windows Server,9.6.49,Critical,No
A04233,cisco-ios-xe-4233,Cisco,IOS XE,2.7.96,Critical,No
A04234,oracle-weblogic-4234,Oracle,WebLogic,7.8.69,Medium,No
A04235,oracle-weblogic-4235,Oracle,WebLogic,4.5.75,Low,Yes
A04236,linux-ubuntu-4236,Linux,Ubuntu,2.5.48,Medium,Yes
A04237,apache-tomcat-4237,Apache,Tomcat,6.0.62,Critical,No
A04238,apache-apache-http-server-4238,Apache,Apache HTTP Server,10.9.58,High,No
A04239,cisco-asa-4239,Cisco,ASA,7.5.4,High,No
A04240,oracle-oracle-db-4240,Oracle,Oracle DB,3.2.69,Critical,Yes
A04241,linux-redhat-4241,Linux,RedHat,9.2.68,Medium,Yes
A04242,linux-ubuntu-4242,Linux,Ubuntu,2.2.94,Low,No
A04243,microsoft-sql-server-4243,Microsoft,SQL Server,6.8.2,Low,Yes
A04244,linux-ubuntu-4244,Linux,Ubuntu,4.0.90,Medium,Yes
A04245,linux-ubuntu-4245,Linux,Ubuntu,2.6.55,Medium,No
A04246,vmware-esxi-4246,VMware,ESXi,8.3.64,Medium,No
A04247,cisco-asa-4247,Cisco,ASA,9.9.62,Medium,Yes
A04248,microsoft-sql-server-4248,Microsoft,SQL Server,1.1.0,Medium,Yes
A04249,oracle-weblogic-4249,Oracle,WebLogic,3.9.24,Medium,No
A04250,oracle-oracle-db-4250,Oracle,Oracle DB,4.4.20,Medium,No
A04251,vmware-esxi-4251,VMware,ESXi,4.5.38,High,Yes
A04252,linux-ubuntu-4252,Linux,Ubuntu,2.6.84,High,No
A04253,microsoft-windows-server-4253,Microsoft,Windows Server,6.9.4,Critical,No
A04254,cisco-asa-4254,Cisco,ASA,3.2.67,Low,No
A04255,vmware-esxi-4255,VMware,ESXi,7.3.17,High,No
A04256,microsoft-windows-server-4256,Microsoft,Windows Server,3.1.19,High,No
A04257,apache-apache-http-server-4257,Apache,Apache HTTP Server,7.6.2,High,No
A04258,microsoft-windows-server-4258,Microsoft,Windows Server,2.4.65,Medium,Yes
A04259,microsoft-windows-server-4259,Microsoft,Windows Server,5.4.79,Medium,No
A04260,apache-apache-http-server-4260,Apache,Apache HTTP Server,8.7.50,Low,No
A04261,vmware-esxi-4261,VMware,ESXi,3.0.7,High,No
A04262,apache-apache-http-server-4262,Apache,Apache HTTP Server,3.5.55,High,No
A04263,microsoft-exchange-server-4263,Microsoft,Exchange Server,10.9.88,Medium,No
A04264,cisco-asa-4264,Cisco,ASA,1.0.45,Medium,No
A04265,apache-tomcat-4265,Apache,Tomcat,6.8.6,Medium,Yes
A04266,cisco-asa-4266,Cisco,ASA,4.4.64,Critical,No
A04267,linux-redhat-4267,Linux,RedHat,7.7.91,Medium,No
A04268,oracle-oracle-db-4268,Oracle,Oracle DB,10.9.76,Low,No
A04269,linux-redhat-4269,Linux,RedHat,4.1.93,Low,No
A04270,apache-tomcat-4270,Apache,Tomcat,5.0.68,Low,Yes
A04271,vmware-vcenter-4271,VMware,vCenter,10.2.42,Low,Yes
A04272,apache-apache-http-server-4272,Apache,Apache HTTP Server,4.8.64,Critical,Yes
A04273,microsoft-windows-server-4273,Microsoft,Windows Server,3.3.18,Medium,Yes
A04274,vmware-esxi-4274,VMware,ESXi,3.7.68,High,Yes
A04275,linux-redhat-4275,Linux,RedHat,2.3.25,High,No
A04276,linux-redhat-4276,Linux,RedHat,10.4.36,Low,No
A04277,linux-redhat-4277,Linux,RedHat,1.7.44,Critical,Yes
A04278,vmware-vcenter-4278,VMware,vCenter,4.2.82,Low,No
A04279,microsoft-sql-server-4279,Microsoft,SQL Server,6.3.71,Medium,Yes
A04280,cisco-ios-xe-4280,Cisco,IOS XE,1.6.97,High,Yes
A04281,microsoft-windows-server-4281,Microsoft,Windows Server,10.8.8,Medium,No
A04282,vmware-esxi-4282,VMware,ESXi,6.0.26,Low,Yes
A04283,apache-tomcat-4283,Apache,Tomcat,9.0.96,High,No
A04284,linux-redhat-4284,Linux,RedHat,7.0.65,Medium,No
A04285,microsoft-sql-server-4285,Microsoft,SQL Server,4.8.50,High,No
A04286,apache-apache-http-server-4286,Apache,Apache HTTP Server,2.5.3,Critical,Yes
A04287,microsoft-windows-server-4287,Microsoft,Windows Server,5.9.53,Medium,No
A04288,vmware-esxi-4288,VMware,ESXi,4.6.6,High,No
A04289,oracle-weblogic-4289,Oracle,WebLogic,5.7.26,High,Yes
A04290,oracle-oracle-db-4290,Oracle,Oracle DB,10.6.67,Low,No
A04291,cisco-ios-xe-4291,Cisco,IOS XE,1.4.76,Low,No
A04292,microsoft-sql-server-4292,Microsoft,SQL Server,4.7.94,Medium,No
A04293,apache-apache-http-server-4293,Apache,Apache HTTP Server,2.9.21,High,No
A04294,cisco-meraki-4294,Cisco,Meraki,8.9.47,High,No
A04295,oracle-oracle-db-4295,Oracle,Oracle DB,6.1.27,Critical,No
A04296,microsoft-exchange-server-4296,Microsoft,Exchange Server,1.2.94,Critical,No
A04297,apache-apache-http-server-4297,Apache,Apache HTTP Server,5.3.51,High,Yes
A04298,microsoft-exchange-server-4298,Microsoft,Exchange Server,6.8.97,Low,No
A04299,vmware-esxi-4299,VMware,ESXi,8.1.96,Critical,Yes
A04300,linux-redhat-4300,Linux,RedHat,7.8.5,Medium,No
A04301,microsoft-windows-server-4301,Microsoft,Windows Server,2.0.67,Critical,Yes
A04302,oracle-weblogic-4302,Oracle,WebLogic,9.7.89,Medium,No
A04303,vmware-vcenter-4303,VMware,vCenter,5.7.35,High,No
A04304,vmware-vcenter-4304,VMware,vCenter,9.9.4,Medium,Yes
A04305,oracle-oracle-db-4305,Oracle,Oracle DB,1.4.17,Medium,No
A04306,microsoft-exchange-server-4306,Microsoft,Exchange Server,4.7.16,High,No
A04307,apache-apache-http-server-4307,Apache,Apache HTTP Server,9.3.74,Medium,No
A04308,microsoft-sql-server-4308,Microsoft,SQL Server,10.2.72,Low,No
A04309,oracle-weblogic-4309,Oracle,WebLogic,8.3.29,Low,No
A04310,vmware-vcenter-4310,VMware,vCenter,1.5.19,Medium,No
A04311,vmware-vcenter-4311,VMware,vCenter,4.0.92,Low,No
A04312,cisco-ios-xe-4312,Cisco,IOS XE,2.1.57,Medium,No
A04313,apache-apache-http-server-4313,Apache,Apache HTTP Server,6.0.16,High,No
A04314,apache-tomcat-4314,Apache,Tomcat,8.7.39,Low,Yes
A04315,oracle-weblogic-4315,Oracle,WebLogic,4.3.97,High,Yes
A04316,vmware-esxi-4316,VMware,ESXi,4.0.1,Medium,Yes
A04317,oracle-oracle-db-4317,Oracle,Oracle DB,1.9.29,Critical,No
A04318,oracle-oracle-db-4318,Oracle,Oracle DB,1.2.96,Critical,No
A04319,microsoft-windows-server-4319,Microsoft,Windows Server,6.2.72,Critical,No
A04320,microsoft-sql-server-4320,Microsoft,SQL Server,2.4.89,High,No
A04321,oracle-weblogic-4321,Oracle,WebLogic,3.1.30,Low,No
A04322,linux-ubuntu-4322,Linux,Ubuntu,2.1.25,Medium,Yes
A04323,apache-apache-http-server-4323,Apache,Apache HTTP Server,5.9.83,Critical,Yes
A04324,vmware-vcenter-4324,VMware,vCenter,5.1.12,Low,No
A04325,apache-tomcat-4325,Apache,Tomcat,8.3.98,Critical,No
A04326,oracle-oracle-db-4326,Oracle,Oracle DB,8.4.42,High,No
A04327,linux-ubuntu-4327,Linux,Ubuntu,10.6.84,Critical,No
A04328,oracle-weblogic-4328,Oracle,WebLogic,10.5.27,High,Yes
A04329,cisco-ios-xe-4329,Cisco,IOS XE,10.2.71,High,Yes
A04330,cisco-meraki-4330,Cisco,Meraki,1.3.78,High,Yes
A04331,oracle-oracle-db-4331,Oracle,Oracle DB,8.9.98,Low,No
A04332,apache-apache-http-server-4332,Apache,Apache HTTP Server,5.6.66,Medium,No
A04333,linux-redhat-4333,Linux,RedHat,2.1.95,Low,No
A04334,microsoft-windows-server-4334,Microsoft,Windows Server,2.4.77,Critical,Yes
A04335,cisco-meraki-4335,Cisco,Meraki,5.4.6,Low,No
A04336,vmware-vcenter-4336,VMware,vCenter,2.6.55,High,No
A04337,cisco-ios-xe-4337,Cisco,IOS XE,4.1.78,High,No
A04338,apache-apache-http-server-4338,Apache,Apache HTTP Server,9.9.80,Critical,Yes
A04339,oracle-oracle-db-4339,Oracle,Oracle DB,8.0.77,Low,Yes
A04340,cisco-ios-xe-4340,Cisco,IOS XE,4.2.30,Low,No
A04341,vmware-esxi-4341,VMware,ESXi,8.0.58,High,No
A04342,oracle-weblogic-4342,Oracle,WebLogic,5.5.71,Medium,No
A04343,linux-redhat-4343,Linux,RedHat,6.3.22,High,No
A04344,microsoft-windows-server-4344,Microsoft,Windows Server,8.3.34,Critical,No
A04345,oracle-oracle-db-4345,Oracle,Oracle DB,4.9.74,High,No
A04346,apache-apache-http-server-4346,Apache,Apache HTTP Server,6.7.58,Low,No
A04347,microsoft-exchange-server-4347,Microsoft,Exchange Server,1.0.2,Medium,Yes
A04348,apache-tomcat-4348,Apache,Tomcat,10.7.82,Medium,No
A04349,cisco-asa-4349,Cisco,ASA,7.9.86,Medium,No
A04350,cisco-asa-4350,Cisco,ASA,4.6.6,High,No
A04351,microsoft-exchange-server-4351,Microsoft,Exchange Server,1.4.90,Low,Yes
A04352,cisco-ios-xe-4352,Cisco,IOS XE,10.3.20,High,No
A04353,apache-apache-http-server-4353,Apache,Apache HTTP Server,5.3.50,High,No
A04354,microsoft-sql-server-4354,Microsoft,SQL Server,7.4.87,High,Yes
A04355,oracle-weblogic-4355,Oracle,WebLogic,2.6.54,High,No
A04356,apache-tomcat-4356,Apache,Tomcat,3.9.6,Medium,No
A04357,linux-redhat-4357,Linux,RedHat,6.6.3,Critical,No
A04358,microsoft-windows-server-4358,Microsoft,Windows Server,9.3.12,Low,No
A04359,vmware-esxi-4359,VMware,ESXi,1.7.81,High,No
A04360,cisco-ios-xe-4360,Cisco,IOS XE,4.1.71,Low,No
A04361,oracle-oracle-db-4361,Oracle,Oracle DB,2.4.5,Medium,No
A04362,apache-apache-http-server-4362,Apache,Apache HTTP Server,2.5.53,Medium,Yes
A04363,cisco-ios-xe-4363,Cisco,IOS XE,3.8.24,Low,No
A04364,oracle-weblogic-4364,Oracle,WebLogic,2.0.95,Low,Yes
A04365,microsoft-exchange-server-4365,Microsoft,Exchange Server,10.6.97,High,No
A04366,linux-ubuntu-4366,Linux,Ubuntu,9.2.17,Medium,Yes
A04367,microsoft-windows-server-4367,Microsoft,Windows Server,6.8.66,Critical,No
A04368,cisco-ios-xe-4368,Cisco,IOS XE,9.5.88,High,No
A04369,apache-tomcat-4369,Apache,Tomcat,9.1.20,High,No
A04370,cisco-asa-4370,Cisco,ASA,4.7.23,High,No
A04371,cisco-meraki-4371,Cisco,Meraki,6.9.73,Critical,No
A04372,linux-centos-4372,Linux,CentOS,4.3.90,High,No
A04373,vmware-vcenter-4373,VMware,vCenter,4.7.96,Critical,No
A04374,linux-centos-4374,Linux,CentOS,9.1.21,Medium,No
A04375,cisco-meraki-4375,Cisco,Meraki,10.5.5,Critical,No
A04376,vmware-vcenter-4376,VMware,vCenter,8.7.62,High,No
A04377,cisco-meraki-4377,Cisco,Meraki,7.3.67,Low,No
A04378,linux-ubuntu-4378,Linux,Ubuntu,5.0.35,Low,No
A04379,cisco-ios-xe-4379,Cisco,IOS XE,4.7.81,Medium,No
A04380,linux-centos-4380,Linux,CentOS,3.3.27,Medium,No
A04381,oracle-oracle-db-4381,Oracle,Oracle DB,7.2.48,Critical,No
A04382,oracle-oracle-db-4382,Oracle,Oracle DB,8.1.1,Critical,Yes
A04383,apache-tomcat-4383,Apache,Tomcat,1.5.71,Low,Yes
A04384,linux-ubuntu-4384,Linux,Ubuntu,3.8.98,Low,No
A04385,vmware-vcenter-4385,VMware,vCenter,8.0.75,Medium,Yes
A04386,vmware-vcenter-4386,VMware,vCenter,10.1.96,Low,No
A04387,apache-apache-http-server-4387,Apache,Apache HTTP Server,5.0.45,High,Yes
A04388,linux-centos-4388,Linux,CentOS,10.2.87,Critical,No
A04389,linux-ubuntu-4389,Linux,Ubuntu,1.6.95,Critical,Yes
A04390,cisco-ios-xe-4390,Cisco,IOS XE,8.4.80,Critical,Yes
A04391,cisco-meraki-4391,Cisco,Meraki,1.5.9,Low,No
A04392,microsoft-exchange-server-4392,Microsoft,Exchange Server,7.5.95,Medium,No
A04393,cisco-asa-4393,Cisco,ASA,9.7.19,Low,Yes
A04394,oracle-weblogic-4394,Oracle,WebLogic,3.6.81,High,Yes
A04395,oracle-oracle-db-4395,Oracle,Oracle DB,3.7.93,High,Yes
A04396,oracle-weblogic-4396,Oracle,WebLogic,10.1.90,High,No
A04397,vmware-vcenter-4397,VMware,vCenter,2.2.93,High,No
A04398,microsoft-sql-server-4398,Microsoft,SQL Server,3.6.4,High,Yes
A04399,microsoft-sql-server-4399,Microsoft,SQL Server,5.9.68,High,Yes
A04400,apache-apache-http-server-4400,Apache,Apache HTTP Server,5.9.69,Low,No
A04401,linux-ubuntu-4401,Linux,Ubuntu,2.7.78,Medium,No
A04402,vmware-vcenter-4402,VMware,vCenter,10.4.89,Medium,No
A04403,linux-centos-4403,Linux,CentOS,7.5.34,Low,No
A04404,microsoft-sql-server-4404,Microsoft,SQL Server,3.7.26,High,Yes
A04405,apache-tomcat-4405,Apache,Tomcat,7.4.80,Low,Yes
A04406,oracle-weblogic-4406,Oracle,WebLogic,2.5.53,Medium,No
A04407,apache-tomcat-4407,Apache,Tomcat,1.1.14,High,No
A04408,microsoft-windows-server-4408,Microsoft,Windows Server,3.1.81,Low,Yes
A04409,apache-apache-http-server-4409,Apache,Apache HTTP Server,10.0.84,High,No
A04410,vmware-vcenter-4410,VMware,vCenter,2.8.95,Medium,No
A04411,oracle-weblogic-4411,Oracle,WebLogic,2.7.64,Medium,No
A04412,vmware-esxi-4412,VMware,ESXi,6.4.6,Medium,No
A04413,linux-redhat-4413,Linux,RedHat,6.6.20,Medium,No
A04414,apache-apache-http-server-4414,Apache,Apache HTTP Server,9.5.97,Low,Yes
A04415,linux-ubuntu-4415,Linux,Ubuntu,9.6.50,Medium,No
A04416,oracle-weblogic-4416,Oracle,WebLogic,4.5.58,Low,No
A04417,cisco-ios-xe-4417,Cisco,IOS XE,10.0.70,Medium,Yes
A04418,vmware-vcenter-4418,VMware,vCenter,10.1.10,High,No
A04419,vmware-vcenter-4419,VMware,vCenter,9.4.40,Critical,Yes
A04420,microsoft-windows-server-4420,Microsoft,Windows Server,3.1.38,Medium,No
A04421,vmware-esxi-4421,VMware,ESXi,1.2.72,Medium,Yes
A04422,apache-tomcat-4422,Apache,Tomcat,2.3.20,High,Yes
A04423,oracle-weblogic-4423,Oracle,WebLogic,5.1.4,Low,No
A04424,vmware-esxi-4424,VMware,ESXi,1.6.55,Critical,Yes
A04425,vmware-esxi-4425,VMware,ESXi,5.2.5,Low,No
A04426,microsoft-exchange-server-4426,Microsoft,Exchange Server,4.1.25,High,No
A04427,linux-ubuntu-4427,Linux,Ubuntu,5.6.7,Critical,No
A04428,microsoft-windows-server-4428,Microsoft,Windows Server,5.3.74,Low,No
A04429,apache-tomcat-4429,Apache,Tomcat,6.5.19,High,No
A04430,linux-centos-4430,Linux,CentOS,2.5.28,Critical,Yes
A04431,cisco-meraki-4431,Cisco,Meraki,4.7.77,High,No
A04432,vmware-vcenter-4432,VMware,vCenter,6.2.66,Medium,No
A04433,linux-redhat-4433,Linux,RedHat,2.0.54,Critical,Yes
A04434,apache-tomcat-4434,Apache,Tomcat,2.8.88,Low,No
A04435,vmware-esxi-4435,VMware,ESXi,7.9.54,Medium,No
A04436,vmware-esxi-4436,VMware,ESXi,10.4.23,High,No
A04437,cisco-meraki-4437,Cisco,Meraki,9.6.84,Critical,Yes
A04438,cisco-ios-xe-4438,Cisco,IOS XE,9.4.23,Low,No
A04439,vmware-esxi-4439,VMware,ESXi,10.4.64,High,No
A04440,cisco-asa-4440,Cisco,ASA,5.3.28,Critical,No
A04441,vmware-esxi-4441,VMware,ESXi,3.9.17,High,No
A04442,cisco-ios-xe-4442,Cisco,IOS XE,4.2.3,Critical,No
A04443,apache-apache-http-server-4443,Apache,Apache HTTP Server,3.6.86,High,No
A04444,linux-ubuntu-4444,Linux,Ubuntu,4.6.49,High,No
A04445,linux-redhat-4445,Linux,RedHat,8.9.81,High,No
A04446,apache-apache-http-server-4446,Apache,Apache HTTP Server,8.0.85,Low,No
A04447,vmware-vcenter-4447,VMware,vCenter,6.8.9,Low,No
A04448,cisco-asa-4448,Cisco,ASA,2.0.81,Medium,No
A04449,linux-ubuntu-4449,Linux,Ubuntu,3.8.44,High,Yes
A04450,microsoft-sql-server-4450,Microsoft,SQL Server,9.8.24,Low,No
A04451,oracle-weblogic-4451,Oracle,WebLogic,7.0.55,Critical,No
A04452,linux-centos-4452,Linux,CentOS,3.2.67,Medium,No
A04453,cisco-ios-xe-4453,Cisco,IOS XE,8.9.69,High,Yes
A04454,microsoft-sql-server-4454,Microsoft,SQL Server,7.3.74,Low,No
A04455,linux-redhat-4455,Linux,RedHat,2.7.71,Critical,No
A04456,linux-ubuntu-4456,Linux,Ubuntu,4.4.19,Medium,No
A04457,vmware-vcenter-4457,VMware,vCenter,7.2.10,Medium,No
A04458,cisco-asa-4458,Cisco,ASA,8.7.25,Low,No
A04459,linux-ubuntu-4459,Linux,Ubuntu,5.0.30,Low,Yes
A04460,vmware-vcenter-4460,VMware,vCenter,8.2.79,Medium,Yes
A04461,apache-tomcat-4461,Apache,Tomcat,10.8.47,Critical,No
A04462,linux-centos-4462,Linux,CentOS,1.9.73,Low,No
A04463,linux-centos-4463,Linux,CentOS,4.0.64,Critical,No
A04464,vmware-esxi-4464,VMware,ESXi,9.1.52,Critical,No
A04465,vmware-esxi-4465,VMware,ESXi,6.2.42,High,No
A04466,linux-ubuntu-4466,Linux,Ubuntu,7.6.44,Low,No
A04467,linux-centos-4467,Linux,CentOS,8.6.7,Medium,No
A04468,oracle-oracle-db-4468,Oracle,Oracle DB,5.6.54,Low,No
A04469,cisco-meraki-4469,Cisco,Meraki,5.9.47,High,No
A04470,cisco-asa-4470,Cisco,ASA,10.0.75,Low,No
A04471,oracle-oracle-db-4471,Oracle,Oracle DB,5.2.46,Medium,Yes
A04472,vmware-vcenter-4472,VMware,vCenter,2.1.87,Medium,No
A04473,vmware-vcenter-4473,VMware,vCenter,7.7.53,Medium,Yes
A04474,cisco-meraki-4474,Cisco,Meraki,5.3.37,Medium,No
A04475,cisco-meraki-4475,Cisco,Meraki,4.5.92,Medium,Yes
A04476,cisco-ios-xe-4476,Cisco,IOS XE,8.4.54,Critical,No
A04477,apache-tomcat-4477,Apache,Tomcat,6.8.24,High,No
A04478,microsoft-windows-server-4478,Microsoft,Windows Server,3.2.61,Medium,No
A04479,linux-ubuntu-4479,Linux,Ubuntu,3.7.19,High,Yes
A04480,apache-apache-http-server-4480,Apache,Apache HTTP Server,6.7.49,Critical,Yes
A04481,linux-redhat-4481,Linux,RedHat,2.4.33,High,No
A04482,oracle-weblogic-4482,Oracle,WebLogic,3.6.31,Medium,No
A04483,linux-redhat-4483,Linux,RedHat,10.4.84,Critical,No
A04484,linux-ubuntu-4484,Linux,Ubuntu,10.0.11,Medium,Yes
A04485,cisco-asa-4485,Cisco,ASA,6.4.27,Medium,No
A04486,vmware-vcenter-4486,VMware,vCenter,2.8.52,Critical,No
A04487,linux-ubuntu-4487,Linux,Ubuntu,8.4.99,High,Yes
A04488,linux-centos-4488,Linux,CentOS,7.9.74,Medium,No
A04489,apache-apache-http-server-4489,Apache,Apache HTTP Server,7.8.80,High,No
A04490,vmware-esxi-4490,VMware,ESXi,6.5.13,Low,No
A04491,oracle-weblogic-4491,Oracle,WebLogic,8.4.72,High,Yes
A04492,vmware-esxi-4492,VMware,ESXi,2.6.53,High,No
A04493,cisco-ios-xe-4493,Cisco,IOS XE,4.7.81,High,No
A04494,vmware-esxi-4494,VMware,ESXi,5.1.60,Low,No
A04495,linux-ubuntu-4495,Linux,Ubuntu,5.3.41,Medium,No
A04496,vmware-esxi-4496,VMware,ESXi,4.7.82,High,No
A04497,apache-apache-http-server-4497,Apache,Apache HTTP Server,6.4.5,Medium,No
A04498,cisco-asa-4498,Cisco,ASA,8.0.68,High,No
A04499,microsoft-windows-server-4499,Microsoft,Windows Server,1.1.6,Medium,No
A04500,oracle-weblogic-4500,Oracle,WebLogic,9.9.74,Low,No
A04501,oracle-weblogic-4501,Oracle,WebLogic,1.6.65,High,No
A04502,apache-tomcat-4502,Apache,Tomcat,9.2.86,High,Yes
A04503,linux-redhat-4503,Linux,RedHat,10.1.52,Critical,No
A04504,cisco-ios-xe-4504,Cisco,IOS XE,5.7.42,Medium,No
A04505,oracle-oracle-db-4505,Oracle,Oracle DB,9.0.86,Medium,No
A04506,oracle-weblogic-4506,Oracle,WebLogic,1.5.97,Medium,No
A04507,linux-centos-4507,Linux,CentOS,8.1.23,Low,No
A04508,apache-tomcat-4508,Apache,Tomcat,3.6.62,Medium,No
A04509,oracle-oracle-db-4509,Oracle,Oracle DB,8.7.94,High,Yes
A04510,linux-redhat-4510,Linux,RedHat,4.1.32,High,No
A04511,linux-redhat-4511,Linux,RedHat,2.7.60,Low,No
A04512,cisco-meraki-4512,Cisco,Meraki,7.5.94,High,No
A04513,vmware-vcenter-4513,VMware,vCenter,6.6.6,Critical,No
A04514,oracle-weblogic-4514,Oracle,WebLogic,4.8.64,Critical,No
A04515,oracle-weblogic-4515,Oracle,WebLogic,10.5.9,Critical,No
A04516,linux-redhat-4516,Linux,RedHat,1.1.31,High,No
A04517,linux-centos-4517,Linux,CentOS,5.2.38,Medium,No
A04518,oracle-oracle-db-4518,Oracle,Oracle DB,4.8.62,Low,No
A04519,vmware-esxi-4519,VMware,ESXi,6.8.85,Medium,Yes
A04520,cisco-asa-4520,Cisco,ASA,1.6.15,Critical,No
A04521,apache-apache-http-server-4521,Apache,Apache HTTP Server,1.1.87,High,No
A04522,apache-apache-http-server-4522,Apache,Apache HTTP Server,8.8.74,High,No
A04523,apache-apache-http-server-4523,Apache,Apache HTTP Server,10.4.55,Medium,No
A04524,vmware-vcenter-4524,VMware,vCenter,5.8.48,Medium,No
A04525,linux-centos-4525,Linux,CentOS,9.8.38,Medium,No
A04526,cisco-meraki-4526,Cisco,Meraki,10.8.30,Critical,No
A04527,vmware-vcenter-4527,VMware,vCenter,2.4.40,Low,No
A04528,oracle-oracle-db-4528,Oracle,Oracle DB,3.6.61,Medium,No
A04529,vmware-vcenter-4529,VMware,vCenter,5.3.34,High,No
A04530,oracle-oracle-db-4530,Oracle,Oracle DB,3.1.13,Medium,No
A04531,vmware-vcenter-4531,VMware,vCenter,4.6.17,High,No
A04532,vmware-vcenter-4532,VMware,vCenter,9.5.91,Medium,No
A04533,microsoft-sql-server-4533,Microsoft,SQL Server,4.3.4,High,No
A04534,oracle-oracle-db-4534,Oracle,Oracle DB,4.9.0,Low,Yes
A04535,linux-redhat-4535,Linux,RedHat,4.0.48,Critical,No
A04536,linux-centos-4536,Linux,CentOS,2.0.32,Critical,No
A04537,cisco-asa-4537,Cisco,ASA,2.9.67,Critical,Yes
A04538,cisco-asa-4538,Cisco,ASA,2.9.17,Low,No
A04539,vmware-esxi-4539,VMware,ESXi,1.9.8,High,No
A04540,apache-apache-http-server-4540,Apache,Apache HTTP Server,5.5.88,High,No
A04541,oracle-oracle-db-4541,Oracle,Oracle DB,10.5.2,High,No
A04542,microsoft-exchange-server-4542,Microsoft,Exchange Server,1.8.20,High,No
A04543,apache-tomcat-4543,Apache,Tomcat,5.9.53,High,No
A04544,linux-redhat-4544,Linux,RedHat,4.4.81,Critical,No
A04545,linux-centos-4545,Linux,CentOS,2.6.72,Low,No
A04546,oracle-weblogic-4546,Oracle,WebLogic,3.2.39,Medium,No
A04547,cisco-meraki-4547,Cisco,Meraki,5.5.60,Low,No
A04548,apache-apache-http-server-4548,Apache,Apache HTTP Server,5.1.0,High,No
A04549,microsoft-windows-server-4549,Microsoft,Windows Server,1.3.17,Low,No
A04550,apache-apache-http-server-4550,Apache,Apache HTTP Server,3.5.0,Low,No
A04551,oracle-weblogic-4551,Oracle,WebLogic,7.3.66,Critical,Yes
A04552,oracle-oracle-db-4552,Oracle,Oracle DB,3.6.91,Medium,No
A04553,vmware-esxi-4553,VMware,ESXi,3.7.45,Medium,Yes
A04554,oracle-weblogic-4554,Oracle,WebLogic,5.9.51,Low,No
A04555,linux-redhat-4555,Linux,RedHat,10.0.87,High,No
A04556,apache-apache-http-server-4556,Apache,Apache HTTP Server,7.1.68,High,No
A04557,apache-apache-http-server-4557,Apache,Apache HTTP Server,9.9.75,Medium,No
A04558,linux-redhat-4558,Linux,RedHat,6.2.6,Critical,No
A04559,cisco-asa-4559,Cisco,ASA,4.7.19,Low,No
A04560,vmware-vcenter-4560,VMware,vCenter,5.6.1,Medium,Yes
A04561,microsoft-sql-server-4561,Microsoft,SQL Server,5.8.13,Critical,Yes
A04562,linux-ubuntu-4562,Linux,Ubuntu,6.9.71,Low,No
A04563,linux-ubuntu-4563,Linux,Ubuntu,6.3.64,Critical,Yes
A04564,microsoft-sql-server-4564,Microsoft,SQL Server,2.6.38,High,Yes
A04565,vmware-vcenter-4565,VMware,vCenter,5.7.14,Low,No
A04566,microsoft-windows-server-4566,Microsoft,Windows Server,9.4.98,Medium,Yes
A04567,linux-ubuntu-4567,Linux,Ubuntu,8.0.17,Critical,No
A04568,vmware-vcenter-4568,VMware,vCenter,9.5.37,High,No
A04569,oracle-weblogic-4569,Oracle,WebLogic,7.3.14,High,No
A04570,microsoft-windows-server-4570,Microsoft,Windows Server,2.0.81,Critical,No
A04571,linux-ubuntu-4571,Linux,Ubuntu,6.3.72,Medium,No
A04572,linux-ubuntu-4572,Linux,Ubuntu,9.3.17,Low,No
A04573,linux-redhat-4573,Linux,RedHat,6.3.35,Low,No
A04574,microsoft-windows-server-4574,Microsoft,Windows Server,3.1.55,High,Yes
A04575,vmware-vcenter-4575,VMware,vCenter,5.0.21,High,No
A04576,microsoft-exchange-server-4576,Microsoft,Exchange Server,3.0.3,Medium,No
A04577,cisco-meraki-4577,Cisco,Meraki,9.3.99,Medium,Yes
A04578,cisco-ios-xe-4578,Cisco,IOS XE,3.4.13,Critical,Yes
A04579,oracle-weblogic-4579,Oracle,WebLogic,2.3.31,High,No
A04580,vmware-vcenter-4580,VMware,vCenter,3.3.91,High,No
A04581,cisco-ios-xe-4581,Cisco,IOS XE,2.3.27,Low,No
A04582,cisco-meraki-4582,Cisco,Meraki,4.5.73,Low,No
A04583,oracle-oracle-db-4583,Oracle,Oracle DB,9.2.35,Critical,No
A04584,vmware-esxi-4584,VMware,ESXi,10.2.70,High,No
A04585,apache-apache-http-server-4585,Apache,Apache HTTP Server,7.6.62,Low,No
A04586,apache-apache-http-server-4586,Apache,Apache HTTP Server,9.2.21,High,No
A04587,vmware-vcenter-4587,VMware,vCenter,3.8.40,Medium,No
A04588,microsoft-windows-server-4588,Microsoft,Windows Server,1.5.72,Medium,No
A04589,oracle-weblogic-4589,Oracle,WebLogic,4.6.70,High,No
A04590,apache-tomcat-4590,Apache,Tomcat,4.1.97,Medium,No
A04591,vmware-vcenter-4591,VMware,vCenter,7.3.15,Critical,Yes
A04592,linux-redhat-4592,Linux,RedHat,7.3.44,Critical,Yes
A04593,oracle-weblogic-4593,Oracle,WebLogic,4.7.82,Critical,No
A04594,microsoft-exchange-server-4594,Microsoft,Exchange Server,5.8.45,Low,No
A04595,microsoft-exchange-server-4595,Microsoft,Exchange Server,3.8.96,High,No
A04596,apache-apache-http-server-4596,Apache,Apache HTTP Server,9.4.2,Low,No
A04597,apache-apache-http-server-4597,Apache,Apache HTTP Server,9.3.89,Critical,No
A04598,microsoft-sql-server-4598,Microsoft,SQL Server,1.3.63,High,No
A04599,microsoft-sql-server-4599,Microsoft,SQL Server,8.9.1,Critical,Yes
A04600,vmware-esxi-4600,VMware,ESXi,8.9.92,Low,No
A04601,apache-apache-http-server-4601,Apache,Apache HTTP Server,9.6.30,Medium,Yes
A04602,linux-redhat-4602,Linux,RedHat,10.0.15,Low,No
A04603,linux-ubuntu-4603,Linux,Ubuntu,5.9.65,High,No
A04604,apache-apache-http-server-4604,Apache,Apache HTTP Server,9.3.95,High,No
A04605,microsoft-windows-server-4605,Microsoft,Windows Server,6.9.67,Low,No
A04606,linux-centos-4606,Linux,CentOS,5.0.56,Critical,No
A04607,microsoft-exchange-server-4607,Microsoft,Exchange Server,8.3.34,High,Yes
A04608,cisco-asa-4608,Cisco,ASA,8.4.78,High,Yes
A04609,linux-redhat-4609,Linux,RedHat,10.7.6,Low,Yes
A04610,linux-ubuntu-4610,Linux,Ubuntu,5.8.62,High,No
A04611,apache-apache-http-server-4611,Apache,Apache HTTP Server,10.5.20,Medium,No
A04612,vmware-esxi-4612,VMware,ESXi,4.3.87,Critical,No
A04613,cisco-asa-4613,Cisco,ASA,4.6.92,Critical,No
A04614,cisco-ios-xe-4614,Cisco,IOS XE,3.3.1,Low,Yes
A04615,apache-apache-http-server-4615,Apache,Apache HTTP Server,7.9.13,Critical,No
A04616,oracle-oracle-db-4616,Oracle,Oracle DB,10.9.43,High,Yes
A04617,vmware-esxi-4617,VMware,ESXi,9.7.2,High,No
A04618,microsoft-windows-server-4618,Microsoft,Windows Server,10.2.2,Medium,Yes
A04619,linux-centos-4619,Linux,CentOS,2.0.87,High,Yes
A04620,apache-tomcat-4620,Apache,Tomcat,1.4.71,Critical,No
A04621,vmware-vcenter-4621,VMware,vCenter,5.5.73,Critical,Yes
A04622,cisco-asa-4622,Cisco,ASA,3.5.90,Medium,No
A04623,linux-centos-4623,Linux,CentOS,8.3.91,Low,No
A04624,cisco-asa-4624,Cisco,ASA,5.5.39,High,No
A04625,cisco-meraki-4625,Cisco,Meraki,3.4.66,Medium,No
A04626,linux-centos-4626,Linux,CentOS,7.9.50,High,Yes
A04627,microsoft-sql-server-4627,Microsoft,SQL Server,3.0.67,Low,No
A04628,linux-ubuntu-4628,Linux,Ubuntu,4.7.99,Critical,No
A04629,cisco-meraki-4629,Cisco,Meraki,8.7.29,Critical,No
A04630,oracle-weblogic-4630,Oracle,WebLogic,10.8.60,Medium,No
A04631,vmware-vcenter-4631,VMware,vCenter,3.9.2,Medium,Yes
A04632,microsoft-windows-server-4632,Microsoft,Windows Server,5.6.47,Critical,No
A04633,linux-redhat-4633,Linux,RedHat,3.5.11,Medium,No
A04634,oracle-oracle-db-4634,Oracle,Oracle DB,1.8.22,High,No
A04635,cisco-meraki-4635,Cisco,Meraki,10.4.75,Low,No
A04636,cisco-ios-xe-4636,Cisco,IOS XE,4.5.45,High,No
A04637,oracle-oracle-db-4637,Oracle,Oracle DB,4.5.27,Medium,No
A04638,apache-apache-http-server-4638,Apache,Apache HTTP Server,1.7.34,Medium,Yes
A04639,vmware-esxi-4639,VMware,ESXi,1.9.3,High,Yes
A04640,apache-tomcat-4640,Apache,Tomcat,7.8.2,Critical,Yes
A04641,linux-centos-4641,Linux,CentOS,5.5.95,Medium,No
A04642,oracle-oracle-db-4642,Oracle,Oracle DB,5.4.81,Medium,No
A04643,vmware-vcenter-4643,VMware,vCenter,2.2.42,High,No
A04644,linux-ubuntu-4644,Linux,Ubuntu,7.2.40,High,Yes
A04645,linux-centos-4645,Linux,CentOS,2.3.67,Medium,Yes
A04646,oracle-oracle-db-4646,Oracle,Oracle DB,4.8.51,Critical,Yes
A04647,apache-apache-http-server-4647,Apache,Apache HTTP Server,10.7.58,Medium,No
A04648,microsoft-windows-server-4648,Microsoft,Windows Server,6.8.64,Low,No
A04649,oracle-weblogic-4649,Oracle,WebLogic,5.8.46,High,No
A04650,microsoft-exchange-server-4650,Microsoft,Exchange Server,3.8.97,Medium,No
A04651,apache-tomcat-4651,Apache,Tomcat,6.6.54,Medium,No
A04652,apache-apache-http-server-4652,Apache,Apache HTTP Server,6.8.19,Medium,Yes
A04653,microsoft-windows-server-4653,Microsoft,Windows Server,3.1.36,Critical,Yes
A04654,oracle-weblogic-4654,Oracle,WebLogic,3.0.23,Critical,Yes
A04655,cisco-asa-4655,Cisco,ASA,7.5.97,Medium,No
A04656,apache-tomcat-4656,Apache,Tomcat,6.0.54,High,Yes
A04657,oracle-weblogic-4657,Oracle,WebLogic,9.9.9,Critical,Yes
A04658,vmware-vcenter-4658,VMware,vCenter,7.3.8,Low,Yes
A04659,cisco-meraki-4659,Cisco,Meraki,5.1.15,High,No
A04660,oracle-weblogic-4660,Oracle,WebLogic,7.6.8,Medium,No
A04661,linux-ubuntu-4661,Linux,Ubuntu,3.6.25,Low,Yes
A04662,linux-redhat-4662,Linux,RedHat,9.5.92,High,Yes
A04663,apache-apache-http-server-4663,Apache,Apache HTTP Server,10.3.29,High,Yes
A04664,vmware-esxi-4664,VMware,ESXi,4.1.78,Low,No
A04665,vmware-esxi-4665,VMware,ESXi,7.5.45,Low,No
A04666,microsoft-windows-server-4666,Microsoft,Windows Server,6.6.85,High,No
A04667,cisco-asa-4667,Cisco,ASA,1.2.0,High,No
A04668,apache-apache-http-server-4668,Apache,Apache HTTP Server,6.9.34,High,No
A04669,microsoft-windows-server-4669,Microsoft,Windows Server,4.5.66,High,No
A04670,apache-apache-http-server-4670,Apache,Apache HTTP Server,9.0.90,High,No
A04671,linux-centos-4671,Linux,CentOS,2.3.83,Medium,Yes
A04672,oracle-weblogic-4672,Oracle,WebLogic,10.7.8,Low,No
A04673,microsoft-exchange-server-4673,Microsoft,Exchange Server,3.7.21,High,Yes
A04674,apache-apache-http-server-4674,Apache,Apache HTTP Server,2.3.44,High,Yes
A04675,vmware-vcenter-4675,VMware,vCenter,10.8.64,High,No
A04676,oracle-oracle-db-4676,Oracle,Oracle DB,10.6.48,High,Yes
A04677,vmware-vcenter-4677,VMware,vCenter,6.8.39,Critical,Yes
A04678,cisco-asa-4678,Cisco,ASA,1.4.8,Critical,Yes
A04679,microsoft-exchange-server-4679,Microsoft,Exchange Server,1.4.48,Low,No
A04680,apache-tomcat-4680,Apache,Tomcat,7.9.92,High,No
A04681,apache-tomcat-4681,Apache,Tomcat,10.3.33,High,No
A04682,microsoft-sql-server-4682,Microsoft,SQL Server,8.0.55,Medium,No
A04683,linux-redhat-4683,Linux,RedHat,10.6.19,Low,Yes
A04684,apache-apache-http-server-4684,Apache,Apache HTTP Server,4.5.48,High,No
A04685,cisco-meraki-4685,Cisco,Meraki,7.5.47,High,Yes
A04686,oracle-oracle-db-4686,Oracle,Oracle DB,5.8.32,Medium,No
A04687,oracle-weblogic-4687,Oracle,WebLogic,1.2.58,Medium,No
A04688,cisco-meraki-4688,Cisco,Meraki,9.1.65,Low,Yes
A04689,microsoft-windows-server-4689,Microsoft,Windows Server,4.6.86,Medium,Yes
A04690,linux-redhat-4690,Linux,RedHat,2.7.78,Medium,Yes
A04691,linux-centos-4691,Linux,CentOS,6.4.40,Critical,Yes
A04692,linux-ubuntu-4692,Linux,Ubuntu,10.1.46,Critical,No
A04693,vmware-vcenter-4693,VMware,vCenter,2.8.98,High,Yes
A04694,apache-tomcat-4694,Apache,Tomcat,4.9.53,High,No
A04695,vmware-esxi-4695,VMware,ESXi,1.1.0,High,No
A04696,cisco-asa-4696,Cisco,ASA,10.7.4,High,Yes
A04697,apache-apache-http-server-4697,Apache,Apache HTTP Server,9.4.69,Low,No
A04698,apache-tomcat-4698,Apache,Tomcat,1.5.96,Medium,Yes
A04699,microsoft-exchange-server-4699,Microsoft,Exchange Server,6.6.71,Medium,No
A04700,vmware-esxi-4700,VMware,ESXi,3.0.42,Medium,No
A04701,linux-ubuntu-4701,Linux,Ubuntu,8.2.16,High,Yes
A04702,vmware-esxi-4702,VMware,ESXi,4.0.55,Medium,Yes
A04703,oracle-weblogic-4703,Oracle,WebLogic,8.6.71,Low,Yes
A04704,vmware-vcenter-4704,VMware,vCenter,9.2.14,Critical,No
A04705,linux-centos-4705,Linux,CentOS,8.5.51,High,No
A04706,microsoft-exchange-server-4706,Microsoft,Exchange Server,9.9.98,High,Yes
A04707,microsoft-sql-server-4707,Microsoft,SQL Server,9.0.58,High,No
A04708,oracle-weblogic-4708,Oracle,WebLogic,5.0.16,Critical,No
A04709,linux-redhat-4709,Linux,RedHat,6.3.78,Medium,No
A04710,apache-apache-http-server-4710,Apache,Apache HTTP Server,4.9.51,Medium,No
A04711,cisco-ios-xe-4711,Cisco,IOS XE,9.2.36,Medium,No
A04712,cisco-asa-4712,Cisco,ASA,9.5.12,Critical,No
A04713,cisco-asa-4713,Cisco,ASA,1.6.20,High,No
A04714,oracle-weblogic-4714,Oracle,WebLogic,2.3.15,High,Yes
A04715,vmware-vcenter-4715,VMware,vCenter,10.5.24,High,No
A04716,microsoft-exchange-server-4716,Microsoft,Exchange Server,1.3.95,Critical,Yes
A04717,oracle-oracle-db-4717,Oracle,Oracle DB,6.1.46,High,No
A04718,vmware-vcenter-4718,VMware,vCenter,10.8.46,High,No
A04719,vmware-esxi-4719,VMware,ESXi,6.9.23,Medium,No
A04720,apache-apache-http-server-4720,Apache,Apache HTTP Server,5.1.71,High,No
A04721,apache-apache-http-server-4721,Apache,Apache HTTP Server,4.4.88,Critical,No
A04722,oracle-weblogic-4722,Oracle,WebLogic,6.9.65,Medium,No
A04723,apache-apache-http-server-4723,Apache,Apache HTTP Server,5.2.84,High,No
A04724,vmware-esxi-4724,VMware,ESXi,5.6.67,Medium,No
A04725,cisco-asa-4725,Cisco,ASA,1.6.40,High,No
A04726,microsoft-sql-server-4726,Microsoft,SQL Server,7.9.22,Critical,Yes
A04727,microsoft-windows-server-4727,Microsoft,Windows Server,1.1.87,Critical,No
A04728,apache-apache-http-server-4728,Apache,Apache HTTP Server,9.6.86,High,No
A04729,microsoft-exchange-server-4729,Microsoft,Exchange Server,8.2.54,Critical,No
A04730,vmware-vcenter-4730,VMware,vCenter,5.3.70,Low,No
A04731,microsoft-windows-server-4731,Microsoft,Windows Server,3.3.87,Medium,Yes
A04732,linux-redhat-4732,Linux,RedHat,7.0.29,Critical,No
A04733,linux-redhat-4733,Linux,RedHat,9.3.30,Medium,No
A04734,microsoft-exchange-server-4734,Microsoft,Exchange Server,2.5.44,Medium,No
A04735,microsoft-exchange-server-4735,Microsoft,Exchange Server,9.8.33,High,No
A04736,vmware-esxi-4736,VMware,ESXi,1.5.93,Medium,No
A04737,apache-tomcat-4737,Apache,Tomcat,2.6.78,Medium,No
A04738,oracle-oracle-db-4738,Oracle,Oracle DB,2.3.60,High,No
A04739,linux-redhat-4739,Linux,RedHat,10.5.70,Low,Yes
A04740,cisco-ios-xe-4740,Cisco,IOS XE,5.7.70,Low,Yes
A04741,cisco-asa-4741,Cisco,ASA,6.7.67,Low,No
A04742,microsoft-windows-server-4742,Microsoft,Windows Server,2.1.57,Low,No
A04743,cisco-ios-xe-4743,Cisco,IOS XE,10.2.65,Low,No
A04744,microsoft-exchange-server-4744,Microsoft,Exchange Server,6.5.0,High,No
A04745,microsoft-sql-server-4745,Microsoft,SQL Server,6.4.3,Medium,Yes
A04746,apache-tomcat-4746,Apache,Tomcat,7.7.97,Critical,No
A04747,apache-tomcat-4747,Apache,Tomcat,6.0.30,Medium,No
A04748,linux-ubuntu-4748,Linux,Ubuntu,2.1.22,Low,No
A04749,oracle-weblogic-4749,Oracle,WebLogic,4.1.94,High,No
A04750,oracle-weblogic-4750,Oracle,WebLogic,6.1.60,High,No
A04751,oracle-weblogic-4751,Oracle,WebLogic,2.1.69,Low,No
A04752,vmware-esxi-4752,VMware,ESXi,6.9.11,Medium,No
A04753,vmware-esxi-4753,VMware,ESXi,5.5.26,Low,No
A04754,cisco-meraki-4754,Cisco,Meraki,7.5.85,Low,No
A04755,oracle-weblogic-4755,Oracle,WebLogic,9.8.70,Medium,No
A04756,apache-tomcat-4756,Apache,Tomcat,5.1.91,Medium,No
A04757,linux-redhat-4757,Linux,RedHat,5.0.61,High,No
A04758,oracle-oracle-db-4758,Oracle,Oracle DB,10.1.26,Low,No
A04759,apache-tomcat-4759,Apache,Tomcat,6.2.94,Low,No
A04760,oracle-oracle-db-4760,Oracle,Oracle DB,1.8.7,High,Yes
A04761,oracle-oracle-db-4761,Oracle,Oracle DB,9.8.64,Medium,No
A04762,vmware-esxi-4762,VMware,ESXi,1.8.72,Critical,No
A04763,vmware-esxi-4763,VMware,ESXi,4.2.61,Critical,No
A04764,vmware-esxi-4764,VMware,ESXi,2.2.13,Medium,Yes
A04765,microsoft-exchange-server-4765,Microsoft,Exchange Server,1.6.81,Low,No
A04766,vmware-vcenter-4766,VMware,vCenter,9.1.87,Critical,Yes
A04767,oracle-oracle-db-4767,Oracle,Oracle DB,1.2.59,Medium,No
A04768,oracle-weblogic-4768,Oracle,WebLogic,1.4.48,High,Yes
A04769,microsoft-windows-server-4769,Microsoft,Windows Server,6.5.35,High,No
A04770,vmware-vcenter-4770,VMware,vCenter,6.4.61,Medium,Yes
A04771,apache-tomcat-4771,Apache,Tomcat,1.9.66,Low,Yes
A04772,apache-tomcat-4772,Apache,Tomcat,1.0.65,Low,Yes
A04773,microsoft-windows-server-4773,Microsoft,Windows Server,10.8.8,Low,No
A04774,linux-ubuntu-4774,Linux,Ubuntu,3.9.41,Medium,No
A04775,linux-redhat-4775,Linux,RedHat,7.9.4,Critical,No
A04776,oracle-weblogic-4776,Oracle,WebLogic,8.7.98,Medium,Yes
A04777,cisco-ios-xe-4777,Cisco,IOS XE,8.4.17,Low,No
A04778,oracle-weblogic-4778,Oracle,WebLogic,9.9.51,Medium,Yes
A04779,apache-tomcat-4779,Apache,Tomcat,6.3.47,High,No
A04780,microsoft-windows-server-4780,Microsoft,Windows Server,7.9.4,Medium,No
A04781,vmware-vcenter-4781,VMware,vCenter,2.2.78,Medium,No
A04782,apache-tomcat-4782,Apache,Tomcat,2.8.21,Medium,No
A04783,oracle-weblogic-4783,Oracle,WebLogic,9.5.27,Medium,No
A04784,oracle-weblogic-4784,Oracle,WebLogic,7.9.11,Critical,No
A04785,apache-tomcat-4785,Apache,Tomcat,2.9.45,Critical,No
A04786,apache-tomcat-4786,Apache,Tomcat,2.3.9,Medium,Yes
A04787,apache-tomcat-4787,Apache,Tomcat,1.3.3,Low,No
A04788,oracle-oracle-db-4788,Oracle,Oracle DB,4.3.93,Critical,No
A04789,oracle-weblogic-4789,Oracle,WebLogic,3.8.14,Critical,No
A04790,apache-tomcat-4790,Apache,Tomcat,4.8.60,Low,No
A04791,linux-redhat-4791,Linux,RedHat,7.8.22,High,No
A04792,oracle-oracle-db-4792,Oracle,Oracle DB,10.8.34,Medium,Yes
A04793,apache-apache-http-server-4793,Apache,Apache HTTP Server,3.1.80,Medium,Yes
A04794,cisco-ios-xe-4794,Cisco,IOS XE,10.8.77,Medium,Yes
A04795,cisco-ios-xe-4795,Cisco,IOS XE,2.1.26,Critical,Yes
A04796,apache-tomcat-4796,Apache,Tomcat,9.3.21,High,No
A04797,apache-tomcat-4797,Apache,Tomcat,2.9.60,Medium,No
A04798,linux-ubuntu-4798,Linux,Ubuntu,9.0.42,Critical,No
A04799,vmware-esxi-4799,VMware,ESXi,10.7.87,High,No
A04800,vmware-esxi-4800,VMware,ESXi,8.0.9,Critical,Yes
A04801,apache-apache-http-server-4801,Apache,Apache HTTP Server,5.7.5,Medium,No
A04802,microsoft-windows-server-4802,Microsoft,Windows Server,2.4.12,Critical,No
A04803,vmware-esxi-4803,VMware,ESXi,7.7.63,High,No
A04804,apache-apache-http-server-4804,Apache,Apache HTTP Server,10.0.60,Low,No
A04805,linux-ubuntu-4805,Linux,Ubuntu,6.6.78,Medium,No
A04806,microsoft-windows-server-4806,Microsoft,Windows Server,2.4.22,Critical,No
A04807,oracle-weblogic-4807,Oracle,WebLogic,2.9.54,Critical,No
A04808,microsoft-windows-server-4808,Microsoft,Windows Server,7.4.82,Low,Yes
A04809,vmware-esxi-4809,VMware,ESXi,8.8.14,High,Yes
A04810,vmware-vcenter-4810,VMware,vCenter,7.8.27,Medium,No
A04811,apache-apache-http-server-4811,Apache,Apache HTTP Server,10.8.14,High,No
A04812,apache-tomcat-4812,Apache,Tomcat,10.0.20,Medium,No
A04813,oracle-oracle-db-4813,Oracle,Oracle DB,7.4.74,Medium,No
A04814,linux-ubuntu-4814,Linux,Ubuntu,1.5.65,Low,No
A04815,apache-tomcat-4815,Apache,Tomcat,2.1.67,Medium,No
A04816,vmware-vcenter-4816,VMware,vCenter,3.8.44,Critical,No
A04817,apache-apache-http-server-4817,Apache,Apache HTTP Server,9.7.48,High,No
A04818,linux-centos-4818,Linux,CentOS,9.9.74,Critical,No
A04819,vmware-esxi-4819,VMware,ESXi,5.2.62,Critical,Yes
A04820,oracle-weblogic-4820,Oracle,WebLogic,8.6.53,High,No
A04821,oracle-oracle-db-4821,Oracle,Oracle DB,7.5.6,Low,Yes
A04822,oracle-oracle-db-4822,Oracle,Oracle DB,6.4.78,High,Yes
A04823,linux-ubuntu-4823,Linux,Ubuntu,2.1.64,High,Yes
A04824,oracle-oracle-db-4824,Oracle,Oracle DB,3.4.53,High,Yes
A04825,oracle-weblogic-4825,Oracle,WebLogic,10.6.29,Medium,No
A04826,vmware-esxi-4826,VMware,ESXi,7.9.61,Low,Yes
A04827,linux-ubuntu-4827,Linux,Ubuntu,4.5.38,High,Yes
A04828,cisco-meraki-4828,Cisco,Meraki,8.9.73,Critical,Yes
A04829,vmware-vcenter-4829,VMware,vCenter,7.9.51,High,Yes
A04830,oracle-oracle-db-4830,Oracle,Oracle DB,9.0.51,Low,No
A04831,linux-ubuntu-4831,Linux,Ubuntu,9.7.55,High,No
A04832,vmware-vcenter-4832,VMware,vCenter,10.5.9,High,Yes
A04833,microsoft-windows-server-4833,Microsoft,Windows Server,10.7.83,Low,Yes
A04834,cisco-meraki-4834,Cisco,Meraki,1.5.58,Critical,Yes
A04835,cisco-meraki-4835,Cisco,Meraki,8.0.78,Low,No
A04836,apache-tomcat-4836,Apache,Tomcat,8.6.98,Low,No
A04837,oracle-oracle-db-4837,Oracle,Oracle DB,1.8.90,Critical,No
A04838,vmware-vcenter-4838,VMware,vCenter,3.5.17,Medium,Yes
A04839,cisco-ios-xe-4839,Cisco,IOS XE,1.6.4,High,No
A04840,vmware-vcenter-4840,VMware,vCenter,7.3.64,Medium,No
A04841,vmware-esxi-4841,VMware,ESXi,7.1.11,High,No
A04842,microsoft-exchange-server-4842,Microsoft,Exchange Server,8.5.23,Low,No
A04843,linux-centos-4843,Linux,CentOS,5.6.98,High,Yes
A04844,vmware-vcenter-4844,VMware,vCenter,8.4.34,Low,No
A04845,cisco-meraki-4845,Cisco,Meraki,1.5.36,Medium,No
A04846,oracle-weblogic-4846,Oracle,WebLogic,7.1.10,Low,No
A04847,cisco-meraki-4847,Cisco,Meraki,1.4.4,Critical,Yes
A04848,vmware-vcenter-4848,VMware,vCenter,5.6.93,High,Yes
A04849,apache-apache-http-server-4849,Apache,Apache HTTP Server,1.4.77,Low,Yes
A04850,apache-apache-http-server-4850,Apache,Apache HTTP Server,3.0.40,Critical,No
A04851,apache-tomcat-4851,Apache,Tomcat,5.9.41,High,Yes
A04852,vmware-vcenter-4852,VMware,vCenter,5.4.74,Medium,No
A04853,cisco-ios-xe-4853,Cisco,IOS XE,6.3.94,Low,No
A04854,cisco-meraki-4854,Cisco,Meraki,8.7.97,High,No
A04855,oracle-oracle-db-4855,Oracle,Oracle DB,7.2.34,High,No
A04856,vmware-vcenter-4856,VMware,vCenter,5.0.58,Medium,No
A04857,apache-apache-http-server-4857,Apache,Apache HTTP Server,5.7.48,Medium,Yes
A04858,vmware-vcenter-4858,VMware,vCenter,4.4.73,Medium,No
A04859,linux-ubuntu-4859,Linux,Ubuntu,6.1.21,Medium,Yes
A04860,cisco-asa-4860,Cisco,ASA,7.9.55,Medium,No
A04861,microsoft-exchange-server-4861,Microsoft,Exchange Server,8.6.6,Low,No
A04862,microsoft-windows-server-4862,Microsoft,Windows Server,4.1.54,High,No
A04863,apache-apache-http-server-4863,Apache,Apache HTTP Server,4.8.23,High,No
A04864,oracle-weblogic-4864,Oracle,WebLogic,5.2.38,High,No
A04865,microsoft-sql-server-4865,Microsoft,SQL Server,8.1.9,High,No
A04866,apache-tomcat-4866,Apache,Tomcat,9.7.29,High,No
A04867,apache-tomcat-4867,Apache,Tomcat,2.7.1,Low,No
A04868,microsoft-sql-server-4868,Microsoft,SQL Server,10.2.87,Low,No
A04869,microsoft-exchange-server-4869,Microsoft,Exchange Server,2.1.22,Critical,No
A04870,microsoft-sql-server-4870,Microsoft,SQL Server,6.6.35,Medium,No
A04871,linux-centos-4871,Linux,CentOS,3.6.76,Critical,No
A04872,microsoft-exchange-server-4872,Microsoft,Exchange Server,1.2.29,High,No
A04873,microsoft-sql-server-4873,Microsoft,SQL Server,1.7.36,Medium,Yes
A04874,vmware-esxi-4874,VMware,ESXi,1.0.12,Medium,No
A04875,linux-ubuntu-4875,Linux,Ubuntu,4.9.86,Critical,No
A04876,microsoft-windows-server-4876,Microsoft,Windows Server,3.0.90,Critical,Yes
A04877,cisco-meraki-4877,Cisco,Meraki,7.9.33,Critical,No
A04878,apache-tomcat-4878,Apache,Tomcat,3.9.49,Medium,No
A04879,apache-apache-http-server-4879,Apache,Apache HTTP Server,9.2.47,Critical,No
A04880,vmware-esxi-4880,VMware,ESXi,8.9.36,Critical,No
A04881,linux-centos-4881,Linux,CentOS,5.0.80,Critical,No
A04882,apache-tomcat-4882,Apache,Tomcat,4.7.96,Medium,No
A04883,cisco-asa-4883,Cisco,ASA,6.6.16,Medium,No
A04884,cisco-ios-xe-4884,Cisco,IOS XE,5.5.92,High,Yes
A04885,vmware-esxi-4885,VMware,ESXi,3.6.5,Medium,Yes
A04886,apache-tomcat-4886,Apache,Tomcat,3.6.82,Medium,Yes
A04887,microsoft-exchange-server-4887,Microsoft,Exchange Server,2.4.64,High,No
A04888,vmware-esxi-4888,VMware,ESXi,6.5.43,High,Yes
A04889,microsoft-sql-server-4889,Microsoft,SQL Server,2.8.14,Medium,No
A04890,vmware-vcenter-4890,VMware,vCenter,3.1.80,Medium,Yes
A04891,vmware-vcenter-4891,VMware,vCenter,2.2.43,Critical,No
A04892,cisco-meraki-4892,Cisco,Meraki,2.7.59,Critical,Yes
A04893,microsoft-sql-server-4893,Microsoft,SQL Server,4.7.15,Low,No
A04894,apache-apache-http-server-4894,Apache,Apache HTTP Server,1.6.21,Medium,Yes
A04895,cisco-ios-xe-4895,Cisco,IOS XE,10.2.91,Medium,No
A04896,linux-centos-4896,Linux,CentOS,8.0.16,Low,No
A04897,oracle-oracle-db-4897,Oracle,Oracle DB,1.3.71,High,Yes
A04898,cisco-meraki-4898,Cisco,Meraki,10.0.14,High,Yes
A04899,apache-apache-http-server-4899,Apache,Apache HTTP Server,3.8.26,Critical,No
A04900,vmware-vcenter-4900,VMware,vCenter,4.6.56,Critical,Yes
A04901,oracle-oracle-db-4901,Oracle,Oracle DB,1.5.5,Medium,Yes
A04902,oracle-oracle-db-4902,Oracle,Oracle DB,1.3.51,High,No
A04903,vmware-esxi-4903,VMware,ESXi,9.0.64,Medium,No
A04904,oracle-oracle-db-4904,Oracle,Oracle DB,3.3.5,Low,Yes
A04905,microsoft-exchange-server-4905,Microsoft,Exchange Server,2.9.9,High,Yes
A04906,apache-tomcat-4906,Apache,Tomcat,8.1.21,High,No
A04907,oracle-weblogic-4907,Oracle,WebLogic,8.0.61,High,No
A04908,vmware-vcenter-4908,VMware,vCenter,8.7.49,Medium,No
A04909,linux-redhat-4909,Linux,RedHat,6.5.64,Critical,No
A04910,vmware-vcenter-4910,VMware,vCenter,6.7.9,High,No
A04911,linux-redhat-4911,Linux,RedHat,1.8.59,Critical,No
A04912,linux-ubuntu-4912,Linux,Ubuntu,4.6.42,Critical,No
A04913,linux-centos-4913,Linux,CentOS,9.3.12,Low,No
A04914,linux-redhat-4914,Linux,RedHat,3.6.51,Low,Yes
A04915,apache-apache-http-server-4915,Apache,Apache HTTP Server,3.4.90,High,Yes
A04916,apache-apache-http-server-4916,Apache,Apache HTTP Server,5.9.58,Medium,No
A04917,microsoft-exchange-server-4917,Microsoft,Exchange Server,3.4.18,Medium,No
A04918,microsoft-windows-server-4918,Microsoft,Windows Server,7.7.86,Low,No
A04919,microsoft-sql-server-4919,Microsoft,SQL Server,4.3.9,Low,No
A04920,linux-redhat-4920,Linux,RedHat,2.1.26,Critical,Yes
A04921,microsoft-exchange-server-4921,Microsoft,Exchange Server,4.3.53,Critical,No
A04922,apache-apache-http-server-4922,Apache,Apache HTTP Server,8.2.52,Low,No
A04923,vmware-vcenter-4923,VMware,vCenter,7.2.64,Medium,No
A04924,cisco-ios-xe-4924,Cisco,IOS XE,10.9.31,Critical,No
A04925,vmware-esxi-4925,VMware,ESXi,9.6.12,Low,Yes
A04926,oracle-oracle-db-4926,Oracle,Oracle DB,8.8.50,Medium,No
A04927,apache-apache-http-server-4927,Apache,Apache HTTP Server,9.4.16,Critical,No
A04928,linux-redhat-4928,Linux,RedHat,10.5.71,High,No
A04929,cisco-asa-4929,Cisco,ASA,3.7.54,Critical,Yes
A04930,oracle-weblogic-4930,Oracle,WebLogic,3.6.30,High,Yes
A04931,oracle-weblogic-4931,Oracle,WebLogic,3.4.16,High,Yes
A04932,apache-apache-http-server-4932,Apache,Apache HTTP Server,1.2.86,High,No
A04933,cisco-ios-xe-4933,Cisco,IOS XE,5.2.88,High,Yes
A04934,apache-apache-http-server-4934,Apache,Apache HTTP Server,5.6.37,Medium,No
A04935,linux-centos-4935,Linux,CentOS,2.8.74,Critical,No
A04936,apache-apache-http-server-4936,Apache,Apache HTTP Server,2.7.25,Critical,No
A04937,oracle-weblogic-4937,Oracle,WebLogic,2.7.75,High,No
A04938,vmware-vcenter-4938,VMware,vCenter,7.1.13,Critical,No
A04939,microsoft-sql-server-4939,Microsoft,SQL Server,6.4.24,High,No
A04940,apache-tomcat-4940,Apache,Tomcat,8.9.82,Medium,No
A04941,microsoft-sql-server-4941,Microsoft,SQL Server,7.4.64,Medium,No
A04942,microsoft-exchange-server-4942,Microsoft,Exchange Server,9.4.53,High,No
A04943,apache-tomcat-4943,Apache,Tomcat,4.3.50,High,No
A04944,apache-tomcat-4944,Apache,Tomcat,1.1.77,Low,No
A04945,linux-centos-4945,Linux,CentOS,6.0.65,Critical,No
A04946,microsoft-sql-server-4946,Microsoft,SQL Server,2.1.36,High,Yes
A04947,cisco-asa-4947,Cisco,ASA,6.9.7,Medium,Yes
A04948,vmware-vcenter-4948,VMware,vCenter,10.5.16,Critical,No
A04949,cisco-meraki-4949,Cisco,Meraki,5.7.73,High,No
A04950,oracle-oracle-db-4950,Oracle,Oracle DB,4.6.78,Medium,Yes
A04951,cisco-meraki-4951,Cisco,Meraki,3.4.40,High,No
A04952,oracle-weblogic-4952,Oracle,WebLogic,7.6.14,High,Yes
A04953,oracle-weblogic-4953,Oracle,WebLogic,9.4.90,High,No
A04954,oracle-oracle-db-4954,Oracle,Oracle DB,3.1.19,High,Yes
A04955,microsoft-windows-server-4955,Microsoft,Windows Server,6.9.37,Low,No
A04956,cisco-meraki-4956,Cisco,Meraki,7.7.39,Low,No
A04957,microsoft-exchange-server-4957,Microsoft,Exchange Server,4.0.90,Medium,No
A04958,linux-centos-4958,Linux,CentOS,10.9.23,High,No
A04959,oracle-oracle-db-4959,Oracle,Oracle DB,9.2.14,Critical,No
A04960,vmware-esxi-4960,VMware,ESXi,4.7.18,High,No
A04961,oracle-weblogic-4961,Oracle,WebLogic,1.6.15,Low,No
A04962,apache-apache-http-server-4962,Apache,Apache HTTP Server,8.3.56,Medium,No
A04963,oracle-weblogic-4963,Oracle,WebLogic,2.0.52,Critical,No
A04964,linux-redhat-4964,Linux,RedHat,10.1.8,High,No
A04965,microsoft-sql-server-4965,Microsoft,SQL Server,4.0.55,Low,No
A04966,cisco-meraki-4966,Cisco,Meraki,5.9.23,Medium,No
A04967,oracle-oracle-db-4967,Oracle,Oracle DB,9.9.52,Critical,No
A04968,cisco-meraki-4968,Cisco,Meraki,1.6.33,High,No
A04969,microsoft-windows-server-4969,Microsoft,Windows Server,3.0.74,High,No
A04970,linux-centos-4970,Linux,CentOS,4.3.55,Low,No
A04971,vmware-vcenter-4971,VMware,vCenter,9.1.29,Medium,Yes
A04972,microsoft-windows-server-4972,Microsoft,Windows Server,7.3.55,Medium,No
A04973,cisco-meraki-4973,Cisco,Meraki,6.6.90,Medium,Yes
A04974,cisco-asa-4974,Cisco,ASA,7.8.68,High,Yes
A04975,oracle-oracle-db-4975,Oracle,Oracle DB,8.8.51,Medium,No
A04976,apache-tomcat-4976,Apache,Tomcat,3.8.68,Critical,No
A04977,microsoft-sql-server-4977,Microsoft,SQL Server,7.3.96,Low,No
A04978,cisco-meraki-4978,Cisco,Meraki,8.3.2,Critical,Yes
A04979,cisco-asa-4979,Cisco,ASA,10.4.90,High,Yes
A04980,cisco-ios-xe-4980,Cisco,IOS XE,2.8.32,Medium,No
A04981,oracle-weblogic-4981,Oracle,WebLogic,5.9.42,High,No
A04982,apache-tomcat-4982,Apache,Tomcat,9.1.33,High,Yes
A04983,oracle-oracle-db-4983,Oracle,Oracle DB,10.8.98,Medium,No
A04984,microsoft-windows-server-4984,Microsoft,Windows Server,2.1.74,Critical,No
A04985,linux-redhat-4985,Linux,RedHat,4.5.40,Low,No
A04986,microsoft-sql-server-4986,Microsoft,SQL Server,10.0.12,High,Yes
A04987,microsoft-sql-server-4987,Microsoft,SQL Server,8.1.61,High,No
A04988,apache-tomcat-4988,Apache,Tomcat,4.8.90,Critical,Yes
A04989,linux-centos-4989,Linux,CentOS,5.0.89,High,No
A04990,oracle-weblogic-4990,Oracle,WebLogic,10.6.44,Medium,No
A04991,linux-ubuntu-4991,Linux,Ubuntu,8.9.73,Critical,No
A04992,apache-apache-http-server-4992,Apache,Apache HTTP Server,8.1.6,Critical,No
A04993,microsoft-windows-server-4993,Microsoft,Windows Server,6.5.78,Medium,No
A04994,microsoft-exchange-server-4994,Microsoft,Exchange Server,9.4.60,Medium,No
A04995,oracle-weblogic-4995,Oracle,WebLogic,5.2.37,Critical,No
A04996,linux-centos-4996,Linux,CentOS,9.6.39,High,No
A04997,oracle-oracle-db-4997,Oracle,Oracle DB,3.6.66,Low,No
A04998,vmware-esxi-4998,VMware,ESXi,4.9.96,High,No
A04999,linux-redhat-4999,Linux,RedHat,2.7.72,Medium,No
A05000,apache-tomcat-5000,Apache,Tomcat,6.5.46,High,Yes
